tick_n,phase,status,raw_eda,raw_hr,raw_hrv
1,BASELINE,NEW_DATA,20.3053,nan,nan
2,BASELINE,NEW_DATA,20.2997,nan,nan
3,BASELINE,NEW_DATA,20.2997,nan,nan
4,BASELINE,NEW_DATA,20.2997,nan,nan
5,BASELINE,NEW_DATA,20.2928,nan,nan
6,BASELINE,NEW_DATA,20.2942,nan,nan
7,BASELINE,NEW_DATA,20.2873,nan,nan
8,BASELINE,NEW_DATA,20.2886,nan,nan
9,BASELINE,NEW_DATA,20.2859,nan,nan
10,BASELINE,NEW_DATA,20.2873,nan,nan
11,BASELINE,NEW_DATA,20.2852,nan,nan
12,BASELINE,NEW_DATA,20.2845,nan,nan
13,BASELINE,NEW_DATA,20.2845,nan,nan
14,BASELINE,NEW_DATA,20.2845,nan,nan
15,BASELINE,NEW_DATA,20.2817,nan,nan
16,BASELINE,NEW_DATA,20.2845,nan,nan
17,BASELINE,NEW_DATA,20.2997,nan,nan
18,BASELINE,NEW_DATA,20.2762,nan,nan
19,BASELINE,NEW_DATA,20.2762,nan,nan
20,BASELINE,NEW_DATA,20.2817,nan,nan
21,BASELINE,NEW_DATA,20.2734,nan,nan
22,BASELINE,NEW_DATA,20.2748,nan,nan
23,BASELINE,NEW_DATA,20.2734,nan,nan
24,BASELINE,NEW_DATA,20.2706,nan,nan
25,BASELINE,NEW_DATA,20.2692,nan,nan
26,BASELINE,NEW_DATA,20.2720,nan,nan
27,BASELINE,NEW_DATA,20.2678,nan,nan
28,BASELINE,NEW_DATA,20.2692,nan,nan
29,BASELINE,NEW_DATA,20.2692,nan,nan
30,BASELINE,NEW_DATA,20.2734,nan,nan
31,BASELINE,NEW_DATA,20.2734,nan,nan
32,BASELINE,NEW_DATA,20.2692,nan,nan
33,BASELINE,NEW_DATA,20.2748,nan,nan
34,BASELINE,NEW_DATA,20.2734,nan,nan
35,BASELINE,NEW_DATA,20.2692,nan,nan
36,BASELINE,NEW_DATA,20.2692,nan,nan
37,BASELINE,NEW_DATA,20.2609,nan,nan
38,BASELINE,NEW_DATA,20.2664,nan,nan
39,BASELINE,NEW_DATA,20.2678,nan,nan
40,BASELINE,NEW_DATA,20.2734,nan,nan
41,BASELINE,NEW_DATA,20.2678,nan,nan
42,BASELINE,NEW_DATA,20.2692,nan,nan
43,BASELINE,NEW_DATA,20.2775,nan,nan
44,BASELINE,NEW_DATA,20.2817,nan,nan
45,BASELINE,NEW_DATA,20.2789,nan,nan
46,BASELINE,NEW_DATA,20.2831,nan,nan
47,BASELINE,NEW_DATA,20.2796,nan,nan
48,BASELINE,NEW_DATA,20.2831,nan,nan
49,BASELINE,NEW_DATA,20.2984,nan,nan
50,BASELINE,NEW_DATA,20.2900,nan,nan
51,BASELINE,NEW_DATA,20.2817,nan,nan
52,BASELINE,NEW_DATA,20.2900,nan,nan
53,BASELINE,NEW_DATA,20.2997,nan,nan
54,BASELINE,NEW_DATA,20.3053,nan,nan
55,BASELINE,NEW_DATA,20.2997,nan,nan
56,BASELINE,NEW_DATA,20.3067,nan,nan
57,BASELINE,NEW_DATA,20.3136,nan,nan
58,BASELINE,NEW_DATA,20.3150,nan,nan
59,BASELINE,NEW_DATA,20.3219,nan,nan
60,BASELINE,NEW_DATA,20.3247,nan,nan
61,BASELINE,NEW_DATA,20.3275,nan,nan
62,BASELINE,NEW_DATA,20.3344,nan,nan
63,BASELINE,NEW_DATA,20.3386,nan,nan
64,BASELINE,NEW_DATA,20.3441,nan,nan
65,BASELINE,NEW_DATA,20.3524,nan,nan
66,BASELINE,NEW_DATA,20.3608,nan,nan
67,BASELINE,NEW_DATA,20.3705,nan,nan
68,BASELINE,NEW_DATA,20.3830,nan,nan
69,BASELINE,NEW_DATA,20.3982,nan,nan
70,BASELINE,NEW_DATA,20.4107,nan,nan
71,BASELINE,NEW_DATA,20.4204,nan,nan
72,BASELINE,NEW_DATA,20.4343,nan,nan
73,BASELINE,NEW_DATA,20.4523,nan,nan
74,BASELINE,NEW_DATA,20.4634,nan,nan
75,BASELINE,NEW_DATA,20.4801,nan,nan
76,BASELINE,NEW_DATA,20.4995,nan,nan
77,BASELINE,NEW_DATA,20.5189,nan,nan
78,BASELINE,NEW_DATA,20.5300,nan,nan
79,BASELINE,NEW_DATA,20.5383,nan,nan
80,BASELINE,NEW_DATA,20.5605,nan,nan
81,BASELINE,NEW_DATA,20.5897,nan,nan
82,BASELINE,NEW_DATA,20.5987,nan,nan
83,BASELINE,NEW_DATA,20.6021,nan,nan
84,BASELINE,NEW_DATA,20.6188,nan,nan
85,BASELINE,NEW_DATA,20.6424,nan,nan
86,BASELINE,NEW_DATA,20.6632,nan,nan
87,BASELINE,NEW_DATA,20.6826,nan,nan
88,BASELINE,NEW_DATA,20.7020,nan,nan
89,BASELINE,NEW_DATA,20.7325,nan,nan
90,BASELINE,NEW_DATA,20.7492,nan,nan
91,BASELINE,NEW_DATA,20.7686,nan,nan
92,BASELINE,NEW_DATA,20.7922,nan,nan
93,BASELINE,NEW_DATA,20.8102,nan,nan
94,BASELINE,NEW_DATA,20.8310,nan,nan
95,BASELINE,NEW_DATA,20.8449,nan,nan
96,BASELINE,NEW_DATA,20.8574,nan,nan
97,BASELINE,NEW_DATA,20.8782,nan,nan
98,BASELINE,NEW_DATA,20.8921,nan,nan
99,BASELINE,NEW_DATA,20.9073,92.0834,nan
100,BASELINE,NEW_DATA,20.9184,92.0834,nan
101,BASELINE,NEW_DATA,20.9364,92.0834,nan
102,BASELINE,NEW_DATA,20.9541,92.0834,nan
103,BASELINE,NEW_DATA,20.9697,92.0834,nan
104,BASELINE,NEW_DATA,20.9822,92.0834,nan
105,BASELINE,NEW_DATA,20.9975,92.0834,nan
106,BASELINE,NEW_DATA,21.0114,92.0834,nan
107,BASELINE,NEW_DATA,21.0238,92.0834,nan
108,BASELINE,NEW_DATA,21.0308,92.0834,nan
109,BASELINE,NEW_DATA,21.0349,92.0834,nan
110,BASELINE,NEW_DATA,21.0460,92.0834,nan
111,BASELINE,NEW_DATA,21.0599,92.0834,nan
112,BASELINE,NEW_DATA,21.0752,92.0834,nan
113,BASELINE,NEW_DATA,21.0932,92.0834,nan
114,BASELINE,NEW_DATA,21.0863,92.0834,nan
115,BASELINE,NEW_DATA,21.0987,92.0834,nan
116,BASELINE,NEW_DATA,21.1043,92.0834,nan
117,BASELINE,NEW_DATA,21.1140,92.0834,nan
118,BASELINE,NEW_DATA,21.1209,92.0834,nan
119,BASELINE,NEW_DATA,21.1293,92.0834,nan
120,BASELINE,NEW_DATA,21.1362,92.0834,nan
121,BASELINE,NEW_DATA,21.1404,92.0834,nan
122,BASELINE,NEW_DATA,21.1501,92.0834,nan
123,BASELINE,NEW_DATA,21.1598,92.2112,nan
124,BASELINE,NEW_DATA,21.1626,92.2112,nan
125,BASELINE,NEW_DATA,21.1639,92.2112,nan
126,BASELINE,NEW_DATA,21.1681,92.2112,nan
127,BASELINE,NEW_DATA,21.1806,92.2112,nan
128,BASELINE,NEW_DATA,21.1834,92.2112,nan
129,BASELINE,NEW_DATA,21.1861,92.2112,nan
130,BASELINE,NEW_DATA,21.1931,92.2112,nan
131,BASELINE,NEW_DATA,21.1972,92.2112,nan
132,BASELINE,NEW_DATA,21.1986,92.2112,nan
133,BASELINE,NEW_DATA,21.1986,92.2112,nan
134,BASELINE,NEW_DATA,21.2069,92.2112,nan
135,BASELINE,NEW_DATA,21.2097,92.2112,nan
136,BASELINE,NEW_DATA,21.2083,92.2112,nan
137,BASELINE,NEW_DATA,21.2208,92.2112,nan
138,BASELINE,NEW_DATA,21.2194,92.2112,nan
139,BASELINE,NEW_DATA,21.2167,92.2112,nan
140,BASELINE,NEW_DATA,21.2201,92.2112,nan
141,BASELINE,NEW_DATA,21.2236,92.2112,nan
142,BASELINE,NEW_DATA,21.2180,92.2112,nan
143,BASELINE,NEW_DATA,21.2208,92.2112,nan
144,BASELINE,NEW_DATA,21.2291,92.2112,nan
145,BASELINE,NEW_DATA,21.2305,92.2112,nan
146,BASELINE,NEW_DATA,21.2167,92.2112,nan
147,BASELINE,NEW_DATA,21.2180,92.2112,nan
148,BASELINE,NEW_DATA,21.2194,92.2112,nan
149,BASELINE,NEW_DATA,21.2264,92.2112,nan
150,BASELINE,NEW_DATA,21.2264,92.2112,nan
151,BASELINE,NEW_DATA,21.2250,92.2112,nan
152,BASELINE,NEW_DATA,21.2264,92.2112,nan
153,BASELINE,NEW_DATA,21.2264,92.2112,nan
154,BASELINE,NEW_DATA,21.2250,92.2112,nan
155,BASELINE,NEW_DATA,21.2264,92.2112,nan
156,BASELINE,NEW_DATA,21.2236,92.2112,nan
157,BASELINE,NEW_DATA,21.2222,92.2112,nan
158,BASELINE,NEW_DATA,21.2139,92.2112,nan
159,BASELINE,NEW_DATA,21.2125,92.2112,nan
160,BASELINE,NEW_DATA,21.2097,92.2112,nan
161,BASELINE,NEW_DATA,21.2014,92.2112,nan
162,BASELINE,NEW_DATA,21.2028,92.2112,nan
163,BASELINE,NEW_DATA,21.1958,92.2112,nan
164,BASELINE,NEW_DATA,21.1917,92.2112,nan
165,BASELINE,NEW_DATA,21.1889,92.2112,nan
166,BASELINE,NEW_DATA,21.1861,92.2112,nan
167,BASELINE,NEW_DATA,21.1820,92.2112,nan
168,BASELINE,NEW_DATA,21.1764,92.2112,nan
169,BASELINE,NEW_DATA,21.1764,92.2112,nan
170,BASELINE,NEW_DATA,21.1740,92.2112,nan
171,BASELINE,NEW_DATA,21.1723,92.2112,nan
172,BASELINE,NEW_DATA,21.1681,92.3450,nan
173,BASELINE,NEW_DATA,21.1626,92.3450,nan
174,BASELINE,NEW_DATA,21.1626,92.3450,nan
175,BASELINE,NEW_DATA,21.1612,92.3450,nan
176,BASELINE,NEW_DATA,21.1750,92.3450,nan
177,BASELINE,NEW_DATA,21.1556,92.3450,nan
178,BASELINE,NEW_DATA,21.1521,92.3450,nan
179,BASELINE,NEW_DATA,21.1528,92.3450,nan
180,BASELINE,NEW_DATA,21.1584,92.3450,nan
181,BASELINE,NEW_DATA,21.1528,92.3450,nan
182,BASELINE,NEW_DATA,21.1626,92.3450,nan
183,BASELINE,NEW_DATA,21.1570,92.3450,nan
184,BASELINE,NEW_DATA,21.1626,92.3450,nan
185,BASELINE,NEW_DATA,21.1626,92.3450,nan
186,BASELINE,NEW_DATA,21.1639,92.3450,nan
187,BASELINE,NEW_DATA,21.1598,92.3450,nan
188,BASELINE,NEW_DATA,21.1570,92.3450,nan
189,BASELINE,NEW_DATA,21.1542,92.3450,nan
190,BASELINE,NEW_DATA,21.1528,92.3450,nan
191,BASELINE,NEW_DATA,21.1445,92.3450,nan
192,BASELINE,NEW_DATA,21.1431,92.3450,nan
193,BASELINE,NEW_DATA,21.1431,92.3450,nan
194,BASELINE,NEW_DATA,21.1431,92.3450,nan
195,BASELINE,NEW_DATA,21.1348,92.3450,nan
196,BASELINE,NEW_DATA,21.1306,92.5547,nan
197,BASELINE,NEW_DATA,21.1293,92.5547,nan
198,BASELINE,NEW_DATA,21.1209,92.5547,nan
199,BASELINE,NEW_DATA,21.1209,92.5547,nan
200,BASELINE,NEW_DATA,21.1154,92.5547,nan
201,BASELINE,NEW_DATA,21.1140,92.5547,nan
202,BASELINE,NEW_DATA,21.1112,92.5547,nan
203,BASELINE,NEW_DATA,21.1071,92.5547,nan
204,BASELINE,NEW_DATA,21.1057,92.5547,nan
205,BASELINE,NEW_DATA,21.0946,92.5547,nan
206,BASELINE,NEW_DATA,21.1001,92.5547,nan
207,BASELINE,NEW_DATA,21.1043,92.5547,nan
208,BASELINE,NEW_DATA,21.0918,92.5547,nan
209,BASELINE,NEW_DATA,21.0779,92.5547,nan
210,BASELINE,NEW_DATA,21.0779,92.5547,nan
211,BASELINE,NEW_DATA,21.0779,92.5547,nan
212,BASELINE,NEW_DATA,21.0779,92.5547,nan
213,BASELINE,NEW_DATA,21.0682,92.5547,nan
214,BASELINE,NEW_DATA,21.0696,92.5547,nan
215,BASELINE,NEW_DATA,21.0599,92.5547,nan
216,BASELINE,NEW_DATA,21.0571,92.5547,nan
217,BASELINE,NEW_DATA,21.0599,92.5547,nan
218,BASELINE,NEW_DATA,21.0571,92.5547,nan
219,BASELINE,NEW_DATA,21.0488,92.5547,nan
220,BASELINE,NEW_DATA,21.0516,92.5547,nan
221,BASELINE,NEW_DATA,21.0446,92.3988,nan
222,BASELINE,NEW_DATA,21.0349,92.3988,nan
223,BASELINE,NEW_DATA,21.0349,92.3988,nan
224,BASELINE,NEW_DATA,21.0363,92.3988,nan
225,BASELINE,NEW_DATA,21.0280,92.3988,nan
226,BASELINE,NEW_DATA,21.0294,92.3988,nan
227,BASELINE,NEW_DATA,21.0280,92.3988,nan
228,BASELINE,NEW_DATA,21.0197,92.3988,nan
229,BASELINE,NEW_DATA,21.0127,92.3988,nan
230,BASELINE,NEW_DATA,21.0100,92.3988,nan
231,BASELINE,NEW_DATA,21.0072,92.3988,nan
232,BASELINE,NEW_DATA,21.0030,92.3988,nan
233,BASELINE,NEW_DATA,21.0044,92.3988,nan
234,BASELINE,NEW_DATA,21.0030,92.3988,nan
235,BASELINE,NEW_DATA,20.9933,92.3988,nan
236,BASELINE,NEW_DATA,20.9905,92.3988,nan
237,BASELINE,NEW_DATA,20.9836,92.3988,nan
238,BASELINE,NEW_DATA,20.9905,92.3988,nan
239,BASELINE,NEW_DATA,20.9961,92.3988,nan
240,BASELINE,NEW_DATA,20.9822,92.3988,nan
241,BASELINE,NEW_DATA,20.9753,92.3988,nan
242,BASELINE,NEW_DATA,20.9739,92.3988,nan
243,BASELINE,NEW_DATA,20.9760,92.3988,nan
244,BASELINE,NEW_DATA,20.9656,92.3988,nan
245,BASELINE,NEW_DATA,20.9725,92.3988,nan
246,BASELINE,NEW_DATA,20.9711,92.3988,nan
247,BASELINE,NEW_DATA,20.9718,92.3988,nan
248,BASELINE,NEW_DATA,20.9642,92.3988,nan
249,BASELINE,NEW_DATA,20.9656,92.3988,nan
250,BASELINE,NEW_DATA,20.9628,92.3988,nan
251,BASELINE,NEW_DATA,20.9628,92.3988,nan
252,BASELINE,NEW_DATA,20.9628,92.3988,nan
253,BASELINE,NEW_DATA,20.9573,92.3988,nan
254,BASELINE,NEW_DATA,20.9541,92.3988,nan
255,BASELINE,NEW_DATA,20.9475,92.3988,nan
256,BASELINE,NEW_DATA,20.9475,92.3988,nan
257,BASELINE,NEW_DATA,20.9517,92.3988,nan
258,BASELINE,NEW_DATA,20.9448,92.3988,nan
259,BASELINE,NEW_DATA,20.9406,92.3988,nan
260,BASELINE,NEW_DATA,20.9364,92.3988,nan
261,BASELINE,NEW_DATA,20.9351,92.3988,nan
262,BASELINE,NEW_DATA,20.9351,92.3988,nan
263,BASELINE,NEW_DATA,20.9309,92.3988,nan
264,BASELINE,NEW_DATA,20.9378,92.3988,nan
265,BASELINE,NEW_DATA,20.9323,92.3988,nan
266,BASELINE,NEW_DATA,20.9309,92.3988,nan
267,BASELINE,NEW_DATA,20.9323,92.3988,nan
268,BASELINE,NEW_DATA,20.9253,92.3988,nan
269,BASELINE,NEW_DATA,20.9253,92.2124,nan
270,BASELINE,NEW_DATA,20.9240,92.2124,nan
271,BASELINE,NEW_DATA,20.9351,92.2124,nan
272,BASELINE,NEW_DATA,20.9170,92.2124,nan
273,BASELINE,NEW_DATA,20.9156,92.2124,nan
274,BASELINE,NEW_DATA,20.9129,92.2124,nan
275,BASELINE,NEW_DATA,20.9129,92.2124,nan
276,BASELINE,NEW_DATA,20.9156,92.2124,nan
277,BASELINE,NEW_DATA,20.9129,92.2124,nan
278,BASELINE,NEW_DATA,20.9101,92.2124,nan
279,BASELINE,NEW_DATA,20.9073,92.2124,nan
280,BASELINE,NEW_DATA,20.9115,92.2124,nan
281,BASELINE,NEW_DATA,20.9087,92.2124,nan
282,BASELINE,NEW_DATA,20.9101,92.2124,nan
283,BASELINE,NEW_DATA,20.9073,92.2124,nan
284,BASELINE,NEW_DATA,20.9045,92.2124,nan
285,BASELINE,NEW_DATA,20.9018,92.2124,nan
286,BASELINE,NEW_DATA,20.8990,92.2124,nan
287,BASELINE,NEW_DATA,20.8990,92.2124,nan
288,BASELINE,NEW_DATA,20.8934,92.2124,nan
289,BASELINE,NEW_DATA,20.8921,92.2124,nan
290,BASELINE,NEW_DATA,20.8879,92.2124,nan
291,BASELINE,NEW_DATA,20.8921,92.2124,nan
292,BASELINE,NEW_DATA,20.8893,92.2124,nan
293,BASELINE,NEW_DATA,20.8921,92.0522,nan
294,BASELINE,NEW_DATA,20.8851,92.0522,nan
295,BASELINE,NEW_DATA,20.8893,92.0522,nan
296,BASELINE,NEW_DATA,20.8879,92.0522,nan
297,BASELINE,NEW_DATA,20.8907,92.0522,nan
298,BASELINE,NEW_DATA,20.8823,92.0522,nan
299,BASELINE,NEW_DATA,20.8823,92.0522,nan
300,BASELINE,NEW_DATA,20.8782,92.0522,nan
301,BASELINE,NEW_DATA,20.8726,92.0522,nan
302,BASELINE,NEW_DATA,20.8796,92.0522,nan
303,BASELINE,NEW_DATA,20.8879,92.0522,nan
304,BASELINE,NEW_DATA,20.8726,92.0522,nan
305,BASELINE,NEW_DATA,20.8671,92.0522,nan
306,BASELINE,NEW_DATA,20.8685,92.0522,nan
307,BASELINE,NEW_DATA,20.8657,92.0522,nan
308,BASELINE,NEW_DATA,20.8657,92.0522,nan
309,BASELINE,NEW_DATA,20.8657,92.0522,nan
310,BASELINE,NEW_DATA,20.8643,92.0522,nan
311,BASELINE,NEW_DATA,20.8657,92.0522,nan
312,BASELINE,NEW_DATA,20.8671,92.0522,nan
313,BASELINE,NEW_DATA,20.8685,92.0522,nan
314,BASELINE,NEW_DATA,20.8657,92.0522,nan
315,BASELINE,NEW_DATA,20.8671,92.0522,nan
316,BASELINE,NEW_DATA,20.8671,92.0522,nan
317,BASELINE,NEW_DATA,20.8643,92.0522,nan
318,BASELINE,NEW_DATA,20.8643,92.0214,nan
319,BASELINE,NEW_DATA,20.8643,92.0214,nan
320,BASELINE,NEW_DATA,20.8560,92.0214,nan
321,BASELINE,NEW_DATA,20.8574,92.0214,nan
322,BASELINE,NEW_DATA,20.8546,92.0214,nan
323,BASELINE,NEW_DATA,20.8560,92.0214,nan
324,BASELINE,NEW_DATA,20.8560,92.0214,nan
325,BASELINE,NEW_DATA,20.8546,92.0214,nan
326,BASELINE,NEW_DATA,20.8574,92.0214,nan
327,BASELINE,NEW_DATA,20.8504,92.0214,nan
328,BASELINE,NEW_DATA,20.8588,92.0214,nan
329,BASELINE,NEW_DATA,20.8560,92.0214,nan
330,BASELINE,NEW_DATA,20.8574,92.0214,nan
331,BASELINE,NEW_DATA,20.8560,92.0214,nan
332,BASELINE,NEW_DATA,20.8463,92.0214,nan
333,BASELINE,NEW_DATA,20.8560,92.0214,nan
334,BASELINE,NEW_DATA,20.8532,92.0214,nan
335,BASELINE,NEW_DATA,20.8615,92.0214,nan
336,BASELINE,NEW_DATA,20.8504,92.0214,nan
337,BASELINE,NEW_DATA,20.8518,92.0214,nan
338,BASELINE,NEW_DATA,20.8504,92.0214,nan
339,BASELINE,NEW_DATA,20.8504,92.0214,nan
340,BASELINE,NEW_DATA,20.8532,92.0214,nan
341,BASELINE,NEW_DATA,20.8532,92.0214,nan
342,BASELINE,NEW_DATA,20.8518,92.0214,nan
343,BASELINE,NEW_DATA,20.8518,92.0214,nan
344,BASELINE,NEW_DATA,20.8546,92.0214,nan
345,BASELINE,NEW_DATA,20.8546,92.0214,nan
346,BASELINE,NEW_DATA,20.8546,92.0214,nan
347,BASELINE,NEW_DATA,20.8532,92.0214,nan
348,BASELINE,NEW_DATA,20.8560,92.0214,nan
349,BASELINE,NEW_DATA,20.8546,92.0214,nan
350,BASELINE,NEW_DATA,20.8546,92.0214,nan
351,BASELINE,NEW_DATA,20.8518,92.0214,nan
352,BASELINE,NEW_DATA,20.8546,92.0214,nan
353,BASELINE,NEW_DATA,20.8518,92.0214,nan
354,BASELINE,NEW_DATA,20.8504,92.0214,nan
355,BASELINE,NEW_DATA,20.8504,92.0214,nan
356,BASELINE,NEW_DATA,20.8463,92.0214,nan
357,BASELINE,NEW_DATA,20.8439,92.0214,nan
358,BASELINE,NEW_DATA,20.8477,92.0214,nan
359,BASELINE,NEW_DATA,20.8421,92.0214,nan
360,BASELINE,NEW_DATA,20.8449,92.0214,nan
361,BASELINE,NEW_DATA,20.8463,92.0214,nan
362,BASELINE,NEW_DATA,20.8435,92.0214,nan
363,BASELINE,NEW_DATA,20.8366,92.0214,nan
364,BASELINE,NEW_DATA,20.8407,92.0214,nan
365,BASELINE,NEW_DATA,20.8380,92.0214,nan
366,BASELINE,NEW_DATA,20.8477,92.0214,nan
367,BASELINE,NEW_DATA,20.8504,92.1651,nan
368,BASELINE,NEW_DATA,20.8366,92.1651,nan
369,BASELINE,NEW_DATA,20.8352,92.1651,nan
370,BASELINE,NEW_DATA,20.8352,92.1651,nan
371,BASELINE,NEW_DATA,20.8380,92.1651,nan
372,BASELINE,NEW_DATA,20.8380,92.1651,nan
373,BASELINE,NEW_DATA,20.8393,92.1651,nan
374,BASELINE,NEW_DATA,20.8380,92.1651,nan
375,BASELINE,NEW_DATA,20.8393,92.1651,nan
376,BASELINE,NEW_DATA,20.8435,92.1651,nan
377,BASELINE,NEW_DATA,20.8449,92.1651,nan
378,BASELINE,NEW_DATA,20.8435,92.1651,nan
379,BASELINE,NEW_DATA,20.8456,92.1651,nan
380,BASELINE,NEW_DATA,20.8463,92.1651,nan
381,BASELINE,NEW_DATA,20.8449,92.1651,nan
382,BASELINE,NEW_DATA,20.8407,92.1651,nan
383,BASELINE,NEW_DATA,20.8463,92.1651,nan
384,BASELINE,NEW_DATA,20.8463,92.1651,nan
385,BASELINE,NEW_DATA,20.8463,92.1651,nan
386,BASELINE,NEW_DATA,20.8463,92.1651,nan
387,BASELINE,NEW_DATA,20.8449,92.1651,nan
388,BASELINE,NEW_DATA,20.8407,92.1651,nan
389,BASELINE,NEW_DATA,20.8407,92.1651,nan
390,BASELINE,NEW_DATA,20.8421,92.1651,nan
391,BASELINE,NEW_DATA,20.8407,92.5094,nan
392,BASELINE,NEW_DATA,20.8435,92.5094,nan
393,BASELINE,NEW_DATA,20.8393,92.5094,nan
394,BASELINE,NEW_DATA,20.8380,92.5094,nan
395,BASELINE,NEW_DATA,20.8380,92.5094,nan
396,BASELINE,NEW_DATA,20.8393,92.5094,nan
397,BASELINE,NEW_DATA,20.8546,92.5094,nan
398,BASELINE,NEW_DATA,20.8421,92.5094,nan
399,BASELINE,NEW_DATA,20.8352,92.5094,nan
400,BASELINE,NEW_DATA,20.8380,92.5094,nan
401,BASELINE,NEW_DATA,20.8366,92.5094,nan
402,BASELINE,NEW_DATA,20.8324,92.5094,nan
403,BASELINE,NEW_DATA,20.8393,92.5094,nan
404,BASELINE,NEW_DATA,20.8380,92.5094,nan
405,BASELINE,NEW_DATA,20.8393,92.5094,nan
406,BASELINE,NEW_DATA,20.8393,92.5094,nan
407,BASELINE,NEW_DATA,20.8421,92.5094,nan
408,BASELINE,NEW_DATA,20.8435,92.5094,nan
409,BASELINE,NEW_DATA,20.8421,92.5094,nan
410,BASELINE,NEW_DATA,20.8435,92.5094,nan
411,BASELINE,NEW_DATA,20.8407,92.5094,nan
412,BASELINE,NEW_DATA,20.8421,92.5094,nan
413,BASELINE,NEW_DATA,20.8421,92.5094,nan
414,BASELINE,NEW_DATA,20.8380,92.5094,nan
415,BASELINE,NEW_DATA,20.8449,92.8486,nan
416,BASELINE,NEW_DATA,20.8393,92.8486,nan
417,BASELINE,NEW_DATA,20.8449,92.8486,nan
418,BASELINE,NEW_DATA,20.8449,92.8486,nan
419,BASELINE,NEW_DATA,20.8380,92.8486,nan
420,BASELINE,NEW_DATA,20.8421,92.8486,nan
421,BASELINE,NEW_DATA,20.8407,92.8486,nan
422,BASELINE,NEW_DATA,20.8393,92.8486,nan
423,BASELINE,NEW_DATA,20.8435,92.8486,nan
424,BASELINE,NEW_DATA,20.8463,92.8486,nan
425,BASELINE,NEW_DATA,20.8421,92.8486,nan
426,BASELINE,NEW_DATA,20.8407,92.8486,nan
427,BASELINE,NEW_DATA,20.8518,92.8486,nan
428,BASELINE,NEW_DATA,20.8393,92.8486,nan
429,BASELINE,NEW_DATA,20.8380,92.8486,nan
430,BASELINE,NEW_DATA,20.8407,92.8486,nan
431,BASELINE,NEW_DATA,20.8407,92.8486,nan
432,BASELINE,NEW_DATA,20.8421,92.8486,nan
433,BASELINE,NEW_DATA,20.8407,92.8486,nan
434,BASELINE,NEW_DATA,20.8407,92.8486,nan
435,BASELINE,NEW_DATA,20.8421,92.8486,nan
436,BASELINE,NEW_DATA,20.8449,92.8486,nan
437,BASELINE,NEW_DATA,20.8463,92.8486,nan
438,BASELINE,NEW_DATA,20.8463,92.8486,nan
439,BASELINE,NEW_DATA,20.8449,92.8486,nan
440,BASELINE,NEW_DATA,20.8463,93.2987,nan
441,BASELINE,NEW_DATA,20.8435,93.2987,nan
442,BASELINE,NEW_DATA,20.8491,93.2987,nan
443,BASELINE,NEW_DATA,20.8477,93.2987,nan
444,BASELINE,NEW_DATA,20.8480,93.2987,nan
445,BASELINE,NEW_DATA,20.8518,93.2987,nan
446,BASELINE,NEW_DATA,20.8504,93.2987,nan
447,BASELINE,NEW_DATA,20.8574,93.2987,nan
448,BASELINE,NEW_DATA,20.8546,93.2987,nan
449,BASELINE,NEW_DATA,20.8574,93.2987,nan
450,BASELINE,NEW_DATA,20.8595,93.2987,nan
451,BASELINE,NEW_DATA,20.8629,93.2987,nan
452,BASELINE,NEW_DATA,20.8643,93.2987,nan
453,BASELINE,NEW_DATA,20.8643,93.2987,nan
454,BASELINE,NEW_DATA,20.8588,93.2987,nan
455,BASELINE,NEW_DATA,20.8671,93.2987,nan
456,BASELINE,NEW_DATA,20.8685,93.2987,nan
457,BASELINE,NEW_DATA,20.8782,93.2987,nan
458,BASELINE,NEW_DATA,20.8643,93.2987,nan
459,BASELINE,NEW_DATA,20.8602,93.2987,nan
460,BASELINE,NEW_DATA,20.8629,93.2987,nan
461,BASELINE,NEW_DATA,20.8685,93.2987,nan
462,BASELINE,NEW_DATA,20.8685,93.2987,nan
463,BASELINE,NEW_DATA,20.8657,93.2987,nan
464,BASELINE,NEW_DATA,20.8657,93.6892,nan
465,BASELINE,NEW_DATA,20.8699,93.6892,nan
466,BASELINE,NEW_DATA,20.8726,93.6892,nan
467,BASELINE,NEW_DATA,20.8685,93.6892,nan
468,BASELINE,NEW_DATA,20.8726,93.6892,nan
469,BASELINE,NEW_DATA,20.8699,93.6892,nan
470,BASELINE,NEW_DATA,20.8740,93.6892,nan
471,BASELINE,NEW_DATA,20.8712,93.6892,nan
472,BASELINE,NEW_DATA,20.8699,93.6892,nan
473,BASELINE,NEW_DATA,20.8726,93.6892,nan
474,BASELINE,NEW_DATA,20.8740,93.6892,nan
475,BASELINE,NEW_DATA,20.8685,93.6892,nan
476,BASELINE,NEW_DATA,20.8726,93.6892,nan
477,BASELINE,NEW_DATA,20.8726,93.6892,nan
478,BASELINE,NEW_DATA,20.8712,93.6892,nan
479,BASELINE,NEW_DATA,20.8740,93.6892,nan
480,BASELINE,NEW_DATA,20.8740,93.6892,nan
481,BASELINE,NEW_DATA,20.8726,93.6892,nan
482,BASELINE,NEW_DATA,20.8712,93.6892,nan
483,BASELINE,NEW_DATA,20.8712,93.6892,nan
484,BASELINE,NEW_DATA,20.8754,93.6892,nan
485,BASELINE,NEW_DATA,20.8685,93.6892,nan
486,BASELINE,NEW_DATA,20.8823,93.6892,nan
487,BASELINE,NEW_DATA,20.8699,93.6892,nan
488,BASELINE,NEW_DATA,20.8685,93.6892,nan
489,BASELINE,NEW_DATA,20.8726,93.6892,nan
490,BASELINE,NEW_DATA,20.8650,93.6892,nan
491,BASELINE,NEW_DATA,20.8671,93.6892,nan
492,BASELINE,NEW_DATA,20.8685,93.6892,nan
493,BASELINE,NEW_DATA,20.8685,93.6892,nan
494,BASELINE,NEW_DATA,20.8733,93.6892,nan
495,BASELINE,NEW_DATA,20.8685,93.6892,nan
496,BASELINE,NEW_DATA,20.8740,93.6892,nan
497,BASELINE,NEW_DATA,20.8740,93.6892,nan
498,BASELINE,NEW_DATA,20.8726,93.6892,nan
499,BASELINE,NEW_DATA,20.8768,93.6892,nan
500,BASELINE,NEW_DATA,20.8740,93.6892,nan
501,BASELINE,NEW_DATA,20.8685,93.6892,nan
502,BASELINE,NEW_DATA,20.8740,93.6892,nan
503,BASELINE,NEW_DATA,20.8740,93.6892,nan
504,BASELINE,NEW_DATA,20.8699,93.6892,nan
505,BASELINE,NEW_DATA,20.8685,93.6892,nan
506,BASELINE,NEW_DATA,20.8671,93.6892,nan
507,BASELINE,NEW_DATA,20.8657,93.6892,nan
508,BASELINE,NEW_DATA,20.8685,93.6892,nan
509,BASELINE,NEW_DATA,20.8685,93.6892,nan
510,BASELINE,NEW_DATA,20.8699,93.6892,nan
511,BASELINE,NEW_DATA,20.8615,93.6892,nan
512,BASELINE,NEW_DATA,20.8602,93.6892,nan
513,BASELINE,NEW_DATA,20.8588,94.2199,nan
514,BASELINE,NEW_DATA,20.8560,94.2199,nan
515,BASELINE,NEW_DATA,20.8699,94.2199,nan
516,BASELINE,NEW_DATA,20.8574,94.2199,nan
517,BASELINE,NEW_DATA,20.8560,94.2199,nan
518,BASELINE,NEW_DATA,20.8546,94.2199,nan
519,BASELINE,NEW_DATA,20.8588,94.2199,nan
520,BASELINE,NEW_DATA,20.8643,94.2199,nan
521,BASELINE,NEW_DATA,20.8643,94.2199,nan
522,BASELINE,NEW_DATA,20.8671,94.2199,nan
523,BASELINE,NEW_DATA,20.8671,94.2199,nan
524,BASELINE,NEW_DATA,20.8712,94.2199,nan
525,BASELINE,NEW_DATA,20.8712,94.2199,nan
526,BASELINE,NEW_DATA,20.8685,94.2199,nan
527,BASELINE,NEW_DATA,20.8740,94.2199,nan
528,BASELINE,NEW_DATA,20.8671,94.2199,nan
529,BASELINE,NEW_DATA,20.8685,94.2199,nan
530,BASELINE,NEW_DATA,20.8685,94.2199,nan
531,BASELINE,NEW_DATA,20.8657,94.2199,nan
532,BASELINE,NEW_DATA,20.8685,94.2199,nan
533,BASELINE,NEW_DATA,20.8671,94.2199,nan
534,BASELINE,NEW_DATA,20.8685,94.2199,nan
535,BASELINE,NEW_DATA,20.8650,94.2199,nan
536,BASELINE,NEW_DATA,20.8685,94.2199,nan
537,BASELINE,NEW_DATA,20.8712,94.2199,nan
538,BASELINE,NEW_DATA,20.8712,94.7294,nan
539,BASELINE,NEW_DATA,20.8712,94.7294,nan
540,BASELINE,NEW_DATA,20.8740,94.7294,nan
541,BASELINE,NEW_DATA,20.8740,94.7294,nan
542,BASELINE,NEW_DATA,20.8782,94.7294,nan
543,BASELINE,NEW_DATA,20.8934,94.7294,nan
544,BASELINE,NEW_DATA,20.8851,94.7294,nan
545,BASELINE,NEW_DATA,20.8823,94.7294,nan
546,BASELINE,NEW_DATA,20.8907,94.7294,nan
547,BASELINE,NEW_DATA,20.8893,94.7294,nan
548,BASELINE,NEW_DATA,20.8893,94.7294,nan
549,BASELINE,NEW_DATA,20.8907,94.7294,nan
550,BASELINE,NEW_DATA,20.8921,94.7294,nan
551,BASELINE,NEW_DATA,20.8948,94.7294,nan
552,BASELINE,NEW_DATA,20.9018,94.7294,nan
553,BASELINE,NEW_DATA,20.9018,94.7294,nan
554,BASELINE,NEW_DATA,20.9004,94.7294,nan
555,BASELINE,NEW_DATA,20.9018,94.7294,nan
556,BASELINE,NEW_DATA,20.9059,94.7294,nan
557,BASELINE,NEW_DATA,20.9059,94.7294,nan
558,BASELINE,NEW_DATA,20.9115,94.7294,nan
559,BASELINE,NEW_DATA,20.9087,94.7294,nan
560,BASELINE,NEW_DATA,20.9115,94.7294,nan
561,BASELINE,NEW_DATA,20.9101,94.7294,nan
562,BASELINE,NEW_DATA,20.9087,95.1828,nan
563,BASELINE,NEW_DATA,20.9129,95.1828,nan
564,BASELINE,NEW_DATA,20.9115,95.1828,nan
565,BASELINE,NEW_DATA,20.9184,95.1828,nan
566,BASELINE,NEW_DATA,20.9295,95.1828,nan
567,BASELINE,NEW_DATA,20.9295,95.1828,nan
568,BASELINE,NEW_DATA,20.9240,95.1828,nan
569,BASELINE,NEW_DATA,20.9198,95.1828,nan
570,BASELINE,NEW_DATA,20.9143,95.1828,nan
571,BASELINE,NEW_DATA,20.9212,95.1828,nan
572,BASELINE,NEW_DATA,20.9240,95.1828,nan
573,BASELINE,NEW_DATA,20.9156,95.1828,nan
574,BASELINE,NEW_DATA,20.9129,95.1828,nan
575,BASELINE,NEW_DATA,20.9101,95.1828,nan
576,BASELINE,NEW_DATA,20.9087,95.1828,nan
577,BASELINE,NEW_DATA,20.9101,95.1828,nan
578,BASELINE,NEW_DATA,20.9101,95.1828,nan
579,BASELINE,NEW_DATA,20.9087,95.1828,nan
580,BASELINE,NEW_DATA,20.9087,95.1828,nan
581,BASELINE,NEW_DATA,20.9129,95.1828,nan
582,BASELINE,NEW_DATA,20.9184,95.1828,nan
583,BASELINE,NEW_DATA,20.9198,95.1828,nan
584,BASELINE,NEW_DATA,20.9253,95.1828,nan
585,BASELINE,NEW_DATA,20.9240,95.7795,nan
586,BASELINE,NEW_DATA,20.9253,95.7795,nan
587,BASELINE,NEW_DATA,20.9240,95.7795,nan
588,BASELINE,NEW_DATA,20.9323,95.7795,nan
589,BASELINE,NEW_DATA,20.9351,95.7795,nan
590,BASELINE,NEW_DATA,20.9420,95.7795,nan
591,BASELINE,NEW_DATA,20.9406,95.7795,nan
592,BASELINE,NEW_DATA,20.9392,95.7795,nan
593,BASELINE,NEW_DATA,20.9392,95.7795,nan
594,BASELINE,NEW_DATA,20.9337,95.7795,nan
595,BASELINE,NEW_DATA,20.9337,95.7795,nan
596,BASELINE,NEW_DATA,20.9364,95.7795,nan
597,BASELINE,NEW_DATA,20.9378,95.7795,nan
598,BASELINE,NEW_DATA,20.9489,95.7795,nan
599,BASELINE,NEW_DATA,20.9531,95.7795,nan
600,BASELINE,NEW_DATA,20.9462,95.7795,nan
601,BASELINE,NEW_DATA,20.9364,95.7795,nan
602,BASELINE,NEW_DATA,20.9309,95.7795,nan
603,BASELINE,NEW_DATA,20.9378,95.7795,nan
604,BASELINE,NEW_DATA,20.9392,95.7795,nan
605,BASELINE,NEW_DATA,20.9434,95.7795,nan
606,BASELINE,NEW_DATA,20.9420,95.7795,nan
607,BASELINE,NEW_DATA,20.9406,95.7795,nan
608,BASELINE,NEW_DATA,20.9364,95.7795,nan
609,BASELINE,NEW_DATA,20.9392,95.7795,nan
610,BASELINE,NEW_DATA,20.9392,96.2614,nan
611,BASELINE,NEW_DATA,20.9351,96.2614,nan
612,BASELINE,NEW_DATA,20.9392,96.2614,nan
613,BASELINE,NEW_DATA,20.9420,96.2614,nan
614,BASELINE,NEW_DATA,20.9434,96.2614,nan
615,BASELINE,NEW_DATA,20.9475,96.2614,nan
616,BASELINE,NEW_DATA,20.9531,96.2614,nan
617,BASELINE,NEW_DATA,20.9573,96.2614,nan
618,BASELINE,NEW_DATA,20.9628,96.2614,nan
619,BASELINE,NEW_DATA,20.9656,96.2614,nan
620,BASELINE,NEW_DATA,20.9711,96.2614,nan
621,BASELINE,NEW_DATA,20.9794,96.2614,nan
622,BASELINE,NEW_DATA,20.9794,96.2614,nan
623,BASELINE,NEW_DATA,20.9808,96.2614,nan
624,BASELINE,NEW_DATA,20.9836,96.2614,nan
625,BASELINE,NEW_DATA,20.9864,96.2614,nan
626,BASELINE,NEW_DATA,21.0016,96.2614,nan
627,BASELINE,NEW_DATA,21.0044,96.2614,nan
628,BASELINE,NEW_DATA,20.9989,96.2614,nan
629,BASELINE,NEW_DATA,21.0016,96.2614,nan
630,BASELINE,NEW_DATA,21.0072,96.2614,nan
631,BASELINE,NEW_DATA,21.0114,96.2614,nan
632,BASELINE,NEW_DATA,21.0141,96.2614,nan
633,BASELINE,NEW_DATA,21.0211,96.2614,nan
634,BASELINE,NEW_DATA,21.0238,96.2614,nan
635,BASELINE,NEW_DATA,21.0238,96.5282,nan
636,BASELINE,NEW_DATA,21.0294,96.5282,nan
637,BASELINE,NEW_DATA,21.0322,96.5282,nan
638,BASELINE,NEW_DATA,21.0349,96.5282,nan
639,BASELINE,NEW_DATA,21.0377,96.5282,nan
640,BASELINE,NEW_DATA,21.0488,96.5282,nan
641,BASELINE,NEW_DATA,21.0460,96.5282,nan
642,BASELINE,NEW_DATA,21.0391,96.5282,nan
643,BASELINE,NEW_DATA,21.0322,96.5282,nan
644,BASELINE,NEW_DATA,21.0322,96.5282,nan
645,BASELINE,NEW_DATA,21.0308,96.5282,nan
646,BASELINE,NEW_DATA,21.0349,96.5282,nan
647,BASELINE,NEW_DATA,21.0363,96.5282,nan
648,BASELINE,NEW_DATA,21.0419,96.5282,nan
649,BASELINE,NEW_DATA,21.0474,96.5282,nan
650,BASELINE,NEW_DATA,21.0460,96.5282,nan
651,BASELINE,NEW_DATA,21.0391,96.5282,nan
652,BASELINE,NEW_DATA,21.0446,96.5282,nan
653,BASELINE,NEW_DATA,21.0433,96.5282,nan
654,BASELINE,NEW_DATA,21.0488,96.5282,nan
655,BASELINE,NEW_DATA,21.0682,96.5282,nan
656,BASELINE,NEW_DATA,21.0544,96.5282,nan
657,BASELINE,NEW_DATA,21.0516,96.5282,nan
658,BASELINE,NEW_DATA,21.0571,96.5282,nan
659,BASELINE,NEW_DATA,21.0544,96.5282,nan
660,BASELINE,NEW_DATA,21.0530,96.5282,nan
661,BASELINE,NEW_DATA,21.0627,96.5282,nan
662,BASELINE,NEW_DATA,21.0668,96.5282,nan
663,BASELINE,NEW_DATA,21.0613,96.5282,nan
664,BASELINE,NEW_DATA,21.0696,96.5282,nan
665,BASELINE,NEW_DATA,21.0738,96.5282,nan
666,BASELINE,NEW_DATA,21.0876,96.5282,nan
667,BASELINE,NEW_DATA,21.0974,96.5282,nan
668,BASELINE,NEW_DATA,21.0946,96.5282,nan
669,BASELINE,NEW_DATA,21.0890,96.5282,nan
670,BASELINE,NEW_DATA,21.0849,96.5282,nan
671,BASELINE,NEW_DATA,21.0821,96.5282,nan
672,BASELINE,NEW_DATA,21.0821,96.5282,nan
673,BASELINE,NEW_DATA,21.0779,96.5282,nan
674,BASELINE,NEW_DATA,21.0765,96.5282,nan
675,BASELINE,NEW_DATA,21.0821,96.5282,nan
676,BASELINE,NEW_DATA,21.0835,96.5282,nan
677,BASELINE,NEW_DATA,21.0932,96.5282,nan
678,BASELINE,NEW_DATA,21.0932,96.5282,nan
679,BASELINE,NEW_DATA,21.0863,96.5282,nan
680,BASELINE,NEW_DATA,21.0807,96.5282,nan
681,BASELINE,NEW_DATA,21.0765,96.5282,nan
682,BASELINE,NEW_DATA,21.0724,96.5282,nan
683,BASELINE,NEW_DATA,21.0752,96.8262,nan
684,BASELINE,NEW_DATA,21.0724,96.8262,nan
685,BASELINE,NEW_DATA,21.0613,96.8262,nan
686,BASELINE,NEW_DATA,21.0599,96.8262,nan
687,BASELINE,NEW_DATA,21.0557,96.8262,nan
688,BASELINE,NEW_DATA,21.0557,96.8262,nan
689,BASELINE,NEW_DATA,21.0557,96.8262,nan
690,BASELINE,NEW_DATA,21.0544,96.8262,nan
691,BASELINE,NEW_DATA,21.0571,96.8262,nan
692,BASELINE,NEW_DATA,21.0613,96.8262,nan
693,BASELINE,NEW_DATA,21.0655,96.8262,nan
694,BASELINE,NEW_DATA,21.0655,96.8262,nan
695,BASELINE,NEW_DATA,21.0738,96.8262,nan
696,BASELINE,NEW_DATA,21.0738,96.8262,nan
697,BASELINE,NEW_DATA,21.0793,96.8262,nan
698,BASELINE,NEW_DATA,21.0793,96.8262,nan
699,BASELINE,NEW_DATA,21.0765,96.8262,nan
700,BASELINE,NEW_DATA,21.0710,96.8262,nan
701,BASELINE,NEW_DATA,21.0668,96.8262,nan
702,BASELINE,NEW_DATA,21.0599,96.8262,nan
703,BASELINE,NEW_DATA,21.0613,96.8262,nan
704,BASELINE,NEW_DATA,21.0627,96.8262,nan
705,BASELINE,NEW_DATA,21.0668,96.8262,nan
706,BASELINE,NEW_DATA,21.0655,96.8262,nan
707,BASELINE,NEW_DATA,21.0696,96.8262,nan
708,BASELINE,NEW_DATA,21.0738,96.9936,nan
709,BASELINE,NEW_DATA,21.0710,96.9936,nan
710,BASELINE,NEW_DATA,21.0696,96.9936,nan
711,BASELINE,NEW_DATA,21.0738,96.9936,nan
712,BASELINE,NEW_DATA,21.0807,96.9936,nan
713,BASELINE,NEW_DATA,21.0863,96.9936,nan
714,BASELINE,NEW_DATA,21.0752,96.9936,nan
715,BASELINE,NEW_DATA,21.0765,96.9936,nan
716,BASELINE,NEW_DATA,21.0765,96.9936,nan
717,BASELINE,NEW_DATA,21.0765,96.9936,nan
718,BASELINE,NEW_DATA,21.0793,96.9936,nan
719,BASELINE,NEW_DATA,21.0821,96.9936,nan
720,BASELINE,NEW_DATA,21.0807,96.9936,nan
721,BASELINE,NEW_DATA,21.0807,96.9936,nan
722,BASELINE,NEW_DATA,21.0876,96.9936,nan
723,BASELINE,NEW_DATA,21.0890,96.9936,nan
724,BASELINE,NEW_DATA,21.1001,96.9936,nan
725,BASELINE,NEW_DATA,21.1043,96.9936,nan
726,BASELINE,NEW_DATA,21.1071,96.9936,nan
727,BASELINE,NEW_DATA,21.0987,96.9936,nan
728,BASELINE,NEW_DATA,21.1029,96.9936,nan
729,BASELINE,NEW_DATA,21.0946,96.9936,nan
730,BASELINE,NEW_DATA,21.0960,96.9936,nan
731,BASELINE,NEW_DATA,21.1029,96.9936,nan
732,BASELINE,NEW_DATA,21.0987,97.0177,nan
733,BASELINE,NEW_DATA,21.0987,97.0177,nan
734,BASELINE,NEW_DATA,21.0974,97.0177,nan
735,BASELINE,NEW_DATA,21.0987,97.0177,nan
736,BASELINE,NEW_DATA,21.1001,97.0177,nan
737,BASELINE,NEW_DATA,21.0946,97.0177,nan
738,BASELINE,NEW_DATA,21.0946,97.0177,nan
739,BASELINE,NEW_DATA,21.0946,97.0177,nan
740,BASELINE,NEW_DATA,21.1043,97.0177,nan
741,BASELINE,NEW_DATA,21.1001,97.0177,nan
742,BASELINE,NEW_DATA,21.1071,97.0177,nan
743,BASELINE,NEW_DATA,21.1154,97.0177,nan
744,BASELINE,NEW_DATA,21.0987,97.0177,nan
745,BASELINE,NEW_DATA,21.1015,97.0177,nan
746,BASELINE,NEW_DATA,21.0987,97.0177,nan
747,BASELINE,NEW_DATA,21.1057,97.0177,nan
748,BASELINE,NEW_DATA,21.1043,97.0177,nan
749,BASELINE,NEW_DATA,21.1001,97.0177,nan
750,BASELINE,NEW_DATA,21.1001,97.0177,nan
751,BASELINE,NEW_DATA,21.0974,97.0177,nan
752,BASELINE,NEW_DATA,21.0946,97.0177,nan
753,BASELINE,NEW_DATA,21.0960,97.0177,nan
754,BASELINE,NEW_DATA,21.0974,97.0177,nan
755,BASELINE,NEW_DATA,21.0960,97.0177,nan
756,BASELINE,NEW_DATA,21.0932,96.9408,nan
757,BASELINE,NEW_DATA,21.0946,96.9408,nan
758,BASELINE,NEW_DATA,21.0904,96.9408,nan
759,BASELINE,NEW_DATA,21.0946,96.9408,nan
760,BASELINE,NEW_DATA,21.0960,96.9408,nan
761,BASELINE,NEW_DATA,21.0932,96.9408,nan
762,BASELINE,NEW_DATA,21.0932,96.9408,nan
763,BASELINE,NEW_DATA,21.0946,96.9408,nan
764,BASELINE,NEW_DATA,21.0932,96.9408,nan
765,BASELINE,NEW_DATA,21.0960,96.9408,nan
766,BASELINE,NEW_DATA,21.0946,96.9408,nan
767,BASELINE,NEW_DATA,21.0987,96.9408,nan
768,BASELINE,NEW_DATA,21.0974,96.9408,nan
769,BASELINE,NEW_DATA,21.0960,96.9408,nan
770,BASELINE,NEW_DATA,21.0904,96.9408,nan
771,BASELINE,NEW_DATA,21.0904,96.9408,nan
772,BASELINE,NEW_DATA,21.0918,96.9408,nan
773,BASELINE,NEW_DATA,21.1085,96.9408,nan
774,BASELINE,NEW_DATA,21.0890,96.9408,nan
775,BASELINE,NEW_DATA,21.0849,96.9408,nan
776,BASELINE,NEW_DATA,21.0821,96.9408,nan
777,BASELINE,NEW_DATA,21.0793,96.9408,nan
778,BASELINE,NEW_DATA,21.0793,96.9408,nan
779,BASELINE,NEW_DATA,21.0849,96.9408,nan
780,BASELINE,NEW_DATA,21.0765,96.9408,nan
781,BASELINE,NEW_DATA,21.0821,96.9408,nan
782,BASELINE,NEW_DATA,21.0821,96.9408,nan
783,BASELINE,NEW_DATA,21.0793,96.9408,nan
784,BASELINE,NEW_DATA,21.0904,96.9408,nan
785,BASELINE,NEW_DATA,21.0849,96.9408,nan
786,BASELINE,NEW_DATA,21.0835,96.9408,nan
787,BASELINE,NEW_DATA,21.0849,96.9408,nan
788,BASELINE,NEW_DATA,21.0821,96.9408,nan
789,BASELINE,NEW_DATA,21.0863,96.9408,nan
790,BASELINE,NEW_DATA,21.0835,96.9408,nan
791,BASELINE,NEW_DATA,21.0849,96.9408,nan
792,BASELINE,NEW_DATA,21.0863,96.9408,nan
793,BASELINE,NEW_DATA,21.0849,96.9408,nan
794,BASELINE,NEW_DATA,21.0779,96.9408,nan
795,BASELINE,NEW_DATA,21.0793,96.9408,nan
796,BASELINE,NEW_DATA,21.0793,96.9408,nan
797,BASELINE,NEW_DATA,21.0765,96.9408,nan
798,BASELINE,NEW_DATA,21.0738,96.9408,nan
799,BASELINE,NEW_DATA,21.0779,96.9408,nan
800,BASELINE,NEW_DATA,21.0779,96.9408,nan
801,BASELINE,NEW_DATA,21.0710,96.9408,nan
802,BASELINE,NEW_DATA,21.0752,96.9408,nan
803,BASELINE,NEW_DATA,21.0724,96.9408,nan
804,BASELINE,NEW_DATA,21.0904,96.9408,nan
805,BASELINE,NEW_DATA,21.0668,96.8990,nan
806,BASELINE,NEW_DATA,21.0655,96.8990,nan
807,BASELINE,NEW_DATA,21.0668,96.8990,nan
808,BASELINE,NEW_DATA,21.0655,96.8990,nan
809,BASELINE,NEW_DATA,21.0710,96.8990,nan
810,BASELINE,NEW_DATA,21.0627,96.8990,nan
811,BASELINE,NEW_DATA,21.0641,96.8990,nan
812,BASELINE,NEW_DATA,21.0627,96.8990,nan
813,BASELINE,NEW_DATA,21.0599,96.8990,nan
814,BASELINE,NEW_DATA,21.0641,96.8990,nan
815,BASELINE,NEW_DATA,21.0599,96.8990,nan
816,BASELINE,NEW_DATA,21.0599,96.8990,nan
817,BASELINE,NEW_DATA,21.0571,96.8990,nan
818,BASELINE,NEW_DATA,21.0557,96.8990,nan
819,BASELINE,NEW_DATA,21.0571,96.8990,nan
820,BASELINE,NEW_DATA,21.0571,96.8990,nan
821,BASELINE,NEW_DATA,21.0613,96.8990,nan
822,BASELINE,NEW_DATA,21.0613,96.8990,nan
823,BASELINE,NEW_DATA,21.0599,96.8990,nan
824,BASELINE,NEW_DATA,21.0585,96.8990,nan
825,BASELINE,NEW_DATA,21.0571,96.8990,nan
826,BASELINE,NEW_DATA,21.0627,96.8990,nan
827,BASELINE,NEW_DATA,21.0571,96.8990,nan
828,BASELINE,NEW_DATA,21.0599,96.8990,nan
829,BASELINE,NEW_DATA,21.0585,96.8990,nan
830,BASELINE,NEW_DATA,21.0557,96.8322,nan
831,BASELINE,NEW_DATA,21.0585,96.8322,nan
832,BASELINE,NEW_DATA,21.0488,96.8322,nan
833,BASELINE,NEW_DATA,21.0474,96.8322,nan
834,BASELINE,NEW_DATA,21.0557,96.8322,nan
835,BASELINE,NEW_DATA,21.0627,96.8322,nan
836,BASELINE,NEW_DATA,21.0419,96.8322,nan
837,BASELINE,NEW_DATA,21.0391,96.8322,nan
838,BASELINE,NEW_DATA,21.0433,96.8322,nan
839,BASELINE,NEW_DATA,21.0405,96.8322,nan
840,BASELINE,NEW_DATA,21.0419,96.8322,nan
841,BASELINE,NEW_DATA,21.0377,96.8322,nan
842,BASELINE,NEW_DATA,21.0405,96.8322,nan
843,BASELINE,NEW_DATA,21.0405,96.8322,nan
844,BASELINE,NEW_DATA,21.0433,96.8322,nan
845,BASELINE,NEW_DATA,21.0426,96.8322,nan
846,BASELINE,NEW_DATA,21.0488,96.8322,nan
847,BASELINE,NEW_DATA,21.0460,96.8322,nan
848,BASELINE,NEW_DATA,21.0516,96.8322,nan
849,BASELINE,NEW_DATA,21.0460,96.8322,nan
850,BASELINE,NEW_DATA,21.0530,96.8322,nan
851,BASELINE,NEW_DATA,21.0516,96.8322,nan
852,BASELINE,NEW_DATA,21.0557,96.8322,nan
853,BASELINE,NEW_DATA,21.0571,96.8322,nan
854,BASELINE,NEW_DATA,21.0544,96.7701,nan
855,BASELINE,NEW_DATA,21.0571,96.7701,nan
856,BASELINE,NEW_DATA,21.0585,96.7701,nan
857,BASELINE,NEW_DATA,21.0599,96.7701,nan
858,BASELINE,NEW_DATA,21.0599,96.7701,nan
859,BASELINE,NEW_DATA,21.0627,96.7701,nan
860,BASELINE,NEW_DATA,21.0641,96.7701,nan
861,BASELINE,NEW_DATA,21.0557,96.7701,nan
862,BASELINE,NEW_DATA,21.0627,96.7701,nan
863,BASELINE,NEW_DATA,21.0641,96.7701,nan
864,BASELINE,NEW_DATA,21.0571,96.7701,nan
865,BASELINE,NEW_DATA,21.0738,96.7701,nan
866,BASELINE,NEW_DATA,21.0571,96.7701,nan
867,BASELINE,NEW_DATA,21.0557,96.7701,nan
868,BASELINE,NEW_DATA,21.0544,96.7701,nan
869,BASELINE,NEW_DATA,21.0544,96.7701,nan
870,BASELINE,NEW_DATA,21.0571,96.7701,nan
871,BASELINE,NEW_DATA,21.0585,96.7701,nan
872,BASELINE,NEW_DATA,21.0627,96.7701,nan
873,BASELINE,NEW_DATA,21.0585,96.7701,nan
874,BASELINE,NEW_DATA,21.0585,96.7701,nan
875,BASELINE,NEW_DATA,21.0571,96.7701,nan
876,BASELINE,NEW_DATA,21.0571,96.7701,nan
877,BASELINE,NEW_DATA,21.0571,96.7701,nan
878,BASELINE,NEW_DATA,21.0613,96.7491,nan
879,BASELINE,NEW_DATA,21.0627,96.7491,nan
880,BASELINE,NEW_DATA,21.0627,96.7491,nan
881,BASELINE,NEW_DATA,21.0682,96.7491,nan
882,BASELINE,NEW_DATA,21.0655,96.7491,nan
883,BASELINE,NEW_DATA,21.0627,96.7491,nan
884,BASELINE,NEW_DATA,21.0710,96.7491,nan
885,BASELINE,NEW_DATA,21.0655,96.7491,nan
886,BASELINE,NEW_DATA,21.0738,96.7491,nan
887,BASELINE,NEW_DATA,21.0710,96.7491,nan
888,BASELINE,NEW_DATA,21.0655,96.7491,nan
889,BASELINE,NEW_DATA,21.0696,96.7491,nan
890,BASELINE,NEW_DATA,21.0696,96.7491,nan
891,BASELINE,NEW_DATA,21.0710,96.7491,nan
892,BASELINE,NEW_DATA,21.0738,96.7491,nan
893,BASELINE,NEW_DATA,21.0752,96.7491,nan
894,BASELINE,NEW_DATA,21.0765,96.7491,nan
895,BASELINE,NEW_DATA,21.0849,96.7491,nan
896,BASELINE,NEW_DATA,21.0946,96.7491,nan
897,BASELINE,NEW_DATA,21.0821,96.7491,nan
898,BASELINE,NEW_DATA,21.0890,96.7491,nan
899,BASELINE,NEW_DATA,21.0918,96.7491,nan
900,BASELINE,NEW_DATA,21.0946,96.7491,nan
901,BASELINE,NEW_DATA,21.0987,96.7491,nan
902,BASELINE,NEW_DATA,21.1085,96.7491,nan
903,BASELINE,NEW_DATA,21.1001,96.7491,nan
904,BASELINE,NEW_DATA,21.1043,96.7491,nan
905,BASELINE,NEW_DATA,21.1057,96.7491,nan
906,BASELINE,NEW_DATA,21.1071,96.7491,nan
907,BASELINE,NEW_DATA,21.1140,96.7491,nan
908,BASELINE,NEW_DATA,21.1085,96.7491,nan
909,BASELINE,NEW_DATA,21.1140,96.7491,nan
910,BASELINE,NEW_DATA,21.1126,96.7491,nan
911,BASELINE,NEW_DATA,21.1126,96.7491,nan
912,BASELINE,NEW_DATA,21.1126,96.7491,nan
913,BASELINE,NEW_DATA,21.1112,96.7491,nan
914,BASELINE,NEW_DATA,21.1154,96.7491,nan
915,BASELINE,NEW_DATA,21.1182,96.7491,nan
916,BASELINE,NEW_DATA,21.1168,96.7491,nan
917,BASELINE,NEW_DATA,21.1154,96.7491,nan
918,BASELINE,NEW_DATA,21.1140,96.7491,nan
919,BASELINE,NEW_DATA,21.1237,96.7491,nan
920,BASELINE,NEW_DATA,21.1182,96.7491,nan
921,BASELINE,NEW_DATA,21.1209,96.7491,nan
922,BASELINE,NEW_DATA,21.1209,96.7491,nan
923,BASELINE,NEW_DATA,21.1237,96.7491,nan
924,BASELINE,NEW_DATA,21.1265,96.7491,nan
925,BASELINE,NEW_DATA,21.1317,96.7491,nan
926,BASELINE,NEW_DATA,21.1417,96.7491,nan
927,BASELINE,NEW_DATA,21.1293,96.7606,nan
928,BASELINE,NEW_DATA,21.1251,96.7606,nan
929,BASELINE,NEW_DATA,21.1334,96.7606,nan
930,BASELINE,NEW_DATA,21.1348,96.7606,nan
931,BASELINE,NEW_DATA,21.1334,96.7606,nan
932,BASELINE,NEW_DATA,21.1362,96.7606,nan
933,BASELINE,NEW_DATA,21.1348,96.7606,nan
934,BASELINE,NEW_DATA,21.1341,96.7606,nan
935,BASELINE,NEW_DATA,21.1306,96.7606,nan
936,BASELINE,NEW_DATA,21.1317,96.7606,nan
937,BASELINE,NEW_DATA,21.1237,96.7606,nan
938,BASELINE,NEW_DATA,21.1293,96.7606,nan
939,BASELINE,NEW_DATA,21.1182,96.7606,nan
940,BASELINE,NEW_DATA,21.1168,96.7606,nan
941,BASELINE,NEW_DATA,21.1126,96.7606,nan
942,BASELINE,NEW_DATA,21.1154,96.7606,nan
943,BASELINE,NEW_DATA,21.1126,96.7606,nan
944,BASELINE,NEW_DATA,21.1071,96.7606,nan
945,BASELINE,NEW_DATA,21.1098,96.7606,nan
946,BASELINE,NEW_DATA,21.1029,96.7606,nan
947,BASELINE,NEW_DATA,21.1001,96.7606,nan
948,BASELINE,NEW_DATA,21.1015,96.7606,nan
949,BASELINE,NEW_DATA,21.1029,96.7606,nan
950,BASELINE,NEW_DATA,21.0960,96.7606,nan
951,BASELINE,NEW_DATA,21.0946,96.8652,nan
952,BASELINE,NEW_DATA,21.0946,96.8652,nan
953,BASELINE,NEW_DATA,21.0890,96.8652,nan
954,BASELINE,NEW_DATA,21.0987,96.8652,nan
955,BASELINE,NEW_DATA,21.1043,96.8652,nan
956,BASELINE,NEW_DATA,21.0849,96.8652,nan
957,BASELINE,NEW_DATA,21.0904,96.8652,nan
958,BASELINE,NEW_DATA,21.0870,96.8652,nan
959,BASELINE,NEW_DATA,21.0890,96.8652,nan
960,BASELINE,NEW_DATA,21.0890,96.8652,nan
961,BASELINE,NEW_DATA,21.0946,96.8652,nan
962,BASELINE,NEW_DATA,21.0932,96.8652,nan
963,BASELINE,NEW_DATA,21.0960,96.8652,nan
964,BASELINE,NEW_DATA,21.0987,96.8652,nan
965,BASELINE,NEW_DATA,21.0960,96.8652,nan
966,BASELINE,NEW_DATA,21.1001,96.8652,nan
967,BASELINE,NEW_DATA,21.0974,96.8652,nan
968,BASELINE,NEW_DATA,21.1001,96.8652,nan
969,BASELINE,NEW_DATA,21.1001,96.8652,nan
970,BASELINE,NEW_DATA,21.1001,96.8652,nan
971,BASELINE,NEW_DATA,21.0960,96.8652,nan
972,BASELINE,NEW_DATA,21.1029,96.8652,nan
973,BASELINE,NEW_DATA,21.1029,96.8652,nan
974,BASELINE,NEW_DATA,21.1001,96.8652,nan
975,BASELINE,NEW_DATA,21.1001,97.0486,nan
976,BASELINE,NEW_DATA,21.1001,97.0486,nan
977,BASELINE,NEW_DATA,21.1043,97.0486,nan
978,BASELINE,NEW_DATA,21.1057,97.0486,nan
979,BASELINE,NEW_DATA,21.1029,97.0486,nan
980,BASELINE,NEW_DATA,21.1057,97.0486,nan
981,BASELINE,NEW_DATA,21.1043,97.0486,nan
982,BASELINE,NEW_DATA,21.1098,97.0486,nan
983,BASELINE,NEW_DATA,21.1237,97.0486,nan
984,BASELINE,NEW_DATA,21.1112,97.0486,nan
985,BASELINE,NEW_DATA,21.1112,97.0486,nan
986,BASELINE,NEW_DATA,21.1168,97.0486,nan
987,BASELINE,NEW_DATA,21.1147,97.0486,nan
988,BASELINE,NEW_DATA,21.1126,97.0486,nan
989,BASELINE,NEW_DATA,21.1112,97.0486,nan
990,BASELINE,NEW_DATA,21.1098,97.0486,nan
991,BASELINE,NEW_DATA,21.1168,97.0486,nan
992,BASELINE,NEW_DATA,21.1182,97.0486,nan
993,BASELINE,NEW_DATA,21.1196,97.0486,nan
994,BASELINE,NEW_DATA,21.1265,97.0486,nan
995,BASELINE,NEW_DATA,21.1237,97.0486,nan
996,BASELINE,NEW_DATA,21.1209,97.0486,nan
997,BASELINE,NEW_DATA,21.1223,97.0486,nan
998,BASELINE,NEW_DATA,21.1209,97.0486,nan
999,BASELINE,NEW_DATA,21.1251,97.0486,nan
1000,BASELINE,NEW_DATA,21.1293,97.1739,nan
1001,BASELINE,NEW_DATA,21.1293,97.1739,nan
1002,BASELINE,NEW_DATA,21.1306,97.1739,nan
1003,BASELINE,NEW_DATA,21.1334,97.1739,nan
1004,BASELINE,NEW_DATA,21.1390,97.1739,nan
1005,BASELINE,NEW_DATA,21.1445,97.1739,nan
1006,BASELINE,NEW_DATA,21.1556,97.1739,nan
1007,BASELINE,NEW_DATA,21.1542,97.1739,nan
1008,BASELINE,NEW_DATA,21.1528,97.1739,nan
1009,BASELINE,NEW_DATA,21.1626,97.1739,nan
1010,BASELINE,NEW_DATA,21.1626,97.1739,nan
1011,BASELINE,NEW_DATA,21.1681,97.1739,nan
1012,BASELINE,NEW_DATA,21.1834,97.1739,nan
1013,BASELINE,NEW_DATA,21.1639,97.1739,nan
1014,BASELINE,NEW_DATA,21.1681,97.1739,nan
1015,BASELINE,NEW_DATA,21.1723,97.1739,nan
1016,BASELINE,NEW_DATA,21.1764,97.1739,nan
1017,BASELINE,NEW_DATA,21.1792,97.1739,nan
1018,BASELINE,NEW_DATA,21.1820,97.1739,nan
1019,BASELINE,NEW_DATA,21.1903,97.1739,nan
1020,BASELINE,NEW_DATA,21.1958,97.1739,nan
1021,BASELINE,NEW_DATA,21.2042,97.1739,nan
1022,BASELINE,NEW_DATA,21.2097,97.1739,nan
1023,BASELINE,NEW_DATA,21.2125,97.1739,nan
1024,BASELINE,NEW_DATA,21.2125,97.3221,nan
1025,BASELINE,NEW_DATA,21.2180,97.3221,nan
1026,BASELINE,NEW_DATA,21.2222,97.3221,nan
1027,BASELINE,NEW_DATA,21.2278,97.3221,nan
1028,BASELINE,NEW_DATA,21.2291,97.3221,nan
1029,BASELINE,NEW_DATA,21.2319,97.3221,nan
1030,BASELINE,NEW_DATA,21.2319,97.3221,nan
1031,BASELINE,NEW_DATA,21.2347,97.3221,nan
1032,BASELINE,NEW_DATA,21.2347,97.3221,nan
1033,BASELINE,NEW_DATA,21.2402,97.3221,nan
1034,BASELINE,NEW_DATA,21.2416,97.3221,nan
1035,BASELINE,NEW_DATA,21.2472,97.3221,nan
1036,BASELINE,NEW_DATA,21.2458,97.3221,nan
1037,BASELINE,NEW_DATA,21.2430,97.3221,nan
1038,BASELINE,NEW_DATA,21.2388,97.3221,nan
1039,BASELINE,NEW_DATA,21.2499,97.3221,nan
1040,BASELINE,NEW_DATA,21.2680,97.3221,nan
1041,BASELINE,NEW_DATA,21.2680,97.3221,nan
1042,BASELINE,NEW_DATA,21.2597,97.3221,nan
1043,BASELINE,NEW_DATA,21.2583,97.3221,nan
1044,BASELINE,NEW_DATA,21.2721,97.3221,nan
1045,BASELINE,NEW_DATA,21.2777,97.3221,nan
1046,BASELINE,NEW_DATA,21.2791,97.3221,nan
1047,BASELINE,NEW_DATA,21.2805,97.3221,nan
1048,BASELINE,NEW_DATA,21.2902,97.4324,nan
1049,BASELINE,NEW_DATA,21.2999,97.4324,nan
1050,BASELINE,NEW_DATA,21.3040,97.4324,nan
1051,BASELINE,NEW_DATA,21.3082,97.4324,nan
1052,BASELINE,NEW_DATA,21.3165,97.4324,nan
1053,BASELINE,NEW_DATA,21.3235,97.4324,nan
1054,BASELINE,NEW_DATA,21.3193,97.4324,nan
1055,BASELINE,NEW_DATA,21.3262,97.4324,nan
1056,BASELINE,NEW_DATA,21.3290,97.4324,nan
1057,BASELINE,NEW_DATA,21.3359,97.4324,nan
1058,BASELINE,NEW_DATA,21.3373,97.4324,nan
1059,BASELINE,NEW_DATA,21.3401,97.4324,nan
1060,BASELINE,NEW_DATA,21.3429,97.4324,nan
1061,BASELINE,NEW_DATA,21.3443,97.4324,nan
1062,BASELINE,NEW_DATA,21.3512,97.4324,nan
1063,BASELINE,NEW_DATA,21.3540,97.4324,nan
1064,BASELINE,NEW_DATA,21.3651,97.4324,nan
1065,BASELINE,NEW_DATA,21.3665,97.4324,nan
1066,BASELINE,NEW_DATA,21.3637,97.4324,nan
1067,BASELINE,NEW_DATA,21.3679,97.4324,nan
1068,BASELINE,NEW_DATA,21.3692,97.4324,nan
1069,BASELINE,NEW_DATA,21.3776,97.4324,nan
1070,BASELINE,NEW_DATA,21.3720,97.4324,nan
1071,BASELINE,NEW_DATA,21.3734,97.4324,nan
1072,BASELINE,NEW_DATA,21.3748,97.4324,nan
1073,BASELINE,NEW_DATA,21.3762,97.4324,nan
1074,BASELINE,NEW_DATA,21.3845,97.4324,nan
1075,BASELINE,NEW_DATA,21.3887,97.4324,nan
1076,BASELINE,NEW_DATA,21.3928,97.4324,nan
1077,BASELINE,NEW_DATA,21.3928,97.4324,nan
1078,BASELINE,NEW_DATA,21.3956,97.4324,nan
1079,BASELINE,NEW_DATA,21.4039,97.4324,nan
1080,BASELINE,NEW_DATA,21.4095,97.4324,nan
1081,BASELINE,NEW_DATA,21.4081,97.4324,nan
1082,BASELINE,NEW_DATA,21.4109,97.4324,nan
1083,BASELINE,NEW_DATA,21.4109,97.4324,nan
1084,BASELINE,NEW_DATA,21.4150,97.4324,nan
1085,BASELINE,NEW_DATA,21.4136,97.4324,nan
1086,BASELINE,NEW_DATA,21.4164,97.4324,nan
1087,BASELINE,NEW_DATA,21.4233,97.4324,nan
1088,BASELINE,NEW_DATA,21.4206,97.4324,nan
1089,BASELINE,NEW_DATA,21.4220,97.4324,nan
1090,BASELINE,NEW_DATA,21.4275,97.4324,nan
1091,BASELINE,NEW_DATA,21.4247,97.4324,nan
1092,BASELINE,NEW_DATA,21.4289,97.4324,nan
1093,BASELINE,NEW_DATA,21.4261,97.4324,nan
1094,BASELINE,NEW_DATA,21.4344,97.4324,nan
1095,BASELINE,NEW_DATA,21.4275,97.4324,nan
1096,BASELINE,NEW_DATA,21.4331,97.4324,nan
1097,BASELINE,NEW_DATA,21.4289,97.5131,nan
1098,BASELINE,NEW_DATA,21.4428,97.5131,nan
1099,BASELINE,NEW_DATA,21.4386,97.5131,nan
1100,BASELINE,NEW_DATA,21.4261,97.5131,nan
1101,BASELINE,NEW_DATA,21.4303,97.5131,nan
1102,BASELINE,NEW_DATA,21.4303,97.5131,nan
1103,BASELINE,NEW_DATA,21.4372,97.5131,nan
1104,BASELINE,NEW_DATA,21.4358,97.5131,nan
1105,BASELINE,NEW_DATA,21.4372,97.5131,nan
1106,BASELINE,NEW_DATA,21.4441,97.5131,nan
1107,BASELINE,NEW_DATA,21.4428,97.5131,nan
1108,BASELINE,NEW_DATA,21.4441,97.5131,nan
1109,BASELINE,NEW_DATA,21.4455,97.5131,nan
1110,BASELINE,NEW_DATA,21.4497,97.5131,nan
1111,BASELINE,NEW_DATA,21.4511,97.5131,nan
1112,BASELINE,NEW_DATA,21.4608,97.5131,nan
1113,BASELINE,NEW_DATA,21.4552,97.5131,nan
1114,BASELINE,NEW_DATA,21.4608,97.5131,nan
1115,BASELINE,NEW_DATA,21.4622,97.5131,nan
1116,BASELINE,NEW_DATA,21.4650,97.5131,nan
1117,BASELINE,NEW_DATA,21.4691,97.5131,nan
1118,BASELINE,NEW_DATA,21.4663,97.5131,nan
1119,BASELINE,NEW_DATA,21.4650,97.5131,nan
1120,BASELINE,NEW_DATA,21.4677,97.5131,nan
1121,BASELINE,NEW_DATA,21.4733,97.4395,nan
1122,BASELINE,NEW_DATA,21.4719,97.4395,nan
1123,BASELINE,NEW_DATA,21.4761,97.4395,nan
1124,BASELINE,NEW_DATA,21.4733,97.4395,nan
1125,BASELINE,NEW_DATA,21.4788,97.4395,nan
1126,BASELINE,NEW_DATA,21.4774,97.4395,nan
1127,BASELINE,NEW_DATA,21.4733,97.4395,nan
1128,BASELINE,NEW_DATA,21.4788,97.4395,nan
1129,BASELINE,NEW_DATA,21.4969,97.4395,nan
1130,BASELINE,NEW_DATA,21.4774,97.4395,nan
1131,BASELINE,NEW_DATA,21.4761,97.4395,nan
1132,BASELINE,NEW_DATA,21.4802,97.4395,nan
1133,BASELINE,NEW_DATA,21.4858,97.4395,nan
1134,BASELINE,NEW_DATA,21.4844,97.4395,nan
1135,BASELINE,NEW_DATA,21.4844,97.4395,nan
1136,BASELINE,NEW_DATA,21.4830,97.4395,nan
1137,BASELINE,NEW_DATA,21.4899,97.4395,nan
1138,BASELINE,NEW_DATA,21.4927,97.4395,nan
1139,BASELINE,NEW_DATA,21.4927,97.4395,nan
1140,BASELINE,NEW_DATA,21.4927,97.4395,nan
1141,BASELINE,NEW_DATA,21.4927,97.4395,nan
1142,BASELINE,NEW_DATA,21.4927,97.4395,nan
1143,BASELINE,NEW_DATA,21.4913,97.4395,nan
1144,BASELINE,NEW_DATA,21.4899,97.4395,nan
1145,BASELINE,NEW_DATA,21.4927,97.4395,nan
1146,BASELINE,NEW_DATA,21.4885,97.3502,nan
1147,BASELINE,NEW_DATA,21.4899,97.3502,nan
1148,BASELINE,NEW_DATA,21.4927,97.3502,nan
1149,BASELINE,NEW_DATA,21.4865,97.3502,nan
1150,BASELINE,NEW_DATA,21.4868,97.3502,nan
1151,BASELINE,NEW_DATA,21.4858,97.3502,nan
1152,BASELINE,NEW_DATA,21.4913,97.3502,nan
1153,BASELINE,NEW_DATA,21.4927,97.3502,nan
1154,BASELINE,NEW_DATA,21.4941,97.3502,nan
1155,BASELINE,NEW_DATA,21.4941,97.3502,nan
1156,BASELINE,NEW_DATA,21.4899,97.3502,nan
1157,BASELINE,NEW_DATA,21.4844,97.3502,nan
1158,BASELINE,NEW_DATA,21.4844,97.3502,nan
1159,BASELINE,NEW_DATA,21.4858,97.3502,nan
1160,BASELINE,NEW_DATA,21.5010,97.3502,nan
1161,BASELINE,NEW_DATA,21.4844,97.3502,nan
1162,BASELINE,NEW_DATA,21.4844,97.3502,nan
1163,BASELINE,NEW_DATA,21.4868,97.3502,nan
1164,BASELINE,NEW_DATA,21.4788,97.3502,nan
1165,BASELINE,NEW_DATA,21.4844,97.3502,nan
1166,BASELINE,NEW_DATA,21.4802,97.3502,nan
1167,BASELINE,NEW_DATA,21.4816,97.3502,nan
1168,BASELINE,NEW_DATA,21.4802,97.3502,nan
1169,BASELINE,NEW_DATA,21.4885,97.3502,nan
1170,BASELINE,NEW_DATA,21.4868,97.3502,nan
1171,BASELINE,NEW_DATA,21.4885,97.3502,nan
1172,BASELINE,NEW_DATA,21.4868,97.3502,nan
1173,BASELINE,NEW_DATA,21.4868,97.3502,nan
1174,BASELINE,NEW_DATA,21.4830,97.3502,nan
1175,BASELINE,NEW_DATA,21.4865,97.3502,nan
1176,BASELINE,NEW_DATA,21.4802,97.3502,nan
1177,BASELINE,NEW_DATA,21.4858,97.3502,nan
1178,BASELINE,NEW_DATA,21.4830,97.3502,nan
1179,BASELINE,NEW_DATA,21.4830,97.3502,nan
1180,BASELINE,NEW_DATA,21.4816,97.3502,nan
1181,BASELINE,NEW_DATA,21.4830,97.3502,nan
1182,BASELINE,NEW_DATA,21.4816,97.3502,nan
1183,BASELINE,NEW_DATA,21.4816,97.3502,nan
1184,BASELINE,NEW_DATA,21.4830,97.3502,nan
1185,BASELINE,NEW_DATA,21.4844,97.3502,nan
1186,BASELINE,NEW_DATA,21.4872,97.3502,nan
1187,BASELINE,NEW_DATA,21.4927,97.3502,nan
1188,BASELINE,NEW_DATA,21.4899,97.3502,nan
1189,BASELINE,NEW_DATA,21.4868,97.3502,nan
1190,BASELINE,NEW_DATA,21.4941,97.3502,nan
1191,BASELINE,NEW_DATA,21.4927,97.3502,nan
1192,BASELINE,NEW_DATA,21.5107,97.3502,nan
1193,BASELINE,NEW_DATA,21.5080,97.3502,nan
1194,BASELINE,NEW_DATA,21.5024,97.1920,nan
1195,BASELINE,NEW_DATA,21.5080,97.1920,nan
1196,BASELINE,NEW_DATA,21.5093,97.1920,nan
1197,BASELINE,NEW_DATA,21.5204,97.1920,nan
1198,BASELINE,NEW_DATA,21.5260,97.1920,nan
1199,BASELINE,NEW_DATA,21.5315,97.1920,nan
1200,BASELINE,NEW_DATA,21.5371,97.1920,nan
1201,BASELINE,NEW_DATA,21.5440,97.1920,nan
1202,BASELINE,NEW_DATA,21.5551,97.1920,nan
1203,BASELINE,NEW_DATA,21.5621,97.1920,nan
1204,BASELINE,NEW_DATA,21.5704,97.1920,nan
1205,BASELINE,NEW_DATA,21.5745,97.1920,nan
1206,BASELINE,NEW_DATA,21.5787,97.1920,nan
1207,BASELINE,NEW_DATA,21.5884,97.1920,nan
1208,BASELINE,NEW_DATA,21.5995,97.1920,nan
1209,BASELINE,NEW_DATA,21.6064,97.1920,nan
1210,BASELINE,NEW_DATA,21.6106,97.1920,nan
1211,BASELINE,NEW_DATA,21.6259,97.1920,nan
1212,BASELINE,NEW_DATA,21.6300,97.1920,nan
1213,BASELINE,NEW_DATA,21.6411,97.1920,nan
1214,BASELINE,NEW_DATA,21.6453,97.1920,nan
1215,BASELINE,NEW_DATA,21.6578,97.1920,nan
1216,BASELINE,NEW_DATA,21.6644,97.1920,nan
1217,BASELINE,NEW_DATA,21.6744,97.1920,nan
1218,BASELINE,NEW_DATA,21.6841,97.1920,nan
1219,BASELINE,NEW_DATA,21.6924,96.9419,nan
1220,BASELINE,NEW_DATA,21.7008,96.9419,nan
1221,BASELINE,NEW_DATA,21.7049,96.9419,nan
1222,BASELINE,NEW_DATA,21.7174,96.9419,nan
1223,BASELINE,NEW_DATA,21.7230,96.9419,nan
1224,BASELINE,NEW_DATA,21.7271,96.9419,nan
1225,BASELINE,NEW_DATA,21.7452,96.9419,nan
1226,BASELINE,NEW_DATA,21.7646,96.9419,nan
1227,BASELINE,NEW_DATA,21.7521,96.9419,nan
1228,BASELINE,NEW_DATA,21.7563,96.9419,nan
1229,BASELINE,NEW_DATA,21.7632,96.9419,nan
1230,BASELINE,NEW_DATA,21.7701,96.9419,nan
1231,BASELINE,NEW_DATA,21.7812,96.9419,nan
1232,BASELINE,NEW_DATA,21.7868,96.9419,nan
1233,BASELINE,NEW_DATA,21.7868,96.9419,nan
1234,BASELINE,NEW_DATA,21.7965,96.9419,nan
1235,BASELINE,NEW_DATA,21.8062,96.9419,nan
1236,BASELINE,NEW_DATA,21.8104,96.9419,nan
1237,BASELINE,NEW_DATA,21.8228,96.9419,nan
1238,BASELINE,NEW_DATA,21.8187,96.9419,nan
1239,BASELINE,NEW_DATA,21.8228,96.9419,nan
1240,BASELINE,NEW_DATA,21.8242,96.9419,nan
1241,BASELINE,NEW_DATA,21.8284,96.9419,nan
1242,BASELINE,NEW_DATA,21.8326,96.9419,nan
1243,BASELINE,NEW_DATA,21.8395,96.6117,nan
1244,BASELINE,NEW_DATA,21.8409,96.6117,nan
1245,BASELINE,NEW_DATA,21.8450,96.6117,nan
1246,BASELINE,NEW_DATA,21.8423,96.6117,nan
1247,BASELINE,NEW_DATA,21.8478,96.6117,nan
1248,BASELINE,NEW_DATA,21.8464,96.6117,nan
1249,BASELINE,NEW_DATA,21.8492,96.6117,nan
1250,BASELINE,NEW_DATA,21.8506,96.6117,nan
1251,BASELINE,NEW_DATA,21.8506,96.6117,nan
1252,BASELINE,NEW_DATA,21.8534,96.6117,nan
1253,BASELINE,NEW_DATA,21.8547,96.6117,nan
1254,BASELINE,NEW_DATA,21.8561,96.6117,nan
1255,BASELINE,NEW_DATA,21.8589,96.6117,nan
1256,BASELINE,NEW_DATA,21.8534,96.6117,nan
1257,BASELINE,NEW_DATA,21.8534,96.6117,nan
1258,BASELINE,NEW_DATA,21.8506,96.6117,nan
1259,BASELINE,NEW_DATA,21.8492,96.6117,nan
1260,BASELINE,NEW_DATA,21.8506,96.6117,nan
1261,BASELINE,NEW_DATA,21.8728,96.6117,nan
1262,BASELINE,NEW_DATA,21.8450,96.6117,nan
1263,BASELINE,NEW_DATA,21.8506,96.6117,nan
1264,BASELINE,NEW_DATA,21.8492,96.6117,nan
1265,BASELINE,NEW_DATA,21.8506,96.6117,nan
1266,BASELINE,NEW_DATA,21.8534,96.6117,nan
1267,BASELINE,NEW_DATA,21.8450,96.6117,nan
1268,BASELINE,NEW_DATA,21.8506,96.6117,nan
1269,BASELINE,NEW_DATA,21.8547,96.6117,nan
1270,BASELINE,NEW_DATA,21.8506,96.6117,nan
1271,BASELINE,NEW_DATA,21.8534,96.6117,nan
1272,BASELINE,NEW_DATA,21.8534,96.6117,nan
1273,BASELINE,NEW_DATA,21.8575,96.6117,nan
1274,BASELINE,NEW_DATA,21.8492,96.6117,nan
1275,BASELINE,NEW_DATA,21.8437,96.6117,nan
1276,BASELINE,NEW_DATA,21.8450,96.6117,nan
1277,BASELINE,NEW_DATA,21.8409,96.6117,nan
1278,BASELINE,NEW_DATA,21.8395,96.6117,nan
1279,BASELINE,NEW_DATA,21.8416,96.6117,nan
1280,BASELINE,NEW_DATA,21.8367,96.6117,nan
1281,BASELINE,NEW_DATA,21.8353,96.6117,nan
1282,BASELINE,NEW_DATA,21.8298,96.6117,nan
1283,BASELINE,NEW_DATA,21.8256,96.6117,nan
1284,BASELINE,NEW_DATA,21.8256,96.6117,nan
1285,BASELINE,NEW_DATA,21.8215,96.6117,nan
1286,BASELINE,NEW_DATA,21.8228,96.6117,nan
1287,BASELINE,NEW_DATA,21.8187,96.6117,nan
1288,BASELINE,NEW_DATA,21.8145,96.6117,nan
1289,BASELINE,NEW_DATA,21.8145,96.6117,nan
1290,BASELINE,NEW_DATA,21.8090,96.6117,nan
1291,BASELINE,NEW_DATA,21.8104,96.6117,nan
1292,BASELINE,NEW_DATA,21.8048,96.3114,nan
1293,BASELINE,NEW_DATA,21.8034,96.3114,nan
1294,BASELINE,NEW_DATA,21.7993,96.3114,nan
1295,BASELINE,NEW_DATA,21.8062,96.3114,nan
1296,BASELINE,NEW_DATA,21.8131,96.3114,nan
1297,BASELINE,NEW_DATA,21.7785,96.3114,nan
1298,BASELINE,NEW_DATA,21.7812,96.3114,nan
1299,BASELINE,NEW_DATA,21.7812,96.3114,nan
1300,BASELINE,NEW_DATA,21.7771,96.3114,nan
1301,BASELINE,NEW_DATA,21.7757,96.3114,nan
1302,BASELINE,NEW_DATA,21.7757,96.3114,nan
1303,BASELINE,NEW_DATA,21.7743,96.3114,nan
1304,BASELINE,NEW_DATA,21.7729,96.3114,nan
1305,BASELINE,NEW_DATA,21.7715,96.3114,nan
1306,BASELINE,NEW_DATA,21.7660,96.3114,nan
1307,BASELINE,NEW_DATA,21.7646,96.3114,nan
1308,BASELINE,NEW_DATA,21.7604,96.3114,nan
1309,BASELINE,NEW_DATA,21.7563,96.3114,nan
1310,BASELINE,NEW_DATA,21.7563,96.3114,nan
1311,BASELINE,NEW_DATA,21.7521,96.3114,nan
1312,BASELINE,NEW_DATA,21.7479,96.3114,nan
1313,BASELINE,NEW_DATA,21.7479,96.3114,nan
1314,BASELINE,NEW_DATA,21.7452,96.3114,nan
1315,BASELINE,NEW_DATA,21.7396,96.3114,nan
1316,BASELINE,NEW_DATA,21.7410,95.9509,nan
1317,BASELINE,NEW_DATA,21.7341,95.9509,nan
1318,BASELINE,NEW_DATA,21.7313,95.9509,nan
1319,BASELINE,NEW_DATA,21.7285,95.9509,nan
1320,BASELINE,NEW_DATA,21.7202,95.9509,nan
1321,BASELINE,NEW_DATA,21.7244,95.9509,nan
1322,BASELINE,NEW_DATA,21.7188,95.9509,nan
1323,BASELINE,NEW_DATA,21.7202,95.9509,nan
1324,BASELINE,NEW_DATA,21.7146,95.9509,nan
1325,BASELINE,NEW_DATA,21.7133,95.9509,nan
1326,BASELINE,NEW_DATA,21.7091,95.9509,nan
1327,BASELINE,NEW_DATA,21.7049,95.9509,nan
1328,BASELINE,NEW_DATA,21.6966,95.9509,nan
1329,BASELINE,NEW_DATA,21.6952,95.9509,nan
1330,BASELINE,NEW_DATA,21.6952,95.9509,nan
1331,BASELINE,NEW_DATA,21.6994,95.9509,nan
1332,BASELINE,NEW_DATA,21.7008,95.9509,nan
1333,BASELINE,NEW_DATA,21.6800,95.9509,nan
1334,BASELINE,NEW_DATA,21.6758,95.9509,nan
1335,BASELINE,NEW_DATA,21.6744,95.9509,nan
1336,BASELINE,NEW_DATA,21.6730,95.9509,nan
1337,BASELINE,NEW_DATA,21.6703,95.9509,nan
1338,BASELINE,NEW_DATA,21.6661,95.9509,nan
1339,BASELINE,NEW_DATA,21.6689,95.9509,nan
1340,BASELINE,NEW_DATA,21.6633,95.9509,nan
1341,BASELINE,NEW_DATA,21.6578,95.9509,nan
1342,BASELINE,NEW_DATA,21.6633,95.9509,nan
1343,BASELINE,NEW_DATA,21.6605,95.9509,nan
1344,BASELINE,NEW_DATA,21.6536,95.9509,nan
1345,BASELINE,NEW_DATA,21.6508,95.9509,nan
1346,BASELINE,NEW_DATA,21.6481,95.9509,nan
1347,BASELINE,NEW_DATA,21.6425,95.9509,nan
1348,BASELINE,NEW_DATA,21.6453,95.9509,nan
1349,BASELINE,NEW_DATA,21.6425,95.9509,nan
1350,BASELINE,NEW_DATA,21.6383,95.9509,nan
1351,BASELINE,NEW_DATA,21.6370,95.9509,nan
1352,BASELINE,NEW_DATA,21.6286,95.9509,nan
1353,BASELINE,NEW_DATA,21.6286,95.9509,nan
1354,BASELINE,NEW_DATA,21.6300,95.9509,nan
1355,BASELINE,NEW_DATA,21.6231,95.9509,nan
1356,BASELINE,NEW_DATA,21.6175,95.9509,nan
1357,BASELINE,NEW_DATA,21.6203,95.9509,nan
1358,BASELINE,NEW_DATA,21.6175,95.9509,nan
1359,BASELINE,NEW_DATA,21.6120,95.9509,nan
1360,BASELINE,NEW_DATA,21.6134,95.9509,nan
1361,BASELINE,NEW_DATA,21.6092,95.9509,nan
1362,BASELINE,NEW_DATA,21.6148,95.9509,nan
1363,BASELINE,NEW_DATA,21.6037,95.9509,nan
1364,BASELINE,NEW_DATA,21.6037,95.9509,nan
1365,BASELINE,NEW_DATA,21.6037,95.5895,nan
1366,BASELINE,NEW_DATA,21.5953,95.5895,nan
1367,BASELINE,NEW_DATA,21.5898,95.5895,nan
1368,BASELINE,NEW_DATA,21.6037,95.5895,nan
1369,BASELINE,NEW_DATA,21.5926,95.5895,nan
1370,BASELINE,NEW_DATA,21.5829,95.5895,nan
1371,BASELINE,NEW_DATA,21.5815,95.5895,nan
1372,BASELINE,NEW_DATA,21.5787,95.5895,nan
1373,BASELINE,NEW_DATA,21.5745,95.5895,nan
1374,BASELINE,NEW_DATA,21.5732,95.5895,nan
1375,BASELINE,NEW_DATA,21.5718,95.5895,nan
1376,BASELINE,NEW_DATA,21.5787,95.5895,nan
1377,BASELINE,NEW_DATA,21.5718,95.5895,nan
1378,BASELINE,NEW_DATA,21.5745,95.5895,nan
1379,BASELINE,NEW_DATA,21.5745,95.5895,nan
1380,BASELINE,NEW_DATA,21.5732,95.5895,nan
1381,BASELINE,NEW_DATA,21.5745,95.5895,nan
1382,BASELINE,NEW_DATA,21.5704,95.5895,nan
1383,BASELINE,NEW_DATA,21.5621,95.5895,nan
1384,BASELINE,NEW_DATA,21.5634,95.5895,nan
1385,BASELINE,NEW_DATA,21.5621,95.5895,nan
1386,BASELINE,NEW_DATA,21.5607,95.5895,nan
1387,BASELINE,NEW_DATA,21.5523,95.5895,nan
1388,BASELINE,NEW_DATA,21.5551,95.5895,nan
1389,BASELINE,NEW_DATA,21.5482,95.2735,nan
1390,BASELINE,NEW_DATA,21.5510,95.2735,nan
1391,BASELINE,NEW_DATA,21.5496,95.2735,nan
1392,BASELINE,NEW_DATA,21.5510,95.2735,nan
1393,BASELINE,NEW_DATA,21.5565,95.2735,nan
1394,BASELINE,NEW_DATA,21.5454,95.2735,nan
1395,BASELINE,NEW_DATA,21.5440,95.2735,nan
1396,BASELINE,NEW_DATA,21.5496,95.2735,nan
1397,BASELINE,NEW_DATA,21.5454,95.2735,nan
1398,BASELINE,NEW_DATA,21.5454,95.2735,nan
1399,BASELINE,NEW_DATA,21.5440,95.2735,nan
1400,BASELINE,NEW_DATA,21.5426,95.2735,nan
1401,BASELINE,NEW_DATA,21.5315,95.2735,nan
1402,BASELINE,NEW_DATA,21.5357,95.2735,nan
1403,BASELINE,NEW_DATA,21.5371,95.2735,nan
1404,BASELINE,NEW_DATA,21.5426,95.2735,nan
1405,BASELINE,NEW_DATA,21.5399,95.2735,nan
1406,BASELINE,NEW_DATA,21.5329,95.2735,nan
1407,BASELINE,NEW_DATA,21.5274,95.2735,nan
1408,BASELINE,NEW_DATA,21.5191,95.2735,nan
1409,BASELINE,NEW_DATA,21.5302,95.2735,nan
1410,BASELINE,NEW_DATA,21.5343,95.2735,nan
1411,BASELINE,NEW_DATA,21.5260,95.2735,nan
1412,BASELINE,NEW_DATA,21.5288,95.2735,nan
1413,BASELINE,NEW_DATA,21.5204,95.2735,nan
1414,BASELINE,NEW_DATA,21.5302,95.2735,nan
1415,BASELINE,NEW_DATA,21.5260,95.2735,nan
1416,BASELINE,NEW_DATA,21.5329,95.2735,nan
1417,BASELINE,NEW_DATA,21.5343,95.2735,nan
1418,BASELINE,NEW_DATA,21.5274,95.2735,nan
1419,BASELINE,NEW_DATA,21.5232,95.2735,nan
1420,BASELINE,NEW_DATA,21.5204,95.2735,nan
1421,BASELINE,NEW_DATA,21.5218,95.2735,nan
1422,BASELINE,NEW_DATA,21.5232,95.2735,nan
1423,BASELINE,NEW_DATA,21.5204,95.2735,nan
1424,BASELINE,NEW_DATA,21.5191,95.2735,nan
1425,BASELINE,NEW_DATA,21.5218,95.2735,nan
1426,BASELINE,NEW_DATA,21.5149,95.2735,nan
1427,BASELINE,NEW_DATA,21.5204,95.2735,nan
1428,BASELINE,NEW_DATA,21.5204,95.2735,nan
1429,BASELINE,NEW_DATA,21.5107,95.2735,nan
1430,BASELINE,NEW_DATA,21.5107,95.2735,nan
1431,BASELINE,NEW_DATA,21.5163,95.2735,nan
1432,BASELINE,NEW_DATA,21.5135,95.2735,nan
1433,BASELINE,NEW_DATA,21.5149,95.2735,nan
1434,BASELINE,NEW_DATA,21.5121,95.2735,nan
1435,BASELINE,NEW_DATA,21.5121,95.2735,nan
1436,BASELINE,NEW_DATA,21.5093,95.2735,nan
1437,BASELINE,NEW_DATA,21.5135,95.2735,nan
1438,BASELINE,NEW_DATA,21.5080,94.9242,nan
1439,BASELINE,NEW_DATA,21.5135,94.9242,nan
1440,BASELINE,NEW_DATA,21.5232,94.9242,nan
1441,BASELINE,NEW_DATA,21.5191,94.9242,nan
1442,BASELINE,NEW_DATA,21.5121,94.9242,nan
1443,BASELINE,NEW_DATA,21.5038,94.9242,nan
1444,BASELINE,NEW_DATA,21.5066,94.9242,nan
1445,BASELINE,NEW_DATA,21.5024,94.9242,nan
1446,BASELINE,NEW_DATA,21.5149,94.9242,nan
1447,BASELINE,NEW_DATA,21.5093,94.9242,nan
1448,BASELINE,NEW_DATA,21.5204,94.9242,nan
1449,BASELINE,NEW_DATA,21.5177,94.9242,nan
1450,BASELINE,NEW_DATA,21.5260,94.9242,nan
1451,BASELINE,NEW_DATA,21.5302,94.9242,nan
1452,BASELINE,NEW_DATA,21.5329,94.9242,nan
1453,BASELINE,NEW_DATA,21.5315,94.9242,nan
1454,BASELINE,NEW_DATA,21.5357,94.9242,nan
1455,BASELINE,NEW_DATA,21.5371,94.9242,nan
1456,BASELINE,NEW_DATA,21.5426,94.9242,nan
1457,BASELINE,NEW_DATA,21.5496,94.9242,nan
1458,BASELINE,NEW_DATA,21.5496,94.9242,nan
1459,BASELINE,NEW_DATA,21.5551,94.9242,nan
1460,BASELINE,NEW_DATA,21.5690,94.9242,nan
1461,BASELINE,NEW_DATA,21.5718,94.9242,nan
1462,BASELINE,NEW_DATA,21.5732,94.7958,nan
1463,BASELINE,NEW_DATA,21.5732,94.7958,nan
1464,BASELINE,NEW_DATA,21.5898,94.7958,nan
1465,BASELINE,NEW_DATA,21.6037,94.7958,nan
1466,BASELINE,NEW_DATA,21.6064,94.7958,nan
1467,BASELINE,NEW_DATA,21.6162,94.7958,nan
1468,BASELINE,NEW_DATA,21.6286,94.7958,nan
1469,BASELINE,NEW_DATA,21.6425,94.7958,nan
1470,BASELINE,NEW_DATA,21.6481,94.7958,nan
1471,BASELINE,NEW_DATA,21.6550,94.7958,nan
1472,BASELINE,NEW_DATA,21.6675,94.7958,nan
1473,BASELINE,NEW_DATA,21.6841,94.7958,nan
1474,BASELINE,NEW_DATA,21.6952,94.7958,nan
1475,BASELINE,NEW_DATA,21.7174,94.7958,nan
1476,BASELINE,NEW_DATA,21.7160,94.7958,nan
1477,BASELINE,NEW_DATA,21.7271,94.7958,nan
1478,BASELINE,NEW_DATA,21.7355,94.7958,nan
1479,BASELINE,NEW_DATA,21.7493,94.7958,nan
1480,BASELINE,NEW_DATA,21.7604,94.7958,nan
1481,BASELINE,NEW_DATA,21.7771,94.7958,nan
1482,BASELINE,NEW_DATA,21.7896,94.7958,nan
1483,BASELINE,NEW_DATA,21.8006,94.7958,nan
1484,BASELINE,NEW_DATA,21.8145,94.7958,nan
1485,BASELINE,NEW_DATA,21.8312,94.7958,nan
1486,BASELINE,NEW_DATA,21.8506,94.7958,nan
1487,BASELINE,NEW_DATA,21.8617,94.7958,nan
1488,BASELINE,NEW_DATA,21.8742,94.7958,nan
1489,BASELINE,NEW_DATA,21.8839,94.7958,nan
1490,BASELINE,NEW_DATA,21.9019,94.7958,nan
1491,BASELINE,NEW_DATA,21.9116,94.7958,nan
1492,BASELINE,NEW_DATA,21.9255,94.7958,nan
1493,BASELINE,NEW_DATA,21.9421,94.7958,nan
1494,BASELINE,NEW_DATA,21.9505,94.7958,nan
1495,BASELINE,NEW_DATA,21.9629,94.7958,nan
1496,BASELINE,NEW_DATA,21.9824,94.7958,nan
1497,BASELINE,NEW_DATA,21.9907,94.7958,nan
1498,BASELINE,NEW_DATA,22.0032,94.7958,nan
1499,BASELINE,NEW_DATA,22.0157,94.7958,nan
1500,BASELINE,NEW_DATA,22.0309,94.7958,nan
1501,BASELINE,NEW_DATA,22.0420,94.7958,nan
1502,BASELINE,NEW_DATA,22.0476,94.7958,nan
1503,BASELINE,NEW_DATA,22.0642,94.7958,nan
1504,BASELINE,NEW_DATA,22.0753,94.7958,nan
1505,BASELINE,NEW_DATA,22.0809,94.7958,nan
1506,BASELINE,NEW_DATA,22.0926,94.7958,nan
1507,BASELINE,NEW_DATA,22.1044,94.7958,nan
1508,BASELINE,NEW_DATA,22.1197,94.7958,nan
1509,BASELINE,NEW_DATA,22.1405,94.7958,nan
1510,BASELINE,NEW_DATA,22.1294,94.7958,nan
1511,BASELINE,NEW_DATA,22.1405,94.6799,nan
1512,BASELINE,NEW_DATA,22.1516,94.6799,nan
1513,BASELINE,NEW_DATA,22.1613,94.6799,nan
1514,BASELINE,NEW_DATA,22.1724,94.6799,nan
1515,BASELINE,NEW_DATA,22.1738,94.6799,nan
1516,BASELINE,NEW_DATA,22.1863,94.6799,nan
1517,BASELINE,NEW_DATA,22.1946,94.6799,nan
1518,BASELINE,NEW_DATA,22.2085,94.6799,nan
1519,BASELINE,NEW_DATA,22.2182,94.6799,nan
1520,BASELINE,NEW_DATA,22.2223,94.6799,nan
1521,BASELINE,NEW_DATA,22.2334,94.6799,nan
1522,BASELINE,NEW_DATA,22.2362,94.6799,nan
1523,BASELINE,NEW_DATA,22.2404,94.6799,nan
1524,BASELINE,NEW_DATA,22.2418,94.6799,nan
1525,BASELINE,NEW_DATA,22.2487,94.6799,nan
1526,BASELINE,NEW_DATA,22.2542,94.6799,nan
1527,BASELINE,NEW_DATA,22.2584,94.6799,nan
1528,BASELINE,NEW_DATA,22.2640,94.6799,nan
1529,BASELINE,NEW_DATA,22.2695,94.6799,nan
1530,BASELINE,NEW_DATA,22.2723,94.6799,nan
1531,BASELINE,NEW_DATA,22.2751,94.6799,nan
1532,BASELINE,NEW_DATA,22.2792,94.6799,nan
1533,BASELINE,NEW_DATA,22.2751,94.6799,nan
1534,BASELINE,NEW_DATA,22.2737,94.6799,nan
1535,BASELINE,NEW_DATA,22.2834,94.5712,nan
1536,BASELINE,NEW_DATA,22.2834,94.5712,nan
1537,BASELINE,NEW_DATA,22.2834,94.5712,nan
1538,BASELINE,NEW_DATA,22.2889,94.5712,nan
1539,BASELINE,NEW_DATA,22.2848,94.5712,nan
1540,BASELINE,NEW_DATA,22.2834,94.5712,nan
1541,BASELINE,NEW_DATA,22.2834,94.5712,nan
1542,BASELINE,NEW_DATA,22.2973,94.5712,nan
1543,BASELINE,NEW_DATA,22.2889,94.5712,nan
1544,BASELINE,NEW_DATA,22.2806,94.5712,nan
1545,BASELINE,NEW_DATA,22.2778,94.5712,nan
1546,BASELINE,NEW_DATA,22.2834,94.5712,nan
1547,BASELINE,NEW_DATA,22.2778,94.5712,nan
1548,BASELINE,NEW_DATA,22.2778,94.5712,nan
1549,BASELINE,NEW_DATA,22.2806,94.5712,nan
1550,BASELINE,NEW_DATA,22.2751,94.5712,nan
1551,BASELINE,NEW_DATA,22.2764,94.5712,nan
1552,BASELINE,NEW_DATA,22.2778,94.5712,nan
1553,BASELINE,NEW_DATA,22.2751,94.5712,nan
1554,BASELINE,NEW_DATA,22.2737,94.5712,nan
1555,BASELINE,NEW_DATA,22.2653,94.5712,nan
1556,BASELINE,NEW_DATA,22.2640,94.5712,nan
1557,BASELINE,NEW_DATA,22.2570,94.5712,nan
1558,BASELINE,NEW_DATA,22.2556,94.5712,nan
1559,BASELINE,NEW_DATA,22.2542,94.5712,nan
1560,BASELINE,NEW_DATA,22.2459,94.4820,nan
1561,BASELINE,NEW_DATA,22.2404,94.4820,nan
1562,BASELINE,NEW_DATA,22.2362,94.4820,nan
1563,BASELINE,NEW_DATA,22.2362,94.4820,nan
1564,BASELINE,NEW_DATA,22.2348,94.4820,nan
1565,BASELINE,NEW_DATA,22.2334,94.4820,nan
1566,BASELINE,NEW_DATA,22.2307,94.4820,nan
1567,BASELINE,NEW_DATA,22.2210,94.4820,nan
1568,BASELINE,NEW_DATA,22.2196,94.4820,nan
1569,BASELINE,NEW_DATA,22.2140,94.4820,nan
1570,BASELINE,NEW_DATA,22.2112,94.4820,nan
1571,BASELINE,NEW_DATA,22.2112,94.4820,nan
1572,BASELINE,NEW_DATA,22.2057,94.4820,nan
1573,BASELINE,NEW_DATA,22.1988,94.4820,nan
1574,BASELINE,NEW_DATA,22.2002,94.4820,nan
1575,BASELINE,NEW_DATA,22.2112,94.4820,nan
1576,BASELINE,NEW_DATA,22.1960,94.4820,nan
1577,BASELINE,NEW_DATA,22.1835,94.4820,nan
1578,BASELINE,NEW_DATA,22.1835,94.4820,nan
1579,BASELINE,NEW_DATA,22.1780,94.4820,nan
1580,BASELINE,NEW_DATA,22.1780,94.4820,nan
1581,BASELINE,NEW_DATA,22.1724,94.4820,nan
1582,BASELINE,NEW_DATA,22.1669,94.4820,nan
1583,BASELINE,NEW_DATA,22.1669,94.4820,nan
1584,BASELINE,NEW_DATA,22.1627,94.5174,nan
1585,BASELINE,NEW_DATA,22.1641,94.5174,nan
1586,BASELINE,NEW_DATA,22.1613,94.5174,nan
1587,BASELINE,NEW_DATA,22.1544,94.5174,nan
1588,BASELINE,NEW_DATA,22.1530,94.5174,nan
1589,BASELINE,NEW_DATA,22.1502,94.5174,nan
1590,BASELINE,NEW_DATA,22.1461,94.5174,nan
1591,BASELINE,NEW_DATA,22.1447,94.5174,nan
1592,BASELINE,NEW_DATA,22.1433,94.5174,nan
1593,BASELINE,NEW_DATA,22.1391,94.5174,nan
1594,BASELINE,NEW_DATA,22.1405,94.5174,nan
1595,BASELINE,NEW_DATA,22.1308,94.5174,nan
1596,BASELINE,NEW_DATA,22.1322,94.5174,nan
1597,BASELINE,NEW_DATA,22.1266,94.5174,nan
1598,BASELINE,NEW_DATA,22.1252,94.5174,nan
1599,BASELINE,NEW_DATA,22.1225,94.5174,nan
1600,BASELINE,NEW_DATA,22.1211,94.5174,nan
1601,BASELINE,NEW_DATA,22.1169,94.5174,nan
1602,BASELINE,NEW_DATA,22.1211,94.5174,nan
1603,BASELINE,NEW_DATA,22.1169,94.5174,nan
1604,BASELINE,NEW_DATA,22.1114,94.5174,nan
1605,BASELINE,NEW_DATA,22.1079,94.5174,nan
1606,BASELINE,NEW_DATA,22.1058,94.5174,nan
1607,BASELINE,NEW_DATA,22.1031,94.5174,nan
1608,BASELINE,NEW_DATA,22.1058,94.3558,nan
1609,BASELINE,NEW_DATA,22.1141,94.3558,nan
1610,BASELINE,NEW_DATA,22.0933,94.3558,nan
1611,BASELINE,NEW_DATA,22.0947,94.3558,nan
1612,BASELINE,NEW_DATA,22.0864,94.3558,nan
1613,BASELINE,NEW_DATA,22.0864,94.3558,nan
1614,BASELINE,NEW_DATA,22.0809,94.3558,nan
1615,BASELINE,NEW_DATA,22.0836,94.3558,nan
1616,BASELINE,NEW_DATA,22.0767,94.3558,nan
1617,BASELINE,NEW_DATA,22.0795,94.3558,nan
1618,BASELINE,NEW_DATA,22.0781,94.3558,nan
1619,BASELINE,NEW_DATA,22.0711,94.3558,nan
1620,BASELINE,NEW_DATA,22.0725,94.3558,nan
1621,BASELINE,NEW_DATA,22.0642,94.3558,nan
1622,BASELINE,NEW_DATA,22.0642,94.3558,nan
1623,BASELINE,NEW_DATA,22.0600,94.3558,nan
1624,BASELINE,NEW_DATA,22.0545,94.3558,nan
1625,BASELINE,NEW_DATA,22.0503,94.3558,nan
1626,BASELINE,NEW_DATA,22.0462,94.3558,nan
1627,BASELINE,NEW_DATA,22.0448,94.3558,nan
1628,BASELINE,NEW_DATA,22.0365,94.3558,nan
1629,BASELINE,NEW_DATA,22.0351,94.3558,nan
1630,BASELINE,NEW_DATA,22.0309,94.3558,nan
1631,BASELINE,NEW_DATA,22.0295,94.3558,nan
1632,BASELINE,NEW_DATA,22.0254,94.2249,nan
1633,BASELINE,NEW_DATA,22.0191,94.2249,nan
1634,BASELINE,NEW_DATA,22.0184,94.2249,nan
1635,BASELINE,NEW_DATA,22.0184,94.2249,nan
1636,BASELINE,NEW_DATA,22.0143,94.2249,nan
1637,BASELINE,NEW_DATA,22.0115,94.2249,nan
1638,BASELINE,NEW_DATA,22.0046,94.2249,nan
1639,BASELINE,NEW_DATA,22.0032,94.2249,nan
1640,BASELINE,NEW_DATA,22.0018,94.2249,nan
1641,BASELINE,NEW_DATA,22.0046,94.2249,nan
1642,BASELINE,NEW_DATA,22.0143,94.2249,nan
1643,BASELINE,NEW_DATA,21.9949,94.2249,nan
1644,BASELINE,NEW_DATA,21.9907,94.2249,nan
1645,BASELINE,NEW_DATA,21.9838,94.2249,nan
1646,BASELINE,NEW_DATA,21.9824,94.2249,nan
1647,BASELINE,NEW_DATA,21.9810,94.2249,nan
1648,BASELINE,NEW_DATA,21.9740,94.2249,nan
1649,BASELINE,NEW_DATA,21.9713,94.2249,nan
1650,BASELINE,NEW_DATA,21.9727,94.2249,nan
1651,BASELINE,NEW_DATA,21.9740,94.2249,nan
1652,BASELINE,NEW_DATA,21.9782,94.2249,nan
1653,BASELINE,NEW_DATA,21.9782,94.2249,nan
1654,BASELINE,NEW_DATA,21.9782,94.2249,nan
1655,BASELINE,NEW_DATA,21.9796,94.2249,nan
1656,BASELINE,NEW_DATA,21.9727,94.2249,nan
1657,BASELINE,NEW_DATA,21.9671,94.1322,nan
1658,BASELINE,NEW_DATA,21.9657,94.1322,nan
1659,BASELINE,NEW_DATA,21.9699,94.1322,nan
1660,BASELINE,NEW_DATA,21.9657,94.1322,nan
1661,BASELINE,NEW_DATA,21.9602,94.1322,nan
1662,BASELINE,NEW_DATA,21.9616,94.1322,nan
1663,BASELINE,NEW_DATA,21.9629,94.1322,nan
1664,BASELINE,NEW_DATA,21.9616,94.1322,nan
1665,BASELINE,NEW_DATA,21.9588,94.1322,nan
1666,BASELINE,NEW_DATA,21.9574,94.1322,nan
1667,BASELINE,NEW_DATA,21.9560,94.1322,nan
1668,BASELINE,NEW_DATA,21.9449,94.1322,nan
1669,BASELINE,NEW_DATA,21.9477,94.1322,nan
1670,BASELINE,NEW_DATA,21.9435,94.1322,nan
1671,BASELINE,NEW_DATA,21.9421,94.1322,nan
1672,BASELINE,NEW_DATA,21.9394,94.1322,nan
1673,BASELINE,NEW_DATA,21.9366,94.1322,nan
1674,BASELINE,NEW_DATA,21.9324,94.1322,nan
1675,BASELINE,NEW_DATA,21.9394,94.1322,nan
1676,BASELINE,NEW_DATA,21.9394,94.1322,nan
1677,BASELINE,NEW_DATA,21.9241,94.1322,nan
1678,BASELINE,NEW_DATA,21.9269,94.1322,nan
1679,BASELINE,NEW_DATA,21.9283,94.1322,nan
1680,BASELINE,NEW_DATA,21.9241,94.1322,nan
1681,BASELINE,NEW_DATA,21.9297,94.2036,nan
1682,BASELINE,NEW_DATA,21.9255,94.2036,nan
1683,BASELINE,NEW_DATA,21.9241,94.2036,nan
1684,BASELINE,NEW_DATA,21.9283,94.2036,nan
1685,BASELINE,NEW_DATA,21.9303,94.2036,nan
1686,BASELINE,NEW_DATA,21.9283,94.2036,nan
1687,BASELINE,NEW_DATA,21.9283,94.2036,nan
1688,BASELINE,NEW_DATA,21.9241,94.2036,nan
1689,BASELINE,NEW_DATA,21.9255,94.2036,nan
1690,BASELINE,NEW_DATA,21.9241,94.2036,nan
1691,BASELINE,NEW_DATA,21.9241,94.2036,nan
1692,BASELINE,NEW_DATA,21.9186,94.2036,nan
1693,BASELINE,NEW_DATA,21.9199,94.2036,nan
1694,BASELINE,NEW_DATA,21.9199,94.2036,nan
1695,BASELINE,NEW_DATA,21.9130,94.2036,nan
1696,BASELINE,NEW_DATA,21.9199,94.2036,nan
1697,BASELINE,NEW_DATA,21.9116,94.2036,nan
1698,BASELINE,NEW_DATA,21.9061,94.2036,nan
1699,BASELINE,NEW_DATA,21.9061,94.2036,nan
1700,BASELINE,NEW_DATA,21.9061,94.2036,nan
1701,BASELINE,NEW_DATA,21.9061,94.2036,nan
1702,BASELINE,NEW_DATA,21.9019,94.2036,nan
1703,BASELINE,NEW_DATA,21.9088,94.2036,nan
1704,BASELINE,NEW_DATA,21.8991,94.2036,nan
1705,BASELINE,NEW_DATA,21.8950,94.2036,nan
1706,BASELINE,NEW_DATA,21.8964,94.0683,nan
1707,BASELINE,NEW_DATA,21.8977,94.0683,nan
1708,BASELINE,NEW_DATA,21.8936,94.0683,nan
1709,BASELINE,NEW_DATA,21.9130,94.0683,nan
1710,BASELINE,NEW_DATA,21.8825,94.0683,nan
1711,BASELINE,NEW_DATA,21.8811,94.0683,nan
1712,BASELINE,NEW_DATA,21.8811,94.0683,nan
1713,BASELINE,NEW_DATA,21.8811,94.0683,nan
1714,BASELINE,NEW_DATA,21.8783,94.0683,nan
1715,BASELINE,NEW_DATA,21.8769,94.0683,nan
1716,BASELINE,NEW_DATA,21.8756,94.0683,nan
1717,BASELINE,NEW_DATA,21.8756,94.0683,nan
1718,BASELINE,NEW_DATA,21.8811,94.0683,nan
1719,BASELINE,NEW_DATA,21.8811,94.0683,nan
1720,BASELINE,NEW_DATA,21.8783,94.0683,nan
1721,BASELINE,NEW_DATA,21.8797,94.0683,nan
1722,BASELINE,NEW_DATA,21.8783,94.0683,nan
1723,BASELINE,NEW_DATA,21.8728,94.0683,nan
1724,BASELINE,NEW_DATA,21.8700,94.0683,nan
1725,BASELINE,NEW_DATA,21.8658,94.0683,nan
1726,BASELINE,NEW_DATA,21.8672,94.0683,nan
1727,BASELINE,NEW_DATA,21.8645,94.0683,nan
1728,BASELINE,NEW_DATA,21.8631,94.0683,nan
1729,BASELINE,NEW_DATA,21.8589,94.0683,nan
1730,BASELINE,NEW_DATA,21.8561,94.0302,nan
1731,BASELINE,NEW_DATA,21.8575,94.0302,nan
1732,BASELINE,NEW_DATA,21.8575,94.0302,nan
1733,BASELINE,NEW_DATA,21.8520,94.0302,nan
1734,BASELINE,NEW_DATA,21.8450,94.0302,nan
1735,BASELINE,NEW_DATA,21.8464,94.0302,nan
1736,BASELINE,NEW_DATA,21.8534,94.0302,nan
1737,BASELINE,NEW_DATA,21.8464,94.0302,nan
1738,BASELINE,NEW_DATA,21.8409,94.0302,nan
1739,BASELINE,NEW_DATA,21.8409,94.0302,nan
1740,BASELINE,NEW_DATA,21.8395,94.0302,nan
1741,BASELINE,NEW_DATA,21.8478,94.0302,nan
1742,BASELINE,NEW_DATA,21.8547,94.0302,nan
1743,BASELINE,NEW_DATA,21.8339,94.0302,nan
1744,BASELINE,NEW_DATA,21.8339,94.0302,nan
1745,BASELINE,NEW_DATA,21.8312,94.0302,nan
1746,BASELINE,NEW_DATA,21.8312,94.0302,nan
1747,BASELINE,NEW_DATA,21.8339,94.0302,nan
1748,BASELINE,NEW_DATA,21.8339,94.0302,nan
1749,BASELINE,NEW_DATA,21.8353,94.0302,nan
1750,BASELINE,NEW_DATA,21.8367,94.0302,nan
1751,BASELINE,NEW_DATA,21.8367,94.0302,nan
1752,BASELINE,NEW_DATA,21.8409,94.0302,nan
1753,BASELINE,NEW_DATA,21.8395,94.0302,nan
1754,BASELINE,NEW_DATA,21.8409,94.0031,nan
1755,BASELINE,NEW_DATA,21.8353,94.0031,nan
1756,BASELINE,NEW_DATA,21.8367,94.0031,nan
1757,BASELINE,NEW_DATA,21.8353,94.0031,nan
1758,BASELINE,NEW_DATA,21.8395,94.0031,nan
1759,BASELINE,NEW_DATA,21.8367,94.0031,nan
1760,BASELINE,NEW_DATA,21.8298,94.0031,nan
1761,BASELINE,NEW_DATA,21.8284,94.0031,nan
1762,BASELINE,NEW_DATA,21.8270,94.0031,nan
1763,BASELINE,NEW_DATA,21.8284,94.0031,nan
1764,BASELINE,NEW_DATA,21.8256,94.0031,nan
1765,BASELINE,NEW_DATA,21.8270,94.0031,nan
1766,BASELINE,NEW_DATA,21.8256,94.0031,nan
1767,BASELINE,NEW_DATA,21.8256,94.0031,nan
1768,BASELINE,NEW_DATA,21.8256,94.0031,nan
1769,BASELINE,NEW_DATA,21.8256,94.0031,nan
1770,BASELINE,NEW_DATA,21.8256,94.0031,nan
1771,BASELINE,NEW_DATA,21.8173,94.0031,nan
1772,BASELINE,NEW_DATA,21.8242,94.0031,nan
1773,BASELINE,NEW_DATA,21.8256,94.0031,nan
1774,BASELINE,NEW_DATA,21.8478,94.0031,nan
1775,BASELINE,NEW_DATA,21.8228,94.0031,nan
1776,BASELINE,NEW_DATA,21.8201,94.0031,nan
1777,BASELINE,NEW_DATA,21.8173,94.0031,nan
1778,BASELINE,NEW_DATA,21.8228,94.0031,nan
1779,BASELINE,NEW_DATA,21.8228,94.0117,nan
1780,BASELINE,NEW_DATA,21.8256,94.0117,nan
1781,BASELINE,NEW_DATA,21.8242,94.0117,nan
1782,BASELINE,NEW_DATA,21.8270,94.0117,nan
1783,BASELINE,NEW_DATA,21.8256,94.0117,nan
1784,BASELINE,NEW_DATA,21.8326,94.0117,nan
1785,BASELINE,NEW_DATA,21.8284,94.0117,nan
1786,BASELINE,NEW_DATA,21.8284,94.0117,nan
1787,BASELINE,NEW_DATA,21.8353,94.0117,nan
1788,BASELINE,NEW_DATA,21.8256,94.0117,nan
1789,BASELINE,NEW_DATA,21.8270,94.0117,nan
1790,BASELINE,NEW_DATA,21.8228,94.0117,nan
1791,BASELINE,NEW_DATA,21.8242,94.0117,nan
1792,BASELINE,NEW_DATA,21.8270,94.0117,nan
1793,BASELINE,NEW_DATA,21.8256,94.0117,nan
1794,BASELINE,NEW_DATA,21.8228,94.0117,nan
1795,BASELINE,NEW_DATA,21.8228,94.0117,nan
1796,BASELINE,NEW_DATA,21.8228,94.0117,nan
1797,BASELINE,NEW_DATA,21.8201,94.0117,nan
1798,BASELINE,NEW_DATA,21.8228,94.0117,nan
1799,BASELINE,NEW_DATA,21.8256,94.0117,nan
1800,BASELINE,NEW_DATA,21.8270,94.0117,nan
1801,BASELINE,NEW_DATA,21.8228,94.0117,nan
1802,BASELINE,NEW_DATA,21.8228,94.0117,nan
1803,BASELINE,NEW_DATA,21.8228,93.9718,nan
1804,BASELINE,NEW_DATA,21.8159,93.9718,nan
1805,BASELINE,NEW_DATA,21.8284,93.9718,nan
1806,BASELINE,NEW_DATA,21.8367,93.9718,nan
1807,BASELINE,NEW_DATA,21.8131,93.9718,nan
1808,BASELINE,NEW_DATA,21.8145,93.9718,nan
1809,BASELINE,NEW_DATA,21.8145,93.9718,nan
1810,BASELINE,NEW_DATA,21.8145,93.9718,nan
1811,BASELINE,NEW_DATA,21.8159,93.9718,nan
1812,BASELINE,NEW_DATA,21.8159,93.9718,nan
1813,BASELINE,NEW_DATA,21.8145,93.9718,nan
1814,BASELINE,NEW_DATA,21.8187,93.9718,nan
1815,BASELINE,NEW_DATA,21.8215,93.9718,nan
1816,BASELINE,NEW_DATA,21.8201,93.9718,nan
1817,BASELINE,NEW_DATA,21.8215,93.9718,nan
1818,BASELINE,NEW_DATA,21.8173,93.9718,nan
1819,BASELINE,NEW_DATA,21.8117,93.9718,nan
1820,BASELINE,NEW_DATA,21.8117,93.9718,nan
1821,BASELINE,NEW_DATA,21.8173,93.9718,nan
1822,BASELINE,NEW_DATA,21.8145,93.9718,nan
1823,BASELINE,NEW_DATA,21.8187,93.9718,nan
1824,BASELINE,NEW_DATA,21.8145,93.9718,nan
1825,BASELINE,NEW_DATA,21.8215,93.9718,nan
1826,BASELINE,NEW_DATA,21.8076,93.9718,nan
1827,BASELINE,NEW_DATA,21.8117,93.9718,nan
1828,BASELINE,NEW_DATA,21.8090,93.9131,nan
1829,BASELINE,NEW_DATA,21.8104,93.9131,nan
1830,BASELINE,NEW_DATA,21.8117,93.9131,nan
1831,BASELINE,NEW_DATA,21.8159,93.9131,nan
1832,BASELINE,NEW_DATA,21.8090,93.9131,nan
1833,BASELINE,NEW_DATA,21.8090,93.9131,nan
1834,BASELINE,NEW_DATA,21.8062,93.9131,nan
1835,BASELINE,NEW_DATA,21.8062,93.9131,nan
1836,BASELINE,NEW_DATA,21.8117,93.9131,nan
1837,BASELINE,NEW_DATA,21.8298,93.9131,nan
1838,BASELINE,NEW_DATA,21.8048,93.9131,nan
1839,BASELINE,NEW_DATA,21.8034,93.9131,nan
1840,BASELINE,NEW_DATA,21.8034,93.9131,nan
1841,BASELINE,NEW_DATA,21.8090,93.9131,nan
1842,BASELINE,NEW_DATA,21.8062,93.9131,nan
1843,BASELINE,NEW_DATA,21.8131,93.9131,nan
1844,BASELINE,NEW_DATA,21.8117,93.9131,nan
1845,BASELINE,NEW_DATA,21.8104,93.9131,nan
1846,BASELINE,NEW_DATA,21.8117,93.9131,nan
1847,BASELINE,NEW_DATA,21.8159,93.9131,nan
1848,BASELINE,NEW_DATA,21.8159,93.9131,nan
1849,BASELINE,NEW_DATA,21.8159,93.9131,nan
1850,BASELINE,NEW_DATA,21.8104,93.9131,nan
1851,BASELINE,NEW_DATA,21.8104,93.9131,nan
1852,BASELINE,NEW_DATA,21.8131,93.8408,nan
1853,BASELINE,NEW_DATA,21.8117,93.8408,nan
1854,BASELINE,NEW_DATA,21.8131,93.8408,nan
1855,BASELINE,NEW_DATA,21.8048,93.8408,nan
1856,BASELINE,NEW_DATA,21.8145,93.8408,nan
1857,BASELINE,NEW_DATA,21.8104,93.8408,nan
1858,BASELINE,NEW_DATA,21.8090,93.8408,nan
1859,BASELINE,NEW_DATA,21.8104,93.8408,nan
1860,BASELINE,NEW_DATA,21.8034,93.8408,nan
1861,BASELINE,NEW_DATA,21.8117,93.8408,nan
1862,BASELINE,NEW_DATA,21.8117,93.8408,nan
1863,BASELINE,NEW_DATA,21.8062,93.8408,nan
1864,BASELINE,NEW_DATA,21.8090,93.8408,nan
1865,BASELINE,NEW_DATA,21.8034,93.8408,nan
1866,BASELINE,NEW_DATA,21.8090,93.8408,nan
1867,BASELINE,NEW_DATA,21.8090,93.8408,nan
1868,BASELINE,NEW_DATA,21.8270,93.8408,nan
1869,BASELINE,NEW_DATA,21.8173,93.8408,nan
1870,BASELINE,NEW_DATA,21.8076,93.8408,nan
1871,BASELINE,NEW_DATA,21.8117,93.8408,nan
1872,BASELINE,NEW_DATA,21.8117,93.8408,nan
1873,BASELINE,NEW_DATA,21.8145,93.8408,nan
1874,BASELINE,NEW_DATA,21.8117,93.8408,nan
1875,BASELINE,NEW_DATA,21.8201,93.8408,nan
1876,BASELINE,NEW_DATA,21.8201,93.7222,nan
1877,BASELINE,NEW_DATA,21.8228,93.7222,nan
1878,BASELINE,NEW_DATA,21.8228,93.7222,nan
1879,BASELINE,NEW_DATA,21.8284,93.7222,nan
1880,BASELINE,NEW_DATA,21.8298,93.7222,nan
1881,BASELINE,NEW_DATA,21.8312,93.7222,nan
1882,BASELINE,NEW_DATA,21.8326,93.7222,nan
1883,BASELINE,NEW_DATA,21.8326,93.7222,nan
1884,BASELINE,NEW_DATA,21.8312,93.7222,nan
1885,BASELINE,NEW_DATA,21.8353,93.7222,nan
1886,BASELINE,NEW_DATA,21.8395,93.7222,nan
1887,BASELINE,NEW_DATA,21.8381,93.7222,nan
1888,BASELINE,NEW_DATA,21.8367,93.7222,nan
1889,BASELINE,NEW_DATA,21.8381,93.7222,nan
1890,BASELINE,NEW_DATA,21.8450,93.7222,nan
1891,BASELINE,NEW_DATA,21.8492,93.7222,nan
1892,BASELINE,NEW_DATA,21.8492,93.7222,nan
1893,BASELINE,NEW_DATA,21.8534,93.7222,nan
1894,BASELINE,NEW_DATA,21.8534,93.7222,nan
1895,BASELINE,NEW_DATA,21.8506,93.7222,nan
1896,BASELINE,NEW_DATA,21.8547,93.7222,nan
1897,BASELINE,NEW_DATA,21.8603,93.7222,nan
1898,BASELINE,NEW_DATA,21.8589,93.7222,nan
1899,BASELINE,NEW_DATA,21.8686,93.7222,nan
1900,BASELINE,NEW_DATA,21.8811,93.7222,nan
1901,BASELINE,NEW_DATA,21.8617,93.5889,nan
1902,BASELINE,NEW_DATA,21.8658,93.5889,nan
1903,BASELINE,NEW_DATA,21.8686,93.5889,nan
1904,BASELINE,NEW_DATA,21.8714,93.5889,nan
1905,BASELINE,NEW_DATA,21.8769,93.5889,nan
1906,BASELINE,NEW_DATA,21.8756,93.5889,nan
1907,BASELINE,NEW_DATA,21.8825,93.5889,nan
1908,BASELINE,NEW_DATA,21.8839,93.5889,nan
1909,BASELINE,NEW_DATA,21.8853,93.5889,nan
1910,BASELINE,NEW_DATA,21.8936,93.5889,nan
1911,BASELINE,NEW_DATA,21.8922,93.5889,nan
1912,BASELINE,NEW_DATA,21.8977,93.5889,nan
1913,BASELINE,NEW_DATA,21.9005,93.5889,nan
1914,BASELINE,NEW_DATA,21.9005,93.5889,nan
1915,BASELINE,NEW_DATA,21.9061,93.5889,nan
1916,BASELINE,NEW_DATA,21.9047,93.5889,nan
1917,BASELINE,NEW_DATA,21.9088,93.5889,nan
1918,BASELINE,NEW_DATA,21.9047,93.5889,nan
1919,BASELINE,NEW_DATA,21.9116,93.5889,nan
1920,BASELINE,NEW_DATA,21.9130,93.5889,nan
1921,BASELINE,NEW_DATA,21.9130,93.5889,nan
1922,BASELINE,NEW_DATA,21.9102,93.5889,nan
1923,BASELINE,NEW_DATA,21.9130,93.5889,nan
1924,BASELINE,NEW_DATA,21.9116,93.5889,nan
1925,BASELINE,NEW_DATA,21.9213,93.3504,nan
1926,BASELINE,NEW_DATA,21.9199,93.3504,nan
1927,BASELINE,NEW_DATA,21.9199,93.3504,nan
1928,BASELINE,NEW_DATA,21.9199,93.3504,nan
1929,BASELINE,NEW_DATA,21.9213,93.3504,nan
1930,BASELINE,NEW_DATA,21.9255,93.3504,nan
1931,BASELINE,NEW_DATA,21.9283,93.3504,nan
1932,BASELINE,NEW_DATA,21.9463,93.3504,nan
1933,BASELINE,NEW_DATA,21.9283,93.3504,nan
1934,BASELINE,NEW_DATA,21.9324,93.3504,nan
1935,BASELINE,NEW_DATA,21.9338,93.3504,nan
1936,BASELINE,NEW_DATA,21.9352,93.3504,nan
1937,BASELINE,NEW_DATA,21.9366,93.3504,nan
1938,BASELINE,NEW_DATA,21.9435,93.3504,nan
1939,BASELINE,NEW_DATA,21.9435,93.3504,nan
1940,BASELINE,NEW_DATA,21.9518,93.3504,nan
1941,BASELINE,NEW_DATA,21.9588,93.3504,nan
1942,BASELINE,NEW_DATA,21.9616,93.3504,nan
1943,BASELINE,NEW_DATA,21.9699,93.3504,nan
1944,BASELINE,NEW_DATA,21.9685,93.3504,nan
1945,BASELINE,NEW_DATA,21.9727,93.3504,nan
1946,BASELINE,NEW_DATA,21.9727,93.3504,nan
1947,BASELINE,NEW_DATA,21.9782,93.3504,nan
1948,BASELINE,NEW_DATA,21.9810,93.3504,nan
1949,BASELINE,NEW_DATA,21.9879,93.3504,nan
1950,BASELINE,NEW_DATA,21.9879,93.2651,nan
1951,BASELINE,NEW_DATA,21.9949,93.2651,nan
1952,BASELINE,NEW_DATA,21.9949,93.2651,nan
1953,BASELINE,NEW_DATA,21.9962,93.2651,nan
1954,BASELINE,NEW_DATA,21.9990,93.2651,nan
1955,BASELINE,NEW_DATA,22.0046,93.2651,nan
1956,BASELINE,NEW_DATA,22.0046,93.2651,nan
1957,BASELINE,NEW_DATA,22.0143,93.2651,nan
1958,BASELINE,NEW_DATA,22.0184,93.2651,nan
1959,BASELINE,NEW_DATA,22.0254,93.2651,nan
1960,BASELINE,NEW_DATA,22.0254,93.2651,nan
1961,BASELINE,NEW_DATA,22.0268,93.2651,nan
1962,BASELINE,NEW_DATA,22.0337,93.2651,nan
1963,BASELINE,NEW_DATA,22.0365,93.2651,nan
1964,BASELINE,NEW_DATA,22.0462,93.2651,nan
1965,BASELINE,NEW_DATA,22.0642,93.2651,nan
1966,BASELINE,NEW_DATA,22.0503,93.2651,nan
1967,BASELINE,NEW_DATA,22.0490,93.2651,nan
1968,BASELINE,NEW_DATA,22.0573,93.2651,nan
1969,BASELINE,NEW_DATA,22.0600,93.2651,nan
1970,BASELINE,NEW_DATA,22.0628,93.2651,nan
1971,BASELINE,NEW_DATA,22.0684,93.2651,nan
1972,BASELINE,NEW_DATA,22.0753,93.2651,nan
1973,BASELINE,NEW_DATA,22.0809,93.2651,nan
1974,BASELINE,NEW_DATA,22.0809,93.0509,nan
1975,BASELINE,NEW_DATA,22.0892,93.0509,nan
1976,BASELINE,NEW_DATA,22.0933,93.0509,nan
1977,BASELINE,NEW_DATA,22.0920,93.0509,nan
1978,BASELINE,NEW_DATA,22.0989,93.0509,nan
1979,BASELINE,NEW_DATA,22.1031,93.0509,nan
1980,BASELINE,NEW_DATA,22.1031,93.0509,nan
1981,BASELINE,NEW_DATA,22.1044,93.0509,nan
1982,BASELINE,NEW_DATA,22.1072,93.0509,nan
1983,BASELINE,NEW_DATA,22.1100,93.0509,nan
1984,BASELINE,NEW_DATA,22.1114,93.0509,nan
1985,BASELINE,NEW_DATA,22.1141,93.0509,nan
1986,BASELINE,NEW_DATA,22.1155,93.0509,nan
1987,BASELINE,NEW_DATA,22.1141,93.0509,nan
1988,BASELINE,NEW_DATA,22.1225,93.0509,nan
1989,BASELINE,NEW_DATA,22.1169,93.0509,nan
1990,BASELINE,NEW_DATA,22.1266,93.0509,nan
1991,BASELINE,NEW_DATA,22.1225,93.0509,nan
1992,BASELINE,NEW_DATA,22.1225,93.0509,nan
1993,BASELINE,NEW_DATA,22.1239,93.0509,nan
1994,BASELINE,NEW_DATA,22.1239,93.0509,nan
1995,BASELINE,NEW_DATA,22.1225,93.0509,nan
1996,BASELINE,NEW_DATA,22.1225,93.0509,nan
1997,BASELINE,NEW_DATA,22.1350,93.0509,nan
1998,BASELINE,NEW_DATA,22.1405,93.0509,nan
1999,BASELINE,NEW_DATA,22.1183,92.7485,nan
2000,BASELINE,NEW_DATA,22.1252,92.7485,nan
2001,BASELINE,NEW_DATA,22.1225,92.7485,nan
2002,BASELINE,NEW_DATA,22.1239,92.7485,nan
2003,BASELINE,NEW_DATA,22.1252,92.7485,nan
2004,BASELINE,NEW_DATA,22.1266,92.7485,nan
2005,BASELINE,NEW_DATA,22.1280,92.7485,nan
2006,BASELINE,NEW_DATA,22.1280,92.7485,nan
2007,BASELINE,NEW_DATA,22.1280,92.7485,nan
2008,BASELINE,NEW_DATA,22.1336,92.7485,nan
2009,BASELINE,NEW_DATA,22.1363,92.7485,nan
2010,BASELINE,NEW_DATA,22.1336,92.7485,nan
2011,BASELINE,NEW_DATA,22.1266,92.7485,nan
2012,BASELINE,NEW_DATA,22.1266,92.7485,nan
2013,BASELINE,NEW_DATA,22.1308,92.7485,nan
2014,BASELINE,NEW_DATA,22.1252,92.7485,nan
2015,BASELINE,NEW_DATA,22.1280,92.7485,nan
2016,BASELINE,NEW_DATA,22.1252,92.7485,nan
2017,BASELINE,NEW_DATA,22.1239,92.7485,nan
2018,BASELINE,NEW_DATA,22.1280,92.7485,nan
2019,BASELINE,NEW_DATA,22.1211,92.7485,nan
2020,BASELINE,NEW_DATA,22.1197,92.7485,nan
2021,BASELINE,NEW_DATA,22.1169,92.7485,nan
2022,BASELINE,NEW_DATA,22.1155,92.7485,nan
2023,BASELINE,NEW_DATA,22.1183,92.2912,nan
2024,BASELINE,NEW_DATA,22.1183,92.2912,nan
2025,BASELINE,NEW_DATA,22.1183,92.2912,nan
2026,BASELINE,NEW_DATA,22.1225,92.2912,nan
2027,BASELINE,NEW_DATA,22.1169,92.2912,nan
2028,BASELINE,NEW_DATA,22.1141,92.2912,nan
2029,BASELINE,NEW_DATA,22.1086,92.2912,nan
2030,BASELINE,NEW_DATA,22.1072,92.2912,nan
2031,BASELINE,NEW_DATA,22.1169,92.2912,nan
2032,BASELINE,NEW_DATA,22.1252,92.2912,nan
2033,BASELINE,NEW_DATA,22.1100,92.2912,nan
2034,BASELINE,NEW_DATA,22.1003,92.2912,nan
2035,BASELINE,NEW_DATA,22.1031,92.2912,nan
2036,BASELINE,NEW_DATA,22.0975,92.2912,nan
2037,BASELINE,NEW_DATA,22.1003,92.2912,nan
2038,BASELINE,NEW_DATA,22.1017,92.2912,nan
2039,BASELINE,NEW_DATA,22.1031,92.2912,nan
2040,BASELINE,NEW_DATA,22.1003,92.2912,nan
2041,BASELINE,NEW_DATA,22.1003,92.2912,nan
2042,BASELINE,NEW_DATA,22.0975,92.2912,nan
2043,BASELINE,NEW_DATA,22.1003,92.2912,nan
2044,BASELINE,NEW_DATA,22.0947,92.2912,nan
2045,BASELINE,NEW_DATA,22.0906,92.2912,nan
2046,BASELINE,NEW_DATA,22.0864,92.2912,nan
2047,BASELINE,NEW_DATA,22.0850,91.8054,nan
2048,BASELINE,NEW_DATA,22.0864,91.8054,nan
2049,BASELINE,NEW_DATA,22.0822,91.8054,nan
2050,BASELINE,NEW_DATA,22.0822,91.8054,nan
2051,BASELINE,NEW_DATA,22.0836,91.8054,nan
2052,BASELINE,NEW_DATA,22.0753,91.8054,nan
2053,BASELINE,NEW_DATA,22.0725,91.8054,nan
2054,BASELINE,NEW_DATA,22.0725,91.8054,nan
2055,BASELINE,NEW_DATA,22.0753,91.8054,nan
2056,BASELINE,NEW_DATA,22.0656,91.8054,nan
2057,BASELINE,NEW_DATA,22.0628,91.8054,nan
2058,BASELINE,NEW_DATA,22.0573,91.8054,nan
2059,BASELINE,NEW_DATA,22.0614,91.8054,nan
2060,BASELINE,NEW_DATA,22.0545,91.8054,nan
2061,BASELINE,NEW_DATA,22.0545,91.8054,nan
2062,BASELINE,NEW_DATA,22.0559,91.8054,nan
2063,BASELINE,NEW_DATA,22.0559,91.8054,nan
2064,BASELINE,NEW_DATA,22.0490,91.8054,nan
2065,BASELINE,NEW_DATA,22.0490,91.8054,nan
2066,BASELINE,NEW_DATA,22.0545,91.8054,nan
2067,BASELINE,NEW_DATA,22.0587,91.8054,nan
2068,BASELINE,NEW_DATA,22.0392,91.8054,nan
2069,BASELINE,NEW_DATA,22.0392,91.8054,nan
2070,BASELINE,NEW_DATA,22.0337,91.8054,nan
2071,BASELINE,NEW_DATA,22.0337,91.8054,nan
2072,BASELINE,NEW_DATA,22.0351,91.5770,nan
2073,BASELINE,NEW_DATA,22.0309,91.5770,nan
2074,BASELINE,NEW_DATA,22.0281,91.5770,nan
2075,BASELINE,NEW_DATA,22.0323,91.5770,nan
2076,BASELINE,NEW_DATA,22.0323,91.5770,nan
2077,BASELINE,NEW_DATA,22.0309,91.5770,nan
2078,BASELINE,NEW_DATA,22.0295,91.5770,nan
2079,BASELINE,NEW_DATA,22.0243,91.5770,nan
2080,BASELINE,NEW_DATA,22.0198,91.5770,nan
2081,BASELINE,NEW_DATA,22.0157,91.5770,nan
2082,BASELINE,NEW_DATA,22.0184,91.5770,nan
2083,BASELINE,NEW_DATA,22.0157,91.5770,nan
2084,BASELINE,NEW_DATA,22.0143,91.5770,nan
2085,BASELINE,NEW_DATA,22.0101,91.5770,nan
2086,BASELINE,NEW_DATA,22.0087,91.5770,nan
2087,BASELINE,NEW_DATA,22.0018,91.5770,nan
2088,BASELINE,NEW_DATA,21.9976,91.5770,nan
2089,BASELINE,NEW_DATA,21.9976,91.5770,nan
2090,BASELINE,NEW_DATA,21.9935,91.5770,nan
2091,BASELINE,NEW_DATA,21.9907,91.5770,nan
2092,BASELINE,NEW_DATA,21.9893,91.5770,nan
2093,BASELINE,NEW_DATA,21.9838,91.5770,nan
2094,BASELINE,NEW_DATA,21.9893,91.5770,nan
2095,BASELINE,NEW_DATA,21.9838,91.5770,nan
2096,BASELINE,NEW_DATA,21.9796,91.2024,nan
2097,BASELINE,NEW_DATA,21.9754,91.2024,nan
2098,BASELINE,NEW_DATA,21.9713,91.2024,nan
2099,BASELINE,NEW_DATA,21.9699,91.2024,nan
2100,BASELINE,NEW_DATA,21.9796,91.2024,nan
2101,BASELINE,NEW_DATA,21.9671,91.2024,nan
2102,BASELINE,NEW_DATA,21.9574,91.2024,nan
2103,BASELINE,NEW_DATA,21.9491,91.2024,nan
2104,BASELINE,NEW_DATA,21.9574,91.2024,nan
2105,BASELINE,NEW_DATA,21.9532,91.2024,nan
2106,BASELINE,NEW_DATA,21.9505,91.2024,nan
2107,BASELINE,NEW_DATA,21.9491,91.2024,nan
2108,BASELINE,NEW_DATA,21.9449,91.2024,nan
2109,BASELINE,NEW_DATA,21.9491,91.2024,nan
2110,BASELINE,NEW_DATA,21.9449,91.2024,nan
2111,BASELINE,NEW_DATA,21.9449,91.2024,nan
2112,BASELINE,NEW_DATA,21.9435,91.2024,nan
2113,BASELINE,NEW_DATA,21.9352,91.2024,nan
2114,BASELINE,NEW_DATA,21.9394,91.2024,nan
2115,BASELINE,NEW_DATA,21.9338,91.2024,nan
2116,BASELINE,NEW_DATA,21.9352,91.2024,nan
2117,BASELINE,NEW_DATA,21.9324,91.2024,nan
2118,BASELINE,NEW_DATA,21.9199,91.2024,nan
2119,BASELINE,NEW_DATA,21.9241,91.2024,nan
2120,BASELINE,NEW_DATA,21.9199,91.2024,nan
2121,BASELINE,NEW_DATA,21.9186,91.1337,nan
2122,BASELINE,NEW_DATA,21.9144,91.1337,nan
2123,BASELINE,NEW_DATA,21.9144,91.1337,nan
2124,BASELINE,NEW_DATA,21.9144,91.1337,nan
2125,BASELINE,NEW_DATA,21.9075,91.1337,nan
2126,BASELINE,NEW_DATA,21.9088,91.1337,nan
2127,BASELINE,NEW_DATA,21.9102,91.1337,nan
2128,BASELINE,NEW_DATA,21.9075,91.1337,nan
2129,BASELINE,NEW_DATA,21.9061,91.1337,nan
2130,BASELINE,NEW_DATA,21.9061,91.1337,nan
2131,BASELINE,NEW_DATA,21.9019,91.1337,nan
2132,BASELINE,NEW_DATA,21.9033,91.1337,nan
2133,BASELINE,NEW_DATA,21.9116,91.1337,nan
2134,BASELINE,NEW_DATA,21.9005,91.1337,nan
2135,BASELINE,NEW_DATA,21.8922,91.1337,nan
2136,BASELINE,NEW_DATA,21.8908,91.1337,nan
2137,BASELINE,NEW_DATA,21.8922,91.1337,nan
2138,BASELINE,NEW_DATA,21.8922,91.1337,nan
2139,BASELINE,NEW_DATA,21.8894,91.1337,nan
2140,BASELINE,NEW_DATA,21.8922,91.1337,nan
2141,BASELINE,NEW_DATA,21.8977,91.1337,nan
2142,BASELINE,NEW_DATA,21.8950,91.1337,nan
2143,BASELINE,NEW_DATA,21.8964,91.1337,nan
2144,BASELINE,NEW_DATA,21.8922,91.1337,nan
2145,BASELINE,NEW_DATA,21.8922,90.9142,nan
2146,BASELINE,NEW_DATA,21.8964,90.9142,nan
2147,BASELINE,NEW_DATA,21.8936,90.9142,nan
2148,BASELINE,NEW_DATA,21.8894,90.9142,nan
2149,BASELINE,NEW_DATA,21.8880,90.9142,nan
2150,BASELINE,NEW_DATA,21.8867,90.9142,nan
2151,BASELINE,NEW_DATA,21.8867,90.9142,nan
2152,BASELINE,NEW_DATA,21.8853,90.9142,nan
2153,BASELINE,NEW_DATA,21.8783,90.9142,nan
2154,BASELINE,NEW_DATA,21.8860,90.9142,nan
2155,BASELINE,NEW_DATA,21.8867,90.9142,nan
2156,BASELINE,NEW_DATA,21.8783,90.9142,nan
2157,BASELINE,NEW_DATA,21.8811,90.9142,nan
2158,BASELINE,NEW_DATA,21.8853,90.9142,nan
2159,BASELINE,NEW_DATA,21.8825,90.9142,nan
2160,BASELINE,NEW_DATA,21.8825,90.9142,nan
2161,BASELINE,NEW_DATA,21.8825,90.9142,nan
2162,BASELINE,NEW_DATA,21.8811,90.9142,nan
2163,BASELINE,NEW_DATA,21.8811,90.9142,nan
2164,BASELINE,NEW_DATA,21.8880,90.9142,nan
2165,BASELINE,NEW_DATA,21.9033,90.9142,nan
2166,BASELINE,NEW_DATA,21.8825,90.9142,nan
2167,BASELINE,NEW_DATA,21.8853,90.9142,nan
2168,BASELINE,NEW_DATA,21.8880,90.7632,nan
2169,BASELINE,NEW_DATA,21.8894,90.7632,nan
2170,BASELINE,NEW_DATA,21.8922,90.7632,nan
2171,BASELINE,NEW_DATA,21.8922,90.7632,nan
2172,BASELINE,NEW_DATA,21.8977,90.7632,nan
2173,BASELINE,NEW_DATA,21.9019,90.7632,nan
2174,BASELINE,NEW_DATA,21.9061,90.7632,nan
2175,BASELINE,NEW_DATA,21.9144,90.7632,nan
2176,BASELINE,NEW_DATA,21.9172,90.7632,nan
2177,BASELINE,NEW_DATA,21.9172,90.7632,nan
2178,BASELINE,NEW_DATA,21.9227,90.7632,nan
2179,BASELINE,NEW_DATA,21.9283,90.7632,nan
2180,BASELINE,NEW_DATA,21.9283,90.7632,nan
2181,BASELINE,NEW_DATA,21.9297,90.7632,nan
2182,BASELINE,NEW_DATA,21.9297,90.7632,nan
2183,BASELINE,NEW_DATA,21.9338,90.7632,nan
2184,BASELINE,NEW_DATA,21.9338,90.7632,nan
2185,BASELINE,NEW_DATA,21.9366,90.7632,nan
2186,BASELINE,NEW_DATA,21.9366,90.7632,nan
2187,BASELINE,NEW_DATA,21.9366,90.7632,nan
2188,BASELINE,NEW_DATA,21.9463,90.7632,nan
2189,BASELINE,NEW_DATA,21.9477,90.7632,nan
2190,BASELINE,NEW_DATA,21.9477,90.7632,nan
2191,BASELINE,NEW_DATA,21.9550,90.7632,nan
2192,BASELINE,NEW_DATA,21.9505,90.7632,nan
2193,BASELINE,NEW_DATA,21.9532,90.7131,nan
2194,BASELINE,NEW_DATA,21.9574,90.7131,nan
2195,BASELINE,NEW_DATA,21.9643,90.7131,nan
2196,BASELINE,NEW_DATA,21.9740,90.7131,nan
2197,BASELINE,NEW_DATA,21.9643,90.7131,nan
2198,BASELINE,NEW_DATA,21.9629,90.7131,nan
2199,BASELINE,NEW_DATA,21.9671,90.7131,nan
2200,BASELINE,NEW_DATA,21.9671,90.7131,nan
2201,BASELINE,NEW_DATA,21.9782,90.7131,nan
2202,BASELINE,NEW_DATA,21.9796,90.7131,nan
2203,BASELINE,NEW_DATA,21.9782,90.7131,nan
2204,BASELINE,NEW_DATA,21.9838,90.7131,nan
2205,BASELINE,NEW_DATA,21.9838,90.7131,nan
2206,BASELINE,NEW_DATA,21.9838,90.7131,nan
2207,BASELINE,NEW_DATA,21.9865,90.7131,nan
2208,BASELINE,NEW_DATA,21.9893,90.7131,nan
2209,BASELINE,NEW_DATA,21.9921,90.7131,nan
2210,BASELINE,NEW_DATA,21.9949,90.7131,nan
2211,BASELINE,NEW_DATA,21.9976,90.7131,nan
2212,BASELINE,NEW_DATA,21.9990,90.7131,nan
2213,BASELINE,NEW_DATA,22.0018,90.7131,nan
2214,BASELINE,NEW_DATA,22.0018,90.7131,nan
2215,BASELINE,NEW_DATA,22.0032,90.7131,nan
2216,BASELINE,NEW_DATA,22.0073,90.7131,nan
2217,BASELINE,NEW_DATA,22.0018,90.7236,nan
2218,BASELINE,NEW_DATA,22.0073,90.7236,nan
2219,BASELINE,NEW_DATA,22.0101,90.7236,nan
2220,BASELINE,NEW_DATA,22.0101,90.7236,nan
2221,BASELINE,NEW_DATA,22.0087,90.7236,nan
2222,BASELINE,NEW_DATA,22.0004,90.7236,nan
2223,BASELINE,NEW_DATA,22.0101,90.7236,nan
2224,BASELINE,NEW_DATA,22.0087,90.7236,nan
2225,BASELINE,NEW_DATA,22.0115,90.7236,nan
2226,BASELINE,NEW_DATA,22.0198,90.7236,nan
2227,BASELINE,NEW_DATA,22.0115,90.7236,nan
2228,BASELINE,NEW_DATA,22.0087,90.7236,nan
2229,BASELINE,NEW_DATA,22.0101,90.7236,nan
2230,BASELINE,NEW_DATA,22.0101,90.7236,nan
2231,BASELINE,NEW_DATA,22.0073,90.7236,nan
2232,BASELINE,NEW_DATA,22.0129,90.7236,nan
2233,BASELINE,NEW_DATA,22.0143,90.7236,nan
2234,BASELINE,NEW_DATA,22.0115,90.7236,nan
2235,BASELINE,NEW_DATA,22.0157,90.7236,nan
2236,BASELINE,NEW_DATA,22.0184,90.7236,nan
2237,BASELINE,NEW_DATA,22.0226,90.7236,nan
2238,BASELINE,NEW_DATA,22.0170,90.7236,nan
2239,BASELINE,NEW_DATA,22.0212,90.7236,nan
2240,BASELINE,NEW_DATA,22.0170,90.7236,nan
2241,BASELINE,NEW_DATA,22.0191,90.9185,nan
2242,BASELINE,NEW_DATA,22.0157,90.9185,nan
2243,BASELINE,NEW_DATA,22.0170,90.9185,nan
2244,BASELINE,NEW_DATA,22.0129,90.9185,nan
2245,BASELINE,NEW_DATA,22.0115,90.9185,nan
2246,BASELINE,NEW_DATA,22.0101,90.9185,nan
2247,BASELINE,NEW_DATA,22.0101,90.9185,nan
2248,BASELINE,NEW_DATA,22.0101,90.9185,nan
2249,BASELINE,NEW_DATA,22.0087,90.9185,nan
2250,BASELINE,NEW_DATA,22.0115,90.9185,nan
2251,BASELINE,NEW_DATA,22.0087,90.9185,nan
2252,BASELINE,NEW_DATA,22.0032,90.9185,nan
2253,BASELINE,NEW_DATA,22.0032,90.9185,nan
2254,BASELINE,NEW_DATA,21.9990,90.9185,nan
2255,BASELINE,NEW_DATA,22.0101,90.9185,nan
2256,BASELINE,NEW_DATA,22.0143,90.9185,nan
2257,BASELINE,NEW_DATA,21.9921,90.9185,nan
2258,BASELINE,NEW_DATA,21.9962,90.9185,nan
2259,BASELINE,NEW_DATA,21.9976,90.9185,nan
2260,BASELINE,NEW_DATA,21.9976,90.9185,nan
2261,BASELINE,NEW_DATA,21.9921,90.9185,nan
2262,BASELINE,NEW_DATA,21.9962,90.9185,nan
2263,BASELINE,NEW_DATA,21.9921,90.9185,nan
2264,BASELINE,NEW_DATA,21.9865,90.9185,nan
2265,BASELINE,NEW_DATA,21.9921,91.0384,nan
2266,BASELINE,NEW_DATA,21.9893,91.0384,nan
2267,BASELINE,NEW_DATA,21.9865,91.0384,nan
2268,BASELINE,NEW_DATA,21.9851,91.0384,nan
2269,BASELINE,NEW_DATA,21.9796,91.0384,nan
2270,BASELINE,NEW_DATA,21.9782,91.0384,nan
2271,BASELINE,NEW_DATA,21.9768,91.0384,nan
2272,BASELINE,NEW_DATA,21.9754,91.0384,nan
2273,BASELINE,NEW_DATA,21.9796,91.0384,nan
2274,BASELINE,NEW_DATA,21.9727,91.0384,nan
2275,BASELINE,NEW_DATA,21.9740,91.0384,nan
2276,BASELINE,NEW_DATA,21.9727,91.0384,nan
2277,BASELINE,NEW_DATA,21.9699,91.0384,nan
2278,BASELINE,NEW_DATA,21.9740,91.0384,nan
2279,BASELINE,NEW_DATA,21.9740,91.0384,nan
2280,BASELINE,NEW_DATA,21.9685,91.0384,nan
2281,BASELINE,NEW_DATA,21.9657,91.0384,nan
2282,BASELINE,NEW_DATA,21.9699,91.0384,nan
2283,BASELINE,NEW_DATA,21.9685,91.0384,nan
2284,BASELINE,NEW_DATA,21.9740,91.0384,nan
2285,BASELINE,NEW_DATA,21.9824,91.0384,nan
2286,BASELINE,NEW_DATA,21.9657,91.0384,nan
2287,BASELINE,NEW_DATA,21.9588,91.0384,nan
2288,BASELINE,NEW_DATA,21.9602,91.0384,nan
2289,BASELINE,NEW_DATA,21.9560,91.0384,nan
2290,BASELINE,NEW_DATA,21.9560,90.9463,nan
2291,BASELINE,NEW_DATA,21.9574,90.9463,nan
2292,BASELINE,NEW_DATA,21.9546,90.9463,nan
2293,BASELINE,NEW_DATA,21.9546,90.9463,nan
2294,BASELINE,NEW_DATA,21.9602,90.9463,nan
2295,BASELINE,NEW_DATA,21.9588,90.9463,nan
2296,BASELINE,NEW_DATA,21.9505,90.9463,nan
2297,BASELINE,NEW_DATA,21.9560,90.9463,nan
2298,BASELINE,NEW_DATA,21.9477,90.9463,nan
2299,BASELINE,NEW_DATA,21.9518,90.9463,nan
2300,BASELINE,NEW_DATA,21.9505,90.9463,nan
2301,BASELINE,NEW_DATA,21.9463,90.9463,nan
2302,BASELINE,NEW_DATA,21.9477,90.9463,nan
2303,BASELINE,NEW_DATA,21.9491,90.9463,nan
2304,BASELINE,NEW_DATA,21.9477,90.9463,nan
2305,BASELINE,NEW_DATA,21.9491,90.9463,nan
2306,BASELINE,NEW_DATA,21.9463,90.9463,nan
2307,BASELINE,NEW_DATA,21.9546,90.9463,nan
2308,BASELINE,NEW_DATA,21.9477,90.9463,nan
2309,BASELINE,NEW_DATA,21.9449,90.9463,nan
2310,BASELINE,NEW_DATA,21.9463,90.9463,nan
2311,BASELINE,NEW_DATA,21.9449,90.9463,nan
2312,BASELINE,NEW_DATA,21.9421,90.9463,nan
2313,BASELINE,NEW_DATA,21.9588,90.9463,nan
2314,BASELINE,NEW_DATA,21.9532,91.0875,nan
2315,BASELINE,NEW_DATA,21.9449,91.0875,nan
2316,BASELINE,NEW_DATA,21.9394,91.0875,nan
2317,BASELINE,NEW_DATA,21.9394,91.0875,nan
2318,BASELINE,NEW_DATA,21.9366,91.0875,nan
2319,BASELINE,NEW_DATA,21.9394,91.0875,nan
2320,BASELINE,NEW_DATA,21.9366,91.0875,nan
2321,BASELINE,NEW_DATA,21.9380,91.0875,nan
2322,BASELINE,NEW_DATA,21.9394,91.0875,nan
2323,BASELINE,NEW_DATA,21.9477,91.0875,nan
2324,BASELINE,NEW_DATA,21.9421,91.0875,nan
2325,BASELINE,NEW_DATA,21.9394,91.0875,nan
2326,BASELINE,NEW_DATA,21.9435,91.0875,nan
2327,BASELINE,NEW_DATA,21.9394,91.0875,nan
2328,BASELINE,NEW_DATA,21.9394,91.0875,nan
2329,BASELINE,NEW_DATA,21.9394,91.0875,nan
2330,BASELINE,NEW_DATA,21.9352,91.0875,nan
2331,BASELINE,NEW_DATA,21.9338,91.0875,nan
2332,BASELINE,NEW_DATA,21.9421,91.0875,nan
2333,BASELINE,NEW_DATA,21.9352,91.0875,nan
2334,BASELINE,NEW_DATA,21.9310,91.0875,nan
2335,BASELINE,NEW_DATA,21.9324,91.0875,nan
2336,BASELINE,NEW_DATA,21.9255,91.0875,nan
2337,BASELINE,NEW_DATA,21.9227,91.0875,nan
2338,BASELINE,NEW_DATA,21.9283,91.1957,nan
2339,BASELINE,NEW_DATA,21.9241,91.1957,nan
2340,BASELINE,NEW_DATA,21.9227,91.1957,nan
2341,BASELINE,NEW_DATA,21.9227,91.1957,nan
2342,BASELINE,NEW_DATA,21.9408,91.1957,nan
2343,BASELINE,NEW_DATA,21.9227,91.1957,nan
2344,BASELINE,NEW_DATA,21.9144,91.1957,nan
2345,BASELINE,NEW_DATA,21.9186,91.1957,nan
2346,BASELINE,NEW_DATA,21.9158,91.1957,nan
2347,BASELINE,NEW_DATA,21.9172,91.1957,nan
2348,BASELINE,NEW_DATA,21.9199,91.1957,nan
2349,BASELINE,NEW_DATA,21.9213,91.1957,nan
2350,BASELINE,NEW_DATA,21.9199,91.1957,nan
2351,BASELINE,NEW_DATA,21.9199,91.1957,nan
2352,BASELINE,NEW_DATA,21.9241,91.1957,nan
2353,BASELINE,NEW_DATA,21.9241,91.1957,nan
2354,BASELINE,NEW_DATA,21.9227,91.1957,nan
2355,BASELINE,NEW_DATA,21.9283,91.1957,nan
2356,BASELINE,NEW_DATA,21.9227,91.1957,nan
2357,BASELINE,NEW_DATA,21.9186,91.1957,nan
2358,BASELINE,NEW_DATA,21.9199,91.1957,nan
2359,BASELINE,NEW_DATA,21.9186,91.1957,nan
2360,BASELINE,NEW_DATA,21.9213,91.1957,nan
2361,BASELINE,NEW_DATA,21.9199,91.1957,nan
2362,BASELINE,NEW_DATA,21.9172,91.1957,nan
2363,BASELINE,NEW_DATA,21.9144,91.3621,nan
2364,BASELINE,NEW_DATA,21.9172,91.3621,nan
2365,BASELINE,NEW_DATA,21.9158,91.3621,nan
2366,BASELINE,NEW_DATA,21.9158,91.3621,nan
2367,BASELINE,NEW_DATA,21.9172,91.3621,nan
2368,BASELINE,NEW_DATA,21.9130,91.3621,nan
2369,BASELINE,NEW_DATA,21.9116,91.3621,nan
2370,BASELINE,NEW_DATA,21.9088,91.3621,nan
2371,BASELINE,NEW_DATA,21.9158,91.3621,nan
2372,BASELINE,NEW_DATA,21.9269,91.3621,nan
2373,BASELINE,NEW_DATA,21.9088,91.3621,nan
2374,BASELINE,NEW_DATA,21.9075,91.3621,nan
2375,BASELINE,NEW_DATA,21.9047,91.3621,nan
2376,BASELINE,NEW_DATA,21.9033,91.3621,nan
2377,BASELINE,NEW_DATA,21.8991,91.3621,nan
2378,BASELINE,NEW_DATA,21.8964,91.3621,nan
2379,BASELINE,NEW_DATA,21.9047,91.3621,nan
2380,BASELINE,NEW_DATA,21.9033,91.3621,nan
2381,BASELINE,NEW_DATA,21.9061,91.3621,nan
2382,BASELINE,NEW_DATA,21.9033,91.3621,nan
2383,BASELINE,NEW_DATA,21.9033,91.3621,nan
2384,BASELINE,NEW_DATA,21.9033,91.3621,nan
2385,BASELINE,NEW_DATA,21.9005,91.3621,nan
2386,BASELINE,NEW_DATA,21.8991,91.3621,nan
2387,BASELINE,NEW_DATA,21.9033,91.3080,nan
2388,BASELINE,NEW_DATA,21.9005,91.3080,nan
2389,BASELINE,NEW_DATA,21.9005,91.3080,nan
2390,BASELINE,NEW_DATA,21.8964,91.3080,nan
2391,BASELINE,NEW_DATA,21.9019,91.3080,nan
2392,BASELINE,NEW_DATA,21.9047,91.3080,nan
2393,BASELINE,NEW_DATA,21.9047,91.3080,nan
2394,BASELINE,NEW_DATA,21.9005,91.3080,nan
2395,BASELINE,NEW_DATA,21.8977,91.3080,nan
2396,BASELINE,NEW_DATA,21.9061,91.3080,nan
2397,BASELINE,NEW_DATA,21.9033,91.3080,nan
2398,BASELINE,NEW_DATA,21.9005,91.3080,nan
2399,BASELINE,NEW_DATA,21.8977,91.3080,nan
2400,BASELINE,NEW_DATA,21.9005,91.3080,nan
2401,BASELINE,NEW_DATA,21.9061,91.3080,nan
2402,BASELINE,NEW_DATA,21.9144,91.3080,nan
2403,BASELINE,NEW_DATA,21.8922,91.3080,nan
2404,BASELINE,NEW_DATA,21.8964,91.3080,nan
2405,BASELINE,NEW_DATA,21.8908,91.3080,nan
2406,BASELINE,NEW_DATA,21.8894,91.3080,nan
2407,BASELINE,NEW_DATA,21.8950,91.3080,nan
2408,BASELINE,NEW_DATA,21.8977,91.3080,nan
2409,BASELINE,NEW_DATA,21.8950,91.3080,nan
2410,BASELINE,NEW_DATA,21.8977,91.3080,nan
2411,BASELINE,NEW_DATA,21.9088,91.3080,nan
2412,BASELINE,NEW_DATA,21.9144,91.1622,nan
2413,BASELINE,NEW_DATA,21.9227,91.1622,nan
2414,BASELINE,NEW_DATA,21.9380,91.1622,nan
2415,BASELINE,NEW_DATA,21.9449,91.1622,nan
2416,BASELINE,NEW_DATA,21.9518,91.1622,nan
2417,BASELINE,NEW_DATA,21.9616,91.1622,nan
2418,BASELINE,NEW_DATA,21.9727,91.1622,nan
2419,BASELINE,NEW_DATA,21.9865,91.1622,nan
2420,BASELINE,NEW_DATA,21.9893,91.1622,nan
2421,BASELINE,NEW_DATA,21.9976,91.1622,nan
2422,BASELINE,NEW_DATA,22.0059,91.1622,nan
2423,BASELINE,NEW_DATA,22.0115,91.1622,nan
2424,BASELINE,NEW_DATA,22.0184,91.1622,nan
2425,BASELINE,NEW_DATA,22.0240,91.1622,nan
2426,BASELINE,NEW_DATA,22.0170,91.1622,nan
2427,BASELINE,NEW_DATA,22.0240,91.1622,nan
2428,BASELINE,NEW_DATA,22.0184,91.1622,nan
2429,BASELINE,NEW_DATA,22.0115,91.1622,nan
2430,BASELINE,NEW_DATA,22.0073,91.1622,nan
2431,BASELINE,NEW_DATA,22.0004,91.1622,nan
2432,BASELINE,NEW_DATA,22.0101,91.1622,nan
2433,BASELINE,NEW_DATA,21.9851,91.1622,nan
2434,BASELINE,NEW_DATA,21.9824,91.1622,nan
2435,BASELINE,NEW_DATA,21.9838,91.1622,nan
2436,BASELINE,NEW_DATA,21.9879,90.9349,nan
2437,BASELINE,NEW_DATA,21.9879,90.9349,nan
2438,BASELINE,NEW_DATA,21.9921,90.9349,nan
2439,BASELINE,NEW_DATA,21.9907,90.9349,nan
2440,BASELINE,NEW_DATA,21.9921,90.9349,nan
2441,BASELINE,NEW_DATA,21.9976,90.9349,nan
2442,BASELINE,NEW_DATA,21.9976,90.9349,nan
2443,BASELINE,NEW_DATA,21.9976,90.9349,nan
2444,BASELINE,NEW_DATA,21.9921,90.9349,nan
2445,BASELINE,NEW_DATA,21.9935,90.9349,nan
2446,BASELINE,NEW_DATA,21.9865,90.9349,nan
2447,BASELINE,NEW_DATA,21.9921,90.9349,nan
2448,BASELINE,NEW_DATA,21.9851,90.9349,nan
2449,BASELINE,NEW_DATA,21.9838,90.9349,nan
2450,BASELINE,NEW_DATA,21.9824,90.9349,nan
2451,BASELINE,NEW_DATA,21.9754,90.9349,nan
2452,BASELINE,NEW_DATA,21.9740,90.9349,nan
2453,BASELINE,NEW_DATA,21.9643,90.9349,nan
2454,BASELINE,NEW_DATA,21.9629,90.9349,nan
2455,BASELINE,NEW_DATA,21.9629,90.9349,nan
2456,BASELINE,NEW_DATA,21.9588,90.9349,nan
2457,BASELINE,NEW_DATA,21.9629,90.9349,nan
2458,BASELINE,NEW_DATA,21.9727,90.9349,nan
2459,BASELINE,NEW_DATA,21.9699,90.9349,nan
2460,BASELINE,NEW_DATA,21.9727,90.7431,nan
2461,BASELINE,NEW_DATA,21.9810,90.7431,nan
2462,BASELINE,NEW_DATA,21.9851,90.7431,nan
2463,BASELINE,NEW_DATA,22.0032,90.7431,nan
2464,BASELINE,NEW_DATA,21.9921,90.7431,nan
2465,BASELINE,NEW_DATA,21.9824,90.7431,nan
2466,BASELINE,NEW_DATA,21.9851,90.7431,nan
2467,BASELINE,NEW_DATA,21.9796,90.7431,nan
2468,BASELINE,NEW_DATA,21.9754,90.7431,nan
2469,BASELINE,NEW_DATA,21.9824,90.7431,nan
2470,BASELINE,NEW_DATA,21.9671,90.7431,nan
2471,BASELINE,NEW_DATA,21.9671,90.7431,nan
2472,BASELINE,NEW_DATA,21.9643,90.7431,nan
2473,BASELINE,NEW_DATA,21.9616,90.7431,nan
2474,BASELINE,NEW_DATA,21.9602,90.7431,nan
2475,BASELINE,NEW_DATA,21.9616,90.7431,nan
2476,BASELINE,NEW_DATA,21.9574,90.7431,nan
2477,BASELINE,NEW_DATA,21.9588,90.7431,nan
2478,BASELINE,NEW_DATA,21.9574,90.7431,nan
2479,BASELINE,NEW_DATA,21.9643,90.7431,nan
2480,BASELINE,NEW_DATA,21.9740,90.7431,nan
2481,BASELINE,NEW_DATA,21.9727,90.7431,nan
2482,BASELINE,NEW_DATA,21.9727,90.7431,nan
2483,BASELINE,NEW_DATA,21.9768,90.7431,nan
2484,BASELINE,NEW_DATA,21.9740,90.5518,nan
2485,BASELINE,NEW_DATA,21.9768,90.5518,nan
2486,BASELINE,NEW_DATA,21.9768,90.5518,nan
2487,BASELINE,NEW_DATA,21.9768,90.5518,nan
2488,BASELINE,NEW_DATA,21.9824,90.5518,nan
2489,BASELINE,NEW_DATA,21.9810,90.5518,nan
2490,BASELINE,NEW_DATA,21.9838,90.5518,nan
2491,BASELINE,NEW_DATA,21.9810,90.5518,nan
2492,BASELINE,NEW_DATA,21.9838,90.5518,nan
2493,BASELINE,NEW_DATA,21.9782,90.5518,nan
2494,BASELINE,NEW_DATA,21.9879,90.5518,nan
2495,BASELINE,NEW_DATA,21.9921,90.5518,nan
2496,BASELINE,NEW_DATA,21.9643,90.5518,nan
2497,BASELINE,NEW_DATA,21.9671,90.5518,nan
2498,BASELINE,NEW_DATA,21.9671,90.5518,nan
2499,BASELINE,NEW_DATA,21.9588,90.5518,nan
2500,BASELINE,NEW_DATA,21.9616,90.5518,nan
2501,BASELINE,NEW_DATA,21.9477,90.5518,nan
2502,BASELINE,NEW_DATA,21.9394,90.5518,nan
2503,BASELINE,NEW_DATA,21.9421,90.5518,nan
2504,BASELINE,NEW_DATA,21.9352,90.5518,nan
2505,BASELINE,NEW_DATA,21.9338,90.5518,nan
2506,BASELINE,NEW_DATA,21.9310,90.5518,nan
2507,BASELINE,NEW_DATA,21.9352,90.5518,nan
2508,BASELINE,NEW_DATA,21.9283,90.5518,nan
2509,BASELINE,NEW_DATA,21.9227,90.4159,nan
2510,BASELINE,NEW_DATA,21.9227,90.4159,nan
2511,BASELINE,NEW_DATA,21.9213,90.4159,nan
2512,BASELINE,NEW_DATA,21.9130,90.4159,nan
2513,BASELINE,NEW_DATA,21.9116,90.4159,nan
2514,BASELINE,NEW_DATA,21.9130,90.4159,nan
2515,BASELINE,NEW_DATA,21.9116,90.4159,nan
2516,BASELINE,NEW_DATA,21.9088,90.4159,nan
2517,BASELINE,NEW_DATA,21.9047,90.4159,nan
2518,BASELINE,NEW_DATA,21.9033,90.4159,nan
2519,BASELINE,NEW_DATA,21.9033,90.4159,nan
2520,BASELINE,NEW_DATA,21.9033,90.4159,nan
2521,BASELINE,NEW_DATA,21.8936,90.4159,nan
2522,BASELINE,NEW_DATA,21.8922,90.4159,nan
2523,BASELINE,NEW_DATA,21.8880,90.4159,nan
2524,BASELINE,NEW_DATA,21.8853,90.4159,nan
2525,BASELINE,NEW_DATA,21.9033,90.4159,nan
2526,BASELINE,NEW_DATA,21.8950,90.4159,nan
2527,BASELINE,NEW_DATA,21.8880,90.4159,nan
2528,BASELINE,NEW_DATA,21.8894,90.4159,nan
2529,BASELINE,NEW_DATA,21.8880,90.4159,nan
2530,BASELINE,NEW_DATA,21.8964,90.4159,nan
2531,BASELINE,NEW_DATA,21.8922,90.4159,nan
2532,BASELINE,NEW_DATA,21.8894,90.4159,nan
2533,BASELINE,NEW_DATA,21.8964,90.4159,nan
2534,BASELINE,NEW_DATA,21.8991,90.4159,nan
2535,BASELINE,NEW_DATA,21.8950,90.4159,nan
2536,BASELINE,NEW_DATA,21.8936,90.4159,nan
2537,BASELINE,NEW_DATA,21.8950,90.4159,nan
2538,BASELINE,NEW_DATA,21.8950,90.4159,nan
2539,BASELINE,NEW_DATA,21.8936,90.4159,nan
2540,BASELINE,NEW_DATA,21.8950,90.4159,nan
2541,BASELINE,NEW_DATA,21.8880,90.4159,nan
2542,BASELINE,NEW_DATA,21.8880,90.4159,nan
2543,BASELINE,NEW_DATA,21.8867,90.4159,nan
2544,BASELINE,NEW_DATA,21.8839,90.4159,nan
2545,BASELINE,NEW_DATA,21.8867,90.4159,nan
2546,BASELINE,NEW_DATA,21.8867,90.4159,nan
2547,BASELINE,NEW_DATA,21.8839,90.4159,nan
2548,BASELINE,NEW_DATA,21.8880,90.4159,nan
2549,BASELINE,NEW_DATA,21.8839,90.4159,nan
2550,BASELINE,NEW_DATA,21.8853,90.4159,nan
2551,BASELINE,NEW_DATA,21.8839,90.4159,nan
2552,BASELINE,NEW_DATA,21.8811,90.4159,nan
2553,BASELINE,NEW_DATA,21.8811,90.4159,nan
2554,BASELINE,NEW_DATA,21.8783,90.4159,nan
2555,BASELINE,NEW_DATA,21.8783,90.4159,nan
2556,BASELINE,NEW_DATA,21.8825,90.4159,nan
2557,BASELINE,NEW_DATA,21.8867,90.4159,nan
2558,BASELINE,NEW_DATA,21.8672,90.4125,nan
2559,BASELINE,NEW_DATA,21.8700,90.4125,nan
2560,BASELINE,NEW_DATA,21.8645,90.4125,nan
2561,BASELINE,NEW_DATA,21.8672,90.4125,nan
2562,BASELINE,NEW_DATA,21.8658,90.4125,nan
2563,BASELINE,NEW_DATA,21.8658,90.4125,nan
2564,BASELINE,NEW_DATA,21.8714,90.4125,nan
2565,BASELINE,NEW_DATA,21.8672,90.4125,nan
2566,BASELINE,NEW_DATA,21.8700,90.4125,nan
2567,BASELINE,NEW_DATA,21.8686,90.4125,nan
2568,BASELINE,NEW_DATA,21.8645,90.4125,nan
2569,BASELINE,NEW_DATA,21.8672,90.4125,nan
2570,BASELINE,NEW_DATA,21.8645,90.4125,nan
2571,BASELINE,NEW_DATA,21.8617,90.4125,nan
2572,BASELINE,NEW_DATA,21.8617,90.4125,nan
2573,BASELINE,NEW_DATA,21.8603,90.4125,nan
2574,BASELINE,NEW_DATA,21.8547,90.4125,nan
2575,BASELINE,NEW_DATA,21.8561,90.4125,nan
2576,BASELINE,NEW_DATA,21.8520,90.4125,nan
2577,BASELINE,NEW_DATA,21.8547,90.4125,nan
2578,BASELINE,NEW_DATA,21.8478,90.4125,nan
2579,BASELINE,NEW_DATA,21.8520,90.4125,nan
2580,BASELINE,NEW_DATA,21.8561,90.4125,nan
2581,BASELINE,NEW_DATA,21.8534,90.4125,nan
2582,BASELINE,NEW_DATA,21.8506,90.4744,nan
2583,BASELINE,NEW_DATA,21.8492,90.4744,nan
2584,BASELINE,NEW_DATA,21.8450,90.4744,nan
2585,BASELINE,NEW_DATA,21.8409,90.4744,nan
2586,BASELINE,NEW_DATA,21.8492,90.4744,nan
2587,BASELINE,NEW_DATA,21.8575,90.4744,nan
2588,BASELINE,NEW_DATA,21.8367,90.4744,nan
2589,BASELINE,NEW_DATA,21.8395,90.4744,nan
2590,BASELINE,NEW_DATA,21.8339,90.4744,nan
2591,BASELINE,NEW_DATA,21.8367,90.4744,nan
2592,BASELINE,NEW_DATA,21.8409,90.4744,nan
2593,BASELINE,NEW_DATA,21.8367,90.4744,nan
2594,BASELINE,NEW_DATA,21.8367,90.4744,nan
2595,BASELINE,NEW_DATA,21.8395,90.4744,nan
2596,BASELINE,NEW_DATA,21.8419,90.4744,nan
2597,BASELINE,NEW_DATA,21.8419,90.4744,nan
2598,BASELINE,NEW_DATA,21.8450,90.4744,nan
2599,BASELINE,NEW_DATA,21.8416,90.4744,nan
2600,BASELINE,NEW_DATA,21.8395,90.4744,nan
2601,BASELINE,NEW_DATA,21.8381,90.4744,nan
2602,BASELINE,NEW_DATA,21.8339,90.4744,nan
2603,BASELINE,NEW_DATA,21.8381,90.4744,nan
2604,BASELINE,NEW_DATA,21.8353,90.4744,nan
2605,BASELINE,NEW_DATA,21.8339,90.4744,nan
2606,BASELINE,NEW_DATA,21.8395,90.6119,nan
2607,BASELINE,NEW_DATA,21.8298,90.6119,nan
2608,BASELINE,NEW_DATA,21.8339,90.6119,nan
2609,BASELINE,NEW_DATA,21.8339,90.6119,nan
2610,BASELINE,NEW_DATA,21.8339,90.6119,nan
2611,BASELINE,NEW_DATA,21.8353,90.6119,nan
2612,BASELINE,NEW_DATA,21.8339,90.6119,nan
2613,BASELINE,NEW_DATA,21.8298,90.6119,nan
2614,BASELINE,NEW_DATA,21.8298,90.6119,nan
2615,BASELINE,NEW_DATA,21.8339,90.6119,nan
2616,BASELINE,NEW_DATA,21.8367,90.6119,nan
2617,BASELINE,NEW_DATA,21.8464,90.6119,nan
2618,BASELINE,NEW_DATA,21.8298,90.6119,nan
2619,BASELINE,NEW_DATA,21.8256,90.6119,nan
2620,BASELINE,NEW_DATA,21.8284,90.6119,nan
2621,BASELINE,NEW_DATA,21.8301,90.6119,nan
2622,BASELINE,NEW_DATA,21.8201,90.6119,nan
2623,BASELINE,NEW_DATA,21.8298,90.6119,nan
2624,BASELINE,NEW_DATA,21.8284,90.6119,nan
2625,BASELINE,NEW_DATA,21.8339,90.6119,nan
2626,BASELINE,NEW_DATA,21.8298,90.6119,nan
2627,BASELINE,NEW_DATA,21.8284,90.6119,nan
2628,BASELINE,NEW_DATA,21.8353,90.6119,nan
2629,BASELINE,NEW_DATA,21.8326,90.6119,nan
2630,BASELINE,NEW_DATA,21.8381,90.6119,nan
2631,BASELINE,NEW_DATA,21.8284,90.7768,nan
2632,BASELINE,NEW_DATA,21.8312,90.7768,nan
2633,BASELINE,NEW_DATA,21.8339,90.7768,nan
2634,BASELINE,NEW_DATA,21.8339,90.7768,nan
2635,BASELINE,NEW_DATA,21.8284,90.7768,nan
2636,BASELINE,NEW_DATA,21.8326,90.7768,nan
2637,BASELINE,NEW_DATA,21.8284,90.7768,nan
2638,BASELINE,NEW_DATA,21.8339,90.7768,nan
2639,BASELINE,NEW_DATA,21.8270,90.7768,nan
2640,BASELINE,NEW_DATA,21.8298,90.7768,nan
2641,BASELINE,NEW_DATA,21.8284,90.7768,nan
2642,BASELINE,NEW_DATA,21.8256,90.7768,nan
2643,BASELINE,NEW_DATA,21.8256,90.7768,nan
2644,BASELINE,NEW_DATA,21.8256,90.7768,nan
2645,BASELINE,NEW_DATA,21.8173,90.7768,nan
2646,BASELINE,NEW_DATA,21.8284,90.7768,nan
2647,BASELINE,NEW_DATA,21.8409,90.7768,nan
2648,BASELINE,NEW_DATA,21.8159,90.7768,nan
2649,BASELINE,NEW_DATA,21.8173,90.7768,nan
2650,BASELINE,NEW_DATA,21.8145,90.7768,nan
2651,BASELINE,NEW_DATA,21.8117,90.7768,nan
2652,BASELINE,NEW_DATA,21.8270,90.7768,nan
2653,BASELINE,NEW_DATA,21.8173,90.7768,nan
2654,BASELINE,NEW_DATA,21.8201,90.7768,nan
2655,BASELINE,NEW_DATA,21.8173,91.0137,nan
2656,BASELINE,NEW_DATA,21.8173,91.0137,nan
2657,BASELINE,NEW_DATA,21.8201,91.0137,nan
2658,BASELINE,NEW_DATA,21.8256,91.0137,nan
2659,BASELINE,NEW_DATA,21.8228,91.0137,nan
2660,BASELINE,NEW_DATA,21.8215,91.0137,nan
2661,BASELINE,NEW_DATA,21.8201,91.0137,nan
2662,BASELINE,NEW_DATA,21.8145,91.0137,nan
2663,BASELINE,NEW_DATA,21.8173,91.0137,nan
2664,BASELINE,NEW_DATA,21.8173,91.0137,nan
2665,BASELINE,NEW_DATA,21.8187,91.0137,nan
2666,BASELINE,NEW_DATA,21.8173,91.0137,nan
2667,BASELINE,NEW_DATA,21.8117,91.0137,nan
2668,BASELINE,NEW_DATA,21.8131,91.0137,nan
2669,BASELINE,NEW_DATA,21.8090,91.0137,nan
2670,BASELINE,NEW_DATA,21.8117,91.0137,nan
2671,BASELINE,NEW_DATA,21.8117,91.0137,nan
2672,BASELINE,NEW_DATA,21.8090,91.0137,nan
2673,BASELINE,NEW_DATA,21.8076,91.0137,nan
2674,BASELINE,NEW_DATA,21.8076,91.0137,nan
2675,BASELINE,NEW_DATA,21.8020,91.0137,nan
2676,BASELINE,NEW_DATA,21.8131,91.0137,nan
2677,BASELINE,NEW_DATA,21.8201,91.0137,nan
2678,BASELINE,NEW_DATA,21.7965,91.0137,nan
2679,BASELINE,NEW_DATA,21.8006,91.0137,nan
2680,BASELINE,NEW_DATA,21.7965,91.1858,nan
2681,BASELINE,NEW_DATA,21.7993,91.1858,nan
2682,BASELINE,NEW_DATA,21.8006,91.1858,nan
2683,BASELINE,NEW_DATA,21.8020,91.1858,nan
2684,BASELINE,NEW_DATA,21.8020,91.1858,nan
2685,BASELINE,NEW_DATA,21.8034,91.1858,nan
2686,BASELINE,NEW_DATA,21.8006,91.1858,nan
2687,BASELINE,NEW_DATA,21.8020,91.1858,nan
2688,BASELINE,NEW_DATA,21.8020,91.1858,nan
2689,BASELINE,NEW_DATA,21.8062,91.1858,nan
2690,BASELINE,NEW_DATA,21.8034,91.1858,nan
2691,BASELINE,NEW_DATA,21.8117,91.1858,nan
2692,BASELINE,NEW_DATA,21.8090,91.1858,nan
2693,BASELINE,NEW_DATA,21.8076,91.1858,nan
2694,BASELINE,NEW_DATA,21.8131,91.1858,nan
2695,BASELINE,NEW_DATA,21.8187,91.1858,nan
2696,BASELINE,NEW_DATA,21.8228,91.1858,nan
2697,BASELINE,NEW_DATA,21.8242,91.1858,nan
2698,BASELINE,NEW_DATA,21.8256,91.1858,nan
2699,BASELINE,NEW_DATA,21.8339,91.1858,nan
2700,BASELINE,NEW_DATA,21.8416,91.1858,nan
2701,BASELINE,NEW_DATA,21.8506,91.1858,nan
2702,BASELINE,NEW_DATA,21.8547,91.1858,nan
2703,BASELINE,NEW_DATA,21.8645,91.1858,nan
2704,BASELINE,NEW_DATA,21.8756,91.5151,nan
2705,BASELINE,NEW_DATA,21.8853,91.5151,nan
2706,BASELINE,NEW_DATA,21.9144,91.5151,nan
2707,BASELINE,NEW_DATA,21.9075,91.5151,nan
2708,BASELINE,NEW_DATA,21.9227,91.5151,nan
2709,BASELINE,NEW_DATA,21.9310,91.5151,nan
2710,BASELINE,NEW_DATA,21.9477,91.5151,nan
2711,BASELINE,NEW_DATA,21.9657,91.5151,nan
2712,BASELINE,NEW_DATA,21.9782,91.5151,nan
2713,BASELINE,NEW_DATA,21.9962,91.5151,nan
2714,BASELINE,NEW_DATA,22.0212,91.5151,nan
2715,BASELINE,NEW_DATA,22.0365,91.5151,nan
2716,BASELINE,NEW_DATA,22.0587,91.5151,nan
2717,BASELINE,NEW_DATA,22.0753,91.5151,nan
2718,BASELINE,NEW_DATA,22.0989,91.5151,nan
2719,BASELINE,NEW_DATA,22.1197,91.5151,nan
2720,BASELINE,NEW_DATA,22.1419,91.5151,nan
2721,BASELINE,NEW_DATA,22.1669,91.5151,nan
2722,BASELINE,NEW_DATA,22.1863,91.5151,nan
2723,BASELINE,NEW_DATA,22.2085,91.5151,nan
2724,BASELINE,NEW_DATA,22.2362,91.5151,nan
2725,BASELINE,NEW_DATA,22.2542,91.5151,nan
2726,BASELINE,NEW_DATA,22.2806,91.5151,nan
2727,BASELINE,NEW_DATA,22.3056,91.5151,nan
2728,BASELINE,NEW_DATA,22.3278,91.6600,nan
2729,BASELINE,NEW_DATA,22.3514,91.6600,nan
2730,BASELINE,NEW_DATA,22.3805,91.6600,nan
2731,BASELINE,NEW_DATA,22.4068,91.6600,nan
2732,BASELINE,NEW_DATA,22.4249,91.6600,nan
2733,BASELINE,NEW_DATA,22.4443,91.6600,nan
2734,BASELINE,NEW_DATA,22.4693,91.6600,nan
2735,BASELINE,NEW_DATA,22.4928,91.6600,nan
2736,BASELINE,NEW_DATA,22.5331,91.6600,nan
2737,BASELINE,NEW_DATA,22.5358,91.6600,nan
2738,BASELINE,NEW_DATA,22.5539,91.6600,nan
2739,BASELINE,NEW_DATA,22.5747,91.6600,nan
2740,BASELINE,NEW_DATA,22.5941,91.6600,nan
2741,BASELINE,NEW_DATA,22.6218,91.6600,nan
2742,BASELINE,NEW_DATA,22.6357,91.6600,nan
2743,BASELINE,NEW_DATA,22.6607,91.6600,nan
2744,BASELINE,NEW_DATA,22.6829,91.6600,nan
2745,BASELINE,NEW_DATA,22.7023,91.6600,nan
2746,BASELINE,NEW_DATA,22.7176,91.6600,nan
2747,BASELINE,NEW_DATA,22.7269,91.6600,nan
2748,BASELINE,NEW_DATA,22.7269,91.6600,nan
2749,BASELINE,NEW_DATA,22.7269,91.6600,nan
2750,BASELINE,NEW_DATA,22.7269,91.6600,nan
2751,BASELINE,NEW_DATA,22.7269,91.6600,nan
2752,BASELINE,NEW_DATA,22.7269,92.0493,nan
2753,BASELINE,NEW_DATA,22.7269,92.0493,nan
2754,BASELINE,NEW_DATA,22.7269,92.0493,nan
2755,BASELINE,NEW_DATA,22.7269,92.0493,nan
2756,BASELINE,NEW_DATA,22.7269,92.0493,nan
2757,BASELINE,NEW_DATA,22.7269,92.0493,nan
2758,BASELINE,NEW_DATA,22.7269,92.0493,nan
2759,BASELINE,NEW_DATA,22.7269,92.0493,nan
2760,BASELINE,NEW_DATA,22.7269,92.0493,nan
2761,BASELINE,NEW_DATA,22.7269,92.0493,nan
2762,BASELINE,NEW_DATA,22.7269,92.0493,nan
2763,BASELINE,NEW_DATA,22.7269,92.0493,nan
2764,BASELINE,NEW_DATA,22.7269,92.0493,nan
2765,BASELINE,NEW_DATA,22.7269,92.0493,nan
2766,BASELINE,NEW_DATA,22.7269,92.0493,nan
2767,BASELINE,NEW_DATA,22.7269,92.0493,nan
2768,BASELINE,NEW_DATA,22.7269,92.0493,nan
2769,BASELINE,NEW_DATA,22.7269,92.0493,nan
2770,BASELINE,NEW_DATA,22.7269,92.0493,nan
2771,BASELINE,NEW_DATA,22.7269,92.0493,nan
2772,BASELINE,NEW_DATA,22.7269,92.0493,nan
2773,BASELINE,NEW_DATA,22.7269,92.0493,nan
2774,BASELINE,NEW_DATA,22.7269,92.0493,nan
2775,BASELINE,NEW_DATA,22.7269,92.0493,nan
2776,BASELINE,NEW_DATA,22.7269,92.0493,nan
2777,BASELINE,NEW_DATA,22.7269,92.4379,nan
2778,BASELINE,NEW_DATA,22.7269,92.4379,nan
2779,BASELINE,NEW_DATA,22.7269,92.4379,nan
2780,BASELINE,NEW_DATA,22.7269,92.4379,nan
2781,BASELINE,NEW_DATA,22.7269,92.4379,nan
2782,BASELINE,NEW_DATA,22.7269,92.4379,nan
2783,BASELINE,NEW_DATA,22.7269,92.4379,nan
2784,BASELINE,NEW_DATA,22.7269,92.4379,nan
2785,BASELINE,NEW_DATA,22.7269,92.4379,nan
2786,BASELINE,NEW_DATA,22.7269,92.4379,nan
2787,BASELINE,NEW_DATA,22.7269,92.4379,nan
2788,BASELINE,NEW_DATA,22.7269,92.4379,nan
2789,BASELINE,NEW_DATA,22.7269,92.4379,nan
2790,BASELINE,NEW_DATA,22.7269,92.4379,nan
2791,BASELINE,NEW_DATA,22.7269,92.4379,nan
2792,BASELINE,NEW_DATA,22.7269,92.4379,nan
2793,BASELINE,NEW_DATA,22.7269,92.4379,nan
2794,BASELINE,NEW_DATA,22.7269,92.4379,nan
2795,BASELINE,NEW_DATA,22.7269,92.4379,nan
2796,BASELINE,NEW_DATA,22.7269,92.4379,nan
2797,BASELINE,NEW_DATA,22.7269,92.4379,nan
2798,BASELINE,NEW_DATA,22.7269,92.4379,nan
2799,BASELINE,NEW_DATA,22.7269,92.4379,nan
2800,BASELINE,NEW_DATA,22.7269,92.4379,nan
2801,BASELINE,NEW_DATA,22.7269,92.4379,nan
2802,BASELINE,NEW_DATA,22.7269,92.4379,nan
2803,BASELINE,NEW_DATA,22.7269,92.4379,nan
2804,BASELINE,NEW_DATA,22.7269,92.4379,nan
2805,BASELINE,NEW_DATA,22.7269,92.4379,nan
2806,BASELINE,NEW_DATA,22.7269,92.4379,nan
2807,BASELINE,NEW_DATA,22.7269,92.4379,nan
2808,BASELINE,NEW_DATA,22.7269,92.4379,nan
2809,BASELINE,NEW_DATA,22.7269,92.4379,nan
2810,BASELINE,NEW_DATA,22.7269,92.4379,nan
2811,BASELINE,NEW_DATA,22.7269,92.4379,nan
2812,BASELINE,NEW_DATA,22.7269,92.4379,nan
2813,BASELINE,NEW_DATA,22.7269,92.4379,nan
2814,BASELINE,NEW_DATA,22.7269,92.4379,nan
2815,BASELINE,NEW_DATA,22.7269,92.4379,nan
2816,BASELINE,NEW_DATA,22.7269,92.4379,nan
2817,BASELINE,NEW_DATA,22.7269,92.4379,nan
2818,BASELINE,NEW_DATA,22.7269,92.4379,nan
2819,BASELINE,NEW_DATA,22.7269,92.4379,nan
2820,BASELINE,NEW_DATA,22.7269,92.4379,nan
2821,BASELINE,NEW_DATA,22.7269,92.4379,nan
2822,BASELINE,NEW_DATA,22.7269,92.4379,nan
2823,BASELINE,NEW_DATA,22.7269,92.4379,nan
2824,BASELINE,NEW_DATA,22.7269,92.4379,nan
2825,BASELINE,NEW_DATA,22.7269,92.7160,nan
2826,BASELINE,NEW_DATA,22.7269,92.7160,nan
2827,BASELINE,NEW_DATA,22.7269,92.7160,nan
2828,BASELINE,NEW_DATA,22.7269,92.7160,nan
2829,BASELINE,NEW_DATA,22.7269,92.7160,nan
2830,BASELINE,NEW_DATA,22.7269,92.7160,nan
2831,BASELINE,NEW_DATA,22.7269,92.7160,nan
2832,BASELINE,NEW_DATA,22.7269,92.7160,nan
2833,BASELINE,NEW_DATA,22.7269,92.7160,nan
2834,BASELINE,NEW_DATA,22.7269,92.7160,nan
2835,BASELINE,NEW_DATA,22.7269,92.7160,nan
2836,BASELINE,NEW_DATA,22.7269,92.7160,nan
2837,BASELINE,NEW_DATA,22.7269,92.7160,nan
2838,BASELINE,NEW_DATA,22.7269,92.7160,nan
2839,BASELINE,NEW_DATA,22.7269,92.7160,nan
2840,BASELINE,NEW_DATA,22.7269,92.7160,nan
2841,BASELINE,NEW_DATA,22.7269,92.7160,nan
2842,BASELINE,NEW_DATA,22.7269,92.7160,nan
2843,BASELINE,NEW_DATA,22.7269,92.7160,nan
2844,BASELINE,NEW_DATA,22.7231,92.7160,nan
2845,BASELINE,NEW_DATA,22.7190,92.7160,nan
2846,BASELINE,NEW_DATA,22.7148,92.7160,nan
2847,BASELINE,NEW_DATA,22.7079,92.7160,nan
2848,BASELINE,NEW_DATA,22.6995,92.7160,nan
2849,BASELINE,NEW_DATA,22.6968,92.7160,nan
2850,BASELINE,NEW_DATA,22.6954,93.2462,nan
2851,BASELINE,NEW_DATA,22.6815,93.2462,nan
2852,BASELINE,NEW_DATA,22.6787,93.2462,nan
2853,BASELINE,NEW_DATA,22.6649,93.2462,nan
2854,BASELINE,NEW_DATA,22.6662,93.2462,nan
2855,BASELINE,NEW_DATA,22.6690,93.2462,nan
2856,BASELINE,NEW_DATA,22.6440,93.2462,nan
2857,BASELINE,NEW_DATA,22.6385,93.2462,nan
2858,BASELINE,NEW_DATA,22.6357,93.2462,nan
2859,BASELINE,NEW_DATA,22.6343,93.2462,nan
2860,BASELINE,NEW_DATA,22.6302,93.2462,nan
2861,BASELINE,NEW_DATA,22.6274,93.2462,nan
2862,BASELINE,NEW_DATA,22.6218,93.2462,nan
2863,BASELINE,NEW_DATA,22.6218,93.2462,nan
2864,BASELINE,NEW_DATA,22.6260,93.2462,nan
2865,BASELINE,NEW_DATA,22.6149,93.2462,nan
2866,BASELINE,NEW_DATA,22.6094,93.2462,nan
2867,BASELINE,NEW_DATA,22.6038,93.2462,nan
2868,BASELINE,NEW_DATA,22.6038,93.2462,nan
2869,BASELINE,NEW_DATA,22.5941,93.2462,nan
2870,BASELINE,NEW_DATA,22.5913,93.2462,nan
2871,BASELINE,NEW_DATA,22.5844,93.2462,nan
2872,BASELINE,NEW_DATA,22.5775,93.2462,nan
2873,BASELINE,NEW_DATA,22.5719,93.2462,nan
2874,BASELINE,NEW_DATA,22.5608,93.4075,nan
2875,BASELINE,NEW_DATA,22.5553,93.4075,nan
2876,BASELINE,NEW_DATA,22.5469,93.4075,nan
2877,BASELINE,NEW_DATA,22.5428,93.4075,nan
2878,BASELINE,NEW_DATA,22.5331,93.4075,nan
2879,BASELINE,NEW_DATA,22.5303,93.4075,nan
2880,BASELINE,NEW_DATA,22.5275,93.4075,nan
2881,BASELINE,NEW_DATA,22.5136,93.4075,nan
2882,BASELINE,NEW_DATA,22.5053,93.4075,nan
2883,BASELINE,NEW_DATA,22.4956,93.4075,nan
2884,BASELINE,NEW_DATA,22.5012,93.4075,nan
2885,BASELINE,NEW_DATA,22.4804,93.4075,nan
2886,BASELINE,NEW_DATA,22.4679,93.4075,nan
2887,BASELINE,NEW_DATA,22.4609,93.4075,nan
2888,BASELINE,NEW_DATA,22.4596,93.4075,nan
2889,BASELINE,NEW_DATA,22.4485,93.4075,nan
2890,BASELINE,NEW_DATA,22.4429,93.4075,nan
2891,BASELINE,NEW_DATA,22.4360,93.4075,nan
2892,BASELINE,NEW_DATA,22.4304,93.4075,nan
2893,BASELINE,NEW_DATA,22.4235,93.4075,nan
2894,BASELINE,NEW_DATA,22.4138,93.4075,nan
2895,BASELINE,NEW_DATA,22.4110,93.4075,nan
2896,BASELINE,NEW_DATA,22.3971,93.4075,nan
2897,BASELINE,NEW_DATA,22.3930,93.4075,nan
2898,BASELINE,NEW_DATA,22.3874,93.4075,nan
2899,BASELINE,NEW_DATA,22.3805,93.7928,15.9056
2900,BASELINE,NEW_DATA,22.3680,93.7928,15.9056
2901,BASELINE,NEW_DATA,22.3597,93.7928,15.9056
2902,BASELINE,NEW_DATA,22.3555,93.7928,15.9056
2903,BASELINE,NEW_DATA,22.3472,93.7928,15.9056
2904,BASELINE,NEW_DATA,22.3430,93.7928,15.9056
2905,BASELINE,NEW_DATA,22.3347,93.7928,15.9056
2906,BASELINE,NEW_DATA,22.3361,93.7928,15.9056
2907,BASELINE,NEW_DATA,22.3292,93.7928,15.9056
2908,BASELINE,NEW_DATA,22.3250,93.7928,15.9056
2909,BASELINE,NEW_DATA,22.3181,93.7928,15.9056
2910,BASELINE,NEW_DATA,22.3097,93.7928,15.9056
2911,BASELINE,NEW_DATA,22.3000,93.7928,15.9056
2912,BASELINE,NEW_DATA,22.3083,93.7928,15.9056
2913,BASELINE,NEW_DATA,22.2931,93.7928,15.9056
2914,BASELINE,NEW_DATA,22.2820,93.7928,15.9056
2915,BASELINE,NEW_DATA,22.2751,93.7928,15.9056
2916,BASELINE,NEW_DATA,22.2695,93.7928,15.9056
2917,BASELINE,NEW_DATA,22.2626,93.7928,15.9056
2918,BASELINE,NEW_DATA,22.2570,93.7928,15.9056
2919,BASELINE,NEW_DATA,22.2473,93.7928,15.9056
2920,BASELINE,NEW_DATA,22.2473,93.7928,15.9056
2921,BASELINE,NEW_DATA,22.2445,93.7928,15.9056
2922,BASELINE,NEW_DATA,22.2445,93.7928,15.9056
2923,BASELINE,NEW_DATA,22.2376,94.2083,15.9138
2924,BASELINE,NEW_DATA,22.2321,94.2083,15.9138
2925,BASELINE,NEW_DATA,22.2293,94.2083,15.9138
2926,BASELINE,NEW_DATA,22.2196,94.2083,15.9138
2927,BASELINE,NEW_DATA,22.2196,94.2083,15.9138
2928,BASELINE,NEW_DATA,22.2140,94.2083,15.9138
2929,BASELINE,NEW_DATA,22.2071,94.2083,15.9138
2930,BASELINE,NEW_DATA,22.2029,94.2083,15.9138
2931,BASELINE,NEW_DATA,22.2015,94.2083,15.9138
2932,BASELINE,NEW_DATA,22.2015,94.2083,15.9138
2933,BASELINE,NEW_DATA,22.1967,94.2083,15.9138
2934,BASELINE,NEW_DATA,22.1960,94.2083,15.9138
2935,BASELINE,NEW_DATA,22.1891,94.2083,15.9138
2936,BASELINE,NEW_DATA,22.1835,94.2083,15.9138
2937,BASELINE,NEW_DATA,22.1793,94.2083,15.9138
2938,BASELINE,NEW_DATA,22.1766,94.2083,15.9138
2939,BASELINE,NEW_DATA,22.1696,94.2083,15.9138
2940,BASELINE,NEW_DATA,22.1821,94.2083,15.9138
2941,BASELINE,NEW_DATA,22.1696,94.2083,15.9138
2942,BASELINE,NEW_DATA,22.1641,94.2083,15.9138
2943,BASELINE,NEW_DATA,22.1558,94.2083,15.9138
2944,BASELINE,NEW_DATA,22.1502,94.2083,15.9138
2945,BASELINE,NEW_DATA,22.1516,94.2083,15.9138
2946,BASELINE,NEW_DATA,22.1516,94.2083,15.9138
2947,BASELINE,NEW_DATA,22.1488,94.4470,15.8335
2948,BASELINE,NEW_DATA,22.1502,94.4470,15.8335
2949,BASELINE,NEW_DATA,22.1474,94.4470,15.8335
2950,BASELINE,NEW_DATA,22.1474,94.4470,15.8335
2951,BASELINE,NEW_DATA,22.1474,94.4470,15.8335
2952,BASELINE,NEW_DATA,22.1461,94.4470,15.8335
2953,BASELINE,NEW_DATA,22.1447,94.4470,15.8335
2954,BASELINE,NEW_DATA,22.1447,94.4470,15.8335
2955,BASELINE,NEW_DATA,22.1377,94.4470,15.8335
2956,BASELINE,NEW_DATA,22.1350,94.4470,15.8335
2957,BASELINE,NEW_DATA,22.1353,94.4470,15.8335
2958,BASELINE,NEW_DATA,22.1308,94.4470,15.8335
2959,BASELINE,NEW_DATA,22.1322,94.4470,15.8335
2960,BASELINE,NEW_DATA,22.1259,94.4470,15.8335
2961,BASELINE,NEW_DATA,22.1225,94.4470,15.8335
2962,BASELINE,NEW_DATA,22.1252,94.4470,15.8335
2963,BASELINE,NEW_DATA,22.1252,94.4470,15.8335
2964,BASELINE,NEW_DATA,22.1225,94.4470,15.8335
2965,BASELINE,NEW_DATA,22.1128,94.4470,15.8335
2966,BASELINE,NEW_DATA,22.1155,94.4470,15.8335
2967,BASELINE,NEW_DATA,22.1086,94.4470,15.8335
2968,BASELINE,NEW_DATA,22.1225,94.4470,15.8335
2969,BASELINE,NEW_DATA,22.0975,94.4470,15.8335
2970,BASELINE,NEW_DATA,22.0892,94.4470,15.8335
2971,BASELINE,NEW_DATA,22.0892,94.4470,15.8335
2972,BASELINE,NEW_DATA,22.0878,94.5707,15.7821
2973,BASELINE,NEW_DATA,22.0892,94.5707,15.7821
2974,BASELINE,NEW_DATA,22.0850,94.5707,15.7821
2975,BASELINE,NEW_DATA,22.0836,94.5707,15.7821
2976,BASELINE,NEW_DATA,22.0906,94.5707,15.7821
2977,BASELINE,NEW_DATA,22.0892,94.5707,15.7821
2978,BASELINE,NEW_DATA,22.0892,94.5707,15.7821
2979,BASELINE,NEW_DATA,22.0920,94.5707,15.7821
2980,BASELINE,NEW_DATA,22.0947,94.5707,15.7821
2981,BASELINE,NEW_DATA,22.0906,94.5707,15.7821
2982,BASELINE,NEW_DATA,22.0906,94.5707,15.7821
2983,BASELINE,NEW_DATA,22.0892,94.5707,15.7821
2984,BASELINE,NEW_DATA,22.0947,94.5707,15.7821
2985,BASELINE,NEW_DATA,22.0892,94.5707,15.7821
2986,BASELINE,NEW_DATA,22.0850,94.5707,15.7821
2987,BASELINE,NEW_DATA,22.0864,94.5707,15.7821
2988,BASELINE,NEW_DATA,22.0809,94.5707,15.7821
2989,BASELINE,NEW_DATA,22.0725,94.5707,15.7821
2990,BASELINE,NEW_DATA,22.0767,94.5707,15.7821
2991,BASELINE,NEW_DATA,22.0781,94.5707,15.7821
2992,BASELINE,NEW_DATA,22.0698,94.5707,15.7821
2993,BASELINE,NEW_DATA,22.0600,94.5707,15.7821
2994,BASELINE,NEW_DATA,22.0614,94.5707,15.7821
2995,BASELINE,NEW_DATA,22.0614,94.5707,15.7821
2996,BASELINE,NEW_DATA,22.0795,94.9389,15.7601
2997,BASELINE,NEW_DATA,22.0573,94.9389,15.7601
2998,BASELINE,NEW_DATA,22.0573,94.9389,15.7601
2999,BASELINE,NEW_DATA,22.0600,94.9389,15.7601
3000,BASELINE,NEW_DATA,22.0587,94.9389,15.7601
3001,BASELINE,NEW_DATA,22.0684,94.9389,15.7601
3002,BASELINE,NEW_DATA,22.0656,94.9389,15.7601
3003,BASELINE,NEW_DATA,22.0698,94.9389,15.7601
3004,BASELINE,NEW_DATA,22.0684,94.9389,15.7601
3005,BASELINE,NEW_DATA,22.0698,94.9389,15.7601
3006,BASELINE,NEW_DATA,22.0711,94.9389,15.7601
3007,BASELINE,NEW_DATA,22.0753,94.9389,15.7601
3008,BASELINE,NEW_DATA,22.0725,94.9389,15.7601
3009,BASELINE,NEW_DATA,22.0725,94.9389,15.7601
3010,BASELINE,NEW_DATA,22.0753,94.9389,15.7601
3011,BASELINE,NEW_DATA,22.0725,94.9389,15.7601
3012,BASELINE,NEW_DATA,22.0725,94.9389,15.7601
3013,BASELINE,NEW_DATA,22.0739,94.9389,15.7601
3014,BASELINE,NEW_DATA,22.0725,94.9389,15.7601
3015,BASELINE,NEW_DATA,22.0753,94.9389,15.7601
3016,BASELINE,NEW_DATA,22.0725,94.9389,15.7601
3017,BASELINE,NEW_DATA,22.0698,94.9389,15.7601
3018,BASELINE,NEW_DATA,22.0698,94.9389,15.7601
3019,BASELINE,NEW_DATA,22.0698,94.9389,15.7601
3020,BASELINE,NEW_DATA,22.0670,94.9389,15.7601
3021,BASELINE,NEW_DATA,22.0642,95.3340,15.7591
3022,BASELINE,NEW_DATA,22.0614,95.3340,15.7591
3023,BASELINE,NEW_DATA,22.0725,95.3340,15.7591
3024,BASELINE,NEW_DATA,22.0836,95.3340,15.7591
3025,BASELINE,NEW_DATA,22.0656,95.3340,15.7591
3026,BASELINE,NEW_DATA,22.0628,95.3340,15.7591
3027,BASELINE,NEW_DATA,22.0642,95.3340,15.7591
3028,BASELINE,NEW_DATA,22.0656,95.3340,15.7591
3029,BASELINE,NEW_DATA,22.0587,95.3340,15.7591
3030,BASELINE,NEW_DATA,22.0639,95.3340,15.7591
3031,BASELINE,NEW_DATA,22.0635,95.3340,15.7591
3032,BASELINE,NEW_DATA,22.0600,95.3340,15.7591
3033,BASELINE,NEW_DATA,22.0698,95.3340,15.7591
3034,BASELINE,NEW_DATA,22.0614,95.3340,15.7591
3035,BASELINE,NEW_DATA,22.0642,95.3340,15.7591
3036,BASELINE,NEW_DATA,22.0587,95.3340,15.7591
3037,BASELINE,NEW_DATA,22.0635,95.3340,15.7591
3038,BASELINE,NEW_DATA,22.0600,95.3340,15.7591
3039,BASELINE,NEW_DATA,22.0628,95.3340,15.7591
3040,BASELINE,NEW_DATA,22.0614,95.3340,15.7591
3041,BASELINE,NEW_DATA,22.0587,95.3340,15.7591
3042,BASELINE,NEW_DATA,22.0587,95.3340,15.7591
3043,BASELINE,NEW_DATA,22.0642,95.3340,15.7591
3044,BASELINE,NEW_DATA,22.0559,95.3340,15.7591
3045,BASELINE,NEW_DATA,22.0587,95.4803,15.8498
3046,BASELINE,NEW_DATA,22.0573,95.4803,15.8498
3047,BASELINE,NEW_DATA,22.0531,95.4803,15.8498
3048,BASELINE,NEW_DATA,22.0545,95.4803,15.8498
3049,BASELINE,NEW_DATA,22.0420,95.4803,15.8498
3050,BASELINE,NEW_DATA,22.0448,95.4803,15.8498
3051,BASELINE,NEW_DATA,22.0420,95.4803,15.8498
3052,BASELINE,NEW_DATA,22.0573,95.4803,15.8498
3053,BASELINE,NEW_DATA,22.0392,95.4803,15.8498
3054,BASELINE,NEW_DATA,22.0281,95.4803,15.8498
3055,BASELINE,NEW_DATA,22.0309,95.4803,15.8498
3056,BASELINE,NEW_DATA,22.0309,95.4803,15.8498
3057,BASELINE,NEW_DATA,22.0268,95.4803,15.8498
3058,BASELINE,NEW_DATA,22.0212,95.4803,15.8498
3059,BASELINE,NEW_DATA,22.0254,95.4803,15.8498
3060,BASELINE,NEW_DATA,22.0226,95.4803,15.8498
3061,BASELINE,NEW_DATA,22.0212,95.4803,15.8498
3062,BASELINE,NEW_DATA,22.0281,95.4803,15.8498
3063,BASELINE,NEW_DATA,22.0309,95.4803,15.8498
3064,BASELINE,NEW_DATA,22.0295,95.4803,15.8498
3065,BASELINE,NEW_DATA,22.0379,95.4803,15.8498
3066,BASELINE,NEW_DATA,22.0351,95.4803,15.8498
3067,BASELINE,NEW_DATA,22.0309,95.4803,15.8498
3068,BASELINE,NEW_DATA,22.0295,95.4803,15.8498
3069,BASELINE,NEW_DATA,22.0337,95.6727,16.1538
3070,BASELINE,NEW_DATA,22.0379,95.6727,16.1538
3071,BASELINE,NEW_DATA,22.0337,95.6727,16.1538
3072,BASELINE,NEW_DATA,22.0420,95.6727,16.1538
3073,BASELINE,NEW_DATA,22.0434,95.6727,16.1538
3074,BASELINE,NEW_DATA,22.0448,95.6727,16.1538
3075,BASELINE,NEW_DATA,22.0462,95.6727,16.1538
3076,BASELINE,NEW_DATA,22.0469,95.6727,16.1538
3077,BASELINE,NEW_DATA,22.0545,95.6727,16.1538
3078,BASELINE,NEW_DATA,22.0490,95.6727,16.1538
3079,BASELINE,NEW_DATA,22.0476,95.6727,16.1538
3080,BASELINE,NEW_DATA,22.0503,95.6727,16.1538
3081,BASELINE,NEW_DATA,22.0420,95.6727,16.1538
3082,BASELINE,NEW_DATA,22.0587,95.6727,16.1538
3083,BASELINE,NEW_DATA,22.0545,95.6727,16.1538
3084,BASELINE,NEW_DATA,22.0406,95.6727,16.1538
3085,BASELINE,NEW_DATA,22.0379,95.6727,16.1538
3086,BASELINE,NEW_DATA,22.0420,95.6727,16.1538
3087,BASELINE,NEW_DATA,22.0434,95.6727,16.1538
3088,BASELINE,NEW_DATA,22.0448,95.6727,16.1538
3089,BASELINE,NEW_DATA,22.0420,95.6727,16.1538
3090,BASELINE,NEW_DATA,22.0517,95.6727,16.1538
3091,BASELINE,NEW_DATA,22.0503,95.6727,16.1538
3092,BASELINE,NEW_DATA,22.0587,95.6727,16.1538
3093,BASELINE,NEW_DATA,22.0600,95.6727,16.1538
3094,BASELINE,NEW_DATA,22.0656,95.7113,16.9921
3095,BASELINE,NEW_DATA,22.0670,95.7113,16.9921
3096,BASELINE,NEW_DATA,22.0656,95.7113,16.9921
3097,BASELINE,NEW_DATA,22.0725,95.7113,16.9921
3098,BASELINE,NEW_DATA,22.0836,95.7113,16.9921
3099,BASELINE,NEW_DATA,22.0864,95.7113,16.9921
3100,BASELINE,NEW_DATA,22.0961,95.7113,16.9921
3101,BASELINE,NEW_DATA,22.1058,95.7113,16.9921
3102,BASELINE,NEW_DATA,22.1141,95.7113,16.9921
3103,BASELINE,NEW_DATA,22.1239,95.7113,16.9921
3104,BASELINE,NEW_DATA,22.1225,95.7113,16.9921
3105,BASELINE,NEW_DATA,22.1377,95.7113,16.9921
3106,BASELINE,NEW_DATA,22.1461,95.7113,16.9921
3107,BASELINE,NEW_DATA,22.1585,95.7113,16.9921
3108,BASELINE,NEW_DATA,22.1669,95.7113,16.9921
3109,BASELINE,NEW_DATA,22.1793,95.7113,16.9921
3110,BASELINE,NEW_DATA,22.1904,95.7113,16.9921
3111,BASELINE,NEW_DATA,22.2029,95.7113,16.9921
3112,BASELINE,NEW_DATA,22.2043,95.7113,16.9921
3113,BASELINE,NEW_DATA,22.2168,95.7113,16.9921
3114,BASELINE,NEW_DATA,22.2279,95.7113,16.9921
3115,BASELINE,NEW_DATA,22.2529,95.7113,16.9921
3116,BASELINE,NEW_DATA,22.2501,95.7113,16.9921
3117,BASELINE,NEW_DATA,22.2584,95.7113,16.9921
3118,BASELINE,NEW_DATA,22.2695,95.8796,17.0791
3119,BASELINE,NEW_DATA,22.2820,95.8796,17.0791
3120,BASELINE,NEW_DATA,22.2973,95.8796,17.0791
3121,BASELINE,NEW_DATA,22.3042,95.8796,17.0791
3122,BASELINE,NEW_DATA,22.3222,95.8796,17.0791
3123,BASELINE,NEW_DATA,22.3361,95.8796,17.0791
3124,BASELINE,NEW_DATA,22.3458,95.8796,17.0791
3125,BASELINE,NEW_DATA,22.3611,95.8796,17.0791
3126,BASELINE,NEW_DATA,22.3819,95.8796,17.0791
3127,BASELINE,NEW_DATA,22.3833,95.8796,17.0791
3128,BASELINE,NEW_DATA,22.3999,95.8796,17.0791
3129,BASELINE,NEW_DATA,22.4082,95.8796,17.0791
3130,BASELINE,NEW_DATA,22.4249,95.8796,17.0791
3131,BASELINE,NEW_DATA,22.4304,95.8796,17.0791
3132,BASELINE,NEW_DATA,22.4429,95.8796,17.0791
3133,BASELINE,NEW_DATA,22.4554,95.8796,17.0791
3134,BASELINE,NEW_DATA,22.4679,95.8796,17.0791
3135,BASELINE,NEW_DATA,22.4790,95.8796,17.0791
3136,BASELINE,NEW_DATA,22.4887,95.8796,17.0791
3137,BASELINE,NEW_DATA,22.4970,95.8796,17.0791
3138,BASELINE,NEW_DATA,22.5123,95.8796,17.0791
3139,BASELINE,NEW_DATA,22.5275,95.8796,17.0791
3140,BASELINE,NEW_DATA,22.5386,95.8796,17.0791
3141,BASELINE,NEW_DATA,22.5497,95.8796,17.0791
3142,BASELINE,NEW_DATA,22.5677,95.7308,17.0791
3143,BASELINE,NEW_DATA,22.5775,95.7308,17.0791
3144,BASELINE,NEW_DATA,22.5899,95.7308,17.0791
3145,BASELINE,NEW_DATA,22.5913,95.7308,17.0791
3146,BASELINE,NEW_DATA,22.6010,95.7308,17.0791
3147,BASELINE,NEW_DATA,22.6066,95.7308,17.0791
3148,BASELINE,NEW_DATA,22.6361,95.7308,17.0791
3149,BASELINE,NEW_DATA,22.6274,95.7308,17.0791
3150,BASELINE,NEW_DATA,22.6274,95.7308,17.0791
3151,BASELINE,NEW_DATA,22.6329,95.7308,17.0791
3152,BASELINE,NEW_DATA,22.6413,95.7308,17.0791
3153,BASELINE,NEW_DATA,22.6427,95.7308,17.0791
3154,BASELINE,NEW_DATA,22.6496,95.7308,17.0791
3155,BASELINE,NEW_DATA,22.6496,95.7308,17.0791
3156,BASELINE,NEW_DATA,22.6579,95.7308,17.0791
3157,BASELINE,NEW_DATA,22.6621,95.7308,17.0791
3158,BASELINE,NEW_DATA,22.6635,95.7308,17.0791
3159,BASELINE,NEW_DATA,22.6649,95.7308,17.0791
3160,BASELINE,NEW_DATA,22.6649,95.7308,17.0791
3161,BASELINE,NEW_DATA,22.6718,95.7308,17.0791
3162,BASELINE,NEW_DATA,22.6718,95.7308,17.0791
3163,BASELINE,NEW_DATA,22.6690,95.7308,17.0791
3164,BASELINE,NEW_DATA,22.6662,95.7308,17.0791
3165,BASELINE,NEW_DATA,22.6732,95.7308,17.0791
3166,BASELINE,NEW_DATA,22.6801,95.7308,17.0791
3167,BASELINE,NEW_DATA,22.6746,95.9094,18.0552
3168,BASELINE,NEW_DATA,22.6773,95.9094,18.0552
3169,BASELINE,NEW_DATA,22.6773,95.9094,18.0552
3170,BASELINE,NEW_DATA,22.6801,95.9094,18.0552
3171,BASELINE,NEW_DATA,22.6815,95.9094,18.0552
3172,BASELINE,NEW_DATA,22.6843,95.9094,18.0552
3173,BASELINE,NEW_DATA,22.6746,95.9094,18.0552
3174,BASELINE,NEW_DATA,22.6759,95.9094,18.0552
3175,BASELINE,NEW_DATA,22.6759,95.9094,18.0552
3176,BASELINE,NEW_DATA,22.6690,95.9094,18.0552
3177,BASELINE,NEW_DATA,22.6635,95.9094,18.0552
3178,BASELINE,NEW_DATA,22.6746,95.9094,18.0552
3179,BASELINE,NEW_DATA,22.6773,95.9094,18.0552
3180,BASELINE,NEW_DATA,22.6621,95.9094,18.0552
3181,BASELINE,NEW_DATA,22.6621,95.9094,18.0552
3182,BASELINE,NEW_DATA,22.6635,95.9094,18.0552
3183,BASELINE,NEW_DATA,22.6579,95.9094,18.0552
3184,BASELINE,NEW_DATA,22.6621,95.9094,18.0552
3185,BASELINE,NEW_DATA,22.6607,95.9094,18.0552
3186,BASELINE,NEW_DATA,22.6579,95.9094,18.0552
3187,BASELINE,NEW_DATA,22.6621,95.9094,18.0552
3188,BASELINE,NEW_DATA,22.6607,95.9094,18.0552
3189,BASELINE,NEW_DATA,22.6538,95.9094,18.0552
3190,BASELINE,NEW_DATA,22.6482,95.9094,18.0552
3191,BASELINE,NEW_DATA,22.6482,95.9787,18.2114
3192,BASELINE,NEW_DATA,22.6371,95.9787,18.2114
3193,BASELINE,NEW_DATA,22.6357,95.9787,18.2114
3194,BASELINE,NEW_DATA,22.6371,95.9787,18.2114
3195,BASELINE,NEW_DATA,22.6399,95.9787,18.2114
3196,BASELINE,NEW_DATA,22.6385,95.9787,18.2114
3197,BASELINE,NEW_DATA,22.6385,95.9787,18.2114
3198,BASELINE,NEW_DATA,22.6260,95.9787,18.2114
3199,BASELINE,NEW_DATA,22.6316,95.9787,18.2114
3200,BASELINE,NEW_DATA,22.6232,95.9787,18.2114
3201,BASELINE,NEW_DATA,22.6218,95.9787,18.2114
3202,BASELINE,NEW_DATA,22.6108,95.9787,18.2114
3203,BASELINE,NEW_DATA,22.6010,95.9787,18.2114
3204,BASELINE,NEW_DATA,22.5913,95.9787,18.2114
3205,BASELINE,NEW_DATA,22.5775,95.9787,18.2114
3206,BASELINE,NEW_DATA,22.5719,95.9787,18.2114
3207,BASELINE,NEW_DATA,22.5650,95.9787,18.2114
3208,BASELINE,NEW_DATA,22.5594,95.9787,18.2114
3209,BASELINE,NEW_DATA,22.5608,95.9787,18.2114
3210,BASELINE,NEW_DATA,22.5664,95.9787,18.2114
3211,BASELINE,NEW_DATA,22.5442,95.9787,18.2114
3212,BASELINE,NEW_DATA,22.5345,95.9787,18.2114
3213,BASELINE,NEW_DATA,22.5414,95.9787,18.2114
3214,BASELINE,NEW_DATA,22.5303,95.9787,18.2114
3215,BASELINE,NEW_DATA,22.5275,95.9787,18.2114
3216,BASELINE,NEW_DATA,22.5261,96.0615,18.2599
3217,BASELINE,NEW_DATA,22.5192,96.0615,18.2599
3218,BASELINE,NEW_DATA,22.5206,96.0615,18.2599
3219,BASELINE,NEW_DATA,22.5178,96.0615,18.2599
3220,BASELINE,NEW_DATA,22.5164,96.0615,18.2599
3221,BASELINE,NEW_DATA,22.5178,96.0615,18.2599
3222,BASELINE,NEW_DATA,22.5164,96.0615,18.2599
3223,BASELINE,NEW_DATA,22.5164,96.0615,18.2599
3224,BASELINE,NEW_DATA,22.5109,96.0615,18.2599
3225,BASELINE,NEW_DATA,22.5095,96.0615,18.2599
3226,BASELINE,NEW_DATA,22.5081,96.0615,18.2599
3227,BASELINE,NEW_DATA,22.5039,96.0615,18.2599
3228,BASELINE,NEW_DATA,22.5039,96.0615,18.2599
3229,BASELINE,NEW_DATA,22.4984,96.0615,18.2599
3230,BASELINE,NEW_DATA,22.4970,96.0615,18.2599
3231,BASELINE,NEW_DATA,22.4915,96.0615,18.2599
3232,BASELINE,NEW_DATA,22.4915,96.0615,18.2599
3233,BASELINE,NEW_DATA,22.4887,96.0615,18.2599
3234,BASELINE,NEW_DATA,22.4859,96.0615,18.2599
3235,BASELINE,NEW_DATA,22.4887,96.0615,18.2599
3236,BASELINE,NEW_DATA,22.4804,96.0615,18.2599
3237,BASELINE,NEW_DATA,22.4790,96.0615,18.2599
3238,BASELINE,NEW_DATA,22.4706,96.0615,18.2599
3239,BASELINE,NEW_DATA,22.4623,96.0615,18.2599
3240,BASELINE,NEW_DATA,22.4554,95.9969,18.1707
3241,BASELINE,NEW_DATA,22.4651,95.9969,18.1707
3242,BASELINE,NEW_DATA,22.4429,95.9969,18.1707
3243,BASELINE,NEW_DATA,22.4276,95.9969,18.1707
3244,BASELINE,NEW_DATA,22.4276,95.9969,18.1707
3245,BASELINE,NEW_DATA,22.4249,95.9969,18.1707
3246,BASELINE,NEW_DATA,22.4221,95.9969,18.1707
3247,BASELINE,NEW_DATA,22.4221,95.9969,18.1707
3248,BASELINE,NEW_DATA,22.4221,95.9969,18.1707
3249,BASELINE,NEW_DATA,22.4193,95.9969,18.1707
3250,BASELINE,NEW_DATA,22.4179,95.9969,18.1707
3251,BASELINE,NEW_DATA,22.4249,95.9969,18.1707
3252,BASELINE,NEW_DATA,22.4221,95.9969,18.1707
3253,BASELINE,NEW_DATA,22.4193,95.9969,18.1707
3254,BASELINE,NEW_DATA,22.4193,95.9969,18.1707
3255,BASELINE,NEW_DATA,22.4138,95.9969,18.1707
3256,BASELINE,NEW_DATA,22.4110,95.9969,18.1707
3257,BASELINE,NEW_DATA,22.4082,95.9969,18.1707
3258,BASELINE,NEW_DATA,22.4068,95.9969,18.1707
3259,BASELINE,NEW_DATA,22.3957,95.9969,18.1707
3260,BASELINE,NEW_DATA,22.3971,95.9969,18.1707
3261,BASELINE,NEW_DATA,22.3916,95.9969,18.1707
3262,BASELINE,NEW_DATA,22.3888,95.9969,18.1707
3263,BASELINE,NEW_DATA,22.3833,95.9969,18.1707
3264,BASELINE,NEW_DATA,22.3746,95.9815,18.0730
3265,BASELINE,NEW_DATA,22.3708,95.9815,18.0730
3266,BASELINE,NEW_DATA,22.3735,95.9815,18.0730
3267,BASELINE,NEW_DATA,22.3638,95.9815,18.0730
3268,BASELINE,NEW_DATA,22.3597,95.9815,18.0730
3269,BASELINE,NEW_DATA,22.3583,95.9815,18.0730
3270,BASELINE,NEW_DATA,22.3569,95.9815,18.0730
3271,BASELINE,NEW_DATA,22.3569,95.9815,18.0730
3272,BASELINE,NEW_DATA,22.3652,95.9815,18.0730
3273,BASELINE,NEW_DATA,22.3583,95.9815,18.0730
3274,BASELINE,NEW_DATA,22.3444,95.9815,18.0730
3275,BASELINE,NEW_DATA,22.3430,95.9815,18.0730
3276,BASELINE,NEW_DATA,22.3389,95.9815,18.0730
3277,BASELINE,NEW_DATA,22.3347,95.9815,18.0730
3278,BASELINE,NEW_DATA,22.3347,95.9815,18.0730
3279,BASELINE,NEW_DATA,22.3389,95.9815,18.0730
3280,BASELINE,NEW_DATA,22.3333,95.9815,18.0730
3281,BASELINE,NEW_DATA,22.3305,95.9815,18.0730
3282,BASELINE,NEW_DATA,22.3361,95.9815,18.0730
3283,BASELINE,NEW_DATA,22.3305,95.9815,18.0730
3284,BASELINE,NEW_DATA,22.3278,95.9815,18.0730
3285,BASELINE,NEW_DATA,22.3305,95.9815,18.0730
3286,BASELINE,NEW_DATA,22.3361,95.9815,18.0730
3287,BASELINE,NEW_DATA,22.3319,95.9815,18.0730
3288,BASELINE,NEW_DATA,22.3292,95.9815,18.0730
3289,BASELINE,NEW_DATA,22.3278,96.0556,18.3001
3290,BASELINE,NEW_DATA,22.3361,96.0556,18.3001
3291,BASELINE,NEW_DATA,22.3403,96.0556,18.3001
3292,BASELINE,NEW_DATA,22.3375,96.0556,18.3001
3293,BASELINE,NEW_DATA,22.3416,96.0556,18.3001
3294,BASELINE,NEW_DATA,22.3403,96.0556,18.3001
3295,BASELINE,NEW_DATA,22.3444,96.0556,18.3001
3296,BASELINE,NEW_DATA,22.3541,96.0556,18.3001
3297,BASELINE,NEW_DATA,22.3541,96.0556,18.3001
3298,BASELINE,NEW_DATA,22.3486,96.0556,18.3001
3299,BASELINE,NEW_DATA,22.3527,96.0556,18.3001
3300,BASELINE,NEW_DATA,22.3555,96.0556,18.3001
3301,BASELINE,NEW_DATA,22.3555,96.0556,18.3001
3302,BASELINE,NEW_DATA,22.3735,96.0556,18.3001
3303,BASELINE,NEW_DATA,22.3666,96.0556,18.3001
3304,BASELINE,NEW_DATA,22.3597,96.0556,18.3001
3305,BASELINE,NEW_DATA,22.3611,96.0556,18.3001
3306,BASELINE,NEW_DATA,22.3624,96.0556,18.3001
3307,BASELINE,NEW_DATA,22.3624,96.0556,18.3001
3308,BASELINE,NEW_DATA,22.3611,96.0556,18.3001
3309,BASELINE,NEW_DATA,22.3638,96.0556,18.3001
3310,BASELINE,NEW_DATA,22.3611,96.0556,18.3001
3311,BASELINE,NEW_DATA,22.3583,96.0556,18.3001
3312,BASELINE,NEW_DATA,22.3611,96.0556,18.3001
3313,BASELINE,NEW_DATA,22.3597,96.2666,18.6204
3314,BASELINE,NEW_DATA,22.3569,96.2666,18.6204
3315,BASELINE,NEW_DATA,22.3569,96.2666,18.6204
3316,BASELINE,NEW_DATA,22.3555,96.2666,18.6204
3317,BASELINE,NEW_DATA,22.3569,96.2666,18.6204
3318,BASELINE,NEW_DATA,22.3583,96.2666,18.6204
3319,BASELINE,NEW_DATA,22.3597,96.2666,18.6204
3320,BASELINE,NEW_DATA,22.3611,96.2666,18.6204
3321,BASELINE,NEW_DATA,22.3597,96.2666,18.6204
3322,BASELINE,NEW_DATA,22.3583,96.2666,18.6204
3323,BASELINE,NEW_DATA,22.3583,96.2666,18.6204
3324,BASELINE,NEW_DATA,22.3597,96.2666,18.6204
3325,BASELINE,NEW_DATA,22.3597,96.2666,18.6204
3326,BASELINE,NEW_DATA,22.3611,96.2666,18.6204
3327,BASELINE,NEW_DATA,22.3569,96.2666,18.6204
3328,BASELINE,NEW_DATA,22.3514,96.2666,18.6204
3329,BASELINE,NEW_DATA,22.3527,96.2666,18.6204
3330,BASELINE,NEW_DATA,22.3611,96.2666,18.6204
3331,BASELINE,NEW_DATA,22.3694,96.2666,18.6204
3332,BASELINE,NEW_DATA,22.3555,96.2666,18.6204
3333,BASELINE,NEW_DATA,22.3472,96.2666,18.6204
3334,BASELINE,NEW_DATA,22.3569,96.2666,18.6204
3335,BASELINE,NEW_DATA,22.3569,96.2666,18.6204
3336,BASELINE,NEW_DATA,22.3583,96.2666,18.6204
3337,BASELINE,NEW_DATA,22.3624,96.2666,18.7214
3338,BASELINE,NEW_DATA,22.3638,96.2666,18.7214
3339,BASELINE,NEW_DATA,22.3680,96.2666,18.7214
3340,BASELINE,NEW_DATA,22.3666,96.2666,18.7214
3341,BASELINE,NEW_DATA,22.3652,96.2666,18.7214
3342,BASELINE,NEW_DATA,22.3611,96.2666,18.7214
3343,BASELINE,NEW_DATA,22.3652,96.2666,18.7214
3344,BASELINE,NEW_DATA,22.3611,96.2666,18.7214
3345,BASELINE,NEW_DATA,22.3611,96.2666,18.7214
3346,BASELINE,NEW_DATA,22.3611,96.2666,18.7214
3347,BASELINE,NEW_DATA,22.3652,96.2666,18.7214
3348,BASELINE,NEW_DATA,22.3638,96.2666,18.7214
3349,BASELINE,NEW_DATA,22.3708,96.2666,18.7214
3350,BASELINE,NEW_DATA,22.3708,96.2666,18.7214
3351,BASELINE,NEW_DATA,22.3666,96.2666,18.7214
3352,BASELINE,NEW_DATA,22.3680,96.2666,18.7214
3353,BASELINE,NEW_DATA,22.3666,96.2666,18.7214
3354,BASELINE,NEW_DATA,22.3666,96.2666,18.7214
3355,BASELINE,NEW_DATA,22.3694,96.2666,18.7214
3356,BASELINE,NEW_DATA,22.3694,96.2666,18.7214
3357,BASELINE,NEW_DATA,22.3694,96.2666,18.7214
3358,BASELINE,NEW_DATA,22.3666,96.2666,18.7214
3359,BASELINE,NEW_DATA,22.3666,96.2666,18.7214
3360,BASELINE,NEW_DATA,22.3680,96.2666,18.7214
3361,BASELINE,NEW_DATA,22.3874,96.2666,18.7214
3362,BASELINE,NEW_DATA,22.3624,96.3764,19.0657
3363,BASELINE,NEW_DATA,22.3611,96.3764,19.0657
3364,BASELINE,NEW_DATA,22.3638,96.3764,19.0657
3365,BASELINE,NEW_DATA,22.3597,96.3764,19.0657
3366,BASELINE,NEW_DATA,22.3638,96.3764,19.0657
3367,BASELINE,NEW_DATA,22.3611,96.3764,19.0657
3368,BASELINE,NEW_DATA,22.3638,96.3764,19.0657
3369,BASELINE,NEW_DATA,22.3638,96.3764,19.0657
3370,BASELINE,NEW_DATA,22.3694,96.3764,19.0657
3371,BASELINE,NEW_DATA,22.3735,96.3764,19.0657
3372,BASELINE,NEW_DATA,22.3708,96.3764,19.0657
3373,BASELINE,NEW_DATA,22.3638,96.3764,19.0657
3374,BASELINE,NEW_DATA,22.3694,96.3764,19.0657
3375,BASELINE,NEW_DATA,22.3638,96.3764,19.0657
3376,BASELINE,NEW_DATA,22.3680,96.3764,19.0657
3377,BASELINE,NEW_DATA,22.3652,96.3764,19.0657
3378,BASELINE,NEW_DATA,22.3597,96.3764,19.0657
3379,BASELINE,NEW_DATA,22.3555,96.3764,19.0657
3380,BASELINE,NEW_DATA,22.3583,96.3764,19.0657
3381,BASELINE,NEW_DATA,22.3611,96.3764,19.0657
3382,BASELINE,NEW_DATA,22.3527,96.3764,19.0657
3383,BASELINE,NEW_DATA,22.3555,96.3764,19.0657
3384,BASELINE,NEW_DATA,22.3527,96.3764,19.0657
3385,BASELINE,NEW_DATA,22.3555,96.3764,19.0657
3386,BASELINE,NEW_DATA,22.3541,96.5232,19.0623
3387,BASELINE,NEW_DATA,22.3500,96.5232,19.0623
3388,BASELINE,NEW_DATA,22.3527,96.5232,19.0623
3389,BASELINE,NEW_DATA,22.3458,96.5232,19.0623
3390,BASELINE,NEW_DATA,22.3500,96.5232,19.0623
3391,BASELINE,NEW_DATA,22.3652,96.5232,19.0623
3392,BASELINE,NEW_DATA,22.3472,96.5232,19.0623
3393,BASELINE,NEW_DATA,22.3389,96.5232,19.0623
3394,BASELINE,NEW_DATA,22.3375,96.5232,19.0623
3395,BASELINE,NEW_DATA,22.3416,96.5232,19.0623
3396,BASELINE,NEW_DATA,22.3361,96.5232,19.0623
3397,BASELINE,NEW_DATA,22.3389,96.5232,19.0623
3398,BASELINE,NEW_DATA,22.3361,96.5232,19.0623
3399,BASELINE,NEW_DATA,22.3305,96.5232,19.0623
3400,BASELINE,NEW_DATA,22.3319,96.5232,19.0623
3401,BASELINE,NEW_DATA,22.3361,96.5232,19.0623
3402,BASELINE,NEW_DATA,22.3361,96.5232,19.0623
3403,BASELINE,NEW_DATA,22.3361,96.5232,19.0623
3404,BASELINE,NEW_DATA,22.3333,96.5232,19.0623
3405,BASELINE,NEW_DATA,22.3305,96.5232,19.0623
3406,BASELINE,NEW_DATA,22.3292,96.5232,19.0623
3407,BASELINE,NEW_DATA,22.3264,96.5232,19.0623
3408,BASELINE,NEW_DATA,22.3250,96.5232,19.0623
3409,BASELINE,NEW_DATA,22.3194,96.5232,19.0623
3410,BASELINE,NEW_DATA,22.3194,96.6373,18.9938
3411,BASELINE,NEW_DATA,22.3208,96.6373,18.9938
3412,BASELINE,NEW_DATA,22.3181,96.6373,18.9938
3413,BASELINE,NEW_DATA,22.3139,96.6373,18.9938
3414,BASELINE,NEW_DATA,22.3194,96.6373,18.9938
3415,BASELINE,NEW_DATA,22.3153,96.6373,18.9938
3416,BASELINE,NEW_DATA,22.3139,96.6373,18.9938
3417,BASELINE,NEW_DATA,22.3153,96.6373,18.9938
3418,BASELINE,NEW_DATA,22.3125,96.6373,18.9938
3419,BASELINE,NEW_DATA,22.3125,96.6373,18.9938
3420,BASELINE,NEW_DATA,22.3042,96.6373,18.9938
3421,BASELINE,NEW_DATA,22.3042,96.6373,18.9938
3422,BASELINE,NEW_DATA,22.3278,96.6373,18.9938
3423,BASELINE,NEW_DATA,22.2986,96.6373,18.9938
3424,BASELINE,NEW_DATA,22.3028,96.6373,18.9938
3425,BASELINE,NEW_DATA,22.3028,96.6373,18.9938
3426,BASELINE,NEW_DATA,22.3000,96.6373,18.9938
3427,BASELINE,NEW_DATA,22.2973,96.6373,18.9938
3428,BASELINE,NEW_DATA,22.2986,96.6373,18.9938
3429,BASELINE,NEW_DATA,22.2973,96.6373,18.9938
3430,BASELINE,NEW_DATA,22.2959,96.6373,18.9938
3431,BASELINE,NEW_DATA,22.2945,96.6373,18.9938
3432,BASELINE,NEW_DATA,22.2973,96.6373,18.9938
3433,BASELINE,NEW_DATA,22.3028,96.6373,18.9938
3434,BASELINE,NEW_DATA,22.2986,96.6373,18.9938
3435,BASELINE,NEW_DATA,22.3000,96.5151,19.1990
3436,BASELINE,NEW_DATA,22.2917,96.5151,19.1990
3437,BASELINE,NEW_DATA,22.2917,96.5151,19.1990
3438,BASELINE,NEW_DATA,22.2917,96.5151,19.1990
3439,BASELINE,NEW_DATA,22.2875,96.5151,19.1990
3440,BASELINE,NEW_DATA,22.2875,96.5151,19.1990
3441,BASELINE,NEW_DATA,22.2820,96.5151,19.1990
3442,BASELINE,NEW_DATA,22.2834,96.5151,19.1990
3443,BASELINE,NEW_DATA,22.2820,96.5151,19.1990
3444,BASELINE,NEW_DATA,22.2834,96.5151,19.1990
3445,BASELINE,NEW_DATA,22.2834,96.5151,19.1990
3446,BASELINE,NEW_DATA,22.2764,96.5151,19.1990
3447,BASELINE,NEW_DATA,22.2737,96.5151,19.1990
3448,BASELINE,NEW_DATA,22.2723,96.5151,19.1990
3449,BASELINE,NEW_DATA,22.2764,96.5151,19.1990
3450,BASELINE,NEW_DATA,22.2723,96.5151,19.1990
3451,BASELINE,NEW_DATA,22.2667,96.5151,19.1990
3452,BASELINE,NEW_DATA,22.2653,96.5151,19.1990
3453,BASELINE,NEW_DATA,22.2695,96.5151,19.1990
3454,BASELINE,NEW_DATA,22.2723,96.5151,19.1990
3455,BASELINE,NEW_DATA,22.2737,96.5151,19.1990
3456,BASELINE,NEW_DATA,22.2556,96.5151,19.1990
3457,BASELINE,NEW_DATA,22.2542,96.5151,19.1990
3458,BASELINE,NEW_DATA,22.2570,96.5151,19.1990
3459,BASELINE,NEW_DATA,22.2556,96.7401,19.1901
3460,BASELINE,NEW_DATA,22.2556,96.7401,19.1901
3461,BASELINE,NEW_DATA,22.2556,96.7401,19.1901
3462,BASELINE,NEW_DATA,22.2584,96.7401,19.1901
3463,BASELINE,NEW_DATA,22.2584,96.7401,19.1901
3464,BASELINE,NEW_DATA,22.2612,96.7401,19.1901
3465,BASELINE,NEW_DATA,22.2612,96.7401,19.1901
3466,BASELINE,NEW_DATA,22.2584,96.7401,19.1901
3467,BASELINE,NEW_DATA,22.2584,96.7401,19.1901
3468,BASELINE,NEW_DATA,22.2598,96.7401,19.1901
3469,BASELINE,NEW_DATA,22.2473,96.7401,19.1901
3470,BASELINE,NEW_DATA,22.2473,96.7401,19.1901
3471,BASELINE,NEW_DATA,22.2473,96.7401,19.1901
3472,BASELINE,NEW_DATA,22.2473,96.7401,19.1901
3473,BASELINE,NEW_DATA,22.2473,96.7401,19.1901
3474,BASELINE,NEW_DATA,22.2445,96.7401,19.1901
3475,BASELINE,NEW_DATA,22.2445,96.7401,19.1901
3476,BASELINE,NEW_DATA,22.2445,96.7401,19.1901
3477,BASELINE,NEW_DATA,22.2376,96.7401,19.1901
3478,BASELINE,NEW_DATA,22.2390,96.7401,19.1901
3479,BASELINE,NEW_DATA,22.2390,96.7401,19.1901
3480,BASELINE,NEW_DATA,22.2418,96.7401,19.1901
3481,BASELINE,NEW_DATA,22.2404,96.7401,19.1901
3482,BASELINE,NEW_DATA,22.2376,96.7401,19.1901
3483,BASELINE,NEW_DATA,22.2376,96.8971,19.1802
3484,BASELINE,NEW_DATA,22.2362,96.8971,19.1802
3485,BASELINE,NEW_DATA,22.2321,96.8971,19.1802
3486,BASELINE,NEW_DATA,22.2404,96.8971,19.1802
3487,BASELINE,NEW_DATA,22.2473,96.8971,19.1802
3488,BASELINE,NEW_DATA,22.2265,96.8971,19.1802
3489,BASELINE,NEW_DATA,22.2251,96.8971,19.1802
3490,BASELINE,NEW_DATA,22.2251,96.8971,19.1802
3491,BASELINE,NEW_DATA,22.2223,96.8971,19.1802
3492,BASELINE,NEW_DATA,22.2265,96.8971,19.1802
3493,BASELINE,NEW_DATA,22.2279,96.8971,19.1802
3494,BASELINE,NEW_DATA,22.2265,96.8971,19.1802
3495,BASELINE,NEW_DATA,22.2251,96.8971,19.1802
3496,BASELINE,NEW_DATA,22.2307,96.8971,19.1802
3497,BASELINE,NEW_DATA,22.2279,96.8971,19.1802
3498,BASELINE,NEW_DATA,22.2293,96.8971,19.1802
3499,BASELINE,NEW_DATA,22.2293,96.8971,19.1802
3500,BASELINE,NEW_DATA,22.2307,96.8971,19.1802
3501,BASELINE,NEW_DATA,22.2279,96.8971,19.1802
3502,BASELINE,NEW_DATA,22.2251,96.8971,19.1802
3503,BASELINE,NEW_DATA,22.2265,96.8971,19.1802
3504,BASELINE,NEW_DATA,22.2223,96.8971,19.1802
3505,BASELINE,NEW_DATA,22.2223,96.8971,19.1802
3506,BASELINE,NEW_DATA,22.2223,96.8971,19.1802
3507,BASELINE,NEW_DATA,22.2223,96.8971,19.1802
3508,BASELINE,NEW_DATA,22.2210,96.8655,19.6353
3509,BASELINE,NEW_DATA,22.2182,96.8655,19.6353
3510,BASELINE,NEW_DATA,22.2168,96.8655,19.6353
3511,BASELINE,NEW_DATA,22.2182,96.8655,19.6353
3512,BASELINE,NEW_DATA,22.2168,96.8655,19.6353
3513,BASELINE,NEW_DATA,22.2196,96.8655,19.6353
3514,BASELINE,NEW_DATA,22.2210,96.8655,19.6353
3515,BASELINE,NEW_DATA,22.2168,96.8655,19.6353
3516,BASELINE,NEW_DATA,22.2140,96.8655,19.6353
3517,BASELINE,NEW_DATA,22.2112,96.8655,19.6353
3518,BASELINE,NEW_DATA,22.2140,96.8655,19.6353
3519,BASELINE,NEW_DATA,22.2112,96.8655,19.6353
3520,BASELINE,NEW_DATA,22.2140,96.8655,19.6353
3521,BASELINE,NEW_DATA,22.2307,96.8655,19.6353
3522,BASELINE,NEW_DATA,22.2112,96.8655,19.6353
3523,BASELINE,NEW_DATA,22.2057,96.8655,19.6353
3524,BASELINE,NEW_DATA,22.2043,96.8655,19.6353
3525,BASELINE,NEW_DATA,22.2057,96.8655,19.6353
3526,BASELINE,NEW_DATA,22.2029,96.8655,19.6353
3527,BASELINE,NEW_DATA,22.2015,96.8655,19.6353
3528,BASELINE,NEW_DATA,22.2002,96.8655,19.6353
3529,BASELINE,NEW_DATA,22.2029,96.8655,19.6353
3530,BASELINE,NEW_DATA,22.2043,96.8655,19.6353
3531,BASELINE,NEW_DATA,22.2029,96.8655,19.6353
3532,BASELINE,NEW_DATA,22.2029,96.8655,19.7292
3533,BASELINE,NEW_DATA,22.2043,96.8655,19.7292
3534,BASELINE,NEW_DATA,22.2043,96.8655,19.7292
3535,BASELINE,NEW_DATA,22.2015,96.8655,19.7292
3536,BASELINE,NEW_DATA,22.1946,96.8655,19.7292
3537,BASELINE,NEW_DATA,22.1988,96.8655,19.7292
3538,BASELINE,NEW_DATA,22.2015,96.8655,19.7292
3539,BASELINE,NEW_DATA,22.1946,96.8655,19.7292
3540,BASELINE,NEW_DATA,22.1960,96.8655,19.7292
3541,BASELINE,NEW_DATA,22.1918,96.8655,19.7292
3542,BASELINE,NEW_DATA,22.1946,96.8655,19.7292
3543,BASELINE,NEW_DATA,22.1918,96.8655,19.7292
3544,BASELINE,NEW_DATA,22.1918,96.8655,19.7292
3545,BASELINE,NEW_DATA,22.1918,96.8655,19.7292
3546,BASELINE,NEW_DATA,22.1918,96.8655,19.7292
3547,BASELINE,NEW_DATA,22.1877,96.8655,19.7292
3548,BASELINE,NEW_DATA,22.1835,96.8655,19.7292
3549,BASELINE,NEW_DATA,22.1835,96.8655,19.7292
3550,BASELINE,NEW_DATA,22.1849,96.8655,19.7292
3551,BASELINE,NEW_DATA,22.1807,96.8655,19.7292
3552,BASELINE,NEW_DATA,22.1835,96.8655,19.7292
3553,BASELINE,NEW_DATA,22.1835,96.8655,19.7292
3554,BASELINE,NEW_DATA,22.1780,96.8655,19.7292
3555,BASELINE,NEW_DATA,22.1863,96.8655,19.7292
3556,BASELINE,NEW_DATA,22.2015,96.8655,19.7292
3557,BASELINE,NEW_DATA,22.1752,96.7784,19.6972
3558,BASELINE,NEW_DATA,22.1780,96.7784,19.6972
3559,BASELINE,NEW_DATA,22.1724,96.7784,19.6972
3560,BASELINE,NEW_DATA,22.1696,96.7784,19.6972
3561,BASELINE,NEW_DATA,22.1793,96.7784,19.6972
3562,BASELINE,NEW_DATA,22.1738,96.7784,19.6972
3563,BASELINE,NEW_DATA,22.1780,96.7784,19.6972
3564,BASELINE,NEW_DATA,22.1793,96.7784,19.6972
3565,BASELINE,NEW_DATA,22.1780,96.7784,19.6972
3566,BASELINE,NEW_DATA,22.1752,96.7784,19.6972
3567,BASELINE,NEW_DATA,22.1793,96.7784,19.6972
3568,BASELINE,NEW_DATA,22.1780,96.7784,19.6972
3569,BASELINE,NEW_DATA,22.1710,96.7784,19.6972
3570,BASELINE,NEW_DATA,22.1724,96.7784,19.6972
3571,BASELINE,NEW_DATA,22.1780,96.7784,19.6972
3572,BASELINE,NEW_DATA,22.1710,96.7784,19.6972
3573,BASELINE,NEW_DATA,22.1752,96.7784,19.6972
3574,BASELINE,NEW_DATA,22.1738,96.7784,19.6972
3575,BASELINE,NEW_DATA,22.1669,96.7784,19.6972
3576,BASELINE,NEW_DATA,22.1724,96.7784,19.6972
3577,BASELINE,NEW_DATA,22.1710,96.7784,19.6972
3578,BASELINE,NEW_DATA,22.1655,96.7784,19.6972
3579,BASELINE,NEW_DATA,22.1627,96.7784,19.6972
3580,BASELINE,NEW_DATA,22.1655,96.7784,19.6972
3581,BASELINE,NEW_DATA,22.1627,96.6420,19.5923
3582,BASELINE,NEW_DATA,22.1599,96.6420,19.5923
3583,BASELINE,NEW_DATA,22.1655,96.6420,19.5923
3584,BASELINE,NEW_DATA,22.1696,96.6420,19.5923
3585,BASELINE,NEW_DATA,22.1641,96.6420,19.5923
3586,BASELINE,NEW_DATA,22.1613,96.6420,19.5923
3587,BASELINE,NEW_DATA,22.1627,96.6420,19.5923
3588,BASELINE,NEW_DATA,22.1544,96.6420,19.5923
3589,BASELINE,NEW_DATA,22.1571,96.6420,19.5923
3590,BASELINE,NEW_DATA,22.1669,96.6420,19.5923
3591,BASELINE,NEW_DATA,22.1696,96.6420,19.5923
3592,BASELINE,NEW_DATA,22.1599,96.6420,19.5923
3593,BASELINE,NEW_DATA,22.1575,96.6420,19.5923
3594,BASELINE,NEW_DATA,22.1544,96.6420,19.5923
3595,BASELINE,NEW_DATA,22.1544,96.6420,19.5923
3596,BASELINE,NEW_DATA,22.1516,96.6420,19.5923
3597,BASELINE,NEW_DATA,22.1516,96.6420,19.5923
3598,BASELINE,NEW_DATA,22.1558,96.6420,19.5923
3599,BASELINE,NEW_DATA,22.1585,96.6420,19.5923
3600,BASELINE,NEW_DATA,22.1599,96.6420,19.5923
3601,BASELINE,NEW_DATA,22.1558,96.6420,19.5923
3602,BASELINE,NEW_DATA,22.1585,96.6420,19.5923
3603,BASELINE,NEW_DATA,22.1571,96.6420,19.5923
3604,BASELINE,NEW_DATA,22.1558,96.6420,19.5923
3605,BASELINE,NEW_DATA,22.1599,96.4969,19.5465
3606,BASELINE,NEW_DATA,22.1523,96.4969,19.5465
3607,BASELINE,NEW_DATA,22.1530,96.4969,19.5465
3608,BASELINE,NEW_DATA,22.1571,96.4969,19.5465
3609,BASELINE,NEW_DATA,22.1571,96.4969,19.5465
3610,BASELINE,NEW_DATA,22.1544,96.4969,19.5465
3611,BASELINE,NEW_DATA,22.1488,96.4969,19.5465
3612,BASELINE,NEW_DATA,22.1530,96.4969,19.5465
3613,BASELINE,NEW_DATA,22.1488,96.4969,19.5465
3614,BASELINE,NEW_DATA,22.1474,96.4969,19.5465
3615,BASELINE,NEW_DATA,22.1447,96.4969,19.5465
3616,BASELINE,NEW_DATA,22.1474,96.4969,19.5465
3617,BASELINE,NEW_DATA,22.1474,96.4969,19.5465
3618,BASELINE,NEW_DATA,22.1502,96.4969,19.5465
3619,BASELINE,NEW_DATA,22.1474,96.4969,19.5465
3620,BASELINE,NEW_DATA,22.1502,96.4969,19.5465
3621,BASELINE,NEW_DATA,22.1433,96.4969,19.5465
3622,BASELINE,NEW_DATA,22.1502,96.4969,19.5465
3623,BASELINE,NEW_DATA,22.1447,96.4969,19.5465
3624,BASELINE,NEW_DATA,22.1544,96.4969,19.5465
3625,BASELINE,NEW_DATA,22.1558,96.4969,19.5465
3626,BASELINE,NEW_DATA,22.1377,96.4969,19.5465
3627,BASELINE,NEW_DATA,22.1363,96.4969,19.5465
3628,BASELINE,NEW_DATA,22.1363,96.4969,19.5465
3629,BASELINE,NEW_DATA,22.1405,96.4969,19.5465
3630,BASELINE,NEW_DATA,22.1405,96.4969,19.5819
3631,BASELINE,NEW_DATA,22.1405,96.4969,19.5819
3632,BASELINE,NEW_DATA,22.1391,96.4969,19.5819
3633,BASELINE,NEW_DATA,22.1447,96.4969,19.5819
3634,BASELINE,NEW_DATA,22.1474,96.4969,19.5819
3635,BASELINE,NEW_DATA,22.1447,96.4969,19.5819
3636,BASELINE,NEW_DATA,22.1447,96.4969,19.5819
3637,BASELINE,NEW_DATA,22.1391,96.4969,19.5819
3638,BASELINE,NEW_DATA,22.1447,96.4969,19.5819
3639,BASELINE,NEW_DATA,22.1391,96.4969,19.5819
3640,BASELINE,NEW_DATA,22.1405,96.4969,19.5819
3641,BASELINE,NEW_DATA,22.1405,96.4969,19.5819
3642,BASELINE,NEW_DATA,22.1377,96.4969,19.5819
3643,BASELINE,NEW_DATA,22.1356,96.4969,19.5819
3644,BASELINE,NEW_DATA,22.1377,96.4969,19.5819
3645,BASELINE,NEW_DATA,22.1308,96.4969,19.5819
3646,BASELINE,NEW_DATA,22.1294,96.4969,19.5819
3647,BASELINE,NEW_DATA,22.1336,96.4969,19.5819
3648,BASELINE,NEW_DATA,22.1308,96.4969,19.5819
3649,BASELINE,NEW_DATA,22.1322,96.4969,19.5819
3650,BASELINE,NEW_DATA,22.1350,96.4969,19.5819
3651,BASELINE,NEW_DATA,22.1280,96.4969,19.5819
3652,BASELINE,NEW_DATA,22.1336,96.4969,19.5819
3653,BASELINE,NEW_DATA,22.1294,96.4969,19.5819
3654,BASELINE,NEW_DATA,22.1322,96.3221,19.6466
3655,BASELINE,NEW_DATA,22.1308,96.3221,19.6466
3656,BASELINE,NEW_DATA,22.1280,96.3221,19.6466
3657,BASELINE,NEW_DATA,22.1377,96.3221,19.6466
3658,BASELINE,NEW_DATA,22.1377,96.3221,19.6466
3659,BASELINE,NEW_DATA,22.1252,96.3221,19.6466
3660,BASELINE,NEW_DATA,22.1266,96.3221,19.6466
3661,BASELINE,NEW_DATA,22.1280,96.3221,19.6466
3662,BASELINE,NEW_DATA,22.1308,96.3221,19.6466
3663,BASELINE,NEW_DATA,22.1266,96.3221,19.6466
3664,BASELINE,NEW_DATA,22.1252,96.3221,19.6466
3665,BASELINE,NEW_DATA,22.1280,96.3221,19.6466
3666,BASELINE,NEW_DATA,22.1308,96.3221,19.6466
3667,BASELINE,NEW_DATA,22.1280,96.3221,19.6466
3668,BASELINE,NEW_DATA,22.1280,96.3221,19.6466
3669,BASELINE,NEW_DATA,22.1280,96.3221,19.6466
3670,BASELINE,NEW_DATA,22.1294,96.3221,19.6466
3671,BASELINE,NEW_DATA,22.1280,96.3221,19.6466
3672,BASELINE,NEW_DATA,22.1211,96.3221,19.6466
3673,BASELINE,NEW_DATA,22.1225,96.3221,19.6466
3674,BASELINE,NEW_DATA,22.1252,96.3221,19.6466
3675,BASELINE,NEW_DATA,22.1211,96.3221,19.6466
3676,BASELINE,NEW_DATA,22.1211,96.3221,19.6466
3677,BASELINE,NEW_DATA,22.1155,96.3221,19.6466
3678,BASELINE,NEW_DATA,22.1169,96.1751,19.9419
3679,BASELINE,NEW_DATA,22.1155,96.1751,19.9419
3680,BASELINE,NEW_DATA,22.1128,96.1751,19.9419
3681,BASELINE,NEW_DATA,22.1114,96.1751,19.9419
3682,BASELINE,NEW_DATA,22.1155,96.1751,19.9419
3683,BASELINE,NEW_DATA,22.1141,96.1751,19.9419
3684,BASELINE,NEW_DATA,22.1100,96.1751,19.9419
3685,BASELINE,NEW_DATA,22.1086,96.1751,19.9419
3686,BASELINE,NEW_DATA,22.1086,96.1751,19.9419
3687,BASELINE,NEW_DATA,22.1079,96.1751,19.9419
3688,BASELINE,NEW_DATA,22.1114,96.1751,19.9419
3689,BASELINE,NEW_DATA,22.1239,96.1751,19.9419
3690,BASELINE,NEW_DATA,22.1031,96.1751,19.9419
3691,BASELINE,NEW_DATA,22.1031,96.1751,19.9419
3692,BASELINE,NEW_DATA,22.1031,96.1751,19.9419
3693,BASELINE,NEW_DATA,22.1086,96.1751,19.9419
3694,BASELINE,NEW_DATA,22.1044,96.1751,19.9419
3695,BASELINE,NEW_DATA,22.0975,96.1751,19.9419
3696,BASELINE,NEW_DATA,22.1003,96.1751,19.9419
3697,BASELINE,NEW_DATA,22.1058,96.1751,19.9419
3698,BASELINE,NEW_DATA,22.1058,96.1751,19.9419
3699,BASELINE,NEW_DATA,22.1100,96.1751,19.9419
3700,BASELINE,NEW_DATA,22.1072,96.1751,19.9419
3701,BASELINE,NEW_DATA,22.1058,96.1751,19.9419
3702,BASELINE,NEW_DATA,22.0989,96.0222,19.8401
3703,BASELINE,NEW_DATA,22.1044,96.0222,19.8401
3704,BASELINE,NEW_DATA,22.0947,96.0222,19.8401
3705,BASELINE,NEW_DATA,22.1003,96.0222,19.8401
3706,BASELINE,NEW_DATA,22.0975,96.0222,19.8401
3707,BASELINE,NEW_DATA,22.0989,96.0222,19.8401
3708,BASELINE,NEW_DATA,22.0961,96.0222,19.8401
3709,BASELINE,NEW_DATA,22.0920,96.0222,19.8401
3710,BASELINE,NEW_DATA,22.0878,96.0222,19.8401
3711,BASELINE,NEW_DATA,22.0933,96.0222,19.8401
3712,BASELINE,NEW_DATA,22.0906,96.0222,19.8401
3713,BASELINE,NEW_DATA,22.0920,96.0222,19.8401
3714,BASELINE,NEW_DATA,22.0947,96.0222,19.8401
3715,BASELINE,NEW_DATA,22.0947,96.0222,19.8401
3716,BASELINE,NEW_DATA,22.0864,96.0222,19.8401
3717,BASELINE,NEW_DATA,22.0836,96.0222,19.8401
3718,BASELINE,NEW_DATA,22.0892,96.0222,19.8401
3719,BASELINE,NEW_DATA,22.0906,96.0222,19.8401
3720,BASELINE,NEW_DATA,22.1044,96.0222,19.8401
3721,BASELINE,NEW_DATA,22.0892,96.0222,19.8401
3722,BASELINE,NEW_DATA,22.0864,96.0222,19.8401
3723,BASELINE,NEW_DATA,22.0878,96.0222,19.8401
3724,BASELINE,NEW_DATA,22.0878,96.0222,19.8401
3725,BASELINE,NEW_DATA,22.0836,96.0222,19.8401
3726,BASELINE,NEW_DATA,22.0836,96.0222,19.8401
3727,BASELINE,NEW_DATA,22.0864,95.8838,19.9488
3728,BASELINE,NEW_DATA,22.0864,95.8838,19.9488
3729,BASELINE,NEW_DATA,22.0906,95.8838,19.9488
3730,BASELINE,NEW_DATA,22.0920,95.8838,19.9488
3731,BASELINE,NEW_DATA,22.0933,95.8838,19.9488
3732,BASELINE,NEW_DATA,22.0933,95.8838,19.9488
3733,BASELINE,NEW_DATA,22.0920,95.8838,19.9488
3734,BASELINE,NEW_DATA,22.0864,95.8838,19.9488
3735,BASELINE,NEW_DATA,22.0864,95.8838,19.9488
3736,BASELINE,NEW_DATA,22.0864,95.8838,19.9488
3737,BASELINE,NEW_DATA,22.0892,95.8838,19.9488
3738,BASELINE,NEW_DATA,22.0836,95.8838,19.9488
3739,BASELINE,NEW_DATA,22.0809,95.8838,19.9488
3740,BASELINE,NEW_DATA,22.0822,95.8838,19.9488
3741,BASELINE,NEW_DATA,22.0781,95.8838,19.9488
3742,BASELINE,NEW_DATA,22.0809,95.8838,19.9488
3743,BASELINE,NEW_DATA,22.0795,95.8838,19.9488
3744,BASELINE,NEW_DATA,22.0767,95.8838,19.9488
3745,BASELINE,NEW_DATA,22.0753,95.8838,19.9488
3746,BASELINE,NEW_DATA,22.0781,95.8838,19.9488
3747,BASELINE,NEW_DATA,22.0725,95.8838,19.9488
3748,BASELINE,NEW_DATA,22.0725,95.8838,19.9488
3749,BASELINE,NEW_DATA,22.0767,95.8838,19.9488
3750,BASELINE,NEW_DATA,22.0767,95.8838,19.9488
3751,BASELINE,NEW_DATA,22.0975,95.8479,19.9453
3752,BASELINE,NEW_DATA,22.0711,95.8479,19.9453
3753,BASELINE,NEW_DATA,22.0684,95.8479,19.9453
3754,BASELINE,NEW_DATA,22.0753,95.8479,19.9453
3755,BASELINE,NEW_DATA,22.0725,95.8479,19.9453
3756,BASELINE,NEW_DATA,22.0711,95.8479,19.9453
3757,BASELINE,NEW_DATA,22.0698,95.8479,19.9453
3758,BASELINE,NEW_DATA,22.0725,95.8479,19.9453
3759,BASELINE,NEW_DATA,22.0725,95.8479,19.9453
3760,BASELINE,NEW_DATA,22.0642,95.8479,19.9453
3761,BASELINE,NEW_DATA,22.0670,95.8479,19.9453
3762,BASELINE,NEW_DATA,22.0600,95.8479,19.9453
3763,BASELINE,NEW_DATA,22.0600,95.8479,19.9453
3764,BASELINE,NEW_DATA,22.0503,95.8479,19.9453
3765,BASELINE,NEW_DATA,22.0531,95.8479,19.9453
3766,BASELINE,NEW_DATA,22.0476,95.8479,19.9453
3767,BASELINE,NEW_DATA,22.0476,95.8479,19.9453
3768,BASELINE,NEW_DATA,22.0420,95.8479,19.9453
3769,BASELINE,NEW_DATA,22.0462,95.8479,19.9453
3770,BASELINE,NEW_DATA,22.0448,95.8479,19.9453
3771,BASELINE,NEW_DATA,22.0448,95.8479,19.9453
3772,BASELINE,NEW_DATA,22.0476,95.8479,19.9453
3773,BASELINE,NEW_DATA,22.0365,95.8479,19.9453
3774,BASELINE,NEW_DATA,22.0379,95.8479,19.9453
3775,BASELINE,NEW_DATA,22.0337,95.6911,19.9364
3776,BASELINE,NEW_DATA,22.0392,95.6911,19.9364
3777,BASELINE,NEW_DATA,22.0337,95.6911,19.9364
3778,BASELINE,NEW_DATA,22.0295,95.6911,19.9364
3779,BASELINE,NEW_DATA,22.0240,95.6911,19.9364
3780,BASELINE,NEW_DATA,22.0268,95.6911,19.9364
3781,BASELINE,NEW_DATA,22.0309,95.6911,19.9364
3782,BASELINE,NEW_DATA,22.0448,95.6911,19.9364
3783,BASELINE,NEW_DATA,22.0254,95.6911,19.9364
3784,BASELINE,NEW_DATA,22.0226,95.6911,19.9364
3785,BASELINE,NEW_DATA,22.0191,95.6911,19.9364
3786,BASELINE,NEW_DATA,22.0170,95.6911,19.9364
3787,BASELINE,NEW_DATA,22.0198,95.6911,19.9364
3788,BASELINE,NEW_DATA,22.0240,95.6911,19.9364
3789,BASELINE,NEW_DATA,22.0337,95.6911,19.9364
3790,BASELINE,NEW_DATA,22.0392,95.6911,19.9364
3791,BASELINE,NEW_DATA,22.0392,95.6911,19.9364
3792,BASELINE,NEW_DATA,22.0531,95.6911,19.9364
3793,BASELINE,NEW_DATA,22.0545,95.6911,19.9364
3794,BASELINE,NEW_DATA,22.0587,95.6911,19.9364
3795,BASELINE,NEW_DATA,22.0614,95.6911,19.9364
3796,BASELINE,NEW_DATA,22.0628,95.6911,19.9364
3797,BASELINE,NEW_DATA,22.0670,95.6911,19.9364
3798,BASELINE,NEW_DATA,22.0656,95.6911,19.9364
3799,BASELINE,NEW_DATA,22.0670,95.6911,19.9364
3800,BASELINE,NEW_DATA,22.0739,95.6050,19.8472
3801,BASELINE,NEW_DATA,22.0725,95.6050,19.8472
3802,BASELINE,NEW_DATA,22.0698,95.6050,19.8472
3803,BASELINE,NEW_DATA,22.0642,95.6050,19.8472
3804,BASELINE,NEW_DATA,22.0725,95.6050,19.8472
3805,BASELINE,NEW_DATA,22.0711,95.6050,19.8472
3806,BASELINE,NEW_DATA,22.0781,95.6050,19.8472
3807,BASELINE,NEW_DATA,22.0864,95.6050,19.8472
3808,BASELINE,NEW_DATA,22.0822,95.6050,19.8472
3809,BASELINE,NEW_DATA,22.0809,95.6050,19.8472
3810,BASELINE,NEW_DATA,22.0864,95.6050,19.8472
3811,BASELINE,NEW_DATA,22.0836,95.6050,19.8472
3812,BASELINE,NEW_DATA,22.0920,95.6050,19.8472
3813,BASELINE,NEW_DATA,22.1058,95.6050,19.8472
3814,BASELINE,NEW_DATA,22.0864,95.6050,19.8472
3815,BASELINE,NEW_DATA,22.0864,95.6050,19.8472
3816,BASELINE,NEW_DATA,22.0892,95.6050,19.8472
3817,BASELINE,NEW_DATA,22.0947,95.6050,19.8472
3818,BASELINE,NEW_DATA,22.0933,95.6050,19.8472
3819,BASELINE,NEW_DATA,22.0892,95.6050,19.8472
3820,BASELINE,NEW_DATA,22.0947,95.6050,19.8472
3821,BASELINE,NEW_DATA,22.1003,95.6050,19.8472
3822,BASELINE,NEW_DATA,22.1044,95.6050,19.8472
3823,BASELINE,NEW_DATA,22.1031,95.6050,19.8472
3824,BASELINE,NEW_DATA,22.1031,95.5334,19.7415
3825,BASELINE,NEW_DATA,22.1003,95.5334,19.7415
3826,BASELINE,NEW_DATA,22.1017,95.5334,19.7415
3827,BASELINE,NEW_DATA,22.1031,95.5334,19.7415
3828,BASELINE,NEW_DATA,22.1031,95.5334,19.7415
3829,BASELINE,NEW_DATA,22.1044,95.5334,19.7415
3830,BASELINE,NEW_DATA,22.1031,95.5334,19.7415
3831,BASELINE,NEW_DATA,22.1003,95.5334,19.7415
3832,BASELINE,NEW_DATA,22.1072,95.5334,19.7415
3833,BASELINE,NEW_DATA,22.1128,95.5334,19.7415
3834,BASELINE,NEW_DATA,22.1114,95.5334,19.7415
3835,BASELINE,NEW_DATA,22.1128,95.5334,19.7415
3836,BASELINE,NEW_DATA,22.1100,95.5334,19.7415
3837,BASELINE,NEW_DATA,22.1114,95.5334,19.7415
3838,BASELINE,NEW_DATA,22.1197,95.5334,19.7415
3839,BASELINE,NEW_DATA,22.1211,95.5334,19.7415
3840,BASELINE,NEW_DATA,22.1141,95.5334,19.7415
3841,BASELINE,NEW_DATA,22.1128,95.5334,19.7415
3842,BASELINE,NEW_DATA,22.1114,95.5334,19.7415
3843,BASELINE,NEW_DATA,22.1197,95.5334,19.7415
3844,BASELINE,NEW_DATA,22.1350,95.5334,19.7415
3845,BASELINE,NEW_DATA,22.1197,95.5334,19.7415
3846,BASELINE,NEW_DATA,22.1197,95.5334,19.7415
3847,BASELINE,NEW_DATA,22.1183,95.5334,19.7415
3848,BASELINE,NEW_DATA,22.1225,95.5198,19.7787
3849,BASELINE,NEW_DATA,22.1197,95.5198,19.7787
3850,BASELINE,NEW_DATA,22.1225,95.5198,19.7787
3851,BASELINE,NEW_DATA,22.1239,95.5198,19.7787
3852,BASELINE,NEW_DATA,22.1280,95.5198,19.7787
3853,BASELINE,NEW_DATA,22.1336,95.5198,19.7787
3854,BASELINE,NEW_DATA,22.1322,95.5198,19.7787
3855,BASELINE,NEW_DATA,22.1336,95.5198,19.7787
3856,BASELINE,NEW_DATA,22.1363,95.5198,19.7787
3857,BASELINE,NEW_DATA,22.1350,95.5198,19.7787
3858,BASELINE,NEW_DATA,22.1447,95.5198,19.7787
3859,BASELINE,NEW_DATA,22.1405,95.5198,19.7787
3860,BASELINE,NEW_DATA,22.1488,95.5198,19.7787
3861,BASELINE,NEW_DATA,22.1516,95.5198,19.7787
3862,BASELINE,NEW_DATA,22.1599,95.5198,19.7787
3863,BASELINE,NEW_DATA,22.1655,95.5198,19.7787
3864,BASELINE,NEW_DATA,22.1724,95.5198,19.7787
3865,BASELINE,NEW_DATA,22.1807,95.5198,19.7787
3866,BASELINE,NEW_DATA,22.1891,95.5198,19.7787
3867,BASELINE,NEW_DATA,22.1960,95.5198,19.7787
3868,BASELINE,NEW_DATA,22.2029,95.5198,19.7787
3869,BASELINE,NEW_DATA,22.2182,95.5198,19.7787
3870,BASELINE,NEW_DATA,22.2293,95.5198,19.7787
3871,BASELINE,NEW_DATA,22.2390,95.5198,19.7787
3872,BASELINE,NEW_DATA,22.2529,95.5198,19.7787
3873,BASELINE,NEW_DATA,22.2626,95.5390,19.7587
3874,BASELINE,NEW_DATA,22.2820,95.5390,19.7587
3875,BASELINE,NEW_DATA,22.3070,95.5390,19.7587
3876,BASELINE,NEW_DATA,22.3056,95.5390,19.7587
3877,BASELINE,NEW_DATA,22.3236,95.5390,19.7587
3878,BASELINE,NEW_DATA,22.3444,95.5390,19.7587
3879,BASELINE,NEW_DATA,22.3569,95.5390,19.7587
3880,BASELINE,NEW_DATA,22.3791,95.5390,19.7587
3881,BASELINE,NEW_DATA,22.3971,95.5390,19.7587
3882,BASELINE,NEW_DATA,22.4165,95.5390,19.7587
3883,BASELINE,NEW_DATA,22.4374,95.5390,19.7587
3884,BASELINE,NEW_DATA,22.4596,95.5390,19.7587
3885,BASELINE,NEW_DATA,22.4790,95.5390,19.7587
3886,BASELINE,NEW_DATA,22.4942,95.5390,19.7587
3887,BASELINE,NEW_DATA,22.5150,95.5390,19.7587
3888,BASELINE,NEW_DATA,22.5386,95.5390,19.7587
3889,BASELINE,NEW_DATA,22.5567,95.5390,19.7587
3890,BASELINE,NEW_DATA,22.5788,95.5390,19.7587
3891,BASELINE,NEW_DATA,22.5941,95.5390,19.7587
3892,BASELINE,NEW_DATA,22.6108,95.5390,19.7587
3893,BASELINE,NEW_DATA,22.6316,95.5390,19.7587
3894,BASELINE,NEW_DATA,22.6510,95.5390,19.7587
3895,BASELINE,NEW_DATA,22.6690,95.5390,19.7587
3896,BASELINE,NEW_DATA,22.6829,95.5390,19.7587
3897,BASELINE,NEW_DATA,22.6968,95.4031,20.1674
3898,BASELINE,NEW_DATA,22.7176,95.4031,20.1674
3899,BASELINE,NEW_DATA,22.7269,95.4031,20.1674
3900,BASELINE,NEW_DATA,22.7269,95.4031,20.1674
3901,BASELINE,NEW_DATA,22.7269,95.4031,20.1674
3902,BASELINE,NEW_DATA,22.7269,95.4031,20.1674
3903,BASELINE,NEW_DATA,22.7269,95.4031,20.1674
3904,BASELINE,NEW_DATA,22.7269,95.4031,20.1674
3905,BASELINE,NEW_DATA,22.7269,95.4031,20.1674
3906,BASELINE,NEW_DATA,22.7269,95.4031,20.1674
3907,BASELINE,NEW_DATA,22.7269,95.4031,20.1674
3908,BASELINE,NEW_DATA,22.7269,95.4031,20.1674
3909,BASELINE,NEW_DATA,22.7269,95.4031,20.1674
3910,BASELINE,NEW_DATA,22.7269,95.4031,20.1674
3911,BASELINE,NEW_DATA,22.7269,95.4031,20.1674
3912,BASELINE,NEW_DATA,22.7269,95.4031,20.1674
3913,BASELINE,NEW_DATA,22.7269,95.4031,20.1674
3914,BASELINE,NEW_DATA,22.7269,95.4031,20.1674
3915,BASELINE,NEW_DATA,22.7269,95.4031,20.1674
3916,BASELINE,NEW_DATA,22.7269,95.4031,20.1674
3917,BASELINE,NEW_DATA,22.7269,95.4031,20.1674
3918,BASELINE,NEW_DATA,22.7269,95.4031,20.1674
3919,BASELINE,NEW_DATA,22.7269,95.4031,20.1674
3920,BASELINE,NEW_DATA,22.7269,95.4031,20.1674
3921,BASELINE,NEW_DATA,22.7269,95.2507,20.3702
3922,BASELINE,NEW_DATA,22.7269,95.2507,20.3702
3923,BASELINE,NEW_DATA,22.7269,95.2507,20.3702
3924,BASELINE,NEW_DATA,22.7269,95.2507,20.3702
3925,BASELINE,NEW_DATA,22.7269,95.2507,20.3702
3926,BASELINE,NEW_DATA,22.7269,95.2507,20.3702
3927,BASELINE,NEW_DATA,22.7269,95.2507,20.3702
3928,BASELINE,NEW_DATA,22.7269,95.2507,20.3702
3929,BASELINE,NEW_DATA,22.7269,95.2507,20.3702
3930,BASELINE,NEW_DATA,22.7269,95.2507,20.3702
3931,BASELINE,NEW_DATA,22.7269,95.2507,20.3702
3932,BASELINE,NEW_DATA,22.7269,95.2507,20.3702
3933,BASELINE,NEW_DATA,22.7269,95.2507,20.3702
3934,BASELINE,NEW_DATA,22.7269,95.2507,20.3702
3935,BASELINE,NEW_DATA,22.7269,95.2507,20.3702
3936,BASELINE,NEW_DATA,22.7269,95.2507,20.3702
3937,BASELINE,NEW_DATA,22.7269,95.2507,20.3702
3938,BASELINE,NEW_DATA,22.7269,95.2507,20.3702
3939,BASELINE,NEW_DATA,22.7269,95.2507,20.3702
3940,BASELINE,NEW_DATA,22.7269,95.2507,20.3702
3941,BASELINE,NEW_DATA,22.7269,95.2507,20.3702
3942,BASELINE,NEW_DATA,22.7269,95.2507,20.3702
3943,BASELINE,NEW_DATA,22.7269,95.2507,20.3702
3944,BASELINE,NEW_DATA,22.7269,95.2507,20.3702
3945,BASELINE,NEW_DATA,22.7269,95.2704,20.4763
3946,BASELINE,NEW_DATA,22.7269,95.2704,20.4763
3947,BASELINE,NEW_DATA,22.7269,95.2704,20.4763
3948,BASELINE,NEW_DATA,22.7269,95.2704,20.4763
3949,BASELINE,NEW_DATA,22.7269,95.2704,20.4763
3950,BASELINE,NEW_DATA,22.7269,95.2704,20.4763
3951,BASELINE,NEW_DATA,22.7269,95.2704,20.4763
3952,BASELINE,NEW_DATA,22.7269,95.2704,20.4763
3953,BASELINE,NEW_DATA,22.7269,95.2704,20.4763
3954,BASELINE,NEW_DATA,22.7269,95.2704,20.4763
3955,BASELINE,NEW_DATA,22.7269,95.2704,20.4763
3956,BASELINE,NEW_DATA,22.7269,95.2704,20.4763
3957,BASELINE,NEW_DATA,22.7269,95.2704,20.4763
3958,BASELINE,NEW_DATA,22.7269,95.2704,20.4763
3959,BASELINE,NEW_DATA,22.7269,95.2704,20.4763
3960,BASELINE,NEW_DATA,22.7269,95.2704,20.4763
3961,BASELINE,NEW_DATA,22.7269,95.2704,20.4763
3962,BASELINE,NEW_DATA,22.7269,95.2704,20.4763
3963,BASELINE,NEW_DATA,22.7269,95.2704,20.4763
3964,BASELINE,NEW_DATA,22.7269,95.2704,20.4763
3965,BASELINE,NEW_DATA,22.7269,95.2704,20.4763
3966,BASELINE,NEW_DATA,22.7269,95.2704,20.4763
3967,BASELINE,NEW_DATA,22.7269,95.2704,20.4763
3968,BASELINE,NEW_DATA,22.7269,95.2704,20.4763
3969,BASELINE,NEW_DATA,22.7269,95.2704,20.4763
3970,BASELINE,NEW_DATA,22.7269,95.1366,20.2866
3971,BASELINE,NEW_DATA,22.7269,95.1366,20.2866
3972,BASELINE,NEW_DATA,22.7269,95.1366,20.2866
3973,BASELINE,NEW_DATA,22.7269,95.1366,20.2866
3974,BASELINE,NEW_DATA,22.7269,95.1366,20.2866
3975,BASELINE,NEW_DATA,22.7269,95.1366,20.2866
3976,BASELINE,NEW_DATA,22.7269,95.1366,20.2866
3977,BASELINE,NEW_DATA,22.7269,95.1366,20.2866
3978,BASELINE,NEW_DATA,22.7269,95.1366,20.2866
3979,BASELINE,NEW_DATA,22.7269,95.1366,20.2866
3980,BASELINE,NEW_DATA,22.7269,95.1366,20.2866
3981,BASELINE,NEW_DATA,22.7269,95.1366,20.2866
3982,BASELINE,NEW_DATA,22.7269,95.1366,20.2866
3983,BASELINE,NEW_DATA,22.7269,95.1366,20.2866
3984,BASELINE,NEW_DATA,22.7269,95.1366,20.2866
3985,BASELINE,NEW_DATA,22.7269,95.1366,20.2866
3986,BASELINE,NEW_DATA,22.7269,95.1366,20.2866
3987,BASELINE,NEW_DATA,22.7269,95.1366,20.2866
3988,BASELINE,NEW_DATA,22.7269,95.1366,20.2866
3989,BASELINE,NEW_DATA,22.7269,95.1366,20.2866
3990,BASELINE,NEW_DATA,22.7269,95.1366,20.2866
3991,BASELINE,NEW_DATA,22.7269,95.1366,20.2866
3992,BASELINE,NEW_DATA,22.7269,95.1366,20.2866
3993,BASELINE,NEW_DATA,22.7269,95.1366,20.2866
3994,BASELINE,NEW_DATA,22.7269,94.9152,20.4184
3995,BASELINE,NEW_DATA,22.7269,94.9152,20.4184
3996,BASELINE,NEW_DATA,22.7269,94.9152,20.4184
3997,BASELINE,NEW_DATA,22.7269,94.9152,20.4184
3998,BASELINE,NEW_DATA,22.7269,94.9152,20.4184
3999,BASELINE,NEW_DATA,22.7269,94.9152,20.4184
4000,BASELINE,NEW_DATA,22.7269,94.9152,20.4184
4001,BASELINE,NEW_DATA,22.7269,94.9152,20.4184
4002,BASELINE,NEW_DATA,22.7269,94.9152,20.4184
4003,BASELINE,NEW_DATA,22.7269,94.9152,20.4184
4004,BASELINE,NEW_DATA,22.7269,94.9152,20.4184
4005,BASELINE,NEW_DATA,22.7269,94.9152,20.4184
4006,BASELINE,NEW_DATA,22.7269,94.9152,20.4184
4007,BASELINE,NEW_DATA,22.7269,94.9152,20.4184
4008,BASELINE,NEW_DATA,22.7269,94.9152,20.4184
4009,BASELINE,NEW_DATA,22.7269,94.9152,20.4184
4010,BASELINE,NEW_DATA,22.7269,94.9152,20.4184
4011,BASELINE,NEW_DATA,22.7269,94.9152,20.4184
4012,BASELINE,NEW_DATA,22.7269,94.9152,20.4184
4013,BASELINE,NEW_DATA,22.7269,94.9152,20.4184
4014,BASELINE,NEW_DATA,22.7269,94.9152,20.4184
4015,BASELINE,NEW_DATA,22.7269,94.9152,20.4184
4016,BASELINE,NEW_DATA,22.7269,94.9152,20.4184
4017,BASELINE,NEW_DATA,22.7269,94.9152,20.4184
4018,BASELINE,NEW_DATA,22.7269,94.8746,20.5248
4019,BASELINE,NEW_DATA,22.7269,94.8746,20.5248
4020,BASELINE,NEW_DATA,22.7269,94.8746,20.5248
4021,BASELINE,NEW_DATA,22.7269,94.8746,20.5248
4022,BASELINE,NEW_DATA,22.7269,94.8746,20.5248
4023,BASELINE,NEW_DATA,22.7269,94.8746,20.5248
4024,BASELINE,NEW_DATA,22.7269,94.8746,20.5248
4025,BASELINE,NEW_DATA,22.7269,94.8746,20.5248
4026,BASELINE,NEW_DATA,22.7269,94.8746,20.5248
4027,BASELINE,NEW_DATA,22.7269,94.8746,20.5248
4028,BASELINE,NEW_DATA,22.7269,94.8746,20.5248
4029,BASELINE,NEW_DATA,22.7162,94.8746,20.5248
4030,BASELINE,NEW_DATA,22.7190,94.8746,20.5248
4031,BASELINE,NEW_DATA,22.7134,94.8746,20.5248
4032,BASELINE,NEW_DATA,22.7106,94.8746,20.5248
4033,BASELINE,NEW_DATA,22.7051,94.8746,20.5248
4034,BASELINE,NEW_DATA,22.7023,94.8746,20.5248
4035,BASELINE,NEW_DATA,22.6954,94.8746,20.5248
4036,BASELINE,NEW_DATA,22.6926,94.8746,20.5248
4037,BASELINE,NEW_DATA,22.6912,94.8746,20.5248
4038,BASELINE,NEW_DATA,22.6926,94.8746,20.5248
4039,BASELINE,NEW_DATA,22.6829,94.8746,20.5248
4040,BASELINE,NEW_DATA,22.6746,94.8746,20.5248
4041,BASELINE,NEW_DATA,22.6746,94.8746,20.5248
4042,BASELINE,NEW_DATA,22.6635,94.8746,20.5248
4043,BASELINE,NEW_DATA,22.6773,94.5818,20.4336
4044,BASELINE,NEW_DATA,22.6829,94.5818,20.4336
4045,BASELINE,NEW_DATA,22.6551,94.5818,20.4336
4046,BASELINE,NEW_DATA,22.6496,94.5818,20.4336
4047,BASELINE,NEW_DATA,22.6510,94.5818,20.4336
4048,BASELINE,NEW_DATA,22.6468,94.5818,20.4336
4049,BASELINE,NEW_DATA,22.6440,94.5818,20.4336
4050,BASELINE,NEW_DATA,22.6385,94.5818,20.4336
4051,BASELINE,NEW_DATA,22.6385,94.5818,20.4336
4052,BASELINE,NEW_DATA,22.6329,94.5818,20.4336
4053,BASELINE,NEW_DATA,22.6329,94.5818,20.4336
4054,BASELINE,NEW_DATA,22.6302,94.5818,20.4336
4055,BASELINE,NEW_DATA,22.6288,94.5818,20.4336
4056,BASELINE,NEW_DATA,22.6302,94.5818,20.4336
4057,BASELINE,NEW_DATA,22.6191,94.5818,20.4336
4058,BASELINE,NEW_DATA,22.6121,94.5818,20.4336
4059,BASELINE,NEW_DATA,22.6121,94.5818,20.4336
4060,BASELINE,NEW_DATA,22.6080,94.5818,20.4336
4061,BASELINE,NEW_DATA,22.6094,94.5818,20.4336
4062,BASELINE,NEW_DATA,22.6038,94.5818,20.4336
4063,BASELINE,NEW_DATA,22.5983,94.5818,20.4336
4064,BASELINE,NEW_DATA,22.5969,94.5818,20.4336
4065,BASELINE,NEW_DATA,22.5990,94.5818,20.4336
4066,BASELINE,NEW_DATA,22.5941,94.5818,20.4336
4067,BASELINE,NEW_DATA,22.5927,94.2243,20.2866
4068,BASELINE,NEW_DATA,22.5955,94.2243,20.2866
4069,BASELINE,NEW_DATA,22.5927,94.2243,20.2866
4070,BASELINE,NEW_DATA,22.5886,94.2243,20.2866
4071,BASELINE,NEW_DATA,22.5886,94.2243,20.2866
4072,BASELINE,NEW_DATA,22.5899,94.2243,20.2866
4073,BASELINE,NEW_DATA,22.5899,94.2243,20.2866
4074,BASELINE,NEW_DATA,22.5934,94.2243,20.2866
4075,BASELINE,NEW_DATA,22.5830,94.2243,20.2866
4076,BASELINE,NEW_DATA,22.5886,94.2243,20.2866
4077,BASELINE,NEW_DATA,22.5858,94.2243,20.2866
4078,BASELINE,NEW_DATA,22.5941,94.2243,20.2866
4079,BASELINE,NEW_DATA,22.6024,94.2243,20.2866
4080,BASELINE,NEW_DATA,22.6038,94.2243,20.2866
4081,BASELINE,NEW_DATA,22.5913,94.2243,20.2866
4082,BASELINE,NEW_DATA,22.5913,94.2243,20.2866
4083,BASELINE,NEW_DATA,22.5941,94.2243,20.2866
4084,BASELINE,NEW_DATA,22.5941,94.2243,20.2866
4085,BASELINE,NEW_DATA,22.5983,94.2243,20.2866
4086,BASELINE,NEW_DATA,22.5997,94.2243,20.2866
4087,BASELINE,NEW_DATA,22.5997,94.2243,20.2866
4088,BASELINE,NEW_DATA,22.6052,94.2243,20.2866
4089,BASELINE,NEW_DATA,22.6080,94.2243,20.2866
4090,BASELINE,NEW_DATA,22.6163,94.2243,20.2866
4091,BASELINE,NEW_DATA,22.6121,94.1430,20.2866
4092,BASELINE,NEW_DATA,22.6246,94.1430,20.2866
4093,BASELINE,NEW_DATA,22.6163,94.1430,20.2866
4094,BASELINE,NEW_DATA,22.6246,94.1430,20.2866
4095,BASELINE,NEW_DATA,22.6218,94.1430,20.2866
4096,BASELINE,NEW_DATA,22.6260,94.1430,20.2866
4097,BASELINE,NEW_DATA,22.6246,94.1430,20.2866
4098,BASELINE,NEW_DATA,22.6302,94.1430,20.2866
4099,BASELINE,NEW_DATA,22.6316,94.1430,20.2866
4100,BASELINE,NEW_DATA,22.6302,94.1430,20.2866
4101,BASELINE,NEW_DATA,22.6357,94.1430,20.2866
4102,BASELINE,NEW_DATA,22.6399,94.1430,20.2866
4103,BASELINE,NEW_DATA,22.6329,94.1430,20.2866
4104,BASELINE,NEW_DATA,22.6343,94.1430,20.2866
4105,BASELINE,NEW_DATA,22.6343,94.1430,20.2866
4106,BASELINE,NEW_DATA,22.6357,94.1430,20.2866
4107,BASELINE,NEW_DATA,22.6357,94.1430,20.2866
4108,BASELINE,NEW_DATA,22.6399,94.1430,20.2866
4109,BASELINE,NEW_DATA,22.6468,94.1430,20.2866
4110,BASELINE,NEW_DATA,22.6440,94.1430,20.2866
4111,BASELINE,NEW_DATA,22.6468,94.1430,20.2866
4112,BASELINE,NEW_DATA,22.6496,94.1430,20.2866
4113,BASELINE,NEW_DATA,22.6496,94.1430,20.2866
4114,BASELINE,NEW_DATA,22.6510,94.1430,20.2866
4115,BASELINE,NEW_DATA,22.6690,94.1430,20.2866
4116,BASELINE,NEW_DATA,22.6607,93.7521,20.0316
4117,BASELINE,NEW_DATA,22.6496,93.7521,20.0316
4118,BASELINE,NEW_DATA,22.6510,93.7521,20.0316
4119,BASELINE,NEW_DATA,22.6510,93.7521,20.0316
4120,BASELINE,NEW_DATA,22.6524,93.7521,20.0316
4121,BASELINE,NEW_DATA,22.6524,93.7521,20.0316
4122,BASELINE,NEW_DATA,22.6551,93.7521,20.0316
4123,BASELINE,NEW_DATA,22.6565,93.7521,20.0316
4124,BASELINE,NEW_DATA,22.6565,93.7521,20.0316
4125,BASELINE,NEW_DATA,22.6635,93.7521,20.0316
4126,BASELINE,NEW_DATA,22.6621,93.7521,20.0316
4127,BASELINE,NEW_DATA,22.6551,93.7521,20.0316
4128,BASELINE,NEW_DATA,22.6635,93.7521,20.0316
4129,BASELINE,NEW_DATA,22.6579,93.7521,20.0316
4130,BASELINE,NEW_DATA,22.6524,93.7521,20.0316
4131,BASELINE,NEW_DATA,22.6551,93.7521,20.0316
4132,BASELINE,NEW_DATA,22.6524,93.7521,20.0316
4133,BASELINE,NEW_DATA,22.6496,93.7521,20.0316
4134,BASELINE,NEW_DATA,22.6454,93.7521,20.0316
4135,BASELINE,NEW_DATA,22.6440,93.7521,20.0316
4136,BASELINE,NEW_DATA,22.6413,93.7521,20.0316
4137,BASELINE,NEW_DATA,22.6385,93.7521,20.0316
4138,BASELINE,NEW_DATA,22.6468,93.7521,20.0316
4139,BASELINE,NEW_DATA,22.6385,93.7521,20.0316
4140,BASELINE,NEW_DATA,22.6357,93.4906,20.0383
4141,BASELINE,NEW_DATA,22.6357,93.4906,20.0383
4142,BASELINE,NEW_DATA,22.6316,93.4906,20.0383
4143,BASELINE,NEW_DATA,22.6343,93.4906,20.0383
4144,BASELINE,NEW_DATA,22.6316,93.4906,20.0383
4145,BASELINE,NEW_DATA,22.6329,93.4906,20.0383
4146,BASELINE,NEW_DATA,22.6274,93.4906,20.0383
4147,BASELINE,NEW_DATA,22.6274,93.4906,20.0383
4148,BASELINE,NEW_DATA,22.6218,93.4906,20.0383
4149,BASELINE,NEW_DATA,22.6232,93.4906,20.0383
4150,BASELINE,NEW_DATA,22.6246,93.4906,20.0383
4151,BASELINE,NEW_DATA,22.6385,93.4906,20.0383
4152,BASELINE,NEW_DATA,22.6121,93.4906,20.0383
4153,BASELINE,NEW_DATA,22.6108,93.4906,20.0383
4154,BASELINE,NEW_DATA,22.6094,93.4906,20.0383
4155,BASELINE,NEW_DATA,22.6163,93.4906,20.0383
4156,BASELINE,NEW_DATA,22.6121,93.4906,20.0383
4157,BASELINE,NEW_DATA,22.6052,93.4906,20.0383
4158,BASELINE,NEW_DATA,22.6108,93.4906,20.0383
4159,BASELINE,NEW_DATA,22.6066,93.4906,20.0383
4160,BASELINE,NEW_DATA,22.6094,93.4906,20.0383
4161,BASELINE,NEW_DATA,22.6052,93.4906,20.0383
4162,BASELINE,NEW_DATA,22.6038,93.4906,20.0383
4163,BASELINE,NEW_DATA,22.5997,93.2172,20.1047
4164,BASELINE,NEW_DATA,22.5983,93.2172,20.1047
4165,BASELINE,NEW_DATA,22.5927,93.2172,20.1047
4166,BASELINE,NEW_DATA,22.5886,93.2172,20.1047
4167,BASELINE,NEW_DATA,22.5886,93.2172,20.1047
4168,BASELINE,NEW_DATA,22.5858,93.2172,20.1047
4169,BASELINE,NEW_DATA,22.5830,93.2172,20.1047
4170,BASELINE,NEW_DATA,22.5858,93.2172,20.1047
4171,BASELINE,NEW_DATA,22.5830,93.2172,20.1047
4172,BASELINE,NEW_DATA,22.5788,93.2172,20.1047
4173,BASELINE,NEW_DATA,22.5761,93.2172,20.1047
4174,BASELINE,NEW_DATA,22.5719,93.2172,20.1047
4175,BASELINE,NEW_DATA,22.5733,93.2172,20.1047
4176,BASELINE,NEW_DATA,22.5664,93.2172,20.1047
4177,BASELINE,NEW_DATA,22.5677,93.2172,20.1047
4178,BASELINE,NEW_DATA,22.5664,93.2172,20.1047
4179,BASELINE,NEW_DATA,22.5622,93.2172,20.1047
4180,BASELINE,NEW_DATA,22.5636,93.2172,20.1047
4181,BASELINE,NEW_DATA,22.5608,93.2172,20.1047
4182,BASELINE,NEW_DATA,22.5580,93.2172,20.1047
4183,BASELINE,NEW_DATA,22.5567,93.2172,20.1047
4184,BASELINE,NEW_DATA,22.5691,93.2172,20.1047
4185,BASELINE,NEW_DATA,22.5636,93.2172,20.1047
4186,BASELINE,NEW_DATA,22.5442,93.2172,20.1047
4187,BASELINE,NEW_DATA,22.5469,93.2172,20.1047
4188,BASELINE,NEW_DATA,22.5483,93.1028,20.1047
4189,BASELINE,NEW_DATA,22.5442,93.1028,20.1047
4190,BASELINE,NEW_DATA,22.5469,93.1028,20.1047
4191,BASELINE,NEW_DATA,22.5414,93.1028,20.1047
4192,BASELINE,NEW_DATA,22.5442,93.1028,20.1047
4193,BASELINE,NEW_DATA,22.5483,93.1028,20.1047
4194,BASELINE,NEW_DATA,22.5483,93.1028,20.1047
4195,BASELINE,NEW_DATA,22.5469,93.1028,20.1047
4196,BASELINE,NEW_DATA,22.5469,93.1028,20.1047
4197,BASELINE,NEW_DATA,22.5497,93.1028,20.1047
4198,BASELINE,NEW_DATA,22.5428,93.1028,20.1047
4199,BASELINE,NEW_DATA,22.5372,93.1028,20.1047
4200,BASELINE,NEW_DATA,22.5386,93.1028,20.1047
4201,BASELINE,NEW_DATA,22.5358,93.1028,20.1047
4202,BASELINE,NEW_DATA,22.5331,93.1028,20.1047
4203,BASELINE,NEW_DATA,22.5303,93.1028,20.1047
4204,BASELINE,NEW_DATA,22.5234,93.1028,20.1047
4205,BASELINE,NEW_DATA,22.5164,93.1028,20.1047
4206,BASELINE,NEW_DATA,22.5220,93.1028,20.1047
4207,BASELINE,NEW_DATA,22.5123,93.1028,20.1047
4208,BASELINE,NEW_DATA,22.5095,93.1028,20.1047
4209,BASELINE,NEW_DATA,22.5053,93.1028,20.1047
4210,BASELINE,NEW_DATA,22.5053,93.1028,20.1047
4211,BASELINE,NEW_DATA,22.5081,93.1028,20.1047
4212,BASELINE,NEW_DATA,22.5026,92.8476,20.0981
4213,BASELINE,NEW_DATA,22.5012,92.8476,20.0981
4214,BASELINE,NEW_DATA,22.4984,92.8476,20.0981
4215,BASELINE,NEW_DATA,22.4956,92.8476,20.0981
4216,BASELINE,NEW_DATA,22.4915,92.8476,20.0981
4217,BASELINE,NEW_DATA,22.4915,92.8476,20.0981
4218,BASELINE,NEW_DATA,22.5053,92.8476,20.0981
4219,BASELINE,NEW_DATA,22.4873,92.8476,20.0981
4220,BASELINE,NEW_DATA,22.4873,92.8476,20.0981
4221,BASELINE,NEW_DATA,22.4859,92.8476,20.0981
4222,BASELINE,NEW_DATA,22.4859,92.8476,20.0981
4223,BASELINE,NEW_DATA,22.4831,92.8476,20.0981
4224,BASELINE,NEW_DATA,22.4873,92.8476,20.0981
4225,BASELINE,NEW_DATA,22.4831,92.8476,20.0981
4226,BASELINE,NEW_DATA,22.4804,92.8476,20.0981
4227,BASELINE,NEW_DATA,22.4831,92.8476,20.0981
4228,BASELINE,NEW_DATA,22.4817,92.8476,20.0981
4229,BASELINE,NEW_DATA,22.4887,92.8476,20.0981
4230,BASELINE,NEW_DATA,22.4804,92.8476,20.0981
4231,BASELINE,NEW_DATA,22.4831,92.8476,20.0981
4232,BASELINE,NEW_DATA,22.4831,92.8476,20.0981
4233,BASELINE,NEW_DATA,22.4776,92.8476,20.0981
4234,BASELINE,NEW_DATA,22.4776,92.8476,20.0981
4235,BASELINE,NEW_DATA,22.4804,92.8476,20.0981
4236,BASELINE,NEW_DATA,22.4804,92.7246,20.1478
4237,BASELINE,NEW_DATA,22.4790,92.7246,20.1478
4238,BASELINE,NEW_DATA,22.4748,92.7246,20.1478
4239,BASELINE,NEW_DATA,22.4776,92.7246,20.1478
4240,BASELINE,NEW_DATA,22.4720,92.7246,20.1478
4241,BASELINE,NEW_DATA,22.4776,92.7246,20.1478
4242,BASELINE,NEW_DATA,22.4762,92.7246,20.1478
4243,BASELINE,NEW_DATA,22.4776,92.7246,20.1478
4244,BASELINE,NEW_DATA,22.4804,92.7246,20.1478
4245,BASELINE,NEW_DATA,22.4804,92.7246,20.1478
4246,BASELINE,NEW_DATA,22.4804,92.7246,20.1478
4247,BASELINE,NEW_DATA,22.4831,92.7246,20.1478
4248,BASELINE,NEW_DATA,22.4859,92.7246,20.1478
4249,BASELINE,NEW_DATA,22.4998,92.7246,20.1478
4250,BASELINE,NEW_DATA,22.5192,92.7246,20.1478
4251,BASELINE,NEW_DATA,22.5497,92.7246,20.1478
4252,BASELINE,NEW_DATA,22.5442,92.7246,20.1478
4253,BASELINE,NEW_DATA,22.5580,92.7246,20.1478
4254,BASELINE,NEW_DATA,22.5886,92.7246,20.1478
4255,BASELINE,NEW_DATA,22.6094,92.7246,20.1478
4256,BASELINE,NEW_DATA,22.6357,92.7246,20.1478
4257,BASELINE,NEW_DATA,22.6676,92.7246,20.1478
4258,BASELINE,NEW_DATA,22.6857,92.7246,20.1478
4259,BASELINE,NEW_DATA,22.7023,92.7246,20.1478
4260,BASELINE,NEW_DATA,22.7106,92.7246,20.1478
4261,BASELINE,NEW_DATA,22.7217,92.7246,20.1478
4262,BASELINE,NEW_DATA,22.7259,92.7246,20.1478
4263,BASELINE,NEW_DATA,22.7148,92.7246,20.1478
4264,BASELINE,NEW_DATA,22.7051,92.7246,20.1478
4265,BASELINE,NEW_DATA,22.6870,92.7246,20.1478
4266,BASELINE,NEW_DATA,22.6635,92.7246,20.1478
4267,BASELINE,NEW_DATA,22.6343,92.7246,20.1478
4268,BASELINE,NEW_DATA,22.6135,92.7246,20.1478
4269,BASELINE,NEW_DATA,22.5997,92.7246,20.1478
4270,BASELINE,NEW_DATA,22.5886,92.7246,20.1478
4271,BASELINE,NEW_DATA,22.5969,92.7246,20.1478
4272,BASELINE,NEW_DATA,22.6191,92.7246,20.1478
4273,BASELINE,NEW_DATA,22.6510,92.7246,20.1478
4274,BASELINE,NEW_DATA,22.6773,92.7246,20.1478
4275,BASELINE,NEW_DATA,22.7009,92.7246,20.1478
4276,BASELINE,NEW_DATA,22.7190,92.7246,20.1478
4277,BASELINE,NEW_DATA,22.7269,92.7246,20.1478
4278,BASELINE,NEW_DATA,22.7269,92.7246,20.1478
4279,BASELINE,NEW_DATA,22.7269,92.7246,20.1478
4280,BASELINE,NEW_DATA,22.7269,92.7246,20.1478
4281,BASELINE,NEW_DATA,22.7269,92.7246,20.1478
4282,BASELINE,NEW_DATA,22.7269,92.7246,20.1478
4283,BASELINE,NEW_DATA,22.7269,92.7246,20.1478
4284,BASELINE,NEW_DATA,22.7269,92.7246,20.1478
4285,BASELINE,NEW_DATA,22.7269,92.4483,20.1172
4286,BASELINE,NEW_DATA,22.7148,92.4483,20.1172
4287,BASELINE,NEW_DATA,22.7023,92.4483,20.1172
4288,BASELINE,NEW_DATA,22.6857,92.4483,20.1172
4289,BASELINE,NEW_DATA,22.6649,92.4483,20.1172
4290,BASELINE,NEW_DATA,22.6579,92.4483,20.1172
4291,BASELINE,NEW_DATA,22.6524,92.4483,20.1172
4292,BASELINE,NEW_DATA,22.6454,92.4483,20.1172
4293,BASELINE,NEW_DATA,22.6357,92.4483,20.1172
4294,BASELINE,NEW_DATA,22.6357,92.4483,20.1172
4295,BASELINE,NEW_DATA,22.6274,92.4483,20.1172
4296,BASELINE,NEW_DATA,22.6246,92.4483,20.1172
4297,BASELINE,NEW_DATA,22.6232,92.4483,20.1172
4298,BASELINE,NEW_DATA,22.6191,92.4483,20.1172
4299,BASELINE,NEW_DATA,22.6163,92.4483,20.1172
4300,BASELINE,NEW_DATA,22.6205,92.4483,20.1172
4301,BASELINE,NEW_DATA,22.6135,92.4483,20.1172
4302,BASELINE,NEW_DATA,22.6149,92.4483,20.1172
4303,BASELINE,NEW_DATA,22.6177,92.4483,20.1172
4304,BASELINE,NEW_DATA,22.6163,92.4483,20.1172
4305,BASELINE,NEW_DATA,22.6135,92.4483,20.1172
4306,BASELINE,NEW_DATA,22.6135,92.4483,20.1172
4307,BASELINE,NEW_DATA,22.6191,92.4483,20.1172
4308,BASELINE,NEW_DATA,22.6218,92.4483,20.1172
4309,BASELINE,NEW_DATA,22.6163,92.3113,19.4088
4310,BASELINE,NEW_DATA,22.6135,92.3113,19.4088
4311,BASELINE,NEW_DATA,22.6108,92.3113,19.4088
4312,BASELINE,NEW_DATA,22.6108,92.3113,19.4088
4313,BASELINE,NEW_DATA,22.6191,92.3113,19.4088
4314,BASELINE,NEW_DATA,22.6302,92.3113,19.4088
4315,BASELINE,NEW_DATA,22.6121,92.3113,19.4088
4316,BASELINE,NEW_DATA,22.6094,92.3113,19.4088
4317,BASELINE,NEW_DATA,22.6149,92.3113,19.4088
4318,BASELINE,NEW_DATA,22.6121,92.3113,19.4088
4319,BASELINE,NEW_DATA,22.6121,92.3113,19.4088
4320,BASELINE,NEW_DATA,22.6094,92.3113,19.4088
4321,BASELINE,NEW_DATA,22.6135,92.3113,19.4088
4322,BASELINE,NEW_DATA,22.6108,92.3113,19.4088
4323,BASELINE,NEW_DATA,22.6191,92.3113,19.4088
4324,BASELINE,NEW_DATA,22.6163,92.3113,19.4088
4325,BASELINE,NEW_DATA,22.6163,92.3113,19.4088
4326,BASELINE,NEW_DATA,22.6149,92.3113,19.4088
4327,BASELINE,NEW_DATA,22.6135,92.3113,19.4088
4328,BASELINE,NEW_DATA,22.6135,92.3113,19.4088
4329,BASELINE,NEW_DATA,22.6052,92.3113,19.4088
4330,BASELINE,NEW_DATA,22.6135,92.3113,19.4088
4331,BASELINE,NEW_DATA,22.6066,92.3113,19.4088
4332,BASELINE,NEW_DATA,22.6052,92.3113,19.4088
4333,BASELINE,NEW_DATA,22.6010,92.1227,19.3044
4334,BASELINE,NEW_DATA,22.6080,92.1227,19.3044
4335,BASELINE,NEW_DATA,22.6010,92.1227,19.3044
4336,BASELINE,NEW_DATA,22.5997,92.1227,19.3044
4337,BASELINE,NEW_DATA,22.5969,92.1227,19.3044
4338,BASELINE,NEW_DATA,22.5927,92.1227,19.3044
4339,BASELINE,NEW_DATA,22.5941,92.1227,19.3044
4340,BASELINE,NEW_DATA,22.5962,92.1227,19.3044
4341,BASELINE,NEW_DATA,22.5941,92.1227,19.3044
4342,BASELINE,NEW_DATA,22.5913,92.1227,19.3044
4343,BASELINE,NEW_DATA,22.5844,92.1227,19.3044
4344,BASELINE,NEW_DATA,22.5886,92.1227,19.3044
4345,BASELINE,NEW_DATA,22.6052,92.1227,19.3044
4346,BASELINE,NEW_DATA,22.5830,92.1227,19.3044
4347,BASELINE,NEW_DATA,22.5761,92.1227,19.3044
4348,BASELINE,NEW_DATA,22.5775,92.1227,19.3044
4349,BASELINE,NEW_DATA,22.5747,92.1227,19.3044
4350,BASELINE,NEW_DATA,22.5775,92.1227,19.3044
4351,BASELINE,NEW_DATA,22.5747,92.1227,19.3044
4352,BASELINE,NEW_DATA,22.5747,92.1227,19.3044
4353,BASELINE,NEW_DATA,22.5747,92.1227,19.3044
4354,BASELINE,NEW_DATA,22.5719,92.1227,19.3044
4355,BASELINE,NEW_DATA,22.5719,92.1227,19.3044
4356,BASELINE,NEW_DATA,22.5747,92.1227,19.3044
4357,BASELINE,NEW_DATA,22.5705,92.1227,19.3044
4358,BASELINE,NEW_DATA,22.5691,91.9574,19.3680
4359,BASELINE,NEW_DATA,22.5747,91.9574,19.3680
4360,BASELINE,NEW_DATA,22.5664,91.9574,19.3680
4361,BASELINE,NEW_DATA,22.5677,91.9574,19.3680
4362,BASELINE,NEW_DATA,22.5705,91.9574,19.3680
4363,BASELINE,NEW_DATA,22.5664,91.9574,19.3680
4364,BASELINE,NEW_DATA,22.5671,91.9574,19.3680
4365,BASELINE,NEW_DATA,22.5650,91.9574,19.3680
4366,BASELINE,NEW_DATA,22.5636,91.9574,19.3680
4367,BASELINE,NEW_DATA,22.5691,91.9574,19.3680
4368,BASELINE,NEW_DATA,22.5719,91.9574,19.3680
4369,BASELINE,NEW_DATA,22.5719,91.9574,19.3680
4370,BASELINE,NEW_DATA,22.5775,91.9574,19.3680
4371,BASELINE,NEW_DATA,22.5775,91.9574,19.3680
4372,BASELINE,NEW_DATA,22.5816,91.9574,19.3680
4373,BASELINE,NEW_DATA,22.5872,91.9574,19.3680
4374,BASELINE,NEW_DATA,22.5969,91.9574,19.3680
4375,BASELINE,NEW_DATA,22.6149,91.9574,19.3680
4376,BASELINE,NEW_DATA,22.5983,91.9574,19.3680
4377,BASELINE,NEW_DATA,22.6038,91.9574,19.3680
4378,BASELINE,NEW_DATA,22.6163,91.9574,19.3680
4379,BASELINE,NEW_DATA,22.6218,91.9574,19.3680
4380,BASELINE,NEW_DATA,22.6329,91.9574,19.3680
4381,BASELINE,NEW_DATA,22.6399,91.9574,19.3680
4382,BASELINE,NEW_DATA,22.6538,91.6515,19.2962
4383,BASELINE,NEW_DATA,22.6621,91.6515,19.2962
4384,BASELINE,NEW_DATA,22.6801,91.6515,19.2962
4385,BASELINE,NEW_DATA,22.6843,91.6515,19.2962
4386,BASELINE,NEW_DATA,22.6981,91.6515,19.2962
4387,BASELINE,NEW_DATA,22.7106,91.6515,19.2962
4388,BASELINE,NEW_DATA,22.7217,91.6515,19.2962
4389,BASELINE,NEW_DATA,22.7269,91.6515,19.2962
4390,BASELINE,NEW_DATA,22.7269,91.6515,19.2962
4391,BASELINE,NEW_DATA,22.7269,91.6515,19.2962
4392,BASELINE,NEW_DATA,22.7269,91.6515,19.2962
4393,BASELINE,NEW_DATA,22.7269,91.6515,19.2962
4394,BASELINE,NEW_DATA,22.7269,91.6515,19.2962
4395,BASELINE,NEW_DATA,22.7269,91.6515,19.2962
4396,BASELINE,NEW_DATA,22.7269,91.6515,19.2962
4397,BASELINE,NEW_DATA,22.7269,91.6515,19.2962
4398,BASELINE,NEW_DATA,22.7269,91.6515,19.2962
4399,BASELINE,NEW_DATA,22.7269,91.6515,19.2962
4400,BASELINE,NEW_DATA,22.7269,91.6515,19.2962
4401,BASELINE,NEW_DATA,22.7269,91.6515,19.2962
4402,BASELINE,NEW_DATA,22.7269,91.6515,19.2962
4403,BASELINE,NEW_DATA,22.7269,91.6515,19.2962
4404,BASELINE,NEW_DATA,22.7269,91.6515,19.2962
4405,BASELINE,NEW_DATA,22.7269,91.6515,19.2962
4406,BASELINE,NEW_DATA,22.7269,91.4659,19.1899
4407,BASELINE,NEW_DATA,22.7269,91.4659,19.1899
4408,BASELINE,NEW_DATA,22.7269,91.4659,19.1899
4409,BASELINE,NEW_DATA,22.7269,91.4659,19.1899
4410,BASELINE,NEW_DATA,22.7269,91.4659,19.1899
4411,BASELINE,NEW_DATA,22.7269,91.4659,19.1899
4412,BASELINE,NEW_DATA,22.7269,91.4659,19.1899
4413,BASELINE,NEW_DATA,22.7269,91.4659,19.1899
4414,BASELINE,NEW_DATA,22.7269,91.4659,19.1899
4415,BASELINE,NEW_DATA,22.7269,91.4659,19.1899
4416,BASELINE,NEW_DATA,22.7269,91.4659,19.1899
4417,BASELINE,NEW_DATA,22.7269,91.4659,19.1899
4418,BASELINE,NEW_DATA,22.7269,91.4659,19.1899
4419,BASELINE,NEW_DATA,22.7269,91.4659,19.1899
4420,BASELINE,NEW_DATA,22.7269,91.4659,19.1899
4421,BASELINE,NEW_DATA,22.7269,91.4659,19.1899
4422,BASELINE,NEW_DATA,22.7269,91.4659,19.1899
4423,BASELINE,NEW_DATA,22.7269,91.4659,19.1899
4424,BASELINE,NEW_DATA,22.7269,91.4659,19.1899
4425,BASELINE,NEW_DATA,22.7269,91.4659,19.1899
4426,BASELINE,NEW_DATA,22.7269,91.4659,19.1899
4427,BASELINE,NEW_DATA,22.7269,91.4659,19.1899
4428,BASELINE,NEW_DATA,22.7269,91.4659,19.1899
4429,BASELINE,NEW_DATA,22.7269,91.4659,19.1899
4430,BASELINE,NEW_DATA,22.7269,91.5735,19.1991
4431,BASELINE,NEW_DATA,22.7269,91.5735,19.1991
4432,BASELINE,NEW_DATA,22.7269,91.5735,19.1991
4433,BASELINE,NEW_DATA,22.7269,91.5735,19.1991
4434,BASELINE,NEW_DATA,22.7269,91.5735,19.1991
4435,BASELINE,NEW_DATA,22.7269,91.5735,19.1991
4436,BASELINE,NEW_DATA,22.7269,91.5735,19.1991
4437,BASELINE,NEW_DATA,22.7269,91.5735,19.1991
4438,BASELINE,NEW_DATA,22.7269,91.5735,19.1991
4439,BASELINE,NEW_DATA,22.7269,91.5735,19.1991
4440,BASELINE,NEW_DATA,22.7269,91.5735,19.1991
4441,BASELINE,NEW_DATA,22.7269,91.5735,19.1991
4442,BASELINE,NEW_DATA,22.7269,91.5735,19.1991
4443,BASELINE,NEW_DATA,22.7269,91.5735,19.1991
4444,BASELINE,NEW_DATA,22.7269,91.5735,19.1991
4445,BASELINE,NEW_DATA,22.7269,91.5735,19.1991
4446,BASELINE,NEW_DATA,22.7269,91.5735,19.1991
4447,BASELINE,NEW_DATA,22.7269,91.5735,19.1991
4448,BASELINE,NEW_DATA,22.7269,91.5735,19.1991
4449,BASELINE,NEW_DATA,22.7269,91.5735,19.1991
4450,BASELINE,NEW_DATA,22.7269,91.5735,19.1991
4451,BASELINE,NEW_DATA,22.7269,91.5735,19.1991
4452,BASELINE,NEW_DATA,22.7269,91.5735,19.1991
4453,BASELINE,NEW_DATA,22.7269,91.5735,19.1991
4454,BASELINE,NEW_DATA,22.7269,91.5735,19.1991
4455,BASELINE,NEW_DATA,22.7269,91.3549,19.1747
4456,BASELINE,NEW_DATA,22.7269,91.3549,19.1747
4457,BASELINE,NEW_DATA,22.7269,91.3549,19.1747
4458,BASELINE,NEW_DATA,22.7269,91.3549,19.1747
4459,BASELINE,NEW_DATA,22.7269,91.3549,19.1747
4460,BASELINE,NEW_DATA,22.7269,91.3549,19.1747
4461,BASELINE,NEW_DATA,22.7269,91.3549,19.1747
4462,BASELINE,NEW_DATA,22.7269,91.3549,19.1747
4463,BASELINE,NEW_DATA,22.7269,91.3549,19.1747
4464,BASELINE,NEW_DATA,22.7269,91.3549,19.1747
4465,BASELINE,NEW_DATA,22.7269,91.3549,19.1747
4466,BASELINE,NEW_DATA,22.7269,91.3549,19.1747
4467,BASELINE,NEW_DATA,22.7269,91.3549,19.1747
4468,BASELINE,NEW_DATA,22.7269,91.3549,19.1747
4469,BASELINE,NEW_DATA,22.7269,91.3549,19.1747
4470,BASELINE,NEW_DATA,22.7269,91.3549,19.1747
4471,BASELINE,NEW_DATA,22.7269,91.3549,19.1747
4472,BASELINE,NEW_DATA,22.7269,91.3549,19.1747
4473,BASELINE,NEW_DATA,22.7269,91.3549,19.1747
4474,BASELINE,NEW_DATA,22.7269,91.3549,19.1747
4475,BASELINE,NEW_DATA,22.7269,91.3549,19.1747
4476,BASELINE,NEW_DATA,22.7269,91.3549,19.1747
4477,BASELINE,NEW_DATA,22.7269,91.3549,19.1747
4478,BASELINE,NEW_DATA,22.7269,91.3549,19.1747
4479,BASELINE,NEW_DATA,22.7269,91.2449,19.2114
4480,BASELINE,NEW_DATA,22.7269,91.2449,19.2114
4481,BASELINE,NEW_DATA,22.7269,91.2449,19.2114
4482,BASELINE,NEW_DATA,22.7269,91.2449,19.2114
4483,BASELINE,NEW_DATA,22.7269,91.2449,19.2114
4484,BASELINE,NEW_DATA,22.7269,91.2449,19.2114
4485,BASELINE,NEW_DATA,22.7269,91.2449,19.2114
4486,BASELINE,NEW_DATA,22.7269,91.2449,19.2114
4487,BASELINE,NEW_DATA,22.7269,91.2449,19.2114
4488,BASELINE,NEW_DATA,22.7269,91.2449,19.2114
4489,BASELINE,NEW_DATA,22.7269,91.2449,19.2114
4490,BASELINE,NEW_DATA,22.7269,91.2449,19.2114
4491,BASELINE,NEW_DATA,22.7269,91.2449,19.2114
4492,BASELINE,NEW_DATA,22.7269,91.2449,19.2114
4493,BASELINE,NEW_DATA,22.7269,91.2449,19.2114
4494,BASELINE,NEW_DATA,22.7269,91.2449,19.2114
4495,BASELINE,NEW_DATA,22.7269,91.2449,19.2114
4496,BASELINE,NEW_DATA,22.7269,91.2449,19.2114
4497,BASELINE,NEW_DATA,22.7269,91.2449,19.2114
4498,BASELINE,NEW_DATA,22.7269,91.2449,19.2114
4499,BASELINE,NEW_DATA,22.7269,91.2449,19.2114
4500,BASELINE,NEW_DATA,22.7269,91.2449,19.2114
4501,BASELINE,NEW_DATA,22.7269,91.2449,19.2114
4502,BASELINE,NEW_DATA,22.7269,91.2449,19.2114
4503,BASELINE,NEW_DATA,22.7269,91.1228,19.2114
4504,BASELINE,NEW_DATA,22.7269,91.1228,19.2114
4505,BASELINE,NEW_DATA,22.7269,91.1228,19.2114
4506,BASELINE,NEW_DATA,22.7269,91.1228,19.2114
4507,BASELINE,NEW_DATA,22.7269,91.1228,19.2114
4508,BASELINE,NEW_DATA,22.7269,91.1228,19.2114
4509,BASELINE,NEW_DATA,22.7269,91.1228,19.2114
4510,BASELINE,NEW_DATA,22.7269,91.1228,19.2114
4511,BASELINE,NEW_DATA,22.7269,91.1228,19.2114
4512,BASELINE,NEW_DATA,22.7269,91.1228,19.2114
4513,BASELINE,NEW_DATA,22.7269,91.1228,19.2114
4514,BASELINE,NEW_DATA,22.7269,91.1228,19.2114
4515,BASELINE,NEW_DATA,22.7269,91.1228,19.2114
4516,BASELINE,NEW_DATA,22.7269,91.1228,19.2114
4517,BASELINE,NEW_DATA,22.7269,91.1228,19.2114
4518,BASELINE,NEW_DATA,22.7269,91.1228,19.2114
4519,BASELINE,NEW_DATA,22.7269,91.1228,19.2114
4520,BASELINE,NEW_DATA,22.7269,91.1228,19.2114
4521,BASELINE,NEW_DATA,22.7269,91.1228,19.2114
4522,BASELINE,NEW_DATA,22.7269,91.1228,19.2114
4523,BASELINE,NEW_DATA,22.7269,91.1228,19.2114
4524,BASELINE,NEW_DATA,22.7269,91.1228,19.2114
4525,BASELINE,NEW_DATA,22.7269,91.1228,19.2114
4526,BASELINE,NEW_DATA,22.7269,91.1228,19.2114
4527,BASELINE,NEW_DATA,22.7269,91.2848,19.2228
4528,BASELINE,NEW_DATA,22.7269,91.2848,19.2228
4529,BASELINE,NEW_DATA,22.7269,91.2848,19.2228
4530,BASELINE,NEW_DATA,22.7269,91.2848,19.2228
4531,BASELINE,NEW_DATA,22.7269,91.2848,19.2228
4532,BASELINE,NEW_DATA,22.7269,91.2848,19.2228
4533,BASELINE,NEW_DATA,22.7269,91.2848,19.2228
4534,BASELINE,NEW_DATA,22.7269,91.2848,19.2228
4535,BASELINE,NEW_DATA,22.7269,91.2848,19.2228
4536,BASELINE,NEW_DATA,22.7269,91.2848,19.2228
4537,BASELINE,NEW_DATA,22.7269,91.2848,19.2228
4538,BASELINE,NEW_DATA,22.7269,91.2848,19.2228
4539,BASELINE,NEW_DATA,22.7269,91.2848,19.2228
4540,BASELINE,NEW_DATA,22.7269,91.2848,19.2228
4541,BASELINE,NEW_DATA,22.7269,91.2848,19.2228
4542,BASELINE,NEW_DATA,22.7269,91.2848,19.2228
4543,BASELINE,NEW_DATA,22.7269,91.2848,19.2228
4544,BASELINE,NEW_DATA,22.7269,91.2848,19.2228
4545,BASELINE,NEW_DATA,22.7269,91.2848,19.2228
4546,BASELINE,NEW_DATA,22.7269,91.2848,19.2228
4547,BASELINE,NEW_DATA,22.7269,91.2848,19.2228
4548,BASELINE,NEW_DATA,22.7269,91.2848,19.2228
4549,BASELINE,NEW_DATA,22.7269,91.2848,19.2228
4550,BASELINE,NEW_DATA,22.7245,91.2848,19.2228
4551,BASELINE,NEW_DATA,22.7162,91.4019,19.2685
4552,BASELINE,NEW_DATA,22.7134,91.4019,19.2685
4553,BASELINE,NEW_DATA,22.7106,91.4019,19.2685
4554,BASELINE,NEW_DATA,22.7106,91.4019,19.2685
4555,BASELINE,NEW_DATA,22.7023,91.4019,19.2685
4556,BASELINE,NEW_DATA,22.7162,91.4019,19.2685
4557,BASELINE,NEW_DATA,22.7051,91.4019,19.2685
4558,BASELINE,NEW_DATA,22.6940,91.4019,19.2685
4559,BASELINE,NEW_DATA,22.6884,91.4019,19.2685
4560,BASELINE,NEW_DATA,22.6912,91.4019,19.2685
4561,BASELINE,NEW_DATA,22.6870,91.4019,19.2685
4562,BASELINE,NEW_DATA,22.6801,91.4019,19.2685
4563,BASELINE,NEW_DATA,22.6843,91.4019,19.2685
4564,BASELINE,NEW_DATA,22.6815,91.4019,19.2685
4565,BASELINE,NEW_DATA,22.6773,91.4019,19.2685
4566,BASELINE,NEW_DATA,22.6829,91.4019,19.2685
4567,BASELINE,NEW_DATA,22.6787,91.4019,19.2685
4568,BASELINE,NEW_DATA,22.6746,91.4019,19.2685
4569,BASELINE,NEW_DATA,22.6690,91.4019,19.2685
4570,BASELINE,NEW_DATA,22.6718,91.4019,19.2685
4571,BASELINE,NEW_DATA,22.6649,91.4019,19.2685
4572,BASELINE,NEW_DATA,22.6607,91.4019,19.2685
4573,BASELINE,NEW_DATA,22.6565,91.4019,19.2685
4574,BASELINE,NEW_DATA,22.6551,91.4019,19.2685
4575,BASELINE,NEW_DATA,22.6551,91.4019,19.2685
4576,BASELINE,NEW_DATA,22.6524,91.3462,19.6371
4577,BASELINE,NEW_DATA,22.6496,91.3462,19.6371
4578,BASELINE,NEW_DATA,22.6413,91.3462,19.6371
4579,BASELINE,NEW_DATA,22.6454,91.3462,19.6371
4580,BASELINE,NEW_DATA,22.6427,91.3462,19.6371
4581,BASELINE,NEW_DATA,22.6399,91.3462,19.6371
4582,BASELINE,NEW_DATA,22.6399,91.3462,19.6371
4583,BASELINE,NEW_DATA,22.6302,91.3462,19.6371
4584,BASELINE,NEW_DATA,22.6329,91.3462,19.6371
4585,BASELINE,NEW_DATA,22.6246,91.3462,19.6371
4586,BASELINE,NEW_DATA,22.6218,91.3462,19.6371
4587,BASELINE,NEW_DATA,22.6163,91.3462,19.6371
4588,BASELINE,NEW_DATA,22.6135,91.3462,19.6371
4589,BASELINE,NEW_DATA,22.6329,91.3462,19.6371
4590,BASELINE,NEW_DATA,22.6149,91.3462,19.6371
4591,BASELINE,NEW_DATA,22.6163,91.3462,19.6371
4592,BASELINE,NEW_DATA,22.6232,91.3462,19.6371
4593,BASELINE,NEW_DATA,22.6246,91.3462,19.6371
4594,BASELINE,NEW_DATA,22.6246,91.3462,19.6371
4595,BASELINE,NEW_DATA,22.6218,91.3462,19.6371
4596,BASELINE,NEW_DATA,22.6177,91.3462,19.6371
4597,BASELINE,NEW_DATA,22.6191,91.3462,19.6371
4598,BASELINE,NEW_DATA,22.6135,91.3462,19.6371
4599,BASELINE,NEW_DATA,22.6149,91.3462,19.6371
4600,BASELINE,NEW_DATA,22.6052,91.2086,19.6371
4601,BASELINE,NEW_DATA,22.6024,91.2086,19.6371
4602,BASELINE,NEW_DATA,22.5913,91.2086,19.6371
4603,BASELINE,NEW_DATA,22.5872,91.2086,19.6371
4604,BASELINE,NEW_DATA,22.5747,91.2086,19.6371
4605,BASELINE,NEW_DATA,22.5719,91.2086,19.6371
4606,BASELINE,NEW_DATA,22.5664,91.2086,19.6371
4607,BASELINE,NEW_DATA,22.5622,91.2086,19.6371
4608,BASELINE,NEW_DATA,22.5580,91.2086,19.6371
4609,BASELINE,NEW_DATA,22.5636,91.2086,19.6371
4610,BASELINE,NEW_DATA,22.5733,91.2086,19.6371
4611,BASELINE,NEW_DATA,22.5802,91.2086,19.6371
4612,BASELINE,NEW_DATA,22.5941,91.2086,19.6371
4613,BASELINE,NEW_DATA,22.5969,91.2086,19.6371
4614,BASELINE,NEW_DATA,22.6010,91.2086,19.6371
4615,BASELINE,NEW_DATA,22.6066,91.2086,19.6371
4616,BASELINE,NEW_DATA,22.6108,91.2086,19.6371
4617,BASELINE,NEW_DATA,22.6080,91.2086,19.6371
4618,BASELINE,NEW_DATA,22.6135,91.2086,19.6371
4619,BASELINE,NEW_DATA,22.6108,91.2086,19.6371
4620,BASELINE,NEW_DATA,22.6094,91.2086,19.6371
4621,BASELINE,NEW_DATA,22.6108,91.2086,19.6371
4622,BASELINE,NEW_DATA,22.6024,91.2086,19.6371
4623,BASELINE,NEW_DATA,22.6052,91.2086,19.6371
4624,BASELINE,NEW_DATA,22.6163,90.9585,20.2918
4625,BASELINE,NEW_DATA,22.6024,90.9585,20.2918
4626,BASELINE,NEW_DATA,22.5983,90.9585,20.2918
4627,BASELINE,NEW_DATA,22.5997,90.9585,20.2918
4628,BASELINE,NEW_DATA,22.5955,90.9585,20.2918
4629,BASELINE,NEW_DATA,22.5997,90.9585,20.2918
4630,BASELINE,NEW_DATA,22.5955,90.9585,20.2918
4631,BASELINE,NEW_DATA,22.6010,90.9585,20.2918
4632,BASELINE,NEW_DATA,22.5983,90.9585,20.2918
4633,BASELINE,NEW_DATA,22.5997,90.9585,20.2918
4634,BASELINE,NEW_DATA,22.6038,90.9585,20.2918
4635,BASELINE,NEW_DATA,22.6024,90.9585,20.2918
4636,BASELINE,NEW_DATA,22.6024,90.9585,20.2918
4637,BASELINE,NEW_DATA,22.6052,90.9585,20.2918
4638,BASELINE,NEW_DATA,22.5969,90.9585,20.2918
4639,BASELINE,NEW_DATA,22.5941,90.9585,20.2918
4640,BASELINE,NEW_DATA,22.5955,90.9585,20.2918
4641,BASELINE,NEW_DATA,22.5969,90.9585,20.2918
4642,BASELINE,NEW_DATA,22.5955,90.9585,20.2918
4643,BASELINE,NEW_DATA,22.5913,90.9585,20.2918
4644,BASELINE,NEW_DATA,22.5941,90.9585,20.2918
4645,BASELINE,NEW_DATA,22.5927,90.9585,20.2918
4646,BASELINE,NEW_DATA,22.5899,90.9585,20.2918
4647,BASELINE,NEW_DATA,22.5858,90.9585,20.2918
4648,BASELINE,NEW_DATA,22.5858,90.9585,20.2918
4649,BASELINE,NEW_DATA,22.5830,90.7950,20.4354
4650,BASELINE,NEW_DATA,22.5844,90.7950,20.4354
4651,BASELINE,NEW_DATA,22.5858,90.7950,20.4354
4652,BASELINE,NEW_DATA,22.5761,90.7950,20.4354
4653,BASELINE,NEW_DATA,22.5830,90.7950,20.4354
4654,BASELINE,NEW_DATA,22.5747,90.7950,20.4354
4655,BASELINE,NEW_DATA,22.5747,90.7950,20.4354
4656,BASELINE,NEW_DATA,22.5677,90.7950,20.4354
4657,BASELINE,NEW_DATA,22.5664,90.7950,20.4354
4658,BASELINE,NEW_DATA,22.5788,90.7950,20.4354
4659,BASELINE,NEW_DATA,22.5677,90.7950,20.4354
4660,BASELINE,NEW_DATA,22.5580,90.7950,20.4354
4661,BASELINE,NEW_DATA,22.5677,90.7950,20.4354
4662,BASELINE,NEW_DATA,22.5664,90.7950,20.4354
4663,BASELINE,NEW_DATA,22.5622,90.7950,20.4354
4664,BASELINE,NEW_DATA,22.5636,90.7950,20.4354
4665,BASELINE,NEW_DATA,22.5650,90.7950,20.4354
4666,BASELINE,NEW_DATA,22.5622,90.7950,20.4354
4667,BASELINE,NEW_DATA,22.5622,90.7950,20.4354
4668,BASELINE,NEW_DATA,22.5636,90.7950,20.4354
4669,BASELINE,NEW_DATA,22.5691,90.7950,20.4354
4670,BASELINE,NEW_DATA,22.5691,90.7950,20.4354
4671,BASELINE,NEW_DATA,22.5733,90.7950,20.4354
4672,BASELINE,NEW_DATA,22.5705,90.7950,20.4354
4673,BASELINE,NEW_DATA,22.5788,90.7268,20.4690
4674,BASELINE,NEW_DATA,22.5802,90.7268,20.4690
4675,BASELINE,NEW_DATA,22.5775,90.7268,20.4690
4676,BASELINE,NEW_DATA,22.5802,90.7268,20.4690
4677,BASELINE,NEW_DATA,22.5899,90.7268,20.4690
4678,BASELINE,NEW_DATA,22.5927,90.7268,20.4690
4679,BASELINE,NEW_DATA,22.5969,90.7268,20.4690
4680,BASELINE,NEW_DATA,22.5997,90.7268,20.4690
4681,BASELINE,NEW_DATA,22.6094,90.7268,20.4690
4682,BASELINE,NEW_DATA,22.6135,90.7268,20.4690
4683,BASELINE,NEW_DATA,22.6218,90.7268,20.4690
4684,BASELINE,NEW_DATA,22.6371,90.7268,20.4690
4685,BASELINE,NEW_DATA,22.6468,90.7268,20.4690
4686,BASELINE,NEW_DATA,22.6649,90.7268,20.4690
4687,BASELINE,NEW_DATA,22.6759,90.7268,20.4690
4688,BASELINE,NEW_DATA,22.6787,90.7268,20.4690
4689,BASELINE,NEW_DATA,22.6981,90.7268,20.4690
4690,BASELINE,NEW_DATA,22.7092,90.7268,20.4690
4691,BASELINE,NEW_DATA,22.7269,90.7268,20.4690
4692,BASELINE,NEW_DATA,22.7269,90.7268,20.4690
4693,BASELINE,NEW_DATA,22.7269,90.7268,20.4690
4694,BASELINE,NEW_DATA,22.7269,90.7268,20.4690
4695,BASELINE,NEW_DATA,22.7269,90.7268,20.4690
4696,BASELINE,NEW_DATA,22.7269,90.7268,20.4690
4697,BASELINE,NEW_DATA,22.7269,90.7268,20.4690
4698,BASELINE,NEW_DATA,22.7269,91.0258,23.8945
4699,BASELINE,NEW_DATA,22.7269,91.0258,23.8945
4700,BASELINE,NEW_DATA,22.7269,91.0258,23.8945
4701,BASELINE,NEW_DATA,22.7269,91.0258,23.8945
4702,BASELINE,NEW_DATA,22.7269,91.0258,23.8945
4703,BASELINE,NEW_DATA,22.7269,91.0258,23.8945
4704,BASELINE,NEW_DATA,22.7269,91.0258,23.8945
4705,BASELINE,NEW_DATA,22.7269,91.0258,23.8945
4706,BASELINE,NEW_DATA,22.7269,91.0258,23.8945
4707,BASELINE,NEW_DATA,22.7269,91.0258,23.8945
4708,BASELINE,NEW_DATA,22.7269,91.0258,23.8945
4709,BASELINE,NEW_DATA,22.7269,91.0258,23.8945
4710,BASELINE,NEW_DATA,22.7269,91.0258,23.8945
4711,BASELINE,NEW_DATA,22.7269,91.0258,23.8945
4712,BASELINE,NEW_DATA,22.7269,91.0258,23.8945
4713,BASELINE,NEW_DATA,22.7269,91.0258,23.8945
4714,BASELINE,NEW_DATA,22.7269,91.0258,23.8945
4715,BASELINE,NEW_DATA,22.7269,91.0258,23.8945
4716,BASELINE,NEW_DATA,22.7269,91.0258,23.8945
4717,BASELINE,NEW_DATA,22.7269,91.0258,23.8945
4718,BASELINE,NEW_DATA,22.7269,91.0258,23.8945
4719,BASELINE,NEW_DATA,22.7269,91.0258,23.8945
4720,BASELINE,NEW_DATA,22.7269,91.0258,23.8945
4721,BASELINE,NEW_DATA,22.7269,91.0258,23.8945
4722,BASELINE,NEW_DATA,22.7269,90.8880,24.0254
4723,BASELINE,NEW_DATA,22.7269,90.8880,24.0254
4724,BASELINE,NEW_DATA,22.7269,90.8880,24.0254
4725,BASELINE,NEW_DATA,22.7269,90.8880,24.0254
4726,BASELINE,NEW_DATA,22.7269,90.8880,24.0254
4727,BASELINE,NEW_DATA,22.7269,90.8880,24.0254
4728,BASELINE,NEW_DATA,22.7269,90.8880,24.0254
4729,BASELINE,NEW_DATA,22.7269,90.8880,24.0254
4730,BASELINE,NEW_DATA,22.7269,90.8880,24.0254
4731,BASELINE,NEW_DATA,22.7269,90.8880,24.0254
4732,BASELINE,NEW_DATA,22.7269,90.8880,24.0254
4733,BASELINE,NEW_DATA,22.7269,90.8880,24.0254
4734,BASELINE,NEW_DATA,22.7269,90.8880,24.0254
4735,BASELINE,NEW_DATA,22.7269,90.8880,24.0254
4736,BASELINE,NEW_DATA,22.7269,90.8880,24.0254
4737,BASELINE,NEW_DATA,22.7269,90.8880,24.0254
4738,BASELINE,NEW_DATA,22.7269,90.8880,24.0254
4739,BASELINE,NEW_DATA,22.7269,90.8880,24.0254
4740,BASELINE,NEW_DATA,22.7269,90.8880,24.0254
4741,BASELINE,NEW_DATA,22.7269,90.8880,24.0254
4742,BASELINE,NEW_DATA,22.7269,90.8880,24.0254
4743,BASELINE,NEW_DATA,22.7269,90.8880,24.0254
4744,BASELINE,NEW_DATA,22.7269,90.8880,24.0254
4745,BASELINE,NEW_DATA,22.7269,90.8880,24.0254
4746,BASELINE,NEW_DATA,22.7269,90.9581,24.0236
4747,BASELINE,NEW_DATA,22.7269,90.9581,24.0236
4748,BASELINE,NEW_DATA,22.7269,90.9581,24.0236
4749,BASELINE,NEW_DATA,22.7269,90.9581,24.0236
4750,BASELINE,NEW_DATA,22.7269,90.9581,24.0236
4751,BASELINE,NEW_DATA,22.7269,90.9581,24.0236
4752,BASELINE,NEW_DATA,22.7269,90.9581,24.0236
4753,BASELINE,NEW_DATA,22.7269,90.9581,24.0236
4754,BASELINE,NEW_DATA,22.7269,90.9581,24.0236
4755,BASELINE,NEW_DATA,22.7269,90.9581,24.0236
4756,BASELINE,NEW_DATA,22.7269,90.9581,24.0236
4757,BASELINE,NEW_DATA,22.7269,90.9581,24.0236
4758,BASELINE,NEW_DATA,22.7269,90.9581,24.0236
4759,BASELINE,NEW_DATA,22.7269,90.9581,24.0236
4760,BASELINE,NEW_DATA,22.7269,90.9581,24.0236
4761,BASELINE,NEW_DATA,22.7269,90.9581,24.0236
4762,BASELINE,NEW_DATA,22.7269,90.9581,24.0236
4763,BASELINE,NEW_DATA,22.7269,90.9581,24.0236
4764,BASELINE,NEW_DATA,22.7269,90.9581,24.0236
4765,BASELINE,NEW_DATA,22.7269,90.9581,24.0236
4766,BASELINE,NEW_DATA,22.7269,90.9581,24.0236
4767,BASELINE,NEW_DATA,22.7269,90.9581,24.0236
4768,BASELINE,NEW_DATA,22.7269,90.9581,24.0236
4769,BASELINE,NEW_DATA,22.7269,90.9581,24.0236
4770,BASELINE,NEW_DATA,22.7269,90.9581,24.0236
4771,BASELINE,NEW_DATA,22.7269,90.9234,24.9683
4772,BASELINE,NEW_DATA,22.7269,90.9234,24.9683
4773,BASELINE,NEW_DATA,22.7269,90.9234,24.9683
4774,BASELINE,NEW_DATA,22.7269,90.9234,24.9683
4775,BASELINE,NEW_DATA,22.7269,90.9234,24.9683
4776,BASELINE,NEW_DATA,22.7269,90.9234,24.9683
4777,BASELINE,NEW_DATA,22.7269,90.9234,24.9683
4778,BASELINE,NEW_DATA,22.7269,90.9234,24.9683
4779,BASELINE,NEW_DATA,22.7269,90.9234,24.9683
4780,BASELINE,NEW_DATA,22.7269,90.9234,24.9683
4781,BASELINE,NEW_DATA,22.7269,90.9234,24.9683
4782,BASELINE,NEW_DATA,22.7269,90.9234,24.9683
4783,BASELINE,NEW_DATA,22.7269,90.9234,24.9683
4784,BASELINE,NEW_DATA,22.7269,90.9234,24.9683
4785,BASELINE,NEW_DATA,22.7269,90.9234,24.9683
4786,BASELINE,NEW_DATA,22.7269,90.9234,24.9683
4787,BASELINE,NEW_DATA,22.7269,90.9234,24.9683
4788,BASELINE,NEW_DATA,22.7269,90.9234,24.9683
4789,BASELINE,NEW_DATA,22.7269,90.9234,24.9683
4790,BASELINE,NEW_DATA,22.7269,90.9234,24.9683
4791,BASELINE,NEW_DATA,22.7269,90.9234,24.9683
4792,BASELINE,NEW_DATA,22.7269,90.9234,24.9683
4793,BASELINE,NEW_DATA,22.7269,90.9234,24.9683
4794,BASELINE,NEW_DATA,22.7269,90.9234,24.9683
4795,BASELINE,NEW_DATA,22.7269,90.9234,24.9683
4796,BASELINE,NEW_DATA,22.7269,90.9234,24.9683
4797,BASELINE,NEW_DATA,22.7269,90.9234,24.9683
4798,BASELINE,NEW_DATA,22.7269,90.9234,24.9683
4799,BASELINE,NEW_DATA,22.7269,90.9234,24.9683
4800,BASELINE,NEW_DATA,22.7269,90.9234,24.9683
4801,BASELINE,NEW_DATA,22.7269,90.9234,24.9683
4802,BASELINE,NEW_DATA,22.7269,90.9234,24.9683
4803,BASELINE,NEW_DATA,22.7269,90.9234,24.9683
4804,BASELINE,NEW_DATA,22.7269,90.9234,24.9683
4805,BASELINE,NEW_DATA,22.7269,90.9234,24.9683
4806,BASELINE,NEW_DATA,22.7269,90.9234,24.9683
4807,BASELINE,NEW_DATA,22.7269,90.9234,24.9683
4808,BASELINE,NEW_DATA,22.7269,90.9234,24.9683
4809,BASELINE,NEW_DATA,22.7269,90.9234,24.9683
4810,BASELINE,NEW_DATA,22.7269,90.9234,24.9683
4811,BASELINE,NEW_DATA,22.7269,90.9234,24.9683
4812,BASELINE,NEW_DATA,22.7269,90.9234,24.9683
4813,BASELINE,NEW_DATA,22.7269,90.9234,24.9683
4814,BASELINE,NEW_DATA,22.7269,90.9234,24.9683
4815,BASELINE,NEW_DATA,22.7269,90.9234,24.9683
4816,BASELINE,NEW_DATA,22.7269,90.9234,24.9683
4817,BASELINE,NEW_DATA,22.7269,90.9234,24.9683
4818,BASELINE,NEW_DATA,22.7269,90.9234,24.9683
4819,BASELINE,NEW_DATA,22.7269,90.1180,25.0568
4820,BASELINE,NEW_DATA,22.7269,90.1180,25.0568
4821,BASELINE,NEW_DATA,22.7269,90.1180,25.0568
4822,BASELINE,NEW_DATA,22.7269,90.1180,25.0568
4823,BASELINE,NEW_DATA,22.7269,90.1180,25.0568
4824,BASELINE,NEW_DATA,22.7269,90.1180,25.0568
4825,BASELINE,NEW_DATA,22.7269,90.1180,25.0568
4826,BASELINE,NEW_DATA,22.7269,90.1180,25.0568
4827,BASELINE,NEW_DATA,22.7269,90.1180,25.0568
4828,BASELINE,NEW_DATA,22.7269,90.1180,25.0568
4829,BASELINE,NEW_DATA,22.7269,90.1180,25.0568
4830,BASELINE,NEW_DATA,22.7269,90.1180,25.0568
4831,BASELINE,NEW_DATA,22.7269,90.1180,25.0568
4832,BASELINE,NEW_DATA,22.7269,90.1180,25.0568
4833,BASELINE,NEW_DATA,22.7269,90.1180,25.0568
4834,BASELINE,NEW_DATA,22.7269,90.1180,25.0568
4835,BASELINE,NEW_DATA,22.7269,90.1180,25.0568
4836,BASELINE,NEW_DATA,22.7269,90.1180,25.0568
4837,BASELINE,NEW_DATA,22.7269,90.1180,25.0568
4838,BASELINE,NEW_DATA,22.7269,90.1180,25.0568
4839,BASELINE,NEW_DATA,22.7269,90.1180,25.0568
4840,BASELINE,NEW_DATA,22.7269,90.1180,25.0568
4841,BASELINE,NEW_DATA,22.7269,90.1180,25.0568
4842,BASELINE,NEW_DATA,22.7269,90.1180,25.0568
4843,BASELINE,NEW_DATA,22.7269,90.1180,25.0568
4844,BASELINE,NEW_DATA,22.7269,90.0127,25.1970
4845,BASELINE,NEW_DATA,22.7269,90.0127,25.1970
4846,BASELINE,NEW_DATA,22.7269,90.0127,25.1970
4847,BASELINE,NEW_DATA,22.7269,90.0127,25.1970
4848,BASELINE,NEW_DATA,22.7269,90.0127,25.1970
4849,BASELINE,NEW_DATA,22.7269,90.0127,25.1970
4850,BASELINE,NEW_DATA,22.7269,90.0127,25.1970
4851,BASELINE,NEW_DATA,22.7269,90.0127,25.1970
4852,BASELINE,NEW_DATA,22.7269,90.0127,25.1970
4853,BASELINE,NEW_DATA,22.7269,90.0127,25.1970
4854,BASELINE,NEW_DATA,22.7269,90.0127,25.1970
4855,BASELINE,NEW_DATA,22.7269,90.0127,25.1970
4856,BASELINE,NEW_DATA,22.7269,90.0127,25.1970
4857,BASELINE,NEW_DATA,22.7269,90.0127,25.1970
4858,BASELINE,NEW_DATA,22.7269,90.0127,25.1970
4859,BASELINE,NEW_DATA,22.7269,90.0127,25.1970
4860,BASELINE,NEW_DATA,22.7269,90.0127,25.1970
4861,BASELINE,NEW_DATA,22.7269,90.0127,25.1970
4862,BASELINE,NEW_DATA,22.7269,90.0127,25.1970
4863,BASELINE,NEW_DATA,22.7269,90.0127,25.1970
4864,BASELINE,NEW_DATA,22.7269,90.0127,25.1970
4865,BASELINE,NEW_DATA,22.7269,90.0127,25.1970
4866,BASELINE,NEW_DATA,22.7269,90.0127,25.1970
4867,BASELINE,NEW_DATA,22.7269,90.0127,25.1970
4868,BASELINE,NEW_DATA,22.7269,89.3175,25.0458
4869,BASELINE,NEW_DATA,22.7269,89.3175,25.0458
4870,BASELINE,NEW_DATA,22.7269,89.3175,25.0458
4871,BASELINE,NEW_DATA,22.7269,89.3175,25.0458
4872,BASELINE,NEW_DATA,22.7269,89.3175,25.0458
4873,BASELINE,NEW_DATA,22.7269,89.3175,25.0458
4874,BASELINE,NEW_DATA,22.7269,89.3175,25.0458
4875,BASELINE,NEW_DATA,22.7269,89.3175,25.0458
4876,BASELINE,NEW_DATA,22.7269,89.3175,25.0458
4877,BASELINE,NEW_DATA,22.7269,89.3175,25.0458
4878,BASELINE,NEW_DATA,22.7269,89.3175,25.0458
4879,BASELINE,NEW_DATA,22.7269,89.3175,25.0458
4880,BASELINE,NEW_DATA,22.7269,89.3175,25.0458
4881,BASELINE,NEW_DATA,22.7269,89.3175,25.0458
4882,BASELINE,NEW_DATA,22.7269,89.3175,25.0458
4883,BASELINE,NEW_DATA,22.7269,89.3175,25.0458
4884,BASELINE,NEW_DATA,22.7269,89.3175,25.0458
4885,BASELINE,NEW_DATA,22.7269,89.3175,25.0458
4886,BASELINE,NEW_DATA,22.7269,89.3175,25.0458
4887,BASELINE,NEW_DATA,22.7269,89.3175,25.0458
4888,BASELINE,NEW_DATA,22.7269,89.3175,25.0458
4889,BASELINE,NEW_DATA,22.7269,89.3175,25.0458
4890,BASELINE,NEW_DATA,22.7269,89.3175,25.0458
4891,BASELINE,NEW_DATA,22.7269,89.3175,25.0458
4892,BASELINE,NEW_DATA,22.7269,89.6039,25.0458
4893,BASELINE,NEW_DATA,22.7269,89.6039,25.0458
4894,BASELINE,NEW_DATA,22.7269,89.6039,25.0458
4895,BASELINE,NEW_DATA,22.7269,89.6039,25.0458
4896,BASELINE,NEW_DATA,22.7269,89.6039,25.0458
4897,BASELINE,NEW_DATA,22.7269,89.6039,25.0458
4898,BASELINE,NEW_DATA,22.7269,89.6039,25.0458
4899,BASELINE,NEW_DATA,22.7269,89.6039,25.0458
4900,BASELINE,NEW_DATA,22.7269,89.6039,25.0458
4901,BASELINE,NEW_DATA,22.7269,89.6039,25.0458
4902,BASELINE,NEW_DATA,22.7269,89.6039,25.0458
4903,BASELINE,NEW_DATA,22.7269,89.6039,25.0458
4904,BASELINE,NEW_DATA,22.7269,89.6039,25.0458
4905,BASELINE,NEW_DATA,22.7269,89.6039,25.0458
4906,BASELINE,NEW_DATA,22.7269,89.6039,25.0458
4907,BASELINE,NEW_DATA,22.7269,89.6039,25.0458
4908,BASELINE,NEW_DATA,22.7269,89.6039,25.0458
4909,BASELINE,NEW_DATA,22.7269,89.6039,25.0458
4910,BASELINE,NEW_DATA,22.7269,89.6039,25.0458
4911,BASELINE,NEW_DATA,22.7269,89.6039,25.0458
4912,BASELINE,NEW_DATA,22.7269,89.6039,25.0458
4913,BASELINE,NEW_DATA,22.7269,89.6039,25.0458
4914,BASELINE,NEW_DATA,22.7269,89.6039,25.0458
4915,BASELINE,NEW_DATA,22.7269,89.6039,25.0458
4916,BASELINE,NEW_DATA,22.7269,89.8363,25.0458
4917,BASELINE,NEW_DATA,22.7269,89.8363,25.0458
4918,BASELINE,NEW_DATA,22.7269,89.8363,25.0458
4919,BASELINE,NEW_DATA,22.7269,89.8363,25.0458
4920,BASELINE,NEW_DATA,22.7269,89.8363,25.0458
4921,BASELINE,NEW_DATA,22.7269,89.8363,25.0458
4922,BASELINE,NEW_DATA,22.7269,89.8363,25.0458
4923,BASELINE,NEW_DATA,22.7269,89.8363,25.0458
4924,BASELINE,NEW_DATA,22.7269,89.8363,25.0458
4925,BASELINE,NEW_DATA,22.7269,89.8363,25.0458
4926,BASELINE,NEW_DATA,22.7269,89.8363,25.0458
4927,BASELINE,NEW_DATA,22.7269,89.8363,25.0458
4928,BASELINE,NEW_DATA,22.7269,89.8363,25.0458
4929,BASELINE,NEW_DATA,22.7269,89.8363,25.0458
4930,BASELINE,NEW_DATA,22.7269,89.8363,25.0458
4931,BASELINE,NEW_DATA,22.7269,89.8363,25.0458
4932,BASELINE,NEW_DATA,22.7269,89.8363,25.0458
4933,BASELINE,NEW_DATA,22.7269,89.8363,25.0458
4934,BASELINE,NEW_DATA,22.7269,89.8363,25.0458
4935,BASELINE,NEW_DATA,22.7269,89.8363,25.0458
4936,BASELINE,NEW_DATA,22.7269,89.8363,25.0458
4937,BASELINE,NEW_DATA,22.7269,89.8363,25.0458
4938,BASELINE,NEW_DATA,22.7269,89.8363,25.0458
4939,BASELINE,NEW_DATA,22.7269,89.8363,25.0458
4940,BASELINE,NEW_DATA,22.7269,89.8363,25.0458
4941,BASELINE,NEW_DATA,22.7269,90.0906,25.0142
4942,BASELINE,NEW_DATA,22.7269,90.0906,25.0142
4943,BASELINE,NEW_DATA,22.7269,90.0906,25.0142
4944,BASELINE,NEW_DATA,22.7269,90.0906,25.0142
4945,BASELINE,NEW_DATA,22.7269,90.0906,25.0142
4946,BASELINE,NEW_DATA,22.7269,90.0906,25.0142
4947,BASELINE,NEW_DATA,22.7269,90.0906,25.0142
4948,BASELINE,NEW_DATA,22.7269,90.0906,25.0142
4949,BASELINE,NEW_DATA,22.7269,90.0906,25.0142
4950,BASELINE,NEW_DATA,22.7269,90.0906,25.0142
4951,BASELINE,NEW_DATA,22.7269,90.0906,25.0142
4952,BASELINE,NEW_DATA,22.7269,90.0906,25.0142
4953,BASELINE,NEW_DATA,22.7269,90.0906,25.0142
4954,BASELINE,NEW_DATA,22.7269,90.0906,25.0142
4955,BASELINE,NEW_DATA,22.7269,90.0906,25.0142
4956,BASELINE,NEW_DATA,22.7269,90.0906,25.0142
4957,BASELINE,NEW_DATA,22.7269,90.0906,25.0142
4958,BASELINE,NEW_DATA,22.7269,90.0906,25.0142
4959,BASELINE,NEW_DATA,22.7269,90.0906,25.0142
4960,BASELINE,NEW_DATA,22.7269,90.0906,25.0142
4961,BASELINE,NEW_DATA,22.7269,90.0906,25.0142
4962,BASELINE,NEW_DATA,22.7269,90.0906,25.0142
4963,BASELINE,NEW_DATA,22.7269,90.0906,25.0142
4964,BASELINE,NEW_DATA,22.7269,90.0906,25.0142
4965,BASELINE,NEW_DATA,22.7269,90.2311,25.1233
4966,BASELINE,NEW_DATA,22.7269,90.2311,25.1233
4967,BASELINE,NEW_DATA,22.7269,90.2311,25.1233
4968,BASELINE,NEW_DATA,22.7269,90.2311,25.1233
4969,BASELINE,NEW_DATA,22.7269,90.2311,25.1233
4970,BASELINE,NEW_DATA,22.7269,90.2311,25.1233
4971,BASELINE,NEW_DATA,22.7269,90.2311,25.1233
4972,BASELINE,NEW_DATA,22.7269,90.2311,25.1233
4973,BASELINE,NEW_DATA,22.7269,90.2311,25.1233
4974,BASELINE,NEW_DATA,22.7269,90.2311,25.1233
4975,BASELINE,NEW_DATA,22.7269,90.2311,25.1233
4976,BASELINE,NEW_DATA,22.7269,90.2311,25.1233
4977,BASELINE,NEW_DATA,22.7269,90.2311,25.1233
4978,BASELINE,NEW_DATA,22.7269,90.2311,25.1233
4979,BASELINE,NEW_DATA,22.7269,90.2311,25.1233
4980,BASELINE,NEW_DATA,22.7269,90.2311,25.1233
4981,BASELINE,NEW_DATA,22.7269,90.2311,25.1233
4982,BASELINE,NEW_DATA,22.7269,90.2311,25.1233
4983,BASELINE,NEW_DATA,22.7269,90.2311,25.1233
4984,BASELINE,NEW_DATA,22.7269,90.2311,25.1233
4985,BASELINE,NEW_DATA,22.7269,90.2311,25.1233
4986,BASELINE,NEW_DATA,22.7269,90.2311,25.1233
4987,BASELINE,NEW_DATA,22.7269,90.2311,25.1233
4988,BASELINE,NEW_DATA,22.7269,90.2311,25.1233
4989,BASELINE,NEW_DATA,22.7269,90.1345,26.2163
4990,BASELINE,NEW_DATA,22.7269,90.1345,26.2163
4991,BASELINE,NEW_DATA,22.7269,90.1345,26.2163
4992,BASELINE,NEW_DATA,22.7269,90.1345,26.2163
4993,BASELINE,NEW_DATA,22.7269,90.1345,26.2163
4994,BASELINE,NEW_DATA,22.7269,90.1345,26.2163
4995,BASELINE,NEW_DATA,22.7269,90.1345,26.2163
4996,BASELINE,NEW_DATA,22.7269,90.1345,26.2163
4997,BASELINE,NEW_DATA,22.7269,90.1345,26.2163
4998,BASELINE,NEW_DATA,22.7269,90.1345,26.2163
4999,BASELINE,NEW_DATA,22.7269,90.1345,26.2163
5000,BASELINE,NEW_DATA,22.7269,90.1345,26.2163
5001,BASELINE,NEW_DATA,22.7269,90.1345,26.2163
5002,BASELINE,NEW_DATA,22.7269,90.1345,26.2163
5003,BASELINE,NEW_DATA,22.7269,90.1345,26.2163
5004,BASELINE,NEW_DATA,22.7269,90.1345,26.2163
5005,BASELINE,NEW_DATA,22.7269,90.1345,26.2163
5006,BASELINE,NEW_DATA,22.7269,90.1345,26.2163
5007,BASELINE,NEW_DATA,22.7269,90.1345,26.2163
5008,BASELINE,NEW_DATA,22.7269,90.1345,26.2163
5009,BASELINE,NEW_DATA,22.7269,90.1345,26.2163
5010,BASELINE,NEW_DATA,22.7269,90.1345,26.2163
5011,BASELINE,NEW_DATA,22.7269,90.1345,26.2163
5012,BASELINE,NEW_DATA,22.7269,90.1345,26.2163
5013,BASELINE,NEW_DATA,22.7269,90.1345,26.2163
5014,BASELINE,NEW_DATA,22.7269,90.1675,26.1306
5015,BASELINE,NEW_DATA,22.7269,90.1675,26.1306
5016,BASELINE,NEW_DATA,22.7269,90.1675,26.1306
5017,BASELINE,NEW_DATA,22.7269,90.1675,26.1306
5018,BASELINE,NEW_DATA,22.7269,90.1675,26.1306
5019,BASELINE,NEW_DATA,22.7269,90.1675,26.1306
5020,BASELINE,NEW_DATA,22.7269,90.1675,26.1306
5021,BASELINE,NEW_DATA,22.7269,90.1675,26.1306
5022,BASELINE,NEW_DATA,22.7269,90.1675,26.1306
5023,BASELINE,NEW_DATA,22.7269,90.1675,26.1306
5024,BASELINE,NEW_DATA,22.7269,90.1675,26.1306
5025,BASELINE,NEW_DATA,22.7269,90.1675,26.1306
5026,BASELINE,NEW_DATA,22.7269,90.1675,26.1306
5027,BASELINE,NEW_DATA,22.7269,90.1675,26.1306
5028,BASELINE,NEW_DATA,22.7269,90.1675,26.1306
5029,BASELINE,NEW_DATA,22.7269,90.1675,26.1306
5030,BASELINE,NEW_DATA,22.7269,90.1675,26.1306
5031,BASELINE,NEW_DATA,22.7269,90.1675,26.1306
5032,BASELINE,NEW_DATA,22.7269,90.1675,26.1306
5033,BASELINE,NEW_DATA,22.7269,90.1675,26.1306
5034,BASELINE,NEW_DATA,22.7269,90.1675,26.1306
5035,BASELINE,NEW_DATA,22.7269,90.1675,26.1306
5036,BASELINE,NEW_DATA,22.7269,90.1675,26.1306
5037,BASELINE,NEW_DATA,22.7269,90.1675,26.1306
5038,BASELINE,NEW_DATA,22.7269,90.2620,26.2300
5039,BASELINE,NEW_DATA,22.7269,90.2620,26.2300
5040,BASELINE,NEW_DATA,22.7269,90.2620,26.2300
5041,BASELINE,NEW_DATA,22.7269,90.2620,26.2300
5042,BASELINE,NEW_DATA,22.7269,90.2620,26.2300
5043,BASELINE,NEW_DATA,22.7269,90.2620,26.2300
5044,BASELINE,NEW_DATA,22.7269,90.2620,26.2300
5045,BASELINE,NEW_DATA,22.7269,90.2620,26.2300
5046,BASELINE,NEW_DATA,22.7269,90.2620,26.2300
5047,BASELINE,NEW_DATA,22.7269,90.2620,26.2300
5048,BASELINE,NEW_DATA,22.7269,90.2620,26.2300
5049,BASELINE,NEW_DATA,22.7269,90.2620,26.2300
5050,BASELINE,NEW_DATA,22.7269,90.2620,26.2300
5051,BASELINE,NEW_DATA,22.7269,90.2620,26.2300
5052,BASELINE,NEW_DATA,22.7269,90.2620,26.2300
5053,BASELINE,NEW_DATA,22.7269,90.2620,26.2300
5054,BASELINE,NEW_DATA,22.7269,90.2620,26.2300
5055,BASELINE,NEW_DATA,22.7269,90.2620,26.2300
5056,BASELINE,NEW_DATA,22.7269,90.2620,26.2300
5057,BASELINE,NEW_DATA,22.7269,90.2620,26.2300
5058,BASELINE,NEW_DATA,22.7269,90.2620,26.2300
5059,BASELINE,NEW_DATA,22.7269,90.2620,26.2300
5060,BASELINE,NEW_DATA,22.7269,90.2620,26.2300
5061,BASELINE,NEW_DATA,22.7269,90.2620,26.2300
5062,BASELINE,NEW_DATA,22.7269,90.1137,26.3803
5063,BASELINE,NEW_DATA,22.7269,90.1137,26.3803
5064,BASELINE,NEW_DATA,22.7269,90.1137,26.3803
5065,BASELINE,NEW_DATA,22.7269,90.1137,26.3803
5066,BASELINE,NEW_DATA,22.7269,90.1137,26.3803
5067,BASELINE,NEW_DATA,22.7269,90.1137,26.3803
5068,BASELINE,NEW_DATA,22.7269,90.1137,26.3803
5069,BASELINE,NEW_DATA,22.7269,90.1137,26.3803
5070,BASELINE,NEW_DATA,22.7269,90.1137,26.3803
5071,BASELINE,NEW_DATA,22.7269,90.1137,26.3803
5072,BASELINE,NEW_DATA,22.7269,90.1137,26.3803
5073,BASELINE,NEW_DATA,22.7269,90.1137,26.3803
5074,BASELINE,NEW_DATA,22.7269,90.1137,26.3803
5075,BASELINE,NEW_DATA,22.7269,90.1137,26.3803
5076,BASELINE,NEW_DATA,22.7269,90.1137,26.3803
5077,BASELINE,NEW_DATA,22.7269,90.1137,26.3803
5078,BASELINE,NEW_DATA,22.7269,90.1137,26.3803
5079,BASELINE,NEW_DATA,22.7269,90.1137,26.3803
5080,BASELINE,NEW_DATA,22.7269,90.1137,26.3803
5081,BASELINE,NEW_DATA,22.7269,90.1137,26.3803
5082,BASELINE,NEW_DATA,22.7269,90.1137,26.3803
5083,BASELINE,NEW_DATA,22.7269,90.1137,26.3803
5084,BASELINE,NEW_DATA,22.7269,90.1137,26.3803
5085,BASELINE,NEW_DATA,22.7269,90.1137,26.3803
5086,BASELINE,NEW_DATA,22.7269,90.1137,26.3803
5087,BASELINE,NEW_DATA,22.7269,90.0775,26.8949
5088,BASELINE,NEW_DATA,22.7269,90.0775,26.8949
5089,BASELINE,NEW_DATA,22.7269,90.0775,26.8949
5090,BASELINE,NEW_DATA,22.7269,90.0775,26.8949
5091,BASELINE,NEW_DATA,22.7269,90.0775,26.8949
5092,BASELINE,NEW_DATA,22.7269,90.0775,26.8949
5093,BASELINE,NEW_DATA,22.7269,90.0775,26.8949
5094,BASELINE,NEW_DATA,22.7269,90.0775,26.8949
5095,BASELINE,NEW_DATA,22.7269,90.0775,26.8949
5096,BASELINE,NEW_DATA,22.7269,90.0775,26.8949
5097,BASELINE,NEW_DATA,22.7269,90.0775,26.8949
5098,BASELINE,NEW_DATA,22.7269,90.0775,26.8949
5099,BASELINE,NEW_DATA,22.7269,90.0775,26.8949
5100,BASELINE,NEW_DATA,22.7269,90.0775,26.8949
5101,BASELINE,NEW_DATA,22.7269,90.0775,26.8949
5102,BASELINE,NEW_DATA,22.7269,90.0775,26.8949
5103,BASELINE,NEW_DATA,22.7269,90.0775,26.8949
5104,BASELINE,NEW_DATA,22.7269,90.0775,26.8949
5105,BASELINE,NEW_DATA,22.7269,90.0775,26.8949
5106,BASELINE,NEW_DATA,22.7269,90.0775,26.8949
5107,BASELINE,NEW_DATA,22.7269,90.0775,26.8949
5108,BASELINE,NEW_DATA,22.7269,90.0775,26.8949
5109,BASELINE,NEW_DATA,22.7269,90.0775,26.8949
5110,BASELINE,NEW_DATA,22.7269,90.0775,26.8949
5111,BASELINE,NEW_DATA,22.7269,89.9815,26.8115
5112,BASELINE,NEW_DATA,22.7269,89.9815,26.8115
5113,BASELINE,NEW_DATA,22.7269,89.9815,26.8115
5114,BASELINE,NEW_DATA,22.7269,89.9815,26.8115
5115,BASELINE,NEW_DATA,22.7269,89.9815,26.8115
5116,BASELINE,NEW_DATA,22.7269,89.9815,26.8115
5117,BASELINE,NEW_DATA,22.7269,89.9815,26.8115
5118,BASELINE,NEW_DATA,22.7269,89.9815,26.8115
5119,BASELINE,NEW_DATA,22.7269,89.9815,26.8115
5120,BASELINE,NEW_DATA,22.7269,89.9815,26.8115
5121,BASELINE,NEW_DATA,22.7269,89.9815,26.8115
5122,BASELINE,NEW_DATA,22.7269,89.9815,26.8115
5123,BASELINE,NEW_DATA,22.7269,89.9815,26.8115
5124,BASELINE,NEW_DATA,22.7269,89.9815,26.8115
5125,BASELINE,NEW_DATA,22.7269,89.9815,26.8115
5126,BASELINE,NEW_DATA,22.7269,89.9815,26.8115
5127,BASELINE,NEW_DATA,22.7269,89.9815,26.8115
5128,BASELINE,NEW_DATA,22.7269,89.9815,26.8115
5129,BASELINE,NEW_DATA,22.7269,89.9815,26.8115
5130,BASELINE,NEW_DATA,22.7269,89.9815,26.8115
5131,BASELINE,NEW_DATA,22.7269,89.9815,26.8115
5132,BASELINE,NEW_DATA,22.7269,89.9815,26.8115
5133,BASELINE,NEW_DATA,22.7269,89.9815,26.8115
5134,BASELINE,NEW_DATA,22.7269,89.9815,26.8115
5135,BASELINE,NEW_DATA,22.7269,89.9036,26.9558
5136,BASELINE,NEW_DATA,22.7269,89.9036,26.9558
5137,BASELINE,NEW_DATA,22.7269,89.9036,26.9558
5138,BASELINE,NEW_DATA,22.7269,89.9036,26.9558
5139,BASELINE,NEW_DATA,22.7269,89.9036,26.9558
5140,BASELINE,NEW_DATA,22.7269,89.9036,26.9558
5141,BASELINE,NEW_DATA,22.7269,89.9036,26.9558
5142,BASELINE,NEW_DATA,22.7269,89.9036,26.9558
5143,BASELINE,NEW_DATA,22.7269,89.9036,26.9558
5144,BASELINE,NEW_DATA,22.7269,89.9036,26.9558
5145,BASELINE,NEW_DATA,22.7269,89.9036,26.9558
5146,BASELINE,NEW_DATA,22.7269,89.9036,26.9558
5147,BASELINE,NEW_DATA,22.7269,89.9036,26.9558
5148,BASELINE,NEW_DATA,22.7269,89.9036,26.9558
5149,BASELINE,NEW_DATA,22.7269,89.9036,26.9558
5150,BASELINE,NEW_DATA,22.7269,89.9036,26.9558
5151,BASELINE,NEW_DATA,22.7269,89.9036,26.9558
5152,BASELINE,NEW_DATA,22.7269,89.9036,26.9558
5153,BASELINE,NEW_DATA,22.7269,89.9036,26.9558
5154,BASELINE,NEW_DATA,22.7269,89.9036,26.9558
5155,BASELINE,NEW_DATA,22.7269,89.9036,26.9558
5156,BASELINE,NEW_DATA,22.7269,89.9036,26.9558
5157,BASELINE,NEW_DATA,22.7269,89.9036,26.9558
5158,BASELINE,NEW_DATA,22.7269,89.9036,26.9558
5159,BASELINE,NEW_DATA,22.7269,89.9036,26.9558
5160,BASELINE,NEW_DATA,22.7269,89.6674,27.1875
5161,BASELINE,NEW_DATA,22.7269,89.6674,27.1875
5162,BASELINE,NEW_DATA,22.7269,89.6674,27.1875
5163,BASELINE,NEW_DATA,22.7269,89.6674,27.1875
5164,BASELINE,NEW_DATA,22.7269,89.6674,27.1875
5165,BASELINE,NEW_DATA,22.7269,89.6674,27.1875
5166,BASELINE,NEW_DATA,22.7269,89.6674,27.1875
5167,BASELINE,NEW_DATA,22.7269,89.6674,27.1875
5168,BASELINE,NEW_DATA,22.7269,89.6674,27.1875
5169,BASELINE,NEW_DATA,22.7269,89.6674,27.1875
5170,BASELINE,NEW_DATA,22.7269,89.6674,27.1875
5171,BASELINE,NEW_DATA,22.7269,89.6674,27.1875
5172,BASELINE,NEW_DATA,22.7269,89.6674,27.1875
5173,BASELINE,NEW_DATA,22.7269,89.6674,27.1875
5174,BASELINE,NEW_DATA,22.7269,89.6674,27.1875
5175,BASELINE,NEW_DATA,22.7269,89.6674,27.1875
5176,BASELINE,NEW_DATA,22.7269,89.6674,27.1875
5177,BASELINE,NEW_DATA,22.7269,89.6674,27.1875
5178,BASELINE,NEW_DATA,22.7269,89.6674,27.1875
5179,BASELINE,NEW_DATA,22.7269,89.6674,27.1875
5180,BASELINE,NEW_DATA,22.7269,89.6674,27.1875
5181,BASELINE,NEW_DATA,22.7269,89.6674,27.1875
5182,BASELINE,NEW_DATA,22.7269,89.6674,27.1875
5183,BASELINE,NEW_DATA,22.7269,89.6674,27.1875
5184,BASELINE,NEW_DATA,22.7269,89.8220,28.9005
5185,BASELINE,NEW_DATA,22.7269,89.8220,28.9005
5186,BASELINE,NEW_DATA,22.7269,89.8220,28.9005
5187,BASELINE,NEW_DATA,22.7269,89.8220,28.9005
5188,BASELINE,NEW_DATA,22.7269,89.8220,28.9005
5189,BASELINE,NEW_DATA,22.7269,89.8220,28.9005
5190,BASELINE,NEW_DATA,22.7269,89.8220,28.9005
5191,BASELINE,NEW_DATA,22.7269,89.8220,28.9005
5192,BASELINE,NEW_DATA,22.7269,89.8220,28.9005
5193,BASELINE,NEW_DATA,22.7269,89.8220,28.9005
5194,BASELINE,NEW_DATA,22.7269,89.8220,28.9005
5195,BASELINE,NEW_DATA,22.7269,89.8220,28.9005
5196,BASELINE,NEW_DATA,22.7269,89.8220,28.9005
5197,BASELINE,NEW_DATA,22.7269,89.8220,28.9005
5198,BASELINE,NEW_DATA,22.7269,89.8220,28.9005
5199,BASELINE,NEW_DATA,22.7269,89.8220,28.9005
5200,BASELINE,NEW_DATA,22.7269,89.8220,28.9005
5201,BASELINE,NEW_DATA,22.7269,89.8220,28.9005
5202,BASELINE,NEW_DATA,22.7269,89.8220,28.9005
5203,BASELINE,NEW_DATA,22.7269,89.8220,28.9005
5204,BASELINE,NEW_DATA,22.7269,89.8220,28.9005
5205,BASELINE,NEW_DATA,22.7269,89.8220,28.9005
5206,BASELINE,NEW_DATA,22.7269,89.8220,28.9005
5207,BASELINE,NEW_DATA,22.7269,89.8220,28.9005
5208,BASELINE,NEW_DATA,22.7269,89.8220,28.9005
5209,BASELINE,NEW_DATA,22.7269,89.8633,28.7379
5210,BASELINE,NEW_DATA,22.7269,89.8633,28.7379
5211,BASELINE,NEW_DATA,22.7269,89.8633,28.7379
5212,BASELINE,NEW_DATA,22.7269,89.8633,28.7379
5213,BASELINE,NEW_DATA,22.7269,89.8633,28.7379
5214,BASELINE,NEW_DATA,22.7269,89.8633,28.7379
5215,BASELINE,NEW_DATA,22.7269,89.8633,28.7379
5216,BASELINE,NEW_DATA,22.7269,89.8633,28.7379
5217,BASELINE,NEW_DATA,22.7269,89.8633,28.7379
5218,BASELINE,NEW_DATA,22.7269,89.8633,28.7379
5219,BASELINE,NEW_DATA,22.7269,89.8633,28.7379
5220,BASELINE,NEW_DATA,22.7269,89.8633,28.7379
5221,BASELINE,NEW_DATA,22.7269,89.8633,28.7379
5222,BASELINE,NEW_DATA,22.7269,89.8633,28.7379
5223,BASELINE,NEW_DATA,22.7269,89.8633,28.7379
5224,BASELINE,NEW_DATA,22.7269,89.8633,28.7379
5225,BASELINE,NEW_DATA,22.7269,89.8633,28.7379
5226,BASELINE,NEW_DATA,22.7269,89.8633,28.7379
5227,BASELINE,NEW_DATA,22.7269,89.8633,28.7379
5228,BASELINE,NEW_DATA,22.7269,89.8633,28.7379
5229,BASELINE,NEW_DATA,22.7269,89.8633,28.7379
5230,BASELINE,NEW_DATA,22.7269,89.8633,28.7379
5231,BASELINE,NEW_DATA,22.7269,89.8633,28.7379
5232,BASELINE,NEW_DATA,22.7269,89.8633,28.7379
5233,BASELINE,NEW_DATA,22.7269,89.7519,28.8296
5234,BASELINE,NEW_DATA,22.7269,89.7519,28.8296
5235,BASELINE,NEW_DATA,22.7269,89.7519,28.8296
5236,BASELINE,NEW_DATA,22.7269,89.7519,28.8296
5237,BASELINE,NEW_DATA,22.7269,89.7519,28.8296
5238,BASELINE,NEW_DATA,22.7269,89.7519,28.8296
5239,BASELINE,NEW_DATA,22.7269,89.7519,28.8296
5240,BASELINE,NEW_DATA,22.7269,89.7519,28.8296
5241,BASELINE,NEW_DATA,22.7269,89.7519,28.8296
5242,BASELINE,NEW_DATA,22.7269,89.7519,28.8296
5243,BASELINE,NEW_DATA,22.7269,89.7519,28.8296
5244,BASELINE,NEW_DATA,22.7269,89.7519,28.8296
5245,BASELINE,NEW_DATA,22.7269,89.7519,28.8296
5246,BASELINE,NEW_DATA,22.7269,89.7519,28.8296
5247,BASELINE,NEW_DATA,22.7269,89.7519,28.8296
5248,BASELINE,NEW_DATA,22.7269,89.7519,28.8296
5249,BASELINE,NEW_DATA,22.7269,89.7519,28.8296
5250,BASELINE,NEW_DATA,22.7269,89.7519,28.8296
5251,BASELINE,NEW_DATA,22.7269,89.7519,28.8296
5252,BASELINE,NEW_DATA,22.7269,89.7519,28.8296
5253,BASELINE,NEW_DATA,22.7269,89.7519,28.8296
5254,BASELINE,NEW_DATA,22.7269,89.7519,28.8296
5255,BASELINE,NEW_DATA,22.7269,89.7519,28.8296
5256,BASELINE,NEW_DATA,22.7269,89.7519,28.8296
5257,BASELINE,NEW_DATA,22.7269,89.4494,31.3608
5258,BASELINE,NEW_DATA,22.7269,89.4494,31.3608
5259,BASELINE,NEW_DATA,22.7269,89.4494,31.3608
5260,BASELINE,NEW_DATA,22.7269,89.4494,31.3608
5261,BASELINE,NEW_DATA,22.7269,89.4494,31.3608
5262,BASELINE,NEW_DATA,22.7269,89.4494,31.3608
5263,BASELINE,NEW_DATA,22.7269,89.4494,31.3608
5264,BASELINE,NEW_DATA,22.7269,89.4494,31.3608
5265,BASELINE,NEW_DATA,22.7269,89.4494,31.3608
5266,BASELINE,NEW_DATA,22.7269,89.4494,31.3608
5267,BASELINE,NEW_DATA,22.7269,89.4494,31.3608
5268,BASELINE,NEW_DATA,22.7269,89.4494,31.3608
5269,BASELINE,NEW_DATA,22.7269,89.4494,31.3608
5270,BASELINE,NEW_DATA,22.7269,89.4494,31.3608
5271,BASELINE,NEW_DATA,22.7269,89.4494,31.3608
5272,BASELINE,NEW_DATA,22.7269,89.4494,31.3608
5273,BASELINE,NEW_DATA,22.7269,89.4494,31.3608
5274,BASELINE,NEW_DATA,22.7269,89.4494,31.3608
5275,BASELINE,NEW_DATA,22.7269,89.4494,31.3608
5276,BASELINE,NEW_DATA,22.7269,89.4494,31.3608
5277,BASELINE,NEW_DATA,22.7269,89.4494,31.3608
5278,BASELINE,NEW_DATA,22.7269,89.4494,31.3608
5279,BASELINE,NEW_DATA,22.7269,89.4494,31.3608
5280,BASELINE,NEW_DATA,22.7269,89.4494,31.3608
5281,BASELINE,NEW_DATA,22.7269,89.4494,31.3608
5282,BASELINE,NEW_DATA,22.7269,89.1340,31.3463
5283,BASELINE,NEW_DATA,22.7269,89.1340,31.3463
5284,BASELINE,NEW_DATA,22.7269,89.1340,31.3463
5285,BASELINE,NEW_DATA,22.7269,89.1340,31.3463
5286,BASELINE,NEW_DATA,22.7269,89.1340,31.3463
5287,BASELINE,NEW_DATA,22.7269,89.1340,31.3463
5288,BASELINE,NEW_DATA,22.7269,89.1340,31.3463
5289,BASELINE,NEW_DATA,22.7269,89.1340,31.3463
5290,BASELINE,NEW_DATA,22.7269,89.1340,31.3463
5291,BASELINE,NEW_DATA,22.7269,89.1340,31.3463
5292,BASELINE,NEW_DATA,22.7269,89.1340,31.3463
5293,BASELINE,NEW_DATA,22.7269,89.1340,31.3463
5294,BASELINE,NEW_DATA,22.7269,89.1340,31.3463
5295,BASELINE,NEW_DATA,22.7269,89.1340,31.3463
5296,BASELINE,NEW_DATA,22.7269,89.1340,31.3463
5297,BASELINE,NEW_DATA,22.7269,89.1340,31.3463
5298,BASELINE,NEW_DATA,22.7269,89.1340,31.3463
5299,BASELINE,NEW_DATA,22.7269,89.1340,31.3463
5300,BASELINE,NEW_DATA,22.7269,89.1340,31.3463
5301,BASELINE,NEW_DATA,22.7269,89.1340,31.3463
5302,BASELINE,NEW_DATA,22.7269,89.1340,31.3463
5303,BASELINE,NEW_DATA,22.7269,89.1340,31.3463
5304,BASELINE,NEW_DATA,22.7269,89.1340,31.3463
5305,BASELINE,NEW_DATA,22.7269,89.1340,31.3463
5306,BASELINE,NEW_DATA,22.7269,89.1340,31.4792
5307,BASELINE,NEW_DATA,22.7269,89.1340,31.4792
5308,BASELINE,NEW_DATA,22.7269,89.1340,31.4792
5309,BASELINE,NEW_DATA,22.7269,89.1340,31.4792
5310,BASELINE,NEW_DATA,22.7269,89.1340,31.4792
5311,BASELINE,NEW_DATA,22.7269,89.1340,31.4792
5312,BASELINE,NEW_DATA,22.7269,89.1340,31.4792
5313,BASELINE,NEW_DATA,22.7269,89.1340,31.4792
5314,BASELINE,NEW_DATA,22.7269,89.1340,31.4792
5315,BASELINE,NEW_DATA,22.7269,89.1340,31.4792
5316,BASELINE,NEW_DATA,22.7269,89.1340,31.4792
5317,BASELINE,NEW_DATA,22.7269,89.1340,31.4792
5318,BASELINE,NEW_DATA,22.7269,89.1340,31.4792
5319,BASELINE,NEW_DATA,22.7269,89.1340,31.4792
5320,BASELINE,NEW_DATA,22.7269,89.1340,31.4792
5321,BASELINE,NEW_DATA,22.7269,89.1340,31.4792
5322,BASELINE,NEW_DATA,22.7269,89.1340,31.4792
5323,BASELINE,NEW_DATA,22.7269,89.1340,31.4792
5324,BASELINE,NEW_DATA,22.7269,89.1340,31.4792
5325,BASELINE,NEW_DATA,22.7269,89.1340,31.4792
5326,BASELINE,NEW_DATA,22.7269,89.1340,31.4792
5327,BASELINE,NEW_DATA,22.7269,89.1340,31.4792
5328,BASELINE,NEW_DATA,22.7269,89.1340,31.4792
5329,BASELINE,NEW_DATA,22.7269,89.1340,31.4792
5330,BASELINE,NEW_DATA,22.7269,89.1340,31.4792
5331,BASELINE,NEW_DATA,22.7269,89.2407,33.2464
5332,BASELINE,NEW_DATA,22.7269,89.2407,33.2464
5333,BASELINE,NEW_DATA,22.7269,89.2407,33.2464
5334,BASELINE,NEW_DATA,22.7269,89.2407,33.2464
5335,BASELINE,NEW_DATA,22.7269,89.2407,33.2464
5336,BASELINE,NEW_DATA,22.7269,89.2407,33.2464
5337,BASELINE,NEW_DATA,22.7269,89.2407,33.2464
5338,BASELINE,NEW_DATA,22.7269,89.2407,33.2464
5339,BASELINE,NEW_DATA,22.7269,89.2407,33.2464
5340,BASELINE,NEW_DATA,22.7269,89.2407,33.2464
5341,BASELINE,NEW_DATA,22.7269,89.2407,33.2464
5342,BASELINE,NEW_DATA,22.7269,89.2407,33.2464
5343,BASELINE,NEW_DATA,22.7269,89.2407,33.2464
5344,BASELINE,NEW_DATA,22.7269,89.2407,33.2464
5345,BASELINE,NEW_DATA,22.7269,89.2407,33.2464
5346,BASELINE,NEW_DATA,22.7269,89.2407,33.2464
5347,BASELINE,NEW_DATA,22.7269,89.2407,33.2464
5348,BASELINE,NEW_DATA,22.7269,89.2407,33.2464
5349,BASELINE,NEW_DATA,22.7269,89.2407,33.2464
5350,BASELINE,NEW_DATA,22.7269,89.2407,33.2464
5351,BASELINE,NEW_DATA,22.7269,89.2407,33.2464
5352,BASELINE,NEW_DATA,22.7269,89.2407,33.2464
5353,BASELINE,NEW_DATA,22.7269,89.2407,33.2464
5354,BASELINE,NEW_DATA,22.7269,89.2407,33.2464
5355,BASELINE,NEW_DATA,22.7269,89.4825,33.0956
5356,BASELINE,NEW_DATA,22.7269,89.4825,33.0956
5357,BASELINE,NEW_DATA,22.7269,89.4825,33.0956
5358,BASELINE,NEW_DATA,22.7269,89.4825,33.0956
5359,BASELINE,NEW_DATA,22.7269,89.4825,33.0956
5360,BASELINE,NEW_DATA,22.7269,89.4825,33.0956
5361,BASELINE,NEW_DATA,22.7269,89.4825,33.0956
5362,BASELINE,NEW_DATA,22.7269,89.4825,33.0956
5363,BASELINE,NEW_DATA,22.7269,89.4825,33.0956
5364,BASELINE,NEW_DATA,22.7269,89.4825,33.0956
5365,BASELINE,NEW_DATA,22.7269,89.4825,33.0956
5366,BASELINE,NEW_DATA,22.7269,89.4825,33.0956
5367,BASELINE,NEW_DATA,22.7269,89.4825,33.0956
5368,BASELINE,NEW_DATA,22.7269,89.4825,33.0956
5369,BASELINE,NEW_DATA,22.7269,89.4825,33.0956
5370,BASELINE,NEW_DATA,22.7269,89.4825,33.0956
5371,BASELINE,NEW_DATA,22.7269,89.4825,33.0956
5372,BASELINE,NEW_DATA,22.7269,89.4825,33.0956
5373,BASELINE,NEW_DATA,22.7269,89.4825,33.0956
5374,BASELINE,NEW_DATA,22.7269,89.4825,33.0956
5375,BASELINE,NEW_DATA,22.7269,89.4825,33.0956
5376,BASELINE,NEW_DATA,22.7269,89.4825,33.0956
5377,BASELINE,NEW_DATA,22.7269,89.4825,33.0956
5378,BASELINE,NEW_DATA,22.7269,89.4825,33.0956
5379,BASELINE,NEW_DATA,22.7269,89.6892,33.0887
5380,BASELINE,NEW_DATA,22.7269,89.6892,33.0887
5381,BASELINE,NEW_DATA,22.7269,89.6892,33.0887
5382,BASELINE,NEW_DATA,22.7269,89.6892,33.0887
5383,BASELINE,NEW_DATA,22.7269,89.6892,33.0887
5384,BASELINE,NEW_DATA,22.7269,89.6892,33.0887
5385,BASELINE,NEW_DATA,22.7269,89.6892,33.0887
5386,BASELINE,NEW_DATA,22.7269,89.6892,33.0887
5387,BASELINE,NEW_DATA,22.7269,89.6892,33.0887
5388,BASELINE,NEW_DATA,22.7269,89.6892,33.0887
5389,BASELINE,NEW_DATA,22.7269,89.6892,33.0887
5390,BASELINE,NEW_DATA,22.7269,89.6892,33.0887
5391,BASELINE,NEW_DATA,22.7269,89.6892,33.0887
5392,BASELINE,NEW_DATA,22.7269,89.6892,33.0887
5393,BASELINE,NEW_DATA,22.7269,89.6892,33.0887
5394,BASELINE,NEW_DATA,22.7269,89.6892,33.0887
5395,BASELINE,NEW_DATA,22.7269,89.6892,33.0887
5396,BASELINE,NEW_DATA,22.7269,89.6892,33.0887
5397,BASELINE,NEW_DATA,22.7269,89.6892,33.0887
5398,BASELINE,NEW_DATA,22.7269,89.6892,33.0887
5399,BASELINE,NEW_DATA,22.7269,89.6892,33.0887
5400,BASELINE,NEW_DATA,22.7269,89.6892,33.0887
5401,BASELINE,NEW_DATA,22.7269,89.6892,33.0887
5402,BASELINE,NEW_DATA,22.7269,89.6892,33.0887
5403,BASELINE,NEW_DATA,22.7269,89.6892,33.0887
5404,BASELINE,NEW_DATA,22.7269,89.8088,33.1320
5405,BASELINE,NEW_DATA,22.7269,89.8088,33.1320
5406,BASELINE,NEW_DATA,22.7269,89.8088,33.1320
5407,BASELINE,NEW_DATA,22.7269,89.8088,33.1320
5408,BASELINE,NEW_DATA,22.7269,89.8088,33.1320
5409,BASELINE,NEW_DATA,22.7269,89.8088,33.1320
5410,BASELINE,NEW_DATA,22.7269,89.8088,33.1320
5411,BASELINE,NEW_DATA,22.7269,89.8088,33.1320
5412,BASELINE,NEW_DATA,22.7269,89.8088,33.1320
5413,BASELINE,NEW_DATA,22.7269,89.8088,33.1320
5414,BASELINE,NEW_DATA,22.7269,89.8088,33.1320
5415,BASELINE,NEW_DATA,22.7269,89.8088,33.1320
5416,BASELINE,NEW_DATA,22.7269,89.8088,33.1320
5417,BASELINE,NEW_DATA,22.7269,89.8088,33.1320
5418,BASELINE,NEW_DATA,22.7269,89.8088,33.1320
5419,BASELINE,NEW_DATA,22.7269,89.8088,33.1320
5420,BASELINE,NEW_DATA,22.7269,89.8088,33.1320
5421,BASELINE,NEW_DATA,22.7269,89.8088,33.1320
5422,BASELINE,NEW_DATA,22.7269,89.8088,33.1320
5423,BASELINE,NEW_DATA,22.7269,89.8088,33.1320
5424,BASELINE,NEW_DATA,22.7269,89.8088,33.1320
5425,BASELINE,NEW_DATA,22.7269,89.8088,33.1320
5426,BASELINE,NEW_DATA,22.7269,89.8088,33.1320
5427,BASELINE,NEW_DATA,22.7269,89.8088,33.1320
5428,BASELINE,NEW_DATA,22.7269,89.9261,33.2880
5429,BASELINE,NEW_DATA,22.7269,89.9261,33.2880
5430,BASELINE,NEW_DATA,22.7269,89.9261,33.2880
5431,BASELINE,NEW_DATA,22.7269,89.9261,33.2880
5432,BASELINE,NEW_DATA,22.7269,89.9261,33.2880
5433,BASELINE,NEW_DATA,22.7269,89.9261,33.2880
5434,BASELINE,NEW_DATA,22.7269,89.9261,33.2880
5435,BASELINE,NEW_DATA,22.7269,89.9261,33.2880
5436,BASELINE,NEW_DATA,22.7269,89.9261,33.2880
5437,BASELINE,NEW_DATA,22.7269,89.9261,33.2880
5438,BASELINE,NEW_DATA,22.7269,89.9261,33.2880
5439,BASELINE,NEW_DATA,22.7269,89.9261,33.2880
5440,BASELINE,NEW_DATA,22.7269,89.9261,33.2880
5441,BASELINE,NEW_DATA,22.7269,89.9261,33.2880
5442,BASELINE,NEW_DATA,22.7269,89.9261,33.2880
5443,BASELINE,NEW_DATA,22.7269,89.9261,33.2880
5444,BASELINE,NEW_DATA,22.7269,89.9261,33.2880
5445,BASELINE,NEW_DATA,22.7269,89.9261,33.2880
5446,BASELINE,NEW_DATA,22.7269,89.9261,33.2880
5447,BASELINE,NEW_DATA,22.7269,89.9261,33.2880
5448,BASELINE,NEW_DATA,22.7269,89.9261,33.2880
5449,BASELINE,NEW_DATA,22.7269,89.9261,33.2880
5450,BASELINE,NEW_DATA,22.7269,89.9261,33.2880
5451,BASELINE,NEW_DATA,22.7269,89.9261,33.2880
5452,BASELINE,NEW_DATA,22.7269,89.9261,33.2880
5453,BASELINE,NEW_DATA,22.7269,89.9371,34.1793
5454,BASELINE,NEW_DATA,22.7269,89.9371,34.1793
5455,BASELINE,NEW_DATA,22.7269,89.9371,34.1793
5456,BASELINE,NEW_DATA,22.7269,89.9371,34.1793
5457,BASELINE,NEW_DATA,22.7269,89.9371,34.1793
5458,BASELINE,NEW_DATA,22.7269,89.9371,34.1793
5459,BASELINE,NEW_DATA,22.7269,89.9371,34.1793
5460,BASELINE,NEW_DATA,22.7269,89.9371,34.1793
5461,BASELINE,NEW_DATA,22.7269,89.9371,34.1793
5462,BASELINE,NEW_DATA,22.7269,89.9371,34.1793
5463,BASELINE,NEW_DATA,22.7269,89.9371,34.1793
5464,BASELINE,NEW_DATA,22.7269,89.9371,34.1793
5465,BASELINE,NEW_DATA,22.7269,89.9371,34.1793
5466,BASELINE,NEW_DATA,22.7269,89.9371,34.1793
5467,BASELINE,NEW_DATA,22.7269,89.9371,34.1793
5468,BASELINE,NEW_DATA,22.7269,89.9371,34.1793
5469,BASELINE,NEW_DATA,22.7269,89.9371,34.1793
5470,BASELINE,NEW_DATA,22.7269,89.9371,34.1793
5471,BASELINE,NEW_DATA,22.7269,89.9371,34.1793
5472,BASELINE,NEW_DATA,22.7269,89.9371,34.1793
5473,BASELINE,NEW_DATA,22.7269,89.9371,34.1793
5474,BASELINE,NEW_DATA,22.7269,89.9371,34.1793
5475,BASELINE,NEW_DATA,22.7269,89.9371,34.1793
5476,BASELINE,NEW_DATA,22.7269,89.9371,34.1793
5477,BASELINE,NEW_DATA,22.7269,89.7410,34.2900
5478,BASELINE,NEW_DATA,22.7269,89.7410,34.2900
5479,BASELINE,NEW_DATA,22.7269,89.7410,34.2900
5480,BASELINE,NEW_DATA,22.7269,89.7410,34.2900
5481,BASELINE,NEW_DATA,22.7269,89.7410,34.2900
5482,BASELINE,NEW_DATA,22.7269,89.7410,34.2900
5483,BASELINE,NEW_DATA,22.7269,89.7410,34.2900
5484,BASELINE,NEW_DATA,22.7269,89.7410,34.2900
5485,BASELINE,NEW_DATA,22.7269,89.7410,34.2900
5486,BASELINE,NEW_DATA,22.7269,89.7410,34.2900
5487,BASELINE,NEW_DATA,22.7269,89.7410,34.2900
5488,BASELINE,NEW_DATA,22.7269,89.7410,34.2900
5489,BASELINE,NEW_DATA,22.7269,89.7410,34.2900
5490,BASELINE,NEW_DATA,22.7269,89.7410,34.2900
5491,BASELINE,NEW_DATA,22.7269,89.7410,34.2900
5492,BASELINE,NEW_DATA,22.7269,89.7410,34.2900
5493,BASELINE,NEW_DATA,22.7269,89.7410,34.2900
5494,BASELINE,NEW_DATA,22.7269,89.7410,34.2900
5495,BASELINE,NEW_DATA,22.7269,89.7410,34.2900
5496,BASELINE,NEW_DATA,22.7269,89.7410,34.2900
5497,BASELINE,NEW_DATA,22.7269,89.7410,34.2900
5498,BASELINE,NEW_DATA,22.7269,89.7410,34.2900
5499,BASELINE,NEW_DATA,22.7269,89.7410,34.2900
5500,BASELINE,NEW_DATA,22.7269,89.7410,34.2900
5501,BASELINE,NEW_DATA,22.7269,89.9293,34.4824
5502,BASELINE,NEW_DATA,22.7269,89.9293,34.4824
5503,BASELINE,NEW_DATA,22.7269,89.9293,34.4824
5504,BASELINE,NEW_DATA,22.7269,89.9293,34.4824
5505,BASELINE,NEW_DATA,22.7269,89.9293,34.4824
5506,BASELINE,NEW_DATA,22.7269,89.9293,34.4824
5507,BASELINE,NEW_DATA,22.7269,89.9293,34.4824
5508,BASELINE,NEW_DATA,22.7269,89.9293,34.4824
5509,BASELINE,NEW_DATA,22.7269,89.9293,34.4824
5510,BASELINE,NEW_DATA,22.7269,89.9293,34.4824
5511,BASELINE,NEW_DATA,22.7269,89.9293,34.4824
5512,BASELINE,NEW_DATA,22.7269,89.9293,34.4824
5513,BASELINE,NEW_DATA,22.7269,89.9293,34.4824
5514,BASELINE,NEW_DATA,22.7269,89.9293,34.4824
5515,BASELINE,NEW_DATA,22.7269,89.9293,34.4824
5516,BASELINE,NEW_DATA,22.7269,89.9293,34.4824
5517,BASELINE,NEW_DATA,22.7269,89.9293,34.4824
5518,BASELINE,NEW_DATA,22.7269,89.9293,34.4824
5519,BASELINE,NEW_DATA,22.7269,89.9293,34.4824
5520,BASELINE,NEW_DATA,22.7269,89.9293,34.4824
5521,BASELINE,NEW_DATA,22.7269,89.9293,34.4824
5522,BASELINE,NEW_DATA,22.7269,89.9293,34.4824
5523,BASELINE,NEW_DATA,22.7269,89.9293,34.4824
5524,BASELINE,NEW_DATA,22.7269,89.9293,34.4824
5525,BASELINE,NEW_DATA,22.7269,89.9293,34.4824
5526,BASELINE,NEW_DATA,22.7269,89.8699,34.6035
5527,BASELINE,NEW_DATA,22.7269,89.8699,34.6035
5528,BASELINE,NEW_DATA,22.7269,89.8699,34.6035
5529,BASELINE,NEW_DATA,22.7269,89.8699,34.6035
5530,BASELINE,NEW_DATA,22.7269,89.8699,34.6035
5531,BASELINE,NEW_DATA,22.7269,89.8699,34.6035
5532,BASELINE,NEW_DATA,22.7269,89.8699,34.6035
5533,BASELINE,NEW_DATA,22.7269,89.8699,34.6035
5534,BASELINE,NEW_DATA,22.7269,89.8699,34.6035
5535,BASELINE,NEW_DATA,22.7269,89.8699,34.6035
5536,BASELINE,NEW_DATA,22.7269,89.8699,34.6035
5537,BASELINE,NEW_DATA,22.7269,89.8699,34.6035
5538,BASELINE,NEW_DATA,22.7269,89.8699,34.6035
5539,BASELINE,NEW_DATA,22.7269,89.8699,34.6035
5540,BASELINE,NEW_DATA,22.7269,89.8699,34.6035
5541,BASELINE,NEW_DATA,22.7269,89.8699,34.6035
5542,BASELINE,NEW_DATA,22.7269,89.8699,34.6035
5543,BASELINE,NEW_DATA,22.7269,89.8699,34.6035
5544,BASELINE,NEW_DATA,22.7269,89.8699,34.6035
5545,BASELINE,NEW_DATA,22.7269,89.8699,34.6035
5546,BASELINE,NEW_DATA,22.7269,89.8699,34.6035
5547,BASELINE,NEW_DATA,22.7269,89.8699,34.6035
5548,BASELINE,NEW_DATA,22.7269,89.8699,34.6035
5549,BASELINE,NEW_DATA,22.7269,89.8699,34.6035
5550,BASELINE,NEW_DATA,22.7269,89.6530,34.6546
5551,BASELINE,NEW_DATA,22.7269,89.6530,34.6546
5552,BASELINE,NEW_DATA,22.7269,89.6530,34.6546
5553,BASELINE,NEW_DATA,22.7269,89.6530,34.6546
5554,BASELINE,NEW_DATA,22.7269,89.6530,34.6546
5555,BASELINE,NEW_DATA,22.7269,89.6530,34.6546
5556,BASELINE,NEW_DATA,22.7269,89.6530,34.6546
5557,BASELINE,NEW_DATA,22.7269,89.6530,34.6546
5558,BASELINE,NEW_DATA,22.7269,89.6530,34.6546
5559,BASELINE,NEW_DATA,22.7269,89.6530,34.6546
5560,BASELINE,NEW_DATA,22.7269,89.6530,34.6546
5561,BASELINE,NEW_DATA,22.7269,89.6530,34.6546
5562,BASELINE,NEW_DATA,22.7269,89.6530,34.6546
5563,BASELINE,NEW_DATA,22.7269,89.6530,34.6546
5564,BASELINE,NEW_DATA,22.7269,89.6530,34.6546
5565,BASELINE,NEW_DATA,22.7269,89.6530,34.6546
5566,BASELINE,NEW_DATA,22.7269,89.6530,34.6546
5567,BASELINE,NEW_DATA,22.7269,89.6530,34.6546
5568,BASELINE,NEW_DATA,22.7269,89.6530,34.6546
5569,BASELINE,NEW_DATA,22.7269,89.6530,34.6546
5570,BASELINE,NEW_DATA,22.7269,89.6530,34.6546
5571,BASELINE,NEW_DATA,22.7269,89.6530,34.6546
5572,BASELINE,NEW_DATA,22.7269,89.6530,34.6546
5573,BASELINE,NEW_DATA,22.7269,89.6530,34.6546
5574,BASELINE,NEW_DATA,22.7269,89.8367,34.8540
5575,BASELINE,NEW_DATA,22.7269,89.8367,34.8540
5576,BASELINE,NEW_DATA,22.7269,89.8367,34.8540
5577,BASELINE,NEW_DATA,22.7269,89.8367,34.8540
5578,BASELINE,NEW_DATA,22.7269,89.8367,34.8540
5579,BASELINE,NEW_DATA,22.7269,89.8367,34.8540
5580,BASELINE,NEW_DATA,22.7269,89.8367,34.8540
5581,BASELINE,NEW_DATA,22.7269,89.8367,34.8540
5582,BASELINE,NEW_DATA,22.7269,89.8367,34.8540
5583,BASELINE,NEW_DATA,22.7269,89.8367,34.8540
5584,BASELINE,NEW_DATA,22.7269,89.8367,34.8540
5585,BASELINE,NEW_DATA,22.7269,89.8367,34.8540
5586,BASELINE,NEW_DATA,22.7269,89.8367,34.8540
5587,BASELINE,NEW_DATA,22.7269,89.8367,34.8540
5588,BASELINE,NEW_DATA,22.7269,89.8367,34.8540
5589,BASELINE,NEW_DATA,22.7269,89.8367,34.8540
5590,BASELINE,NEW_DATA,22.7269,89.8367,34.8540
5591,BASELINE,NEW_DATA,22.7269,89.8367,34.8540
5592,BASELINE,NEW_DATA,22.7269,89.8367,34.8540
5593,BASELINE,NEW_DATA,22.7269,89.8367,34.8540
5594,BASELINE,NEW_DATA,22.7269,89.8367,34.8540
5595,BASELINE,NEW_DATA,22.7269,89.8367,34.8540
5596,BASELINE,NEW_DATA,22.7269,89.8367,34.8540
5597,BASELINE,NEW_DATA,22.7269,89.8367,34.8540
5598,BASELINE,NEW_DATA,22.7269,89.7446,34.6732
5599,BASELINE,NEW_DATA,22.7269,89.7446,34.6732
5600,BASELINE,NEW_DATA,22.7269,89.7446,34.6732
5601,BASELINE,NEW_DATA,22.7269,89.7446,34.6732
5602,BASELINE,NEW_DATA,22.7269,89.7446,34.6732
5603,BASELINE,NEW_DATA,22.7269,89.7446,34.6732
5604,BASELINE,NEW_DATA,22.7269,89.7446,34.6732
5605,BASELINE,NEW_DATA,22.7269,89.7446,34.6732
5606,BASELINE,NEW_DATA,22.7269,89.7446,34.6732
5607,BASELINE,NEW_DATA,22.7269,89.7446,34.6732
5608,BASELINE,NEW_DATA,22.7269,89.7446,34.6732
5609,BASELINE,NEW_DATA,22.7269,89.7446,34.6732
5610,BASELINE,NEW_DATA,22.7269,89.7446,34.6732
5611,BASELINE,NEW_DATA,22.7269,89.7446,34.6732
5612,BASELINE,NEW_DATA,22.7269,89.7446,34.6732
5613,BASELINE,NEW_DATA,22.7269,89.7446,34.6732
5614,BASELINE,NEW_DATA,22.7269,89.7446,34.6732
5615,BASELINE,NEW_DATA,22.7269,89.7446,34.6732
5616,BASELINE,NEW_DATA,22.7269,89.7446,34.6732
5617,BASELINE,NEW_DATA,22.7269,89.7446,34.6732
5618,BASELINE,NEW_DATA,22.7269,89.7446,34.6732
5619,BASELINE,NEW_DATA,22.7269,89.7446,34.6732
5620,BASELINE,NEW_DATA,22.7269,89.7446,34.6732
5621,BASELINE,NEW_DATA,22.7269,89.7446,34.6732
5622,BASELINE,NEW_DATA,22.7269,89.7446,34.6732
5623,BASELINE,NEW_DATA,22.7269,89.6331,34.6732
5624,BASELINE,NEW_DATA,22.7269,89.6331,34.6732
5625,BASELINE,NEW_DATA,22.7269,89.6331,34.6732
5626,BASELINE,NEW_DATA,22.7269,89.6331,34.6732
5627,BASELINE,NEW_DATA,22.7269,89.6331,34.6732
5628,BASELINE,NEW_DATA,22.7269,89.6331,34.6732
5629,BASELINE,NEW_DATA,22.7269,89.6331,34.6732
5630,BASELINE,NEW_DATA,22.7269,89.6331,34.6732
5631,BASELINE,NEW_DATA,22.7269,89.6331,34.6732
5632,BASELINE,NEW_DATA,22.7269,89.6331,34.6732
5633,BASELINE,NEW_DATA,22.7269,89.6331,34.6732
5634,BASELINE,NEW_DATA,22.7269,89.6331,34.6732
5635,BASELINE,NEW_DATA,22.7269,89.6331,34.6732
5636,BASELINE,NEW_DATA,22.7269,89.6331,34.6732
5637,BASELINE,NEW_DATA,22.7269,89.6331,34.6732
5638,BASELINE,NEW_DATA,22.7269,89.6331,34.6732
5639,BASELINE,NEW_DATA,22.7269,89.6331,34.6732
5640,BASELINE,NEW_DATA,22.7269,89.6331,34.6732
5641,BASELINE,NEW_DATA,22.7269,89.6331,34.6732
5642,BASELINE,NEW_DATA,22.7269,89.6331,34.6732
5643,BASELINE,NEW_DATA,22.7269,89.6331,34.6732
5644,BASELINE,NEW_DATA,22.7269,89.6331,34.6732
5645,BASELINE,NEW_DATA,22.7269,89.6331,34.6732
5646,BASELINE,NEW_DATA,22.7269,89.6331,34.6732
5647,BASELINE,NEW_DATA,22.7269,89.6331,34.8700
5648,BASELINE,NEW_DATA,22.7269,89.6331,34.8700
5649,BASELINE,NEW_DATA,22.7269,89.6331,34.8700
5650,BASELINE,NEW_DATA,22.7269,89.6331,34.8700
5651,BASELINE,NEW_DATA,22.7269,89.6331,34.8700
5652,BASELINE,NEW_DATA,22.7269,89.6331,34.8700
5653,BASELINE,NEW_DATA,22.7269,89.6331,34.8700
5654,BASELINE,NEW_DATA,22.7269,89.6331,34.8700
5655,BASELINE,NEW_DATA,22.7269,89.6331,34.8700
5656,BASELINE,NEW_DATA,22.7269,89.6331,34.8700
5657,BASELINE,NEW_DATA,22.7269,89.6331,34.8700
5658,BASELINE,NEW_DATA,22.7269,89.6331,34.8700
5659,BASELINE,NEW_DATA,22.7269,89.6331,34.8700
5660,BASELINE,NEW_DATA,22.7269,89.6331,34.8700
5661,BASELINE,NEW_DATA,22.7269,89.6331,34.8700
5662,BASELINE,NEW_DATA,22.7269,89.6331,34.8700
5663,BASELINE,NEW_DATA,22.7269,89.6331,34.8700
5664,BASELINE,NEW_DATA,22.7269,89.6331,34.8700
5665,BASELINE,NEW_DATA,22.7269,89.6331,34.8700
5666,BASELINE,NEW_DATA,22.7269,89.6331,34.8700
5667,BASELINE,NEW_DATA,22.7269,89.6331,34.8700
5668,BASELINE,NEW_DATA,22.7269,89.6331,34.8700
5669,BASELINE,NEW_DATA,22.7269,89.6331,34.8700
5670,BASELINE,NEW_DATA,22.7269,89.6331,34.8700
5671,BASELINE,NEW_DATA,22.7269,89.4762,34.7754
5672,BASELINE,NEW_DATA,22.7269,89.4762,34.7754
5673,BASELINE,NEW_DATA,22.7269,89.4762,34.7754
5674,BASELINE,NEW_DATA,22.7269,89.4762,34.7754
5675,BASELINE,NEW_DATA,22.7269,89.4762,34.7754
5676,BASELINE,NEW_DATA,22.7269,89.4762,34.7754
5677,BASELINE,NEW_DATA,22.7269,89.4762,34.7754
5678,BASELINE,NEW_DATA,22.7269,89.4762,34.7754
5679,BASELINE,NEW_DATA,22.7269,89.4762,34.7754
5680,BASELINE,NEW_DATA,22.7269,89.4762,34.7754
5681,BASELINE,NEW_DATA,22.7269,89.4762,34.7754
5682,BASELINE,NEW_DATA,22.7269,89.4762,34.7754
5683,BASELINE,NEW_DATA,22.7269,89.4762,34.7754
5684,BASELINE,NEW_DATA,22.7269,89.4762,34.7754
5685,BASELINE,NEW_DATA,22.7269,89.4762,34.7754
5686,BASELINE,NEW_DATA,22.7269,89.4762,34.7754
5687,BASELINE,NEW_DATA,22.7269,89.4762,34.7754
5688,BASELINE,NEW_DATA,22.7269,89.4762,34.7754
5689,BASELINE,NEW_DATA,22.7269,89.4762,34.7754
5690,BASELINE,NEW_DATA,22.7269,89.4762,34.7754
5691,BASELINE,NEW_DATA,22.7269,89.4762,34.7754
5692,BASELINE,NEW_DATA,22.7269,89.4762,34.7754
5693,BASELINE,NEW_DATA,22.7269,89.4762,34.7754
5694,BASELINE,NEW_DATA,22.7269,89.4762,34.7754
5695,BASELINE,NEW_DATA,22.7269,89.3420,34.3608
5696,BASELINE,NEW_DATA,22.7269,89.3420,34.3608
5697,BASELINE,NEW_DATA,22.7269,89.3420,34.3608
5698,BASELINE,NEW_DATA,22.7269,89.3420,34.3608
5699,BASELINE,NEW_DATA,22.7269,89.3420,34.3608
5700,BASELINE,NEW_DATA,22.7269,89.3420,34.3608
5701,BASELINE,NEW_DATA,22.7269,89.3420,34.3608
5702,BASELINE,NEW_DATA,22.7269,89.3420,34.3608
5703,BASELINE,NEW_DATA,22.7269,89.3420,34.3608
5704,BASELINE,NEW_DATA,22.7269,89.3420,34.3608
5705,BASELINE,NEW_DATA,22.7269,89.3420,34.3608
5706,BASELINE,NEW_DATA,22.7269,89.3420,34.3608
5707,BASELINE,NEW_DATA,22.7269,89.3420,34.3608
5708,BASELINE,NEW_DATA,22.7269,89.3420,34.3608
5709,BASELINE,NEW_DATA,22.7269,89.3420,34.3608
5710,BASELINE,NEW_DATA,22.7269,89.3420,34.3608
5711,BASELINE,NEW_DATA,22.7269,89.3420,34.3608
5712,BASELINE,NEW_DATA,22.7269,89.3420,34.3608
5713,BASELINE,NEW_DATA,22.7269,89.3420,34.3608
5714,BASELINE,NEW_DATA,22.7269,89.3420,34.3608
5715,BASELINE,NEW_DATA,22.7269,89.3420,34.3608
5716,BASELINE,NEW_DATA,22.7269,89.3420,34.3608
5717,BASELINE,NEW_DATA,22.7269,89.3420,34.3608
5718,BASELINE,NEW_DATA,22.7269,89.3420,34.3608
5719,BASELINE,NEW_DATA,22.7269,89.3420,34.3608
5720,BASELINE,NEW_DATA,22.7269,89.2970,34.2300
5721,BASELINE,NEW_DATA,22.7269,89.2970,34.2300
5722,BASELINE,NEW_DATA,22.7269,89.2970,34.2300
5723,BASELINE,NEW_DATA,22.7269,89.2970,34.2300
5724,BASELINE,NEW_DATA,22.7269,89.2970,34.2300
5725,BASELINE,NEW_DATA,22.7269,89.2970,34.2300
5726,BASELINE,NEW_DATA,22.7269,89.2970,34.2300
5727,BASELINE,NEW_DATA,22.7269,89.2970,34.2300
5728,BASELINE,NEW_DATA,22.7269,89.2970,34.2300
5729,BASELINE,NEW_DATA,22.7269,89.2970,34.2300
5730,BASELINE,NEW_DATA,22.7269,89.2970,34.2300
5731,BASELINE,NEW_DATA,22.7269,89.2970,34.2300
5732,BASELINE,NEW_DATA,22.7269,89.2970,34.2300
5733,BASELINE,NEW_DATA,22.7269,89.2970,34.2300
5734,BASELINE,NEW_DATA,22.7269,89.2970,34.2300
5735,BASELINE,NEW_DATA,22.7269,89.2970,34.2300
5736,BASELINE,NEW_DATA,22.7269,89.2970,34.2300
5737,BASELINE,NEW_DATA,22.7269,89.2970,34.2300
5738,BASELINE,NEW_DATA,22.7269,89.2970,34.2300
5739,BASELINE,NEW_DATA,22.7269,89.2970,34.2300
5740,BASELINE,NEW_DATA,22.7269,89.2970,34.2300
5741,BASELINE,NEW_DATA,22.7269,89.2970,34.2300
5742,BASELINE,NEW_DATA,22.7269,89.2970,34.2300
5743,BASELINE,NEW_DATA,22.7269,89.2970,34.2300
5744,BASELINE,NEW_DATA,22.7269,89.1759,34.3953
5745,BASELINE,NEW_DATA,22.7269,89.1759,34.3953
5746,BASELINE,NEW_DATA,22.7269,89.1759,34.3953
5747,BASELINE,NEW_DATA,22.7269,89.1759,34.3953
5748,BASELINE,NEW_DATA,22.7269,89.1759,34.3953
5749,BASELINE,NEW_DATA,22.7269,89.1759,34.3953
5750,BASELINE,NEW_DATA,22.7269,89.1759,34.3953
5751,BASELINE,NEW_DATA,22.7269,89.1759,34.3953
5752,BASELINE,NEW_DATA,22.7269,89.1759,34.3953
5753,BASELINE,NEW_DATA,22.7269,89.1759,34.3953
5754,BASELINE,NEW_DATA,22.7269,89.1759,34.3953
5755,BASELINE,NEW_DATA,22.7269,89.1759,34.3953
5756,BASELINE,NEW_DATA,22.7269,89.1759,34.3953
5757,BASELINE,NEW_DATA,22.7269,89.1759,34.3953
5758,BASELINE,NEW_DATA,22.7269,89.1759,34.3953
5759,BASELINE,NEW_DATA,22.7269,89.1759,34.3953
5760,BASELINE,NEW_DATA,22.7269,89.1759,34.3953
5761,BASELINE,NEW_DATA,22.7269,89.1759,34.3953
5762,BASELINE,NEW_DATA,22.7269,89.1759,34.3953
5763,BASELINE,NEW_DATA,22.7269,89.1759,34.3953
5764,BASELINE,NEW_DATA,22.7269,89.1759,34.3953
5765,BASELINE,NEW_DATA,22.7269,89.1759,34.3953
5766,BASELINE,NEW_DATA,22.7269,89.1759,34.3953
5767,BASELINE,NEW_DATA,22.7269,89.1759,34.3953
5768,BASELINE,NEW_DATA,22.7269,89.0173,34.3581
5769,BASELINE,NEW_DATA,22.7269,89.0173,34.3581
5770,BASELINE,NEW_DATA,22.7269,89.0173,34.3581
5771,BASELINE,NEW_DATA,22.7269,89.0173,34.3581
5772,BASELINE,NEW_DATA,22.7269,89.0173,34.3581
5773,BASELINE,NEW_DATA,22.7269,89.0173,34.3581
5774,BASELINE,NEW_DATA,22.7269,89.0173,34.3581
5775,BASELINE,NEW_DATA,22.7269,89.0173,34.3581
5776,BASELINE,NEW_DATA,22.7269,89.0173,34.3581
5777,BASELINE,NEW_DATA,22.7269,89.0173,34.3581
5778,BASELINE,NEW_DATA,22.7269,89.0173,34.3581
5779,BASELINE,NEW_DATA,22.7269,89.0173,34.3581
5780,BASELINE,NEW_DATA,22.7269,89.0173,34.3581
5781,BASELINE,NEW_DATA,22.7269,89.0173,34.3581
5782,BASELINE,NEW_DATA,22.7269,89.0173,34.3581
5783,BASELINE,NEW_DATA,22.7269,89.0173,34.3581
5784,BASELINE,NEW_DATA,22.7269,89.0173,34.3581
5785,BASELINE,NEW_DATA,22.7269,89.0173,34.3581
5786,BASELINE,NEW_DATA,22.7269,89.0173,34.3581
5787,BASELINE,NEW_DATA,22.7269,89.0173,34.3581
5788,BASELINE,NEW_DATA,22.7269,89.0173,34.3581
5789,BASELINE,NEW_DATA,22.7269,89.0173,34.3581
5790,BASELINE,NEW_DATA,22.7269,89.0173,34.3581
5791,BASELINE,NEW_DATA,22.7269,89.0173,34.3581
5792,BASELINE,NEW_DATA,22.7269,89.0173,34.3581
5793,BASELINE,NEW_DATA,22.7269,88.8545,34.3931
5794,BASELINE,NEW_DATA,22.7269,88.8545,34.3931
5795,BASELINE,NEW_DATA,22.7269,88.8545,34.3931
5796,BASELINE,NEW_DATA,22.7269,88.8545,34.3931
5797,BASELINE,NEW_DATA,22.7269,88.8545,34.3931
5798,BASELINE,NEW_DATA,22.7269,88.8545,34.3931
5799,BASELINE,NEW_DATA,22.7269,88.8545,34.3931
5800,BASELINE,NEW_DATA,22.7269,88.8545,34.3931
5801,BASELINE,NEW_DATA,22.7269,88.8545,34.3931
5802,BASELINE,NEW_DATA,22.7269,88.8545,34.3931
5803,BASELINE,NEW_DATA,22.7269,88.8545,34.3931
5804,BASELINE,NEW_DATA,22.7269,88.8545,34.3931
5805,BASELINE,NEW_DATA,22.7269,88.8545,34.3931
5806,BASELINE,NEW_DATA,22.7269,88.8545,34.3931
5807,BASELINE,NEW_DATA,22.7269,88.8545,34.3931
5808,BASELINE,NEW_DATA,22.7269,88.8545,34.3931
5809,BASELINE,NEW_DATA,22.7269,88.8545,34.3931
5810,BASELINE,NEW_DATA,22.7269,88.8545,34.3931
5811,BASELINE,NEW_DATA,22.7269,88.8545,34.3931
5812,BASELINE,NEW_DATA,22.7269,88.8545,34.3931
5813,BASELINE,NEW_DATA,22.7269,88.8545,34.3931
5814,BASELINE,NEW_DATA,22.7269,88.8545,34.3931
5815,BASELINE,NEW_DATA,22.7269,88.8545,34.3931
5816,BASELINE,NEW_DATA,22.7269,88.8545,34.3931
5817,BASELINE,NEW_DATA,22.7269,88.7303,34.4147
5818,BASELINE,NEW_DATA,22.7269,88.7303,34.4147
5819,BASELINE,NEW_DATA,22.7269,88.7303,34.4147
5820,BASELINE,NEW_DATA,22.7269,88.7303,34.4147
5821,BASELINE,NEW_DATA,22.7269,88.7303,34.4147
5822,BASELINE,NEW_DATA,22.7269,88.7303,34.4147
5823,BASELINE,NEW_DATA,22.7269,88.7303,34.4147
5824,BASELINE,NEW_DATA,22.7269,88.7303,34.4147
5825,BASELINE,NEW_DATA,22.7269,88.7303,34.4147
5826,BASELINE,NEW_DATA,22.7269,88.7303,34.4147
5827,BASELINE,NEW_DATA,22.7269,88.7303,34.4147
5828,BASELINE,NEW_DATA,22.7269,88.7303,34.4147
5829,BASELINE,NEW_DATA,22.7269,88.7303,34.4147
5830,BASELINE,NEW_DATA,22.7269,88.7303,34.4147
5831,BASELINE,NEW_DATA,22.7269,88.7303,34.4147
5832,BASELINE,NEW_DATA,22.7269,88.7303,34.4147
5833,BASELINE,NEW_DATA,22.7269,88.7303,34.4147
5834,BASELINE,NEW_DATA,22.7269,88.7303,34.4147
5835,BASELINE,NEW_DATA,22.7269,88.7303,34.4147
5836,BASELINE,NEW_DATA,22.7269,88.7303,34.4147
5837,BASELINE,NEW_DATA,22.7269,88.7303,34.4147
5838,BASELINE,NEW_DATA,22.7269,88.7303,34.4147
5839,BASELINE,NEW_DATA,22.7269,88.7303,34.4147
5840,BASELINE,NEW_DATA,22.7269,88.7303,34.4147
5841,BASELINE,NEW_DATA,22.7269,88.7303,34.6166
5842,BASELINE,NEW_DATA,22.7269,88.7303,34.6166
5843,BASELINE,NEW_DATA,22.7269,88.7303,34.6166
5844,BASELINE,NEW_DATA,22.7269,88.7303,34.6166
5845,BASELINE,NEW_DATA,22.7269,88.7303,34.6166
5846,BASELINE,NEW_DATA,22.7269,88.7303,34.6166
5847,BASELINE,NEW_DATA,22.7269,88.7303,34.6166
5848,BASELINE,NEW_DATA,22.7269,88.7303,34.6166
5849,BASELINE,NEW_DATA,22.7269,88.7303,34.6166
5850,BASELINE,NEW_DATA,22.7269,88.7303,34.6166
5851,BASELINE,NEW_DATA,22.7269,88.7303,34.6166
5852,BASELINE,NEW_DATA,22.7269,88.7303,34.6166
5853,BASELINE,NEW_DATA,22.7269,88.7303,34.6166
5854,BASELINE,NEW_DATA,22.7269,88.7303,34.6166
5855,BASELINE,NEW_DATA,22.7269,88.7303,34.6166
5856,BASELINE,NEW_DATA,22.7269,88.7303,34.6166
5857,BASELINE,NEW_DATA,22.7269,88.7303,34.6166
5858,BASELINE,NEW_DATA,22.7269,88.7303,34.6166
5859,BASELINE,NEW_DATA,22.7269,88.7303,34.6166
5860,BASELINE,NEW_DATA,22.7269,88.7303,34.6166
5861,BASELINE,NEW_DATA,22.7269,88.7303,34.6166
5862,BASELINE,NEW_DATA,22.7269,88.7303,34.6166
5863,BASELINE,NEW_DATA,22.7269,88.7303,34.6166
5864,BASELINE,NEW_DATA,22.7269,88.7303,34.6166
5865,BASELINE,NEW_DATA,22.7269,88.7411,34.8009
5866,BASELINE,NEW_DATA,22.7269,88.7411,34.8009
5867,BASELINE,NEW_DATA,22.7269,88.7411,34.8009
5868,BASELINE,NEW_DATA,22.7269,88.7411,34.8009
5869,BASELINE,NEW_DATA,22.7269,88.7411,34.8009
5870,BASELINE,NEW_DATA,22.7269,88.7411,34.8009
5871,BASELINE,NEW_DATA,22.7269,88.7411,34.8009
5872,BASELINE,NEW_DATA,22.7269,88.7411,34.8009
5873,BASELINE,NEW_DATA,22.7269,88.7411,34.8009
5874,BASELINE,NEW_DATA,22.7269,88.7411,34.8009
5875,BASELINE,NEW_DATA,22.7269,88.7411,34.8009
5876,BASELINE,NEW_DATA,22.7269,88.7411,34.8009
5877,BASELINE,NEW_DATA,22.7269,88.7411,34.8009
5878,BASELINE,NEW_DATA,22.7269,88.7411,34.8009
5879,BASELINE,NEW_DATA,22.7269,88.7411,34.8009
5880,BASELINE,NEW_DATA,22.7269,88.7411,34.8009
5881,BASELINE,NEW_DATA,22.7269,88.7411,34.8009
5882,BASELINE,NEW_DATA,22.7269,88.7411,34.8009
5883,BASELINE,NEW_DATA,22.7269,88.7411,34.8009
5884,BASELINE,NEW_DATA,22.7269,88.7411,34.8009
5885,BASELINE,NEW_DATA,22.7269,88.7411,34.8009
5886,BASELINE,NEW_DATA,22.7269,88.7411,34.8009
5887,BASELINE,NEW_DATA,22.7269,88.7411,34.8009
5888,BASELINE,NEW_DATA,22.7269,88.7411,34.8009
5889,BASELINE,NEW_DATA,22.7269,88.7695,34.5982
5890,BASELINE,NEW_DATA,22.7269,88.7695,34.5982
5891,BASELINE,NEW_DATA,22.7269,88.7695,34.5982
5892,BASELINE,NEW_DATA,22.7269,88.7695,34.5982
5893,BASELINE,NEW_DATA,22.7269,88.7695,34.5982
5894,BASELINE,NEW_DATA,22.7269,88.7695,34.5982
5895,BASELINE,NEW_DATA,22.7269,88.7695,34.5982
5896,BASELINE,NEW_DATA,22.7269,88.7695,34.5982
5897,BASELINE,NEW_DATA,22.7269,88.7695,34.5982
5898,BASELINE,NEW_DATA,22.7269,88.7695,34.5982
5899,BASELINE,NEW_DATA,22.7269,88.7695,34.5982
5900,BASELINE,NEW_DATA,22.7269,88.7695,34.5982
5901,BASELINE,NEW_DATA,22.7269,88.7695,34.5982
5902,BASELINE,NEW_DATA,22.7269,88.7695,34.5982
5903,BASELINE,NEW_DATA,22.7269,88.7695,34.5982
5904,BASELINE,NEW_DATA,22.7269,88.7695,34.5982
5905,BASELINE,NEW_DATA,22.7269,88.7695,34.5982
5906,BASELINE,NEW_DATA,22.7269,88.7695,34.5982
5907,BASELINE,NEW_DATA,22.7269,88.7695,34.5982
5908,BASELINE,NEW_DATA,22.7269,88.7695,34.5982
5909,BASELINE,NEW_DATA,22.7269,88.7695,34.5982
5910,BASELINE,NEW_DATA,22.7269,88.7695,34.5982
5911,BASELINE,NEW_DATA,22.7269,88.7695,34.5982
5912,BASELINE,NEW_DATA,22.7269,88.7695,34.5982
5913,BASELINE,NEW_DATA,22.7269,88.7695,34.5982
5914,BASELINE,NEW_DATA,22.7269,88.5942,34.9352
5915,BASELINE,NEW_DATA,22.7269,88.5942,34.9352
5916,BASELINE,NEW_DATA,22.7269,88.5942,34.9352
5917,BASELINE,NEW_DATA,22.7269,88.5942,34.9352
5918,BASELINE,NEW_DATA,22.7269,88.5942,34.9352
5919,BASELINE,NEW_DATA,22.7269,88.5942,34.9352
5920,BASELINE,NEW_DATA,22.7269,88.5942,34.9352
5921,BASELINE,NEW_DATA,22.7269,88.5942,34.9352
5922,BASELINE,NEW_DATA,22.7269,88.5942,34.9352
5923,BASELINE,NEW_DATA,22.7269,88.5942,34.9352
5924,BASELINE,NEW_DATA,22.7269,88.5942,34.9352
5925,BASELINE,NEW_DATA,22.7269,88.5942,34.9352
5926,BASELINE,NEW_DATA,22.7269,88.5942,34.9352
5927,BASELINE,NEW_DATA,22.7269,88.5942,34.9352
5928,BASELINE,NEW_DATA,22.7269,88.5942,34.9352
5929,BASELINE,NEW_DATA,22.7269,88.5942,34.9352
5930,BASELINE,NEW_DATA,22.7269,88.5942,34.9352
5931,BASELINE,NEW_DATA,22.7269,88.5942,34.9352
5932,BASELINE,NEW_DATA,22.7269,88.5942,34.9352
5933,BASELINE,NEW_DATA,22.7269,88.5942,34.9352
5934,BASELINE,NEW_DATA,22.7269,88.5942,34.9352
5935,BASELINE,NEW_DATA,22.7269,88.5942,34.9352
5936,BASELINE,NEW_DATA,22.7269,88.5942,34.9352
5937,BASELINE,NEW_DATA,22.7269,88.5942,34.9352
5938,BASELINE,NEW_DATA,22.7269,88.4141,34.9460
5939,BASELINE,NEW_DATA,22.7269,88.4141,34.9460
5940,BASELINE,NEW_DATA,22.7269,88.4141,34.9460
5941,BASELINE,NEW_DATA,22.7269,88.4141,34.9460
5942,BASELINE,NEW_DATA,22.7269,88.4141,34.9460
5943,BASELINE,NEW_DATA,22.7269,88.4141,34.9460
5944,BASELINE,NEW_DATA,22.7269,88.4141,34.9460
5945,BASELINE,NEW_DATA,22.7269,88.4141,34.9460
5946,BASELINE,NEW_DATA,22.7269,88.4141,34.9460
5947,BASELINE,NEW_DATA,22.7269,88.4141,34.9460
5948,BASELINE,NEW_DATA,22.7269,88.4141,34.9460
5949,BASELINE,NEW_DATA,22.7269,88.4141,34.9460
5950,BASELINE,NEW_DATA,22.7269,88.4141,34.9460
5951,BASELINE,NEW_DATA,22.7269,88.4141,34.9460
5952,BASELINE,NEW_DATA,22.7269,88.4141,34.9460
5953,BASELINE,NEW_DATA,22.7269,88.4141,34.9460
5954,BASELINE,NEW_DATA,22.7269,88.4141,34.9460
5955,BASELINE,NEW_DATA,22.7269,88.4141,34.9460
5956,BASELINE,NEW_DATA,22.7269,88.4141,34.9460
5957,BASELINE,NEW_DATA,22.7269,88.4141,34.9460
5958,BASELINE,NEW_DATA,22.7269,88.4141,34.9460
5959,BASELINE,NEW_DATA,22.7269,88.4141,34.9460
5960,BASELINE,NEW_DATA,22.7269,88.4141,34.9460
5961,BASELINE,NEW_DATA,22.7269,88.4141,34.9460
5962,BASELINE,NEW_DATA,22.7269,88.5385,34.6132
5963,BASELINE,NEW_DATA,22.7269,88.5385,34.6132
5964,BASELINE,NEW_DATA,22.7269,88.5385,34.6132
5965,BASELINE,NEW_DATA,22.7269,88.5385,34.6132
5966,BASELINE,NEW_DATA,22.7269,88.5385,34.6132
5967,BASELINE,NEW_DATA,22.7269,88.5385,34.6132
5968,BASELINE,NEW_DATA,22.7269,88.5385,34.6132
5969,BASELINE,NEW_DATA,22.7269,88.5385,34.6132
5970,BASELINE,NEW_DATA,22.7269,88.5385,34.6132
5971,BASELINE,NEW_DATA,22.7269,88.5385,34.6132
5972,BASELINE,NEW_DATA,22.7269,88.5385,34.6132
5973,BASELINE,NEW_DATA,22.7269,88.5385,34.6132
5974,BASELINE,NEW_DATA,22.7269,88.5385,34.6132
5975,BASELINE,NEW_DATA,22.7269,88.5385,34.6132
5976,BASELINE,NEW_DATA,22.7269,88.5385,34.6132
5977,BASELINE,NEW_DATA,22.7269,88.5385,34.6132
5978,BASELINE,NEW_DATA,22.7269,88.5385,34.6132
5979,BASELINE,NEW_DATA,22.7269,88.5385,34.6132
5980,BASELINE,NEW_DATA,22.7269,88.5385,34.6132
5981,BASELINE,NEW_DATA,22.7269,88.5385,34.6132
5982,BASELINE,NEW_DATA,22.7269,88.5385,34.6132
5983,BASELINE,NEW_DATA,22.7269,88.5385,34.6132
5984,BASELINE,NEW_DATA,22.7269,88.5385,34.6132
5985,BASELINE,NEW_DATA,22.7269,88.5385,34.6132
5986,BASELINE,NEW_DATA,22.7269,88.5385,34.6132
5987,BASELINE,NEW_DATA,22.7269,88.5216,34.6145
5988,BASELINE,NEW_DATA,22.7269,88.5216,34.6145
5989,BASELINE,NEW_DATA,22.7269,88.5216,34.6145
5990,BASELINE,NEW_DATA,22.7269,88.5216,34.6145
5991,BASELINE,NEW_DATA,22.7269,88.5216,34.6145
5992,BASELINE,NEW_DATA,22.7269,88.5216,34.6145
5993,BASELINE,NEW_DATA,22.7269,88.5216,34.6145
5994,BASELINE,NEW_DATA,22.7269,88.5216,34.6145
5995,BASELINE,NEW_DATA,22.7269,88.5216,34.6145
5996,BASELINE,NEW_DATA,22.7269,88.5216,34.6145
5997,BASELINE,NEW_DATA,22.7269,88.5216,34.6145
5998,BASELINE,NEW_DATA,22.7269,88.5216,34.6145
5999,BASELINE,NEW_DATA,22.7269,88.5216,34.6145
6000,BASELINE,NEW_DATA,22.7269,88.5216,34.6145
6001,BASELINE,NEW_DATA,22.7269,88.5216,34.6145
6002,BASELINE,NEW_DATA,22.7269,88.5216,34.6145
6003,BASELINE,NEW_DATA,22.7269,88.5216,34.6145
6004,BASELINE,NEW_DATA,22.7269,88.5216,34.6145
6005,BASELINE,NEW_DATA,22.7269,88.5216,34.6145
6006,BASELINE,NEW_DATA,22.7269,88.5216,34.6145
6007,BASELINE,NEW_DATA,22.7269,88.5216,34.6145
6008,BASELINE,NEW_DATA,22.7269,88.5216,34.6145
6009,BASELINE,NEW_DATA,22.7269,88.5216,34.6145
6010,BASELINE,NEW_DATA,22.7269,88.5216,34.6145
6011,BASELINE,NEW_DATA,22.7269,88.6654,34.0427
6012,BASELINE,NEW_DATA,22.7269,88.6654,34.0427
6013,BASELINE,NEW_DATA,22.7269,88.6654,34.0427
6014,BASELINE,NEW_DATA,22.7269,88.6654,34.0427
6015,BASELINE,NEW_DATA,22.7269,88.6654,34.0427
6016,BASELINE,NEW_DATA,22.7269,88.6654,34.0427
6017,BASELINE,NEW_DATA,22.7269,88.6654,34.0427
6018,BASELINE,NEW_DATA,22.7269,88.6654,34.0427
6019,BASELINE,NEW_DATA,22.7269,88.6654,34.0427
6020,BASELINE,NEW_DATA,22.7269,88.6654,34.0427
6021,BASELINE,NEW_DATA,22.7269,88.6654,34.0427
6022,BASELINE,NEW_DATA,22.7269,88.6654,34.0427
6023,BASELINE,NEW_DATA,22.7269,88.6654,34.0427
6024,BASELINE,NEW_DATA,22.7269,88.6654,34.0427
6025,BASELINE,NEW_DATA,22.7269,88.6654,34.0427
6026,BASELINE,NEW_DATA,22.7269,88.6654,34.0427
6027,BASELINE,NEW_DATA,22.7269,88.6654,34.0427
6028,BASELINE,NEW_DATA,22.7269,88.6654,34.0427
6029,BASELINE,NEW_DATA,22.7269,88.6654,34.0427
6030,BASELINE,NEW_DATA,22.7269,88.6654,34.0427
6031,BASELINE,NEW_DATA,22.7269,88.6654,34.0427
6032,BASELINE,NEW_DATA,22.7269,88.6654,34.0427
6033,BASELINE,NEW_DATA,22.7269,88.6654,34.0427
6034,BASELINE,NEW_DATA,22.7269,88.6654,34.0427
6035,BASELINE,NEW_DATA,22.7269,89.0390,33.9430
6036,BASELINE,NEW_DATA,22.7269,89.0390,33.9430
6037,BASELINE,NEW_DATA,22.7269,89.0390,33.9430
6038,BASELINE,NEW_DATA,22.7269,89.0390,33.9430
6039,BASELINE,NEW_DATA,22.7269,89.0390,33.9430
6040,BASELINE,NEW_DATA,22.7269,89.0390,33.9430
6041,BASELINE,NEW_DATA,22.7269,89.0390,33.9430
6042,BASELINE,NEW_DATA,22.7269,89.0390,33.9430
6043,BASELINE,NEW_DATA,22.7269,89.0390,33.9430
6044,BASELINE,NEW_DATA,22.7269,89.0390,33.9430
6045,BASELINE,NEW_DATA,22.7269,89.0390,33.9430
6046,BASELINE,NEW_DATA,22.7269,89.0390,33.9430
6047,BASELINE,NEW_DATA,22.7269,89.0390,33.9430
6048,BASELINE,NEW_DATA,22.7269,89.0390,33.9430
6049,BASELINE,NEW_DATA,22.7269,89.0390,33.9430
6050,BASELINE,NEW_DATA,22.7269,89.0390,33.9430
6051,BASELINE,NEW_DATA,22.7269,89.0390,33.9430
6052,BASELINE,NEW_DATA,22.7269,89.0390,33.9430
6053,BASELINE,NEW_DATA,22.7269,89.0390,33.9430
6054,BASELINE,NEW_DATA,22.7269,89.0390,33.9430
6055,BASELINE,NEW_DATA,22.7269,89.0390,33.9430
6056,BASELINE,NEW_DATA,22.7269,89.0390,33.9430
6057,BASELINE,NEW_DATA,22.7269,89.0390,33.9430
6058,BASELINE,NEW_DATA,22.7269,89.0390,33.9430
6059,BASELINE,NEW_DATA,22.7269,89.0390,33.9430
6060,BASELINE,NEW_DATA,22.7269,89.2546,33.8449
6061,BASELINE,NEW_DATA,22.7269,89.2546,33.8449
6062,BASELINE,NEW_DATA,22.7269,89.2546,33.8449
6063,BASELINE,NEW_DATA,22.7269,89.2546,33.8449
6064,BASELINE,NEW_DATA,22.7269,89.2546,33.8449
6065,BASELINE,NEW_DATA,22.7269,89.2546,33.8449
6066,BASELINE,NEW_DATA,22.7269,89.2546,33.8449
6067,BASELINE,NEW_DATA,22.7269,89.2546,33.8449
6068,BASELINE,NEW_DATA,22.7269,89.2546,33.8449
6069,BASELINE,NEW_DATA,22.7269,89.2546,33.8449
6070,BASELINE,NEW_DATA,22.7269,89.2546,33.8449
6071,BASELINE,NEW_DATA,22.7269,89.2546,33.8449
6072,BASELINE,NEW_DATA,22.7269,89.2546,33.8449
6073,BASELINE,NEW_DATA,22.7269,89.2546,33.8449
6074,BASELINE,NEW_DATA,22.7269,89.2546,33.8449
6075,BASELINE,NEW_DATA,22.7269,89.2546,33.8449
6076,BASELINE,NEW_DATA,22.7269,89.2546,33.8449
6077,BASELINE,NEW_DATA,22.7269,89.2546,33.8449
6078,BASELINE,NEW_DATA,22.7269,89.2546,33.8449
6079,BASELINE,NEW_DATA,22.7269,89.2546,33.8449
6080,BASELINE,NEW_DATA,22.7269,89.2546,33.8449
6081,BASELINE,NEW_DATA,22.7269,89.2546,33.8449
6082,BASELINE,NEW_DATA,22.7269,89.2546,33.8449
6083,BASELINE,NEW_DATA,22.7269,89.2546,33.8449
6084,BASELINE,NEW_DATA,22.7269,89.3335,34.0391
6085,BASELINE,NEW_DATA,22.7269,89.3335,34.0391
6086,BASELINE,NEW_DATA,22.7269,89.3335,34.0391
6087,BASELINE,NEW_DATA,22.7269,89.3335,34.0391
6088,BASELINE,NEW_DATA,22.7269,89.3335,34.0391
6089,BASELINE,NEW_DATA,22.7269,89.3335,34.0391
6090,BASELINE,NEW_DATA,22.7269,89.3335,34.0391
6091,BASELINE,NEW_DATA,22.7269,89.3335,34.0391
6092,BASELINE,NEW_DATA,22.7269,89.3335,34.0391
6093,BASELINE,NEW_DATA,22.7269,89.3335,34.0391
6094,BASELINE,NEW_DATA,22.7269,89.3335,34.0391
6095,BASELINE,NEW_DATA,22.7269,89.3335,34.0391
6096,BASELINE,NEW_DATA,22.7269,89.3335,34.0391
6097,BASELINE,NEW_DATA,22.7269,89.3335,34.0391
6098,BASELINE,NEW_DATA,22.7269,89.3335,34.0391
6099,BASELINE,NEW_DATA,22.7269,89.3335,34.0391
6100,BASELINE,NEW_DATA,22.7269,89.3335,34.0391
6101,BASELINE,NEW_DATA,22.7269,89.3335,34.0391
6102,BASELINE,NEW_DATA,22.7269,89.3335,34.0391
6103,BASELINE,NEW_DATA,22.7269,89.3335,34.0391
6104,BASELINE,NEW_DATA,22.7269,89.3335,34.0391
6105,BASELINE,NEW_DATA,22.7269,89.3335,34.0391
6106,BASELINE,NEW_DATA,22.7269,89.3335,34.0391
6107,BASELINE,NEW_DATA,22.7269,89.3335,34.0391
6108,BASELINE,NEW_DATA,22.7269,89.3335,34.0391
6109,BASELINE,NEW_DATA,22.7269,89.5656,34.0432
6110,BASELINE,NEW_DATA,22.7269,89.5656,34.0432
6111,BASELINE,NEW_DATA,22.7269,89.5656,34.0432
6112,BASELINE,NEW_DATA,22.7269,89.5656,34.0432
6113,BASELINE,NEW_DATA,22.7269,89.5656,34.0432
6114,BASELINE,NEW_DATA,22.7269,89.5656,34.0432
6115,BASELINE,NEW_DATA,22.7269,89.5656,34.0432
6116,BASELINE,NEW_DATA,22.7269,89.5656,34.0432
6117,BASELINE,NEW_DATA,22.7269,89.5656,34.0432
6118,BASELINE,NEW_DATA,22.7269,89.5656,34.0432
6119,BASELINE,NEW_DATA,22.7269,89.5656,34.0432
6120,BASELINE,NEW_DATA,22.7269,89.5656,34.0432
6121,BASELINE,NEW_DATA,22.7269,89.5656,34.0432
6122,BASELINE,NEW_DATA,22.7269,89.5656,34.0432
6123,BASELINE,NEW_DATA,22.7269,89.5656,34.0432
6124,BASELINE,NEW_DATA,22.7269,89.5656,34.0432
6125,BASELINE,NEW_DATA,22.7269,89.5656,34.0432
6126,BASELINE,NEW_DATA,22.7269,89.5656,34.0432
6127,BASELINE,NEW_DATA,22.7269,89.5656,34.0432
6128,BASELINE,NEW_DATA,22.7269,89.5656,34.0432
6129,BASELINE,NEW_DATA,22.7269,89.5656,34.0432
6130,BASELINE,NEW_DATA,22.7269,89.5656,34.0432
6131,BASELINE,NEW_DATA,22.7269,89.5656,34.0432
6132,BASELINE,NEW_DATA,22.7269,89.5656,34.0432
6133,BASELINE,NEW_DATA,22.7269,89.5397,34.1757
6134,BASELINE,NEW_DATA,22.7269,89.5397,34.1757
6135,BASELINE,NEW_DATA,22.7269,89.5397,34.1757
6136,BASELINE,NEW_DATA,22.7269,89.5397,34.1757
6137,BASELINE,NEW_DATA,22.7269,89.5397,34.1757
6138,BASELINE,NEW_DATA,22.7269,89.5397,34.1757
6139,BASELINE,NEW_DATA,22.7269,89.5397,34.1757
6140,BASELINE,NEW_DATA,22.7269,89.5397,34.1757
6141,BASELINE,NEW_DATA,22.7269,89.5397,34.1757
6142,BASELINE,NEW_DATA,22.7269,89.5397,34.1757
6143,BASELINE,NEW_DATA,22.7269,89.5397,34.1757
6144,BASELINE,NEW_DATA,22.7269,89.5397,34.1757
6145,BASELINE,NEW_DATA,22.7269,89.5397,34.1757
6146,BASELINE,NEW_DATA,22.7269,89.5397,34.1757
6147,BASELINE,NEW_DATA,22.7269,89.5397,34.1757
6148,BASELINE,NEW_DATA,22.7269,89.5397,34.1757
6149,BASELINE,NEW_DATA,22.7269,89.5397,34.1757
6150,BASELINE,NEW_DATA,22.7269,89.5397,34.1757
6151,BASELINE,NEW_DATA,22.7269,89.5397,34.1757
6152,BASELINE,NEW_DATA,22.7269,89.5397,34.1757
6153,BASELINE,NEW_DATA,22.7269,89.5397,34.1757
6154,BASELINE,NEW_DATA,22.7269,89.5397,34.1757
6155,BASELINE,NEW_DATA,22.7269,89.5397,34.1757
6156,BASELINE,NEW_DATA,22.7269,89.5397,34.1757
6157,BASELINE,NEW_DATA,22.7269,89.2019,35.2544
6158,BASELINE,NEW_DATA,22.7269,89.2019,35.2544
6159,BASELINE,NEW_DATA,22.7269,89.2019,35.2544
6160,BASELINE,NEW_DATA,22.7269,89.2019,35.2544
6161,BASELINE,NEW_DATA,22.7269,89.2019,35.2544
6162,BASELINE,NEW_DATA,22.7269,89.2019,35.2544
6163,BASELINE,NEW_DATA,22.7269,89.2019,35.2544
6164,BASELINE,NEW_DATA,22.7269,89.2019,35.2544
6165,BASELINE,NEW_DATA,22.7269,89.2019,35.2544
6166,BASELINE,NEW_DATA,22.7269,89.2019,35.2544
6167,BASELINE,NEW_DATA,22.7269,89.2019,35.2544
6168,BASELINE,NEW_DATA,22.7269,89.2019,35.2544
6169,BASELINE,NEW_DATA,22.7269,89.2019,35.2544
6170,BASELINE,NEW_DATA,22.7269,89.2019,35.2544
6171,BASELINE,NEW_DATA,22.7269,89.2019,35.2544
6172,BASELINE,NEW_DATA,22.7269,89.2019,35.2544
6173,BASELINE,NEW_DATA,22.7269,89.2019,35.2544
6174,BASELINE,NEW_DATA,22.7269,89.2019,35.2544
6175,BASELINE,NEW_DATA,22.7269,89.2019,35.2544
6176,BASELINE,NEW_DATA,22.7269,89.2019,35.2544
6177,BASELINE,NEW_DATA,22.7269,89.2019,35.2544
6178,BASELINE,NEW_DATA,22.7269,89.2019,35.2544
6179,BASELINE,NEW_DATA,22.7269,89.2019,35.2544
6180,BASELINE,NEW_DATA,22.7269,89.2019,35.2544
6181,BASELINE,NEW_DATA,22.7269,89.2019,35.2544
6182,BASELINE,NEW_DATA,22.7269,89.2570,35.0400
6183,BASELINE,NEW_DATA,22.7269,89.2570,35.0400
6184,BASELINE,NEW_DATA,22.7269,89.2570,35.0400
6185,BASELINE,NEW_DATA,22.7269,89.2570,35.0400
6186,BASELINE,NEW_DATA,22.7269,89.2570,35.0400
6187,BASELINE,NEW_DATA,22.7269,89.2570,35.0400
6188,BASELINE,NEW_DATA,22.7269,89.2570,35.0400
6189,BASELINE,NEW_DATA,22.7269,89.2570,35.0400
6190,BASELINE,NEW_DATA,22.7269,89.2570,35.0400
6191,BASELINE,NEW_DATA,22.7269,89.2570,35.0400
6192,BASELINE,NEW_DATA,22.7269,89.2570,35.0400
6193,BASELINE,NEW_DATA,22.7269,89.2570,35.0400
6194,BASELINE,NEW_DATA,22.7269,89.2570,35.0400
6195,BASELINE,NEW_DATA,22.7269,89.2570,35.0400
6196,BASELINE,NEW_DATA,22.7269,89.2570,35.0400
6197,BASELINE,NEW_DATA,22.7269,89.2570,35.0400
6198,BASELINE,NEW_DATA,22.7269,89.2570,35.0400
6199,BASELINE,NEW_DATA,22.7269,89.2570,35.0400
6200,BASELINE,NEW_DATA,22.7269,89.2570,35.0400
6201,BASELINE,NEW_DATA,22.7269,89.2570,35.0400
6202,BASELINE,NEW_DATA,22.7269,89.2570,35.0400
6203,BASELINE,NEW_DATA,22.7269,89.2570,35.0400
6204,BASELINE,NEW_DATA,22.7269,89.2570,35.0400
6205,BASELINE,NEW_DATA,22.7269,89.2570,35.0400
6206,BASELINE,NEW_DATA,22.7269,89.1211,34.9908
6207,BASELINE,NEW_DATA,22.7269,89.1211,34.9908
6208,BASELINE,NEW_DATA,22.7269,89.1211,34.9908
6209,BASELINE,NEW_DATA,22.7269,89.1211,34.9908
6210,BASELINE,NEW_DATA,22.7269,89.1211,34.9908
6211,BASELINE,NEW_DATA,22.7269,89.1211,34.9908
6212,BASELINE,NEW_DATA,22.7269,89.1211,34.9908
6213,BASELINE,NEW_DATA,22.7269,89.1211,34.9908
6214,BASELINE,NEW_DATA,22.7269,89.1211,34.9908
6215,BASELINE,NEW_DATA,22.7269,89.1211,34.9908
6216,BASELINE,NEW_DATA,22.7269,89.1211,34.9908
6217,BASELINE,NEW_DATA,22.7269,89.1211,34.9908
6218,BASELINE,NEW_DATA,22.7269,89.1211,34.9908
6219,BASELINE,NEW_DATA,22.7269,89.1211,34.9908
6220,BASELINE,NEW_DATA,22.7269,89.1211,34.9908
6221,BASELINE,NEW_DATA,22.7269,89.1211,34.9908
6222,BASELINE,NEW_DATA,22.7269,89.1211,34.9908
6223,BASELINE,NEW_DATA,22.7269,89.1211,34.9908
6224,BASELINE,NEW_DATA,22.7269,89.1211,34.9908
6225,BASELINE,NEW_DATA,22.7269,89.1211,34.9908
6226,LIVE,NEW_DATA,22.7269,89.1211,34.9908
6227,LIVE,NEW_DATA,22.7269,89.1211,34.9908
6228,LIVE,NEW_DATA,22.7269,89.1211,34.9908
6229,LIVE,NEW_DATA,22.7269,89.1211,34.9908
6230,LIVE,NEW_DATA,22.7269,89.8518,34.9943
6231,LIVE,NEW_DATA,22.7269,89.8518,34.9943
6232,LIVE,NEW_DATA,22.7269,89.8518,34.9943
6233,LIVE,NEW_DATA,22.7269,89.8518,34.9943
6234,LIVE,NEW_DATA,22.7269,89.8518,34.9943
6235,LIVE,NEW_DATA,22.7269,89.8518,34.9943
6236,LIVE,NEW_DATA,22.7269,89.8518,34.9943
6237,LIVE,NEW_DATA,22.7269,89.8518,34.9943
6238,LIVE,NEW_DATA,22.7269,89.8518,34.9943
6239,LIVE,NEW_DATA,22.7269,89.8518,34.9943
6240,LIVE,NEW_DATA,22.7269,89.8518,34.9943
6241,LIVE,NEW_DATA,22.7269,89.8518,34.9943
6242,LIVE,NEW_DATA,22.7269,89.8518,34.9943
6243,LIVE,NEW_DATA,22.7269,89.8518,34.9943
6244,LIVE,NEW_DATA,22.7269,89.8518,34.9943
6245,LIVE,NEW_DATA,22.7269,89.8518,34.9943
6246,LIVE,NEW_DATA,22.7269,89.8518,34.9943
6247,LIVE,NEW_DATA,22.7269,89.8518,34.9943
6248,LIVE,NEW_DATA,22.7269,89.8518,34.9943
6249,LIVE,NEW_DATA,22.7269,89.8518,34.9943
6250,LIVE,NEW_DATA,22.7269,89.8518,34.9943
6251,LIVE,NEW_DATA,22.7269,89.8518,34.9943
6252,LIVE,NEW_DATA,22.7269,89.8518,34.9943
6253,LIVE,NEW_DATA,22.7269,89.8518,34.9943
6254,LIVE,NEW_DATA,22.7269,89.8518,34.9943
6255,LIVE,NEW_DATA,22.7269,89.9779,34.8639
6256,LIVE,NEW_DATA,22.7269,89.9779,34.8639
6257,LIVE,NEW_DATA,22.7269,89.9779,34.8639
6258,LIVE,NEW_DATA,22.7269,89.9779,34.8639
6259,LIVE,NEW_DATA,22.7269,89.9779,34.8639
6260,LIVE,NEW_DATA,22.7269,89.9779,34.8639
6261,LIVE,NEW_DATA,22.7269,89.9779,34.8639
6262,LIVE,NEW_DATA,22.7269,89.9779,34.8639
6263,LIVE,NEW_DATA,22.7269,89.9779,34.8639
6264,LIVE,NEW_DATA,22.7269,89.9779,34.8639
6265,LIVE,NEW_DATA,22.7269,89.9779,34.8639
6266,LIVE,NEW_DATA,22.7269,89.9779,34.8639
6267,LIVE,NEW_DATA,22.7269,89.9779,34.8639
6268,LIVE,NEW_DATA,22.7269,89.9779,34.8639
6269,LIVE,NEW_DATA,22.7269,89.9779,34.8639
6270,LIVE,NEW_DATA,22.7269,89.9779,34.8639
6271,LIVE,NEW_DATA,22.7269,89.9779,34.8639
6272,LIVE,NEW_DATA,22.7269,89.9779,34.8639
6273,LIVE,NEW_DATA,22.7269,89.9779,34.8639
6274,LIVE,NEW_DATA,22.7269,89.9779,34.8639
6275,LIVE,NEW_DATA,22.7269,89.9779,34.8639
6276,LIVE,NEW_DATA,22.7269,89.9779,34.8639
6277,LIVE,NEW_DATA,22.7269,89.9779,34.8639
6278,LIVE,NEW_DATA,22.7269,89.9779,34.8639
6279,LIVE,NEW_DATA,22.7269,90.7623,34.8437
6280,LIVE,NEW_DATA,22.7269,90.7623,34.8437
6281,LIVE,NEW_DATA,22.7269,90.7623,34.8437
6282,LIVE,NEW_DATA,22.7269,90.7623,34.8437
6283,LIVE,NEW_DATA,22.7269,90.7623,34.8437
6284,LIVE,NEW_DATA,22.7269,90.7623,34.8437
6285,LIVE,NEW_DATA,22.7269,90.7623,34.8437
6286,LIVE,NEW_DATA,22.7269,90.7623,34.8437
6287,LIVE,NEW_DATA,22.7269,90.7623,34.8437
6288,LIVE,NEW_DATA,22.7269,90.7623,34.8437
6289,LIVE,NEW_DATA,22.7269,90.7623,34.8437
6290,LIVE,NEW_DATA,22.7269,90.7623,34.8437
6291,LIVE,NEW_DATA,22.7269,90.7623,34.8437
6292,LIVE,NEW_DATA,22.7269,90.7623,34.8437
6293,LIVE,NEW_DATA,22.7269,90.7623,34.8437
6294,LIVE,NEW_DATA,22.7269,90.7623,34.8437
6295,LIVE,NEW_DATA,22.7269,90.7623,34.8437
6296,LIVE,NEW_DATA,22.7269,90.7623,34.8437
6297,LIVE,NEW_DATA,22.7269,90.7623,34.8437
6298,LIVE,NEW_DATA,22.7269,90.7623,34.8437
6299,LIVE,NEW_DATA,22.7269,90.7623,34.8437
6300,LIVE,NEW_DATA,22.7269,90.7623,34.8437
6301,LIVE,NEW_DATA,22.7269,90.7623,34.8437
6302,LIVE,NEW_DATA,22.7269,90.7623,34.8437
6303,LIVE,NEW_DATA,22.7269,90.7623,34.8437
6304,LIVE,NEW_DATA,22.7269,90.7623,34.9255
6305,LIVE,NEW_DATA,22.7269,90.7623,34.9255
6306,LIVE,NEW_DATA,22.7269,90.7623,34.9255
6307,LIVE,NEW_DATA,22.7269,90.7623,34.9255
6308,LIVE,NEW_DATA,22.7269,90.7623,34.9255
6309,LIVE,NEW_DATA,22.7269,90.7623,34.9255
6310,LIVE,NEW_DATA,22.7269,90.7623,34.9255
6311,LIVE,NEW_DATA,22.7269,90.7623,34.9255
6312,LIVE,NEW_DATA,22.7269,90.7623,34.9255
6313,LIVE,NEW_DATA,22.7269,90.7623,34.9255
6314,LIVE,NEW_DATA,22.7269,90.7623,34.9255
6315,LIVE,NEW_DATA,22.7269,90.7623,34.9255
6316,LIVE,NEW_DATA,22.7269,90.7623,34.9255
6317,LIVE,NEW_DATA,22.7269,90.7623,34.9255
6318,LIVE,NEW_DATA,22.7269,90.7623,34.9255
6319,LIVE,NEW_DATA,22.7269,90.7623,34.9255
6320,LIVE,NEW_DATA,22.7269,90.7623,34.9255
6321,LIVE,NEW_DATA,22.7269,90.7623,34.9255
6322,LIVE,NEW_DATA,22.7269,90.7623,34.9255
6323,LIVE,NEW_DATA,22.7269,90.7623,34.9255
6324,LIVE,NEW_DATA,22.7269,90.7623,34.9255
6325,LIVE,NEW_DATA,22.7269,90.7623,34.9255
6326,LIVE,NEW_DATA,22.7269,90.7623,34.9255
6327,LIVE,NEW_DATA,22.7269,90.7623,34.9255
6328,LIVE,NEW_DATA,22.7269,90.3895,35.5668
6329,LIVE,NEW_DATA,22.7269,90.3895,35.5668
6330,LIVE,NEW_DATA,22.7269,90.3895,35.5668
6331,LIVE,NEW_DATA,22.7269,90.3895,35.5668
6332,LIVE,NEW_DATA,22.7269,90.3895,35.5668
6333,LIVE,NEW_DATA,22.7269,90.3895,35.5668
6334,LIVE,NEW_DATA,22.7269,90.3895,35.5668
6335,LIVE,NEW_DATA,22.7269,90.3895,35.5668
6336,LIVE,NEW_DATA,22.7269,90.3895,35.5668
6337,LIVE,NEW_DATA,22.7269,90.3895,35.5668
6338,LIVE,NEW_DATA,22.7269,90.3895,35.5668
6339,LIVE,NEW_DATA,22.7269,90.3895,35.5668
6340,LIVE,NEW_DATA,22.7269,90.3895,35.5668
6341,LIVE,NEW_DATA,22.7269,90.3895,35.5668
6342,LIVE,NEW_DATA,22.7269,90.3895,35.5668
6343,LIVE,NEW_DATA,22.7269,90.3895,35.5668
6344,LIVE,NEW_DATA,22.7269,90.3895,35.5668
6345,LIVE,NEW_DATA,22.7269,90.3895,35.5668
6346,LIVE,NEW_DATA,22.7269,90.3895,35.5668
6347,LIVE,NEW_DATA,22.7269,90.3895,35.5668
6348,LIVE,NEW_DATA,22.7269,90.3895,35.5668
6349,LIVE,NEW_DATA,22.7269,90.3895,35.5668
6350,LIVE,NEW_DATA,22.7269,90.3895,35.5668
6351,LIVE,NEW_DATA,22.7269,90.3895,35.5668
6352,LIVE,NEW_DATA,22.7269,90.0944,35.2303
6353,LIVE,NEW_DATA,22.7269,90.0944,35.2303
6354,LIVE,NEW_DATA,22.7269,90.0944,35.2303
6355,LIVE,NEW_DATA,22.7269,90.0944,35.2303
6356,LIVE,NEW_DATA,22.7269,90.0944,35.2303
6357,LIVE,NEW_DATA,22.7269,90.0944,35.2303
6358,LIVE,NEW_DATA,22.7269,90.0944,35.2303
6359,LIVE,NEW_DATA,22.7269,90.0944,35.2303
6360,LIVE,NEW_DATA,22.7269,90.0944,35.2303
6361,LIVE,NEW_DATA,22.7269,90.0944,35.2303
6362,LIVE,NEW_DATA,22.7269,90.0944,35.2303
6363,LIVE,NEW_DATA,22.7269,90.0944,35.2303
6364,LIVE,NEW_DATA,22.7269,90.0944,35.2303
6365,LIVE,NEW_DATA,22.7269,90.0944,35.2303
6366,LIVE,NEW_DATA,22.7269,90.0944,35.2303
6367,LIVE,NEW_DATA,22.7269,90.0944,35.2303
6368,LIVE,NEW_DATA,22.7269,90.0944,35.2303
6369,LIVE,NEW_DATA,22.7269,90.0944,35.2303
6370,LIVE,NEW_DATA,22.7269,90.0944,35.2303
6371,LIVE,NEW_DATA,22.7269,90.0944,35.2303
6372,LIVE,NEW_DATA,22.7269,90.0944,35.2303
6373,LIVE,NEW_DATA,22.7269,90.0944,35.2303
6374,LIVE,NEW_DATA,22.7269,90.0944,35.2303
6375,LIVE,NEW_DATA,22.7269,90.0944,35.2303
6376,LIVE,NEW_DATA,22.7269,90.0944,35.2303
6377,LIVE,NEW_DATA,22.7269,89.9351,35.0848
6378,LIVE,NEW_DATA,22.7269,89.9351,35.0848
6379,LIVE,NEW_DATA,22.7269,89.9351,35.0848
6380,LIVE,NEW_DATA,22.7269,89.9351,35.0848
6381,LIVE,NEW_DATA,22.7269,89.9351,35.0848
6382,LIVE,NEW_DATA,22.7269,89.9351,35.0848
6383,LIVE,NEW_DATA,22.7269,89.9351,35.0848
6384,LIVE,NEW_DATA,22.7269,89.9351,35.0848
6385,LIVE,NEW_DATA,22.7269,89.9351,35.0848
6386,LIVE,NEW_DATA,22.7269,89.9351,35.0848
6387,LIVE,NEW_DATA,22.7269,89.9351,35.0848
6388,LIVE,NEW_DATA,22.7269,89.9351,35.0848
6389,LIVE,NEW_DATA,22.7269,89.9351,35.0848
6390,LIVE,NEW_DATA,22.7269,89.9351,35.0848
6391,LIVE,NEW_DATA,22.7269,89.9351,35.0848
6392,LIVE,NEW_DATA,22.7269,89.9351,35.0848
6393,LIVE,NEW_DATA,22.7269,89.9351,35.0848
6394,LIVE,NEW_DATA,22.7269,89.9351,35.0848
6395,LIVE,NEW_DATA,22.7269,89.9351,35.0848
6396,LIVE,NEW_DATA,22.7269,89.9351,35.0848
6397,LIVE,NEW_DATA,22.7269,89.9351,35.0848
6398,LIVE,NEW_DATA,22.7269,89.9351,35.0848
6399,LIVE,NEW_DATA,22.7269,89.9351,35.0848
6400,LIVE,NEW_DATA,22.7269,89.9351,35.0848
6401,LIVE,NEW_DATA,22.7269,89.9351,35.0848
6402,LIVE,NEW_DATA,22.7269,90.0273,35.2771
6403,LIVE,NEW_DATA,22.7269,90.0273,35.2771
6404,LIVE,NEW_DATA,22.7269,90.0273,35.2771
6405,LIVE,NEW_DATA,22.7269,90.0273,35.2771
6406,LIVE,NEW_DATA,22.7269,90.0273,35.2771
6407,LIVE,NEW_DATA,22.7269,90.0273,35.2771
6408,LIVE,NEW_DATA,22.7269,90.0273,35.2771
6409,LIVE,NEW_DATA,22.7269,90.0273,35.2771
6410,LIVE,NEW_DATA,22.7269,90.0273,35.2771
6411,LIVE,NEW_DATA,22.7269,90.0273,35.2771
6412,LIVE,NEW_DATA,22.7269,90.0273,35.2771
6413,LIVE,NEW_DATA,22.7269,90.0273,35.2771
6414,LIVE,NEW_DATA,22.7269,90.0273,35.2771
6415,LIVE,NEW_DATA,22.7269,90.0273,35.2771
6416,LIVE,NEW_DATA,22.7269,90.0273,35.2771
6417,LIVE,NEW_DATA,22.7269,90.0273,35.2771
6418,LIVE,NEW_DATA,22.7269,90.0273,35.2771
6419,LIVE,NEW_DATA,22.7269,90.0273,35.2771
6420,LIVE,NEW_DATA,22.7269,90.0273,35.2771
6421,LIVE,NEW_DATA,22.7269,90.0273,35.2771
6422,LIVE,NEW_DATA,22.7269,90.0273,35.2771
6423,LIVE,NEW_DATA,22.7269,90.0273,35.2771
6424,LIVE,NEW_DATA,22.7269,90.0273,35.2771
6425,LIVE,NEW_DATA,22.7269,90.0273,35.2771
6426,LIVE,NEW_DATA,22.7269,89.9101,35.4792
6427,LIVE,NEW_DATA,22.7269,89.9101,35.4792
6428,LIVE,NEW_DATA,22.7269,89.9101,35.4792
6429,LIVE,NEW_DATA,22.7269,89.9101,35.4792
6430,LIVE,NEW_DATA,22.7269,89.9101,35.4792
6431,LIVE,NEW_DATA,22.7269,89.9101,35.4792
6432,LIVE,NEW_DATA,22.7269,89.9101,35.4792
6433,LIVE,NEW_DATA,22.7269,89.9101,35.4792
6434,LIVE,NEW_DATA,22.7269,89.9101,35.4792
6435,LIVE,NEW_DATA,22.7269,89.9101,35.4792
6436,LIVE,NEW_DATA,22.7269,89.9101,35.4792
6437,LIVE,NEW_DATA,22.7269,89.9101,35.4792
6438,LIVE,NEW_DATA,22.7269,89.9101,35.4792
6439,LIVE,NEW_DATA,22.7269,89.9101,35.4792
6440,LIVE,NEW_DATA,22.7269,89.9101,35.4792
6441,LIVE,NEW_DATA,22.7269,89.9101,35.4792
6442,LIVE,NEW_DATA,22.7269,89.9101,35.4792
6443,LIVE,NEW_DATA,22.7269,89.9101,35.4792
6444,LIVE,NEW_DATA,22.7269,89.9101,35.4792
6445,LIVE,NEW_DATA,22.7269,89.9101,35.4792
6446,LIVE,NEW_DATA,22.7269,89.9101,35.4792
6447,LIVE,NEW_DATA,22.7269,89.9101,35.4792
6448,LIVE,NEW_DATA,22.7269,89.9101,35.4792
6449,LIVE,NEW_DATA,22.7269,89.9101,35.4792
6450,LIVE,NEW_DATA,22.7269,89.8348,35.3382
6451,LIVE,NEW_DATA,22.7269,89.8348,35.3382
6452,LIVE,NEW_DATA,22.7269,89.8348,35.3382
6453,LIVE,NEW_DATA,22.7269,89.8348,35.3382
6454,LIVE,NEW_DATA,22.7269,89.8348,35.3382
6455,LIVE,NEW_DATA,22.7269,89.8348,35.3382
6456,LIVE,NEW_DATA,22.7269,89.8348,35.3382
6457,LIVE,NEW_DATA,22.7269,89.8348,35.3382
6458,LIVE,NEW_DATA,22.7269,89.8348,35.3382
6459,LIVE,NEW_DATA,22.7269,89.8348,35.3382
6460,LIVE,NEW_DATA,22.7269,89.8348,35.3382
6461,LIVE,NEW_DATA,22.7269,89.8348,35.3382
6462,LIVE,NEW_DATA,22.7269,89.8348,35.3382
6463,LIVE,NEW_DATA,22.7269,89.8348,35.3382
6464,LIVE,NEW_DATA,22.7269,89.8348,35.3382
6465,LIVE,NEW_DATA,22.7269,89.8348,35.3382
6466,LIVE,NEW_DATA,22.7269,89.8348,35.3382
6467,LIVE,NEW_DATA,22.7269,89.8348,35.3382
6468,LIVE,NEW_DATA,22.7269,89.8348,35.3382
6469,LIVE,NEW_DATA,22.7269,89.8348,35.3382
6470,LIVE,NEW_DATA,22.7269,89.8348,35.3382
6471,LIVE,NEW_DATA,22.7269,89.8348,35.3382
6472,LIVE,NEW_DATA,22.7269,89.8348,35.3382
6473,LIVE,NEW_DATA,22.7269,89.8348,35.3382
6474,LIVE,NEW_DATA,22.7269,89.8348,35.3382
6475,LIVE,NEW_DATA,22.7269,90.0231,35.5130
6476,LIVE,NEW_DATA,22.7269,90.0231,35.5130
6477,LIVE,NEW_DATA,22.7269,90.0231,35.5130
6478,LIVE,NEW_DATA,22.7269,90.0231,35.5130
6479,LIVE,NEW_DATA,22.7269,90.0231,35.5130
6480,LIVE,NEW_DATA,22.7269,90.0231,35.5130
6481,LIVE,NEW_DATA,22.7269,90.0231,35.5130
6482,LIVE,NEW_DATA,22.7269,90.0231,35.5130
6483,LIVE,NEW_DATA,22.7269,90.0231,35.5130
6484,LIVE,NEW_DATA,22.7269,90.0231,35.5130
6485,LIVE,NEW_DATA,22.7269,90.0231,35.5130
6486,LIVE,NEW_DATA,22.7269,90.0231,35.5130
6487,LIVE,NEW_DATA,22.7269,90.0231,35.5130
6488,LIVE,NEW_DATA,22.7269,90.0231,35.5130
6489,LIVE,NEW_DATA,22.7269,90.0231,35.5130
6490,LIVE,NEW_DATA,22.7269,90.0231,35.5130
6491,LIVE,NEW_DATA,22.7269,90.0231,35.5130
6492,LIVE,NEW_DATA,22.7269,90.0231,35.5130
6493,LIVE,NEW_DATA,22.7269,90.0231,35.5130
6494,LIVE,NEW_DATA,22.7269,90.0231,35.5130
6495,LIVE,NEW_DATA,22.7269,90.0231,35.5130
6496,LIVE,NEW_DATA,22.7269,90.0231,35.5130
6497,LIVE,NEW_DATA,22.7269,90.0231,35.5130
6498,LIVE,NEW_DATA,22.7269,90.0231,35.5130
6499,LIVE,NEW_DATA,22.7269,89.9565,35.7093
6500,LIVE,NEW_DATA,22.7269,89.9565,35.7093
6501,LIVE,NEW_DATA,22.7269,89.9565,35.7093
6502,LIVE,NEW_DATA,22.7269,89.9565,35.7093
6503,LIVE,NEW_DATA,22.7269,89.9565,35.7093
6504,LIVE,NEW_DATA,22.7269,89.9565,35.7093
6505,LIVE,NEW_DATA,22.7269,89.9565,35.7093
6506,LIVE,NEW_DATA,22.7269,89.9565,35.7093
6507,LIVE,NEW_DATA,22.7269,89.9565,35.7093
6508,LIVE,NEW_DATA,22.7269,89.9565,35.7093
6509,LIVE,NEW_DATA,22.7269,89.9565,35.7093
6510,LIVE,NEW_DATA,22.7269,89.9565,35.7093
6511,LIVE,NEW_DATA,22.7269,89.9565,35.7093
6512,LIVE,NEW_DATA,22.7269,89.9565,35.7093
6513,LIVE,NEW_DATA,22.7269,89.9565,35.7093
6514,LIVE,NEW_DATA,22.7269,89.9565,35.7093
6515,LIVE,NEW_DATA,22.7269,89.9565,35.7093
6516,LIVE,NEW_DATA,22.7269,89.9565,35.7093
6517,LIVE,NEW_DATA,22.7269,89.9565,35.7093
6518,LIVE,NEW_DATA,22.7269,89.9565,35.7093
6519,LIVE,NEW_DATA,22.7269,89.9565,35.7093
6520,LIVE,NEW_DATA,22.7269,89.9565,35.7093
6521,LIVE,NEW_DATA,22.7269,89.9565,35.7093
6522,LIVE,NEW_DATA,22.7269,89.9565,35.7093
6523,LIVE,NEW_DATA,22.7269,89.9565,35.7093
6524,LIVE,NEW_DATA,22.7269,89.9684,35.5667
6525,LIVE,NEW_DATA,22.7269,89.9684,35.5667
6526,LIVE,NEW_DATA,22.7269,89.9684,35.5667
6527,LIVE,NEW_DATA,22.7269,89.9684,35.5667
6528,LIVE,NEW_DATA,22.7269,89.9684,35.5667
6529,LIVE,NEW_DATA,22.7269,89.9684,35.5667
6530,LIVE,NEW_DATA,22.7269,89.9684,35.5667
6531,LIVE,NEW_DATA,22.7269,89.9684,35.5667
6532,LIVE,NEW_DATA,22.7269,89.9684,35.5667
6533,LIVE,NEW_DATA,22.7269,89.9684,35.5667
6534,LIVE,NEW_DATA,22.7269,89.9684,35.5667
6535,LIVE,NEW_DATA,22.7269,89.9684,35.5667
6536,LIVE,NEW_DATA,22.7269,89.9684,35.5667
6537,LIVE,NEW_DATA,22.7269,89.9684,35.5667
6538,LIVE,NEW_DATA,22.7269,89.9684,35.5667
6539,LIVE,NEW_DATA,22.7269,89.9684,35.5667
6540,LIVE,NEW_DATA,22.7269,89.9684,35.5667
6541,LIVE,NEW_DATA,22.7269,89.9684,35.5667
6542,LIVE,NEW_DATA,22.7269,89.9684,35.5667
6543,LIVE,NEW_DATA,22.7269,89.9684,35.5667
6544,LIVE,NEW_DATA,22.7269,89.9684,35.5667
6545,LIVE,NEW_DATA,22.7269,89.9684,35.5667
6546,LIVE,NEW_DATA,22.7269,89.9684,35.5667
6547,LIVE,NEW_DATA,22.7269,89.9684,35.5667
6548,LIVE,NEW_DATA,22.7269,89.9684,35.3634
6549,LIVE,NEW_DATA,22.7269,89.9684,35.3634
6550,LIVE,NEW_DATA,22.7269,89.9684,35.3634
6551,LIVE,NEW_DATA,22.7269,89.9684,35.3634
6552,LIVE,NEW_DATA,22.7269,89.9684,35.3634
6553,LIVE,NEW_DATA,22.7269,89.9684,35.3634
6554,LIVE,NEW_DATA,22.7269,89.9684,35.3634
6555,LIVE,NEW_DATA,22.7269,89.9684,35.3634
6556,LIVE,NEW_DATA,22.7269,89.9684,35.3634
6557,LIVE,NEW_DATA,22.7269,89.9684,35.3634
6558,LIVE,NEW_DATA,22.7269,89.9684,35.3634
6559,LIVE,NEW_DATA,22.7269,89.9684,35.3634
6560,LIVE,NEW_DATA,22.7269,89.9684,35.3634
6561,LIVE,NEW_DATA,22.7269,89.9684,35.3634
6562,LIVE,NEW_DATA,22.7269,89.9684,35.3634
6563,LIVE,NEW_DATA,22.7269,89.9684,35.3634
6564,LIVE,NEW_DATA,22.7269,89.9684,35.3634
6565,LIVE,NEW_DATA,22.7269,89.9684,35.3634
6566,LIVE,NEW_DATA,22.7269,89.9684,35.3634
6567,LIVE,NEW_DATA,22.7269,89.9684,35.3634
6568,LIVE,NEW_DATA,22.7269,89.9684,35.3634
6569,LIVE,NEW_DATA,22.7269,89.9684,35.3634
6570,LIVE,NEW_DATA,22.7269,89.9684,35.3634
6571,LIVE,NEW_DATA,22.7269,89.9684,35.3634
6572,LIVE,NEW_DATA,22.7269,89.9684,35.3634
6573,LIVE,NEW_DATA,22.7269,90.1064,35.5667
6574,LIVE,NEW_DATA,22.7269,90.1064,35.5667
6575,LIVE,NEW_DATA,22.7269,90.1064,35.5667
6576,LIVE,NEW_DATA,22.7269,90.1064,35.5667
6577,LIVE,NEW_DATA,22.7269,90.1064,35.5667
6578,LIVE,NEW_DATA,22.7269,90.1064,35.5667
6579,LIVE,NEW_DATA,22.7269,90.1064,35.5667
6580,LIVE,NEW_DATA,22.7269,90.1064,35.5667
6581,LIVE,NEW_DATA,22.7269,90.1064,35.5667
6582,LIVE,NEW_DATA,22.7269,90.1064,35.5667
6583,LIVE,NEW_DATA,22.7269,90.1064,35.5667
6584,LIVE,NEW_DATA,22.7269,90.1064,35.5667
6585,LIVE,NEW_DATA,22.7269,90.1064,35.5667
6586,LIVE,NEW_DATA,22.7269,90.1064,35.5667
6587,LIVE,NEW_DATA,22.7269,90.1064,35.5667
6588,LIVE,NEW_DATA,22.7269,90.1064,35.5667
6589,LIVE,NEW_DATA,22.7269,90.1064,35.5667
6590,LIVE,NEW_DATA,22.7269,90.1064,35.5667
6591,LIVE,NEW_DATA,22.7269,90.1064,35.5667
6592,LIVE,NEW_DATA,22.7269,90.1064,35.5667
6593,LIVE,NEW_DATA,22.7269,90.1064,35.5667
6594,LIVE,NEW_DATA,22.7269,90.1064,35.5667
6595,LIVE,NEW_DATA,22.7269,90.1064,35.5667
6596,LIVE,NEW_DATA,22.7269,90.1064,35.5667
6597,LIVE,NEW_DATA,22.7269,90.1124,35.5979
6598,LIVE,NEW_DATA,22.7269,90.1124,35.5979
6599,LIVE,NEW_DATA,22.7269,90.1124,35.5979
6600,LIVE,NEW_DATA,22.7269,90.1124,35.5979
6601,LIVE,NEW_DATA,22.7269,90.1124,35.5979
6602,LIVE,NEW_DATA,22.7269,90.1124,35.5979
6603,LIVE,NEW_DATA,22.7269,90.1124,35.5979
6604,LIVE,NEW_DATA,22.7269,90.1124,35.5979
6605,LIVE,NEW_DATA,22.7269,90.1124,35.5979
6606,LIVE,NEW_DATA,22.7269,90.1124,35.5979
6607,LIVE,NEW_DATA,22.7269,90.1124,35.5979
6608,LIVE,NEW_DATA,22.7269,90.1124,35.5979
6609,LIVE,NEW_DATA,22.7269,90.1124,35.5979
6610,LIVE,NEW_DATA,22.7269,90.1124,35.5979
6611,LIVE,NEW_DATA,22.7269,90.1124,35.5979
6612,LIVE,NEW_DATA,22.7269,90.1124,35.5979
6613,LIVE,NEW_DATA,22.7269,90.1124,35.5979
6614,LIVE,NEW_DATA,22.7269,90.1124,35.5979
6615,LIVE,NEW_DATA,22.7269,90.1124,35.5979
6616,LIVE,NEW_DATA,22.7269,90.1124,35.5979
6617,LIVE,NEW_DATA,22.7269,90.1124,35.5979
6618,LIVE,NEW_DATA,22.7269,90.1124,35.5979
6619,LIVE,NEW_DATA,22.7269,90.1124,35.5979
6620,LIVE,NEW_DATA,22.7269,90.1124,35.5979
6621,LIVE,NEW_DATA,22.7269,90.0053,35.6138
6622,LIVE,NEW_DATA,22.7269,90.0053,35.6138
6623,LIVE,NEW_DATA,22.7269,90.0053,35.6138
6624,LIVE,NEW_DATA,22.7269,90.0053,35.6138
6625,LIVE,NEW_DATA,22.7269,90.0053,35.6138
6626,LIVE,NEW_DATA,22.7269,90.0053,35.6138
6627,LIVE,NEW_DATA,22.7269,90.0053,35.6138
6628,LIVE,NEW_DATA,22.7269,90.0053,35.6138
6629,LIVE,NEW_DATA,22.7269,90.0053,35.6138
6630,LIVE,NEW_DATA,22.7269,90.0053,35.6138
6631,LIVE,NEW_DATA,22.7269,90.0053,35.6138
6632,LIVE,NEW_DATA,22.7269,90.0053,35.6138
6633,LIVE,NEW_DATA,22.7269,90.0053,35.6138
6634,LIVE,NEW_DATA,22.7269,90.0053,35.6138
6635,LIVE,NEW_DATA,22.7269,90.0053,35.6138
6636,LIVE,NEW_DATA,22.7269,90.0053,35.6138
6637,LIVE,NEW_DATA,22.7269,90.0053,35.6138
6638,LIVE,NEW_DATA,22.7269,90.0053,35.6138
6639,LIVE,NEW_DATA,22.7269,90.0053,35.6138
6640,LIVE,NEW_DATA,22.7269,90.0053,35.6138
6641,LIVE,NEW_DATA,22.7269,90.0053,35.6138
6642,LIVE,NEW_DATA,22.7269,90.0053,35.6138
6643,LIVE,NEW_DATA,22.7269,90.0053,35.6138
6644,LIVE,NEW_DATA,22.7269,90.0053,35.6138
6645,LIVE,NEW_DATA,22.7269,90.0053,35.6138
6646,LIVE,NEW_DATA,22.7269,89.9407,35.4298
6647,LIVE,NEW_DATA,22.7269,89.9407,35.4298
6648,LIVE,NEW_DATA,22.7269,89.9407,35.4298
6649,LIVE,NEW_DATA,22.7269,89.9407,35.4298
6650,LIVE,NEW_DATA,22.7269,89.9407,35.4298
6651,LIVE,NEW_DATA,22.7269,89.9407,35.4298
6652,LIVE,NEW_DATA,22.7269,89.9407,35.4298
6653,LIVE,NEW_DATA,22.7269,89.9407,35.4298
6654,LIVE,NEW_DATA,22.7269,89.9407,35.4298
6655,LIVE,NEW_DATA,22.7269,89.9407,35.4298
6656,LIVE,NEW_DATA,22.7269,89.9407,35.4298
6657,LIVE,NEW_DATA,22.7269,89.9407,35.4298
6658,LIVE,NEW_DATA,22.7269,89.9407,35.4298
6659,LIVE,NEW_DATA,22.7269,89.9407,35.4298
6660,LIVE,NEW_DATA,22.7269,89.9407,35.4298
6661,LIVE,NEW_DATA,22.7269,89.9407,35.4298
6662,LIVE,NEW_DATA,22.7269,89.9407,35.4298
6663,LIVE,NEW_DATA,22.7269,89.9407,35.4298
6664,LIVE,NEW_DATA,22.7269,89.9407,35.4298
6665,LIVE,NEW_DATA,22.7269,89.9407,35.4298
6666,LIVE,NEW_DATA,22.7269,89.9407,35.4298
6667,LIVE,NEW_DATA,22.7269,89.9407,35.4298
6668,LIVE,NEW_DATA,22.7269,89.9407,35.4298
6669,LIVE,NEW_DATA,22.7269,89.9407,35.4298
6670,LIVE,NEW_DATA,22.7269,90.1445,35.6374
6671,LIVE,NEW_DATA,22.7269,90.1445,35.6374
6672,LIVE,NEW_DATA,22.7269,90.1445,35.6374
6673,LIVE,NEW_DATA,22.7269,90.1445,35.6374
6674,LIVE,NEW_DATA,22.7269,90.1445,35.6374
6675,LIVE,NEW_DATA,22.7269,90.1445,35.6374
6676,LIVE,NEW_DATA,22.7269,90.1445,35.6374
6677,LIVE,NEW_DATA,22.7269,90.1445,35.6374
6678,LIVE,NEW_DATA,22.7269,90.1445,35.6374
6679,LIVE,NEW_DATA,22.7269,90.1445,35.6374
6680,LIVE,NEW_DATA,22.7269,90.1445,35.6374
6681,LIVE,NEW_DATA,22.7269,90.1445,35.6374
6682,LIVE,NEW_DATA,22.7269,90.1445,35.6374
6683,LIVE,NEW_DATA,22.7269,90.1445,35.6374
6684,LIVE,NEW_DATA,22.7269,90.1445,35.6374
6685,LIVE,NEW_DATA,22.7269,90.1445,35.6374
6686,LIVE,NEW_DATA,22.7269,90.1445,35.6374
6687,LIVE,NEW_DATA,22.7269,90.1445,35.6374
6688,LIVE,NEW_DATA,22.7269,90.1445,35.6374
6689,LIVE,NEW_DATA,22.7269,90.1445,35.6374
6690,LIVE,NEW_DATA,22.7269,90.1445,35.6374
6691,LIVE,NEW_DATA,22.7269,90.1445,35.6374
6692,LIVE,NEW_DATA,22.7269,90.1445,35.6374
6693,LIVE,NEW_DATA,22.7269,90.1445,35.6374
6694,LIVE,NEW_DATA,22.7269,90.1445,35.6374
6695,LIVE,NEW_DATA,22.7269,90.2845,35.6954
6696,LIVE,NEW_DATA,22.7269,90.2845,35.6954
6697,LIVE,NEW_DATA,22.7269,90.2845,35.6954
6698,LIVE,NEW_DATA,22.7269,90.2845,35.6954
6699,LIVE,NEW_DATA,22.7269,90.2845,35.6954
6700,LIVE,NEW_DATA,22.7269,90.2845,35.6954
6701,LIVE,NEW_DATA,22.7269,90.2845,35.6954
6702,LIVE,NEW_DATA,22.7269,90.2845,35.6954
6703,LIVE,NEW_DATA,22.7269,90.2845,35.6954
6704,LIVE,NEW_DATA,22.7269,90.2845,35.6954
6705,LIVE,NEW_DATA,22.7269,90.2845,35.6954
6706,LIVE,NEW_DATA,22.7269,90.2845,35.6954
6707,LIVE,NEW_DATA,22.7269,90.2845,35.6954
6708,LIVE,NEW_DATA,22.7269,90.2845,35.6954
6709,LIVE,NEW_DATA,22.7269,90.2845,35.6954
6710,LIVE,NEW_DATA,22.7269,90.2845,35.6954
6711,LIVE,NEW_DATA,22.7269,90.2845,35.6954
6712,LIVE,NEW_DATA,22.7269,90.2845,35.6954
6713,LIVE,NEW_DATA,22.7269,90.2845,35.6954
6714,LIVE,NEW_DATA,22.7269,90.2845,35.6954
6715,LIVE,NEW_DATA,22.7269,90.2845,35.6954
6716,LIVE,NEW_DATA,22.7269,90.2845,35.6954
6717,LIVE,NEW_DATA,22.7269,90.2845,35.6954
6718,LIVE,NEW_DATA,22.7269,90.2845,35.6954
6719,LIVE,NEW_DATA,22.7269,90.7107,35.7736
6720,LIVE,NEW_DATA,22.7269,90.7107,35.7736
6721,LIVE,NEW_DATA,22.7269,90.7107,35.7736
6722,LIVE,NEW_DATA,22.7269,90.7107,35.7736
6723,LIVE,NEW_DATA,22.7269,90.7107,35.7736
6724,LIVE,NEW_DATA,22.7269,90.7107,35.7736
6725,LIVE,NEW_DATA,22.7269,90.7107,35.7736
6726,LIVE,NEW_DATA,22.7269,90.7107,35.7736
6727,LIVE,NEW_DATA,22.7269,90.7107,35.7736
6728,LIVE,NEW_DATA,22.7269,90.7107,35.7736
6729,LIVE,NEW_DATA,22.7269,90.7107,35.7736
6730,LIVE,NEW_DATA,22.7269,90.7107,35.7736
6731,LIVE,NEW_DATA,22.7269,90.7107,35.7736
6732,LIVE,NEW_DATA,22.7269,90.7107,35.7736
6733,LIVE,NEW_DATA,22.7269,90.7107,35.7736
6734,LIVE,NEW_DATA,22.7269,90.7107,35.7736
6735,LIVE,NEW_DATA,22.7269,90.7107,35.7736
6736,LIVE,NEW_DATA,22.7269,90.7107,35.7736
6737,LIVE,NEW_DATA,22.7269,90.7107,35.7736
6738,LIVE,NEW_DATA,22.7269,90.7107,35.7736
6739,LIVE,NEW_DATA,22.7269,90.7107,35.7736
6740,LIVE,NEW_DATA,22.7269,90.7107,35.7736
6741,LIVE,NEW_DATA,22.7269,90.7107,35.7736
6742,LIVE,NEW_DATA,22.7269,90.7107,35.7736
6743,LIVE,NEW_DATA,22.7269,90.8791,35.5332
6744,LIVE,NEW_DATA,22.7269,90.8791,35.5332
6745,LIVE,NEW_DATA,22.7269,90.8791,35.5332
6746,LIVE,NEW_DATA,22.7269,90.8791,35.5332
6747,LIVE,NEW_DATA,22.7269,90.8791,35.5332
6748,LIVE,NEW_DATA,22.7269,90.8791,35.5332
6749,LIVE,NEW_DATA,22.7269,90.8791,35.5332
6750,LIVE,NEW_DATA,22.7269,90.8791,35.5332
6751,LIVE,NEW_DATA,22.7269,90.8791,35.5332
6752,LIVE,NEW_DATA,22.7269,90.8791,35.5332
6753,LIVE,NEW_DATA,22.7269,90.8791,35.5332
6754,LIVE,NEW_DATA,22.7269,90.8791,35.5332
6755,LIVE,NEW_DATA,22.7269,90.8791,35.5332
6756,LIVE,NEW_DATA,22.7269,90.8791,35.5332
6757,LIVE,NEW_DATA,22.7269,90.8791,35.5332
6758,LIVE,NEW_DATA,22.7269,90.8791,35.5332
6759,LIVE,NEW_DATA,22.7269,90.8791,35.5332
6760,LIVE,NEW_DATA,22.7269,90.8791,35.5332
6761,LIVE,NEW_DATA,22.7269,90.8791,35.5332
6762,LIVE,NEW_DATA,22.7269,90.8791,35.5332
6763,LIVE,NEW_DATA,22.7269,90.8791,35.5332
6764,LIVE,NEW_DATA,22.7269,90.8791,35.5332
6765,LIVE,NEW_DATA,22.7269,90.8791,35.5332
6766,LIVE,NEW_DATA,22.7269,90.8791,35.5332
6767,LIVE,NEW_DATA,22.7269,91.1077,35.3261
6768,LIVE,NEW_DATA,22.7269,91.1077,35.3261
6769,LIVE,NEW_DATA,22.7269,91.1077,35.3261
6770,LIVE,NEW_DATA,22.7269,91.1077,35.3261
6771,LIVE,NEW_DATA,22.7269,91.1077,35.3261
6772,LIVE,NEW_DATA,22.7269,91.1077,35.3261
6773,LIVE,NEW_DATA,22.7269,91.1077,35.3261
6774,LIVE,NEW_DATA,22.7269,91.1077,35.3261
6775,LIVE,NEW_DATA,22.7269,91.1077,35.3261
6776,LIVE,NEW_DATA,22.7269,91.1077,35.3261
6777,LIVE,NEW_DATA,22.7269,91.1077,35.3261
6778,LIVE,NEW_DATA,22.7269,91.1077,35.3261
6779,LIVE,NEW_DATA,22.7269,91.1077,35.3261
6780,LIVE,NEW_DATA,22.7269,91.1077,35.3261
6781,LIVE,NEW_DATA,22.7269,91.1077,35.3261
6782,LIVE,NEW_DATA,22.7269,91.1077,35.3261
6783,LIVE,NEW_DATA,22.7269,91.1077,35.3261
6784,LIVE,NEW_DATA,22.7269,91.1077,35.3261
6785,LIVE,NEW_DATA,22.7269,91.1077,35.3261
6786,LIVE,NEW_DATA,22.7269,91.1077,35.3261
6787,LIVE,NEW_DATA,22.7269,91.1077,35.3261
6788,LIVE,NEW_DATA,22.7269,91.1077,35.3261
6789,LIVE,NEW_DATA,22.7269,91.1077,35.3261
6790,LIVE,NEW_DATA,22.7269,91.1077,35.3261
6791,LIVE,NEW_DATA,22.7269,91.1077,35.3261
6792,LIVE,NEW_DATA,22.7269,91.1708,35.2291
6793,LIVE,NEW_DATA,22.7269,91.1708,35.2291
6794,LIVE,NEW_DATA,22.7269,91.1708,35.2291
6795,LIVE,NEW_DATA,22.7269,91.1708,35.2291
6796,LIVE,NEW_DATA,22.7269,91.1708,35.2291
6797,LIVE,NEW_DATA,22.7269,91.1708,35.2291
6798,LIVE,NEW_DATA,22.7269,91.1708,35.2291
6799,LIVE,NEW_DATA,22.7269,91.1708,35.2291
6800,LIVE,NEW_DATA,22.7269,91.1708,35.2291
6801,LIVE,NEW_DATA,22.7269,91.1708,35.2291
6802,LIVE,NEW_DATA,22.7269,91.1708,35.2291
6803,LIVE,NEW_DATA,22.7269,91.1708,35.2291
6804,LIVE,NEW_DATA,22.7269,91.1708,35.2291
6805,LIVE,NEW_DATA,22.7269,91.1708,35.2291
6806,LIVE,NEW_DATA,22.7269,91.1708,35.2291
6807,LIVE,NEW_DATA,22.7269,91.1708,35.2291
6808,LIVE,NEW_DATA,22.7269,91.1708,35.2291
6809,LIVE,NEW_DATA,22.7269,91.1708,35.2291
6810,LIVE,NEW_DATA,22.7269,91.1708,35.2291
6811,LIVE,NEW_DATA,22.7269,91.1708,35.2291
6812,LIVE,NEW_DATA,22.7269,91.1708,35.2291
6813,LIVE,NEW_DATA,22.7269,91.1708,35.2291
6814,LIVE,NEW_DATA,22.7269,91.1708,35.2291
6815,LIVE,NEW_DATA,22.7269,91.1708,35.2291
6816,LIVE,NEW_DATA,22.7269,91.0291,35.3479
6817,LIVE,NEW_DATA,22.7269,91.0291,35.3479
6818,LIVE,NEW_DATA,22.7269,91.0291,35.3479
6819,LIVE,NEW_DATA,22.7269,91.0291,35.3479
6820,LIVE,NEW_DATA,22.7269,91.0291,35.3479
6821,LIVE,NEW_DATA,22.7269,91.0291,35.3479
6822,LIVE,NEW_DATA,22.7269,91.0291,35.3479
6823,LIVE,NEW_DATA,22.7269,91.0291,35.3479
6824,LIVE,NEW_DATA,22.7269,91.0291,35.3479
6825,LIVE,NEW_DATA,22.7269,91.0291,35.3479
6826,LIVE,NEW_DATA,22.7269,91.0291,35.3479
6827,LIVE,NEW_DATA,22.7269,91.0291,35.3479
6828,LIVE,NEW_DATA,22.7269,91.0291,35.3479
6829,LIVE,NEW_DATA,22.7269,91.0291,35.3479
6830,LIVE,NEW_DATA,22.7269,91.0291,35.3479
6831,LIVE,NEW_DATA,22.7269,91.0291,35.3479
6832,LIVE,NEW_DATA,22.7269,91.0291,35.3479
6833,LIVE,NEW_DATA,22.7269,91.0291,35.3479
6834,LIVE,NEW_DATA,22.7269,91.0291,35.3479
6835,LIVE,NEW_DATA,22.7269,91.0291,35.3479
6836,LIVE,NEW_DATA,22.7269,91.0291,35.3479
6837,LIVE,NEW_DATA,22.7269,91.0291,35.3479
6838,LIVE,NEW_DATA,22.7269,91.0291,35.3479
6839,LIVE,NEW_DATA,22.7269,91.0291,35.3479
6840,LIVE,NEW_DATA,22.7269,91.0291,35.3479
6841,LIVE,NEW_DATA,22.7269,90.9759,35.4776
6842,LIVE,NEW_DATA,22.7269,90.9759,35.4776
6843,LIVE,NEW_DATA,22.7269,90.9759,35.4776
6844,LIVE,NEW_DATA,22.7269,90.9759,35.4776
6845,LIVE,NEW_DATA,22.7269,90.9759,35.4776
6846,LIVE,NEW_DATA,22.7269,90.9759,35.4776
6847,LIVE,NEW_DATA,22.7269,90.9759,35.4776
6848,LIVE,NEW_DATA,22.7269,90.9759,35.4776
6849,LIVE,NEW_DATA,22.7269,90.9759,35.4776
6850,LIVE,NEW_DATA,22.7269,90.9759,35.4776
6851,LIVE,NEW_DATA,22.7269,90.9759,35.4776
6852,LIVE,NEW_DATA,22.7269,90.9759,35.4776
6853,LIVE,NEW_DATA,22.7269,90.9759,35.4776
6854,LIVE,NEW_DATA,22.7269,90.9759,35.4776
6855,LIVE,NEW_DATA,22.7269,90.9759,35.4776
6856,LIVE,NEW_DATA,22.7269,90.9759,35.4776
6857,LIVE,NEW_DATA,22.7269,90.9759,35.4776
6858,LIVE,NEW_DATA,22.7269,90.9759,35.4776
6859,LIVE,NEW_DATA,22.7269,90.9759,35.4776
6860,LIVE,NEW_DATA,22.7269,90.9759,35.4776
6861,LIVE,NEW_DATA,22.7269,90.9759,35.4776
6862,LIVE,NEW_DATA,22.7269,90.9759,35.4776
6863,LIVE,NEW_DATA,22.7269,90.9759,35.4776
6864,LIVE,NEW_DATA,22.7269,90.9759,35.4776
6865,LIVE,NEW_DATA,22.7269,91.1556,35.2722
6866,LIVE,NEW_DATA,22.7269,91.1556,35.2722
6867,LIVE,NEW_DATA,22.7269,91.1556,35.2722
6868,LIVE,NEW_DATA,22.7269,91.1556,35.2722
6869,LIVE,NEW_DATA,22.7269,91.1556,35.2722
6870,LIVE,NEW_DATA,22.7269,91.1556,35.2722
6871,LIVE,NEW_DATA,22.7269,91.1556,35.2722
6872,LIVE,NEW_DATA,22.7269,91.1556,35.2722
6873,LIVE,NEW_DATA,22.7269,91.1556,35.2722
6874,LIVE,NEW_DATA,22.7269,91.1556,35.2722
6875,LIVE,NEW_DATA,22.7269,91.1556,35.2722
6876,LIVE,NEW_DATA,22.7269,91.1556,35.2722
6877,LIVE,NEW_DATA,22.7269,91.1556,35.2722
6878,LIVE,NEW_DATA,22.7269,91.1556,35.2722
6879,LIVE,NEW_DATA,22.7269,91.1556,35.2722
6880,LIVE,NEW_DATA,22.7269,91.1556,35.2722
6881,LIVE,NEW_DATA,22.7269,91.1556,35.2722
6882,LIVE,NEW_DATA,22.7269,91.1556,35.2722
6883,LIVE,NEW_DATA,22.7269,91.1556,35.2722
6884,LIVE,NEW_DATA,22.7269,91.1556,35.2722
6885,LIVE,NEW_DATA,22.7269,91.1556,35.2722
6886,LIVE,NEW_DATA,22.7269,91.1556,35.2722
6887,LIVE,NEW_DATA,22.7269,91.1556,35.2722
6888,LIVE,NEW_DATA,22.7269,91.1556,35.2722
6889,LIVE,NEW_DATA,22.7269,91.1443,35.2816
6890,LIVE,NEW_DATA,22.7269,91.1443,35.2816
6891,LIVE,NEW_DATA,22.7269,91.1443,35.2816
6892,LIVE,NEW_DATA,22.7269,91.1443,35.2816
6893,LIVE,NEW_DATA,22.7269,91.1443,35.2816
6894,LIVE,NEW_DATA,22.7269,91.1443,35.2816
6895,LIVE,NEW_DATA,22.7269,91.1443,35.2816
6896,LIVE,NEW_DATA,22.7269,91.1443,35.2816
6897,LIVE,NEW_DATA,22.7269,91.1443,35.2816
6898,LIVE,NEW_DATA,22.7269,91.1443,35.2816
6899,LIVE,NEW_DATA,22.7269,91.1443,35.2816
6900,LIVE,NEW_DATA,22.7269,91.1443,35.2816
6901,LIVE,NEW_DATA,22.7269,91.1443,35.2816
6902,LIVE,NEW_DATA,22.7269,91.1443,35.2816
6903,LIVE,NEW_DATA,22.7269,91.1443,35.2816
6904,LIVE,NEW_DATA,22.7269,91.1443,35.2816
6905,LIVE,NEW_DATA,22.7269,91.1443,35.2816
6906,LIVE,NEW_DATA,22.7269,91.1443,35.2816
6907,LIVE,NEW_DATA,22.7269,91.1443,35.2816
6908,LIVE,NEW_DATA,22.7269,91.1443,35.2816
6909,LIVE,NEW_DATA,22.7269,91.1443,35.2816
6910,LIVE,NEW_DATA,22.7269,91.1443,35.2816
6911,LIVE,NEW_DATA,22.7269,91.1443,35.2816
6912,LIVE,NEW_DATA,22.7269,91.1443,35.2816
6913,LIVE,NEW_DATA,22.7269,91.1443,35.2816
6914,LIVE,NEW_DATA,22.7269,91.3683,35.4286
6915,LIVE,NEW_DATA,22.7269,91.3683,35.4286
6916,LIVE,NEW_DATA,22.7269,91.3683,35.4286
6917,LIVE,NEW_DATA,22.7269,91.3683,35.4286
6918,LIVE,NEW_DATA,22.7269,91.3683,35.4286
6919,LIVE,NEW_DATA,22.7269,91.3683,35.4286
6920,LIVE,NEW_DATA,22.7269,91.3683,35.4286
6921,LIVE,NEW_DATA,22.7269,91.3683,35.4286
6922,LIVE,NEW_DATA,22.7269,91.3683,35.4286
6923,LIVE,NEW_DATA,22.7269,91.3683,35.4286
6924,LIVE,NEW_DATA,22.7269,91.3683,35.4286
6925,LIVE,NEW_DATA,22.7269,91.3683,35.4286
6926,LIVE,NEW_DATA,22.7269,91.3683,35.4286
6927,LIVE,NEW_DATA,22.7269,91.3683,35.4286
6928,LIVE,NEW_DATA,22.7269,91.3683,35.4286
6929,LIVE,NEW_DATA,22.7269,91.3683,35.4286
6930,LIVE,NEW_DATA,22.7269,91.3683,35.4286
6931,LIVE,NEW_DATA,22.7269,91.3683,35.4286
6932,LIVE,NEW_DATA,22.7269,91.3683,35.4286
6933,LIVE,NEW_DATA,22.7269,91.3683,35.4286
6934,LIVE,NEW_DATA,22.7269,91.3683,35.4286
6935,LIVE,NEW_DATA,22.7269,91.3683,35.4286
6936,LIVE,NEW_DATA,22.7269,91.3683,35.4286
6937,LIVE,NEW_DATA,22.7269,91.3683,35.4286
6938,LIVE,NEW_DATA,22.7269,91.5804,35.3019
6939,LIVE,NEW_DATA,22.7269,91.5804,35.3019
6940,LIVE,NEW_DATA,22.7269,91.5804,35.3019
6941,LIVE,NEW_DATA,22.7269,91.5804,35.3019
6942,LIVE,NEW_DATA,22.7269,91.5804,35.3019
6943,LIVE,NEW_DATA,22.7269,91.5804,35.3019
6944,LIVE,NEW_DATA,22.7269,91.5804,35.3019
6945,LIVE,NEW_DATA,22.7269,91.5804,35.3019
6946,LIVE,NEW_DATA,22.7269,91.5804,35.3019
6947,LIVE,NEW_DATA,22.7269,91.5804,35.3019
6948,LIVE,NEW_DATA,22.7269,91.5804,35.3019
6949,LIVE,NEW_DATA,22.7269,91.5804,35.3019
6950,LIVE,NEW_DATA,22.7269,91.5804,35.3019
6951,LIVE,NEW_DATA,22.7269,91.5804,35.3019
6952,LIVE,NEW_DATA,22.7269,91.5804,35.3019
6953,LIVE,NEW_DATA,22.7269,91.5804,35.3019
6954,LIVE,NEW_DATA,22.7269,91.5804,35.3019
6955,LIVE,NEW_DATA,22.7269,91.5804,35.3019
6956,LIVE,NEW_DATA,22.7269,91.5804,35.3019
6957,LIVE,NEW_DATA,22.7269,91.5804,35.3019
6958,LIVE,NEW_DATA,22.7269,91.5804,35.3019
6959,LIVE,NEW_DATA,22.7269,91.5804,35.3019
6960,LIVE,NEW_DATA,22.7269,91.5804,35.3019
6961,LIVE,NEW_DATA,22.7269,91.5804,35.3019
6962,LIVE,NEW_DATA,22.7269,91.4721,35.3065
6963,LIVE,NEW_DATA,22.7269,91.4721,35.3065
6964,LIVE,NEW_DATA,22.7269,91.4721,35.3065
6965,LIVE,NEW_DATA,22.7269,91.4721,35.3065
6966,LIVE,NEW_DATA,22.7269,91.4721,35.3065
6967,LIVE,NEW_DATA,22.7269,91.4721,35.3065
6968,LIVE,NEW_DATA,22.7269,91.4721,35.3065
6969,LIVE,NEW_DATA,22.7269,91.4721,35.3065
6970,LIVE,NEW_DATA,22.7269,91.4721,35.3065
6971,LIVE,NEW_DATA,22.7269,91.4721,35.3065
6972,LIVE,NEW_DATA,22.7269,91.4721,35.3065
6973,LIVE,NEW_DATA,22.7269,91.4721,35.3065
6974,LIVE,NEW_DATA,22.7269,91.4721,35.3065
6975,LIVE,NEW_DATA,22.7269,91.4721,35.3065
6976,LIVE,NEW_DATA,22.7269,91.4721,35.3065
6977,LIVE,NEW_DATA,22.7269,91.4721,35.3065
6978,LIVE,NEW_DATA,22.7269,91.4721,35.3065
6979,LIVE,NEW_DATA,22.7269,91.4721,35.3065
6980,LIVE,NEW_DATA,22.7269,91.4721,35.3065
6981,LIVE,NEW_DATA,22.7269,91.4721,35.3065
6982,LIVE,NEW_DATA,22.7269,91.4721,35.3065
6983,LIVE,NEW_DATA,22.7269,91.4721,35.3065
6984,LIVE,NEW_DATA,22.7269,91.4721,35.3065
6985,LIVE,NEW_DATA,22.7269,91.4721,35.3065
6986,LIVE,NEW_DATA,22.7269,91.4721,35.3065
6987,LIVE,NEW_DATA,22.7269,91.5843,35.3183
6988,LIVE,NEW_DATA,22.7269,91.5843,35.3183
6989,LIVE,NEW_DATA,22.7269,91.5843,35.3183
6990,LIVE,NEW_DATA,22.7269,91.5843,35.3183
6991,LIVE,NEW_DATA,22.7269,91.5843,35.3183
6992,LIVE,NEW_DATA,22.7269,91.5843,35.3183
6993,LIVE,NEW_DATA,22.7269,91.5843,35.3183
6994,LIVE,NEW_DATA,22.7269,91.5843,35.3183
6995,LIVE,NEW_DATA,22.7269,91.5843,35.3183
6996,LIVE,NEW_DATA,22.7269,91.5843,35.3183
6997,LIVE,NEW_DATA,22.7269,91.5843,35.3183
6998,LIVE,NEW_DATA,22.7269,91.5843,35.3183
6999,LIVE,NEW_DATA,22.7269,91.5843,35.3183
7000,LIVE,NEW_DATA,22.7269,91.5843,35.3183
7001,LIVE,NEW_DATA,22.7269,91.5843,35.3183
7002,LIVE,NEW_DATA,22.7269,91.5843,35.3183
7003,LIVE,NEW_DATA,22.7269,91.5843,35.3183
7004,LIVE,NEW_DATA,22.7269,91.5843,35.3183
7005,LIVE,NEW_DATA,22.7269,91.5843,35.3183
7006,LIVE,NEW_DATA,22.7269,91.5843,35.3183
7007,LIVE,NEW_DATA,22.7269,91.5843,35.3183
7008,LIVE,NEW_DATA,22.7269,91.5843,35.3183
7009,LIVE,NEW_DATA,22.7269,91.5843,35.3183
7010,LIVE,NEW_DATA,22.7269,91.5843,35.3183
7011,LIVE,NEW_DATA,22.7269,91.8135,35.3183
7012,LIVE,NEW_DATA,22.7269,91.8135,35.3183
7013,LIVE,NEW_DATA,22.7269,91.8135,35.3183
7014,LIVE,NEW_DATA,22.7269,91.8135,35.3183
7015,LIVE,NEW_DATA,22.7269,91.8135,35.3183
7016,LIVE,NEW_DATA,22.7269,91.8135,35.3183
7017,LIVE,NEW_DATA,22.7269,91.8135,35.3183
7018,LIVE,NEW_DATA,22.7269,91.8135,35.3183
7019,LIVE,NEW_DATA,22.7269,91.8135,35.3183
7020,LIVE,NEW_DATA,22.7269,91.8135,35.3183
7021,LIVE,NEW_DATA,22.7269,91.8135,35.3183
7022,LIVE,NEW_DATA,22.7269,91.8135,35.3183
7023,LIVE,NEW_DATA,22.7269,91.8135,35.3183
7024,LIVE,NEW_DATA,22.7269,91.8135,35.3183
7025,LIVE,NEW_DATA,22.7269,91.8135,35.3183
7026,LIVE,NEW_DATA,22.7269,91.8135,35.3183
7027,LIVE,NEW_DATA,22.7269,91.8135,35.3183
7028,LIVE,NEW_DATA,22.7269,91.8135,35.3183
7029,LIVE,NEW_DATA,22.7269,91.8135,35.3183
7030,LIVE,NEW_DATA,22.7269,91.8135,35.3183
7031,LIVE,NEW_DATA,22.7269,91.8135,35.3183
7032,LIVE,NEW_DATA,22.7269,91.8135,35.3183
7033,LIVE,NEW_DATA,22.7269,91.8135,35.3183
7034,LIVE,NEW_DATA,22.7269,91.8135,35.3183
7035,LIVE,NEW_DATA,22.7269,91.7545,35.2979
7036,LIVE,NEW_DATA,22.7269,91.7545,35.2979
7037,LIVE,NEW_DATA,22.7269,91.7545,35.2979
7038,LIVE,NEW_DATA,22.7269,91.7545,35.2979
7039,LIVE,NEW_DATA,22.7269,91.7545,35.2979
7040,LIVE,NEW_DATA,22.7269,91.7545,35.2979
7041,LIVE,NEW_DATA,22.7269,91.7545,35.2979
7042,LIVE,NEW_DATA,22.7269,91.7545,35.2979
7043,LIVE,NEW_DATA,22.7269,91.7545,35.2979
7044,LIVE,NEW_DATA,22.7269,91.7545,35.2979
7045,LIVE,NEW_DATA,22.7269,91.7545,35.2979
7046,LIVE,NEW_DATA,22.7269,91.7545,35.2979
7047,LIVE,NEW_DATA,22.7269,91.7545,35.2979
7048,LIVE,NEW_DATA,22.7269,91.7545,35.2979
7049,LIVE,NEW_DATA,22.7269,91.7545,35.2979
7050,LIVE,NEW_DATA,22.7269,91.7545,35.2979
7051,LIVE,NEW_DATA,22.7269,91.7545,35.2979
7052,LIVE,NEW_DATA,22.7269,91.7545,35.2979
7053,LIVE,NEW_DATA,22.7269,91.7545,35.2979
7054,LIVE,NEW_DATA,22.7269,91.7545,35.2979
7055,LIVE,NEW_DATA,22.7269,91.7545,35.2979
7056,LIVE,NEW_DATA,22.7269,91.7545,35.2979
7057,LIVE,NEW_DATA,22.7269,91.7545,35.2979
7058,LIVE,NEW_DATA,22.7269,91.7545,35.2979
7059,LIVE,NEW_DATA,22.7269,91.9237,35.2944
7060,LIVE,NEW_DATA,22.7269,91.9237,35.2944
7061,LIVE,NEW_DATA,22.7269,91.9237,35.2944
7062,LIVE,NEW_DATA,22.7269,91.9237,35.2944
7063,LIVE,NEW_DATA,22.7269,91.9237,35.2944
7064,LIVE,NEW_DATA,22.7269,91.9237,35.2944
7065,LIVE,NEW_DATA,22.7269,91.9237,35.2944
7066,LIVE,NEW_DATA,22.7269,91.9237,35.2944
7067,LIVE,NEW_DATA,22.7269,91.9237,35.2944
7068,LIVE,NEW_DATA,22.7269,91.9237,35.2944
7069,LIVE,NEW_DATA,22.7269,91.9237,35.2944
7070,LIVE,NEW_DATA,22.7269,91.9237,35.2944
7071,LIVE,NEW_DATA,22.7269,91.9237,35.2944
7072,LIVE,NEW_DATA,22.7269,91.9237,35.2944
7073,LIVE,NEW_DATA,22.7269,91.9237,35.2944
7074,LIVE,NEW_DATA,22.7269,91.9237,35.2944
7075,LIVE,NEW_DATA,22.7269,91.9237,35.2944
7076,LIVE,NEW_DATA,22.7269,91.9237,35.2944
7077,LIVE,NEW_DATA,22.7269,91.9237,35.2944
7078,LIVE,NEW_DATA,22.7269,91.9237,35.2944
7079,LIVE,NEW_DATA,22.7269,91.9237,35.2944
7080,LIVE,NEW_DATA,22.7269,91.9237,35.2944
7081,LIVE,NEW_DATA,22.7269,91.9237,35.2944
7082,LIVE,NEW_DATA,22.7269,91.9237,35.2944
7083,LIVE,NEW_DATA,22.7269,92.1335,35.2832
7084,LIVE,NEW_DATA,22.7269,92.1335,35.2832
7085,LIVE,NEW_DATA,22.7269,92.1335,35.2832
7086,LIVE,NEW_DATA,22.7269,92.1335,35.2832
7087,LIVE,NEW_DATA,22.7269,92.1335,35.2832
7088,LIVE,NEW_DATA,22.7269,92.1335,35.2832
7089,LIVE,NEW_DATA,22.7269,92.1335,35.2832
7090,LIVE,NEW_DATA,22.7269,92.1335,35.2832
7091,LIVE,NEW_DATA,22.7269,92.1335,35.2832
7092,LIVE,NEW_DATA,22.7269,92.1335,35.2832
7093,LIVE,NEW_DATA,22.7269,92.1335,35.2832
7094,LIVE,NEW_DATA,22.7269,92.1335,35.2832
7095,LIVE,NEW_DATA,22.7269,92.1335,35.2832
7096,LIVE,NEW_DATA,22.7269,92.1335,35.2832
7097,LIVE,NEW_DATA,22.7269,92.1335,35.2832
7098,LIVE,NEW_DATA,22.7269,92.1335,35.2832
7099,LIVE,NEW_DATA,22.7269,92.1335,35.2832
7100,LIVE,NEW_DATA,22.7269,92.1335,35.2832
7101,LIVE,NEW_DATA,22.7269,92.1335,35.2832
7102,LIVE,NEW_DATA,22.7269,92.1335,35.2832
7103,LIVE,NEW_DATA,22.7269,92.1335,35.2832
7104,LIVE,NEW_DATA,22.7269,92.1335,35.2832
7105,LIVE,NEW_DATA,22.7269,92.1335,35.2832
7106,LIVE,NEW_DATA,22.7269,92.1335,35.2832
7107,LIVE,NEW_DATA,22.7269,92.1335,35.2832
7108,LIVE,NEW_DATA,22.7269,92.1335,35.2832
7109,LIVE,NEW_DATA,22.7269,92.1335,35.2832
7110,LIVE,NEW_DATA,22.7269,92.1335,35.2832
7111,LIVE,NEW_DATA,22.7269,92.1335,35.2832
7112,LIVE,NEW_DATA,22.7269,92.1335,35.2832
7113,LIVE,NEW_DATA,22.7269,92.1335,35.2832
7114,LIVE,NEW_DATA,22.7269,92.1335,35.2832
7115,LIVE,NEW_DATA,22.7269,92.1335,35.2832
7116,LIVE,NEW_DATA,22.7269,92.1335,35.2832
7117,LIVE,NEW_DATA,22.7269,92.1335,35.2832
7118,LIVE,NEW_DATA,22.7269,92.1335,35.2832
7119,LIVE,NEW_DATA,22.7269,92.1335,35.2832
7120,LIVE,NEW_DATA,22.7269,92.1335,35.2832
7121,LIVE,NEW_DATA,22.7269,92.1335,35.2832
7122,LIVE,NEW_DATA,22.7269,92.1335,35.2832
7123,LIVE,NEW_DATA,22.7269,92.1335,35.2832
7124,LIVE,NEW_DATA,22.7269,92.1335,35.2832
7125,LIVE,NEW_DATA,22.7269,92.1335,35.2832
7126,LIVE,NEW_DATA,22.7269,92.1335,35.2832
7127,LIVE,NEW_DATA,22.7269,92.1335,35.2832
7128,LIVE,NEW_DATA,22.7269,92.1335,35.2832
7129,LIVE,NEW_DATA,22.7269,92.1335,35.2832
7130,LIVE,NEW_DATA,22.7269,92.1335,35.2832
7131,LIVE,NEW_DATA,22.7269,92.3509,35.3386
7132,LIVE,NEW_DATA,22.7269,92.3509,35.3386
7133,LIVE,NEW_DATA,22.7269,92.3509,35.3386
7134,LIVE,NEW_DATA,22.7269,92.3509,35.3386
7135,LIVE,NEW_DATA,22.7269,92.3509,35.3386
7136,LIVE,NEW_DATA,22.7269,92.3509,35.3386
7137,LIVE,NEW_DATA,22.7269,92.3509,35.3386
7138,LIVE,NEW_DATA,22.7269,92.3509,35.3386
7139,LIVE,NEW_DATA,22.7269,92.3509,35.3386
7140,LIVE,NEW_DATA,22.7269,92.3509,35.3386
7141,LIVE,NEW_DATA,22.7269,92.3509,35.3386
7142,LIVE,NEW_DATA,22.7269,92.3509,35.3386
7143,LIVE,NEW_DATA,22.7269,92.3509,35.3386
7144,LIVE,NEW_DATA,22.7269,92.3509,35.3386
7145,LIVE,NEW_DATA,22.7269,92.3509,35.3386
7146,LIVE,NEW_DATA,22.7269,92.3509,35.3386
7147,LIVE,NEW_DATA,22.7269,92.3509,35.3386
7148,LIVE,NEW_DATA,22.7269,92.3509,35.3386
7149,LIVE,NEW_DATA,22.7269,92.3509,35.3386
7150,LIVE,NEW_DATA,22.7269,92.3509,35.3386
7151,LIVE,NEW_DATA,22.7269,92.3509,35.3386
7152,LIVE,NEW_DATA,22.7269,92.3509,35.3386
7153,LIVE,NEW_DATA,22.7269,92.3509,35.3386
7154,LIVE,NEW_DATA,22.7269,92.3509,35.3386
7155,LIVE,NEW_DATA,22.7269,92.3509,35.3386
7156,LIVE,NEW_DATA,22.7269,92.4710,35.2463
7157,LIVE,NEW_DATA,22.7269,92.4710,35.2463
7158,LIVE,NEW_DATA,22.7269,92.4710,35.2463
7159,LIVE,NEW_DATA,22.7269,92.4710,35.2463
7160,LIVE,NEW_DATA,22.7269,92.4710,35.2463
7161,LIVE,NEW_DATA,22.7269,92.4710,35.2463
7162,LIVE,NEW_DATA,22.7269,92.4710,35.2463
7163,LIVE,NEW_DATA,22.7269,92.4710,35.2463
7164,LIVE,NEW_DATA,22.7269,92.4710,35.2463
7165,LIVE,NEW_DATA,22.7269,92.4710,35.2463
7166,LIVE,NEW_DATA,22.7269,92.4710,35.2463
7167,LIVE,NEW_DATA,22.7269,92.4710,35.2463
7168,LIVE,NEW_DATA,22.7269,92.4710,35.2463
7169,LIVE,NEW_DATA,22.7269,92.4710,35.2463
7170,LIVE,NEW_DATA,22.7269,92.4710,35.2463
7171,LIVE,NEW_DATA,22.7269,92.4710,35.2463
7172,LIVE,NEW_DATA,22.7269,92.4710,35.2463
7173,LIVE,NEW_DATA,22.7269,92.4710,35.2463
7174,LIVE,NEW_DATA,22.7269,92.4710,35.2463
7175,LIVE,NEW_DATA,22.7269,92.4710,35.2463
7176,LIVE,NEW_DATA,22.7269,92.4710,35.2463
7177,LIVE,NEW_DATA,22.7269,92.4710,35.2463
7178,LIVE,NEW_DATA,22.7269,92.4710,35.2463
7179,LIVE,NEW_DATA,22.7269,92.4710,35.2463
7180,LIVE,NEW_DATA,22.7269,92.5965,35.0512
7181,LIVE,NEW_DATA,22.7269,92.5965,35.0512
7182,LIVE,NEW_DATA,22.7269,92.5965,35.0512
7183,LIVE,NEW_DATA,22.7269,92.5965,35.0512
7184,LIVE,NEW_DATA,22.7269,92.5965,35.0512
7185,LIVE,NEW_DATA,22.7269,92.5965,35.0512
7186,LIVE,NEW_DATA,22.7269,92.5965,35.0512
7187,LIVE,NEW_DATA,22.7269,92.5965,35.0512
7188,LIVE,NEW_DATA,22.7269,92.5965,35.0512
7189,LIVE,NEW_DATA,22.7269,92.5965,35.0512
7190,LIVE,NEW_DATA,22.7269,92.5965,35.0512
7191,LIVE,NEW_DATA,22.7269,92.5965,35.0512
7192,LIVE,NEW_DATA,22.7269,92.5965,35.0512
7193,LIVE,NEW_DATA,22.7269,92.5965,35.0512
7194,LIVE,NEW_DATA,22.7269,92.5965,35.0512
7195,LIVE,NEW_DATA,22.7269,92.5965,35.0512
7196,LIVE,NEW_DATA,22.7269,92.5965,35.0512
7197,LIVE,NEW_DATA,22.7269,92.5965,35.0512
7198,LIVE,NEW_DATA,22.7269,92.5965,35.0512
7199,LIVE,NEW_DATA,22.7269,92.5965,35.0512
7200,LIVE,NEW_DATA,22.7269,92.5965,35.0512
7201,LIVE,NEW_DATA,22.7269,92.5965,35.0512
7202,LIVE,NEW_DATA,22.7269,92.5965,35.0512
7203,LIVE,NEW_DATA,22.7269,92.5965,35.0512
7204,LIVE,NEW_DATA,22.7269,92.7044,35.1521
7205,LIVE,NEW_DATA,22.7269,92.7044,35.1521
7206,LIVE,NEW_DATA,22.7269,92.7044,35.1521
7207,LIVE,NEW_DATA,22.7269,92.7044,35.1521
7208,LIVE,NEW_DATA,22.7269,92.7044,35.1521
7209,LIVE,NEW_DATA,22.7269,92.7044,35.1521
7210,LIVE,NEW_DATA,22.7269,92.7044,35.1521
7211,LIVE,NEW_DATA,22.7269,92.7044,35.1521
7212,LIVE,NEW_DATA,22.7269,92.7044,35.1521
7213,LIVE,NEW_DATA,22.7269,92.7044,35.1521
7214,LIVE,NEW_DATA,22.7269,92.7044,35.1521
7215,LIVE,NEW_DATA,22.7269,92.7044,35.1521
7216,LIVE,NEW_DATA,22.7269,92.7044,35.1521
7217,LIVE,NEW_DATA,22.7269,92.7044,35.1521
7218,LIVE,NEW_DATA,22.7269,92.7044,35.1521
7219,LIVE,NEW_DATA,22.7269,92.7044,35.1521
7220,LIVE,NEW_DATA,22.7269,92.7044,35.1521
7221,LIVE,NEW_DATA,22.7269,92.7044,35.1521
7222,LIVE,NEW_DATA,22.7269,92.7044,35.1521
7223,LIVE,NEW_DATA,22.7269,92.7044,35.1521
7224,LIVE,NEW_DATA,22.7269,92.7044,35.1521
7225,LIVE,NEW_DATA,22.7269,92.7044,35.1521
7226,LIVE,NEW_DATA,22.7269,92.7044,35.1521
7227,LIVE,NEW_DATA,22.7269,92.7044,35.1521
7228,LIVE,NEW_DATA,22.7269,92.7044,35.1521
7229,LIVE,NEW_DATA,22.7269,92.7594,35.3188
7230,LIVE,NEW_DATA,22.7269,92.7594,35.3188
7231,LIVE,NEW_DATA,22.7269,92.7594,35.3188
7232,LIVE,NEW_DATA,22.7269,92.7594,35.3188
7233,LIVE,NEW_DATA,22.7269,92.7594,35.3188
7234,LIVE,NEW_DATA,22.7269,92.7594,35.3188
7235,LIVE,NEW_DATA,22.7269,92.7594,35.3188
7236,LIVE,NEW_DATA,22.7269,92.7594,35.3188
7237,LIVE,NEW_DATA,22.7269,92.7594,35.3188
7238,LIVE,NEW_DATA,22.7269,92.7594,35.3188
7239,LIVE,NEW_DATA,22.7269,92.7594,35.3188
7240,LIVE,NEW_DATA,22.7269,92.7594,35.3188
7241,LIVE,NEW_DATA,22.7269,92.7594,35.3188
7242,LIVE,NEW_DATA,22.7269,92.7594,35.3188
7243,LIVE,NEW_DATA,22.7269,92.7594,35.3188
7244,LIVE,NEW_DATA,22.7269,92.7594,35.3188
7245,LIVE,NEW_DATA,22.7269,92.7594,35.3188
7246,LIVE,NEW_DATA,22.7269,92.7594,35.3188
7247,LIVE,NEW_DATA,22.7269,92.7594,35.3188
7248,LIVE,NEW_DATA,22.7269,92.7594,35.3188
7249,LIVE,NEW_DATA,22.7269,92.7594,35.3188
7250,LIVE,NEW_DATA,22.7269,92.7594,35.3188
7251,LIVE,NEW_DATA,22.7269,92.7594,35.3188
7252,LIVE,NEW_DATA,22.7269,92.7594,35.3188
7253,LIVE,NEW_DATA,22.7269,92.8542,35.3321
7254,LIVE,NEW_DATA,22.7269,92.8542,35.3321
7255,LIVE,NEW_DATA,22.7269,92.8542,35.3321
7256,LIVE,NEW_DATA,22.7269,92.8542,35.3321
7257,LIVE,NEW_DATA,22.7269,92.8542,35.3321
7258,LIVE,NEW_DATA,22.7269,92.8542,35.3321
7259,LIVE,NEW_DATA,22.7269,92.8542,35.3321
7260,LIVE,NEW_DATA,22.7269,92.8542,35.3321
7261,LIVE,NEW_DATA,22.7269,92.8542,35.3321
7262,LIVE,NEW_DATA,22.7269,92.8542,35.3321
7263,LIVE,NEW_DATA,22.7269,92.8542,35.3321
7264,LIVE,NEW_DATA,22.7269,92.8542,35.3321
7265,LIVE,NEW_DATA,22.7269,92.8542,35.3321
7266,LIVE,NEW_DATA,22.7269,92.8542,35.3321
7267,LIVE,NEW_DATA,22.7269,92.8542,35.3321
7268,LIVE,NEW_DATA,22.7269,92.8542,35.3321
7269,LIVE,NEW_DATA,22.7269,92.8542,35.3321
7270,LIVE,NEW_DATA,22.7269,92.8542,35.3321
7271,LIVE,NEW_DATA,22.7269,92.8542,35.3321
7272,LIVE,NEW_DATA,22.7269,92.8542,35.3321
7273,LIVE,NEW_DATA,22.7269,92.8542,35.3321
7274,LIVE,NEW_DATA,22.7269,92.8542,35.3321
7275,LIVE,NEW_DATA,22.7269,92.8542,35.3321
7276,LIVE,NEW_DATA,22.7269,92.8542,35.3321
7277,LIVE,NEW_DATA,22.7269,92.7363,35.4944
7278,LIVE,NEW_DATA,22.7269,92.7363,35.4944
7279,LIVE,NEW_DATA,22.7269,92.7363,35.4944
7280,LIVE,NEW_DATA,22.7269,92.7363,35.4944
7281,LIVE,NEW_DATA,22.7269,92.7363,35.4944
7282,LIVE,NEW_DATA,22.7269,92.7363,35.4944
7283,LIVE,NEW_DATA,22.7269,92.7363,35.4944
7284,LIVE,NEW_DATA,22.7269,92.7363,35.4944
7285,LIVE,NEW_DATA,22.7269,92.7363,35.4944
7286,LIVE,NEW_DATA,22.7269,92.7363,35.4944
7287,LIVE,NEW_DATA,22.7269,92.7363,35.4944
7288,LIVE,NEW_DATA,22.7269,92.7363,35.4944
7289,LIVE,NEW_DATA,22.7269,92.7363,35.4944
7290,LIVE,NEW_DATA,22.7269,92.7363,35.4944
7291,LIVE,NEW_DATA,22.7269,92.7363,35.4944
7292,LIVE,NEW_DATA,22.7269,92.7363,35.4944
7293,LIVE,NEW_DATA,22.7269,92.7363,35.4944
7294,LIVE,NEW_DATA,22.7269,92.7363,35.4944
7295,LIVE,NEW_DATA,22.7269,92.7363,35.4944
7296,LIVE,NEW_DATA,22.7269,92.7363,35.4944
7297,LIVE,NEW_DATA,22.7269,92.7363,35.4944
7298,LIVE,NEW_DATA,22.7269,92.7363,35.4944
7299,LIVE,NEW_DATA,22.7269,92.7363,35.4944
7300,LIVE,NEW_DATA,22.7269,92.7363,35.4944
7301,LIVE,NEW_DATA,22.7269,92.7363,35.4944
7302,LIVE,NEW_DATA,22.7269,92.6818,35.3030
7303,LIVE,NEW_DATA,22.7269,92.6818,35.3030
7304,LIVE,NEW_DATA,22.7269,92.6818,35.3030
7305,LIVE,NEW_DATA,22.7269,92.6818,35.3030
7306,LIVE,NEW_DATA,22.7269,92.6818,35.3030
7307,LIVE,NEW_DATA,22.7269,92.6818,35.3030
7308,LIVE,NEW_DATA,22.7269,92.6818,35.3030
7309,LIVE,NEW_DATA,22.7269,92.6818,35.3030
7310,LIVE,NEW_DATA,22.7269,92.6818,35.3030
7311,LIVE,NEW_DATA,22.7269,92.6818,35.3030
7312,LIVE,NEW_DATA,22.7269,92.6818,35.3030
7313,LIVE,NEW_DATA,22.7269,92.6818,35.3030
7314,LIVE,NEW_DATA,22.7269,92.6818,35.3030
7315,LIVE,NEW_DATA,22.7269,92.6818,35.3030
7316,LIVE,NEW_DATA,22.7269,92.6818,35.3030
7317,LIVE,NEW_DATA,22.7269,92.6818,35.3030
7318,LIVE,NEW_DATA,22.7269,92.6818,35.3030
7319,LIVE,NEW_DATA,22.7269,92.6818,35.3030
7320,LIVE,NEW_DATA,22.7269,92.6818,35.3030
7321,LIVE,NEW_DATA,22.7269,92.6818,35.3030
7322,LIVE,NEW_DATA,22.7269,92.6818,35.3030
7323,LIVE,NEW_DATA,22.7269,92.6818,35.3030
7324,LIVE,NEW_DATA,22.7269,92.6818,35.3030
7325,LIVE,NEW_DATA,22.7269,92.6818,35.3030
7326,LIVE,NEW_DATA,22.7269,92.5943,35.5017
7327,LIVE,NEW_DATA,22.7269,92.5943,35.5017
7328,LIVE,NEW_DATA,22.7269,92.5943,35.5017
7329,LIVE,NEW_DATA,22.7269,92.5943,35.5017
7330,LIVE,NEW_DATA,22.7269,92.5943,35.5017
7331,LIVE,NEW_DATA,22.7269,92.5943,35.5017
7332,LIVE,NEW_DATA,22.7269,92.5943,35.5017
7333,LIVE,NEW_DATA,22.7269,92.5943,35.5017
7334,LIVE,NEW_DATA,22.7269,92.5943,35.5017
7335,LIVE,NEW_DATA,22.7269,92.5943,35.5017
7336,LIVE,NEW_DATA,22.7269,92.5943,35.5017
7337,LIVE,NEW_DATA,22.7269,92.5943,35.5017
7338,LIVE,NEW_DATA,22.7269,92.5943,35.5017
7339,LIVE,NEW_DATA,22.7269,92.5943,35.5017
7340,LIVE,NEW_DATA,22.7269,92.5943,35.5017
7341,LIVE,NEW_DATA,22.7269,92.5943,35.5017
7342,LIVE,NEW_DATA,22.7269,92.5943,35.5017
7343,LIVE,NEW_DATA,22.7269,92.5943,35.5017
7344,LIVE,NEW_DATA,22.7269,92.5943,35.5017
7345,LIVE,NEW_DATA,22.7269,92.5943,35.5017
7346,LIVE,NEW_DATA,22.7269,92.5943,35.5017
7347,LIVE,NEW_DATA,22.7269,92.5943,35.5017
7348,LIVE,NEW_DATA,22.7269,92.5943,35.5017
7349,LIVE,NEW_DATA,22.7269,92.5943,35.5017
7350,LIVE,NEW_DATA,22.7269,92.5736,35.4980
7351,LIVE,NEW_DATA,22.7269,92.5736,35.4980
7352,LIVE,NEW_DATA,22.7269,92.5736,35.4980
7353,LIVE,NEW_DATA,22.7269,92.5736,35.4980
7354,LIVE,NEW_DATA,22.7269,92.5736,35.4980
7355,LIVE,NEW_DATA,22.7269,92.5736,35.4980
7356,LIVE,NEW_DATA,22.7269,92.5736,35.4980
7357,LIVE,NEW_DATA,22.7269,92.5736,35.4980
7358,LIVE,NEW_DATA,22.7269,92.5736,35.4980
7359,LIVE,NEW_DATA,22.7269,92.5736,35.4980
7360,LIVE,NEW_DATA,22.7269,92.5736,35.4980
7361,LIVE,NEW_DATA,22.7269,92.5736,35.4980
7362,LIVE,NEW_DATA,22.7269,92.5736,35.4980
7363,LIVE,NEW_DATA,22.7269,92.5736,35.4980
7364,LIVE,NEW_DATA,22.7269,92.5736,35.4980
7365,LIVE,NEW_DATA,22.7269,92.5736,35.4980
7366,LIVE,NEW_DATA,22.7269,92.5736,35.4980
7367,LIVE,NEW_DATA,22.7269,92.5736,35.4980
7368,LIVE,NEW_DATA,22.7269,92.5736,35.4980
7369,LIVE,NEW_DATA,22.7269,92.5736,35.4980
7370,LIVE,NEW_DATA,22.7269,92.5736,35.4980
7371,LIVE,NEW_DATA,22.7269,92.5736,35.4980
7372,LIVE,NEW_DATA,22.7269,92.5736,35.4980
7373,LIVE,NEW_DATA,22.7269,92.5736,35.4980
7374,LIVE,NEW_DATA,22.7269,92.5736,35.4980
7375,LIVE,NEW_DATA,22.7269,92.5105,35.5318
7376,LIVE,NEW_DATA,22.7269,92.5105,35.5318
7377,LIVE,NEW_DATA,22.7269,92.5105,35.5318
7378,LIVE,NEW_DATA,22.7269,92.5105,35.5318
7379,LIVE,NEW_DATA,22.7269,92.5105,35.5318
7380,LIVE,NEW_DATA,22.7269,92.5105,35.5318
7381,LIVE,NEW_DATA,22.7269,92.5105,35.5318
7382,LIVE,NEW_DATA,22.7269,92.5105,35.5318
7383,LIVE,NEW_DATA,22.7269,92.5105,35.5318
7384,LIVE,NEW_DATA,22.7269,92.5105,35.5318
7385,LIVE,NEW_DATA,22.7269,92.5105,35.5318
7386,LIVE,NEW_DATA,22.7269,92.5105,35.5318
7387,LIVE,NEW_DATA,22.7269,92.5105,35.5318
7388,LIVE,NEW_DATA,22.7269,92.5105,35.5318
7389,LIVE,NEW_DATA,22.7269,92.5105,35.5318
7390,LIVE,NEW_DATA,22.7269,92.5105,35.5318
7391,LIVE,NEW_DATA,22.7269,92.5105,35.5318
7392,LIVE,NEW_DATA,22.7269,92.5105,35.5318
7393,LIVE,NEW_DATA,22.7269,92.5105,35.5318
7394,LIVE,NEW_DATA,22.7269,92.5105,35.5318
7395,LIVE,NEW_DATA,22.7269,92.5105,35.5318
7396,LIVE,NEW_DATA,22.7269,92.5105,35.5318
7397,LIVE,NEW_DATA,22.7269,92.5105,35.5318
7398,LIVE,NEW_DATA,22.7269,92.5105,35.5318
7399,LIVE,NEW_DATA,22.7269,92.5062,35.5161
7400,LIVE,NEW_DATA,22.7269,92.5062,35.5161
7401,LIVE,NEW_DATA,22.7269,92.5062,35.5161
7402,LIVE,NEW_DATA,22.7269,92.5062,35.5161
7403,LIVE,NEW_DATA,22.7269,92.5062,35.5161
7404,LIVE,NEW_DATA,22.7269,92.5062,35.5161
7405,LIVE,NEW_DATA,22.7269,92.5062,35.5161
7406,LIVE,NEW_DATA,22.7269,92.5062,35.5161
7407,LIVE,NEW_DATA,22.7269,92.5062,35.5161
7408,LIVE,NEW_DATA,22.7269,92.5062,35.5161
7409,LIVE,NEW_DATA,22.7269,92.5062,35.5161
7410,LIVE,NEW_DATA,22.7269,92.5062,35.5161
7411,LIVE,NEW_DATA,22.7269,92.5062,35.5161
7412,LIVE,NEW_DATA,22.7269,92.5062,35.5161
7413,LIVE,NEW_DATA,22.7269,92.5062,35.5161
7414,LIVE,NEW_DATA,22.7269,92.5062,35.5161
7415,LIVE,NEW_DATA,22.7269,92.5062,35.5161
7416,LIVE,NEW_DATA,22.7269,92.5062,35.5161
7417,LIVE,NEW_DATA,22.7269,92.5062,35.5161
7418,LIVE,NEW_DATA,22.7269,92.5062,35.5161
7419,LIVE,NEW_DATA,22.7269,92.5062,35.5161
7420,LIVE,NEW_DATA,22.7269,92.5062,35.5161
7421,LIVE,NEW_DATA,22.7269,92.5062,35.5161
7422,LIVE,NEW_DATA,22.7269,92.5062,35.5161
7423,LIVE,NEW_DATA,22.7269,92.5062,35.5161
7424,LIVE,NEW_DATA,22.7269,92.4882,35.5161
7425,LIVE,NEW_DATA,22.7269,92.4882,35.5161
7426,LIVE,NEW_DATA,22.7269,92.4882,35.5161
7427,LIVE,NEW_DATA,22.7269,92.4882,35.5161
7428,LIVE,NEW_DATA,22.7269,92.4882,35.5161
7429,LIVE,NEW_DATA,22.7269,92.4882,35.5161
7430,LIVE,NEW_DATA,22.7269,92.4882,35.5161
7431,LIVE,NEW_DATA,22.7269,92.4882,35.5161
7432,LIVE,NEW_DATA,22.7269,92.4882,35.5161
7433,LIVE,NEW_DATA,22.7269,92.4882,35.5161
7434,LIVE,NEW_DATA,22.7269,92.4882,35.5161
7435,LIVE,NEW_DATA,22.7269,92.4882,35.5161
7436,LIVE,NEW_DATA,22.7269,92.4882,35.5161
7437,LIVE,NEW_DATA,22.7269,92.4882,35.5161
7438,LIVE,NEW_DATA,22.7269,92.4882,35.5161
7439,LIVE,NEW_DATA,22.7269,92.4882,35.5161
7440,LIVE,NEW_DATA,22.7269,92.4882,35.5161
7441,LIVE,NEW_DATA,22.7269,92.4882,35.5161
7442,LIVE,NEW_DATA,22.7269,92.4882,35.5161
7443,LIVE,NEW_DATA,22.7269,92.4882,35.5161
7444,LIVE,NEW_DATA,22.7269,92.4882,35.5161
7445,LIVE,NEW_DATA,22.7269,92.4882,35.5161
7446,LIVE,NEW_DATA,22.7269,92.4882,35.5161
7447,LIVE,NEW_DATA,22.7269,92.4882,35.5161
7448,LIVE,NEW_DATA,22.7269,92.4265,35.2913
7449,LIVE,NEW_DATA,22.7269,92.4265,35.2913
7450,LIVE,NEW_DATA,22.7269,92.4265,35.2913
7451,LIVE,NEW_DATA,22.7269,92.4265,35.2913
7452,LIVE,NEW_DATA,22.7269,92.4265,35.2913
7453,LIVE,NEW_DATA,22.7269,92.4265,35.2913
7454,LIVE,NEW_DATA,22.7269,92.4265,35.2913
7455,LIVE,NEW_DATA,22.7269,92.4265,35.2913
7456,LIVE,NEW_DATA,22.7269,92.4265,35.2913
7457,LIVE,NEW_DATA,22.7269,92.4265,35.2913
7458,LIVE,NEW_DATA,22.7269,92.4265,35.2913
7459,LIVE,NEW_DATA,22.7269,92.4265,35.2913
7460,LIVE,NEW_DATA,22.7269,92.4265,35.2913
7461,LIVE,NEW_DATA,22.7269,92.4265,35.2913
7462,LIVE,NEW_DATA,22.7269,92.4265,35.2913
7463,LIVE,NEW_DATA,22.7269,92.4265,35.2913
7464,LIVE,NEW_DATA,22.7269,92.4265,35.2913
7465,LIVE,NEW_DATA,22.7269,92.4265,35.2913
7466,LIVE,NEW_DATA,22.7269,92.4265,35.2913
7467,LIVE,NEW_DATA,22.7269,92.4265,35.2913
7468,LIVE,NEW_DATA,22.7269,92.4265,35.2913
7469,LIVE,NEW_DATA,22.7269,92.4265,35.2913
7470,LIVE,NEW_DATA,22.7269,92.4265,35.2913
7471,LIVE,NEW_DATA,22.7269,92.4265,35.2913
7472,LIVE,NEW_DATA,22.7269,92.2688,34.8797
7473,LIVE,NEW_DATA,22.7269,92.2688,34.8797
7474,LIVE,NEW_DATA,22.7269,92.2688,34.8797
7475,LIVE,NEW_DATA,22.7269,92.2688,34.8797
7476,LIVE,NEW_DATA,22.7269,92.2688,34.8797
7477,LIVE,NEW_DATA,22.7269,92.2688,34.8797
7478,LIVE,NEW_DATA,22.7269,92.2688,34.8797
7479,LIVE,NEW_DATA,22.7269,92.2688,34.8797
7480,LIVE,NEW_DATA,22.7269,92.2688,34.8797
7481,LIVE,NEW_DATA,22.7269,92.2688,34.8797
7482,LIVE,NEW_DATA,22.7269,92.2688,34.8797
7483,LIVE,NEW_DATA,22.7269,92.2688,34.8797
7484,LIVE,NEW_DATA,22.7269,92.2688,34.8797
7485,LIVE,NEW_DATA,22.7269,92.2688,34.8797
7486,LIVE,NEW_DATA,22.7269,92.2688,34.8797
7487,LIVE,NEW_DATA,22.7269,92.2688,34.8797
7488,LIVE,NEW_DATA,22.7269,92.2688,34.8797
7489,LIVE,NEW_DATA,22.7269,92.2688,34.8797
7490,LIVE,NEW_DATA,22.7269,92.2688,34.8797
7491,LIVE,NEW_DATA,22.7269,92.2688,34.8797
7492,LIVE,NEW_DATA,22.7269,92.2688,34.8797
7493,LIVE,NEW_DATA,22.7269,92.2688,34.8797
7494,LIVE,NEW_DATA,22.7269,92.2688,34.8797
7495,LIVE,NEW_DATA,22.7269,92.2688,34.8797
7496,LIVE,NEW_DATA,22.7269,92.2688,34.8797
7497,LIVE,NEW_DATA,22.7269,92.1341,34.7710
7498,LIVE,NEW_DATA,22.7269,92.1341,34.7710
7499,LIVE,NEW_DATA,22.7269,92.1341,34.7710
7500,LIVE,NEW_DATA,22.7269,92.1341,34.7710
7501,LIVE,NEW_DATA,22.7269,92.1341,34.7710
7502,LIVE,NEW_DATA,22.7269,92.1341,34.7710
7503,LIVE,NEW_DATA,22.7269,92.1341,34.7710
7504,LIVE,NEW_DATA,22.7269,92.1341,34.7710
7505,LIVE,NEW_DATA,22.7269,92.1341,34.7710
7506,LIVE,NEW_DATA,22.7269,92.1341,34.7710
7507,LIVE,NEW_DATA,22.7269,92.1341,34.7710
7508,LIVE,NEW_DATA,22.7269,92.1341,34.7710
7509,LIVE,NEW_DATA,22.7269,92.1341,34.7710
7510,LIVE,NEW_DATA,22.7269,92.1341,34.7710
7511,LIVE,NEW_DATA,22.7269,92.1341,34.7710
7512,LIVE,NEW_DATA,22.7269,92.1341,34.7710
7513,LIVE,NEW_DATA,22.7269,92.1341,34.7710
7514,LIVE,NEW_DATA,22.7269,92.1341,34.7710
7515,LIVE,NEW_DATA,22.7269,92.1341,34.7710
7516,LIVE,NEW_DATA,22.7269,92.1341,34.7710
7517,LIVE,NEW_DATA,22.7269,92.1341,34.7710
7518,LIVE,NEW_DATA,22.7269,92.1341,34.7710
7519,LIVE,NEW_DATA,22.7269,92.1341,34.7710
7520,LIVE,NEW_DATA,22.7269,92.1341,34.7710
7521,LIVE,NEW_DATA,22.7269,92.0072,34.7710
7522,LIVE,NEW_DATA,22.7269,92.0072,34.7710
7523,LIVE,NEW_DATA,22.7269,92.0072,34.7710
7524,LIVE,NEW_DATA,22.7269,92.0072,34.7710
7525,LIVE,NEW_DATA,22.7269,92.0072,34.7710
7526,LIVE,NEW_DATA,22.7269,92.0072,34.7710
7527,LIVE,NEW_DATA,22.7269,92.0072,34.7710
7528,LIVE,NEW_DATA,22.7269,92.0072,34.7710
7529,LIVE,NEW_DATA,22.7269,92.0072,34.7710
7530,LIVE,NEW_DATA,22.7269,92.0072,34.7710
7531,LIVE,NEW_DATA,22.7269,92.0072,34.7710
7532,LIVE,NEW_DATA,22.7269,92.0072,34.7710
7533,LIVE,NEW_DATA,22.7269,92.0072,34.7710
7534,LIVE,NEW_DATA,22.7269,92.0072,34.7710
7535,LIVE,NEW_DATA,22.7269,92.0072,34.7710
7536,LIVE,NEW_DATA,22.7269,92.0072,34.7710
7537,LIVE,NEW_DATA,22.7269,92.0072,34.7710
7538,LIVE,NEW_DATA,22.7269,92.0072,34.7710
7539,LIVE,NEW_DATA,22.7269,92.0072,34.7710
7540,LIVE,NEW_DATA,22.7269,92.0072,34.7710
7541,LIVE,NEW_DATA,22.7269,92.0072,34.7710
7542,LIVE,NEW_DATA,22.7269,92.0072,34.7710
7543,LIVE,NEW_DATA,22.7269,92.0072,34.7710
7544,LIVE,NEW_DATA,22.7269,92.0072,34.7710
7545,LIVE,NEW_DATA,22.7269,91.9860,34.7501
7546,LIVE,NEW_DATA,22.7269,91.9860,34.7501
7547,LIVE,NEW_DATA,22.7269,91.9860,34.7501
7548,LIVE,NEW_DATA,22.7269,91.9860,34.7501
7549,LIVE,NEW_DATA,22.7269,91.9860,34.7501
7550,LIVE,NEW_DATA,22.7269,91.9860,34.7501
7551,LIVE,NEW_DATA,22.7269,91.9860,34.7501
7552,LIVE,NEW_DATA,22.7269,91.9860,34.7501
7553,LIVE,NEW_DATA,22.7269,91.9860,34.7501
7554,LIVE,NEW_DATA,22.7269,91.9860,34.7501
7555,LIVE,NEW_DATA,22.7269,91.9860,34.7501
7556,LIVE,NEW_DATA,22.7269,91.9860,34.7501
7557,LIVE,NEW_DATA,22.7269,91.9860,34.7501
7558,LIVE,NEW_DATA,22.7269,91.9860,34.7501
7559,LIVE,NEW_DATA,22.7269,91.9860,34.7501
7560,LIVE,NEW_DATA,22.7269,91.9860,34.7501
7561,LIVE,NEW_DATA,22.7269,91.9860,34.7501
7562,LIVE,NEW_DATA,22.7269,91.9860,34.7501
7563,LIVE,NEW_DATA,22.7269,91.9860,34.7501
7564,LIVE,NEW_DATA,22.7269,91.9860,34.7501
7565,LIVE,NEW_DATA,22.7269,91.9860,34.7501
7566,LIVE,NEW_DATA,22.7269,91.9860,34.7501
7567,LIVE,NEW_DATA,22.7269,91.9860,34.7501
7568,LIVE,NEW_DATA,22.7269,91.9860,34.7501
7569,LIVE,NEW_DATA,22.7269,91.9860,34.7501
7570,LIVE,NEW_DATA,22.7269,91.6989,32.2656
7571,LIVE,NEW_DATA,22.7269,91.6989,32.2656
7572,LIVE,NEW_DATA,22.7269,91.6989,32.2656
7573,LIVE,NEW_DATA,22.7269,91.6989,32.2656
7574,LIVE,NEW_DATA,22.7269,91.6989,32.2656
7575,LIVE,NEW_DATA,22.7269,91.6989,32.2656
7576,LIVE,NEW_DATA,22.7269,91.6989,32.2656
7577,LIVE,NEW_DATA,22.7269,91.6989,32.2656
7578,LIVE,NEW_DATA,22.7269,91.6989,32.2656
7579,LIVE,NEW_DATA,22.7269,91.6989,32.2656
7580,LIVE,NEW_DATA,22.7269,91.6989,32.2656
7581,LIVE,NEW_DATA,22.7269,91.6989,32.2656
7582,LIVE,NEW_DATA,22.7269,91.6989,32.2656
7583,LIVE,NEW_DATA,22.7269,91.6989,32.2656
7584,LIVE,NEW_DATA,22.7269,91.6989,32.2656
7585,LIVE,NEW_DATA,22.7269,91.6989,32.2656
7586,LIVE,NEW_DATA,22.7269,91.6989,32.2656
7587,LIVE,NEW_DATA,22.7269,91.6989,32.2656
7588,LIVE,NEW_DATA,22.7269,91.6989,32.2656
7589,LIVE,NEW_DATA,22.7269,91.6989,32.2656
7590,LIVE,NEW_DATA,22.7269,91.6989,32.2656
7591,LIVE,NEW_DATA,22.7269,91.6989,32.2656
7592,LIVE,NEW_DATA,22.7269,91.6989,32.2656
7593,LIVE,NEW_DATA,22.7269,91.6989,32.2656
7594,LIVE,NEW_DATA,22.7269,91.6653,32.3115
7595,LIVE,NEW_DATA,22.7269,91.6653,32.3115
7596,LIVE,NEW_DATA,22.7269,91.6653,32.3115
7597,LIVE,NEW_DATA,22.7269,91.6653,32.3115
7598,LIVE,NEW_DATA,22.7269,91.6653,32.3115
7599,LIVE,NEW_DATA,22.7269,91.6653,32.3115
7600,LIVE,NEW_DATA,22.7269,91.6653,32.3115
7601,LIVE,NEW_DATA,22.7269,91.6653,32.3115
7602,LIVE,NEW_DATA,22.7269,91.6653,32.3115
7603,LIVE,NEW_DATA,22.7269,91.6653,32.3115
7604,LIVE,NEW_DATA,22.7269,91.6653,32.3115
7605,LIVE,NEW_DATA,22.7269,91.6653,32.3115
7606,LIVE,NEW_DATA,22.7269,91.6653,32.3115
7607,LIVE,NEW_DATA,22.7269,91.6653,32.3115
7608,LIVE,NEW_DATA,22.7269,91.6653,32.3115
7609,LIVE,NEW_DATA,22.7269,91.6653,32.3115
7610,LIVE,NEW_DATA,22.7269,91.6653,32.3115
7611,LIVE,NEW_DATA,22.7269,91.6653,32.3115
7612,LIVE,NEW_DATA,22.7269,91.6653,32.3115
7613,LIVE,NEW_DATA,22.7269,91.6653,32.3115
7614,LIVE,NEW_DATA,22.7269,91.6653,32.3115
7615,LIVE,NEW_DATA,22.7269,91.6653,32.3115
7616,LIVE,NEW_DATA,22.7269,91.6653,32.3115
7617,LIVE,NEW_DATA,22.7269,91.6653,32.3115
7618,LIVE,NEW_DATA,22.7269,91.6666,31.7028
7619,LIVE,NEW_DATA,22.7269,91.6666,31.7028
7620,LIVE,NEW_DATA,22.7269,91.6666,31.7028
7621,LIVE,NEW_DATA,22.7269,91.6666,31.7028
7622,LIVE,NEW_DATA,22.7269,91.6666,31.7028
7623,LIVE,NEW_DATA,22.7269,91.6666,31.7028
7624,LIVE,NEW_DATA,22.7269,91.6666,31.7028
7625,LIVE,NEW_DATA,22.7269,91.6666,31.7028
7626,LIVE,NEW_DATA,22.7269,91.6666,31.7028
7627,LIVE,NEW_DATA,22.7269,91.6666,31.7028
7628,LIVE,NEW_DATA,22.7269,91.6666,31.7028
7629,LIVE,NEW_DATA,22.7269,91.6666,31.7028
7630,LIVE,NEW_DATA,22.7269,91.6666,31.7028
7631,LIVE,NEW_DATA,22.7269,91.6666,31.7028
7632,LIVE,NEW_DATA,22.7269,91.6666,31.7028
7633,LIVE,NEW_DATA,22.7269,91.6666,31.7028
7634,LIVE,NEW_DATA,22.7269,91.6666,31.7028
7635,LIVE,NEW_DATA,22.7269,91.6666,31.7028
7636,LIVE,NEW_DATA,22.7269,91.6666,31.7028
7637,LIVE,NEW_DATA,22.7269,91.6666,31.7028
7638,LIVE,NEW_DATA,22.7269,91.6666,31.7028
7639,LIVE,NEW_DATA,22.7269,91.6666,31.7028
7640,LIVE,NEW_DATA,22.7269,91.6666,31.7028
7641,LIVE,NEW_DATA,22.7269,91.6666,31.7028
7642,LIVE,NEW_DATA,22.7269,91.6666,31.7028
7643,LIVE,NEW_DATA,22.7269,91.5829,31.5403
7644,LIVE,NEW_DATA,22.7269,91.5829,31.5403
7645,LIVE,NEW_DATA,22.7269,91.5829,31.5403
7646,LIVE,NEW_DATA,22.7269,91.5829,31.5403
7647,LIVE,NEW_DATA,22.7269,91.5829,31.5403
7648,LIVE,NEW_DATA,22.7269,91.5829,31.5403
7649,LIVE,NEW_DATA,22.7269,91.5829,31.5403
7650,LIVE,NEW_DATA,22.7269,91.5829,31.5403
7651,LIVE,NEW_DATA,22.7269,91.5829,31.5403
7652,LIVE,NEW_DATA,22.7269,91.5829,31.5403
7653,LIVE,NEW_DATA,22.7269,91.5829,31.5403
7654,LIVE,NEW_DATA,22.7269,91.5829,31.5403
7655,LIVE,NEW_DATA,22.7269,91.5829,31.5403
7656,LIVE,NEW_DATA,22.7269,91.5829,31.5403
7657,LIVE,NEW_DATA,22.7269,91.5829,31.5403
7658,LIVE,NEW_DATA,22.7269,91.5829,31.5403
7659,LIVE,NEW_DATA,22.7269,91.5829,31.5403
7660,LIVE,NEW_DATA,22.7269,91.5829,31.5403
7661,LIVE,NEW_DATA,22.7269,91.5829,31.5403
7662,LIVE,NEW_DATA,22.7269,91.5829,31.5403
7663,LIVE,NEW_DATA,22.7269,91.5829,31.5403
7664,LIVE,NEW_DATA,22.7269,91.5829,31.5403
7665,LIVE,NEW_DATA,22.7269,91.5829,31.5403
7666,LIVE,NEW_DATA,22.7269,91.5829,31.5403
7667,LIVE,NEW_DATA,22.7269,91.4801,31.3895
7668,LIVE,NEW_DATA,22.7269,91.4801,31.3895
7669,LIVE,NEW_DATA,22.7269,91.4801,31.3895
7670,LIVE,NEW_DATA,22.7269,91.4801,31.3895
7671,LIVE,NEW_DATA,22.7269,91.4801,31.3895
7672,LIVE,NEW_DATA,22.7269,91.4801,31.3895
7673,LIVE,NEW_DATA,22.7269,91.4801,31.3895
7674,LIVE,NEW_DATA,22.7269,91.4801,31.3895
7675,LIVE,NEW_DATA,22.7269,91.4801,31.3895
7676,LIVE,NEW_DATA,22.7269,91.4801,31.3895
7677,LIVE,NEW_DATA,22.7269,91.4801,31.3895
7678,LIVE,NEW_DATA,22.7269,91.4801,31.3895
7679,LIVE,NEW_DATA,22.7269,91.4801,31.3895
7680,LIVE,NEW_DATA,22.7269,91.4801,31.3895
7681,LIVE,NEW_DATA,22.7269,91.4801,31.3895
7682,LIVE,NEW_DATA,22.7269,91.4801,31.3895
7683,LIVE,NEW_DATA,22.7269,91.4801,31.3895
7684,LIVE,NEW_DATA,22.7269,91.4801,31.3895
7685,LIVE,NEW_DATA,22.7269,91.4801,31.3895
7686,LIVE,NEW_DATA,22.7269,91.4801,31.3895
7687,LIVE,NEW_DATA,22.7269,91.4801,31.3895
7688,LIVE,NEW_DATA,22.7269,91.4801,31.3895
7689,LIVE,NEW_DATA,22.7269,91.4801,31.3895
7690,LIVE,NEW_DATA,22.7269,91.4801,31.3895
7691,LIVE,NEW_DATA,22.7269,91.4801,31.3895
7692,LIVE,NEW_DATA,22.7269,91.3040,31.3924
7693,LIVE,NEW_DATA,22.7269,91.3040,31.3924
7694,LIVE,NEW_DATA,22.7269,91.3040,31.3924
7695,LIVE,NEW_DATA,22.7269,91.3040,31.3924
7696,LIVE,NEW_DATA,22.7269,91.3040,31.3924
7697,LIVE,NEW_DATA,22.7269,91.3040,31.3924
7698,LIVE,NEW_DATA,22.7269,91.3040,31.3924
7699,LIVE,NEW_DATA,22.7269,91.3040,31.3924
7700,LIVE,NEW_DATA,22.7269,91.3040,31.3924
7701,LIVE,NEW_DATA,22.7269,91.3040,31.3924
7702,LIVE,NEW_DATA,22.7269,91.3040,31.3924
7703,LIVE,NEW_DATA,22.7269,91.3040,31.3924
7704,LIVE,NEW_DATA,22.7269,91.3040,31.3924
7705,LIVE,NEW_DATA,22.7269,91.3040,31.3924
7706,LIVE,NEW_DATA,22.7269,91.3040,31.3924
7707,LIVE,NEW_DATA,22.7269,91.3040,31.3924
7708,LIVE,NEW_DATA,22.7269,91.3040,31.3924
7709,LIVE,NEW_DATA,22.7269,91.3040,31.3924
7710,LIVE,NEW_DATA,22.7269,91.3040,31.3924
7711,LIVE,NEW_DATA,22.7269,91.3040,31.3924
7712,LIVE,NEW_DATA,22.7269,91.3040,31.3924
7713,LIVE,NEW_DATA,22.7269,91.3040,31.3924
7714,LIVE,NEW_DATA,22.7269,91.3040,31.3924
7715,LIVE,NEW_DATA,22.7269,91.3040,31.3924
7716,LIVE,NEW_DATA,22.7269,91.2111,31.3924
7717,LIVE,NEW_DATA,22.7269,91.2111,31.3924
7718,LIVE,NEW_DATA,22.7269,91.2111,31.3924
7719,LIVE,NEW_DATA,22.7269,91.2111,31.3924
7720,LIVE,NEW_DATA,22.7269,91.2111,31.3924
7721,LIVE,NEW_DATA,22.7269,91.2111,31.3924
7722,LIVE,NEW_DATA,22.7269,91.2111,31.3924
7723,LIVE,NEW_DATA,22.7269,91.2111,31.3924
7724,LIVE,NEW_DATA,22.7269,91.2111,31.3924
7725,LIVE,NEW_DATA,22.7269,91.2111,31.3924
7726,LIVE,NEW_DATA,22.7269,91.2111,31.3924
7727,LIVE,NEW_DATA,22.7269,91.2111,31.3924
7728,LIVE,NEW_DATA,22.7269,91.2111,31.3924
7729,LIVE,NEW_DATA,22.7269,91.2111,31.3924
7730,LIVE,NEW_DATA,22.7269,91.2111,31.3924
7731,LIVE,NEW_DATA,22.7269,91.2111,31.3924
7732,LIVE,NEW_DATA,22.7269,91.2111,31.3924
7733,LIVE,NEW_DATA,22.7269,91.2111,31.3924
7734,LIVE,NEW_DATA,22.7269,91.2111,31.3924
7735,LIVE,NEW_DATA,22.7269,91.2111,31.3924
7736,LIVE,NEW_DATA,22.7269,91.2111,31.3924
7737,LIVE,NEW_DATA,22.7269,91.2111,31.3924
7738,LIVE,NEW_DATA,22.7269,91.2111,31.3924
7739,LIVE,NEW_DATA,22.7269,91.2111,31.3924
7740,LIVE,NEW_DATA,22.7269,91.2700,31.2545
7741,LIVE,NEW_DATA,22.7269,91.2700,31.2545
7742,LIVE,NEW_DATA,22.7269,91.2700,31.2545
7743,LIVE,NEW_DATA,22.7269,91.2700,31.2545
7744,LIVE,NEW_DATA,22.7269,91.2700,31.2545
7745,LIVE,NEW_DATA,22.7269,91.2700,31.2545
7746,LIVE,NEW_DATA,22.7269,91.2700,31.2545
7747,LIVE,NEW_DATA,22.7269,91.2700,31.2545
7748,LIVE,NEW_DATA,22.7269,91.2700,31.2545
7749,LIVE,NEW_DATA,22.7269,91.2700,31.2545
7750,LIVE,NEW_DATA,22.7269,91.2700,31.2545
7751,LIVE,NEW_DATA,22.7269,91.2700,31.2545
7752,LIVE,NEW_DATA,22.7269,91.2700,31.2545
7753,LIVE,NEW_DATA,22.7269,91.2700,31.2545
7754,LIVE,NEW_DATA,22.7269,91.2700,31.2545
7755,LIVE,NEW_DATA,22.7269,91.2700,31.2545
7756,LIVE,NEW_DATA,22.7269,91.2700,31.2545
7757,LIVE,NEW_DATA,22.7269,91.2700,31.2545
7758,LIVE,NEW_DATA,22.7269,91.2700,31.2545
7759,LIVE,NEW_DATA,22.7269,91.2700,31.2545
7760,LIVE,NEW_DATA,22.7269,91.2700,31.2545
7761,LIVE,NEW_DATA,22.7269,91.2700,31.2545
7762,LIVE,NEW_DATA,22.7269,91.2700,31.2545
7763,LIVE,NEW_DATA,22.7269,91.2700,31.2545
7764,LIVE,NEW_DATA,22.7269,91.2700,31.2545
7765,LIVE,NEW_DATA,22.7269,91.2026,31.0930
7766,LIVE,NEW_DATA,22.7269,91.2026,31.0930
7767,LIVE,NEW_DATA,22.7269,91.2026,31.0930
7768,LIVE,NEW_DATA,22.7269,91.2026,31.0930
7769,LIVE,NEW_DATA,22.7269,91.2026,31.0930
7770,LIVE,NEW_DATA,22.7269,91.2026,31.0930
7771,LIVE,NEW_DATA,22.7269,91.2026,31.0930
7772,LIVE,NEW_DATA,22.7269,91.2026,31.0930
7773,LIVE,NEW_DATA,22.7269,91.2026,31.0930
7774,LIVE,NEW_DATA,22.7269,91.2026,31.0930
7775,LIVE,NEW_DATA,22.7269,91.2026,31.0930
7776,LIVE,NEW_DATA,22.7269,91.2026,31.0930
7777,LIVE,NEW_DATA,22.7269,91.2026,31.0930
7778,LIVE,NEW_DATA,22.7269,91.2026,31.0930
7779,LIVE,NEW_DATA,22.7269,91.2026,31.0930
7780,LIVE,NEW_DATA,22.7269,91.2026,31.0930
7781,LIVE,NEW_DATA,22.7269,91.2026,31.0930
7782,LIVE,NEW_DATA,22.7269,91.2026,31.0930
7783,LIVE,NEW_DATA,22.7269,91.2026,31.0930
7784,LIVE,NEW_DATA,22.7269,91.2026,31.0930
7785,LIVE,NEW_DATA,22.7269,91.2026,31.0930
7786,LIVE,NEW_DATA,22.7269,91.2026,31.0930
7787,LIVE,NEW_DATA,22.7269,91.2026,31.0930
7788,LIVE,NEW_DATA,22.7269,91.2026,31.0930
7789,LIVE,NEW_DATA,22.7269,91.2752,31.0561
7790,LIVE,NEW_DATA,22.7269,91.2752,31.0561
7791,LIVE,NEW_DATA,22.7269,91.2752,31.0561
7792,LIVE,NEW_DATA,22.7269,91.2752,31.0561
7793,LIVE,NEW_DATA,22.7269,91.2752,31.0561
7794,LIVE,NEW_DATA,22.7269,91.2752,31.0561
7795,LIVE,NEW_DATA,22.7269,91.2752,31.0561
7796,LIVE,NEW_DATA,22.7269,91.2752,31.0561
7797,LIVE,NEW_DATA,22.7269,91.2752,31.0561
7798,LIVE,NEW_DATA,22.7269,91.2752,31.0561
7799,LIVE,NEW_DATA,22.7269,91.2752,31.0561
7800,LIVE,NEW_DATA,22.7269,91.2752,31.0561
7801,LIVE,NEW_DATA,22.7269,91.2752,31.0561
7802,LIVE,NEW_DATA,22.7269,91.2752,31.0561
7803,LIVE,NEW_DATA,22.7269,91.2752,31.0561
7804,LIVE,NEW_DATA,22.7269,91.2752,31.0561
7805,LIVE,NEW_DATA,22.7269,91.2752,31.0561
7806,LIVE,NEW_DATA,22.7269,91.2752,31.0561
7807,LIVE,NEW_DATA,22.7269,91.2752,31.0561
7808,LIVE,NEW_DATA,22.7269,91.2752,31.0561
7809,LIVE,NEW_DATA,22.7269,91.2752,31.0561
7810,LIVE,NEW_DATA,22.7269,91.2752,31.0561
7811,LIVE,NEW_DATA,22.7269,91.2752,31.0561
7812,LIVE,NEW_DATA,22.7269,91.2752,31.0561
7813,LIVE,NEW_DATA,22.7269,91.3203,31.1439
7814,LIVE,NEW_DATA,22.7269,91.3203,31.1439
7815,LIVE,NEW_DATA,22.7269,91.3203,31.1439
7816,LIVE,NEW_DATA,22.7269,91.3203,31.1439
7817,LIVE,NEW_DATA,22.7269,91.3203,31.1439
7818,LIVE,NEW_DATA,22.7269,91.3203,31.1439
7819,LIVE,NEW_DATA,22.7269,91.3203,31.1439
7820,LIVE,NEW_DATA,22.7269,91.3203,31.1439
7821,LIVE,NEW_DATA,22.7269,91.3203,31.1439
7822,LIVE,NEW_DATA,22.7269,91.3203,31.1439
7823,LIVE,NEW_DATA,22.7269,91.3203,31.1439
7824,LIVE,NEW_DATA,22.7269,91.3203,31.1439
7825,LIVE,NEW_DATA,22.7269,91.3203,31.1439
7826,LIVE,NEW_DATA,22.7269,91.3203,31.1439
7827,LIVE,NEW_DATA,22.7269,91.3203,31.1439
7828,LIVE,NEW_DATA,22.7269,91.3203,31.1439
7829,LIVE,NEW_DATA,22.7269,91.3203,31.1439
7830,LIVE,NEW_DATA,22.7269,91.3203,31.1439
7831,LIVE,NEW_DATA,22.7269,91.3203,31.1439
7832,LIVE,NEW_DATA,22.7269,91.3203,31.1439
7833,LIVE,NEW_DATA,22.7269,91.3203,31.1439
7834,LIVE,NEW_DATA,22.7269,91.3203,31.1439
7835,LIVE,NEW_DATA,22.7269,91.3203,31.1439
7836,LIVE,NEW_DATA,22.7269,91.3203,31.1439
7837,LIVE,NEW_DATA,22.7269,91.3203,31.1439
7838,LIVE,NEW_DATA,22.7269,91.4454,30.1010
7839,LIVE,NEW_DATA,22.7269,91.4454,30.1010
7840,LIVE,NEW_DATA,22.7269,91.4454,30.1010
7841,LIVE,NEW_DATA,22.7269,91.4454,30.1010
7842,LIVE,NEW_DATA,22.7269,91.4454,30.1010
7843,LIVE,NEW_DATA,22.7269,91.4454,30.1010
7844,LIVE,NEW_DATA,22.7269,91.4454,30.1010
7845,LIVE,NEW_DATA,22.7269,91.4454,30.1010
7846,LIVE,NEW_DATA,22.7269,91.4454,30.1010
7847,LIVE,NEW_DATA,22.7269,91.4454,30.1010
7848,LIVE,NEW_DATA,22.7269,91.4454,30.1010
7849,LIVE,NEW_DATA,22.7269,91.4454,30.1010
7850,LIVE,NEW_DATA,22.7269,91.4454,30.1010
7851,LIVE,NEW_DATA,22.7269,91.4454,30.1010
7852,LIVE,NEW_DATA,22.7269,91.4454,30.1010
7853,LIVE,NEW_DATA,22.7269,91.4454,30.1010
7854,LIVE,NEW_DATA,22.7269,91.4454,30.1010
7855,LIVE,NEW_DATA,22.7269,91.4454,30.1010
7856,LIVE,NEW_DATA,22.7269,91.4454,30.1010
7857,LIVE,NEW_DATA,22.7269,91.4454,30.1010
7858,LIVE,NEW_DATA,22.7269,91.4454,30.1010
7859,LIVE,NEW_DATA,22.7269,91.4454,30.1010
7860,LIVE,NEW_DATA,22.7269,91.4454,30.1010
7861,LIVE,NEW_DATA,22.7269,91.4454,30.1010
7862,LIVE,NEW_DATA,22.7269,91.4305,30.1025
7863,LIVE,NEW_DATA,22.7269,91.4305,30.1025
7864,LIVE,NEW_DATA,22.7269,91.4305,30.1025
7865,LIVE,NEW_DATA,22.7269,91.4305,30.1025
7866,LIVE,NEW_DATA,22.7269,91.4305,30.1025
7867,LIVE,NEW_DATA,22.7269,91.4305,30.1025
7868,LIVE,NEW_DATA,22.7269,91.4305,30.1025
7869,LIVE,NEW_DATA,22.7269,91.4305,30.1025
7870,LIVE,NEW_DATA,22.7269,91.4305,30.1025
7871,LIVE,NEW_DATA,22.7269,91.4305,30.1025
7872,LIVE,NEW_DATA,22.7269,91.4305,30.1025
7873,LIVE,NEW_DATA,22.7269,91.4305,30.1025
7874,LIVE,NEW_DATA,22.7269,91.4305,30.1025
7875,LIVE,NEW_DATA,22.7269,91.4305,30.1025
7876,LIVE,NEW_DATA,22.7269,91.4305,30.1025
7877,LIVE,NEW_DATA,22.7269,91.4305,30.1025
7878,LIVE,NEW_DATA,22.7269,91.4305,30.1025
7879,LIVE,NEW_DATA,22.7269,91.4305,30.1025
7880,LIVE,NEW_DATA,22.7269,91.4305,30.1025
7881,LIVE,NEW_DATA,22.7269,91.4305,30.1025
7882,LIVE,NEW_DATA,22.7269,91.4305,30.1025
7883,LIVE,NEW_DATA,22.7269,91.4305,30.1025
7884,LIVE,NEW_DATA,22.7269,91.4305,30.1025
7885,LIVE,NEW_DATA,22.7269,91.4305,30.1025
7886,LIVE,NEW_DATA,22.7269,91.6546,29.9646
7887,LIVE,NEW_DATA,22.7269,91.6546,29.9646
7888,LIVE,NEW_DATA,22.7269,91.6546,29.9646
7889,LIVE,NEW_DATA,22.7269,91.6546,29.9646
7890,LIVE,NEW_DATA,22.7269,91.6546,29.9646
7891,LIVE,NEW_DATA,22.7269,91.6546,29.9646
7892,LIVE,NEW_DATA,22.7269,91.6546,29.9646
7893,LIVE,NEW_DATA,22.7269,91.6546,29.9646
7894,LIVE,NEW_DATA,22.7269,91.6546,29.9646
7895,LIVE,NEW_DATA,22.7269,91.6546,29.9646
7896,LIVE,NEW_DATA,22.7269,91.6546,29.9646
7897,LIVE,NEW_DATA,22.7269,91.6546,29.9646
7898,LIVE,NEW_DATA,22.7269,91.6546,29.9646
7899,LIVE,NEW_DATA,22.7269,91.6546,29.9646
7900,LIVE,NEW_DATA,22.7269,91.6546,29.9646
7901,LIVE,NEW_DATA,22.7269,91.6546,29.9646
7902,LIVE,NEW_DATA,22.7269,91.6546,29.9646
7903,LIVE,NEW_DATA,22.7269,91.6546,29.9646
7904,LIVE,NEW_DATA,22.7269,91.6546,29.9646
7905,LIVE,NEW_DATA,22.7269,91.6546,29.9646
7906,LIVE,NEW_DATA,22.7269,91.6546,29.9646
7907,LIVE,NEW_DATA,22.7269,91.6546,29.9646
7908,LIVE,NEW_DATA,22.7269,91.6546,29.9646
7909,LIVE,NEW_DATA,22.7269,91.6546,29.9646
7910,LIVE,NEW_DATA,22.7269,91.7585,29.9025
7911,LIVE,NEW_DATA,22.7269,91.7585,29.9025
7912,LIVE,NEW_DATA,22.7269,91.7585,29.9025
7913,LIVE,NEW_DATA,22.7269,91.7585,29.9025
7914,LIVE,NEW_DATA,22.7269,91.7585,29.9025
7915,LIVE,NEW_DATA,22.7269,91.7585,29.9025
7916,LIVE,NEW_DATA,22.7269,91.7585,29.9025
7917,LIVE,NEW_DATA,22.7269,91.7585,29.9025
7918,LIVE,NEW_DATA,22.7269,91.7585,29.9025
7919,LIVE,NEW_DATA,22.7269,91.7585,29.9025
7920,LIVE,NEW_DATA,22.7269,91.7585,29.9025
7921,LIVE,NEW_DATA,22.7269,91.7585,29.9025
7922,LIVE,NEW_DATA,22.7269,91.7585,29.9025
7923,LIVE,NEW_DATA,22.7269,91.7585,29.9025
7924,LIVE,NEW_DATA,22.7269,91.7585,29.9025
7925,LIVE,NEW_DATA,22.7269,91.7585,29.9025
7926,LIVE,NEW_DATA,22.7269,91.7585,29.9025
7927,LIVE,NEW_DATA,22.7269,91.7585,29.9025
7928,LIVE,NEW_DATA,22.7269,91.7585,29.9025
7929,LIVE,NEW_DATA,22.7269,91.7585,29.9025
7930,LIVE,NEW_DATA,22.7269,91.7585,29.9025
7931,LIVE,NEW_DATA,22.7269,91.7585,29.9025
7932,LIVE,NEW_DATA,22.7269,91.7585,29.9025
7933,LIVE,NEW_DATA,22.7269,91.7585,29.9025
7934,LIVE,NEW_DATA,22.7269,91.7585,29.9025
7935,LIVE,NEW_DATA,22.7269,91.7155,29.3780
7936,LIVE,NEW_DATA,22.7269,91.7155,29.3780
7937,LIVE,NEW_DATA,22.7269,91.7155,29.3780
7938,LIVE,NEW_DATA,22.7269,91.7155,29.3780
7939,LIVE,NEW_DATA,22.7269,91.7155,29.3780
7940,LIVE,NEW_DATA,22.7269,91.7155,29.3780
7941,LIVE,NEW_DATA,22.7269,91.7155,29.3780
7942,LIVE,NEW_DATA,22.7269,91.7155,29.3780
7943,LIVE,NEW_DATA,22.7269,91.7155,29.3780
7944,LIVE,NEW_DATA,22.7269,91.7155,29.3780
7945,LIVE,NEW_DATA,22.7269,91.7155,29.3780
7946,LIVE,NEW_DATA,22.7269,91.7155,29.3780
7947,LIVE,NEW_DATA,22.7269,91.7155,29.3780
7948,LIVE,NEW_DATA,22.7269,91.7155,29.3780
7949,LIVE,NEW_DATA,22.7269,91.7155,29.3780
7950,LIVE,NEW_DATA,22.7269,91.7155,29.3780
7951,LIVE,NEW_DATA,22.7269,91.7155,29.3780
7952,LIVE,NEW_DATA,22.7269,91.7155,29.3780
7953,LIVE,NEW_DATA,22.7269,91.7155,29.3780
7954,LIVE,NEW_DATA,22.7269,91.7155,29.3780
7955,LIVE,NEW_DATA,22.7269,91.7155,29.3780
7956,LIVE,NEW_DATA,22.7269,91.7155,29.3780
7957,LIVE,NEW_DATA,22.7269,91.7155,29.3780
7958,LIVE,NEW_DATA,22.7269,91.7155,29.3780
7959,LIVE,NEW_DATA,22.7269,91.7009,29.2358
7960,LIVE,NEW_DATA,22.7269,91.7009,29.2358
7961,LIVE,NEW_DATA,22.7269,91.7009,29.2358
7962,LIVE,NEW_DATA,22.7269,91.7009,29.2358
7963,LIVE,NEW_DATA,22.7269,91.7009,29.2358
7964,LIVE,NEW_DATA,22.7269,91.7009,29.2358
7965,LIVE,NEW_DATA,22.7269,91.7009,29.2358
7966,LIVE,NEW_DATA,22.7269,91.7009,29.2358
7967,LIVE,NEW_DATA,22.7269,91.7009,29.2358
7968,LIVE,NEW_DATA,22.7269,91.7009,29.2358
7969,LIVE,NEW_DATA,22.7269,91.7009,29.2358
7970,LIVE,NEW_DATA,22.7269,91.7009,29.2358
7971,LIVE,NEW_DATA,22.7269,91.7009,29.2358
7972,LIVE,NEW_DATA,22.7269,91.7009,29.2358
7973,LIVE,NEW_DATA,22.7269,91.7009,29.2358
7974,LIVE,NEW_DATA,22.7269,91.7009,29.2358
7975,LIVE,NEW_DATA,22.7269,91.7009,29.2358
7976,LIVE,NEW_DATA,22.7269,91.7009,29.2358
7977,LIVE,NEW_DATA,22.7269,91.7009,29.2358
7978,LIVE,NEW_DATA,22.7269,91.7009,29.2358
7979,LIVE,NEW_DATA,22.7269,91.7009,29.2358
7980,LIVE,NEW_DATA,22.7269,91.7009,29.2358
7981,LIVE,NEW_DATA,22.7269,91.7009,29.2358
7982,LIVE,NEW_DATA,22.7269,91.7009,29.2358
7983,LIVE,NEW_DATA,22.7269,91.7009,29.2358
7984,LIVE,NEW_DATA,22.7269,91.6866,29.2404
7985,LIVE,NEW_DATA,22.7269,91.6866,29.2404
7986,LIVE,NEW_DATA,22.7269,91.6866,29.2404
7987,LIVE,NEW_DATA,22.7269,91.6866,29.2404
7988,LIVE,NEW_DATA,22.7269,91.6866,29.2404
7989,LIVE,NEW_DATA,22.7269,91.6866,29.2404
7990,LIVE,NEW_DATA,22.7269,91.6866,29.2404
7991,LIVE,NEW_DATA,22.7269,91.6866,29.2404
7992,LIVE,NEW_DATA,22.7269,91.6866,29.2404
7993,LIVE,NEW_DATA,22.7269,91.6866,29.2404
7994,LIVE,NEW_DATA,22.7269,91.6866,29.2404
7995,LIVE,NEW_DATA,22.7269,91.6866,29.2404
7996,LIVE,NEW_DATA,22.7269,91.6866,29.2404
7997,LIVE,NEW_DATA,22.7269,91.6866,29.2404
7998,LIVE,NEW_DATA,22.7269,91.6866,29.2404
7999,LIVE,NEW_DATA,22.7269,91.6866,29.2404
8000,LIVE,NEW_DATA,22.7269,91.6866,29.2404
8001,LIVE,NEW_DATA,22.7269,91.6866,29.2404
8002,LIVE,NEW_DATA,22.7269,91.6866,29.2404
8003,LIVE,NEW_DATA,22.7269,91.6866,29.2404
8004,LIVE,NEW_DATA,22.7269,91.6866,29.2404
8005,LIVE,NEW_DATA,22.7269,91.6866,29.2404
8006,LIVE,NEW_DATA,22.7269,91.6866,29.2404
8007,LIVE,NEW_DATA,22.7269,91.6866,29.2404
8008,LIVE,NEW_DATA,22.7269,91.7166,29.1684
8009,LIVE,NEW_DATA,22.7269,91.7166,29.1684
8010,LIVE,NEW_DATA,22.7269,91.7166,29.1684
8011,LIVE,NEW_DATA,22.7269,91.7166,29.1684
8012,LIVE,NEW_DATA,22.7269,91.7166,29.1684
8013,LIVE,NEW_DATA,22.7269,91.7166,29.1684
8014,LIVE,NEW_DATA,22.7269,91.7166,29.1684
8015,LIVE,NEW_DATA,22.7269,91.7166,29.1684
8016,LIVE,NEW_DATA,22.7269,91.7166,29.1684
8017,LIVE,NEW_DATA,22.7269,91.7166,29.1684
8018,LIVE,NEW_DATA,22.7269,91.7166,29.1684
8019,LIVE,NEW_DATA,22.7269,91.7166,29.1684
8020,LIVE,NEW_DATA,22.7269,91.7166,29.1684
8021,LIVE,NEW_DATA,22.7269,91.7166,29.1684
8022,LIVE,NEW_DATA,22.7269,91.7166,29.1684
8023,LIVE,NEW_DATA,22.7269,91.7166,29.1684
8024,LIVE,NEW_DATA,22.7269,91.7166,29.1684
8025,LIVE,NEW_DATA,22.7269,91.7166,29.1684
8026,LIVE,NEW_DATA,22.7269,91.7166,29.1684
8027,LIVE,NEW_DATA,22.7269,91.7166,29.1684
8028,LIVE,NEW_DATA,22.7269,91.7166,29.1684
8029,LIVE,NEW_DATA,22.7269,91.7166,29.1684
8030,LIVE,NEW_DATA,22.7269,91.7166,29.1684
8031,LIVE,NEW_DATA,22.7269,91.7166,29.1684
8032,LIVE,NEW_DATA,22.7269,91.6335,27.4711
8033,LIVE,NEW_DATA,22.7269,91.6335,27.4711
8034,LIVE,NEW_DATA,22.7269,91.6335,27.4711
8035,LIVE,NEW_DATA,22.7269,91.6335,27.4711
8036,LIVE,NEW_DATA,22.7269,91.6335,27.4711
8037,LIVE,NEW_DATA,22.7269,91.6335,27.4711
8038,LIVE,NEW_DATA,22.7269,91.6335,27.4711
8039,LIVE,NEW_DATA,22.7269,91.6335,27.4711
8040,LIVE,NEW_DATA,22.7269,91.6335,27.4711
8041,LIVE,NEW_DATA,22.7269,91.6335,27.4711
8042,LIVE,NEW_DATA,22.7269,91.6335,27.4711
8043,LIVE,NEW_DATA,22.7269,91.6335,27.4711
8044,LIVE,NEW_DATA,22.7269,91.6335,27.4711
8045,LIVE,NEW_DATA,22.7269,91.6335,27.4711
8046,LIVE,NEW_DATA,22.7269,91.6335,27.4711
8047,LIVE,NEW_DATA,22.7269,91.6335,27.4711
8048,LIVE,NEW_DATA,22.7269,91.6335,27.4711
8049,LIVE,NEW_DATA,22.7269,91.6335,27.4711
8050,LIVE,NEW_DATA,22.7269,91.6335,27.4711
8051,LIVE,NEW_DATA,22.7269,91.6335,27.4711
8052,LIVE,NEW_DATA,22.7269,91.6335,27.4711
8053,LIVE,NEW_DATA,22.7269,91.6335,27.4711
8054,LIVE,NEW_DATA,22.7269,91.6335,27.4711
8055,LIVE,NEW_DATA,22.7269,91.6335,27.4711
8056,LIVE,NEW_DATA,22.7269,91.6335,27.4711
8057,LIVE,NEW_DATA,22.7269,91.5848,27.3459
8058,LIVE,NEW_DATA,22.7269,91.5848,27.3459
8059,LIVE,NEW_DATA,22.7269,91.5848,27.3459
8060,LIVE,NEW_DATA,22.7269,91.5848,27.3459
8061,LIVE,NEW_DATA,22.7269,91.5848,27.3459
8062,LIVE,NEW_DATA,22.7269,91.5848,27.3459
8063,LIVE,NEW_DATA,22.7269,91.5848,27.3459
8064,LIVE,NEW_DATA,22.7269,91.5848,27.3459
8065,LIVE,NEW_DATA,22.7269,91.5848,27.3459
8066,LIVE,NEW_DATA,22.7269,91.5848,27.3459
8067,LIVE,NEW_DATA,22.7269,91.5848,27.3459
8068,LIVE,NEW_DATA,22.7269,91.5848,27.3459
8069,LIVE,NEW_DATA,22.7269,91.5848,27.3459
8070,LIVE,NEW_DATA,22.7269,91.5848,27.3459
8071,LIVE,NEW_DATA,22.7269,91.5848,27.3459
8072,LIVE,NEW_DATA,22.7269,91.5848,27.3459
8073,LIVE,NEW_DATA,22.7269,91.5848,27.3459
8074,LIVE,NEW_DATA,22.7269,91.5848,27.3459
8075,LIVE,NEW_DATA,22.7269,91.5848,27.3459
8076,LIVE,NEW_DATA,22.7269,91.5848,27.3459
8077,LIVE,NEW_DATA,22.7269,91.5848,27.3459
8078,LIVE,NEW_DATA,22.7269,91.5848,27.3459
8079,LIVE,NEW_DATA,22.7269,91.5848,27.3459
8080,LIVE,NEW_DATA,22.7269,91.5848,27.3459
8081,LIVE,NEW_DATA,22.7269,91.4601,27.3804
8082,LIVE,NEW_DATA,22.7269,91.4601,27.3804
8083,LIVE,NEW_DATA,22.7269,91.4601,27.3804
8084,LIVE,NEW_DATA,22.7269,91.4601,27.3804
8085,LIVE,NEW_DATA,22.7269,91.4601,27.3804
8086,LIVE,NEW_DATA,22.7269,91.4601,27.3804
8087,LIVE,NEW_DATA,22.7269,91.4601,27.3804
8088,LIVE,NEW_DATA,22.7269,91.4601,27.3804
8089,LIVE,NEW_DATA,22.7269,91.4601,27.3804
8090,LIVE,NEW_DATA,22.7269,91.4601,27.3804
8091,LIVE,NEW_DATA,22.7269,91.4601,27.3804
8092,LIVE,NEW_DATA,22.7269,91.4601,27.3804
8093,LIVE,NEW_DATA,22.7269,91.4601,27.3804
8094,LIVE,NEW_DATA,22.7269,91.4601,27.3804
8095,LIVE,NEW_DATA,22.7269,91.4601,27.3804
8096,LIVE,NEW_DATA,22.7269,91.4601,27.3804
8097,LIVE,NEW_DATA,22.7269,91.4601,27.3804
8098,LIVE,NEW_DATA,22.7269,91.4601,27.3804
8099,LIVE,NEW_DATA,22.7269,91.4601,27.3804
8100,LIVE,NEW_DATA,22.7269,91.4601,27.3804
8101,LIVE,NEW_DATA,22.7269,91.4601,27.3804
8102,LIVE,NEW_DATA,22.7269,91.4601,27.3804
8103,LIVE,NEW_DATA,22.7269,91.4601,27.3804
8104,LIVE,NEW_DATA,22.7269,91.3499,24.6028
8105,LIVE,NEW_DATA,22.7269,91.3499,24.6028
8106,LIVE,NEW_DATA,22.7269,91.3499,24.6028
8107,LIVE,NEW_DATA,22.7269,91.3499,24.6028
8108,LIVE,NEW_DATA,22.7269,91.3499,24.6028
8109,LIVE,NEW_DATA,22.7269,91.3499,24.6028
8110,LIVE,NEW_DATA,22.7269,91.3499,24.6028
8111,LIVE,NEW_DATA,22.7269,91.3499,24.6028
8112,LIVE,NEW_DATA,22.7269,91.3499,24.6028
8113,LIVE,NEW_DATA,22.7269,91.3499,24.6028
8114,LIVE,NEW_DATA,22.7269,91.3499,24.6028
8115,LIVE,NEW_DATA,22.7269,91.3499,24.6028
8116,LIVE,NEW_DATA,22.7269,91.3499,24.6028
8117,LIVE,NEW_DATA,22.7269,91.3499,24.6028
8118,LIVE,NEW_DATA,22.7269,91.3499,24.6028
8119,LIVE,NEW_DATA,22.7269,91.3499,24.6028
8120,LIVE,NEW_DATA,22.7269,91.3499,24.6028
8121,LIVE,NEW_DATA,22.7269,91.3499,24.6028
8122,LIVE,NEW_DATA,22.7269,91.3499,24.6028
8123,LIVE,NEW_DATA,22.7269,91.3499,24.6028
8124,LIVE,NEW_DATA,22.7269,91.3499,24.6028
8125,LIVE,NEW_DATA,22.7269,91.3499,24.6028
8126,LIVE,NEW_DATA,22.7269,91.3499,24.6028
8127,LIVE,NEW_DATA,22.7269,91.3499,24.6028
8128,LIVE,NEW_DATA,22.7269,91.3499,24.6028
8129,LIVE,NEW_DATA,22.7269,91.3160,24.6544
8130,LIVE,NEW_DATA,22.7269,91.3160,24.6544
8131,LIVE,NEW_DATA,22.7269,91.3160,24.6544
8132,LIVE,NEW_DATA,22.7269,91.3160,24.6544
8133,LIVE,NEW_DATA,22.7269,91.3160,24.6544
8134,LIVE,NEW_DATA,22.7269,91.3160,24.6544
8135,LIVE,NEW_DATA,22.7269,91.3160,24.6544
8136,LIVE,NEW_DATA,22.7269,91.3160,24.6544
8137,LIVE,NEW_DATA,22.7269,91.3160,24.6544
8138,LIVE,NEW_DATA,22.7269,91.3160,24.6544
8139,LIVE,NEW_DATA,22.7269,91.3160,24.6544
8140,LIVE,NEW_DATA,22.7269,91.3160,24.6544
8141,LIVE,NEW_DATA,22.7269,91.3160,24.6544
8142,LIVE,NEW_DATA,22.7269,91.3160,24.6544
8143,LIVE,NEW_DATA,22.7269,91.3160,24.6544
8144,LIVE,NEW_DATA,22.7269,91.3160,24.6544
8145,LIVE,NEW_DATA,22.7269,91.3160,24.6544
8146,LIVE,NEW_DATA,22.7269,91.3160,24.6544
8147,LIVE,NEW_DATA,22.7269,91.3160,24.6544
8148,LIVE,NEW_DATA,22.7269,91.3160,24.6544
8149,LIVE,NEW_DATA,22.7269,91.3160,24.6544
8150,LIVE,NEW_DATA,22.7269,91.3160,24.6544
8151,LIVE,NEW_DATA,22.7269,91.3160,24.6544
8152,LIVE,NEW_DATA,22.7269,91.3160,24.6544
8153,LIVE,NEW_DATA,22.7269,91.1029,24.5176
8154,LIVE,NEW_DATA,22.7269,91.1029,24.5176
8155,LIVE,NEW_DATA,22.7269,91.1029,24.5176
8156,LIVE,NEW_DATA,22.7269,91.1029,24.5176
8157,LIVE,NEW_DATA,22.7269,91.1029,24.5176
8158,LIVE,NEW_DATA,22.7269,91.1029,24.5176
8159,LIVE,NEW_DATA,22.7269,91.1029,24.5176
8160,LIVE,NEW_DATA,22.7269,91.1029,24.5176
8161,LIVE,NEW_DATA,22.7269,91.1029,24.5176
8162,LIVE,NEW_DATA,22.7269,91.1029,24.5176
8163,LIVE,NEW_DATA,22.7269,91.1029,24.5176
8164,LIVE,NEW_DATA,22.7269,91.1029,24.5176
8165,LIVE,NEW_DATA,22.7269,91.1029,24.5176
8166,LIVE,NEW_DATA,22.7269,91.1029,24.5176
8167,LIVE,NEW_DATA,22.7269,91.1029,24.5176
8168,LIVE,NEW_DATA,22.7269,91.1029,24.5176
8169,LIVE,NEW_DATA,22.7269,91.1029,24.5176
8170,LIVE,NEW_DATA,22.7269,91.1029,24.5176
8171,LIVE,NEW_DATA,22.7269,91.1029,24.5176
8172,LIVE,NEW_DATA,22.7269,91.1029,24.5176
8173,LIVE,NEW_DATA,22.7269,91.1029,24.5176
8174,LIVE,NEW_DATA,22.7269,91.1029,24.5176
8175,LIVE,NEW_DATA,22.7269,91.1029,24.5176
8176,LIVE,NEW_DATA,22.7269,91.1029,24.5176
8177,LIVE,NEW_DATA,22.7269,91.1029,24.5176
8178,LIVE,NEW_DATA,22.7269,90.8843,22.1240
8179,LIVE,NEW_DATA,22.7269,90.8843,22.1240
8180,LIVE,NEW_DATA,22.7269,90.8843,22.1240
8181,LIVE,NEW_DATA,22.7269,90.8843,22.1240
8182,LIVE,NEW_DATA,22.7269,90.8843,22.1240
8183,LIVE,NEW_DATA,22.7269,90.8843,22.1240
8184,LIVE,NEW_DATA,22.7269,90.8843,22.1240
8185,LIVE,NEW_DATA,22.7269,90.8843,22.1240
8186,LIVE,NEW_DATA,22.7269,90.8843,22.1240
8187,LIVE,NEW_DATA,22.7269,90.8843,22.1240
8188,LIVE,NEW_DATA,22.7269,90.8843,22.1240
8189,LIVE,NEW_DATA,22.7269,90.8843,22.1240
8190,LIVE,NEW_DATA,22.7269,90.8843,22.1240
8191,LIVE,NEW_DATA,22.7269,90.8843,22.1240
8192,LIVE,NEW_DATA,22.7269,90.8843,22.1240
8193,LIVE,NEW_DATA,22.7269,90.8843,22.1240
8194,LIVE,NEW_DATA,22.7269,90.8843,22.1240
8195,LIVE,NEW_DATA,22.7269,90.8843,22.1240
8196,LIVE,NEW_DATA,22.7269,90.8843,22.1240
8197,LIVE,NEW_DATA,22.7269,90.8843,22.1240
8198,LIVE,NEW_DATA,22.7269,90.8843,22.1240
8199,LIVE,NEW_DATA,22.7269,90.8843,22.1240
8200,LIVE,NEW_DATA,22.7269,90.8843,22.1240
8201,LIVE,NEW_DATA,22.7269,90.8843,22.1240
8202,LIVE,NEW_DATA,22.7269,90.6508,22.1918
8203,LIVE,NEW_DATA,22.7269,90.6508,22.1918
8204,LIVE,NEW_DATA,22.7269,90.6508,22.1918
8205,LIVE,NEW_DATA,22.7269,90.6508,22.1918
8206,LIVE,NEW_DATA,22.7269,90.6508,22.1918
8207,LIVE,NEW_DATA,22.7269,90.6508,22.1918
8208,LIVE,NEW_DATA,22.7269,90.6508,22.1918
8209,LIVE,NEW_DATA,22.7269,90.6508,22.1918
8210,LIVE,NEW_DATA,22.7269,90.6508,22.1918
8211,LIVE,NEW_DATA,22.7269,90.6508,22.1918
8212,LIVE,NEW_DATA,22.7269,90.6508,22.1918
8213,LIVE,NEW_DATA,22.7269,90.6508,22.1918
8214,LIVE,NEW_DATA,22.7269,90.6508,22.1918
8215,LIVE,NEW_DATA,22.7269,90.6508,22.1918
8216,LIVE,NEW_DATA,22.7269,90.6508,22.1918
8217,LIVE,NEW_DATA,22.7269,90.6508,22.1918
8218,LIVE,NEW_DATA,22.7269,90.6508,22.1918
8219,LIVE,NEW_DATA,22.7269,90.6508,22.1918
8220,LIVE,NEW_DATA,22.7269,90.6508,22.1918
8221,LIVE,NEW_DATA,22.7269,90.6508,22.1918
8222,LIVE,NEW_DATA,22.7269,90.6508,22.1918
8223,LIVE,NEW_DATA,22.7269,90.6508,22.1918
8224,LIVE,NEW_DATA,22.7269,90.6508,22.1918
8225,LIVE,NEW_DATA,22.7269,90.6508,22.1918
8226,LIVE,NEW_DATA,22.7269,90.6508,22.1918
8227,LIVE,NEW_DATA,22.7269,90.5188,22.1034
8228,LIVE,NEW_DATA,22.7269,90.5188,22.1034
8229,LIVE,NEW_DATA,22.7269,90.5188,22.1034
8230,LIVE,NEW_DATA,22.7269,90.5188,22.1034
8231,LIVE,NEW_DATA,22.7269,90.5188,22.1034
8232,LIVE,NEW_DATA,22.7269,90.5188,22.1034
8233,LIVE,NEW_DATA,22.7269,90.5188,22.1034
8234,LIVE,NEW_DATA,22.7269,90.5188,22.1034
8235,LIVE,NEW_DATA,22.7269,90.5188,22.1034
8236,LIVE,NEW_DATA,22.7269,90.5188,22.1034
8237,LIVE,NEW_DATA,22.7269,90.5188,22.1034
8238,LIVE,NEW_DATA,22.7269,90.5188,22.1034
8239,LIVE,NEW_DATA,22.7269,90.5188,22.1034
8240,LIVE,NEW_DATA,22.7269,90.5188,22.1034
8241,LIVE,NEW_DATA,22.7269,90.5188,22.1034
8242,LIVE,NEW_DATA,22.7269,90.5188,22.1034
8243,LIVE,NEW_DATA,22.7269,90.5188,22.1034
8244,LIVE,NEW_DATA,22.7269,90.5188,22.1034
8245,LIVE,NEW_DATA,22.7269,90.5188,22.1034
8246,LIVE,NEW_DATA,22.7269,90.5188,22.1034
8247,LIVE,NEW_DATA,22.7269,90.5188,22.1034
8248,LIVE,NEW_DATA,22.7269,90.5188,22.1034
8249,LIVE,NEW_DATA,22.7269,90.5188,22.1034
8250,LIVE,NEW_DATA,22.7269,90.5188,22.1034
8251,LIVE,NEW_DATA,22.7269,90.5385,22.0851
8252,LIVE,NEW_DATA,22.7269,90.5385,22.0851
8253,LIVE,NEW_DATA,22.7269,90.5385,22.0851
8254,LIVE,NEW_DATA,22.7269,90.5385,22.0851
8255,LIVE,NEW_DATA,22.7269,90.5385,22.0851
8256,LIVE,NEW_DATA,22.7269,90.5385,22.0851
8257,LIVE,NEW_DATA,22.7269,90.5385,22.0851
8258,LIVE,NEW_DATA,22.7269,90.5385,22.0851
8259,LIVE,NEW_DATA,22.7269,90.5385,22.0851
8260,LIVE,NEW_DATA,22.7269,90.5385,22.0851
8261,LIVE,NEW_DATA,22.7269,90.5385,22.0851
8262,LIVE,NEW_DATA,22.7269,90.5385,22.0851
8263,LIVE,NEW_DATA,22.7269,90.5385,22.0851
8264,LIVE,NEW_DATA,22.7269,90.5385,22.0851
8265,LIVE,NEW_DATA,22.7269,90.5385,22.0851
8266,LIVE,NEW_DATA,22.7269,90.5385,22.0851
8267,LIVE,NEW_DATA,22.7269,90.5385,22.0851
8268,LIVE,NEW_DATA,22.7269,90.5385,22.0851
8269,LIVE,NEW_DATA,22.7269,90.5385,22.0851
8270,LIVE,NEW_DATA,22.7269,90.5385,22.0851
8271,LIVE,NEW_DATA,22.7269,90.5385,22.0851
8272,LIVE,NEW_DATA,22.7269,90.5385,22.0851
8273,LIVE,NEW_DATA,22.7269,90.5385,22.0851
8274,LIVE,NEW_DATA,22.7269,90.5385,22.0851
8275,LIVE,NEW_DATA,22.7269,90.6098,22.0209
8276,LIVE,NEW_DATA,22.7269,90.6098,22.0209
8277,LIVE,NEW_DATA,22.7269,90.6098,22.0209
8278,LIVE,NEW_DATA,22.7269,90.6098,22.0209
8279,LIVE,NEW_DATA,22.7269,90.6098,22.0209
8280,LIVE,NEW_DATA,22.7269,90.6098,22.0209
8281,LIVE,NEW_DATA,22.7269,90.6098,22.0209
8282,LIVE,NEW_DATA,22.7269,90.6098,22.0209
8283,LIVE,NEW_DATA,22.7269,90.6098,22.0209
8284,LIVE,NEW_DATA,22.7269,90.6098,22.0209
8285,LIVE,NEW_DATA,22.7269,90.6098,22.0209
8286,LIVE,NEW_DATA,22.7269,90.6098,22.0209
8287,LIVE,NEW_DATA,22.7269,90.6098,22.0209
8288,LIVE,NEW_DATA,22.7269,90.6098,22.0209
8289,LIVE,NEW_DATA,22.7269,90.6098,22.0209
8290,LIVE,NEW_DATA,22.7269,90.6098,22.0209
8291,LIVE,NEW_DATA,22.7269,90.6098,22.0209
8292,LIVE,NEW_DATA,22.7269,90.6098,22.0209
8293,LIVE,NEW_DATA,22.7269,90.6098,22.0209
8294,LIVE,NEW_DATA,22.7269,90.6098,22.0209
8295,LIVE,NEW_DATA,22.7269,90.6098,22.0209
8296,LIVE,NEW_DATA,22.7269,90.6098,22.0209
8297,LIVE,NEW_DATA,22.7269,90.6098,22.0209
8298,LIVE,NEW_DATA,22.7269,90.6098,22.0209
8299,LIVE,NEW_DATA,22.7269,90.6098,22.0209
8300,LIVE,NEW_DATA,22.7269,90.6881,20.3693
8301,LIVE,NEW_DATA,22.7269,90.6881,20.3693
8302,LIVE,NEW_DATA,22.7269,90.6881,20.3693
8303,LIVE,NEW_DATA,22.7269,90.6881,20.3693
8304,LIVE,NEW_DATA,22.7269,90.6881,20.3693
8305,LIVE,NEW_DATA,22.7269,90.6881,20.3693
8306,LIVE,NEW_DATA,22.7269,90.6881,20.3693
8307,LIVE,NEW_DATA,22.7269,90.6881,20.3693
8308,LIVE,NEW_DATA,22.7269,90.6881,20.3693
8309,LIVE,NEW_DATA,22.7269,90.6881,20.3693
8310,LIVE,NEW_DATA,22.7269,90.6881,20.3693
8311,LIVE,NEW_DATA,22.7269,90.6881,20.3693
8312,LIVE,NEW_DATA,22.7269,90.6881,20.3693
8313,LIVE,NEW_DATA,22.7269,90.6881,20.3693
8314,LIVE,NEW_DATA,22.7269,90.6881,20.3693
8315,LIVE,NEW_DATA,22.7269,90.6881,20.3693
8316,LIVE,NEW_DATA,22.7269,90.6881,20.3693
8317,LIVE,NEW_DATA,22.7269,90.6881,20.3693
8318,LIVE,NEW_DATA,22.7269,90.6881,20.3693
8319,LIVE,NEW_DATA,22.7269,90.6881,20.3693
8320,LIVE,NEW_DATA,22.7269,90.6881,20.3693
8321,LIVE,NEW_DATA,22.7269,90.6881,20.3693
8322,LIVE,NEW_DATA,22.7269,90.6881,20.3693
8323,LIVE,NEW_DATA,22.7269,90.6881,20.3693
8324,LIVE,NEW_DATA,22.7269,90.6893,20.2964
8325,LIVE,NEW_DATA,22.7269,90.6893,20.2964
8326,LIVE,NEW_DATA,22.7269,90.6893,20.2964
8327,LIVE,NEW_DATA,22.7269,90.6893,20.2964
8328,LIVE,NEW_DATA,22.7269,90.6893,20.2964
8329,LIVE,NEW_DATA,22.7269,90.6893,20.2964
8330,LIVE,NEW_DATA,22.7269,90.6893,20.2964
8331,LIVE,NEW_DATA,22.7269,90.6893,20.2964
8332,LIVE,NEW_DATA,22.7269,90.6893,20.2964
8333,LIVE,NEW_DATA,22.7269,90.6893,20.2964
8334,LIVE,NEW_DATA,22.7269,90.6893,20.2964
8335,LIVE,NEW_DATA,22.7269,90.6893,20.2964
8336,LIVE,NEW_DATA,22.7269,90.6893,20.2964
8337,LIVE,NEW_DATA,22.7269,90.6893,20.2964
8338,LIVE,NEW_DATA,22.7269,90.6893,20.2964
8339,LIVE,NEW_DATA,22.7269,90.6893,20.2964
8340,LIVE,NEW_DATA,22.7269,90.6893,20.2964
8341,LIVE,NEW_DATA,22.7269,90.6893,20.2964
8342,LIVE,NEW_DATA,22.7269,90.6893,20.2964
8343,LIVE,NEW_DATA,22.7269,90.6893,20.2964
8344,LIVE,NEW_DATA,22.7269,90.6893,20.2964
8345,LIVE,NEW_DATA,22.7269,90.6893,20.2964
8346,LIVE,NEW_DATA,22.7269,90.6893,20.2964
8347,LIVE,NEW_DATA,22.7269,90.6893,20.2964
8348,LIVE,NEW_DATA,22.7269,90.8601,20.1845
8349,LIVE,NEW_DATA,22.7269,90.8601,20.1845
8350,LIVE,NEW_DATA,22.7269,90.8601,20.1845
8351,LIVE,NEW_DATA,22.7269,90.8601,20.1845
8352,LIVE,NEW_DATA,22.7269,90.8601,20.1845
8353,LIVE,NEW_DATA,22.7269,90.8601,20.1845
8354,LIVE,NEW_DATA,22.7269,90.8601,20.1845
8355,LIVE,NEW_DATA,22.7269,90.8601,20.1845
8356,LIVE,NEW_DATA,22.7269,90.8601,20.1845
8357,LIVE,NEW_DATA,22.7269,90.8601,20.1845
8358,LIVE,NEW_DATA,22.7269,90.8601,20.1845
8359,LIVE,NEW_DATA,22.7269,90.8601,20.1845
8360,LIVE,NEW_DATA,22.7269,90.8601,20.1845
8361,LIVE,NEW_DATA,22.7269,90.8601,20.1845
8362,LIVE,NEW_DATA,22.7269,90.8601,20.1845
8363,LIVE,NEW_DATA,22.7269,90.8601,20.1845
8364,LIVE,NEW_DATA,22.7269,90.8601,20.1845
8365,LIVE,NEW_DATA,22.7269,90.8601,20.1845
8366,LIVE,NEW_DATA,22.7269,90.8601,20.1845
8367,LIVE,NEW_DATA,22.7269,90.8601,20.1845
8368,LIVE,NEW_DATA,22.7269,90.8601,20.1845
8369,LIVE,NEW_DATA,22.7269,90.8601,20.1845
8370,LIVE,NEW_DATA,22.7269,90.8601,20.1845
8371,LIVE,NEW_DATA,22.7269,90.8601,20.1845
8372,LIVE,NEW_DATA,22.7269,90.8601,20.1845
8373,LIVE,NEW_DATA,22.7269,91.0018,20.0281
8374,LIVE,NEW_DATA,22.7269,91.0018,20.0281
8375,LIVE,NEW_DATA,22.7269,91.0018,20.0281
8376,LIVE,NEW_DATA,22.7269,91.0018,20.0281
8377,LIVE,NEW_DATA,22.7269,91.0018,20.0281
8378,LIVE,NEW_DATA,22.7269,91.0018,20.0281
8379,LIVE,NEW_DATA,22.7269,91.0018,20.0281
8380,LIVE,NEW_DATA,22.7269,91.0018,20.0281
8381,LIVE,NEW_DATA,22.7269,91.0018,20.0281
8382,LIVE,NEW_DATA,22.7269,91.0018,20.0281
8383,LIVE,NEW_DATA,22.7269,91.0018,20.0281
8384,LIVE,NEW_DATA,22.7269,91.0018,20.0281
8385,LIVE,NEW_DATA,22.7269,91.0018,20.0281
8386,LIVE,NEW_DATA,22.7269,91.0018,20.0281
8387,LIVE,NEW_DATA,22.7269,91.0018,20.0281
8388,LIVE,NEW_DATA,22.7269,91.0018,20.0281
8389,LIVE,NEW_DATA,22.7269,91.0018,20.0281
8390,LIVE,NEW_DATA,22.7269,91.0018,20.0281
8391,LIVE,NEW_DATA,22.7269,91.0018,20.0281
8392,LIVE,NEW_DATA,22.7269,91.0018,20.0281
8393,LIVE,NEW_DATA,22.7269,91.0018,20.0281
8394,LIVE,NEW_DATA,22.7269,91.0018,20.0281
8395,LIVE,NEW_DATA,22.7269,91.0018,20.0281
8396,LIVE,NEW_DATA,22.7269,91.0018,20.0281
8397,LIVE,NEW_DATA,22.7269,91.1682,20.0494
8398,LIVE,NEW_DATA,22.7269,91.1682,20.0494
8399,LIVE,NEW_DATA,22.7269,91.1682,20.0494
8400,LIVE,NEW_DATA,22.7269,91.1682,20.0494
8401,LIVE,NEW_DATA,22.7269,91.1682,20.0494
8402,LIVE,NEW_DATA,22.7269,91.1682,20.0494
8403,LIVE,NEW_DATA,22.7269,91.1682,20.0494
8404,LIVE,NEW_DATA,22.7269,91.1682,20.0494
8405,LIVE,NEW_DATA,22.7269,91.1682,20.0494
8406,LIVE,NEW_DATA,22.7269,91.1682,20.0494
8407,LIVE,NEW_DATA,22.7269,91.1682,20.0494
8408,LIVE,NEW_DATA,22.7269,91.1682,20.0494
8409,LIVE,NEW_DATA,22.7269,91.1682,20.0494
8410,LIVE,NEW_DATA,22.7269,91.1682,20.0494
8411,LIVE,NEW_DATA,22.7269,91.1682,20.0494
8412,LIVE,NEW_DATA,22.7269,91.1682,20.0494
8413,LIVE,NEW_DATA,22.7269,91.1682,20.0494
8414,LIVE,NEW_DATA,22.7269,91.1682,20.0494
8415,LIVE,NEW_DATA,22.7269,91.1682,20.0494
8416,LIVE,NEW_DATA,22.7269,91.1682,20.0494
8417,LIVE,NEW_DATA,22.7269,91.1682,20.0494
8418,LIVE,NEW_DATA,22.7269,91.1682,20.0494
8419,LIVE,NEW_DATA,22.7269,91.1682,20.0494
8420,LIVE,NEW_DATA,22.7269,91.1682,20.0494
8421,LIVE,NEW_DATA,22.7269,91.1682,20.0494
8422,LIVE,NEW_DATA,22.7269,91.3006,20.0494
8423,LIVE,NEW_DATA,22.7269,91.3006,20.0494
8424,LIVE,NEW_DATA,22.7269,91.3006,20.0494
8425,LIVE,NEW_DATA,22.7269,91.3006,20.0494
8426,LIVE,NEW_DATA,22.7269,91.3006,20.0494
8427,LIVE,NEW_DATA,22.7269,91.3006,20.0494
8428,LIVE,NEW_DATA,22.7269,91.3006,20.0494
8429,LIVE,NEW_DATA,22.7269,91.3006,20.0494
8430,LIVE,NEW_DATA,22.7269,91.3006,20.0494
8431,LIVE,NEW_DATA,22.7269,91.3006,20.0494
8432,LIVE,NEW_DATA,22.7269,91.3006,20.0494
8433,LIVE,NEW_DATA,22.7269,91.3006,20.0494
8434,LIVE,NEW_DATA,22.7269,91.3006,20.0494
8435,LIVE,NEW_DATA,22.7269,91.3006,20.0494
8436,LIVE,NEW_DATA,22.7269,91.3006,20.0494
8437,LIVE,NEW_DATA,22.7269,91.3006,20.0494
8438,LIVE,NEW_DATA,22.7269,91.3006,20.0494
8439,LIVE,NEW_DATA,22.7269,91.3006,20.0494
8440,LIVE,NEW_DATA,22.7269,91.3006,20.0494
8441,LIVE,NEW_DATA,22.7269,91.3006,20.0494
8442,LIVE,NEW_DATA,22.7269,91.3006,20.0494
8443,LIVE,NEW_DATA,22.7269,91.3006,20.0494
8444,LIVE,NEW_DATA,22.7269,91.3006,20.0494
8445,LIVE,NEW_DATA,22.7269,91.3006,20.0494
8446,LIVE,NEW_DATA,22.7269,91.4423,20.0334
8447,LIVE,NEW_DATA,22.7269,91.4423,20.0334
8448,LIVE,NEW_DATA,22.7269,91.4423,20.0334
8449,LIVE,NEW_DATA,22.7269,91.4423,20.0334
8450,LIVE,NEW_DATA,22.7269,91.4423,20.0334
8451,LIVE,NEW_DATA,22.7269,91.4423,20.0334
8452,LIVE,NEW_DATA,22.7269,91.4423,20.0334
8453,LIVE,NEW_DATA,22.7269,91.4423,20.0334
8454,LIVE,NEW_DATA,22.7269,91.4423,20.0334
8455,LIVE,NEW_DATA,22.7269,91.4423,20.0334
8456,LIVE,NEW_DATA,22.7269,91.4423,20.0334
8457,LIVE,NEW_DATA,22.7269,91.4423,20.0334
8458,LIVE,NEW_DATA,22.7269,91.4423,20.0334
8459,LIVE,NEW_DATA,22.7269,91.4423,20.0334
8460,LIVE,NEW_DATA,22.7269,91.4423,20.0334
8461,LIVE,NEW_DATA,22.7269,91.4423,20.0334
8462,LIVE,NEW_DATA,22.7269,91.4423,20.0334
8463,LIVE,NEW_DATA,22.7269,91.4423,20.0334
8464,LIVE,NEW_DATA,22.7269,91.4423,20.0334
8465,LIVE,NEW_DATA,22.7269,91.4423,20.0334
8466,LIVE,NEW_DATA,22.7269,91.4423,20.0334
8467,LIVE,NEW_DATA,22.7269,91.4423,20.0334
8468,LIVE,NEW_DATA,22.7269,91.4423,20.0334
8469,LIVE,NEW_DATA,22.7269,91.4423,20.0334
8470,LIVE,NEW_DATA,22.7269,91.4936,20.0662
8471,LIVE,NEW_DATA,22.7269,91.4936,20.0662
8472,LIVE,NEW_DATA,22.7269,91.4936,20.0662
8473,LIVE,NEW_DATA,22.7269,91.4936,20.0662
8474,LIVE,NEW_DATA,22.7269,91.4936,20.0662
8475,LIVE,NEW_DATA,22.7269,91.4936,20.0662
8476,LIVE,NEW_DATA,22.7269,91.4936,20.0662
8477,LIVE,NEW_DATA,22.7269,91.4936,20.0662
8478,LIVE,NEW_DATA,22.7269,91.4936,20.0662
8479,LIVE,NEW_DATA,22.7269,91.4936,20.0662
8480,LIVE,NEW_DATA,22.7269,91.4936,20.0662
8481,LIVE,NEW_DATA,22.7269,91.4936,20.0662
8482,LIVE,NEW_DATA,22.7269,91.4936,20.0662
8483,LIVE,NEW_DATA,22.7269,91.4936,20.0662
8484,LIVE,NEW_DATA,22.7269,91.4936,20.0662
8485,LIVE,NEW_DATA,22.7269,91.4936,20.0662
8486,LIVE,NEW_DATA,22.7269,91.4936,20.0662
8487,LIVE,NEW_DATA,22.7269,91.4936,20.0662
8488,LIVE,NEW_DATA,22.7269,91.4936,20.0662
8489,LIVE,NEW_DATA,22.7269,91.4936,20.0662
8490,LIVE,NEW_DATA,22.7269,91.4936,20.0662
8491,LIVE,NEW_DATA,22.7269,91.4936,20.0662
8492,LIVE,NEW_DATA,22.7269,91.4936,20.0662
8493,LIVE,NEW_DATA,22.7269,91.4936,20.0662
8494,LIVE,NEW_DATA,22.7269,91.4936,20.0662
8495,LIVE,NEW_DATA,22.7269,91.5508,20.0255
8496,LIVE,NEW_DATA,22.7269,91.5508,20.0255
8497,LIVE,NEW_DATA,22.7269,91.5508,20.0255
8498,LIVE,NEW_DATA,22.7269,91.5508,20.0255
8499,LIVE,NEW_DATA,22.7269,91.5508,20.0255
8500,LIVE,NEW_DATA,22.7269,91.5508,20.0255
8501,LIVE,NEW_DATA,22.7269,91.5508,20.0255
8502,LIVE,NEW_DATA,22.7269,91.5508,20.0255
8503,LIVE,NEW_DATA,22.7269,91.5508,20.0255
8504,LIVE,NEW_DATA,22.7269,91.5508,20.0255
8505,LIVE,NEW_DATA,22.7269,91.5508,20.0255
8506,LIVE,NEW_DATA,22.7269,91.5508,20.0255
8507,LIVE,NEW_DATA,22.7269,91.5508,20.0255
8508,LIVE,NEW_DATA,22.7269,91.5508,20.0255
8509,LIVE,NEW_DATA,22.7269,91.5508,20.0255
8510,LIVE,NEW_DATA,22.7269,91.5508,20.0255
8511,LIVE,NEW_DATA,22.7269,91.5508,20.0255
8512,LIVE,NEW_DATA,22.7269,91.5508,20.0255
8513,LIVE,NEW_DATA,22.7269,91.5508,20.0255
8514,LIVE,NEW_DATA,22.7269,91.5508,20.0255
8515,LIVE,NEW_DATA,22.7269,91.5508,20.0255
8516,LIVE,NEW_DATA,22.7269,91.5508,20.0255
8517,LIVE,NEW_DATA,22.7269,91.5508,20.0255
8518,LIVE,NEW_DATA,22.7269,91.5508,20.0255
8519,LIVE,NEW_DATA,22.7269,91.5539,20.0242
8520,LIVE,NEW_DATA,22.7269,91.5539,20.0242
8521,LIVE,NEW_DATA,22.7269,91.5539,20.0242
8522,LIVE,NEW_DATA,22.7269,91.5539,20.0242
8523,LIVE,NEW_DATA,22.7269,91.5539,20.0242
8524,LIVE,NEW_DATA,22.7269,91.5539,20.0242
8525,LIVE,NEW_DATA,22.7269,91.5539,20.0242
8526,LIVE,NEW_DATA,22.7269,91.5539,20.0242
8527,LIVE,NEW_DATA,22.7269,91.5539,20.0242
8528,LIVE,NEW_DATA,22.7269,91.5539,20.0242
8529,LIVE,NEW_DATA,22.7269,91.5539,20.0242
8530,LIVE,NEW_DATA,22.7269,91.5539,20.0242
8531,LIVE,NEW_DATA,22.7269,91.5539,20.0242
8532,LIVE,NEW_DATA,22.7269,91.5539,20.0242
8533,LIVE,NEW_DATA,22.7269,91.5539,20.0242
8534,LIVE,NEW_DATA,22.7269,91.5539,20.0242
8535,LIVE,NEW_DATA,22.7269,91.5539,20.0242
8536,LIVE,NEW_DATA,22.7269,91.5539,20.0242
8537,LIVE,NEW_DATA,22.7269,91.5539,20.0242
8538,LIVE,NEW_DATA,22.7269,91.5539,20.0242
8539,LIVE,NEW_DATA,22.7269,91.5539,20.0242
8540,LIVE,NEW_DATA,22.7269,91.5539,20.0242
8541,LIVE,NEW_DATA,22.7269,91.5539,20.0242
8542,LIVE,NEW_DATA,22.7269,91.5539,20.0242
8543,LIVE,NEW_DATA,22.7269,91.5539,20.0242
8544,LIVE,NEW_DATA,22.7269,91.4839,19.9164
8545,LIVE,NEW_DATA,22.7269,91.4839,19.9164
8546,LIVE,NEW_DATA,22.7269,91.4839,19.9164
8547,LIVE,NEW_DATA,22.7269,91.4839,19.9164
8548,LIVE,NEW_DATA,22.7269,91.4839,19.9164
8549,LIVE,NEW_DATA,22.7269,91.4839,19.9164
8550,LIVE,NEW_DATA,22.7269,91.4839,19.9164
8551,LIVE,NEW_DATA,22.7269,91.4839,19.9164
8552,LIVE,NEW_DATA,22.7269,91.4839,19.9164
8553,LIVE,NEW_DATA,22.7269,91.4839,19.9164
8554,LIVE,NEW_DATA,22.7269,91.4839,19.9164
8555,LIVE,NEW_DATA,22.7269,91.4839,19.9164
8556,LIVE,NEW_DATA,22.7269,91.4839,19.9164
8557,LIVE,NEW_DATA,22.7269,91.4839,19.9164
8558,LIVE,NEW_DATA,22.7269,91.4839,19.9164
8559,LIVE,NEW_DATA,22.7269,91.4839,19.9164
8560,LIVE,NEW_DATA,22.7269,91.4839,19.9164
8561,LIVE,NEW_DATA,22.7269,91.4839,19.9164
8562,LIVE,NEW_DATA,22.7269,91.4839,19.9164
8563,LIVE,NEW_DATA,22.7269,91.4839,19.9164
8564,LIVE,NEW_DATA,22.7269,91.4839,19.9164
8565,LIVE,NEW_DATA,22.7269,91.4839,19.9164
8566,LIVE,NEW_DATA,22.7269,91.4839,19.9164
8567,LIVE,NEW_DATA,22.7269,91.4839,19.9164
8568,LIVE,NEW_DATA,22.7269,91.4233,19.8961
8569,LIVE,NEW_DATA,22.7269,91.4233,19.8961
8570,LIVE,NEW_DATA,22.7269,91.4233,19.8961
8571,LIVE,NEW_DATA,22.7269,91.4233,19.8961
8572,LIVE,NEW_DATA,22.7269,91.4233,19.8961
8573,LIVE,NEW_DATA,22.7269,91.4233,19.8961
8574,LIVE,NEW_DATA,22.7269,91.4233,19.8961
8575,LIVE,NEW_DATA,22.7269,91.4233,19.8961
8576,LIVE,NEW_DATA,22.7269,91.4233,19.8961
8577,LIVE,NEW_DATA,22.7269,91.4233,19.8961
8578,LIVE,NEW_DATA,22.7269,91.4233,19.8961
8579,LIVE,NEW_DATA,22.7269,91.4233,19.8961
8580,LIVE,NEW_DATA,22.7269,91.4233,19.8961
8581,LIVE,NEW_DATA,22.7269,91.4233,19.8961
8582,LIVE,NEW_DATA,22.7269,91.4233,19.8961
8583,LIVE,NEW_DATA,22.7269,91.4233,19.8961
8584,LIVE,NEW_DATA,22.7269,91.4233,19.8961
8585,LIVE,NEW_DATA,22.7269,91.4233,19.8961
8586,LIVE,NEW_DATA,22.7269,91.4233,19.8961
8587,LIVE,NEW_DATA,22.7269,91.4233,19.8961
8588,LIVE,NEW_DATA,22.7269,91.4233,19.8961
8589,LIVE,NEW_DATA,22.7269,91.4233,19.8961
8590,LIVE,NEW_DATA,22.7269,91.4233,19.8961
8591,LIVE,NEW_DATA,22.7269,91.4233,19.8961
8592,LIVE,NEW_DATA,22.7269,91.3175,19.7942
8593,LIVE,NEW_DATA,22.7269,91.3175,19.7942
8594,LIVE,NEW_DATA,22.7269,91.3175,19.7942
8595,LIVE,NEW_DATA,22.7269,91.3175,19.7942
8596,LIVE,NEW_DATA,22.7269,91.3175,19.7942
8597,LIVE,NEW_DATA,22.7269,91.3175,19.7942
8598,LIVE,NEW_DATA,22.7269,91.3175,19.7942
8599,LIVE,NEW_DATA,22.7269,91.3175,19.7942
8600,LIVE,NEW_DATA,22.7269,91.3175,19.7942
8601,LIVE,NEW_DATA,22.7269,91.3175,19.7942
8602,LIVE,NEW_DATA,22.7269,91.3175,19.7942
8603,LIVE,NEW_DATA,22.7269,91.3175,19.7942
8604,LIVE,NEW_DATA,22.7269,91.3175,19.7942
8605,LIVE,NEW_DATA,22.7269,91.3175,19.7942
8606,LIVE,NEW_DATA,22.7269,91.3175,19.7942
8607,LIVE,NEW_DATA,22.7269,91.3175,19.7942
8608,LIVE,NEW_DATA,22.7269,91.3175,19.7942
8609,LIVE,NEW_DATA,22.7269,91.3175,19.7942
8610,LIVE,NEW_DATA,22.7269,91.3175,19.7942
8611,LIVE,NEW_DATA,22.7269,91.3175,19.7942
8612,LIVE,NEW_DATA,22.7269,91.3175,19.7942
8613,LIVE,NEW_DATA,22.7269,91.3175,19.7942
8614,LIVE,NEW_DATA,22.7269,91.3175,19.7942
8615,LIVE,NEW_DATA,22.7269,91.3175,19.7942
8616,LIVE,NEW_DATA,22.7269,91.3175,19.7942
8617,LIVE,NEW_DATA,22.7269,91.2622,19.8949
8618,LIVE,NEW_DATA,22.7269,91.2622,19.8949
8619,LIVE,NEW_DATA,22.7269,91.2622,19.8949
8620,LIVE,NEW_DATA,22.7269,91.2622,19.8949
8621,LIVE,NEW_DATA,22.7269,91.2622,19.8949
8622,LIVE,NEW_DATA,22.7269,91.2622,19.8949
8623,LIVE,NEW_DATA,22.7269,91.2622,19.8949
8624,LIVE,NEW_DATA,22.7269,91.2622,19.8949
8625,LIVE,NEW_DATA,22.7269,91.2622,19.8949
8626,LIVE,NEW_DATA,22.7269,91.2622,19.8949
8627,LIVE,NEW_DATA,22.7269,91.2622,19.8949
8628,LIVE,NEW_DATA,22.7269,91.2622,19.8949
8629,LIVE,NEW_DATA,22.7269,91.2622,19.8949
8630,LIVE,NEW_DATA,22.7269,91.2622,19.8949
8631,LIVE,NEW_DATA,22.7269,91.2622,19.8949
8632,LIVE,NEW_DATA,22.7269,91.2622,19.8949
8633,LIVE,NEW_DATA,22.7269,91.2622,19.8949
8634,LIVE,NEW_DATA,22.7269,91.2622,19.8949
8635,LIVE,NEW_DATA,22.7269,91.2622,19.8949
8636,LIVE,NEW_DATA,22.7269,91.2622,19.8949
8637,LIVE,NEW_DATA,22.7269,91.2622,19.8949
8638,LIVE,NEW_DATA,22.7269,91.2622,19.8949
8639,LIVE,NEW_DATA,22.7269,91.2622,19.8949
8640,LIVE,NEW_DATA,22.7269,91.2622,19.8949
8641,LIVE,NEW_DATA,22.7269,91.0445,19.8225
8642,LIVE,NEW_DATA,22.7269,91.0445,19.8225
8643,LIVE,NEW_DATA,22.7269,91.0445,19.8225
8644,LIVE,NEW_DATA,22.7269,91.0445,19.8225
8645,LIVE,NEW_DATA,22.7269,91.0445,19.8225
8646,LIVE,NEW_DATA,22.7269,91.0445,19.8225
8647,LIVE,NEW_DATA,22.7269,91.0445,19.8225
8648,LIVE,NEW_DATA,22.7269,91.0445,19.8225
8649,LIVE,NEW_DATA,22.7269,91.0445,19.8225
8650,LIVE,NEW_DATA,22.7269,91.0445,19.8225
8651,LIVE,NEW_DATA,22.7269,91.0445,19.8225
8652,LIVE,NEW_DATA,22.7269,91.0445,19.8225
8653,LIVE,NEW_DATA,22.7269,91.0445,19.8225
8654,LIVE,NEW_DATA,22.7269,91.0445,19.8225
8655,LIVE,NEW_DATA,22.7269,91.0445,19.8225
8656,LIVE,NEW_DATA,22.7269,91.0445,19.8225
8657,LIVE,NEW_DATA,22.7269,91.0445,19.8225
8658,LIVE,NEW_DATA,22.7269,91.0445,19.8225
8659,LIVE,NEW_DATA,22.7269,91.0445,19.8225
8660,LIVE,NEW_DATA,22.7269,91.0445,19.8225
8661,LIVE,NEW_DATA,22.7269,91.0445,19.8225
8662,LIVE,NEW_DATA,22.7269,91.0445,19.8225
8663,LIVE,NEW_DATA,22.7269,91.0445,19.8225
8664,LIVE,NEW_DATA,22.7269,91.0445,19.8225
8665,LIVE,NEW_DATA,22.7269,90.8825,19.7301
8666,LIVE,NEW_DATA,22.7269,90.8825,19.7301
8667,LIVE,NEW_DATA,22.7269,90.8825,19.7301
8668,LIVE,NEW_DATA,22.7269,90.8825,19.7301
8669,LIVE,NEW_DATA,22.7269,90.8825,19.7301
8670,LIVE,NEW_DATA,22.7269,90.8825,19.7301
8671,LIVE,NEW_DATA,22.7269,90.8825,19.7301
8672,LIVE,NEW_DATA,22.7269,90.8825,19.7301
8673,LIVE,NEW_DATA,22.7269,90.8825,19.7301
8674,LIVE,NEW_DATA,22.7269,90.8825,19.7301
8675,LIVE,NEW_DATA,22.7269,90.8825,19.7301
8676,LIVE,NEW_DATA,22.7269,90.8825,19.7301
8677,LIVE,NEW_DATA,22.7269,90.8825,19.7301
8678,LIVE,NEW_DATA,22.7269,90.8825,19.7301
8679,LIVE,NEW_DATA,22.7269,90.8825,19.7301
8680,LIVE,NEW_DATA,22.7269,90.8825,19.7301
8681,LIVE,NEW_DATA,22.7269,90.8825,19.7301
8682,LIVE,NEW_DATA,22.7269,90.8825,19.7301
8683,LIVE,NEW_DATA,22.7269,90.8825,19.7301
8684,LIVE,NEW_DATA,22.7269,90.8825,19.7301
8685,LIVE,NEW_DATA,22.7269,90.8825,19.7301
8686,LIVE,NEW_DATA,22.7269,90.8825,19.7301
8687,LIVE,NEW_DATA,22.7269,90.8825,19.7301
8688,LIVE,NEW_DATA,22.7269,90.8825,19.7301
8689,LIVE,NEW_DATA,22.7269,90.8825,19.7301
8690,LIVE,NEW_DATA,22.7269,90.8237,19.6997
8691,LIVE,NEW_DATA,22.7269,90.8237,19.6997
8692,LIVE,NEW_DATA,22.7269,90.8237,19.6997
8693,LIVE,NEW_DATA,22.7269,90.8237,19.6997
8694,LIVE,NEW_DATA,22.7269,90.8237,19.6997
8695,LIVE,NEW_DATA,22.7269,90.8237,19.6997
8696,LIVE,NEW_DATA,22.7269,90.8237,19.6997
8697,LIVE,NEW_DATA,22.7269,90.8237,19.6997
8698,LIVE,NEW_DATA,22.7269,90.8237,19.6997
8699,LIVE,NEW_DATA,22.7269,90.8237,19.6997
8700,LIVE,NEW_DATA,22.7269,90.8237,19.6997
8701,LIVE,NEW_DATA,22.7269,90.8237,19.6997
8702,LIVE,NEW_DATA,22.7269,90.8237,19.6997
8703,LIVE,NEW_DATA,22.7269,90.8237,19.6997
8704,LIVE,NEW_DATA,22.7269,90.8237,19.6997
8705,LIVE,NEW_DATA,22.7269,90.8237,19.6997
8706,LIVE,NEW_DATA,22.7269,90.8237,19.6997
8707,LIVE,NEW_DATA,22.7269,90.8237,19.6997
8708,LIVE,NEW_DATA,22.7269,90.8237,19.6997
8709,LIVE,NEW_DATA,22.7269,90.8237,19.6997
8710,LIVE,NEW_DATA,22.7269,90.8237,19.6997
8711,LIVE,NEW_DATA,22.7269,90.8237,19.6997
8712,LIVE,NEW_DATA,22.7269,90.8237,19.6997
8713,LIVE,NEW_DATA,22.7269,90.8237,19.6997
8714,LIVE,NEW_DATA,22.7269,90.8091,19.4988
8715,LIVE,NEW_DATA,22.7269,90.8091,19.4988
8716,LIVE,NEW_DATA,22.7269,90.8091,19.4988
8717,LIVE,NEW_DATA,22.7269,90.8091,19.4988
8718,LIVE,NEW_DATA,22.7269,90.8091,19.4988
8719,LIVE,NEW_DATA,22.7269,90.8091,19.4988
8720,LIVE,NEW_DATA,22.7269,90.8091,19.4988
8721,LIVE,NEW_DATA,22.7269,90.8091,19.4988
8722,LIVE,NEW_DATA,22.7269,90.8091,19.4988
8723,LIVE,NEW_DATA,22.7269,90.8091,19.4988
8724,LIVE,NEW_DATA,22.7269,90.8091,19.4988
8725,LIVE,NEW_DATA,22.7269,90.8091,19.4988
8726,LIVE,NEW_DATA,22.7269,90.8091,19.4988
8727,LIVE,NEW_DATA,22.7269,90.8091,19.4988
8728,LIVE,NEW_DATA,22.7269,90.8091,19.4988
8729,LIVE,NEW_DATA,22.7269,90.8091,19.4988
8730,LIVE,NEW_DATA,22.7269,90.8091,19.4988
8731,LIVE,NEW_DATA,22.7269,90.8091,19.4988
8732,LIVE,NEW_DATA,22.7269,90.8091,19.4988
8733,LIVE,NEW_DATA,22.7269,90.8091,19.4988
8734,LIVE,NEW_DATA,22.7269,90.8091,19.4988
8735,LIVE,NEW_DATA,22.7269,90.8091,19.4988
8736,LIVE,NEW_DATA,22.7269,90.8091,19.4988
8737,LIVE,NEW_DATA,22.7269,90.8091,19.4988
8738,LIVE,NEW_DATA,22.7269,90.7609,19.4988
8739,LIVE,NEW_DATA,22.7269,90.7609,19.4988
8740,LIVE,NEW_DATA,22.7269,90.7609,19.4988
8741,LIVE,NEW_DATA,22.7269,90.7609,19.4988
8742,LIVE,NEW_DATA,22.7269,90.7609,19.4988
8743,LIVE,NEW_DATA,22.7269,90.7609,19.4988
8744,LIVE,NEW_DATA,22.7269,90.7609,19.4988
8745,LIVE,NEW_DATA,22.7269,90.7609,19.4988
8746,LIVE,NEW_DATA,22.7269,90.7609,19.4988
8747,LIVE,NEW_DATA,22.7269,90.7609,19.4988
8748,LIVE,NEW_DATA,22.7269,90.7609,19.4988
8749,LIVE,NEW_DATA,22.7269,90.7609,19.4988
8750,LIVE,NEW_DATA,22.7269,90.7609,19.4988
8751,LIVE,NEW_DATA,22.7269,90.7609,19.4988
8752,LIVE,NEW_DATA,22.7269,90.7609,19.4988
8753,LIVE,NEW_DATA,22.7269,90.7609,19.4988
8754,LIVE,NEW_DATA,22.7269,90.7609,19.4988
8755,LIVE,NEW_DATA,22.7269,90.7609,19.4988
8756,LIVE,NEW_DATA,22.7269,90.7609,19.4988
8757,LIVE,NEW_DATA,22.7269,90.7609,19.4988
8758,LIVE,NEW_DATA,22.7269,90.7609,19.4988
8759,LIVE,NEW_DATA,22.7269,90.7609,19.4988
8760,LIVE,NEW_DATA,22.7269,90.7609,19.4988
8761,LIVE,NEW_DATA,22.7269,90.7609,19.4988
8762,LIVE,NEW_DATA,22.7269,90.7699,19.4085
8763,LIVE,NEW_DATA,22.7269,90.7699,19.4085
8764,LIVE,NEW_DATA,22.7269,90.7699,19.4085
8765,LIVE,NEW_DATA,22.7269,90.7699,19.4085
8766,LIVE,NEW_DATA,22.7269,90.7699,19.4085
8767,LIVE,NEW_DATA,22.7269,90.7699,19.4085
8768,LIVE,NEW_DATA,22.7269,90.7699,19.4085
8769,LIVE,NEW_DATA,22.7269,90.7699,19.4085
8770,LIVE,NEW_DATA,22.7269,90.7699,19.4085
8771,LIVE,NEW_DATA,22.7269,90.7699,19.4085
8772,LIVE,NEW_DATA,22.7269,90.7699,19.4085
8773,LIVE,NEW_DATA,22.7269,90.7699,19.4085
8774,LIVE,NEW_DATA,22.7269,90.7699,19.4085
8775,LIVE,NEW_DATA,22.7269,90.7699,19.4085
8776,LIVE,NEW_DATA,22.7269,90.7699,19.4085
8777,LIVE,NEW_DATA,22.7269,90.7699,19.4085
8778,LIVE,NEW_DATA,22.7269,90.7699,19.4085
8779,LIVE,NEW_DATA,22.7269,90.7699,19.4085
8780,LIVE,NEW_DATA,22.7269,90.7699,19.4085
8781,LIVE,NEW_DATA,22.7269,90.7699,19.4085
8782,LIVE,NEW_DATA,22.7269,90.7699,19.4085
8783,LIVE,NEW_DATA,22.7269,90.7699,19.4085
8784,LIVE,NEW_DATA,22.7269,90.7699,19.4085
8785,LIVE,NEW_DATA,22.7269,90.7699,19.4085
8786,LIVE,NEW_DATA,22.7269,90.7699,19.4085
8787,LIVE,NEW_DATA,22.7269,90.7369,18.7377
8788,LIVE,NEW_DATA,22.7269,90.7369,18.7377
8789,LIVE,NEW_DATA,22.7269,90.7369,18.7377
8790,LIVE,NEW_DATA,22.7269,90.7369,18.7377
8791,LIVE,NEW_DATA,22.7269,90.7369,18.7377
8792,LIVE,NEW_DATA,22.7269,90.7369,18.7377
8793,LIVE,NEW_DATA,22.7269,90.7369,18.7377
8794,LIVE,NEW_DATA,22.7269,90.7369,18.7377
8795,LIVE,NEW_DATA,22.7269,90.7369,18.7377
8796,LIVE,NEW_DATA,22.7269,90.7369,18.7377
8797,LIVE,NEW_DATA,22.7269,90.7369,18.7377
8798,LIVE,NEW_DATA,22.7269,90.7369,18.7377
8799,LIVE,NEW_DATA,22.7269,90.7369,18.7377
8800,LIVE,NEW_DATA,22.7269,90.7369,18.7377
8801,LIVE,NEW_DATA,22.7269,90.7369,18.7377
8802,LIVE,NEW_DATA,22.7269,90.7369,18.7377
8803,LIVE,NEW_DATA,22.7269,90.7369,18.7377
8804,LIVE,NEW_DATA,22.7269,90.7369,18.7377
8805,LIVE,NEW_DATA,22.7269,90.7369,18.7377
8806,LIVE,NEW_DATA,22.7269,90.7369,18.7377
8807,LIVE,NEW_DATA,22.7269,90.7369,18.7377
8808,LIVE,NEW_DATA,22.7269,90.7369,18.7377
8809,LIVE,NEW_DATA,22.7269,90.7369,18.7377
8810,LIVE,NEW_DATA,22.7269,90.7369,18.7377
8811,LIVE,NEW_DATA,22.7269,90.7330,18.5902
8812,LIVE,NEW_DATA,22.7269,90.7330,18.5902
8813,LIVE,NEW_DATA,22.7269,90.7330,18.5902
8814,LIVE,NEW_DATA,22.7269,90.7330,18.5902
8815,LIVE,NEW_DATA,22.7269,90.7330,18.5902
8816,LIVE,NEW_DATA,22.7269,90.7330,18.5902
8817,LIVE,NEW_DATA,22.7269,90.7330,18.5902
8818,LIVE,NEW_DATA,22.7269,90.7330,18.5902
8819,LIVE,NEW_DATA,22.7269,90.7330,18.5902
8820,LIVE,NEW_DATA,22.7269,90.7330,18.5902
8821,LIVE,NEW_DATA,22.7269,90.7330,18.5902
8822,LIVE,NEW_DATA,22.7269,90.7330,18.5902
8823,LIVE,NEW_DATA,22.7269,90.7330,18.5902
8824,LIVE,NEW_DATA,22.7269,90.7330,18.5902
8825,LIVE,NEW_DATA,22.7269,90.7330,18.5902
8826,LIVE,NEW_DATA,22.7269,90.7330,18.5902
8827,LIVE,NEW_DATA,22.7269,90.7330,18.5902
8828,LIVE,NEW_DATA,22.7269,90.7330,18.5902
8829,LIVE,NEW_DATA,22.7269,90.7330,18.5902
8830,LIVE,NEW_DATA,22.7269,90.7330,18.5902
8831,LIVE,NEW_DATA,22.7269,90.7330,18.5902
8832,LIVE,NEW_DATA,22.7269,90.7330,18.5902
8833,LIVE,NEW_DATA,22.7269,90.7330,18.5902
8834,LIVE,NEW_DATA,22.7269,90.7330,18.5902
8835,LIVE,NEW_DATA,22.7269,90.7107,18.6554
8836,LIVE,NEW_DATA,22.7269,90.7107,18.6554
8837,LIVE,NEW_DATA,22.7269,90.7107,18.6554
8838,LIVE,NEW_DATA,22.7269,90.7107,18.6554
8839,LIVE,NEW_DATA,22.7269,90.7107,18.6554
8840,LIVE,NEW_DATA,22.7269,90.7107,18.6554
8841,LIVE,NEW_DATA,22.7269,90.7107,18.6554
8842,LIVE,NEW_DATA,22.7269,90.7107,18.6554
8843,LIVE,NEW_DATA,22.7269,90.7107,18.6554
8844,LIVE,NEW_DATA,22.7269,90.7107,18.6554
8845,LIVE,NEW_DATA,22.7269,90.7107,18.6554
8846,LIVE,NEW_DATA,22.7269,90.7107,18.6554
8847,LIVE,NEW_DATA,22.7269,90.7107,18.6554
8848,LIVE,NEW_DATA,22.7269,90.7107,18.6554
8849,LIVE,NEW_DATA,22.7269,90.7107,18.6554
8850,LIVE,NEW_DATA,22.7269,90.7107,18.6554
8851,LIVE,NEW_DATA,22.7269,90.7107,18.6554
8852,LIVE,NEW_DATA,22.7269,90.7107,18.6554
8853,LIVE,NEW_DATA,22.7269,90.7107,18.6554
8854,LIVE,NEW_DATA,22.7269,90.7107,18.6554
8855,LIVE,NEW_DATA,22.7269,90.7107,18.6554
8856,LIVE,NEW_DATA,22.7269,90.7107,18.6554
8857,LIVE,NEW_DATA,22.7269,90.7107,18.6554
8858,LIVE,NEW_DATA,22.7269,90.7107,18.6554
8859,LIVE,NEW_DATA,22.7269,90.7107,18.6554
8860,LIVE,NEW_DATA,22.7269,90.6947,18.5526
8861,LIVE,NEW_DATA,22.7269,90.6947,18.5526
8862,LIVE,NEW_DATA,22.7269,90.6947,18.5526
8863,LIVE,NEW_DATA,22.7269,90.6947,18.5526
8864,LIVE,NEW_DATA,22.7269,90.6947,18.5526
8865,LIVE,NEW_DATA,22.7269,90.6947,18.5526
8866,LIVE,NEW_DATA,22.7269,90.6947,18.5526
8867,LIVE,NEW_DATA,22.7269,90.6947,18.5526
8868,LIVE,NEW_DATA,22.7269,90.6947,18.5526
8869,LIVE,NEW_DATA,22.7269,90.6947,18.5526
8870,LIVE,NEW_DATA,22.7269,90.6947,18.5526
8871,LIVE,NEW_DATA,22.7269,90.6947,18.5526
8872,LIVE,NEW_DATA,22.7269,90.6947,18.5526
8873,LIVE,NEW_DATA,22.7269,90.6947,18.5526
8874,LIVE,NEW_DATA,22.7269,90.6947,18.5526
8875,LIVE,NEW_DATA,22.7269,90.6947,18.5526
8876,LIVE,NEW_DATA,22.7269,90.6947,18.5526
8877,LIVE,NEW_DATA,22.7269,90.6947,18.5526
8878,LIVE,NEW_DATA,22.7269,90.6947,18.5526
8879,LIVE,NEW_DATA,22.7269,90.6947,18.5526
8880,LIVE,NEW_DATA,22.7269,90.6947,18.5526
8881,LIVE,NEW_DATA,22.7269,90.6947,18.5526
8882,LIVE,NEW_DATA,22.7269,90.6947,18.5526
8883,LIVE,NEW_DATA,22.7269,90.6947,18.5526
8884,LIVE,NEW_DATA,22.7269,90.7368,18.5242
8885,LIVE,NEW_DATA,22.7269,90.7368,18.5242
8886,LIVE,NEW_DATA,22.7269,90.7368,18.5242
8887,LIVE,NEW_DATA,22.7269,90.7368,18.5242
8888,LIVE,NEW_DATA,22.7269,90.7368,18.5242
8889,LIVE,NEW_DATA,22.7269,90.7368,18.5242
8890,LIVE,NEW_DATA,22.7269,90.7368,18.5242
8891,LIVE,NEW_DATA,22.7269,90.7368,18.5242
8892,LIVE,NEW_DATA,22.7269,90.7368,18.5242
8893,LIVE,NEW_DATA,22.7269,90.7368,18.5242
8894,LIVE,NEW_DATA,22.7269,90.7368,18.5242
8895,LIVE,NEW_DATA,22.7269,90.7368,18.5242
8896,LIVE,NEW_DATA,22.7269,90.7368,18.5242
8897,LIVE,NEW_DATA,22.7269,90.7368,18.5242
8898,LIVE,NEW_DATA,22.7269,90.7368,18.5242
8899,LIVE,NEW_DATA,22.7269,90.7368,18.5242
8900,LIVE,NEW_DATA,22.7269,90.7368,18.5242
8901,LIVE,NEW_DATA,22.7269,90.7368,18.5242
8902,LIVE,NEW_DATA,22.7269,90.7368,18.5242
8903,LIVE,NEW_DATA,22.7269,90.7368,18.5242
8904,LIVE,NEW_DATA,22.7269,90.7368,18.5242
8905,LIVE,NEW_DATA,22.7269,90.7368,18.5242
8906,LIVE,NEW_DATA,22.7269,90.7368,18.5242
8907,LIVE,NEW_DATA,22.7269,90.7368,18.5242
8908,LIVE,NEW_DATA,22.7269,90.7814,18.3700
8909,LIVE,NEW_DATA,22.7269,90.7814,18.3700
8910,LIVE,NEW_DATA,22.7269,90.7814,18.3700
8911,LIVE,NEW_DATA,22.7269,90.7814,18.3700
8912,LIVE,NEW_DATA,22.7269,90.7814,18.3700
8913,LIVE,NEW_DATA,22.7269,90.7814,18.3700
8914,LIVE,NEW_DATA,22.7269,90.7814,18.3700
8915,LIVE,NEW_DATA,22.7269,90.7814,18.3700
8916,LIVE,NEW_DATA,22.7269,90.7814,18.3700
8917,LIVE,NEW_DATA,22.7269,90.7814,18.3700
8918,LIVE,NEW_DATA,22.7269,90.7814,18.3700
8919,LIVE,NEW_DATA,22.7269,90.7814,18.3700
8920,LIVE,NEW_DATA,22.7269,90.7814,18.3700
8921,LIVE,NEW_DATA,22.7269,90.7814,18.3700
8922,LIVE,NEW_DATA,22.7269,90.7814,18.3700
8923,LIVE,NEW_DATA,22.7269,90.7814,18.3700
8924,LIVE,NEW_DATA,22.7269,90.7814,18.3700
8925,LIVE,NEW_DATA,22.7269,90.7814,18.3700
8926,LIVE,NEW_DATA,22.7269,90.7814,18.3700
8927,LIVE,NEW_DATA,22.7269,90.7814,18.3700
8928,LIVE,NEW_DATA,22.7269,90.7814,18.3700
8929,LIVE,NEW_DATA,22.7269,90.7814,18.3700
8930,LIVE,NEW_DATA,22.7269,90.7814,18.3700
8931,LIVE,NEW_DATA,22.7269,90.7814,18.3700
8932,LIVE,NEW_DATA,22.7269,90.7814,18.3700
8933,LIVE,NEW_DATA,22.7269,90.7435,18.4717
8934,LIVE,NEW_DATA,22.7269,90.7435,18.4717
8935,LIVE,NEW_DATA,22.7269,90.7435,18.4717
8936,LIVE,NEW_DATA,22.7269,90.7435,18.4717
8937,LIVE,NEW_DATA,22.7269,90.7435,18.4717
8938,LIVE,NEW_DATA,22.7269,90.7435,18.4717
8939,LIVE,NEW_DATA,22.7269,90.7435,18.4717
8940,LIVE,NEW_DATA,22.7269,90.7435,18.4717
8941,LIVE,NEW_DATA,22.7269,90.7435,18.4717
8942,LIVE,NEW_DATA,22.7269,90.7435,18.4717
8943,LIVE,NEW_DATA,22.7269,90.7435,18.4717
8944,LIVE,NEW_DATA,22.7269,90.7435,18.4717
8945,LIVE,NEW_DATA,22.7269,90.7435,18.4717
8946,LIVE,NEW_DATA,22.7269,90.7435,18.4717
8947,LIVE,NEW_DATA,22.7269,90.7435,18.4717
8948,LIVE,NEW_DATA,22.7269,90.7435,18.4717
8949,LIVE,NEW_DATA,22.7269,90.7435,18.4717
8950,LIVE,NEW_DATA,22.7269,90.7435,18.4717
8951,LIVE,NEW_DATA,22.7269,90.7435,18.4717
8952,LIVE,NEW_DATA,22.7269,90.7435,18.4717
8953,LIVE,NEW_DATA,22.7269,90.7435,18.4717
8954,LIVE,NEW_DATA,22.7269,90.7435,18.4717
8955,LIVE,NEW_DATA,22.7269,90.7435,18.4717
8956,LIVE,NEW_DATA,22.7269,90.7435,18.4717
8957,LIVE,NEW_DATA,22.7269,90.8149,18.4668
8958,LIVE,NEW_DATA,22.7269,90.8149,18.4668
8959,LIVE,NEW_DATA,22.7269,90.8149,18.4668
8960,LIVE,NEW_DATA,22.7269,90.8149,18.4668
8961,LIVE,NEW_DATA,22.7269,90.8149,18.4668
8962,LIVE,NEW_DATA,22.7269,90.8149,18.4668
8963,LIVE,NEW_DATA,22.7269,90.8149,18.4668
8964,LIVE,NEW_DATA,22.7269,90.8149,18.4668
8965,LIVE,NEW_DATA,22.7269,90.8149,18.4668
8966,LIVE,NEW_DATA,22.7269,90.8149,18.4668
8967,LIVE,NEW_DATA,22.7269,90.8149,18.4668
8968,LIVE,NEW_DATA,22.7269,90.8149,18.4668
8969,LIVE,NEW_DATA,22.7269,90.8149,18.4668
8970,LIVE,NEW_DATA,22.7269,90.8149,18.4668
8971,LIVE,NEW_DATA,22.7269,90.8149,18.4668
8972,LIVE,NEW_DATA,22.7269,90.8149,18.4668
8973,LIVE,NEW_DATA,22.7269,90.8149,18.4668
8974,LIVE,NEW_DATA,22.7269,90.8149,18.4668
8975,LIVE,NEW_DATA,22.7269,90.8149,18.4668
8976,LIVE,NEW_DATA,22.7269,90.8149,18.4668
8977,LIVE,NEW_DATA,22.7269,90.8149,18.4668
8978,LIVE,NEW_DATA,22.7269,90.8149,18.4668
8979,LIVE,NEW_DATA,22.7269,90.8149,18.4668
8980,LIVE,NEW_DATA,22.7269,90.8149,18.4668
8981,LIVE,NEW_DATA,22.7269,90.8149,18.4668
8982,LIVE,NEW_DATA,22.7269,90.9165,17.8882
8983,LIVE,NEW_DATA,22.7269,90.9165,17.8882
8984,LIVE,NEW_DATA,22.7269,90.9165,17.8882
8985,LIVE,NEW_DATA,22.7269,90.9165,17.8882
8986,LIVE,NEW_DATA,22.7269,90.9165,17.8882
8987,LIVE,NEW_DATA,22.7269,90.9165,17.8882
8988,LIVE,NEW_DATA,22.7269,90.9165,17.8882
8989,LIVE,NEW_DATA,22.7269,90.9165,17.8882
8990,LIVE,NEW_DATA,22.7269,90.9165,17.8882
8991,LIVE,NEW_DATA,22.7269,90.9165,17.8882
8992,LIVE,NEW_DATA,22.7269,90.9165,17.8882
8993,LIVE,NEW_DATA,22.7269,90.9165,17.8882
8994,LIVE,NEW_DATA,22.7269,90.9165,17.8882
8995,LIVE,NEW_DATA,22.7269,90.9165,17.8882
8996,LIVE,NEW_DATA,22.7269,90.9165,17.8882
8997,LIVE,NEW_DATA,22.7269,90.9165,17.8882
8998,LIVE,NEW_DATA,22.7269,90.9165,17.8882
8999,LIVE,NEW_DATA,22.7269,90.9165,17.8882
9000,LIVE,NEW_DATA,22.7269,90.9165,17.8882
9001,LIVE,NEW_DATA,22.7269,90.9165,17.8882
9002,LIVE,NEW_DATA,22.7269,90.9165,17.8882
9003,LIVE,NEW_DATA,22.7269,90.9165,17.8882
9004,LIVE,NEW_DATA,22.7269,90.9165,17.8882
9005,LIVE,NEW_DATA,22.7269,90.9291,17.8786
9006,LIVE,NEW_DATA,22.7269,90.9291,17.8786
9007,LIVE,NEW_DATA,22.7269,90.9291,17.8786
9008,LIVE,NEW_DATA,22.7269,90.9291,17.8786
9009,LIVE,NEW_DATA,22.7269,90.9291,17.8786
9010,LIVE,NEW_DATA,22.7269,90.9291,17.8786
9011,LIVE,NEW_DATA,22.7269,90.9291,17.8786
9012,LIVE,NEW_DATA,22.7269,90.9291,17.8786
9013,LIVE,NEW_DATA,22.7269,90.9291,17.8786
9014,LIVE,NEW_DATA,22.7269,90.9291,17.8786
9015,LIVE,NEW_DATA,22.7269,90.9291,17.8786
9016,LIVE,NEW_DATA,22.7269,90.9291,17.8786
9017,LIVE,NEW_DATA,22.7269,90.9291,17.8786
9018,LIVE,NEW_DATA,22.7269,90.9291,17.8786
9019,LIVE,NEW_DATA,22.7269,90.9291,17.8786
9020,LIVE,NEW_DATA,22.7269,90.9291,17.8786
9021,LIVE,NEW_DATA,22.7269,90.9291,17.8786
9022,LIVE,NEW_DATA,22.7269,90.9291,17.8786
9023,LIVE,NEW_DATA,22.7269,90.9291,17.8786
9024,LIVE,NEW_DATA,22.7269,90.9291,17.8786
9025,LIVE,NEW_DATA,22.7269,90.9291,17.8786
9026,LIVE,NEW_DATA,22.7269,90.9291,17.8786
9027,LIVE,NEW_DATA,22.7269,90.9291,17.8786
9028,LIVE,NEW_DATA,22.7269,90.9291,17.8786
9029,LIVE,NEW_DATA,22.7269,90.9291,17.8786
9030,LIVE,NEW_DATA,22.7269,90.9482,15.5582
9031,LIVE,NEW_DATA,22.7269,90.9482,15.5582
9032,LIVE,NEW_DATA,22.7269,90.9482,15.5582
9033,LIVE,NEW_DATA,22.7269,90.9482,15.5582
9034,LIVE,NEW_DATA,22.7269,90.9482,15.5582
9035,LIVE,NEW_DATA,22.7269,90.9482,15.5582
9036,LIVE,NEW_DATA,22.7269,90.9482,15.5582
9037,LIVE,NEW_DATA,22.7269,90.9482,15.5582
9038,LIVE,NEW_DATA,22.7269,90.9482,15.5582
9039,LIVE,NEW_DATA,22.7269,90.9482,15.5582
9040,LIVE,NEW_DATA,22.7269,90.9482,15.5582
9041,LIVE,NEW_DATA,22.7269,90.9482,15.5582
9042,LIVE,NEW_DATA,22.7269,90.9482,15.5582
9043,LIVE,NEW_DATA,22.7269,90.9482,15.5582
9044,LIVE,NEW_DATA,22.7269,90.9482,15.5582
9045,LIVE,NEW_DATA,22.7269,90.9482,15.5582
9046,LIVE,NEW_DATA,22.7269,90.9482,15.5582
9047,LIVE,NEW_DATA,22.7269,90.9482,15.5582
9048,LIVE,NEW_DATA,22.7269,90.9482,15.5582
9049,LIVE,NEW_DATA,22.7269,90.9482,15.5582
9050,LIVE,NEW_DATA,22.7269,90.9482,15.5582
9051,LIVE,NEW_DATA,22.7269,90.9482,15.5582
9052,LIVE,NEW_DATA,22.7269,90.9482,15.5582
9053,LIVE,NEW_DATA,22.7269,90.9482,15.5582
9054,LIVE,NEW_DATA,22.7269,91.0448,15.5582
9055,LIVE,NEW_DATA,22.7269,91.0448,15.5582
9056,LIVE,NEW_DATA,22.7269,91.0448,15.5582
9057,LIVE,NEW_DATA,22.7269,91.0448,15.5582
9058,LIVE,NEW_DATA,22.7269,91.0448,15.5582
9059,LIVE,NEW_DATA,22.7269,91.0448,15.5582
9060,LIVE,NEW_DATA,22.7269,91.0448,15.5582
9061,LIVE,NEW_DATA,22.7269,91.0448,15.5582
9062,LIVE,NEW_DATA,22.7269,91.0448,15.5582
9063,LIVE,NEW_DATA,22.7269,91.0448,15.5582
9064,LIVE,NEW_DATA,22.7269,91.0448,15.5582
9065,LIVE,NEW_DATA,22.7269,91.0448,15.5582
9066,LIVE,NEW_DATA,22.7269,91.0448,15.5582
9067,LIVE,NEW_DATA,22.7269,91.0448,15.5582
9068,LIVE,NEW_DATA,22.7269,91.0448,15.5582
9069,LIVE,NEW_DATA,22.7269,91.0448,15.5582
9070,LIVE,NEW_DATA,22.7269,91.0448,15.5582
9071,LIVE,NEW_DATA,22.7269,91.0448,15.5582
9072,LIVE,NEW_DATA,22.7269,91.0448,15.5582
9073,LIVE,NEW_DATA,22.7269,91.0448,15.5582
9074,LIVE,NEW_DATA,22.7269,91.0448,15.5582
9075,LIVE,NEW_DATA,22.7269,91.0448,15.5582
9076,LIVE,NEW_DATA,22.7269,91.0448,15.5582
9077,LIVE,NEW_DATA,22.7269,91.0448,15.5582
9078,LIVE,NEW_DATA,22.7269,91.1082,15.5668
9079,LIVE,NEW_DATA,22.7269,91.1082,15.5668
9080,LIVE,NEW_DATA,22.7269,91.1082,15.5668
9081,LIVE,NEW_DATA,22.7269,91.1082,15.5668
9082,LIVE,NEW_DATA,22.7269,91.1082,15.5668
9083,LIVE,NEW_DATA,22.7269,91.1082,15.5668
9084,LIVE,NEW_DATA,22.7269,91.1082,15.5668
9085,LIVE,NEW_DATA,22.7269,91.1082,15.5668
9086,LIVE,NEW_DATA,22.7269,91.1082,15.5668
9087,LIVE,NEW_DATA,22.7269,91.1082,15.5668
9088,LIVE,NEW_DATA,22.7269,91.1082,15.5668
9089,LIVE,NEW_DATA,22.7269,91.1082,15.5668
9090,LIVE,NEW_DATA,22.7269,91.1082,15.5668
9091,LIVE,NEW_DATA,22.7269,91.1082,15.5668
9092,LIVE,NEW_DATA,22.7269,91.1082,15.5668
9093,LIVE,NEW_DATA,22.7269,91.1082,15.5668
9094,LIVE,NEW_DATA,22.7269,91.1082,15.5668
9095,LIVE,NEW_DATA,22.7269,91.1082,15.5668
9096,LIVE,NEW_DATA,22.7269,91.1082,15.5668
9097,LIVE,NEW_DATA,22.7269,91.1082,15.5668
9098,LIVE,NEW_DATA,22.7269,91.1082,15.5668
9099,LIVE,NEW_DATA,22.7269,91.1082,15.5668
9100,LIVE,NEW_DATA,22.7269,91.1082,15.5668
9101,LIVE,NEW_DATA,22.7269,91.1082,15.5668
9102,LIVE,NEW_DATA,22.7269,91.1082,15.5668
9103,LIVE,NEW_DATA,22.7269,91.2560,15.4083
9104,LIVE,NEW_DATA,22.7269,91.2560,15.4083
9105,LIVE,NEW_DATA,22.7269,91.2560,15.4083
9106,LIVE,NEW_DATA,22.7269,91.2560,15.4083
9107,LIVE,NEW_DATA,22.7269,91.2560,15.4083
9108,LIVE,NEW_DATA,22.7269,91.2560,15.4083
9109,LIVE,NEW_DATA,22.7269,91.2560,15.4083
9110,LIVE,NEW_DATA,22.7269,91.2560,15.4083
9111,LIVE,NEW_DATA,22.7269,91.2560,15.4083
9112,LIVE,NEW_DATA,22.7269,91.2560,15.4083
9113,LIVE,NEW_DATA,22.7269,91.2560,15.4083
9114,LIVE,NEW_DATA,22.7269,91.2560,15.4083
9115,LIVE,NEW_DATA,22.7269,91.2560,15.4083
9116,LIVE,NEW_DATA,22.7269,91.2560,15.4083
9117,LIVE,NEW_DATA,22.7269,91.2560,15.4083
9118,LIVE,NEW_DATA,22.7269,91.2560,15.4083
9119,LIVE,NEW_DATA,22.7269,91.2560,15.4083
9120,LIVE,NEW_DATA,22.7269,91.2560,15.4083
9121,LIVE,NEW_DATA,22.7269,91.2560,15.4083
9122,LIVE,NEW_DATA,22.7269,91.2560,15.4083
9123,LIVE,NEW_DATA,22.7269,91.2560,15.4083
9124,LIVE,NEW_DATA,22.7269,91.2560,15.4083
9125,LIVE,NEW_DATA,22.7269,91.2560,15.4083
9126,LIVE,NEW_DATA,22.7269,91.2560,15.4083
9127,LIVE,NEW_DATA,22.7269,91.3450,15.4038
9128,LIVE,NEW_DATA,22.7269,91.3450,15.4038
9129,LIVE,NEW_DATA,22.7269,91.3450,15.4038
9130,LIVE,NEW_DATA,22.7269,91.3450,15.4038
9131,LIVE,NEW_DATA,22.7269,91.3450,15.4038
9132,LIVE,NEW_DATA,22.7269,91.3450,15.4038
9133,LIVE,NEW_DATA,22.7269,91.3450,15.4038
9134,LIVE,NEW_DATA,22.7269,91.3450,15.4038
9135,LIVE,NEW_DATA,22.7269,91.3450,15.4038
9136,LIVE,NEW_DATA,22.7269,91.3450,15.4038
9137,LIVE,NEW_DATA,22.7269,91.3450,15.4038
9138,LIVE,NEW_DATA,22.7269,91.3450,15.4038
9139,LIVE,NEW_DATA,22.7269,91.3450,15.4038
9140,LIVE,NEW_DATA,22.7269,91.3450,15.4038
9141,LIVE,NEW_DATA,22.7269,91.3450,15.4038
9142,LIVE,NEW_DATA,22.7269,91.3450,15.4038
9143,LIVE,NEW_DATA,22.7269,91.3450,15.4038
9144,LIVE,NEW_DATA,22.7269,91.3450,15.4038
9145,LIVE,NEW_DATA,22.7269,91.3450,15.4038
9146,LIVE,NEW_DATA,22.7269,91.3450,15.4038
9147,LIVE,NEW_DATA,22.7269,91.3450,15.4038
9148,LIVE,NEW_DATA,22.7269,91.3450,15.4038
9149,LIVE,NEW_DATA,22.7269,91.3450,15.4038
9150,LIVE,NEW_DATA,22.7269,91.3450,15.4038
9151,LIVE,NEW_DATA,22.7269,91.3450,15.4038
9152,LIVE,NEW_DATA,22.7269,91.3887,15.4901
9153,LIVE,NEW_DATA,22.7269,91.3887,15.4901
9154,LIVE,NEW_DATA,22.7269,91.3887,15.4901
9155,LIVE,NEW_DATA,22.7269,91.3887,15.4901
9156,LIVE,NEW_DATA,22.7269,91.3887,15.4901
9157,LIVE,NEW_DATA,22.7269,91.3887,15.4901
9158,LIVE,NEW_DATA,22.7269,91.3887,15.4901
9159,LIVE,NEW_DATA,22.7269,91.3887,15.4901
9160,LIVE,NEW_DATA,22.7269,91.3887,15.4901
9161,LIVE,NEW_DATA,22.7269,91.3887,15.4901
9162,LIVE,NEW_DATA,22.7269,91.3887,15.4901
9163,LIVE,NEW_DATA,22.7269,91.3887,15.4901
9164,LIVE,NEW_DATA,22.7269,91.3887,15.4901
9165,LIVE,NEW_DATA,22.7269,91.3887,15.4901
9166,LIVE,NEW_DATA,22.7269,91.3887,15.4901
9167,LIVE,NEW_DATA,22.7269,91.3887,15.4901
9168,LIVE,NEW_DATA,22.7269,91.3887,15.4901
9169,LIVE,NEW_DATA,22.7269,91.3887,15.4901
9170,LIVE,NEW_DATA,22.7269,91.3887,15.4901
9171,LIVE,NEW_DATA,22.7269,91.3887,15.4901
9172,LIVE,NEW_DATA,22.7269,91.3887,15.4901
9173,LIVE,NEW_DATA,22.7269,91.3887,15.4901
9174,LIVE,NEW_DATA,22.7269,91.3887,15.4901
9175,LIVE,NEW_DATA,22.7269,91.3887,15.4901
9176,LIVE,NEW_DATA,22.7269,91.3873,14.0273
9177,LIVE,NEW_DATA,22.7269,91.3873,14.0273
9178,LIVE,NEW_DATA,22.7269,91.3873,14.0273
9179,LIVE,NEW_DATA,22.7269,91.3873,14.0273
9180,LIVE,NEW_DATA,22.7269,91.3873,14.0273
9181,LIVE,NEW_DATA,22.7269,91.3873,14.0273
9182,LIVE,NEW_DATA,22.7269,91.3873,14.0273
9183,LIVE,NEW_DATA,22.7269,91.3873,14.0273
9184,LIVE,NEW_DATA,22.7269,91.3873,14.0273
9185,LIVE,NEW_DATA,22.7269,91.3873,14.0273
9186,LIVE,NEW_DATA,22.7269,91.3873,14.0273
9187,LIVE,NEW_DATA,22.7269,91.3873,14.0273
9188,LIVE,NEW_DATA,22.7269,91.3873,14.0273
9189,LIVE,NEW_DATA,22.7269,91.3873,14.0273
9190,LIVE,NEW_DATA,22.7269,91.3873,14.0273
9191,LIVE,NEW_DATA,22.7269,91.3873,14.0273
9192,LIVE,NEW_DATA,22.7269,91.3873,14.0273
9193,LIVE,NEW_DATA,22.7269,91.3873,14.0273
9194,LIVE,NEW_DATA,22.7269,91.3873,14.0273
9195,LIVE,NEW_DATA,22.7269,91.3873,14.0273
9196,LIVE,NEW_DATA,22.7269,91.3873,14.0273
9197,LIVE,NEW_DATA,22.7269,91.3873,14.0273
9198,LIVE,NEW_DATA,22.7269,91.3873,14.0273
9199,LIVE,NEW_DATA,22.7269,91.3873,14.0273
9200,LIVE,NEW_DATA,22.7269,91.3873,14.0273
9201,LIVE,NEW_DATA,22.7269,91.4779,14.0469
9202,LIVE,NEW_DATA,22.7269,91.4779,14.0469
9203,LIVE,NEW_DATA,22.7269,91.4779,14.0469
9204,LIVE,NEW_DATA,22.7269,91.4779,14.0469
9205,LIVE,NEW_DATA,22.7269,91.4779,14.0469
9206,LIVE,NEW_DATA,22.7269,91.4779,14.0469
9207,LIVE,NEW_DATA,22.7269,91.4779,14.0469
9208,LIVE,NEW_DATA,22.7269,91.4779,14.0469
9209,LIVE,NEW_DATA,22.7269,91.4779,14.0469
9210,LIVE,NEW_DATA,22.7269,91.4779,14.0469
9211,LIVE,NEW_DATA,22.7269,91.4779,14.0469
9212,LIVE,NEW_DATA,22.7269,91.4779,14.0469
9213,LIVE,NEW_DATA,22.7269,91.4779,14.0469
9214,LIVE,NEW_DATA,22.7269,91.4779,14.0469
9215,LIVE,NEW_DATA,22.7269,91.4779,14.0469
9216,LIVE,NEW_DATA,22.7269,91.4779,14.0469
9217,LIVE,NEW_DATA,22.7269,91.4779,14.0469
9218,LIVE,NEW_DATA,22.7269,91.4779,14.0469
9219,LIVE,NEW_DATA,22.7269,91.4779,14.0469
9220,LIVE,NEW_DATA,22.7269,91.4779,14.0469
9221,LIVE,NEW_DATA,22.7269,91.4779,14.0469
9222,LIVE,NEW_DATA,22.7269,91.4779,14.0469
9223,LIVE,NEW_DATA,22.7269,91.4779,14.0469
9224,LIVE,NEW_DATA,22.7269,91.4779,14.0469
9225,LIVE,NEW_DATA,22.7269,91.5398,13.9750
9226,LIVE,NEW_DATA,22.7269,91.5398,13.9750
9227,LIVE,NEW_DATA,22.7269,91.5398,13.9750
9228,LIVE,NEW_DATA,22.7269,91.5398,13.9750
9229,LIVE,NEW_DATA,22.7269,91.5398,13.9750
9230,LIVE,NEW_DATA,22.7269,91.5398,13.9750
9231,LIVE,NEW_DATA,22.7269,91.5398,13.9750
9232,LIVE,NEW_DATA,22.7269,91.5398,13.9750
9233,LIVE,NEW_DATA,22.7269,91.5398,13.9750
9234,LIVE,NEW_DATA,22.7269,91.5398,13.9750
9235,LIVE,NEW_DATA,22.7269,91.5398,13.9750
9236,LIVE,NEW_DATA,22.7269,91.5398,13.9750
9237,LIVE,NEW_DATA,22.7269,91.5398,13.9750
9238,LIVE,NEW_DATA,22.7269,91.5398,13.9750
9239,LIVE,NEW_DATA,22.7269,91.5398,13.9750
9240,LIVE,NEW_DATA,22.7269,91.5398,13.9750
9241,LIVE,NEW_DATA,22.7269,91.5398,13.9750
9242,LIVE,NEW_DATA,22.7269,91.5398,13.9750
9243,LIVE,NEW_DATA,22.7269,91.5398,13.9750
9244,LIVE,NEW_DATA,22.7269,91.5398,13.9750
9245,LIVE,NEW_DATA,22.7269,91.5398,13.9750
9246,LIVE,NEW_DATA,22.7269,91.5398,13.9750
9247,LIVE,NEW_DATA,22.7269,91.5398,13.9750
9248,LIVE,NEW_DATA,22.7269,91.5398,13.9750
9249,LIVE,NEW_DATA,22.7269,91.5666,13.9082
9250,LIVE,NEW_DATA,22.7269,91.5666,13.9082
9251,LIVE,NEW_DATA,22.7269,91.5666,13.9082
9252,LIVE,NEW_DATA,22.7269,91.5666,13.9082
9253,LIVE,NEW_DATA,22.7269,91.5666,13.9082
9254,LIVE,NEW_DATA,22.7269,91.5666,13.9082
9255,LIVE,NEW_DATA,22.7269,91.5666,13.9082
9256,LIVE,NEW_DATA,22.7269,91.5666,13.9082
9257,LIVE,NEW_DATA,22.7269,91.5666,13.9082
9258,LIVE,NEW_DATA,22.7269,91.5666,13.9082
9259,LIVE,NEW_DATA,22.7269,91.5666,13.9082
9260,LIVE,NEW_DATA,22.7269,91.5666,13.9082
9261,LIVE,NEW_DATA,22.7269,91.5666,13.9082
9262,LIVE,NEW_DATA,22.7269,91.5666,13.9082
9263,LIVE,NEW_DATA,22.7269,91.5666,13.9082
9264,LIVE,NEW_DATA,22.7269,91.5666,13.9082
9265,LIVE,NEW_DATA,22.7269,91.5666,13.9082
9266,LIVE,NEW_DATA,22.7269,91.5666,13.9082
9267,LIVE,NEW_DATA,22.7269,91.5666,13.9082
9268,LIVE,NEW_DATA,22.7269,91.5666,13.9082
9269,LIVE,NEW_DATA,22.7269,91.5666,13.9082
9270,LIVE,NEW_DATA,22.7269,91.5666,13.9082
9271,LIVE,NEW_DATA,22.7269,91.5666,13.9082
9272,LIVE,NEW_DATA,22.7269,91.5666,13.9082
9273,LIVE,NEW_DATA,22.7269,91.5666,13.9082
9274,LIVE,NEW_DATA,22.7269,91.6184,13.4248
9275,LIVE,NEW_DATA,22.7269,91.6184,13.4248
9276,LIVE,NEW_DATA,22.7269,91.6184,13.4248
9277,LIVE,NEW_DATA,22.7269,91.6184,13.4248
9278,LIVE,NEW_DATA,22.7269,91.6184,13.4248
9279,LIVE,NEW_DATA,22.7269,91.6184,13.4248
9280,LIVE,NEW_DATA,22.7269,91.6184,13.4248
9281,LIVE,NEW_DATA,22.7269,91.6184,13.4248
9282,LIVE,NEW_DATA,22.7269,91.6184,13.4248
9283,LIVE,NEW_DATA,22.7269,91.6184,13.4248
9284,LIVE,NEW_DATA,22.7269,91.6184,13.4248
9285,LIVE,NEW_DATA,22.7269,91.6184,13.4248
9286,LIVE,NEW_DATA,22.7269,91.6184,13.4248
9287,LIVE,NEW_DATA,22.7269,91.6184,13.4248
9288,LIVE,NEW_DATA,22.7269,91.6184,13.4248
9289,LIVE,NEW_DATA,22.7269,91.6184,13.4248
9290,LIVE,NEW_DATA,22.7269,91.6184,13.4248
9291,LIVE,NEW_DATA,22.7269,91.6184,13.4248
9292,LIVE,NEW_DATA,22.7269,91.6184,13.4248
9293,LIVE,NEW_DATA,22.7269,91.6184,13.4248
9294,LIVE,NEW_DATA,22.7269,91.6184,13.4248
9295,LIVE,NEW_DATA,22.7269,91.6184,13.4248
9296,LIVE,NEW_DATA,22.7269,91.6184,13.4248
9297,LIVE,NEW_DATA,22.7269,91.6184,13.4248
9298,LIVE,NEW_DATA,22.7269,91.6781,13.2601
9299,LIVE,NEW_DATA,22.7269,91.6781,13.2601
9300,LIVE,NEW_DATA,22.7269,91.6781,13.2601
9301,LIVE,NEW_DATA,22.7269,91.6781,13.2601
9302,LIVE,NEW_DATA,22.7269,91.6781,13.2601
9303,LIVE,NEW_DATA,22.7269,91.6781,13.2601
9304,LIVE,NEW_DATA,22.7269,91.6781,13.2601
9305,LIVE,NEW_DATA,22.7269,91.6781,13.2601
9306,LIVE,NEW_DATA,22.7269,91.6781,13.2601
9307,LIVE,NEW_DATA,22.7269,91.6781,13.2601
9308,LIVE,NEW_DATA,22.7269,91.6781,13.2601
9309,LIVE,NEW_DATA,22.7269,91.6781,13.2601
9310,LIVE,NEW_DATA,22.7269,91.6781,13.2601
9311,LIVE,NEW_DATA,22.7269,91.6781,13.2601
9312,LIVE,NEW_DATA,22.7269,91.6781,13.2601
9313,LIVE,NEW_DATA,22.7269,91.6781,13.2601
9314,LIVE,NEW_DATA,22.7269,91.6781,13.2601
9315,LIVE,NEW_DATA,22.7269,91.6781,13.2601
9316,LIVE,NEW_DATA,22.7269,91.6781,13.2601
9317,LIVE,NEW_DATA,22.7269,91.6781,13.2601
9318,LIVE,NEW_DATA,22.7269,91.6781,13.2601
9319,LIVE,NEW_DATA,22.7269,91.6781,13.2601
9320,LIVE,NEW_DATA,22.7269,91.6781,13.2601
9321,LIVE,NEW_DATA,22.7269,91.6781,13.2601
9322,LIVE,NEW_DATA,22.7269,91.6655,13.2283
9323,LIVE,NEW_DATA,22.7269,91.6655,13.2283
9324,LIVE,NEW_DATA,22.7269,91.6655,13.2283
9325,LIVE,NEW_DATA,22.7269,91.6655,13.2283
9326,LIVE,NEW_DATA,22.7269,91.6655,13.2283
9327,LIVE,NEW_DATA,22.7269,91.6655,13.2283
9328,LIVE,NEW_DATA,22.7269,91.6655,13.2283
9329,LIVE,NEW_DATA,22.7269,91.6655,13.2283
9330,LIVE,NEW_DATA,22.7269,91.6655,13.2283
9331,LIVE,NEW_DATA,22.7269,91.6655,13.2283
9332,LIVE,NEW_DATA,22.7269,91.6655,13.2283
9333,LIVE,NEW_DATA,22.7269,91.6655,13.2283
9334,LIVE,NEW_DATA,22.7269,91.6655,13.2283
9335,LIVE,NEW_DATA,22.7269,91.6655,13.2283
9336,LIVE,NEW_DATA,22.7269,91.6655,13.2283
9337,LIVE,NEW_DATA,22.7269,91.6655,13.2283
9338,LIVE,NEW_DATA,22.7269,91.6655,13.2283
9339,LIVE,NEW_DATA,22.7269,91.6655,13.2283
9340,LIVE,NEW_DATA,22.7269,91.6655,13.2283
9341,LIVE,NEW_DATA,22.7269,91.6655,13.2283
9342,LIVE,NEW_DATA,22.7269,91.6655,13.2283
9343,LIVE,NEW_DATA,22.7269,91.6655,13.2283
9344,LIVE,NEW_DATA,22.7269,91.6655,13.2283
9345,LIVE,NEW_DATA,22.7269,91.6655,13.2283
9346,LIVE,NEW_DATA,22.7269,91.6655,13.2283
9347,LIVE,NEW_DATA,22.7269,91.7074,12.6779
9348,LIVE,NEW_DATA,22.7269,91.7074,12.6779
9349,LIVE,NEW_DATA,22.7269,91.7074,12.6779
9350,LIVE,NEW_DATA,22.7269,91.7074,12.6779
9351,LIVE,NEW_DATA,22.7269,91.7074,12.6779
9352,LIVE,NEW_DATA,22.7269,91.7074,12.6779
9353,LIVE,NEW_DATA,22.7269,91.7074,12.6779
9354,LIVE,NEW_DATA,22.7269,91.7074,12.6779
9355,LIVE,NEW_DATA,22.7269,91.7074,12.6779
9356,LIVE,NEW_DATA,22.7269,91.7074,12.6779
9357,LIVE,NEW_DATA,22.7269,91.7074,12.6779
9358,LIVE,NEW_DATA,22.7269,91.7074,12.6779
9359,LIVE,NEW_DATA,22.7269,91.7074,12.6779
9360,LIVE,NEW_DATA,22.7269,91.7074,12.6779
9361,LIVE,NEW_DATA,22.7269,91.7074,12.6779
9362,LIVE,NEW_DATA,22.7269,91.7074,12.6779
9363,LIVE,NEW_DATA,22.7269,91.7074,12.6779
9364,LIVE,NEW_DATA,22.7269,91.7074,12.6779
9365,LIVE,NEW_DATA,22.7269,91.7074,12.6779
9366,LIVE,NEW_DATA,22.7269,91.7074,12.6779
9367,LIVE,NEW_DATA,22.7269,91.7074,12.6779
9368,LIVE,NEW_DATA,22.7269,91.7074,12.6779
9369,LIVE,NEW_DATA,22.7269,91.7074,12.6779
9370,LIVE,NEW_DATA,22.7269,91.7074,12.6779
9371,LIVE,NEW_DATA,22.7269,91.7020,12.5850
9372,LIVE,NEW_DATA,22.7269,91.7020,12.5850
9373,LIVE,NEW_DATA,22.7269,91.7020,12.5850
9374,LIVE,NEW_DATA,22.7269,91.7020,12.5850
9375,LIVE,NEW_DATA,22.7269,91.7020,12.5850
9376,LIVE,NEW_DATA,22.7269,91.7020,12.5850
9377,LIVE,NEW_DATA,22.7269,91.7020,12.5850
9378,LIVE,NEW_DATA,22.7269,91.7020,12.5850
9379,LIVE,NEW_DATA,22.7269,91.7020,12.5850
9380,LIVE,NEW_DATA,22.7269,91.7020,12.5850
9381,LIVE,NEW_DATA,22.7269,91.7020,12.5850
9382,LIVE,NEW_DATA,22.7269,91.7020,12.5850
9383,LIVE,NEW_DATA,22.7269,91.7020,12.5850
9384,LIVE,NEW_DATA,22.7269,91.7020,12.5850
9385,LIVE,NEW_DATA,22.7269,91.7020,12.5850
9386,LIVE,NEW_DATA,22.7269,91.7020,12.5850
9387,LIVE,NEW_DATA,22.7269,91.7020,12.5850
9388,LIVE,NEW_DATA,22.7269,91.7020,12.5850
9389,LIVE,NEW_DATA,22.7269,91.7020,12.5850
9390,LIVE,NEW_DATA,22.7269,91.7020,12.5850
9391,LIVE,NEW_DATA,22.7269,91.7020,12.5850
9392,LIVE,NEW_DATA,22.7269,91.7020,12.5850
9393,LIVE,NEW_DATA,22.7269,91.7020,12.5850
9394,LIVE,NEW_DATA,22.7269,91.7020,12.5850
9395,LIVE,NEW_DATA,22.7269,91.7020,12.5850
9396,LIVE,NEW_DATA,22.7269,91.7434,12.5508
9397,LIVE,NEW_DATA,22.7269,91.7434,12.5508
9398,LIVE,NEW_DATA,22.7269,91.7434,12.5508
9399,LIVE,NEW_DATA,22.7269,91.7434,12.5508
9400,LIVE,NEW_DATA,22.7269,91.7434,12.5508
9401,LIVE,NEW_DATA,22.7269,91.7434,12.5508
9402,LIVE,NEW_DATA,22.7269,91.7434,12.5508
9403,LIVE,NEW_DATA,22.7269,91.7434,12.5508
9404,LIVE,NEW_DATA,22.7269,91.7434,12.5508
9405,LIVE,NEW_DATA,22.7269,91.7434,12.5508
9406,LIVE,NEW_DATA,22.7269,91.7434,12.5508
9407,LIVE,NEW_DATA,22.7269,91.7434,12.5508
9408,LIVE,NEW_DATA,22.7269,91.7434,12.5508
9409,LIVE,NEW_DATA,22.7269,91.7434,12.5508
9410,LIVE,NEW_DATA,22.7269,91.7434,12.5508
9411,LIVE,NEW_DATA,22.7269,91.7434,12.5508
9412,LIVE,NEW_DATA,22.7269,91.7434,12.5508
9413,LIVE,NEW_DATA,22.7269,91.7434,12.5508
9414,LIVE,NEW_DATA,22.7269,91.7434,12.5508
9415,LIVE,NEW_DATA,22.7269,91.7434,12.5508
9416,LIVE,NEW_DATA,22.7269,91.7434,12.5508
9417,LIVE,NEW_DATA,22.7269,91.7434,12.5508
9418,LIVE,NEW_DATA,22.7269,91.7434,12.5508
9419,LIVE,NEW_DATA,22.7269,91.7434,12.5508
9420,LIVE,NEW_DATA,22.7269,91.8267,12.5755
9421,LIVE,NEW_DATA,22.7269,91.8267,12.5755
9422,LIVE,NEW_DATA,22.7269,91.8267,12.5755
9423,LIVE,NEW_DATA,22.7269,91.8267,12.5755
9424,LIVE,NEW_DATA,22.7269,91.8267,12.5755
9425,LIVE,NEW_DATA,22.7269,91.8267,12.5755
9426,LIVE,NEW_DATA,22.7269,91.8267,12.5755
9427,LIVE,NEW_DATA,22.7269,91.8267,12.5755
9428,LIVE,NEW_DATA,22.7269,91.8267,12.5755
9429,LIVE,NEW_DATA,22.7269,91.8267,12.5755
9430,LIVE,NEW_DATA,22.7269,91.8267,12.5755
9431,LIVE,NEW_DATA,22.7269,91.8267,12.5755
9432,LIVE,NEW_DATA,22.7269,91.8267,12.5755
9433,LIVE,NEW_DATA,22.7269,91.8267,12.5755
9434,LIVE,NEW_DATA,22.7269,91.8267,12.5755
9435,LIVE,NEW_DATA,22.7269,91.8267,12.5755
9436,LIVE,NEW_DATA,22.7269,91.8267,12.5755
9437,LIVE,NEW_DATA,22.7269,91.8267,12.5755
9438,LIVE,NEW_DATA,22.7269,91.8267,12.5755
9439,LIVE,NEW_DATA,22.7269,91.8267,12.5755
9440,LIVE,NEW_DATA,22.7269,91.8267,12.5755
9441,LIVE,NEW_DATA,22.7269,91.8267,12.5755
9442,LIVE,NEW_DATA,22.7269,91.8267,12.5755
9443,LIVE,NEW_DATA,22.7269,91.8267,12.5755
9444,LIVE,NEW_DATA,22.7269,91.9142,12.5456
9445,LIVE,NEW_DATA,22.7269,91.9142,12.5456
9446,LIVE,NEW_DATA,22.7269,91.9142,12.5456
9447,LIVE,NEW_DATA,22.7269,91.9142,12.5456
9448,LIVE,NEW_DATA,22.7269,91.9142,12.5456
9449,LIVE,NEW_DATA,22.7269,91.9142,12.5456
9450,LIVE,NEW_DATA,22.7269,91.9142,12.5456
9451,LIVE,NEW_DATA,22.7269,91.9142,12.5456
9452,LIVE,NEW_DATA,22.7269,91.9142,12.5456
9453,LIVE,NEW_DATA,22.7269,91.9142,12.5456
9454,LIVE,NEW_DATA,22.7269,91.9142,12.5456
9455,LIVE,NEW_DATA,22.7269,91.9142,12.5456
9456,LIVE,NEW_DATA,22.7269,91.9142,12.5456
9457,LIVE,NEW_DATA,22.7269,91.9142,12.5456
9458,LIVE,NEW_DATA,22.7269,91.9142,12.5456
9459,LIVE,NEW_DATA,22.7269,91.9142,12.5456
9460,LIVE,NEW_DATA,22.7269,91.9142,12.5456
9461,LIVE,NEW_DATA,22.7269,91.9142,12.5456
9462,LIVE,NEW_DATA,22.7269,91.9142,12.5456
9463,LIVE,NEW_DATA,22.7269,91.9142,12.5456
9464,LIVE,NEW_DATA,22.7269,91.9142,12.5456
9465,LIVE,NEW_DATA,22.7269,91.9142,12.5456
9466,LIVE,NEW_DATA,22.7269,91.9142,12.5456
9467,LIVE,NEW_DATA,22.7269,91.9142,12.5456
9468,LIVE,NEW_DATA,22.7269,91.9142,12.5456
9469,LIVE,NEW_DATA,22.7269,91.8888,12.5120
9470,LIVE,NEW_DATA,22.7269,91.8888,12.5120
9471,LIVE,NEW_DATA,22.7269,91.8888,12.5120
9472,LIVE,NEW_DATA,22.7269,91.8888,12.5120
9473,LIVE,NEW_DATA,22.7269,91.8888,12.5120
9474,LIVE,NEW_DATA,22.7269,91.8888,12.5120
9475,LIVE,NEW_DATA,22.7269,91.8888,12.5120
9476,LIVE,NEW_DATA,22.7269,91.8888,12.5120
9477,LIVE,NEW_DATA,22.7269,91.8888,12.5120
9478,LIVE,NEW_DATA,22.7269,91.8888,12.5120
9479,LIVE,NEW_DATA,22.7269,91.8888,12.5120
9480,LIVE,NEW_DATA,22.7269,91.8888,12.5120
9481,LIVE,NEW_DATA,22.7269,91.8888,12.5120
9482,LIVE,NEW_DATA,22.7269,91.8888,12.5120
9483,LIVE,NEW_DATA,22.7269,91.8888,12.5120
9484,LIVE,NEW_DATA,22.7269,91.8888,12.5120
9485,LIVE,NEW_DATA,22.7269,91.8888,12.5120
9486,LIVE,NEW_DATA,22.7269,91.8888,12.5120
9487,LIVE,NEW_DATA,22.7269,91.8888,12.5120
9488,LIVE,NEW_DATA,22.7269,91.8888,12.5120
9489,LIVE,NEW_DATA,22.7269,91.8888,12.5120
9490,LIVE,NEW_DATA,22.7269,91.8888,12.5120
9491,LIVE,NEW_DATA,22.7269,91.8888,12.5120
9492,LIVE,NEW_DATA,22.7269,91.8888,12.5120
9493,LIVE,NEW_DATA,22.7269,91.9376,12.4642
9494,LIVE,NEW_DATA,22.7269,91.9376,12.4642
9495,LIVE,NEW_DATA,22.7269,91.9376,12.4642
9496,LIVE,NEW_DATA,22.7269,91.9376,12.4642
9497,LIVE,NEW_DATA,22.7269,91.9376,12.4642
9498,LIVE,NEW_DATA,22.7269,91.9376,12.4642
9499,LIVE,NEW_DATA,22.7269,91.9376,12.4642
9500,LIVE,NEW_DATA,22.7269,91.9376,12.4642
9501,LIVE,NEW_DATA,22.7269,91.9376,12.4642
9502,LIVE,NEW_DATA,22.7269,91.9376,12.4642
9503,LIVE,NEW_DATA,22.7269,91.9376,12.4642
9504,LIVE,NEW_DATA,22.7269,91.9376,12.4642
9505,LIVE,NEW_DATA,22.7269,91.9376,12.4642
9506,LIVE,NEW_DATA,22.7269,91.9376,12.4642
9507,LIVE,NEW_DATA,22.7269,91.9376,12.4642
9508,LIVE,NEW_DATA,22.7269,91.9376,12.4642
9509,LIVE,NEW_DATA,22.7269,91.9376,12.4642
9510,LIVE,NEW_DATA,22.7269,91.9376,12.4642
9511,LIVE,NEW_DATA,22.7269,91.9376,12.4642
9512,LIVE,NEW_DATA,22.7269,91.9376,12.4642
9513,LIVE,NEW_DATA,22.7269,91.9376,12.4642
9514,LIVE,NEW_DATA,22.7269,91.9376,12.4642
9515,LIVE,NEW_DATA,22.7269,91.9376,12.4642
9516,LIVE,NEW_DATA,22.7269,91.9376,12.4642
9517,LIVE,NEW_DATA,22.7269,92.0527,12.4361
9518,LIVE,NEW_DATA,22.7269,92.0527,12.4361
9519,LIVE,NEW_DATA,22.7269,92.0527,12.4361
9520,LIVE,NEW_DATA,22.7269,92.0527,12.4361
9521,LIVE,NEW_DATA,22.7269,92.0527,12.4361
9522,LIVE,NEW_DATA,22.7269,92.0527,12.4361
9523,LIVE,NEW_DATA,22.7269,92.0527,12.4361
9524,LIVE,NEW_DATA,22.7269,92.0527,12.4361
9525,LIVE,NEW_DATA,22.7269,92.0527,12.4361
9526,LIVE,NEW_DATA,22.7269,92.0527,12.4361
9527,LIVE,NEW_DATA,22.7269,92.0527,12.4361
9528,LIVE,NEW_DATA,22.7269,92.0527,12.4361
9529,LIVE,NEW_DATA,22.7269,92.0527,12.4361
9530,LIVE,NEW_DATA,22.7269,92.0527,12.4361
9531,LIVE,NEW_DATA,22.7269,92.0527,12.4361
9532,LIVE,NEW_DATA,22.7269,92.0527,12.4361
9533,LIVE,NEW_DATA,22.7269,92.0527,12.4361
9534,LIVE,NEW_DATA,22.7269,92.0527,12.4361
9535,LIVE,NEW_DATA,22.7269,92.0527,12.4361
9536,LIVE,NEW_DATA,22.7269,92.0527,12.4361
9537,LIVE,NEW_DATA,22.7269,92.0527,12.4361
9538,LIVE,NEW_DATA,22.7269,92.0527,12.4361
9539,LIVE,NEW_DATA,22.7269,92.0527,12.4361
9540,LIVE,NEW_DATA,22.7269,92.0527,12.4361
9541,LIVE,NEW_DATA,22.7269,92.0527,12.4361
9542,LIVE,NEW_DATA,22.7269,92.1630,12.3387
9543,LIVE,NEW_DATA,22.7269,92.1630,12.3387
9544,LIVE,NEW_DATA,22.7269,92.1630,12.3387
9545,LIVE,NEW_DATA,22.7269,92.1630,12.3387
9546,LIVE,NEW_DATA,22.7269,92.1630,12.3387
9547,LIVE,NEW_DATA,22.7269,92.1630,12.3387
9548,LIVE,NEW_DATA,22.7269,92.1630,12.3387
9549,LIVE,NEW_DATA,22.7269,92.1630,12.3387
9550,LIVE,NEW_DATA,22.7269,92.1630,12.3387
9551,LIVE,NEW_DATA,22.7269,92.1630,12.3387
9552,LIVE,NEW_DATA,22.7269,92.1630,12.3387
9553,LIVE,NEW_DATA,22.7269,92.1630,12.3387
9554,LIVE,NEW_DATA,22.7269,92.1630,12.3387
9555,LIVE,NEW_DATA,22.7269,92.1630,12.3387
9556,LIVE,NEW_DATA,22.7269,92.1630,12.3387
9557,LIVE,NEW_DATA,22.7269,92.1630,12.3387
9558,LIVE,NEW_DATA,22.7269,92.1630,12.3387
9559,LIVE,NEW_DATA,22.7269,92.1630,12.3387
9560,LIVE,NEW_DATA,22.7269,92.1630,12.3387
9561,LIVE,NEW_DATA,22.7269,92.1630,12.3387
9562,LIVE,NEW_DATA,22.7269,92.1630,12.3387
9563,LIVE,NEW_DATA,22.7269,92.1630,12.3387
9564,LIVE,NEW_DATA,22.7269,92.1630,12.3387
9565,LIVE,NEW_DATA,22.7269,92.1630,12.3387
9566,LIVE,NEW_DATA,22.7269,92.1630,12.1867
9567,LIVE,NEW_DATA,22.7269,92.1630,12.1867
9568,LIVE,NEW_DATA,22.7269,92.1630,12.1867
9569,LIVE,NEW_DATA,22.7269,92.1630,12.1867
9570,LIVE,NEW_DATA,22.7269,92.1630,12.1867
9571,LIVE,NEW_DATA,22.7269,92.1630,12.1867
9572,LIVE,NEW_DATA,22.7269,92.1630,12.1867
9573,LIVE,NEW_DATA,22.7269,92.1630,12.1867
9574,LIVE,NEW_DATA,22.7269,92.1630,12.1867
9575,LIVE,NEW_DATA,22.7269,92.1630,12.1867
9576,LIVE,NEW_DATA,22.7269,92.1630,12.1867
9577,LIVE,NEW_DATA,22.7269,92.1630,12.1867
9578,LIVE,NEW_DATA,22.7269,92.1630,12.1867
9579,LIVE,NEW_DATA,22.7269,92.1630,12.1867
9580,LIVE,NEW_DATA,22.7269,92.1630,12.1867
9581,LIVE,NEW_DATA,22.7269,92.1630,12.1867
9582,LIVE,NEW_DATA,22.7269,92.1630,12.1867
9583,LIVE,NEW_DATA,22.7269,92.1630,12.1867
9584,LIVE,NEW_DATA,22.7269,92.1630,12.1867
9585,LIVE,NEW_DATA,22.7269,92.1630,12.1867
9586,LIVE,NEW_DATA,22.7269,92.1630,12.1867
9587,LIVE,NEW_DATA,22.7269,92.1630,12.1867
9588,LIVE,NEW_DATA,22.7269,92.1630,12.1867
9589,LIVE,NEW_DATA,22.7269,92.1630,12.1867
9590,LIVE,NEW_DATA,22.7269,92.2479,12.1303
9591,LIVE,NEW_DATA,22.7269,92.2479,12.1303
9592,LIVE,NEW_DATA,22.7269,92.2479,12.1303
9593,LIVE,NEW_DATA,22.7269,92.2479,12.1303
9594,LIVE,NEW_DATA,22.7269,92.2479,12.1303
9595,LIVE,NEW_DATA,22.7269,92.2479,12.1303
9596,LIVE,NEW_DATA,22.7269,92.2479,12.1303
9597,LIVE,NEW_DATA,22.7269,92.2479,12.1303
9598,LIVE,NEW_DATA,22.7269,92.2479,12.1303
9599,LIVE,NEW_DATA,22.7269,92.2479,12.1303
9600,LIVE,NEW_DATA,22.7269,92.2479,12.1303
9601,LIVE,NEW_DATA,22.7269,92.2479,12.1303
9602,LIVE,NEW_DATA,22.7269,92.2479,12.1303
9603,LIVE,NEW_DATA,22.7269,92.2479,12.1303
9604,LIVE,NEW_DATA,22.7269,92.2479,12.1303
9605,LIVE,NEW_DATA,22.7269,92.2479,12.1303
9606,LIVE,NEW_DATA,22.7269,92.2479,12.1303
9607,LIVE,NEW_DATA,22.7269,92.2479,12.1303
9608,LIVE,NEW_DATA,22.7269,92.2479,12.1303
9609,LIVE,NEW_DATA,22.7269,92.2479,12.1303
9610,LIVE,NEW_DATA,22.7269,92.2479,12.1303
9611,LIVE,NEW_DATA,22.7269,92.2479,12.1303
9612,LIVE,NEW_DATA,22.7269,92.2479,12.1303
9613,LIVE,NEW_DATA,22.7269,92.2479,12.1303
9614,LIVE,NEW_DATA,22.7269,92.3585,12.2038
9615,LIVE,NEW_DATA,22.7269,92.3585,12.2038
9616,LIVE,NEW_DATA,22.7269,92.3585,12.2038
9617,LIVE,NEW_DATA,22.7269,92.3585,12.2038
9618,LIVE,NEW_DATA,22.7269,92.3585,12.2038
9619,LIVE,NEW_DATA,22.7269,92.3585,12.2038
9620,LIVE,NEW_DATA,22.7269,92.3585,12.2038
9621,LIVE,NEW_DATA,22.7269,92.3585,12.2038
9622,LIVE,NEW_DATA,22.7269,92.3585,12.2038
9623,LIVE,NEW_DATA,22.7269,92.3585,12.2038
9624,LIVE,NEW_DATA,22.7269,92.3585,12.2038
9625,LIVE,NEW_DATA,22.7269,92.3585,12.2038
9626,LIVE,NEW_DATA,22.7269,92.3585,12.2038
9627,LIVE,NEW_DATA,22.7269,92.3585,12.2038
9628,LIVE,NEW_DATA,22.7269,92.3585,12.2038
9629,LIVE,NEW_DATA,22.7269,92.3585,12.2038
9630,LIVE,NEW_DATA,22.7269,92.3585,12.2038
9631,LIVE,NEW_DATA,22.7269,92.3585,12.2038
9632,LIVE,NEW_DATA,22.7269,92.3585,12.2038
9633,LIVE,NEW_DATA,22.7269,92.3585,12.2038
9634,LIVE,NEW_DATA,22.7269,92.3585,12.2038
9635,LIVE,NEW_DATA,22.7269,92.3585,12.2038
9636,LIVE,NEW_DATA,22.7269,92.3585,12.2038
9637,LIVE,NEW_DATA,22.7269,92.3585,12.2038
9638,LIVE,NEW_DATA,22.7269,92.3585,12.2038
9639,LIVE,NEW_DATA,22.7269,92.4280,12.2043
9640,LIVE,NEW_DATA,22.7269,92.4280,12.2043
9641,LIVE,NEW_DATA,22.7269,92.4280,12.2043
9642,LIVE,NEW_DATA,22.7269,92.4280,12.2043
9643,LIVE,NEW_DATA,22.7269,92.4280,12.2043
9644,LIVE,NEW_DATA,22.7269,92.4280,12.2043
9645,LIVE,NEW_DATA,22.7269,92.4280,12.2043
9646,LIVE,NEW_DATA,22.7269,92.4280,12.2043
9647,LIVE,NEW_DATA,22.7269,92.4280,12.2043
9648,LIVE,NEW_DATA,22.7269,92.4280,12.2043
9649,LIVE,NEW_DATA,22.7269,92.4280,12.2043
9650,LIVE,NEW_DATA,22.7269,92.4280,12.2043
9651,LIVE,NEW_DATA,22.7269,92.4280,12.2043
9652,LIVE,NEW_DATA,22.7269,92.4280,12.2043
9653,LIVE,NEW_DATA,22.7269,92.4280,12.2043
9654,LIVE,NEW_DATA,22.7269,92.4280,12.2043
9655,LIVE,NEW_DATA,22.7269,92.4280,12.2043
9656,LIVE,NEW_DATA,22.7269,92.4280,12.2043
9657,LIVE,NEW_DATA,22.7269,92.4280,12.2043
9658,LIVE,NEW_DATA,22.7269,92.4280,12.2043
9659,LIVE,NEW_DATA,22.7269,92.4280,12.2043
9660,LIVE,NEW_DATA,22.7269,92.4280,12.2043
9661,LIVE,NEW_DATA,22.7269,92.4280,12.2043
9662,LIVE,NEW_DATA,22.7269,92.4280,12.2043
9663,LIVE,NEW_DATA,22.7269,92.4536,12.2465
9664,LIVE,NEW_DATA,22.7269,92.4536,12.2465
9665,LIVE,NEW_DATA,22.7269,92.4536,12.2465
9666,LIVE,NEW_DATA,22.7269,92.4536,12.2465
9667,LIVE,NEW_DATA,22.7269,92.4536,12.2465
9668,LIVE,NEW_DATA,22.7269,92.4536,12.2465
9669,LIVE,NEW_DATA,22.7269,92.4536,12.2465
9670,LIVE,NEW_DATA,22.7269,92.4536,12.2465
9671,LIVE,NEW_DATA,22.7269,92.4536,12.2465
9672,LIVE,NEW_DATA,22.7269,92.4536,12.2465
9673,LIVE,NEW_DATA,22.7269,92.4536,12.2465
9674,LIVE,NEW_DATA,22.7269,92.4536,12.2465
9675,LIVE,NEW_DATA,22.7269,92.4536,12.2465
9676,LIVE,NEW_DATA,22.7269,92.4536,12.2465
9677,LIVE,NEW_DATA,22.7269,92.4536,12.2465
9678,LIVE,NEW_DATA,22.7269,92.4536,12.2465
9679,LIVE,NEW_DATA,22.7269,92.4536,12.2465
9680,LIVE,NEW_DATA,22.7269,92.4536,12.2465
9681,LIVE,NEW_DATA,22.7269,92.4536,12.2465
9682,LIVE,NEW_DATA,22.7269,92.4536,12.2465
9683,LIVE,NEW_DATA,22.7269,92.4536,12.2465
9684,LIVE,NEW_DATA,22.7269,92.4536,12.2465
9685,LIVE,NEW_DATA,22.7269,92.4536,12.2465
9686,LIVE,NEW_DATA,22.7269,92.4536,12.2465
9687,LIVE,NEW_DATA,22.7269,92.4313,11.5228
9688,LIVE,NEW_DATA,22.7269,92.4313,11.5228
9689,LIVE,NEW_DATA,22.7269,92.4313,11.5228
9690,LIVE,NEW_DATA,22.7269,92.4313,11.5228
9691,LIVE,NEW_DATA,22.7269,92.4313,11.5228
9692,LIVE,NEW_DATA,22.7269,92.4313,11.5228
9693,LIVE,NEW_DATA,22.7269,92.4313,11.5228
9694,LIVE,NEW_DATA,22.7269,92.4313,11.5228
9695,LIVE,NEW_DATA,22.7269,92.4313,11.5228
9696,LIVE,NEW_DATA,22.7269,92.4313,11.5228
9697,LIVE,NEW_DATA,22.7269,92.4313,11.5228
9698,LIVE,NEW_DATA,22.7269,92.4313,11.5228
9699,LIVE,NEW_DATA,22.7269,92.4313,11.5228
9700,LIVE,NEW_DATA,22.7269,92.4313,11.5228
9701,LIVE,NEW_DATA,22.7269,92.4313,11.5228
9702,LIVE,NEW_DATA,22.7269,92.4313,11.5228
9703,LIVE,NEW_DATA,22.7269,92.4313,11.5228
9704,LIVE,NEW_DATA,22.7269,92.4313,11.5228
9705,LIVE,NEW_DATA,22.7269,92.4313,11.5228
9706,LIVE,NEW_DATA,22.7269,92.4313,11.5228
9707,LIVE,NEW_DATA,22.7269,92.4313,11.5228
9708,LIVE,NEW_DATA,22.7269,92.4313,11.5228
9709,LIVE,NEW_DATA,22.7269,92.4313,11.5228
9710,LIVE,NEW_DATA,22.7269,92.4313,11.5228
9711,LIVE,NEW_DATA,22.7269,92.4313,11.5228
9712,LIVE,NEW_DATA,22.7269,92.4248,11.5189
9713,LIVE,NEW_DATA,22.7269,92.4248,11.5189
9714,LIVE,NEW_DATA,22.7269,92.4248,11.5189
9715,LIVE,NEW_DATA,22.7269,92.4248,11.5189
9716,LIVE,NEW_DATA,22.7269,92.4248,11.5189
9717,LIVE,NEW_DATA,22.7269,92.4248,11.5189
9718,LIVE,NEW_DATA,22.7269,92.4248,11.5189
9719,LIVE,NEW_DATA,22.7269,92.4248,11.5189
9720,LIVE,NEW_DATA,22.7269,92.4248,11.5189
9721,LIVE,NEW_DATA,22.7269,92.4248,11.5189
9722,LIVE,NEW_DATA,22.7269,92.4248,11.5189
9723,LIVE,NEW_DATA,22.7269,92.4248,11.5189
9724,LIVE,NEW_DATA,22.7269,92.4248,11.5189
9725,LIVE,NEW_DATA,22.7269,92.4248,11.5189
9726,LIVE,NEW_DATA,22.7269,92.4248,11.5189
9727,LIVE,NEW_DATA,22.7269,92.4248,11.5189
9728,LIVE,NEW_DATA,22.7269,92.4248,11.5189
9729,LIVE,NEW_DATA,22.7269,92.4248,11.5189
9730,LIVE,NEW_DATA,22.7269,92.4248,11.5189
9731,LIVE,NEW_DATA,22.7269,92.4248,11.5189
9732,LIVE,NEW_DATA,22.7269,92.4248,11.5189
9733,LIVE,NEW_DATA,22.7269,92.4248,11.5189
9734,LIVE,NEW_DATA,22.7269,92.4248,11.5189
9735,LIVE,NEW_DATA,22.7269,92.4248,11.5189
9736,LIVE,NEW_DATA,22.7269,92.4662,11.8030
9737,LIVE,NEW_DATA,22.7269,92.4662,11.8030
9738,LIVE,NEW_DATA,22.7269,92.4662,11.8030
9739,LIVE,NEW_DATA,22.7269,92.4662,11.8030
9740,LIVE,NEW_DATA,22.7269,92.4662,11.8030
9741,LIVE,NEW_DATA,22.7269,92.4662,11.8030
9742,LIVE,NEW_DATA,22.7269,92.4662,11.8030
9743,LIVE,NEW_DATA,22.7269,92.4662,11.8030
9744,LIVE,NEW_DATA,22.7269,92.4662,11.8030
9745,LIVE,NEW_DATA,22.7269,92.4662,11.8030
9746,LIVE,NEW_DATA,22.7269,92.4662,11.8030
9747,LIVE,NEW_DATA,22.7269,92.4662,11.8030
9748,LIVE,NEW_DATA,22.7269,92.4662,11.8030
9749,LIVE,NEW_DATA,22.7269,92.4662,11.8030
9750,LIVE,NEW_DATA,22.7269,92.4662,11.8030
9751,LIVE,NEW_DATA,22.7269,92.4662,11.8030
9752,LIVE,NEW_DATA,22.7269,92.4662,11.8030
9753,LIVE,NEW_DATA,22.7269,92.4662,11.8030
9754,LIVE,NEW_DATA,22.7269,92.4662,11.8030
9755,LIVE,NEW_DATA,22.7269,92.4662,11.8030
9756,LIVE,NEW_DATA,22.7269,92.4662,11.8030
9757,LIVE,NEW_DATA,22.7269,92.4662,11.8030
9758,LIVE,NEW_DATA,22.7269,92.4662,11.8030
9759,LIVE,NEW_DATA,22.7269,92.4662,11.8030
9760,LIVE,NEW_DATA,22.7269,92.3339,13.1934
9761,LIVE,NEW_DATA,22.7269,92.3339,13.1934
9762,LIVE,NEW_DATA,22.7269,92.3339,13.1934
9763,LIVE,NEW_DATA,22.7269,92.3339,13.1934
9764,LIVE,NEW_DATA,22.7269,92.3339,13.1934
9765,LIVE,NEW_DATA,22.7269,92.3339,13.1934
9766,LIVE,NEW_DATA,22.7269,92.3339,13.1934
9767,LIVE,NEW_DATA,22.7269,92.3339,13.1934
9768,LIVE,NEW_DATA,22.7269,92.3339,13.1934
9769,LIVE,NEW_DATA,22.7269,92.3339,13.1934
9770,LIVE,NEW_DATA,22.7269,92.3339,13.1934
9771,LIVE,NEW_DATA,22.7269,92.3339,13.1934
9772,LIVE,NEW_DATA,22.7269,92.3339,13.1934
9773,LIVE,NEW_DATA,22.7269,92.3339,13.1934
9774,LIVE,NEW_DATA,22.7269,92.3339,13.1934
9775,LIVE,NEW_DATA,22.7269,92.3339,13.1934
9776,LIVE,NEW_DATA,22.7269,92.3339,13.1934
9777,LIVE,NEW_DATA,22.7269,92.3339,13.1934
9778,LIVE,NEW_DATA,22.7269,92.3339,13.1934
9779,LIVE,NEW_DATA,22.7269,92.3339,13.1934
9780,LIVE,NEW_DATA,22.7269,92.3339,13.1934
9781,LIVE,NEW_DATA,22.7269,92.3339,13.1934
9782,LIVE,NEW_DATA,22.7269,92.3339,13.1934
9783,LIVE,NEW_DATA,22.7269,92.3339,13.1934
9784,LIVE,NEW_DATA,22.7269,92.3339,13.1934
9785,LIVE,NEW_DATA,22.7269,92.3339,13.0608
9786,LIVE,NEW_DATA,22.7269,92.3339,13.0608
9787,LIVE,NEW_DATA,22.7269,92.3339,13.0608
9788,LIVE,NEW_DATA,22.7269,92.3339,13.0608
9789,LIVE,NEW_DATA,22.7269,92.3339,13.0608
9790,LIVE,NEW_DATA,22.7269,92.3339,13.0608
9791,LIVE,NEW_DATA,22.7269,92.3339,13.0608
9792,LIVE,NEW_DATA,22.7269,92.3339,13.0608
9793,LIVE,NEW_DATA,22.7269,92.3339,13.0608
9794,LIVE,NEW_DATA,22.7269,92.3339,13.0608
9795,LIVE,NEW_DATA,22.7269,92.3339,13.0608
9796,LIVE,NEW_DATA,22.7269,92.3339,13.0608
9797,LIVE,NEW_DATA,22.7269,92.3339,13.0608
9798,LIVE,NEW_DATA,22.7269,92.3339,13.0608
9799,LIVE,NEW_DATA,22.7269,92.3339,13.0608
9800,LIVE,NEW_DATA,22.7269,92.3339,13.0608
9801,LIVE,NEW_DATA,22.7269,92.3339,13.0608
9802,LIVE,NEW_DATA,22.7269,92.3339,13.0608
9803,LIVE,NEW_DATA,22.7269,92.3339,13.0608
9804,LIVE,NEW_DATA,22.7269,92.3339,13.0608
9805,LIVE,NEW_DATA,22.7269,92.3339,13.0608
9806,LIVE,NEW_DATA,22.7269,92.3339,13.0608
9807,LIVE,NEW_DATA,22.7269,92.3339,13.0608
9808,LIVE,NEW_DATA,22.7269,92.3339,13.0608
9809,LIVE,NEW_DATA,22.7269,92.1571,13.0332
9810,LIVE,NEW_DATA,22.7269,92.1571,13.0332
9811,LIVE,NEW_DATA,22.7269,92.1571,13.0332
9812,LIVE,NEW_DATA,22.7269,92.1571,13.0332
9813,LIVE,NEW_DATA,22.7269,92.1571,13.0332
9814,LIVE,NEW_DATA,22.7269,92.1571,13.0332
9815,LIVE,NEW_DATA,22.7269,92.1571,13.0332
9816,LIVE,NEW_DATA,22.7269,92.1571,13.0332
9817,LIVE,NEW_DATA,22.7269,92.1571,13.0332
9818,LIVE,NEW_DATA,22.7269,92.1571,13.0332
9819,LIVE,NEW_DATA,22.7269,92.1571,13.0332
9820,LIVE,NEW_DATA,22.7269,92.1571,13.0332
9821,LIVE,NEW_DATA,22.7269,92.1571,13.0332
9822,LIVE,NEW_DATA,22.7269,92.1571,13.0332
9823,LIVE,NEW_DATA,22.7269,92.1571,13.0332
9824,LIVE,NEW_DATA,22.7269,92.1571,13.0332
9825,LIVE,NEW_DATA,22.7269,92.1571,13.0332
9826,LIVE,NEW_DATA,22.7269,92.1571,13.0332
9827,LIVE,NEW_DATA,22.7269,92.1571,13.0332
9828,LIVE,NEW_DATA,22.7269,92.1571,13.0332
9829,LIVE,NEW_DATA,22.7269,92.1571,13.0332
9830,LIVE,NEW_DATA,22.7269,92.1571,13.0332
9831,LIVE,NEW_DATA,22.7269,92.1571,13.0332
9832,LIVE,NEW_DATA,22.7269,92.1571,13.0332
9833,LIVE,NEW_DATA,22.7269,92.0630,12.9713
9834,LIVE,NEW_DATA,22.7269,92.0630,12.9713
9835,LIVE,NEW_DATA,22.7269,92.0630,12.9713
9836,LIVE,NEW_DATA,22.7269,92.0630,12.9713
9837,LIVE,NEW_DATA,22.7269,92.0630,12.9713
9838,LIVE,NEW_DATA,22.7269,92.0630,12.9713
9839,LIVE,NEW_DATA,22.7269,92.0630,12.9713
9840,LIVE,NEW_DATA,22.7269,92.0630,12.9713
9841,LIVE,NEW_DATA,22.7269,92.0630,12.9713
9842,LIVE,NEW_DATA,22.7269,92.0630,12.9713
9843,LIVE,NEW_DATA,22.7269,92.0630,12.9713
9844,LIVE,NEW_DATA,22.7269,92.0630,12.9713
9845,LIVE,NEW_DATA,22.7269,92.0630,12.9713
9846,LIVE,NEW_DATA,22.7269,92.0630,12.9713
9847,LIVE,NEW_DATA,22.7269,92.0630,12.9713
9848,LIVE,NEW_DATA,22.7269,92.0630,12.9713
9849,LIVE,NEW_DATA,22.7269,92.0630,12.9713
9850,LIVE,NEW_DATA,22.7269,92.0630,12.9713
9851,LIVE,NEW_DATA,22.7269,92.0630,12.9713
9852,LIVE,NEW_DATA,22.7269,92.0630,12.9713
9853,LIVE,NEW_DATA,22.7269,92.0630,12.9713
9854,LIVE,NEW_DATA,22.7269,92.0630,12.9713
9855,LIVE,NEW_DATA,22.7269,92.0630,12.9713
9856,LIVE,NEW_DATA,22.7269,92.0630,12.9713
9857,LIVE,NEW_DATA,22.7269,92.0630,12.9713
9858,LIVE,NEW_DATA,22.7269,91.9727,12.9623
9859,LIVE,NEW_DATA,22.7269,91.9727,12.9623
9860,LIVE,NEW_DATA,22.7269,91.9727,12.9623
9861,LIVE,NEW_DATA,22.7269,91.9727,12.9623
9862,LIVE,NEW_DATA,22.7269,91.9727,12.9623
9863,LIVE,NEW_DATA,22.7269,91.9727,12.9623
9864,LIVE,NEW_DATA,22.7269,91.9727,12.9623
9865,LIVE,NEW_DATA,22.7269,91.9727,12.9623
9866,LIVE,NEW_DATA,22.7269,91.9727,12.9623
9867,LIVE,NEW_DATA,22.7269,91.9727,12.9623
9868,LIVE,NEW_DATA,22.7269,91.9727,12.9623
9869,LIVE,NEW_DATA,22.7269,91.9727,12.9623
9870,LIVE,NEW_DATA,22.7269,91.9727,12.9623
9871,LIVE,NEW_DATA,22.7269,91.9727,12.9623
9872,LIVE,NEW_DATA,22.7269,91.9727,12.9623
9873,LIVE,NEW_DATA,22.7269,91.9727,12.9623
9874,LIVE,NEW_DATA,22.7269,91.9727,12.9623
9875,LIVE,NEW_DATA,22.7269,91.9727,12.9623
9876,LIVE,NEW_DATA,22.7269,91.9727,12.9623
9877,LIVE,NEW_DATA,22.7269,91.9727,12.9623
9878,LIVE,NEW_DATA,22.7269,91.9727,12.9623
9879,LIVE,NEW_DATA,22.7269,91.9727,12.9623
9880,LIVE,NEW_DATA,22.7269,91.9727,12.9623
9881,LIVE,NEW_DATA,22.7269,91.9727,12.9623
9882,LIVE,NEW_DATA,22.7269,91.9727,12.6411
9883,LIVE,NEW_DATA,22.7269,91.9727,12.6411
9884,LIVE,NEW_DATA,22.7269,91.9727,12.6411
9885,LIVE,NEW_DATA,22.7269,91.9727,12.6411
9886,LIVE,NEW_DATA,22.7269,91.9727,12.6411
9887,LIVE,NEW_DATA,22.7269,91.9727,12.6411
9888,LIVE,NEW_DATA,22.7269,91.9727,12.6411
9889,LIVE,NEW_DATA,22.7269,91.9727,12.6411
9890,LIVE,NEW_DATA,22.7269,91.9727,12.6411
9891,LIVE,NEW_DATA,22.7269,91.9727,12.6411
9892,LIVE,NEW_DATA,22.7269,91.9727,12.6411
9893,LIVE,NEW_DATA,22.7269,91.9727,12.6411
9894,LIVE,NEW_DATA,22.7269,91.9727,12.6411
9895,LIVE,NEW_DATA,22.7269,91.9727,12.6411
9896,LIVE,NEW_DATA,22.7269,91.9727,12.6411
9897,LIVE,NEW_DATA,22.7269,91.9727,12.6411
9898,LIVE,NEW_DATA,22.7269,91.9727,12.6411
9899,LIVE,NEW_DATA,22.7269,91.9727,12.6411
9900,LIVE,NEW_DATA,22.7269,91.9727,12.6411
9901,LIVE,NEW_DATA,22.7269,91.9727,12.6411
9902,LIVE,NEW_DATA,22.7269,91.9727,12.6411
9903,LIVE,NEW_DATA,22.7269,91.9727,12.6411
9904,LIVE,NEW_DATA,22.7269,91.9727,12.6411
9905,LIVE,NEW_DATA,22.7269,91.9727,12.6411
9906,LIVE,NEW_DATA,22.7269,91.9727,12.6411
9907,LIVE,NEW_DATA,22.7269,91.9630,12.7262
9908,LIVE,NEW_DATA,22.7269,91.9630,12.7262
9909,LIVE,NEW_DATA,22.7269,91.9630,12.7262
9910,LIVE,NEW_DATA,22.7269,91.9630,12.7262
9911,LIVE,NEW_DATA,22.7269,91.9630,12.7262
9912,LIVE,NEW_DATA,22.7269,91.9630,12.7262
9913,LIVE,NEW_DATA,22.7269,91.9630,12.7262
9914,LIVE,NEW_DATA,22.7269,91.9630,12.7262
9915,LIVE,NEW_DATA,22.7269,91.9630,12.7262
9916,LIVE,NEW_DATA,22.7269,91.9630,12.7262
9917,LIVE,NEW_DATA,22.7269,91.9630,12.7262
9918,LIVE,NEW_DATA,22.7269,91.9630,12.7262
9919,LIVE,NEW_DATA,22.7269,91.9630,12.7262
9920,LIVE,NEW_DATA,22.7269,91.9630,12.7262
9921,LIVE,NEW_DATA,22.7269,91.9630,12.7262
9922,LIVE,NEW_DATA,22.7269,91.9630,12.7262
9923,LIVE,NEW_DATA,22.7269,91.9630,12.7262
9924,LIVE,NEW_DATA,22.7269,91.9630,12.7262
9925,LIVE,NEW_DATA,22.7269,91.9630,12.7262
9926,LIVE,NEW_DATA,22.7269,91.9630,12.7262
9927,LIVE,NEW_DATA,22.7269,91.9630,12.7262
9928,LIVE,NEW_DATA,22.7269,91.9630,12.7262
9929,LIVE,NEW_DATA,22.7269,91.9630,12.7262
9930,LIVE,NEW_DATA,22.7269,91.9630,12.7262
9931,LIVE,NEW_DATA,22.7269,91.9325,12.8854
9932,LIVE,NEW_DATA,22.7269,91.9325,12.8854
9933,LIVE,NEW_DATA,22.7269,91.9325,12.8854
9934,LIVE,NEW_DATA,22.7269,91.9325,12.8854
9935,LIVE,NEW_DATA,22.7269,91.9325,12.8854
9936,LIVE,NEW_DATA,22.7269,91.9325,12.8854
9937,LIVE,NEW_DATA,22.7269,91.9325,12.8854
9938,LIVE,NEW_DATA,22.7269,91.9325,12.8854
9939,LIVE,NEW_DATA,22.7269,91.9325,12.8854
9940,LIVE,NEW_DATA,22.7269,91.9325,12.8854
9941,LIVE,NEW_DATA,22.7269,91.9325,12.8854
9942,LIVE,NEW_DATA,22.7269,91.9325,12.8854
9943,LIVE,NEW_DATA,22.7269,91.9325,12.8854
9944,LIVE,NEW_DATA,22.7269,91.9325,12.8854
9945,LIVE,NEW_DATA,22.7269,91.9325,12.8854
9946,LIVE,NEW_DATA,22.7269,91.9325,12.8854
9947,LIVE,NEW_DATA,22.7269,91.9325,12.8854
9948,LIVE,NEW_DATA,22.7269,91.9325,12.8854
9949,LIVE,NEW_DATA,22.7269,91.9325,12.8854
9950,LIVE,NEW_DATA,22.7269,91.9325,12.8854
9951,LIVE,NEW_DATA,22.7269,91.9325,12.8854
9952,LIVE,NEW_DATA,22.7269,91.9325,12.8854
9953,LIVE,NEW_DATA,22.7269,91.9325,12.8854
9954,LIVE,NEW_DATA,22.7269,91.9325,12.8854
9955,LIVE,NEW_DATA,22.7269,91.9574,12.8854
9956,LIVE,NEW_DATA,22.7269,91.9574,12.8854
9957,LIVE,NEW_DATA,22.7269,91.9574,12.8854
9958,LIVE,NEW_DATA,22.7269,91.9574,12.8854
9959,LIVE,NEW_DATA,22.7269,91.9574,12.8854
9960,LIVE,NEW_DATA,22.7269,91.9574,12.8854
9961,LIVE,NEW_DATA,22.7269,91.9574,12.8854
9962,LIVE,NEW_DATA,22.7269,91.9574,12.8854
9963,LIVE,NEW_DATA,22.7269,91.9574,12.8854
9964,LIVE,NEW_DATA,22.7269,91.9574,12.8854
9965,LIVE,NEW_DATA,22.7269,91.9574,12.8854
9966,LIVE,NEW_DATA,22.7269,91.9574,12.8854
9967,LIVE,NEW_DATA,22.7269,91.9574,12.8854
9968,LIVE,NEW_DATA,22.7269,91.9574,12.8854
9969,LIVE,NEW_DATA,22.7269,91.9574,12.8854
9970,LIVE,NEW_DATA,22.7269,91.9574,12.8854
9971,LIVE,NEW_DATA,22.7269,91.9574,12.8854
9972,LIVE,NEW_DATA,22.7269,91.9574,12.8854
9973,LIVE,NEW_DATA,22.7269,91.9574,12.8854
9974,LIVE,NEW_DATA,22.7269,91.9574,12.8854
9975,LIVE,NEW_DATA,22.7269,91.9574,12.8854
9976,LIVE,NEW_DATA,22.7269,91.9574,12.8854
9977,LIVE,NEW_DATA,22.7269,91.9574,12.8854
9978,LIVE,NEW_DATA,22.7269,91.9574,12.8854
9979,LIVE,NEW_DATA,22.7269,91.9574,12.8854
9980,LIVE,NEW_DATA,22.7269,92.0490,12.6201
9981,LIVE,NEW_DATA,22.7269,92.0490,12.6201
9982,LIVE,NEW_DATA,22.7269,92.0490,12.6201
9983,LIVE,NEW_DATA,22.7269,92.0490,12.6201
9984,LIVE,NEW_DATA,22.7269,92.0490,12.6201
9985,LIVE,NEW_DATA,22.7269,92.0490,12.6201
9986,LIVE,NEW_DATA,22.7269,92.0490,12.6201
9987,LIVE,NEW_DATA,22.7269,92.0490,12.6201
9988,LIVE,NEW_DATA,22.7269,92.0490,12.6201
9989,LIVE,NEW_DATA,22.7269,92.0490,12.6201
9990,LIVE,NEW_DATA,22.7269,92.0490,12.6201
9991,LIVE,NEW_DATA,22.7269,92.0490,12.6201
9992,LIVE,NEW_DATA,22.7269,92.0490,12.6201
9993,LIVE,NEW_DATA,22.7269,92.0490,12.6201
9994,LIVE,NEW_DATA,22.7269,92.0490,12.6201
9995,LIVE,NEW_DATA,22.7269,92.0490,12.6201
9996,LIVE,NEW_DATA,22.7269,92.0490,12.6201
9997,LIVE,NEW_DATA,22.7269,92.0490,12.6201
9998,LIVE,NEW_DATA,22.7269,92.0490,12.6201
9999,LIVE,NEW_DATA,22.7269,92.0490,12.6201
10000,LIVE,NEW_DATA,22.7269,92.0490,12.6201
10001,LIVE,NEW_DATA,22.7269,92.0490,12.6201
10002,LIVE,NEW_DATA,22.7269,92.0490,12.6201
10003,LIVE,NEW_DATA,22.7269,92.0490,12.6201
10004,LIVE,NEW_DATA,22.7269,92.0490,12.6158
10005,LIVE,NEW_DATA,22.7269,92.0490,12.6158
10006,LIVE,NEW_DATA,22.7269,92.0490,12.6158
10007,LIVE,NEW_DATA,22.7269,92.0490,12.6158
10008,LIVE,NEW_DATA,22.7269,92.0490,12.6158
10009,LIVE,NEW_DATA,22.7269,92.0490,12.6158
10010,LIVE,NEW_DATA,22.7269,92.0490,12.6158
10011,LIVE,NEW_DATA,22.7269,92.0490,12.6158
10012,LIVE,NEW_DATA,22.7269,92.0490,12.6158
10013,LIVE,NEW_DATA,22.7269,92.0490,12.6158
10014,LIVE,NEW_DATA,22.7269,92.0490,12.6158
10015,LIVE,NEW_DATA,22.7269,92.0490,12.6158
10016,LIVE,NEW_DATA,22.7269,92.0490,12.6158
10017,LIVE,NEW_DATA,22.7269,92.0490,12.6158
10018,LIVE,NEW_DATA,22.7269,92.0490,12.6158
10019,LIVE,NEW_DATA,22.7269,92.0490,12.6158
10020,LIVE,NEW_DATA,22.7269,92.0490,12.6158
10021,LIVE,NEW_DATA,22.7269,92.0490,12.6158
10022,LIVE,NEW_DATA,22.7269,92.0490,12.6158
10023,LIVE,NEW_DATA,22.7269,92.0490,12.6158
10024,LIVE,NEW_DATA,22.7269,92.0490,12.6158
10025,LIVE,NEW_DATA,22.7269,92.0490,12.6158
10026,LIVE,NEW_DATA,22.7269,92.0490,12.6158
10027,LIVE,NEW_DATA,22.7269,92.0490,12.6158
10028,LIVE,NEW_DATA,22.7269,92.1581,12.5455
10029,LIVE,NEW_DATA,22.7269,92.1581,12.5455
10030,LIVE,NEW_DATA,22.7269,92.1581,12.5455
10031,LIVE,NEW_DATA,22.7269,92.1581,12.5455
10032,LIVE,NEW_DATA,22.7269,92.1581,12.5455
10033,LIVE,NEW_DATA,22.7269,92.1581,12.5455
10034,LIVE,NEW_DATA,22.7269,92.1581,12.5455
10035,LIVE,NEW_DATA,22.7269,92.1581,12.5455
10036,LIVE,NEW_DATA,22.7269,92.1581,12.5455
10037,LIVE,NEW_DATA,22.7269,92.1581,12.5455
10038,LIVE,NEW_DATA,22.7269,92.1581,12.5455
10039,LIVE,NEW_DATA,22.7269,92.1581,12.5455
10040,LIVE,NEW_DATA,22.7269,92.1581,12.5455
10041,LIVE,NEW_DATA,22.7269,92.1581,12.5455
10042,LIVE,NEW_DATA,22.7269,92.1581,12.5455
10043,LIVE,NEW_DATA,22.7269,92.1581,12.5455
10044,LIVE,NEW_DATA,22.7269,92.1581,12.5455
10045,LIVE,NEW_DATA,22.7269,92.1581,12.5455
10046,LIVE,NEW_DATA,22.7269,92.1581,12.5455
10047,LIVE,NEW_DATA,22.7269,92.1581,12.5455
10048,LIVE,NEW_DATA,22.7269,92.1581,12.5455
10049,LIVE,NEW_DATA,22.7269,92.1581,12.5455
10050,LIVE,NEW_DATA,22.7269,92.1581,12.5455
10051,LIVE,NEW_DATA,22.7269,92.1581,12.5455
10052,LIVE,NEW_DATA,22.7269,92.1581,12.5455
10053,LIVE,NEW_DATA,22.7269,92.3095,12.5985
10054,LIVE,NEW_DATA,22.7269,92.3095,12.5985
10055,LIVE,NEW_DATA,22.7269,92.3095,12.5985
10056,LIVE,NEW_DATA,22.7269,92.3095,12.5985
10057,LIVE,NEW_DATA,22.7269,92.3095,12.5985
10058,LIVE,NEW_DATA,22.7269,92.3095,12.5985
10059,LIVE,NEW_DATA,22.7269,92.3095,12.5985
10060,LIVE,NEW_DATA,22.7269,92.3095,12.5985
10061,LIVE,NEW_DATA,22.7269,92.3095,12.5985
10062,LIVE,NEW_DATA,22.7269,92.3095,12.5985
10063,LIVE,NEW_DATA,22.7269,92.3095,12.5985
10064,LIVE,NEW_DATA,22.7269,92.3095,12.5985
10065,LIVE,NEW_DATA,22.7269,92.3095,12.5985
10066,LIVE,NEW_DATA,22.7269,92.3095,12.5985
10067,LIVE,NEW_DATA,22.7269,92.3095,12.5985
10068,LIVE,NEW_DATA,22.7269,92.3095,12.5985
10069,LIVE,NEW_DATA,22.7269,92.3095,12.5985
10070,LIVE,NEW_DATA,22.7269,92.3095,12.5985
10071,LIVE,NEW_DATA,22.7269,92.3095,12.5985
10072,LIVE,NEW_DATA,22.7269,92.3095,12.5985
10073,LIVE,NEW_DATA,22.7269,92.3095,12.5985
10074,LIVE,NEW_DATA,22.7269,92.3095,12.5985
10075,LIVE,NEW_DATA,22.7269,92.3095,12.5985
10076,LIVE,NEW_DATA,22.7269,92.3095,12.5985
10077,LIVE,NEW_DATA,22.7269,92.3408,12.3419
10078,LIVE,NEW_DATA,22.7269,92.3408,12.3419
10079,LIVE,NEW_DATA,22.7269,92.3408,12.3419
10080,LIVE,NEW_DATA,22.7269,92.3408,12.3419
10081,LIVE,NEW_DATA,22.7269,92.3408,12.3419
10082,LIVE,NEW_DATA,22.7269,92.3408,12.3419
10083,LIVE,NEW_DATA,22.7269,92.3408,12.3419
10084,LIVE,NEW_DATA,22.7269,92.3408,12.3419
10085,LIVE,NEW_DATA,22.7269,92.3408,12.3419
10086,LIVE,NEW_DATA,22.7269,92.3408,12.3419
10087,LIVE,NEW_DATA,22.7269,92.3408,12.3419
10088,LIVE,NEW_DATA,22.7269,92.3408,12.3419
10089,LIVE,NEW_DATA,22.7269,92.3408,12.3419
10090,LIVE,NEW_DATA,22.7269,92.3408,12.3419
10091,LIVE,NEW_DATA,22.7269,92.3408,12.3419
10092,LIVE,NEW_DATA,22.7269,92.3408,12.3419
10093,LIVE,NEW_DATA,22.7269,92.3408,12.3419
10094,LIVE,NEW_DATA,22.7269,92.3408,12.3419
10095,LIVE,NEW_DATA,22.7269,92.3408,12.3419
10096,LIVE,NEW_DATA,22.7269,92.3408,12.3419
10097,LIVE,NEW_DATA,22.7269,92.3408,12.3419
10098,LIVE,NEW_DATA,22.7269,92.3408,12.3419
10099,LIVE,NEW_DATA,22.7269,92.3408,12.3419
10100,LIVE,NEW_DATA,22.7269,92.3408,12.3419
10101,LIVE,NEW_DATA,22.7269,92.4146,12.3743
10102,LIVE,NEW_DATA,22.7269,92.4146,12.3743
10103,LIVE,NEW_DATA,22.7269,92.4146,12.3743
10104,LIVE,NEW_DATA,22.7269,92.4146,12.3743
10105,LIVE,NEW_DATA,22.7269,92.4146,12.3743
10106,LIVE,NEW_DATA,22.7269,92.4146,12.3743
10107,LIVE,NEW_DATA,22.7269,92.4146,12.3743
10108,LIVE,NEW_DATA,22.7269,92.4146,12.3743
10109,LIVE,NEW_DATA,22.7269,92.4146,12.3743
10110,LIVE,NEW_DATA,22.7269,92.4146,12.3743
10111,LIVE,NEW_DATA,22.7269,92.4146,12.3743
10112,LIVE,NEW_DATA,22.7269,92.4146,12.3743
10113,LIVE,NEW_DATA,22.7269,92.4146,12.3743
10114,LIVE,NEW_DATA,22.7269,92.4146,12.3743
10115,LIVE,NEW_DATA,22.7269,92.4146,12.3743
10116,LIVE,NEW_DATA,22.7269,92.4146,12.3743
10117,LIVE,NEW_DATA,22.7269,92.4146,12.3743
10118,LIVE,NEW_DATA,22.7269,92.4146,12.3743
10119,LIVE,NEW_DATA,22.7269,92.4146,12.3743
10120,LIVE,NEW_DATA,22.7269,92.4146,12.3743
10121,LIVE,NEW_DATA,22.7269,92.4146,12.3743
10122,LIVE,NEW_DATA,22.7269,92.4146,12.3743
10123,LIVE,NEW_DATA,22.7269,92.4146,12.3743
10124,LIVE,NEW_DATA,22.7269,92.4146,12.3743
10125,LIVE,NEW_DATA,22.7269,92.4146,12.3743
10126,LIVE,NEW_DATA,22.7269,92.4865,12.0206
10127,LIVE,NEW_DATA,22.7269,92.4865,12.0206
10128,LIVE,NEW_DATA,22.7269,92.4865,12.0206
10129,LIVE,NEW_DATA,22.7269,92.4865,12.0206
10130,LIVE,NEW_DATA,22.7269,92.4865,12.0206
10131,LIVE,NEW_DATA,22.7269,92.4865,12.0206
10132,LIVE,NEW_DATA,22.7269,92.4865,12.0206
10133,LIVE,NEW_DATA,22.7269,92.4865,12.0206
10134,LIVE,NEW_DATA,22.7269,92.4865,12.0206
10135,LIVE,NEW_DATA,22.7269,92.4865,12.0206
10136,LIVE,NEW_DATA,22.7269,92.4865,12.0206
10137,LIVE,NEW_DATA,22.7269,92.4865,12.0206
10138,LIVE,NEW_DATA,22.7269,92.4865,12.0206
10139,LIVE,NEW_DATA,22.7269,92.4865,12.0206
10140,LIVE,NEW_DATA,22.7269,92.4865,12.0206
10141,LIVE,NEW_DATA,22.7269,92.4865,12.0206
10142,LIVE,NEW_DATA,22.7269,92.4865,12.0206
10143,LIVE,NEW_DATA,22.7269,92.4865,12.0206
10144,LIVE,NEW_DATA,22.7269,92.4865,12.0206
10145,LIVE,NEW_DATA,22.7269,92.4865,12.0206
10146,LIVE,NEW_DATA,22.7269,92.4865,12.0206
10147,LIVE,NEW_DATA,22.7269,92.4865,12.0206
10148,LIVE,NEW_DATA,22.7269,92.4865,12.0206
10149,LIVE,NEW_DATA,22.7269,92.4865,12.0206
10150,LIVE,NEW_DATA,22.7269,92.5157,12.0577
10151,LIVE,NEW_DATA,22.7269,92.5157,12.0577
10152,LIVE,NEW_DATA,22.7269,92.5157,12.0577
10153,LIVE,NEW_DATA,22.7269,92.5157,12.0577
10154,LIVE,NEW_DATA,22.7269,92.5157,12.0577
10155,LIVE,NEW_DATA,22.7269,92.5157,12.0577
10156,LIVE,NEW_DATA,22.7269,92.5157,12.0577
10157,LIVE,NEW_DATA,22.7269,92.5157,12.0577
10158,LIVE,NEW_DATA,22.7269,92.5157,12.0577
10159,LIVE,NEW_DATA,22.7269,92.5157,12.0577
10160,LIVE,NEW_DATA,22.7269,92.5157,12.0577
10161,LIVE,NEW_DATA,22.7269,92.5157,12.0577
10162,LIVE,NEW_DATA,22.7269,92.5157,12.0577
10163,LIVE,NEW_DATA,22.7269,92.5157,12.0577
10164,LIVE,NEW_DATA,22.7269,92.5157,12.0577
10165,LIVE,NEW_DATA,22.7269,92.5157,12.0577
10166,LIVE,NEW_DATA,22.7269,92.5157,12.0577
10167,LIVE,NEW_DATA,22.7269,92.5157,12.0577
10168,LIVE,NEW_DATA,22.7269,92.5157,12.0577
10169,LIVE,NEW_DATA,22.7269,92.5157,12.0577
10170,LIVE,NEW_DATA,22.7269,92.5157,12.0577
10171,LIVE,NEW_DATA,22.7269,92.5157,12.0577
10172,LIVE,NEW_DATA,22.7269,92.5157,12.0577
10173,LIVE,NEW_DATA,22.7269,92.5157,12.0577
10174,LIVE,NEW_DATA,22.7269,92.4838,12.0867
10175,LIVE,NEW_DATA,22.7269,92.4838,12.0867
10176,LIVE,NEW_DATA,22.7269,92.4838,12.0867
10177,LIVE,NEW_DATA,22.7269,92.4838,12.0867
10178,LIVE,NEW_DATA,22.7269,92.4838,12.0867
10179,LIVE,NEW_DATA,22.7269,92.4838,12.0867
10180,LIVE,NEW_DATA,22.7269,92.4838,12.0867
10181,LIVE,NEW_DATA,22.7269,92.4838,12.0867
10182,LIVE,NEW_DATA,22.7269,92.4838,12.0867
10183,LIVE,NEW_DATA,22.7269,92.4838,12.0867
10184,LIVE,NEW_DATA,22.7269,92.4838,12.0867
10185,LIVE,NEW_DATA,22.7269,92.4838,12.0867
10186,LIVE,NEW_DATA,22.7269,92.4838,12.0867
10187,LIVE,NEW_DATA,22.7269,92.4838,12.0867
10188,LIVE,NEW_DATA,22.7269,92.4838,12.0867
10189,LIVE,NEW_DATA,22.7269,92.4838,12.0867
10190,LIVE,NEW_DATA,22.7269,92.4838,12.0867
10191,LIVE,NEW_DATA,22.7269,92.4838,12.0867
10192,LIVE,NEW_DATA,22.7269,92.4838,12.0867
10193,LIVE,NEW_DATA,22.7269,92.4838,12.0867
10194,LIVE,NEW_DATA,22.7269,92.4838,12.0867
10195,LIVE,NEW_DATA,22.7269,92.4838,12.0867
10196,LIVE,NEW_DATA,22.7269,92.4838,12.0867
10197,LIVE,NEW_DATA,22.7269,92.4838,12.0867
10198,LIVE,NEW_DATA,22.7269,92.4838,12.0867
10199,LIVE,NEW_DATA,22.7269,92.5578,12.0984
10200,LIVE,NEW_DATA,22.7269,92.5578,12.0984
10201,LIVE,NEW_DATA,22.7269,92.5578,12.0984
10202,LIVE,NEW_DATA,22.7269,92.5578,12.0984
10203,LIVE,NEW_DATA,22.7269,92.5578,12.0984
10204,LIVE,NEW_DATA,22.7269,92.5578,12.0984
10205,LIVE,NEW_DATA,22.7269,92.5578,12.0984
10206,LIVE,NEW_DATA,22.7269,92.5578,12.0984
10207,LIVE,NEW_DATA,22.7269,92.5578,12.0984
10208,LIVE,NEW_DATA,22.7269,92.5578,12.0984
10209,LIVE,NEW_DATA,22.7269,92.5578,12.0984
10210,LIVE,NEW_DATA,22.7269,92.5578,12.0984
10211,LIVE,NEW_DATA,22.7269,92.5578,12.0984
10212,LIVE,NEW_DATA,22.7269,92.5578,12.0984
10213,LIVE,NEW_DATA,22.7269,92.5578,12.0984
10214,LIVE,NEW_DATA,22.7269,92.5578,12.0984
10215,LIVE,NEW_DATA,22.7269,92.5578,12.0984
10216,LIVE,NEW_DATA,22.7269,92.5578,12.0984
10217,LIVE,NEW_DATA,22.7269,92.5578,12.0984
10218,LIVE,NEW_DATA,22.7269,92.5578,12.0984
10219,LIVE,NEW_DATA,22.7269,92.5578,12.0984
10220,LIVE,NEW_DATA,22.7269,92.5578,12.0984
10221,LIVE,NEW_DATA,22.7269,92.5578,12.0984
10222,LIVE,NEW_DATA,22.7269,92.5578,12.0984
10223,LIVE,NEW_DATA,22.7269,92.5667,12.0257
10224,LIVE,NEW_DATA,22.7269,92.5667,12.0257
10225,LIVE,NEW_DATA,22.7269,92.5667,12.0257
10226,LIVE,NEW_DATA,22.7269,92.5667,12.0257
10227,LIVE,NEW_DATA,22.7269,92.5667,12.0257
10228,LIVE,NEW_DATA,22.7269,92.5667,12.0257
10229,LIVE,NEW_DATA,22.7269,92.5667,12.0257
10230,LIVE,NEW_DATA,22.7269,92.5667,12.0257
10231,LIVE,NEW_DATA,22.7269,92.5667,12.0257
10232,LIVE,NEW_DATA,22.7269,92.5667,12.0257
10233,LIVE,NEW_DATA,22.7269,92.5667,12.0257
10234,LIVE,NEW_DATA,22.7269,92.5667,12.0257
10235,LIVE,NEW_DATA,22.7269,92.5667,12.0257
10236,LIVE,NEW_DATA,22.7269,92.5667,12.0257
10237,LIVE,NEW_DATA,22.7269,92.5667,12.0257
10238,LIVE,NEW_DATA,22.7269,92.5667,12.0257
10239,LIVE,NEW_DATA,22.7269,92.5667,12.0257
10240,LIVE,NEW_DATA,22.7269,92.5667,12.0257
10241,LIVE,NEW_DATA,22.7269,92.5667,12.0257
10242,LIVE,NEW_DATA,22.7269,92.5667,12.0257
10243,LIVE,NEW_DATA,22.7269,92.5667,12.0257
10244,LIVE,NEW_DATA,22.7269,92.5667,12.0257
10245,LIVE,NEW_DATA,22.7269,92.5667,12.0257
10246,LIVE,NEW_DATA,22.7269,92.5667,12.0257
10247,LIVE,NEW_DATA,22.7269,92.5484,11.9754
10248,LIVE,NEW_DATA,22.7269,92.5484,11.9754
10249,LIVE,NEW_DATA,22.7269,92.5484,11.9754
10250,LIVE,NEW_DATA,22.7269,92.5484,11.9754
10251,LIVE,NEW_DATA,22.7269,92.5484,11.9754
10252,LIVE,NEW_DATA,22.7269,92.5484,11.9754
10253,LIVE,NEW_DATA,22.7269,92.5484,11.9754
10254,LIVE,NEW_DATA,22.7269,92.5484,11.9754
10255,LIVE,NEW_DATA,22.7269,92.5484,11.9754
10256,LIVE,NEW_DATA,22.7269,92.5484,11.9754
10257,LIVE,NEW_DATA,22.7269,92.5484,11.9754
10258,LIVE,NEW_DATA,22.7269,92.5484,11.9754
10259,LIVE,NEW_DATA,22.7269,92.5484,11.9754
10260,LIVE,NEW_DATA,22.7269,92.5484,11.9754
10261,LIVE,NEW_DATA,22.7269,92.5484,11.9754
10262,LIVE,NEW_DATA,22.7269,92.5484,11.9754
10263,LIVE,NEW_DATA,22.7269,92.5484,11.9754
10264,LIVE,NEW_DATA,22.7269,92.5484,11.9754
10265,LIVE,NEW_DATA,22.7269,92.5484,11.9754
10266,LIVE,NEW_DATA,22.7269,92.5484,11.9754
10267,LIVE,NEW_DATA,22.7269,92.5484,11.9754
10268,LIVE,NEW_DATA,22.7269,92.5484,11.9754
10269,LIVE,NEW_DATA,22.7269,92.5484,11.9754
10270,LIVE,NEW_DATA,22.7269,92.5484,11.9754
10271,LIVE,NEW_DATA,22.7269,92.5097,11.9308
10272,LIVE,NEW_DATA,22.7269,92.5097,11.9308
10273,LIVE,NEW_DATA,22.7269,92.5097,11.9308
10274,LIVE,NEW_DATA,22.7269,92.5097,11.9308
10275,LIVE,NEW_DATA,22.7269,92.5097,11.9308
10276,LIVE,NEW_DATA,22.7269,92.5097,11.9308
10277,LIVE,NEW_DATA,22.7269,92.5097,11.9308
10278,LIVE,NEW_DATA,22.7269,92.5097,11.9308
10279,LIVE,NEW_DATA,22.7269,92.5097,11.9308
10280,LIVE,NEW_DATA,22.7269,92.5097,11.9308
10281,LIVE,NEW_DATA,22.7269,92.5097,11.9308
10282,LIVE,NEW_DATA,22.7269,92.5097,11.9308
10283,LIVE,NEW_DATA,22.7269,92.5097,11.9308
10284,LIVE,NEW_DATA,22.7269,92.5097,11.9308
10285,LIVE,NEW_DATA,22.7269,92.5097,11.9308
10286,LIVE,NEW_DATA,22.7269,92.5097,11.9308
10287,LIVE,NEW_DATA,22.7269,92.5097,11.9308
10288,LIVE,NEW_DATA,22.7269,92.5097,11.9308
10289,LIVE,NEW_DATA,22.7269,92.5097,11.9308
10290,LIVE,NEW_DATA,22.7269,92.5097,11.9308
10291,LIVE,NEW_DATA,22.7269,92.5097,11.9308
10292,LIVE,NEW_DATA,22.7269,92.5097,11.9308
10293,LIVE,NEW_DATA,22.7269,92.5097,11.9308
10294,LIVE,NEW_DATA,22.7269,92.5097,11.9308
10295,LIVE,NEW_DATA,22.7269,92.5097,11.9308
10296,LIVE,NEW_DATA,22.7269,92.5299,11.9977
10297,LIVE,NEW_DATA,22.7269,92.5299,11.9977
10298,LIVE,NEW_DATA,22.7269,92.5299,11.9977
10299,LIVE,NEW_DATA,22.7269,92.5299,11.9977
10300,LIVE,NEW_DATA,22.7269,92.5299,11.9977
10301,LIVE,NEW_DATA,22.7269,92.5299,11.9977
10302,LIVE,NEW_DATA,22.7269,92.5299,11.9977
10303,LIVE,NEW_DATA,22.7269,92.5299,11.9977
10304,LIVE,NEW_DATA,22.7269,92.5299,11.9977
10305,LIVE,NEW_DATA,22.7269,92.5299,11.9977
10306,LIVE,NEW_DATA,22.7269,92.5299,11.9977
10307,LIVE,NEW_DATA,22.7269,92.5299,11.9977
10308,LIVE,NEW_DATA,22.7269,92.5299,11.9977
10309,LIVE,NEW_DATA,22.7269,92.5299,11.9977
10310,LIVE,NEW_DATA,22.7269,92.5299,11.9977
10311,LIVE,NEW_DATA,22.7269,92.5299,11.9977
10312,LIVE,NEW_DATA,22.7269,92.5299,11.9977
10313,LIVE,NEW_DATA,22.7269,92.5299,11.9977
10314,LIVE,NEW_DATA,22.7269,92.5299,11.9977
10315,LIVE,NEW_DATA,22.7269,92.5299,11.9977
10316,LIVE,NEW_DATA,22.7269,92.5299,11.9977
10317,LIVE,NEW_DATA,22.7269,92.5299,11.9977
10318,LIVE,NEW_DATA,22.7269,92.5299,11.9977
10319,LIVE,NEW_DATA,22.7269,92.5299,11.9977
10320,LIVE,NEW_DATA,22.7269,92.5299,12.0691
10321,LIVE,NEW_DATA,22.7269,92.5299,12.0691
10322,LIVE,NEW_DATA,22.7269,92.5299,12.0691
10323,LIVE,NEW_DATA,22.7269,92.5299,12.0691
10324,LIVE,NEW_DATA,22.7269,92.5299,12.0691
10325,LIVE,NEW_DATA,22.7269,92.5299,12.0691
10326,LIVE,NEW_DATA,22.7269,92.5299,12.0691
10327,LIVE,NEW_DATA,22.7269,92.5299,12.0691
10328,LIVE,NEW_DATA,22.7269,92.5299,12.0691
10329,LIVE,NEW_DATA,22.7269,92.5299,12.0691
10330,LIVE,NEW_DATA,22.7269,92.5299,12.0691
10331,LIVE,NEW_DATA,22.7269,92.5299,12.0691
10332,LIVE,NEW_DATA,22.7269,92.5299,12.0691
10333,LIVE,NEW_DATA,22.7269,92.5299,12.0691
10334,LIVE,NEW_DATA,22.7269,92.5299,12.0691
10335,LIVE,NEW_DATA,22.7269,92.5299,12.0691
10336,LIVE,NEW_DATA,22.7269,92.5299,12.0691
10337,LIVE,NEW_DATA,22.7269,92.5299,12.0691
10338,LIVE,NEW_DATA,22.7269,92.5299,12.0691
10339,LIVE,NEW_DATA,22.7269,92.5299,12.0691
10340,LIVE,NEW_DATA,22.7269,92.5299,12.0691
10341,LIVE,NEW_DATA,22.7269,92.5299,12.0691
10342,LIVE,NEW_DATA,22.7269,92.5299,12.0691
10343,LIVE,NEW_DATA,22.7269,92.5299,12.0691
10344,LIVE,NEW_DATA,22.7269,92.5299,12.0691
10345,LIVE,NEW_DATA,22.7269,92.4853,12.0185
10346,LIVE,NEW_DATA,22.7269,92.4853,12.0185
10347,LIVE,NEW_DATA,22.7269,92.4853,12.0185
10348,LIVE,NEW_DATA,22.7269,92.4853,12.0185
10349,LIVE,NEW_DATA,22.7269,92.4853,12.0185
10350,LIVE,NEW_DATA,22.7269,92.4853,12.0185
10351,LIVE,NEW_DATA,22.7269,92.4853,12.0185
10352,LIVE,NEW_DATA,22.7269,92.4853,12.0185
10353,LIVE,NEW_DATA,22.7269,92.4853,12.0185
10354,LIVE,NEW_DATA,22.7269,92.4853,12.0185
10355,LIVE,NEW_DATA,22.7269,92.4853,12.0185
10356,LIVE,NEW_DATA,22.7269,92.4853,12.0185
10357,LIVE,NEW_DATA,22.7269,92.4853,12.0185
10358,LIVE,NEW_DATA,22.7269,92.4853,12.0185
10359,LIVE,NEW_DATA,22.7269,92.4853,12.0185
10360,LIVE,NEW_DATA,22.7269,92.4853,12.0185
10361,LIVE,NEW_DATA,22.7269,92.4853,12.0185
10362,LIVE,NEW_DATA,22.7269,92.4853,12.0185
10363,LIVE,NEW_DATA,22.7269,92.4853,12.0185
10364,LIVE,NEW_DATA,22.7269,92.4853,12.0185
10365,LIVE,NEW_DATA,22.7269,92.4853,12.0185
10366,LIVE,NEW_DATA,22.7269,92.4853,12.0185
10367,LIVE,NEW_DATA,22.7269,92.4853,12.0185
10368,LIVE,NEW_DATA,22.7269,92.4853,12.0185
10369,LIVE,NEW_DATA,22.7269,92.4185,12.0143
10370,LIVE,NEW_DATA,22.7269,92.4185,12.0143
10371,LIVE,NEW_DATA,22.7269,92.4185,12.0143
10372,LIVE,NEW_DATA,22.7269,92.4185,12.0143
10373,LIVE,NEW_DATA,22.7269,92.4185,12.0143
10374,LIVE,NEW_DATA,22.7269,92.4185,12.0143
10375,LIVE,NEW_DATA,22.7269,92.4185,12.0143
10376,LIVE,NEW_DATA,22.7269,92.4185,12.0143
10377,LIVE,NEW_DATA,22.7269,92.4185,12.0143
10378,LIVE,NEW_DATA,22.7269,92.4185,12.0143
10379,LIVE,NEW_DATA,22.7269,92.4185,12.0143
10380,LIVE,NEW_DATA,22.7269,92.4185,12.0143
10381,LIVE,NEW_DATA,22.7269,92.4185,12.0143
10382,LIVE,NEW_DATA,22.7269,92.4185,12.0143
10383,LIVE,NEW_DATA,22.7269,92.4185,12.0143
10384,LIVE,NEW_DATA,22.7269,92.4185,12.0143
10385,LIVE,NEW_DATA,22.7269,92.4185,12.0143
10386,LIVE,NEW_DATA,22.7269,92.4185,12.0143
10387,LIVE,NEW_DATA,22.7269,92.4185,12.0143
10388,LIVE,NEW_DATA,22.7269,92.4185,12.0143
10389,LIVE,NEW_DATA,22.7269,92.4185,12.0143
10390,LIVE,NEW_DATA,22.7269,92.4185,12.0143
10391,LIVE,NEW_DATA,22.7269,92.4185,12.0143
10392,LIVE,NEW_DATA,22.7269,92.4185,12.0143
10393,LIVE,NEW_DATA,22.7269,92.4185,12.0351
10394,LIVE,NEW_DATA,22.7269,92.4185,12.0351
10395,LIVE,NEW_DATA,22.7269,92.4185,12.0351
10396,LIVE,NEW_DATA,22.7269,92.4185,12.0351
10397,LIVE,NEW_DATA,22.7269,92.4185,12.0351
10398,LIVE,NEW_DATA,22.7269,92.4185,12.0351
10399,LIVE,NEW_DATA,22.7269,92.4185,12.0351
10400,LIVE,NEW_DATA,22.7269,92.4185,12.0351
10401,LIVE,NEW_DATA,22.7269,92.4185,12.0351
10402,LIVE,NEW_DATA,22.7269,92.4185,12.0351
10403,LIVE,NEW_DATA,22.7269,92.4185,12.0351
10404,LIVE,NEW_DATA,22.7269,92.4185,12.0351
10405,LIVE,NEW_DATA,22.7269,92.4185,12.0351
10406,LIVE,NEW_DATA,22.7269,92.4185,12.0351
10407,LIVE,NEW_DATA,22.7269,92.4185,12.0351
10408,LIVE,NEW_DATA,22.7269,92.4185,12.0351
10409,LIVE,NEW_DATA,22.7269,92.4185,12.0351
10410,LIVE,NEW_DATA,22.7269,92.4185,12.0351
10411,LIVE,NEW_DATA,22.7269,92.4185,12.0351
10412,LIVE,NEW_DATA,22.7269,92.4185,12.0351
10413,LIVE,NEW_DATA,22.7269,92.4185,12.0351
10414,LIVE,NEW_DATA,22.7269,92.4185,12.0351
10415,LIVE,NEW_DATA,22.7269,92.4185,12.0351
10416,LIVE,NEW_DATA,22.7269,92.4185,12.0351
10417,LIVE,NEW_DATA,22.7269,92.4185,12.0351
10418,LIVE,NEW_DATA,22.7269,92.3220,11.9977
10419,LIVE,NEW_DATA,22.7269,92.3220,11.9977
10420,LIVE,NEW_DATA,22.7269,92.3220,11.9977
10421,LIVE,NEW_DATA,22.7269,92.3220,11.9977
10422,LIVE,NEW_DATA,22.7269,92.3220,11.9977
10423,LIVE,NEW_DATA,22.7269,92.3220,11.9977
10424,LIVE,NEW_DATA,22.7269,92.3220,11.9977
10425,LIVE,NEW_DATA,22.7269,92.3220,11.9977
10426,LIVE,NEW_DATA,22.7269,92.3220,11.9977
10427,LIVE,NEW_DATA,22.7269,92.3220,11.9977
10428,LIVE,NEW_DATA,22.7269,92.3220,11.9977
10429,LIVE,NEW_DATA,22.7269,92.3220,11.9977
10430,LIVE,NEW_DATA,22.7269,92.3220,11.9977
10431,LIVE,NEW_DATA,22.7269,92.3220,11.9977
10432,LIVE,NEW_DATA,22.7269,92.3220,11.9977
10433,LIVE,NEW_DATA,22.7269,92.3220,11.9977
10434,LIVE,NEW_DATA,22.7269,92.3220,11.9977
10435,LIVE,NEW_DATA,22.7269,92.3220,11.9977
10436,LIVE,NEW_DATA,22.7269,92.3220,11.9977
10437,LIVE,NEW_DATA,22.7269,92.3220,11.9977
10438,LIVE,NEW_DATA,22.7269,92.3220,11.9977
10439,LIVE,NEW_DATA,22.7269,92.3220,11.9977
10440,LIVE,NEW_DATA,22.7269,92.3220,11.9977
10441,LIVE,NEW_DATA,22.7269,92.3220,11.9977
10442,LIVE,NEW_DATA,22.7269,92.3188,11.9977
10443,LIVE,NEW_DATA,22.7269,92.3188,11.9977
10444,LIVE,NEW_DATA,22.7269,92.3188,11.9977
10445,LIVE,NEW_DATA,22.7269,92.3188,11.9977
10446,LIVE,NEW_DATA,22.7269,92.3188,11.9977
10447,LIVE,NEW_DATA,22.7269,92.3188,11.9977
10448,LIVE,NEW_DATA,22.7269,92.3188,11.9977
10449,LIVE,NEW_DATA,22.7269,92.3188,11.9977
10450,LIVE,NEW_DATA,22.7269,92.3188,11.9977
10451,LIVE,NEW_DATA,22.7269,92.3188,11.9977
10452,LIVE,NEW_DATA,22.7269,92.3188,11.9977
10453,LIVE,NEW_DATA,22.7269,92.3188,11.9977
10454,LIVE,NEW_DATA,22.7269,92.3188,11.9977
10455,LIVE,NEW_DATA,22.7269,92.3188,11.9977
10456,LIVE,NEW_DATA,22.7269,92.3188,11.9977
10457,LIVE,NEW_DATA,22.7269,92.3188,11.9977
10458,LIVE,NEW_DATA,22.7269,92.3188,11.9977
10459,LIVE,NEW_DATA,22.7269,92.3188,11.9977
10460,LIVE,NEW_DATA,22.7269,92.3188,11.9977
10461,LIVE,NEW_DATA,22.7269,92.3188,11.9977
10462,LIVE,NEW_DATA,22.7269,92.3188,11.9977
10463,LIVE,NEW_DATA,22.7269,92.3188,11.9977
10464,LIVE,NEW_DATA,22.7269,92.3188,11.9977
10465,LIVE,NEW_DATA,22.7269,92.3188,11.9977
10466,LIVE,NEW_DATA,22.7269,92.3188,11.9977
10467,LIVE,NEW_DATA,22.7269,92.4333,12.4383
10468,LIVE,NEW_DATA,22.7269,92.4333,12.4383
10469,LIVE,NEW_DATA,22.7269,92.4333,12.4383
10470,LIVE,NEW_DATA,22.7269,92.4333,12.4383
10471,LIVE,NEW_DATA,22.7269,92.4333,12.4383
10472,LIVE,NEW_DATA,22.7269,92.4333,12.4383
10473,LIVE,NEW_DATA,22.7269,92.4333,12.4383
10474,LIVE,NEW_DATA,22.7269,92.4333,12.4383
10475,LIVE,NEW_DATA,22.7269,92.4333,12.4383
10476,LIVE,NEW_DATA,22.7269,92.4333,12.4383
10477,LIVE,NEW_DATA,22.7269,92.4333,12.4383
10478,LIVE,NEW_DATA,22.7269,92.4333,12.4383
10479,LIVE,NEW_DATA,22.7269,92.4333,12.4383
10480,LIVE,NEW_DATA,22.7269,92.4333,12.4383
10481,LIVE,NEW_DATA,22.7269,92.4333,12.4383
10482,LIVE,NEW_DATA,22.7269,92.4333,12.4383
10483,LIVE,NEW_DATA,22.7269,92.4333,12.4383
10484,LIVE,NEW_DATA,22.7269,92.4333,12.4383
10485,LIVE,NEW_DATA,22.7269,92.4333,12.4383
10486,LIVE,NEW_DATA,22.7269,92.4333,12.4383
10487,LIVE,NEW_DATA,22.7269,92.4333,12.4383
10488,LIVE,NEW_DATA,22.7269,92.4333,12.4383
10489,LIVE,NEW_DATA,22.7269,92.4333,12.4383
10490,LIVE,NEW_DATA,22.7269,92.4333,12.4383
10491,LIVE,NEW_DATA,22.7269,92.4620,12.7310
10492,LIVE,NEW_DATA,22.7269,92.4620,12.7310
10493,LIVE,NEW_DATA,22.7269,92.4620,12.7310
10494,LIVE,NEW_DATA,22.7269,92.4620,12.7310
10495,LIVE,NEW_DATA,22.7269,92.4620,12.7310
10496,LIVE,NEW_DATA,22.7269,92.4620,12.7310
10497,LIVE,NEW_DATA,22.7269,92.4620,12.7310
10498,LIVE,NEW_DATA,22.7269,92.4620,12.7310
10499,LIVE,NEW_DATA,22.7269,92.4620,12.7310
10500,LIVE,NEW_DATA,22.7269,92.4620,12.7310
10501,LIVE,NEW_DATA,22.7269,92.4620,12.7310
10502,LIVE,NEW_DATA,22.7269,92.4620,12.7310
10503,LIVE,NEW_DATA,22.7269,92.4620,12.7310
10504,LIVE,NEW_DATA,22.7269,92.4620,12.7310
10505,LIVE,NEW_DATA,22.7269,92.4620,12.7310
10506,LIVE,NEW_DATA,22.7269,92.4620,12.7310
10507,LIVE,NEW_DATA,22.7269,92.4620,12.7310
10508,LIVE,NEW_DATA,22.7269,92.4620,12.7310
10509,LIVE,NEW_DATA,22.7269,92.4620,12.7310
10510,LIVE,NEW_DATA,22.7269,92.4620,12.7310
10511,LIVE,NEW_DATA,22.7269,92.4620,12.7310
10512,LIVE,NEW_DATA,22.7269,92.4620,12.7310
10513,LIVE,NEW_DATA,22.7269,92.4620,12.7310
10514,LIVE,NEW_DATA,22.7269,92.4620,12.7310
10515,LIVE,NEW_DATA,22.7269,92.4301,12.7279
10516,LIVE,NEW_DATA,22.7269,92.4301,12.7279
10517,LIVE,NEW_DATA,22.7269,92.4301,12.7279
10518,LIVE,NEW_DATA,22.7269,92.4301,12.7279
10519,LIVE,NEW_DATA,22.7269,92.4301,12.7279
10520,LIVE,NEW_DATA,22.7269,92.4301,12.7279
10521,LIVE,NEW_DATA,22.7269,92.4301,12.7279
10522,LIVE,NEW_DATA,22.7269,92.4301,12.7279
10523,LIVE,NEW_DATA,22.7269,92.4301,12.7279
10524,LIVE,NEW_DATA,22.7269,92.4301,12.7279
10525,LIVE,NEW_DATA,22.7269,92.4301,12.7279
10526,LIVE,NEW_DATA,22.7269,92.4301,12.7279
10527,LIVE,NEW_DATA,22.7269,92.4301,12.7279
10528,LIVE,NEW_DATA,22.7269,92.4301,12.7279
10529,LIVE,NEW_DATA,22.7269,92.4301,12.7279
10530,LIVE,NEW_DATA,22.7269,92.4301,12.7279
10531,LIVE,NEW_DATA,22.7269,92.4301,12.7279
10532,LIVE,NEW_DATA,22.7269,92.4301,12.7279
10533,LIVE,NEW_DATA,22.7269,92.4301,12.7279
10534,LIVE,NEW_DATA,22.7269,92.4301,12.7279
10535,LIVE,NEW_DATA,22.7269,92.4301,12.7279
10536,LIVE,NEW_DATA,22.7269,92.4301,12.7279
10537,LIVE,NEW_DATA,22.7269,92.4301,12.7279
10538,LIVE,NEW_DATA,22.7269,92.4301,12.7279
10539,LIVE,NEW_DATA,22.7269,92.4301,12.6575
10540,LIVE,NEW_DATA,22.7269,92.4301,12.6575
10541,LIVE,NEW_DATA,22.7269,92.4301,12.6575
10542,LIVE,NEW_DATA,22.7269,92.4301,12.6575
10543,LIVE,NEW_DATA,22.7269,92.4301,12.6575
10544,LIVE,NEW_DATA,22.7269,92.4301,12.6575
10545,LIVE,NEW_DATA,22.7269,92.4301,12.6575
10546,LIVE,NEW_DATA,22.7269,92.4301,12.6575
10547,LIVE,NEW_DATA,22.7269,92.4301,12.6575
10548,LIVE,NEW_DATA,22.7269,92.4301,12.6575
10549,LIVE,NEW_DATA,22.7269,92.4301,12.6575
10550,LIVE,NEW_DATA,22.7269,92.4301,12.6575
10551,LIVE,NEW_DATA,22.7269,92.4301,12.6575
10552,LIVE,NEW_DATA,22.7269,92.4301,12.6575
10553,LIVE,NEW_DATA,22.7269,92.4301,12.6575
10554,LIVE,NEW_DATA,22.7269,92.4301,12.6575
10555,LIVE,NEW_DATA,22.7269,92.4301,12.6575
10556,LIVE,NEW_DATA,22.7269,92.4301,12.6575
10557,LIVE,NEW_DATA,22.7269,92.4301,12.6575
10558,LIVE,NEW_DATA,22.7269,92.4301,12.6575
10559,LIVE,NEW_DATA,22.7269,92.4301,12.6575
10560,LIVE,NEW_DATA,22.7269,92.4301,12.6575
10561,LIVE,NEW_DATA,22.7269,92.4301,12.6575
10562,LIVE,NEW_DATA,22.7269,92.4301,12.6575
10563,LIVE,NEW_DATA,22.7269,92.4301,12.6575
10564,LIVE,NEW_DATA,22.7269,92.5832,13.0656
10565,LIVE,NEW_DATA,22.7269,92.5832,13.0656
10566,LIVE,NEW_DATA,22.7269,92.5832,13.0656
10567,LIVE,NEW_DATA,22.7269,92.5832,13.0656
10568,LIVE,NEW_DATA,22.7269,92.5832,13.0656
10569,LIVE,NEW_DATA,22.7269,92.5832,13.0656
10570,LIVE,NEW_DATA,22.7269,92.5832,13.0656
10571,LIVE,NEW_DATA,22.7269,92.5832,13.0656
10572,LIVE,NEW_DATA,22.7269,92.5832,13.0656
10573,LIVE,NEW_DATA,22.7269,92.5832,13.0656
10574,LIVE,NEW_DATA,22.7269,92.5832,13.0656
10575,LIVE,NEW_DATA,22.7269,92.5832,13.0656
10576,LIVE,NEW_DATA,22.7269,92.5832,13.0656
10577,LIVE,NEW_DATA,22.7269,92.5832,13.0656
10578,LIVE,NEW_DATA,22.7269,92.5832,13.0656
10579,LIVE,NEW_DATA,22.7269,92.5832,13.0656
10580,LIVE,NEW_DATA,22.7269,92.5832,13.0656
10581,LIVE,NEW_DATA,22.7269,92.5832,13.0656
10582,LIVE,NEW_DATA,22.7269,92.5832,13.0656
10583,LIVE,NEW_DATA,22.7269,92.5832,13.0656
10584,LIVE,NEW_DATA,22.7269,92.5832,13.0656
10585,LIVE,NEW_DATA,22.7269,92.5832,13.0656
10586,LIVE,NEW_DATA,22.7269,92.5832,13.0656
10587,LIVE,NEW_DATA,22.7269,92.5832,13.0656
10588,LIVE,NEW_DATA,22.7269,92.7869,13.0418
10589,LIVE,NEW_DATA,22.7269,92.7869,13.0418
10590,LIVE,NEW_DATA,22.7269,92.7869,13.0418
10591,LIVE,NEW_DATA,22.7269,92.7869,13.0418
10592,LIVE,NEW_DATA,22.7269,92.7869,13.0418
10593,LIVE,NEW_DATA,22.7269,92.7869,13.0418
10594,LIVE,NEW_DATA,22.7269,92.7869,13.0418
10595,LIVE,NEW_DATA,22.7269,92.7869,13.0418
10596,LIVE,NEW_DATA,22.7269,92.7869,13.0418
10597,LIVE,NEW_DATA,22.7269,92.7869,13.0418
10598,LIVE,NEW_DATA,22.7269,92.7869,13.0418
10599,LIVE,NEW_DATA,22.7269,92.7869,13.0418
10600,LIVE,NEW_DATA,22.7269,92.7869,13.0418
10601,LIVE,NEW_DATA,22.7269,92.7869,13.0418
10602,LIVE,NEW_DATA,22.7269,92.7869,13.0418
10603,LIVE,NEW_DATA,22.7269,92.7869,13.0418
10604,LIVE,NEW_DATA,22.7269,92.7869,13.0418
10605,LIVE,NEW_DATA,22.7269,92.7869,13.0418
10606,LIVE,NEW_DATA,22.7269,92.7869,13.0418
10607,LIVE,NEW_DATA,22.7269,92.7869,13.0418
10608,LIVE,NEW_DATA,22.7269,92.7869,13.0418
10609,LIVE,NEW_DATA,22.7269,92.7869,13.0418
10610,LIVE,NEW_DATA,22.7269,92.7869,13.0418
10611,LIVE,NEW_DATA,22.7269,92.7869,13.0418
10612,LIVE,NEW_DATA,22.7269,92.7869,13.0418
10613,LIVE,NEW_DATA,22.7269,93.0735,13.4114
10614,LIVE,NEW_DATA,22.7269,93.0735,13.4114
10615,LIVE,NEW_DATA,22.7269,93.0735,13.4114
10616,LIVE,NEW_DATA,22.7269,93.0735,13.4114
10617,LIVE,NEW_DATA,22.7269,93.0735,13.4114
10618,LIVE,NEW_DATA,22.7269,93.0735,13.4114
10619,LIVE,NEW_DATA,22.7269,93.0735,13.4114
10620,LIVE,NEW_DATA,22.7269,93.0735,13.4114
10621,LIVE,NEW_DATA,22.7269,93.0735,13.4114
10622,LIVE,NEW_DATA,22.7269,93.0735,13.4114
10623,LIVE,NEW_DATA,22.7269,93.0735,13.4114
10624,LIVE,NEW_DATA,22.7269,93.0735,13.4114
10625,LIVE,NEW_DATA,22.7269,93.0735,13.4114
10626,LIVE,NEW_DATA,22.7269,93.0735,13.4114
10627,LIVE,NEW_DATA,22.7269,93.0735,13.4114
10628,LIVE,NEW_DATA,22.7269,93.0735,13.4114
10629,LIVE,NEW_DATA,22.7269,93.0735,13.4114
10630,LIVE,NEW_DATA,22.7269,93.0735,13.4114
10631,LIVE,NEW_DATA,22.7269,93.0735,13.4114
10632,LIVE,NEW_DATA,22.7269,93.0735,13.4114
10633,LIVE,NEW_DATA,22.7269,93.0735,13.4114
10634,LIVE,NEW_DATA,22.7269,93.0735,13.4114
10635,LIVE,NEW_DATA,22.7269,93.0735,13.4114
10636,LIVE,NEW_DATA,22.7269,93.0735,13.4114
10637,LIVE,NEW_DATA,22.7269,93.3706,13.3375
10638,LIVE,NEW_DATA,22.7269,93.3706,13.3375
10639,LIVE,NEW_DATA,22.7269,93.3706,13.3375
10640,LIVE,NEW_DATA,22.7269,93.3706,13.3375
10641,LIVE,NEW_DATA,22.7269,93.3706,13.3375
10642,LIVE,NEW_DATA,22.7269,93.3706,13.3375
10643,LIVE,NEW_DATA,22.7269,93.3706,13.3375
10644,LIVE,NEW_DATA,22.7269,93.3706,13.3375
10645,LIVE,NEW_DATA,22.7269,93.3706,13.3375
10646,LIVE,NEW_DATA,22.7269,93.3706,13.3375
10647,LIVE,NEW_DATA,22.7269,93.3706,13.3375
10648,LIVE,NEW_DATA,22.7269,93.3706,13.3375
10649,LIVE,NEW_DATA,22.7269,93.3706,13.3375
10650,LIVE,NEW_DATA,22.7269,93.3706,13.3375
10651,LIVE,NEW_DATA,22.7269,93.3706,13.3375
10652,LIVE,NEW_DATA,22.7269,93.3706,13.3375
10653,LIVE,NEW_DATA,22.7269,93.3706,13.3375
10654,LIVE,NEW_DATA,22.7269,93.3706,13.3375
10655,LIVE,NEW_DATA,22.7269,93.3706,13.3375
10656,LIVE,NEW_DATA,22.7269,93.3706,13.3375
10657,LIVE,NEW_DATA,22.7269,93.3706,13.3375
10658,LIVE,NEW_DATA,22.7269,93.3706,13.3375
10659,LIVE,NEW_DATA,22.7269,93.3706,13.3375
10660,LIVE,NEW_DATA,22.7269,93.3706,13.3375
10661,LIVE,NEW_DATA,22.7269,93.3706,13.3375
10662,LIVE,NEW_DATA,22.7269,93.5545,13.5338
10663,LIVE,NEW_DATA,22.7269,93.5545,13.5338
10664,LIVE,NEW_DATA,22.7269,93.5545,13.5338
10665,LIVE,NEW_DATA,22.7269,93.5545,13.5338
10666,LIVE,NEW_DATA,22.7269,93.5545,13.5338
10667,LIVE,NEW_DATA,22.7269,93.5545,13.5338
10668,LIVE,NEW_DATA,22.7269,93.5545,13.5338
10669,LIVE,NEW_DATA,22.7269,93.5545,13.5338
10670,LIVE,NEW_DATA,22.7269,93.5545,13.5338
10671,LIVE,NEW_DATA,22.7269,93.5545,13.5338
10672,LIVE,NEW_DATA,22.7269,93.5545,13.5338
10673,LIVE,NEW_DATA,22.7269,93.5545,13.5338
10674,LIVE,NEW_DATA,22.7269,93.5545,13.5338
10675,LIVE,NEW_DATA,22.7269,93.5545,13.5338
10676,LIVE,NEW_DATA,22.7269,93.5545,13.5338
10677,LIVE,NEW_DATA,22.7269,93.5545,13.5338
10678,LIVE,NEW_DATA,22.7269,93.5545,13.5338
10679,LIVE,NEW_DATA,22.7269,93.5545,13.5338
10680,LIVE,NEW_DATA,22.7269,93.5545,13.5338
10681,LIVE,NEW_DATA,22.7269,93.5545,13.5338
10682,LIVE,NEW_DATA,22.7269,93.5545,13.5338
10683,LIVE,NEW_DATA,22.7269,93.5545,13.5338
10684,LIVE,NEW_DATA,22.7269,93.5545,13.5338
10685,LIVE,NEW_DATA,22.7269,93.5545,13.5338
10686,LIVE,NEW_DATA,22.7269,93.5468,13.6072
10687,LIVE,NEW_DATA,22.7269,93.5468,13.6072
10688,LIVE,NEW_DATA,22.7269,93.5468,13.6072
10689,LIVE,NEW_DATA,22.7269,93.5468,13.6072
10690,LIVE,NEW_DATA,22.7269,93.5468,13.6072
10691,LIVE,NEW_DATA,22.7269,93.5468,13.6072
10692,LIVE,NEW_DATA,22.7269,93.5468,13.6072
10693,LIVE,NEW_DATA,22.7269,93.5468,13.6072
10694,LIVE,NEW_DATA,22.7269,93.5468,13.6072
10695,LIVE,NEW_DATA,22.7269,93.5468,13.6072
10696,LIVE,NEW_DATA,22.7269,93.5468,13.6072
10697,LIVE,NEW_DATA,22.7269,93.5468,13.6072
10698,LIVE,NEW_DATA,22.7269,93.5468,13.6072
10699,LIVE,NEW_DATA,22.7269,93.5468,13.6072
10700,LIVE,NEW_DATA,22.7269,93.5468,13.6072
10701,LIVE,NEW_DATA,22.7269,93.5468,13.6072
10702,LIVE,NEW_DATA,22.7269,93.5468,13.6072
10703,LIVE,NEW_DATA,22.7269,93.5468,13.6072
10704,LIVE,NEW_DATA,22.7269,93.5468,13.6072
10705,LIVE,NEW_DATA,22.7269,93.5468,13.6072
10706,LIVE,NEW_DATA,22.7269,93.5468,13.6072
10707,LIVE,NEW_DATA,22.7269,93.5468,13.6072
10708,LIVE,NEW_DATA,22.7269,93.5468,13.6072
10709,LIVE,NEW_DATA,22.7269,93.5468,13.6072
10710,LIVE,NEW_DATA,22.7269,93.7126,13.6039
10711,LIVE,NEW_DATA,22.7269,93.7126,13.6039
10712,LIVE,NEW_DATA,22.7269,93.7126,13.6039
10713,LIVE,NEW_DATA,22.7269,93.7126,13.6039
10714,LIVE,NEW_DATA,22.7269,93.7126,13.6039
10715,LIVE,NEW_DATA,22.7269,93.7126,13.6039
10716,LIVE,NEW_DATA,22.7269,93.7126,13.6039
10717,LIVE,NEW_DATA,22.7269,93.7126,13.6039
10718,LIVE,NEW_DATA,22.7269,93.7126,13.6039
10719,LIVE,NEW_DATA,22.7269,93.7126,13.6039
10720,LIVE,NEW_DATA,22.7269,93.7126,13.6039
10721,LIVE,NEW_DATA,22.7269,93.7126,13.6039
10722,LIVE,NEW_DATA,22.7269,93.7126,13.6039
10723,LIVE,NEW_DATA,22.7269,93.7126,13.6039
10724,LIVE,NEW_DATA,22.7269,93.7126,13.6039
10725,LIVE,NEW_DATA,22.7269,93.7126,13.6039
10726,LIVE,NEW_DATA,22.7269,93.7126,13.6039
10727,LIVE,NEW_DATA,22.7269,93.7126,13.6039
10728,LIVE,NEW_DATA,22.7269,93.7126,13.6039
10729,LIVE,NEW_DATA,22.7269,93.7126,13.6039
10730,LIVE,NEW_DATA,22.7269,93.7126,13.6039
10731,LIVE,NEW_DATA,22.7269,93.7126,13.6039
10732,LIVE,NEW_DATA,22.7269,93.7126,13.6039
10733,LIVE,NEW_DATA,22.7269,93.7126,13.6039
10734,LIVE,NEW_DATA,22.7269,93.7126,13.6039
10735,LIVE,NEW_DATA,22.7269,93.6482,15.3909
10736,LIVE,NEW_DATA,22.7269,93.6482,15.3909
10737,LIVE,NEW_DATA,22.7269,93.6482,15.3909
10738,LIVE,NEW_DATA,22.7269,93.6482,15.3909
10739,LIVE,NEW_DATA,22.7269,93.6482,15.3909
10740,LIVE,NEW_DATA,22.7269,93.6482,15.3909
10741,LIVE,NEW_DATA,22.7269,93.6482,15.3909
10742,LIVE,NEW_DATA,22.7269,93.6482,15.3909
10743,LIVE,NEW_DATA,22.7269,93.6482,15.3909
10744,LIVE,NEW_DATA,22.7269,93.6482,15.3909
10745,LIVE,NEW_DATA,22.7269,93.6482,15.3909
10746,LIVE,NEW_DATA,22.7269,93.6482,15.3909
10747,LIVE,NEW_DATA,22.7269,93.6482,15.3909
10748,LIVE,NEW_DATA,22.7269,93.6482,15.3909
10749,LIVE,NEW_DATA,22.7269,93.6482,15.3909
10750,LIVE,NEW_DATA,22.7269,93.6482,15.3909
10751,LIVE,NEW_DATA,22.7269,93.6482,15.3909
10752,LIVE,NEW_DATA,22.7269,93.6482,15.3909
10753,LIVE,NEW_DATA,22.7269,93.6482,15.3909
10754,LIVE,NEW_DATA,22.7269,93.6482,15.3909
10755,LIVE,NEW_DATA,22.7269,93.6482,15.3909
10756,LIVE,NEW_DATA,22.7269,93.6482,15.3909
10757,LIVE,NEW_DATA,22.7269,93.6482,15.3909
10758,LIVE,NEW_DATA,22.7269,93.6482,15.3909
10759,LIVE,NEW_DATA,22.7269,93.6730,15.4593
10760,LIVE,NEW_DATA,22.7269,93.6730,15.4593
10761,LIVE,NEW_DATA,22.7269,93.6730,15.4593
10762,LIVE,NEW_DATA,22.7269,93.6730,15.4593
10763,LIVE,NEW_DATA,22.7269,93.6730,15.4593
10764,LIVE,NEW_DATA,22.7269,93.6730,15.4593
10765,LIVE,NEW_DATA,22.7269,93.6730,15.4593
10766,LIVE,NEW_DATA,22.7269,93.6730,15.4593
10767,LIVE,NEW_DATA,22.7269,93.6730,15.4593
10768,LIVE,NEW_DATA,22.7269,93.6730,15.4593
10769,LIVE,NEW_DATA,22.7269,93.6730,15.4593
10770,LIVE,NEW_DATA,22.7269,93.6730,15.4593
10771,LIVE,NEW_DATA,22.7269,93.6730,15.4593
10772,LIVE,NEW_DATA,22.7269,93.6730,15.4593
10773,LIVE,NEW_DATA,22.7269,93.6730,15.4593
10774,LIVE,NEW_DATA,22.7269,93.6730,15.4593
10775,LIVE,NEW_DATA,22.7269,93.6730,15.4593
10776,LIVE,NEW_DATA,22.7269,93.6730,15.4593
10777,LIVE,NEW_DATA,22.7269,93.6730,15.4593
10778,LIVE,NEW_DATA,22.7269,93.6730,15.4593
10779,LIVE,NEW_DATA,22.7269,93.6730,15.4593
10780,LIVE,NEW_DATA,22.7269,93.6730,15.4593
10781,LIVE,NEW_DATA,22.7269,93.6730,15.4593
10782,LIVE,NEW_DATA,22.7269,93.6730,15.4593
10783,LIVE,NEW_DATA,22.7269,93.7885,15.5217
10784,LIVE,NEW_DATA,22.7269,93.7885,15.5217
10785,LIVE,NEW_DATA,22.7269,93.7885,15.5217
10786,LIVE,NEW_DATA,22.7269,93.7885,15.5217
10787,LIVE,NEW_DATA,22.7269,93.7885,15.5217
10788,LIVE,NEW_DATA,22.7269,93.7885,15.5217
10789,LIVE,NEW_DATA,22.7269,93.7885,15.5217
10790,LIVE,NEW_DATA,22.7269,93.7885,15.5217
10791,LIVE,NEW_DATA,22.7269,93.7885,15.5217
10792,LIVE,NEW_DATA,22.7269,93.7885,15.5217
10793,LIVE,NEW_DATA,22.7269,93.7885,15.5217
10794,LIVE,NEW_DATA,22.7269,93.7885,15.5217
10795,LIVE,NEW_DATA,22.7269,93.7885,15.5217
10796,LIVE,NEW_DATA,22.7269,93.7885,15.5217
10797,LIVE,NEW_DATA,22.7269,93.7885,15.5217
10798,LIVE,NEW_DATA,22.7269,93.7885,15.5217
10799,LIVE,NEW_DATA,22.7269,93.7885,15.5217
10800,LIVE,NEW_DATA,22.7269,93.7885,15.5217
10801,LIVE,NEW_DATA,22.7269,93.7885,15.5217
10802,LIVE,NEW_DATA,22.7269,93.7885,15.5217
10803,LIVE,NEW_DATA,22.7269,93.7885,15.5217
10804,LIVE,NEW_DATA,22.7269,93.7885,15.5217
10805,LIVE,NEW_DATA,22.7269,93.7885,15.5217
10806,LIVE,NEW_DATA,22.7269,93.7885,15.5217
10807,LIVE,NEW_DATA,22.7269,93.7885,15.5217
10808,LIVE,NEW_DATA,22.7269,93.7885,15.5646
10809,LIVE,NEW_DATA,22.7269,93.7885,15.5646
10810,LIVE,NEW_DATA,22.7269,93.7885,15.5646
10811,LIVE,NEW_DATA,22.7269,93.7885,15.5646
10812,LIVE,NEW_DATA,22.7269,93.7885,15.5646
10813,LIVE,NEW_DATA,22.7269,93.7885,15.5646
10814,LIVE,NEW_DATA,22.7269,93.7885,15.5646
10815,LIVE,NEW_DATA,22.7269,93.7885,15.5646
10816,LIVE,NEW_DATA,22.7269,93.7885,15.5646
10817,LIVE,NEW_DATA,22.7269,93.7885,15.5646
10818,LIVE,NEW_DATA,22.7269,93.7885,15.5646
10819,LIVE,NEW_DATA,22.7269,93.7885,15.5646
10820,LIVE,NEW_DATA,22.7269,93.7885,15.5646
10821,LIVE,NEW_DATA,22.7269,93.7885,15.5646
10822,LIVE,NEW_DATA,22.7269,93.7885,15.5646
10823,LIVE,NEW_DATA,22.7269,93.7885,15.5646
10824,LIVE,NEW_DATA,22.7269,93.7885,15.5646
10825,LIVE,NEW_DATA,22.7269,93.7885,15.5646
10826,LIVE,NEW_DATA,22.7269,93.7885,15.5646
10827,LIVE,NEW_DATA,22.7269,93.7885,15.5646
10828,LIVE,NEW_DATA,22.7269,93.7885,15.5646
10829,LIVE,NEW_DATA,22.7269,93.7885,15.5646
10830,LIVE,NEW_DATA,22.7269,93.7885,15.5646
10831,LIVE,NEW_DATA,22.7269,93.7885,15.5646
10832,LIVE,NEW_DATA,22.7269,93.7796,16.2761
10833,LIVE,NEW_DATA,22.7269,93.7796,16.2761
10834,LIVE,NEW_DATA,22.7269,93.7796,16.2761
10835,LIVE,NEW_DATA,22.7269,93.7796,16.2761
10836,LIVE,NEW_DATA,22.7269,93.7796,16.2761
10837,LIVE,NEW_DATA,22.7269,93.7796,16.2761
10838,LIVE,NEW_DATA,22.7269,93.7796,16.2761
10839,LIVE,NEW_DATA,22.7269,93.7796,16.2761
10840,LIVE,NEW_DATA,22.7269,93.7796,16.2761
10841,LIVE,NEW_DATA,22.7269,93.7796,16.2761
10842,LIVE,NEW_DATA,22.7269,93.7796,16.2761
10843,LIVE,NEW_DATA,22.7269,93.7796,16.2761
10844,LIVE,NEW_DATA,22.7269,93.7796,16.2761
10845,LIVE,NEW_DATA,22.7269,93.7796,16.2761
10846,LIVE,NEW_DATA,22.7269,93.7796,16.2761
10847,LIVE,NEW_DATA,22.7269,93.7796,16.2761
10848,LIVE,NEW_DATA,22.7269,93.7796,16.2761
10849,LIVE,NEW_DATA,22.7269,93.7796,16.2761
10850,LIVE,NEW_DATA,22.7269,93.7796,16.2761
10851,LIVE,NEW_DATA,22.7269,93.7796,16.2761
10852,LIVE,NEW_DATA,22.7269,93.7796,16.2761
10853,LIVE,NEW_DATA,22.7269,93.7796,16.2761
10854,LIVE,NEW_DATA,22.7269,93.7796,16.2761
10855,LIVE,NEW_DATA,22.7269,93.7796,16.2761
10856,LIVE,NEW_DATA,22.7269,93.7409,16.2680
10857,LIVE,NEW_DATA,22.7269,93.7409,16.2680
10858,LIVE,NEW_DATA,22.7269,93.7409,16.2680
10859,LIVE,NEW_DATA,22.7269,93.7409,16.2680
10860,LIVE,NEW_DATA,22.7269,93.7409,16.2680
10861,LIVE,NEW_DATA,22.7269,93.7409,16.2680
10862,LIVE,NEW_DATA,22.7269,93.7409,16.2680
10863,LIVE,NEW_DATA,22.7269,93.7409,16.2680
10864,LIVE,NEW_DATA,22.7269,93.7409,16.2680
10865,LIVE,NEW_DATA,22.7269,93.7409,16.2680
10866,LIVE,NEW_DATA,22.7269,93.7409,16.2680
10867,LIVE,NEW_DATA,22.7269,93.7409,16.2680
10868,LIVE,NEW_DATA,22.7269,93.7409,16.2680
10869,LIVE,NEW_DATA,22.7269,93.7409,16.2680
10870,LIVE,NEW_DATA,22.7269,93.7409,16.2680
10871,LIVE,NEW_DATA,22.7269,93.7409,16.2680
10872,LIVE,NEW_DATA,22.7269,93.7409,16.2680
10873,LIVE,NEW_DATA,22.7269,93.7409,16.2680
10874,LIVE,NEW_DATA,22.7269,93.7409,16.2680
10875,LIVE,NEW_DATA,22.7269,93.7409,16.2680
10876,LIVE,NEW_DATA,22.7269,93.7409,16.2680
10877,LIVE,NEW_DATA,22.7269,93.7409,16.2680
10878,LIVE,NEW_DATA,22.7269,93.7409,16.2680
10879,LIVE,NEW_DATA,22.7269,93.7409,16.2680
10880,LIVE,NEW_DATA,22.7269,93.7409,16.2680
10881,LIVE,NEW_DATA,22.7269,93.8069,16.3568
10882,LIVE,NEW_DATA,22.7269,93.8069,16.3568
10883,LIVE,NEW_DATA,22.7269,93.8069,16.3568
10884,LIVE,NEW_DATA,22.7269,93.8069,16.3568
10885,LIVE,NEW_DATA,22.7269,93.8069,16.3568
10886,LIVE,NEW_DATA,22.7269,93.8069,16.3568
10887,LIVE,NEW_DATA,22.7269,93.8069,16.3568
10888,LIVE,NEW_DATA,22.7269,93.8069,16.3568
10889,LIVE,NEW_DATA,22.7269,93.8069,16.3568
10890,LIVE,NEW_DATA,22.7269,93.8069,16.3568
10891,LIVE,NEW_DATA,22.7269,93.8069,16.3568
10892,LIVE,NEW_DATA,22.7269,93.8069,16.3568
10893,LIVE,NEW_DATA,22.7269,93.8069,16.3568
10894,LIVE,NEW_DATA,22.7269,93.8069,16.3568
10895,LIVE,NEW_DATA,22.7269,93.8069,16.3568
10896,LIVE,NEW_DATA,22.7269,93.8069,16.3568
10897,LIVE,NEW_DATA,22.7269,93.8069,16.3568
10898,LIVE,NEW_DATA,22.7269,93.8069,16.3568
10899,LIVE,NEW_DATA,22.7269,93.8069,16.3568
10900,LIVE,NEW_DATA,22.7269,93.8069,16.3568
10901,LIVE,NEW_DATA,22.7269,93.8069,16.3568
10902,LIVE,NEW_DATA,22.7269,93.8069,16.3568
10903,LIVE,NEW_DATA,22.7269,93.8069,16.3568
10904,LIVE,NEW_DATA,22.7269,93.8069,16.3568
10905,LIVE,NEW_DATA,22.7269,93.7261,16.3109
10906,LIVE,NEW_DATA,22.7269,93.7261,16.3109
10907,LIVE,NEW_DATA,22.7269,93.7261,16.3109
10908,LIVE,NEW_DATA,22.7269,93.7261,16.3109
10909,LIVE,NEW_DATA,22.7269,93.7261,16.3109
10910,LIVE,NEW_DATA,22.7269,93.7261,16.3109
10911,LIVE,NEW_DATA,22.7269,93.7261,16.3109
10912,LIVE,NEW_DATA,22.7269,93.7261,16.3109
10913,LIVE,NEW_DATA,22.7269,93.7261,16.3109
10914,LIVE,NEW_DATA,22.7269,93.7261,16.3109
10915,LIVE,NEW_DATA,22.7269,93.7261,16.3109
10916,LIVE,NEW_DATA,22.7269,93.7261,16.3109
10917,LIVE,NEW_DATA,22.7269,93.7261,16.3109
10918,LIVE,NEW_DATA,22.7269,93.7261,16.3109
10919,LIVE,NEW_DATA,22.7269,93.7261,16.3109
10920,LIVE,NEW_DATA,22.7269,93.7261,16.3109
10921,LIVE,NEW_DATA,22.7269,93.7261,16.3109
10922,LIVE,NEW_DATA,22.7269,93.7261,16.3109
10923,LIVE,NEW_DATA,22.7269,93.7261,16.3109
10924,LIVE,NEW_DATA,22.7269,93.7261,16.3109
10925,LIVE,NEW_DATA,22.7269,93.7261,16.3109
10926,LIVE,NEW_DATA,22.7269,93.7261,16.3109
10927,LIVE,NEW_DATA,22.7269,93.7261,16.3109
10928,LIVE,NEW_DATA,22.7269,93.7261,16.3109
10929,LIVE,NEW_DATA,22.7269,93.7261,16.3109
10930,LIVE,NEW_DATA,22.7269,93.7231,16.2619
10931,LIVE,NEW_DATA,22.7269,93.7231,16.2619
10932,LIVE,NEW_DATA,22.7269,93.7231,16.2619
10933,LIVE,NEW_DATA,22.7269,93.7231,16.2619
10934,LIVE,NEW_DATA,22.7269,93.7231,16.2619
10935,LIVE,NEW_DATA,22.7269,93.7231,16.2619
10936,LIVE,NEW_DATA,22.7269,93.7231,16.2619
10937,LIVE,NEW_DATA,22.7269,93.7231,16.2619
10938,LIVE,NEW_DATA,22.7269,93.7231,16.2619
10939,LIVE,NEW_DATA,22.7269,93.7231,16.2619
10940,LIVE,NEW_DATA,22.7269,93.7231,16.2619
10941,LIVE,NEW_DATA,22.7269,93.7231,16.2619
10942,LIVE,NEW_DATA,22.7269,93.7231,16.2619
10943,LIVE,NEW_DATA,22.7269,93.7231,16.2619
10944,LIVE,NEW_DATA,22.7269,93.7231,16.2619
10945,LIVE,NEW_DATA,22.7269,93.7231,16.2619
10946,LIVE,NEW_DATA,22.7269,93.7231,16.2619
10947,LIVE,NEW_DATA,22.7269,93.7231,16.2619
10948,LIVE,NEW_DATA,22.7269,93.7231,16.2619
10949,LIVE,NEW_DATA,22.7269,93.7231,16.2619
10950,LIVE,NEW_DATA,22.7269,93.7231,16.2619
10951,LIVE,NEW_DATA,22.7269,93.7231,16.2619
10952,LIVE,NEW_DATA,22.7269,93.7231,16.2619
10953,LIVE,NEW_DATA,22.7269,93.7231,16.2619
10954,LIVE,NEW_DATA,22.7269,93.7878,16.5071
10955,LIVE,NEW_DATA,22.7269,93.7878,16.5071
10956,LIVE,NEW_DATA,22.7269,93.7878,16.5071
10957,LIVE,NEW_DATA,22.7269,93.7878,16.5071
10958,LIVE,NEW_DATA,22.7269,93.7878,16.5071
10959,LIVE,NEW_DATA,22.7269,93.7878,16.5071
10960,LIVE,NEW_DATA,22.7269,93.7878,16.5071
10961,LIVE,NEW_DATA,22.7269,93.7878,16.5071
10962,LIVE,NEW_DATA,22.7269,93.7878,16.5071
10963,LIVE,NEW_DATA,22.7269,93.7878,16.5071
10964,LIVE,NEW_DATA,22.7269,93.7878,16.5071
10965,LIVE,NEW_DATA,22.7269,93.7878,16.5071
10966,LIVE,NEW_DATA,22.7269,93.7878,16.5071
10967,LIVE,NEW_DATA,22.7269,93.7878,16.5071
10968,LIVE,NEW_DATA,22.7269,93.7878,16.5071
10969,LIVE,NEW_DATA,22.7269,93.7878,16.5071
10970,LIVE,NEW_DATA,22.7269,93.7878,16.5071
10971,LIVE,NEW_DATA,22.7269,93.7878,16.5071
10972,LIVE,NEW_DATA,22.7269,93.7878,16.5071
10973,LIVE,NEW_DATA,22.7269,93.7878,16.5071
10974,LIVE,NEW_DATA,22.7269,93.7878,16.5071
10975,LIVE,NEW_DATA,22.7269,93.7878,16.5071
10976,LIVE,NEW_DATA,22.7269,93.7878,16.5071
10977,LIVE,NEW_DATA,22.7269,93.7878,16.5071
10978,LIVE,NEW_DATA,22.7269,93.7034,16.8366
10979,LIVE,NEW_DATA,22.7269,93.7034,16.8366
10980,LIVE,NEW_DATA,22.7269,93.7034,16.8366
10981,LIVE,NEW_DATA,22.7269,93.7034,16.8366
10982,LIVE,NEW_DATA,22.7269,93.7034,16.8366
10983,LIVE,NEW_DATA,22.7269,93.7034,16.8366
10984,LIVE,NEW_DATA,22.7269,93.7034,16.8366
10985,LIVE,NEW_DATA,22.7269,93.7034,16.8366
10986,LIVE,NEW_DATA,22.7269,93.7034,16.8366
10987,LIVE,NEW_DATA,22.7269,93.7034,16.8366
10988,LIVE,NEW_DATA,22.7269,93.7034,16.8366
10989,LIVE,NEW_DATA,22.7269,93.7034,16.8366
10990,LIVE,NEW_DATA,22.7269,93.7034,16.8366
10991,LIVE,NEW_DATA,22.7269,93.7034,16.8366
10992,LIVE,NEW_DATA,22.7269,93.7034,16.8366
10993,LIVE,NEW_DATA,22.7269,93.7034,16.8366
10994,LIVE,NEW_DATA,22.7269,93.7034,16.8366
10995,LIVE,NEW_DATA,22.7269,93.7034,16.8366
10996,LIVE,NEW_DATA,22.7269,93.7034,16.8366
10997,LIVE,NEW_DATA,22.7269,93.7034,16.8366
10998,LIVE,NEW_DATA,22.7269,93.7034,16.8366
10999,LIVE,NEW_DATA,22.7269,93.7034,16.8366
11000,LIVE,NEW_DATA,22.7269,93.7034,16.8366
11001,LIVE,NEW_DATA,22.7269,93.7034,16.8366
11002,LIVE,NEW_DATA,22.7269,93.7034,16.8366
11003,LIVE,NEW_DATA,22.7269,93.6958,16.9270
11004,LIVE,NEW_DATA,22.7269,93.6958,16.9270
11005,LIVE,NEW_DATA,22.7269,93.6958,16.9270
11006,LIVE,NEW_DATA,22.7269,93.6958,16.9270
11007,LIVE,NEW_DATA,22.7269,93.6958,16.9270
11008,LIVE,NEW_DATA,22.7269,93.6958,16.9270
11009,LIVE,NEW_DATA,22.7269,93.6958,16.9270
11010,LIVE,NEW_DATA,22.7269,93.6958,16.9270
11011,LIVE,NEW_DATA,22.7269,93.6958,16.9270
11012,LIVE,NEW_DATA,22.7269,93.6958,16.9270
11013,LIVE,NEW_DATA,22.7269,93.6958,16.9270
11014,LIVE,NEW_DATA,22.7269,93.6958,16.9270
11015,LIVE,NEW_DATA,22.7269,93.6958,16.9270
11016,LIVE,NEW_DATA,22.7269,93.6958,16.9270
11017,LIVE,NEW_DATA,22.7269,93.6958,16.9270
11018,LIVE,NEW_DATA,22.7269,93.6958,16.9270
11019,LIVE,NEW_DATA,22.7269,93.6958,16.9270
11020,LIVE,NEW_DATA,22.7269,93.6958,16.9270
11021,LIVE,NEW_DATA,22.7269,93.6958,16.9270
11022,LIVE,NEW_DATA,22.7269,93.6958,16.9270
11023,LIVE,NEW_DATA,22.7269,93.6958,16.9270
11024,LIVE,NEW_DATA,22.7269,93.6958,16.9270
11025,LIVE,NEW_DATA,22.7269,93.6958,16.9270
11026,LIVE,NEW_DATA,22.7269,93.6958,16.9270
11027,LIVE,NEW_DATA,22.7269,93.6352,16.8337
11028,LIVE,NEW_DATA,22.7269,93.6352,16.8337
11029,LIVE,NEW_DATA,22.7269,93.6352,16.8337
11030,LIVE,NEW_DATA,22.7269,93.6352,16.8337
11031,LIVE,NEW_DATA,22.7269,93.6352,16.8337
11032,LIVE,NEW_DATA,22.7269,93.6352,16.8337
11033,LIVE,NEW_DATA,22.7269,93.6352,16.8337
11034,LIVE,NEW_DATA,22.7269,93.6352,16.8337
11035,LIVE,NEW_DATA,22.7269,93.6352,16.8337
11036,LIVE,NEW_DATA,22.7269,93.6352,16.8337
11037,LIVE,NEW_DATA,22.7269,93.6352,16.8337
11038,LIVE,NEW_DATA,22.7269,93.6352,16.8337
11039,LIVE,NEW_DATA,22.7269,93.6352,16.8337
11040,LIVE,NEW_DATA,22.7269,93.6352,16.8337
11041,LIVE,NEW_DATA,22.7269,93.6352,16.8337
11042,LIVE,NEW_DATA,22.7269,93.6352,16.8337
11043,LIVE,NEW_DATA,22.7269,93.6352,16.8337
11044,LIVE,NEW_DATA,22.7269,93.6352,16.8337
11045,LIVE,NEW_DATA,22.7269,93.6352,16.8337
11046,LIVE,NEW_DATA,22.7269,93.6352,16.8337
11047,LIVE,NEW_DATA,22.7269,93.6352,16.8337
11048,LIVE,NEW_DATA,22.7269,93.6352,16.8337
11049,LIVE,NEW_DATA,22.7269,93.6352,16.8337
11050,LIVE,NEW_DATA,22.7269,93.6352,16.8337
11051,LIVE,NEW_DATA,22.7269,93.4942,16.8337
11052,LIVE,NEW_DATA,22.7269,93.4942,16.8337
11053,LIVE,NEW_DATA,22.7269,93.4942,16.8337
11054,LIVE,NEW_DATA,22.7269,93.4942,16.8337
11055,LIVE,NEW_DATA,22.7269,93.4942,16.8337
11056,LIVE,NEW_DATA,22.7269,93.4942,16.8337
11057,LIVE,NEW_DATA,22.7269,93.4942,16.8337
11058,LIVE,NEW_DATA,22.7269,93.4942,16.8337
11059,LIVE,NEW_DATA,22.7269,93.4942,16.8337
11060,LIVE,NEW_DATA,22.7269,93.4942,16.8337
11061,LIVE,NEW_DATA,22.7269,93.4942,16.8337
11062,LIVE,NEW_DATA,22.7269,93.4942,16.8337
11063,LIVE,NEW_DATA,22.7269,93.4942,16.8337
11064,LIVE,NEW_DATA,22.7269,93.4942,16.8337
11065,LIVE,NEW_DATA,22.7269,93.4942,16.8337
11066,LIVE,NEW_DATA,22.7269,93.4942,16.8337
11067,LIVE,NEW_DATA,22.7269,93.4942,16.8337
11068,LIVE,NEW_DATA,22.7269,93.4942,16.8337
11069,LIVE,NEW_DATA,22.7269,93.4942,16.8337
11070,LIVE,NEW_DATA,22.7269,93.4942,16.8337
11071,LIVE,NEW_DATA,22.7269,93.4942,16.8337
11072,LIVE,NEW_DATA,22.7269,93.4942,16.8337
11073,LIVE,NEW_DATA,22.7269,93.4942,16.8337
11074,LIVE,NEW_DATA,22.7269,93.4942,16.8337
11075,LIVE,NEW_DATA,22.7269,93.4942,16.8337
11076,LIVE,NEW_DATA,22.7269,93.3623,16.7879
11077,LIVE,NEW_DATA,22.7269,93.3623,16.7879
11078,LIVE,NEW_DATA,22.7269,93.3623,16.7879
11079,LIVE,NEW_DATA,22.7269,93.3623,16.7879
11080,LIVE,NEW_DATA,22.7269,93.3623,16.7879
11081,LIVE,NEW_DATA,22.7269,93.3623,16.7879
11082,LIVE,NEW_DATA,22.7269,93.3623,16.7879
11083,LIVE,NEW_DATA,22.7269,93.3623,16.7879
11084,LIVE,NEW_DATA,22.7269,93.3623,16.7879
11085,LIVE,NEW_DATA,22.7269,93.3623,16.7879
11086,LIVE,NEW_DATA,22.7269,93.3623,16.7879
11087,LIVE,NEW_DATA,22.7269,93.3623,16.7879
11088,LIVE,NEW_DATA,22.7269,93.3623,16.7879
11089,LIVE,NEW_DATA,22.7269,93.3623,16.7879
11090,LIVE,NEW_DATA,22.7269,93.3623,16.7879
11091,LIVE,NEW_DATA,22.7269,93.3623,16.7879
11092,LIVE,NEW_DATA,22.7269,93.3623,16.7879
11093,LIVE,NEW_DATA,22.7269,93.3623,16.7879
11094,LIVE,NEW_DATA,22.7269,93.3623,16.7879
11095,LIVE,NEW_DATA,22.7269,93.3623,16.7879
11096,LIVE,NEW_DATA,22.7269,93.3623,16.7879
11097,LIVE,NEW_DATA,22.7269,93.3623,16.7879
11098,LIVE,NEW_DATA,22.7269,93.3623,16.7879
11099,LIVE,NEW_DATA,22.7269,93.3623,16.7879
11100,LIVE,NEW_DATA,22.7269,93.3569,16.8780
11101,LIVE,NEW_DATA,22.7269,93.3569,16.8780
11102,LIVE,NEW_DATA,22.7269,93.3569,16.8780
11103,LIVE,NEW_DATA,22.7269,93.3569,16.8780
11104,LIVE,NEW_DATA,22.7269,93.3569,16.8780
11105,LIVE,NEW_DATA,22.7269,93.3569,16.8780
11106,LIVE,NEW_DATA,22.7269,93.3569,16.8780
11107,LIVE,NEW_DATA,22.7269,93.3569,16.8780
11108,LIVE,NEW_DATA,22.7269,93.3569,16.8780
11109,LIVE,NEW_DATA,22.7269,93.3569,16.8780
11110,LIVE,NEW_DATA,22.7269,93.3569,16.8780
11111,LIVE,NEW_DATA,22.7269,93.3569,16.8780
11112,LIVE,NEW_DATA,22.7269,93.3569,16.8780
11113,LIVE,NEW_DATA,22.7269,93.3569,16.8780
11114,LIVE,NEW_DATA,22.7269,93.3569,16.8780
11115,LIVE,NEW_DATA,22.7269,93.3569,16.8780
11116,LIVE,NEW_DATA,22.7269,93.3569,16.8780
11117,LIVE,NEW_DATA,22.7269,93.3569,16.8780
11118,LIVE,NEW_DATA,22.7269,93.3569,16.8780
11119,LIVE,NEW_DATA,22.7269,93.3569,16.8780
11120,LIVE,NEW_DATA,22.7269,93.3569,16.8780
11121,LIVE,NEW_DATA,22.7269,93.3569,16.8780
11122,LIVE,NEW_DATA,22.7269,93.3569,16.8780
11123,LIVE,NEW_DATA,22.7269,93.3569,16.8780
11124,LIVE,NEW_DATA,22.7269,93.3472,16.9287
11125,LIVE,NEW_DATA,22.7269,93.3472,16.9287
11126,LIVE,NEW_DATA,22.7269,93.3472,16.9287
11127,LIVE,NEW_DATA,22.7269,93.3472,16.9287
11128,LIVE,NEW_DATA,22.7269,93.3472,16.9287
11129,LIVE,NEW_DATA,22.7269,93.3472,16.9287
11130,LIVE,NEW_DATA,22.7269,93.3472,16.9287
11131,LIVE,NEW_DATA,22.7269,93.3472,16.9287
11132,LIVE,NEW_DATA,22.7269,93.3472,16.9287
11133,LIVE,NEW_DATA,22.7269,93.3472,16.9287
11134,LIVE,NEW_DATA,22.7269,93.3472,16.9287
11135,LIVE,NEW_DATA,22.7269,93.3472,16.9287
11136,LIVE,NEW_DATA,22.7269,93.3472,16.9287
11137,LIVE,NEW_DATA,22.7269,93.3472,16.9287
11138,LIVE,NEW_DATA,22.7269,93.3472,16.9287
11139,LIVE,NEW_DATA,22.7269,93.3472,16.9287
11140,LIVE,NEW_DATA,22.7269,93.3472,16.9287
11141,LIVE,NEW_DATA,22.7269,93.3472,16.9287
11142,LIVE,NEW_DATA,22.7269,93.3472,16.9287
11143,LIVE,NEW_DATA,22.7269,93.3472,16.9287
11144,LIVE,NEW_DATA,22.7269,93.3472,16.9287
11145,LIVE,NEW_DATA,22.7269,93.3472,16.9287
11146,LIVE,NEW_DATA,22.7269,93.3472,16.9287
11147,LIVE,NEW_DATA,22.7269,93.3472,16.9287
11148,LIVE,NEW_DATA,22.7269,93.3472,16.9287
11149,LIVE,NEW_DATA,22.7269,93.3155,16.9482
11150,LIVE,NEW_DATA,22.7269,93.3155,16.9482
11151,LIVE,NEW_DATA,22.7269,93.3155,16.9482
11152,LIVE,NEW_DATA,22.7269,93.3155,16.9482
11153,LIVE,NEW_DATA,22.7269,93.3155,16.9482
11154,LIVE,NEW_DATA,22.7269,93.3155,16.9482
11155,LIVE,NEW_DATA,22.7269,93.3155,16.9482
11156,LIVE,NEW_DATA,22.7269,93.3155,16.9482
11157,LIVE,NEW_DATA,22.7269,93.3155,16.9482
11158,LIVE,NEW_DATA,22.7269,93.3155,16.9482
11159,LIVE,NEW_DATA,22.7269,93.3155,16.9482
11160,LIVE,NEW_DATA,22.7269,93.3155,16.9482
11161,LIVE,NEW_DATA,22.7269,93.3155,16.9482
11162,LIVE,NEW_DATA,22.7269,93.3155,16.9482
11163,LIVE,NEW_DATA,22.7269,93.3155,16.9482
11164,LIVE,NEW_DATA,22.7269,93.3155,16.9482
11165,LIVE,NEW_DATA,22.7269,93.3155,16.9482
11166,LIVE,NEW_DATA,22.7269,93.3155,16.9482
11167,LIVE,NEW_DATA,22.7269,93.3155,16.9482
11168,LIVE,NEW_DATA,22.7269,93.3155,16.9482
11169,LIVE,NEW_DATA,22.7269,93.3155,16.9482
11170,LIVE,NEW_DATA,22.7269,93.3155,16.9482
11171,LIVE,NEW_DATA,22.7269,93.3155,16.9482
11172,LIVE,NEW_DATA,22.7269,93.3155,16.9482
11173,LIVE,NEW_DATA,22.7269,93.2107,16.9050
11174,LIVE,NEW_DATA,22.7269,93.2107,16.9050
11175,LIVE,NEW_DATA,22.7269,93.2107,16.9050
11176,LIVE,NEW_DATA,22.7269,93.2107,16.9050
11177,LIVE,NEW_DATA,22.7269,93.2107,16.9050
11178,LIVE,NEW_DATA,22.7269,93.2107,16.9050
11179,LIVE,NEW_DATA,22.7269,93.2107,16.9050
11180,LIVE,NEW_DATA,22.7269,93.2107,16.9050
11181,LIVE,NEW_DATA,22.7269,93.2107,16.9050
11182,LIVE,NEW_DATA,22.7269,93.2107,16.9050
11183,LIVE,NEW_DATA,22.7269,93.2107,16.9050
11184,LIVE,NEW_DATA,22.7269,93.2107,16.9050
11185,LIVE,NEW_DATA,22.7269,93.2107,16.9050
11186,LIVE,NEW_DATA,22.7269,93.2107,16.9050
11187,LIVE,NEW_DATA,22.7269,93.2107,16.9050
11188,LIVE,NEW_DATA,22.7269,93.2107,16.9050
11189,LIVE,NEW_DATA,22.7269,93.2107,16.9050
11190,LIVE,NEW_DATA,22.7269,93.2107,16.9050
11191,LIVE,NEW_DATA,22.7269,93.2107,16.9050
11192,LIVE,NEW_DATA,22.7269,93.2107,16.9050
11193,LIVE,NEW_DATA,22.7269,93.2107,16.9050
11194,LIVE,NEW_DATA,22.7269,93.2107,16.9050
11195,LIVE,NEW_DATA,22.7269,93.2107,16.9050
11196,LIVE,NEW_DATA,22.7269,93.2107,16.9050
11197,LIVE,NEW_DATA,22.7269,93.2107,16.9050
11198,LIVE,NEW_DATA,22.7269,93.2979,16.9958
11199,LIVE,NEW_DATA,22.7269,93.2979,16.9958
11200,LIVE,NEW_DATA,22.7269,93.2979,16.9958
11201,LIVE,NEW_DATA,22.7269,93.2979,16.9958
11202,LIVE,NEW_DATA,22.7269,93.2979,16.9958
11203,LIVE,NEW_DATA,22.7269,93.2979,16.9958
11204,LIVE,NEW_DATA,22.7269,93.2979,16.9958
11205,LIVE,NEW_DATA,22.7269,93.2979,16.9958
11206,LIVE,NEW_DATA,22.7269,93.2979,16.9958
11207,LIVE,NEW_DATA,22.7269,93.2979,16.9958
11208,LIVE,NEW_DATA,22.7269,93.2979,16.9958
11209,LIVE,NEW_DATA,22.7269,93.2979,16.9958
11210,LIVE,NEW_DATA,22.7269,93.2979,16.9958
11211,LIVE,NEW_DATA,22.7269,93.2979,16.9958
11212,LIVE,NEW_DATA,22.7269,93.2979,16.9958
11213,LIVE,NEW_DATA,22.7269,93.2979,16.9958
11214,LIVE,NEW_DATA,22.7269,93.2979,16.9958
11215,LIVE,NEW_DATA,22.7269,93.2979,16.9958
11216,LIVE,NEW_DATA,22.7269,93.2979,16.9958
11217,LIVE,NEW_DATA,22.7269,93.2979,16.9958
11218,LIVE,NEW_DATA,22.7269,93.2979,16.9958
11219,LIVE,NEW_DATA,22.7269,93.2979,16.9958
11220,LIVE,NEW_DATA,22.7269,93.2979,16.9958
11221,LIVE,NEW_DATA,22.7269,93.2979,16.9958
11222,LIVE,NEW_DATA,22.7269,93.3875,16.9457
11223,LIVE,NEW_DATA,22.7269,93.3875,16.9457
11224,LIVE,NEW_DATA,22.7269,93.3875,16.9457
11225,LIVE,NEW_DATA,22.7269,93.3875,16.9457
11226,LIVE,NEW_DATA,22.7269,93.3875,16.9457
11227,LIVE,NEW_DATA,22.7269,93.3875,16.9457
11228,LIVE,NEW_DATA,22.7269,93.3875,16.9457
11229,LIVE,NEW_DATA,22.7269,93.3875,16.9457
11230,LIVE,NEW_DATA,22.7269,93.3875,16.9457
11231,LIVE,NEW_DATA,22.7269,93.3875,16.9457
11232,LIVE,NEW_DATA,22.7269,93.3875,16.9457
11233,LIVE,NEW_DATA,22.7269,93.3875,16.9457
11234,LIVE,NEW_DATA,22.7269,93.3875,16.9457
11235,LIVE,NEW_DATA,22.7269,93.3875,16.9457
11236,LIVE,NEW_DATA,22.7269,93.3875,16.9457
11237,LIVE,NEW_DATA,22.7269,93.3875,16.9457
11238,LIVE,NEW_DATA,22.7269,93.3875,16.9457
11239,LIVE,NEW_DATA,22.7269,93.3875,16.9457
11240,LIVE,NEW_DATA,22.7269,93.3875,16.9457
11241,LIVE,NEW_DATA,22.7269,93.3875,16.9457
11242,LIVE,NEW_DATA,22.7269,93.3875,16.9457
11243,LIVE,NEW_DATA,22.7269,93.3875,16.9457
11244,LIVE,NEW_DATA,22.7269,93.3875,16.9457
11245,LIVE,NEW_DATA,22.7269,93.3875,16.9457
11246,LIVE,NEW_DATA,22.7269,93.3875,16.9457
11247,LIVE,NEW_DATA,22.7269,93.3336,16.9463
11248,LIVE,NEW_DATA,22.7269,93.3336,16.9463
11249,LIVE,NEW_DATA,22.7269,93.3336,16.9463
11250,LIVE,NEW_DATA,22.7269,93.3336,16.9463
11251,LIVE,NEW_DATA,22.7269,93.3336,16.9463
11252,LIVE,NEW_DATA,22.7269,93.3336,16.9463
11253,LIVE,NEW_DATA,22.7269,93.3336,16.9463
11254,LIVE,NEW_DATA,22.7269,93.3336,16.9463
11255,LIVE,NEW_DATA,22.7269,93.3336,16.9463
11256,LIVE,NEW_DATA,22.7269,93.3336,16.9463
11257,LIVE,NEW_DATA,22.7269,93.3336,16.9463
11258,LIVE,NEW_DATA,22.7269,93.3336,16.9463
11259,LIVE,NEW_DATA,22.7269,93.3336,16.9463
11260,LIVE,NEW_DATA,22.7269,93.3336,16.9463
11261,LIVE,NEW_DATA,22.7269,93.3336,16.9463
11262,LIVE,NEW_DATA,22.7269,93.3336,16.9463
11263,LIVE,NEW_DATA,22.7269,93.3336,16.9463
11264,LIVE,NEW_DATA,22.7269,93.3336,16.9463
11265,LIVE,NEW_DATA,22.7269,93.3336,16.9463
11266,LIVE,NEW_DATA,22.7269,93.3336,16.9463
11267,LIVE,NEW_DATA,22.7269,93.3336,16.9463
11268,LIVE,NEW_DATA,22.7269,93.3336,16.9463
11269,LIVE,NEW_DATA,22.7269,93.3336,16.9463
11270,LIVE,NEW_DATA,22.7269,93.3336,16.9463
11271,LIVE,NEW_DATA,22.7269,93.3574,16.8164
11272,LIVE,NEW_DATA,22.7269,93.3574,16.8164
11273,LIVE,NEW_DATA,22.7269,93.3574,16.8164
11274,LIVE,NEW_DATA,22.7269,93.3574,16.8164
11275,LIVE,NEW_DATA,22.7269,93.3574,16.8164
11276,LIVE,NEW_DATA,22.7269,93.3574,16.8164
11277,LIVE,NEW_DATA,22.7269,93.3574,16.8164
11278,LIVE,NEW_DATA,22.7269,93.3574,16.8164
11279,LIVE,NEW_DATA,22.7269,93.3574,16.8164
11280,LIVE,NEW_DATA,22.7269,93.3574,16.8164
11281,LIVE,NEW_DATA,22.7269,93.3574,16.8164
11282,LIVE,NEW_DATA,22.7269,93.3574,16.8164
11283,LIVE,NEW_DATA,22.7269,93.3574,16.8164
11284,LIVE,NEW_DATA,22.7269,93.3574,16.8164
11285,LIVE,NEW_DATA,22.7269,93.3574,16.8164
11286,LIVE,NEW_DATA,22.7269,93.3574,16.8164
11287,LIVE,NEW_DATA,22.7269,93.3574,16.8164
11288,LIVE,NEW_DATA,22.7269,93.3574,16.8164
11289,LIVE,NEW_DATA,22.7269,93.3574,16.8164
11290,LIVE,NEW_DATA,22.7269,93.3574,16.8164
11291,LIVE,NEW_DATA,22.7269,93.3574,16.8164
11292,LIVE,NEW_DATA,22.7269,93.3574,16.8164
11293,LIVE,NEW_DATA,22.7269,93.3574,16.8164
11294,LIVE,NEW_DATA,22.7269,93.3574,16.8164
11295,LIVE,NEW_DATA,22.7269,93.3757,16.8164
11296,LIVE,NEW_DATA,22.7269,93.3757,16.8164
11297,LIVE,NEW_DATA,22.7269,93.3757,16.8164
11298,LIVE,NEW_DATA,22.7269,93.3757,16.8164
11299,LIVE,NEW_DATA,22.7269,93.3757,16.8164
11300,LIVE,NEW_DATA,22.7269,93.3757,16.8164
11301,LIVE,NEW_DATA,22.7269,93.3757,16.8164
11302,LIVE,NEW_DATA,22.7269,93.3757,16.8164
11303,LIVE,NEW_DATA,22.7269,93.3757,16.8164
11304,LIVE,NEW_DATA,22.7269,93.3757,16.8164
11305,LIVE,NEW_DATA,22.7269,93.3757,16.8164
11306,LIVE,NEW_DATA,22.7269,93.3757,16.8164
11307,LIVE,NEW_DATA,22.7269,93.3757,16.8164
11308,LIVE,NEW_DATA,22.7269,93.3757,16.8164
11309,LIVE,NEW_DATA,22.7269,93.3757,16.8164
11310,LIVE,NEW_DATA,22.7269,93.3757,16.8164
11311,LIVE,NEW_DATA,22.7269,93.3757,16.8164
11312,LIVE,NEW_DATA,22.7269,93.3757,16.8164
11313,LIVE,NEW_DATA,22.7269,93.3757,16.8164
11314,LIVE,NEW_DATA,22.7269,93.3757,16.8164
11315,LIVE,NEW_DATA,22.7269,93.3757,16.8164
11316,LIVE,NEW_DATA,22.7269,93.3757,16.8164
11317,LIVE,NEW_DATA,22.7269,93.3757,16.8164
11318,LIVE,NEW_DATA,22.7269,93.3757,16.8164
11319,LIVE,NEW_DATA,22.7269,93.3757,16.8164
11320,LIVE,NEW_DATA,22.7269,93.3771,16.8698
11321,LIVE,NEW_DATA,22.7269,93.3771,16.8698
11322,LIVE,NEW_DATA,22.7269,93.3771,16.8698
11323,LIVE,NEW_DATA,22.7269,93.3771,16.8698
11324,LIVE,NEW_DATA,22.7269,93.3771,16.8698
11325,LIVE,NEW_DATA,22.7269,93.3771,16.8698
11326,LIVE,NEW_DATA,22.7269,93.3771,16.8698
11327,LIVE,NEW_DATA,22.7269,93.3771,16.8698
11328,LIVE,NEW_DATA,22.7269,93.3771,16.8698
11329,LIVE,NEW_DATA,22.7269,93.3771,16.8698
11330,LIVE,NEW_DATA,22.7269,93.3771,16.8698
11331,LIVE,NEW_DATA,22.7269,93.3771,16.8698
11332,LIVE,NEW_DATA,22.7269,93.3771,16.8698
11333,LIVE,NEW_DATA,22.7269,93.3771,16.8698
11334,LIVE,NEW_DATA,22.7269,93.3771,16.8698
11335,LIVE,NEW_DATA,22.7269,93.3771,16.8698
11336,LIVE,NEW_DATA,22.7269,93.3771,16.8698
11337,LIVE,NEW_DATA,22.7269,93.3771,16.8698
11338,LIVE,NEW_DATA,22.7269,93.3771,16.8698
11339,LIVE,NEW_DATA,22.7269,93.3771,16.8698
11340,LIVE,NEW_DATA,22.7269,93.3771,16.8698
11341,LIVE,NEW_DATA,22.7269,93.3771,16.8698
11342,LIVE,NEW_DATA,22.7269,93.3771,16.8698
11343,LIVE,NEW_DATA,22.7269,93.3771,16.8698
11344,LIVE,NEW_DATA,22.7269,93.2512,17.1512
11345,LIVE,NEW_DATA,22.7269,93.2512,17.1512
11346,LIVE,NEW_DATA,22.7269,93.2512,17.1512
11347,LIVE,NEW_DATA,22.7269,93.2512,17.1512
11348,LIVE,NEW_DATA,22.7269,93.2512,17.1512
11349,LIVE,NEW_DATA,22.7269,93.2512,17.1512
11350,LIVE,NEW_DATA,22.7269,93.2512,17.1512
11351,LIVE,NEW_DATA,22.7269,93.2512,17.1512
11352,LIVE,NEW_DATA,22.7269,93.2512,17.1512
11353,LIVE,NEW_DATA,22.7269,93.2512,17.1512
11354,LIVE,NEW_DATA,22.7269,93.2512,17.1512
11355,LIVE,NEW_DATA,22.7269,93.2512,17.1512
11356,LIVE,NEW_DATA,22.7269,93.2512,17.1512
11357,LIVE,NEW_DATA,22.7269,93.2512,17.1512
11358,LIVE,NEW_DATA,22.7269,93.2512,17.1512
11359,LIVE,NEW_DATA,22.7269,93.2512,17.1512
11360,LIVE,NEW_DATA,22.7269,93.2512,17.1512
11361,LIVE,NEW_DATA,22.7269,93.2512,17.1512
11362,LIVE,NEW_DATA,22.7269,93.2512,17.1512
11363,LIVE,NEW_DATA,22.7269,93.2512,17.1512
11364,LIVE,NEW_DATA,22.7269,93.2512,17.1512
11365,LIVE,NEW_DATA,22.7269,93.2512,17.1512
11366,LIVE,NEW_DATA,22.7269,93.2512,17.1512
11367,LIVE,NEW_DATA,22.7269,93.2512,17.1512
11368,LIVE,NEW_DATA,22.7269,93.1639,17.1153
11369,LIVE,NEW_DATA,22.7269,93.1639,17.1153
11370,LIVE,NEW_DATA,22.7269,93.1639,17.1153
11371,LIVE,NEW_DATA,22.7269,93.1639,17.1153
11372,LIVE,NEW_DATA,22.7269,93.1639,17.1153
11373,LIVE,NEW_DATA,22.7269,93.1639,17.1153
11374,LIVE,NEW_DATA,22.7269,93.1639,17.1153
11375,LIVE,NEW_DATA,22.7269,93.1639,17.1153
11376,LIVE,NEW_DATA,22.7269,93.1639,17.1153
11377,LIVE,NEW_DATA,22.7269,93.1639,17.1153
11378,LIVE,NEW_DATA,22.7269,93.1639,17.1153
11379,LIVE,NEW_DATA,22.7269,93.1639,17.1153
11380,LIVE,NEW_DATA,22.7269,93.1639,17.1153
11381,LIVE,NEW_DATA,22.7269,93.1639,17.1153
11382,LIVE,NEW_DATA,22.7269,93.1639,17.1153
11383,LIVE,NEW_DATA,22.7269,93.1639,17.1153
11384,LIVE,NEW_DATA,22.7269,93.1639,17.1153
11385,LIVE,NEW_DATA,22.7269,93.1639,17.1153
11386,LIVE,NEW_DATA,22.7269,93.1639,17.1153
11387,LIVE,NEW_DATA,22.7269,93.1639,17.1153
11388,LIVE,NEW_DATA,22.7269,93.1639,17.1153
11389,LIVE,NEW_DATA,22.7269,93.1639,17.1153
11390,LIVE,NEW_DATA,22.7269,93.1639,17.1153
11391,LIVE,NEW_DATA,22.7269,93.1639,17.1153
11392,LIVE,NEW_DATA,22.7269,93.1639,17.1153
11393,LIVE,NEW_DATA,22.7269,93.1828,17.2088
11394,LIVE,NEW_DATA,22.7269,93.1828,17.2088
11395,LIVE,NEW_DATA,22.7269,93.1828,17.2088
11396,LIVE,NEW_DATA,22.7269,93.1828,17.2088
11397,LIVE,NEW_DATA,22.7269,93.1828,17.2088
11398,LIVE,NEW_DATA,22.7269,93.1828,17.2088
11399,LIVE,NEW_DATA,22.7269,93.1828,17.2088
11400,LIVE,NEW_DATA,22.7269,93.1828,17.2088
11401,LIVE,NEW_DATA,22.7269,93.1828,17.2088
11402,LIVE,NEW_DATA,22.7269,93.1828,17.2088
11403,LIVE,NEW_DATA,22.7269,93.1828,17.2088
11404,LIVE,NEW_DATA,22.7269,93.1828,17.2088
11405,LIVE,NEW_DATA,22.7269,93.1828,17.2088
11406,LIVE,NEW_DATA,22.7269,93.1828,17.2088
11407,LIVE,NEW_DATA,22.7269,93.1828,17.2088
11408,LIVE,NEW_DATA,22.7269,93.1828,17.2088
11409,LIVE,NEW_DATA,22.7269,93.1828,17.2088
11410,LIVE,NEW_DATA,22.7269,93.1828,17.2088
11411,LIVE,NEW_DATA,22.7269,93.1828,17.2088
11412,LIVE,NEW_DATA,22.7269,93.1828,17.2088
11413,LIVE,NEW_DATA,22.7269,93.1828,17.2088
11414,LIVE,NEW_DATA,22.7245,93.1828,17.2088
11415,LIVE,NEW_DATA,22.7203,93.1828,17.2088
11416,LIVE,NEW_DATA,22.7190,93.1828,17.2088
11417,LIVE,NEW_DATA,22.7162,93.0070,17.1302
11418,LIVE,NEW_DATA,22.7120,93.0070,17.1302
11419,LIVE,NEW_DATA,22.7269,93.0070,17.1302
11420,LIVE,NEW_DATA,22.7051,93.0070,17.1302
11421,LIVE,NEW_DATA,22.6995,93.0070,17.1302
11422,LIVE,NEW_DATA,22.6981,93.0070,17.1302
11423,LIVE,NEW_DATA,22.7023,93.0070,17.1302
11424,LIVE,NEW_DATA,22.6954,93.0070,17.1302
11425,LIVE,NEW_DATA,22.6981,93.0070,17.1302
11426,LIVE,NEW_DATA,22.6940,93.0070,17.1302
11427,LIVE,NEW_DATA,22.6995,93.0070,17.1302
11428,LIVE,NEW_DATA,22.6968,93.0070,17.1302
11429,LIVE,NEW_DATA,22.6968,93.0070,17.1302
11430,LIVE,NEW_DATA,22.6954,93.0070,17.1302
11431,LIVE,NEW_DATA,22.6954,93.0070,17.1302
11432,LIVE,NEW_DATA,22.6912,93.0070,17.1302
11433,LIVE,NEW_DATA,22.6857,93.0070,17.1302
11434,LIVE,NEW_DATA,22.6857,93.0070,17.1302
11435,LIVE,NEW_DATA,22.6843,93.0070,17.1302
11436,LIVE,NEW_DATA,22.6801,93.0070,17.1302
11437,LIVE,NEW_DATA,22.6829,93.0070,17.1302
11438,LIVE,NEW_DATA,22.6787,93.0070,17.1302
11439,LIVE,NEW_DATA,22.6787,93.0070,17.1302
11440,LIVE,NEW_DATA,22.6773,93.0070,17.1302
11441,LIVE,NEW_DATA,22.6773,92.8922,17.2749
11442,LIVE,NEW_DATA,22.6704,92.8922,17.2749
11443,LIVE,NEW_DATA,22.6690,92.8922,17.2749
11444,LIVE,NEW_DATA,22.6704,92.8922,17.2749
11445,LIVE,NEW_DATA,22.6676,92.8922,17.2749
11446,LIVE,NEW_DATA,22.6718,92.8922,17.2749
11447,LIVE,NEW_DATA,22.6718,92.8922,17.2749
11448,LIVE,NEW_DATA,22.6662,92.8922,17.2749
11449,LIVE,NEW_DATA,22.6607,92.8922,17.2749
11450,LIVE,NEW_DATA,22.6551,92.8922,17.2749
11451,LIVE,NEW_DATA,22.6621,92.8922,17.2749
11452,LIVE,NEW_DATA,22.6690,92.8922,17.2749
11453,LIVE,NEW_DATA,22.6496,92.8922,17.2749
11454,LIVE,NEW_DATA,22.6468,92.8922,17.2749
11455,LIVE,NEW_DATA,22.6468,92.8922,17.2749
11456,LIVE,NEW_DATA,22.6454,92.8922,17.2749
11457,LIVE,NEW_DATA,22.6385,92.8922,17.2749
11458,LIVE,NEW_DATA,22.6409,92.8922,17.2749
11459,LIVE,NEW_DATA,22.6385,92.8922,17.2749
11460,LIVE,NEW_DATA,22.6357,92.8922,17.2749
11461,LIVE,NEW_DATA,22.6329,92.8922,17.2749
11462,LIVE,NEW_DATA,22.6357,92.8922,17.2749
11463,LIVE,NEW_DATA,22.6329,92.8922,17.2749
11464,LIVE,NEW_DATA,22.6288,92.8922,17.2749
11465,LIVE,NEW_DATA,22.6302,92.8403,17.3202
11466,LIVE,NEW_DATA,22.6274,92.8403,17.3202
11467,LIVE,NEW_DATA,22.6246,92.8403,17.3202
11468,LIVE,NEW_DATA,22.6232,92.8403,17.3202
11469,LIVE,NEW_DATA,22.6218,92.8403,17.3202
11470,LIVE,NEW_DATA,22.6218,92.8403,17.3202
11471,LIVE,NEW_DATA,22.6121,92.8403,17.3202
11472,LIVE,NEW_DATA,22.6080,92.8403,17.3202
11473,LIVE,NEW_DATA,22.6080,92.8403,17.3202
11474,LIVE,NEW_DATA,22.6010,92.8403,17.3202
11475,LIVE,NEW_DATA,22.5941,92.8403,17.3202
11476,LIVE,NEW_DATA,22.5899,92.8403,17.3202
11477,LIVE,NEW_DATA,22.5913,92.8403,17.3202
11478,LIVE,NEW_DATA,22.5858,92.8403,17.3202
11479,LIVE,NEW_DATA,22.5844,92.8403,17.3202
11480,LIVE,NEW_DATA,22.5747,92.8403,17.3202
11481,LIVE,NEW_DATA,22.5705,92.8403,17.3202
11482,LIVE,NEW_DATA,22.5636,92.8403,17.3202
11483,LIVE,NEW_DATA,22.5567,92.8403,17.3202
11484,LIVE,NEW_DATA,22.5622,92.8403,17.3202
11485,LIVE,NEW_DATA,22.5580,92.8403,17.3202
11486,LIVE,NEW_DATA,22.5358,92.8403,17.3202
11487,LIVE,NEW_DATA,22.5372,92.8403,17.3202
11488,LIVE,NEW_DATA,22.5303,92.8403,17.3202
11489,LIVE,NEW_DATA,22.5275,92.8403,17.3202
11490,LIVE,NEW_DATA,22.5220,92.7969,17.4161
11491,LIVE,NEW_DATA,22.5206,92.7969,17.4161
11492,LIVE,NEW_DATA,22.5150,92.7969,17.4161
11493,LIVE,NEW_DATA,22.5178,92.7969,17.4161
11494,LIVE,NEW_DATA,22.5109,92.7969,17.4161
11495,LIVE,NEW_DATA,22.5136,92.7969,17.4161
11496,LIVE,NEW_DATA,22.5053,92.7969,17.4161
11497,LIVE,NEW_DATA,22.5095,92.7969,17.4161
11498,LIVE,NEW_DATA,22.5026,92.7969,17.4161
11499,LIVE,NEW_DATA,22.5026,92.7969,17.4161
11500,LIVE,NEW_DATA,22.4970,92.7969,17.4161
11501,LIVE,NEW_DATA,22.4998,92.7969,17.4161
11502,LIVE,NEW_DATA,22.4970,92.7969,17.4161
11503,LIVE,NEW_DATA,22.4928,92.7969,17.4161
11504,LIVE,NEW_DATA,22.4887,92.7969,17.4161
11505,LIVE,NEW_DATA,22.4859,92.7969,17.4161
11506,LIVE,NEW_DATA,22.4817,92.7969,17.4161
11507,LIVE,NEW_DATA,22.4720,92.7969,17.4161
11508,LIVE,NEW_DATA,22.4693,92.7969,17.4161
11509,LIVE,NEW_DATA,22.4637,92.7969,17.4161
11510,LIVE,NEW_DATA,22.4623,92.7969,17.4161
11511,LIVE,NEW_DATA,22.4526,92.7969,17.4161
11512,LIVE,NEW_DATA,22.4471,92.7969,17.4161
11513,LIVE,NEW_DATA,22.4429,92.7969,17.4161
11514,LIVE,NEW_DATA,22.4401,92.7969,17.4161
11515,LIVE,NEW_DATA,22.4387,92.7872,17.5230
11516,LIVE,NEW_DATA,22.4485,92.7872,17.5230
11517,LIVE,NEW_DATA,22.4332,92.7872,17.5230
11518,LIVE,NEW_DATA,22.4235,92.7872,17.5230
11519,LIVE,NEW_DATA,22.4165,92.7872,17.5230
11520,LIVE,NEW_DATA,22.4165,92.7872,17.5230
11521,LIVE,NEW_DATA,22.4165,92.7872,17.5230
11522,LIVE,NEW_DATA,22.4138,92.7872,17.5230
11523,LIVE,NEW_DATA,22.4165,92.7872,17.5230
11524,LIVE,NEW_DATA,22.4124,92.7872,17.5230
11525,LIVE,NEW_DATA,22.4082,92.7872,17.5230
11526,LIVE,NEW_DATA,22.4124,92.7872,17.5230
11527,LIVE,NEW_DATA,22.4068,92.7872,17.5230
11528,LIVE,NEW_DATA,22.4041,92.7872,17.5230
11529,LIVE,NEW_DATA,22.3944,92.7872,17.5230
11530,LIVE,NEW_DATA,22.3944,92.7872,17.5230
11531,LIVE,NEW_DATA,22.3999,92.7872,17.5230
11532,LIVE,NEW_DATA,22.3944,92.7872,17.5230
11533,LIVE,NEW_DATA,22.3916,92.7872,17.5230
11534,LIVE,NEW_DATA,22.3916,92.7872,17.5230
11535,LIVE,NEW_DATA,22.3874,92.7872,17.5230
11536,LIVE,NEW_DATA,22.3874,92.7872,17.5230
11537,LIVE,NEW_DATA,22.3833,92.7872,17.5230
11538,LIVE,NEW_DATA,22.3846,92.7872,17.5230
11539,LIVE,NEW_DATA,22.3833,92.8610,17.4580
11540,LIVE,NEW_DATA,22.3874,92.8610,17.4580
11541,LIVE,NEW_DATA,22.3833,92.8610,17.4580
11542,LIVE,NEW_DATA,22.3742,92.8610,17.4580
11543,LIVE,NEW_DATA,22.3708,92.8610,17.4580
11544,LIVE,NEW_DATA,22.3735,92.8610,17.4580
11545,LIVE,NEW_DATA,22.3666,92.8610,17.4580
11546,LIVE,NEW_DATA,22.3722,92.8610,17.4580
11547,LIVE,NEW_DATA,22.3791,92.8610,17.4580
11548,LIVE,NEW_DATA,22.3652,92.8610,17.4580
11549,LIVE,NEW_DATA,22.3611,92.8610,17.4580
11550,LIVE,NEW_DATA,22.3611,92.8610,17.4580
11551,LIVE,NEW_DATA,22.3611,92.8610,17.4580
11552,LIVE,NEW_DATA,22.3611,92.8610,17.4580
11553,LIVE,NEW_DATA,22.3611,92.8610,17.4580
11554,LIVE,NEW_DATA,22.3611,92.8610,17.4580
11555,LIVE,NEW_DATA,22.3659,92.8610,17.4580
11556,LIVE,NEW_DATA,22.3680,92.8610,17.4580
11557,LIVE,NEW_DATA,22.3638,92.8610,17.4580
11558,LIVE,NEW_DATA,22.3666,92.8610,17.4580
11559,LIVE,NEW_DATA,22.3694,92.8610,17.4580
11560,LIVE,NEW_DATA,22.3652,92.8610,17.4580
11561,LIVE,NEW_DATA,22.3611,92.8610,17.4580
11562,LIVE,NEW_DATA,22.3611,92.8610,17.4580
11563,LIVE,NEW_DATA,22.3611,92.8933,17.4495
11564,LIVE,NEW_DATA,22.3638,92.8933,17.4495
11565,LIVE,NEW_DATA,22.3624,92.8933,17.4495
11566,LIVE,NEW_DATA,22.3624,92.8933,17.4495
11567,LIVE,NEW_DATA,22.3652,92.8933,17.4495
11568,LIVE,NEW_DATA,22.3597,92.8933,17.4495
11569,LIVE,NEW_DATA,22.3611,92.8933,17.4495
11570,LIVE,NEW_DATA,22.3597,92.8933,17.4495
11571,LIVE,NEW_DATA,22.3583,92.8933,17.4495
11572,LIVE,NEW_DATA,22.3500,92.8933,17.4495
11573,LIVE,NEW_DATA,22.3416,92.8933,17.4495
11574,LIVE,NEW_DATA,22.3430,92.8933,17.4495
11575,LIVE,NEW_DATA,22.3500,92.8933,17.4495
11576,LIVE,NEW_DATA,22.3569,92.8933,17.4495
11577,LIVE,NEW_DATA,22.3569,92.8933,17.4495
11578,LIVE,NEW_DATA,22.3666,92.8933,17.4495
11579,LIVE,NEW_DATA,22.3486,92.8933,17.4495
11580,LIVE,NEW_DATA,22.3444,92.8933,17.4495
11581,LIVE,NEW_DATA,22.3458,92.8933,17.4495
11582,LIVE,NEW_DATA,22.3416,92.8933,17.4495
11583,LIVE,NEW_DATA,22.3416,92.8933,17.4495
11584,LIVE,NEW_DATA,22.3416,92.8933,17.4495
11585,LIVE,NEW_DATA,22.3375,92.8933,17.4495
11586,LIVE,NEW_DATA,22.3389,92.8933,17.4495
11587,LIVE,NEW_DATA,22.3333,92.9780,17.4646
11588,LIVE,NEW_DATA,22.3361,92.9780,17.4646
11589,LIVE,NEW_DATA,22.3361,92.9780,17.4646
11590,LIVE,NEW_DATA,22.3361,92.9780,17.4646
11591,LIVE,NEW_DATA,22.3292,92.9780,17.4646
11592,LIVE,NEW_DATA,22.3292,92.9780,17.4646
11593,LIVE,NEW_DATA,22.3250,92.9780,17.4646
11594,LIVE,NEW_DATA,22.3194,92.9780,17.4646
11595,LIVE,NEW_DATA,22.3194,92.9780,17.4646
11596,LIVE,NEW_DATA,22.3181,92.9780,17.4646
11597,LIVE,NEW_DATA,22.3208,92.9780,17.4646
11598,LIVE,NEW_DATA,22.3153,92.9780,17.4646
11599,LIVE,NEW_DATA,22.3208,92.9780,17.4646
11600,LIVE,NEW_DATA,22.3111,92.9780,17.4646
11601,LIVE,NEW_DATA,22.3111,92.9780,17.4646
11602,LIVE,NEW_DATA,22.3139,92.9780,17.4646
11603,LIVE,NEW_DATA,22.3167,92.9780,17.4646
11604,LIVE,NEW_DATA,22.3167,92.9780,17.4646
11605,LIVE,NEW_DATA,22.3056,92.9780,17.4646
11606,LIVE,NEW_DATA,22.3070,92.9780,17.4646
11607,LIVE,NEW_DATA,22.3028,92.9780,17.4646
11608,LIVE,NEW_DATA,22.3070,92.9780,17.4646
11609,LIVE,NEW_DATA,22.3167,92.9780,17.4646
11610,LIVE,NEW_DATA,22.3056,92.9780,17.4646
11611,LIVE,NEW_DATA,22.2986,92.9780,17.4646
11612,LIVE,NEW_DATA,22.3000,93.0208,17.5411
11613,LIVE,NEW_DATA,22.2973,93.0208,17.5411
11614,LIVE,NEW_DATA,22.3028,93.0208,17.5411
11615,LIVE,NEW_DATA,22.2959,93.0208,17.5411
11616,LIVE,NEW_DATA,22.3000,93.0208,17.5411
11617,LIVE,NEW_DATA,22.3028,93.0208,17.5411
11618,LIVE,NEW_DATA,22.2973,93.0208,17.5411
11619,LIVE,NEW_DATA,22.3000,93.0208,17.5411
11620,LIVE,NEW_DATA,22.2945,93.0208,17.5411
11621,LIVE,NEW_DATA,22.2945,93.0208,17.5411
11622,LIVE,NEW_DATA,22.2917,93.0208,17.5411
11623,LIVE,NEW_DATA,22.2931,93.0208,17.5411
11624,LIVE,NEW_DATA,22.2931,93.0208,17.5411
11625,LIVE,NEW_DATA,22.2862,93.0208,17.5411
11626,LIVE,NEW_DATA,22.2889,93.0208,17.5411
11627,LIVE,NEW_DATA,22.2834,93.0208,17.5411
11628,LIVE,NEW_DATA,22.2834,93.0208,17.5411
11629,LIVE,NEW_DATA,22.2778,93.0208,17.5411
11630,LIVE,NEW_DATA,22.2764,93.0208,17.5411
11631,LIVE,NEW_DATA,22.2764,93.0208,17.5411
11632,LIVE,NEW_DATA,22.2723,93.0208,17.5411
11633,LIVE,NEW_DATA,22.2626,93.0208,17.5411
11634,LIVE,NEW_DATA,22.2626,93.0208,17.5411
11635,LIVE,NEW_DATA,22.2612,93.0208,17.5411
11636,LIVE,NEW_DATA,22.2626,92.9600,18.1268
11637,LIVE,NEW_DATA,22.2612,92.9600,18.1268
11638,LIVE,NEW_DATA,22.2584,92.9600,18.1268
11639,LIVE,NEW_DATA,22.2570,92.9600,18.1268
11640,LIVE,NEW_DATA,22.2570,92.9600,18.1268
11641,LIVE,NEW_DATA,22.2542,92.9600,18.1268
11642,LIVE,NEW_DATA,22.2612,92.9600,18.1268
11643,LIVE,NEW_DATA,22.2667,92.9600,18.1268
11644,LIVE,NEW_DATA,22.2487,92.9600,18.1268
11645,LIVE,NEW_DATA,22.2556,92.9600,18.1268
11646,LIVE,NEW_DATA,22.2584,92.9600,18.1268
11647,LIVE,NEW_DATA,22.2473,92.9600,18.1268
11648,LIVE,NEW_DATA,22.2529,92.9600,18.1268
11649,LIVE,NEW_DATA,22.2515,92.9600,18.1268
11650,LIVE,NEW_DATA,22.2542,92.9600,18.1268
11651,LIVE,NEW_DATA,22.2445,92.9600,18.1268
11652,LIVE,NEW_DATA,22.2445,92.9600,18.1268
11653,LIVE,NEW_DATA,22.2459,92.9600,18.1268
11654,LIVE,NEW_DATA,22.2501,92.9600,18.1268
11655,LIVE,NEW_DATA,22.2432,92.9600,18.1268
11656,LIVE,NEW_DATA,22.2432,92.9600,18.1268
11657,LIVE,NEW_DATA,22.2362,92.9600,18.1268
11658,LIVE,NEW_DATA,22.2362,92.9600,18.1268
11659,LIVE,NEW_DATA,22.2376,92.9600,18.1268
11660,LIVE,NEW_DATA,22.2376,92.9600,18.1268
11661,LIVE,NEW_DATA,22.2307,92.7656,18.3003
11662,LIVE,NEW_DATA,22.2348,92.7656,18.3003
11663,LIVE,NEW_DATA,22.2307,92.7656,18.3003
11664,LIVE,NEW_DATA,22.2279,92.7656,18.3003
11665,LIVE,NEW_DATA,22.2265,92.7656,18.3003
11666,LIVE,NEW_DATA,22.2307,92.7656,18.3003
11667,LIVE,NEW_DATA,22.2265,92.7656,18.3003
11668,LIVE,NEW_DATA,22.2168,92.7656,18.3003
11669,LIVE,NEW_DATA,22.2265,92.7656,18.3003
11670,LIVE,NEW_DATA,22.2223,92.7656,18.3003
11671,LIVE,NEW_DATA,22.2237,92.7656,18.3003
11672,LIVE,NEW_DATA,22.2237,92.7656,18.3003
11673,LIVE,NEW_DATA,22.2279,92.7656,18.3003
11674,LIVE,NEW_DATA,22.2168,92.7656,18.3003
11675,LIVE,NEW_DATA,22.2182,92.7656,18.3003
11676,LIVE,NEW_DATA,22.2140,92.7656,18.3003
11677,LIVE,NEW_DATA,22.2223,92.7656,18.3003
11678,LIVE,NEW_DATA,22.2196,92.7656,18.3003
11679,LIVE,NEW_DATA,22.2057,92.7656,18.3003
11680,LIVE,NEW_DATA,22.2099,92.7656,18.3003
11681,LIVE,NEW_DATA,22.2112,92.7656,18.3003
11682,LIVE,NEW_DATA,22.2140,92.7656,18.3003
11683,LIVE,NEW_DATA,22.2182,92.7656,18.3003
11684,LIVE,NEW_DATA,22.2154,92.7656,18.3003
11685,LIVE,NEW_DATA,22.2085,92.8160,18.3336
11686,LIVE,NEW_DATA,22.2057,92.8160,18.3336
11687,LIVE,NEW_DATA,22.2085,92.8160,18.3336
11688,LIVE,NEW_DATA,22.2057,92.8160,18.3336
11689,LIVE,NEW_DATA,22.2029,92.8160,18.3336
11690,LIVE,NEW_DATA,22.2043,92.8160,18.3336
11691,LIVE,NEW_DATA,22.2002,92.8160,18.3336
11692,LIVE,NEW_DATA,22.1960,92.8160,18.3336
11693,LIVE,NEW_DATA,22.1974,92.8160,18.3336
11694,LIVE,NEW_DATA,22.1967,92.8160,18.3336
11695,LIVE,NEW_DATA,22.1918,92.8160,18.3336
11696,LIVE,NEW_DATA,22.1967,92.8160,18.3336
11697,LIVE,NEW_DATA,22.1891,92.8160,18.3336
11698,LIVE,NEW_DATA,22.1918,92.8160,18.3336
11699,LIVE,NEW_DATA,22.1738,92.8160,18.3336
11700,LIVE,NEW_DATA,22.1710,92.8160,18.3336
11701,LIVE,NEW_DATA,22.1669,92.8160,18.3336
11702,LIVE,NEW_DATA,22.1571,92.8160,18.3336
11703,LIVE,NEW_DATA,22.1474,92.8160,18.3336
11704,LIVE,NEW_DATA,22.1516,92.8160,18.3336
11705,LIVE,NEW_DATA,22.1447,92.8160,18.3336
11706,LIVE,NEW_DATA,22.1405,92.8160,18.3336
11707,LIVE,NEW_DATA,22.1363,92.8160,18.3336
11708,LIVE,NEW_DATA,22.1377,92.8160,18.3336
11709,LIVE,NEW_DATA,22.1322,92.7254,18.4785
11710,LIVE,NEW_DATA,22.1280,92.7254,18.4785
11711,LIVE,NEW_DATA,22.1433,92.7254,18.4785
11712,LIVE,NEW_DATA,22.1252,92.7254,18.4785
11713,LIVE,NEW_DATA,22.1252,92.7254,18.4785
11714,LIVE,NEW_DATA,22.1225,92.7254,18.4785
11715,LIVE,NEW_DATA,22.1225,92.7254,18.4785
11716,LIVE,NEW_DATA,22.1252,92.7254,18.4785
11717,LIVE,NEW_DATA,22.1252,92.7254,18.4785
11718,LIVE,NEW_DATA,22.1211,92.7254,18.4785
11719,LIVE,NEW_DATA,22.1252,92.7254,18.4785
11720,LIVE,NEW_DATA,22.1363,92.7254,18.4785
11721,LIVE,NEW_DATA,22.1294,92.7254,18.4785
11722,LIVE,NEW_DATA,22.1363,92.7254,18.4785
11723,LIVE,NEW_DATA,22.1363,92.7254,18.4785
11724,LIVE,NEW_DATA,22.1391,92.7254,18.4785
11725,LIVE,NEW_DATA,22.1336,92.7254,18.4785
11726,LIVE,NEW_DATA,22.1350,92.7254,18.4785
11727,LIVE,NEW_DATA,22.1363,92.7254,18.4785
11728,LIVE,NEW_DATA,22.1363,92.7254,18.4785
11729,LIVE,NEW_DATA,22.1350,92.7254,18.4785
11730,LIVE,NEW_DATA,22.1308,92.7254,18.4785
11731,LIVE,NEW_DATA,22.1391,92.7254,18.4785
11732,LIVE,NEW_DATA,22.1322,92.7254,18.4785
11733,LIVE,NEW_DATA,22.1363,92.7254,18.4785
11734,LIVE,NEW_DATA,22.1363,92.5218,18.5934
11735,LIVE,NEW_DATA,22.1280,92.5218,18.5934
11736,LIVE,NEW_DATA,22.1391,92.5218,18.5934
11737,LIVE,NEW_DATA,22.1336,92.5218,18.5934
11738,LIVE,NEW_DATA,22.1336,92.5218,18.5934
11739,LIVE,NEW_DATA,22.1391,92.5218,18.5934
11740,LIVE,NEW_DATA,22.1391,92.5218,18.5934
11741,LIVE,NEW_DATA,22.1377,92.5218,18.5934
11742,LIVE,NEW_DATA,22.1336,92.5218,18.5934
11743,LIVE,NEW_DATA,22.1377,92.5218,18.5934
11744,LIVE,NEW_DATA,22.1391,92.5218,18.5934
11745,LIVE,NEW_DATA,22.1363,92.5218,18.5934
11746,LIVE,NEW_DATA,22.1474,92.5218,18.5934
11747,LIVE,NEW_DATA,22.1391,92.5218,18.5934
11748,LIVE,NEW_DATA,22.1294,92.5218,18.5934
11749,LIVE,NEW_DATA,22.1363,92.5218,18.5934
11750,LIVE,NEW_DATA,22.1363,92.5218,18.5934
11751,LIVE,NEW_DATA,22.1363,92.5218,18.5934
11752,LIVE,NEW_DATA,22.1350,92.5218,18.5934
11753,LIVE,NEW_DATA,22.1308,92.5218,18.5934
11754,LIVE,NEW_DATA,22.1336,92.5218,18.5934
11755,LIVE,NEW_DATA,22.1363,92.5218,18.5934
11756,LIVE,NEW_DATA,22.1336,92.5218,18.5934
11757,LIVE,NEW_DATA,22.1350,92.5218,18.5934
11758,LIVE,NEW_DATA,22.1391,92.5218,18.6818
11759,LIVE,NEW_DATA,22.1350,92.5218,18.6818
11760,LIVE,NEW_DATA,22.1308,92.5218,18.6818
11761,LIVE,NEW_DATA,22.1308,92.5218,18.6818
11762,LIVE,NEW_DATA,22.1308,92.5218,18.6818
11763,LIVE,NEW_DATA,22.1280,92.5218,18.6818
11764,LIVE,NEW_DATA,22.1280,92.5218,18.6818
11765,LIVE,NEW_DATA,22.1266,92.5218,18.6818
11766,LIVE,NEW_DATA,22.1239,92.5218,18.6818
11767,LIVE,NEW_DATA,22.1225,92.5218,18.6818
11768,LIVE,NEW_DATA,22.1225,92.5218,18.6818
11769,LIVE,NEW_DATA,22.1169,92.5218,18.6818
11770,LIVE,NEW_DATA,22.1197,92.5218,18.6818
11771,LIVE,NEW_DATA,22.1155,92.5218,18.6818
11772,LIVE,NEW_DATA,22.1183,92.5218,18.6818
11773,LIVE,NEW_DATA,22.1141,92.5218,18.6818
11774,LIVE,NEW_DATA,22.1197,92.5218,18.6818
11775,LIVE,NEW_DATA,22.1141,92.5218,18.6818
11776,LIVE,NEW_DATA,22.1197,92.5218,18.6818
11777,LIVE,NEW_DATA,22.1169,92.5218,18.6818
11778,LIVE,NEW_DATA,22.1128,92.5218,18.6818
11779,LIVE,NEW_DATA,22.1044,92.5218,18.6818
11780,LIVE,NEW_DATA,22.1086,92.5218,18.6818
11781,LIVE,NEW_DATA,22.1128,92.5218,18.6818
11782,LIVE,NEW_DATA,22.1169,92.5218,18.6818
11783,LIVE,NEW_DATA,22.1031,92.3293,18.6655
11784,LIVE,NEW_DATA,22.1003,92.3293,18.6655
11785,LIVE,NEW_DATA,22.0947,92.3293,18.6655
11786,LIVE,NEW_DATA,22.0920,92.3293,18.6655
11787,LIVE,NEW_DATA,22.1003,92.3293,18.6655
11788,LIVE,NEW_DATA,22.0920,92.3293,18.6655
11789,LIVE,NEW_DATA,22.0961,92.3293,18.6655
11790,LIVE,NEW_DATA,22.0947,92.3293,18.6655
11791,LIVE,NEW_DATA,22.0920,92.3293,18.6655
11792,LIVE,NEW_DATA,22.0947,92.3293,18.6655
11793,LIVE,NEW_DATA,22.0892,92.3293,18.6655
11794,LIVE,NEW_DATA,22.0906,92.3293,18.6655
11795,LIVE,NEW_DATA,22.0864,92.3293,18.6655
11796,LIVE,NEW_DATA,22.0822,92.3293,18.6655
11797,LIVE,NEW_DATA,22.0809,92.3293,18.6655
11798,LIVE,NEW_DATA,22.0753,92.3293,18.6655
11799,LIVE,NEW_DATA,22.0781,92.3293,18.6655
11800,LIVE,NEW_DATA,22.0739,92.3293,18.6655
11801,LIVE,NEW_DATA,22.0725,92.3293,18.6655
11802,LIVE,NEW_DATA,22.0687,92.3293,18.6655
11803,LIVE,NEW_DATA,22.0684,92.3293,18.6655
11804,LIVE,NEW_DATA,22.0670,92.3293,18.6655
11805,LIVE,NEW_DATA,22.0670,92.3293,18.6655
11806,LIVE,NEW_DATA,22.0614,92.3293,18.6655
11807,LIVE,NEW_DATA,22.0587,92.1466,18.6631
11808,LIVE,NEW_DATA,22.0573,92.1466,18.6631
11809,LIVE,NEW_DATA,22.0545,92.1466,18.6631
11810,LIVE,NEW_DATA,22.0559,92.1466,18.6631
11811,LIVE,NEW_DATA,22.0587,92.1466,18.6631
11812,LIVE,NEW_DATA,22.0531,92.1466,18.6631
11813,LIVE,NEW_DATA,22.0545,92.1466,18.6631
11814,LIVE,NEW_DATA,22.0503,92.1466,18.6631
11815,LIVE,NEW_DATA,22.0462,92.1466,18.6631
11816,LIVE,NEW_DATA,22.0559,92.1466,18.6631
11817,LIVE,NEW_DATA,22.0614,92.1466,18.6631
11818,LIVE,NEW_DATA,22.0365,92.1466,18.6631
11819,LIVE,NEW_DATA,22.0365,92.1466,18.6631
11820,LIVE,NEW_DATA,22.0420,92.1466,18.6631
11821,LIVE,NEW_DATA,22.0392,92.1466,18.6631
11822,LIVE,NEW_DATA,22.0392,92.1466,18.6631
11823,LIVE,NEW_DATA,22.0337,92.1466,18.6631
11824,LIVE,NEW_DATA,22.0351,92.1466,18.6631
11825,LIVE,NEW_DATA,22.0379,92.1466,18.6631
11826,LIVE,NEW_DATA,22.0323,92.1466,18.6631
11827,LIVE,NEW_DATA,22.0379,92.1466,18.6631
11828,LIVE,NEW_DATA,22.0379,92.1466,18.6631
11829,LIVE,NEW_DATA,22.0323,92.1466,18.6631
11830,LIVE,NEW_DATA,22.0268,92.1466,18.6631
11831,LIVE,NEW_DATA,22.0323,92.0198,18.7628
11832,LIVE,NEW_DATA,22.0226,92.0198,18.7628
11833,LIVE,NEW_DATA,22.0198,92.0198,18.7628
11834,LIVE,NEW_DATA,22.0170,92.0198,18.7628
11835,LIVE,NEW_DATA,22.0184,92.0198,18.7628
11836,LIVE,NEW_DATA,22.0184,92.0198,18.7628
11837,LIVE,NEW_DATA,22.0143,92.0198,18.7628
11838,LIVE,NEW_DATA,22.0087,92.0198,18.7628
11839,LIVE,NEW_DATA,22.0059,92.0198,18.7628
11840,LIVE,NEW_DATA,22.0087,92.0198,18.7628
11841,LIVE,NEW_DATA,22.0046,92.0198,18.7628
11842,LIVE,NEW_DATA,22.0004,92.0198,18.7628
11843,LIVE,NEW_DATA,22.0004,92.0198,18.7628
11844,LIVE,NEW_DATA,22.0018,92.0198,18.7628
11845,LIVE,NEW_DATA,22.0032,92.0198,18.7628
11846,LIVE,NEW_DATA,21.9976,92.0198,18.7628
11847,LIVE,NEW_DATA,21.9949,92.0198,18.7628
11848,LIVE,NEW_DATA,21.9949,92.0198,18.7628
11849,LIVE,NEW_DATA,21.9907,92.0198,18.7628
11850,LIVE,NEW_DATA,21.9921,92.0198,18.7628
11851,LIVE,NEW_DATA,22.0046,92.0198,18.7628
11852,LIVE,NEW_DATA,21.9907,92.0198,18.7628
11853,LIVE,NEW_DATA,21.9865,92.0198,18.7628
11854,LIVE,NEW_DATA,21.9768,92.0198,18.7628
11855,LIVE,NEW_DATA,21.9838,92.0198,18.7628
11856,LIVE,NEW_DATA,21.9810,92.0198,18.7628
11857,LIVE,NEW_DATA,21.9838,92.0198,18.7628
11858,LIVE,NEW_DATA,21.9851,92.0198,18.7628
11859,LIVE,NEW_DATA,21.9824,92.0198,18.7628
11860,LIVE,NEW_DATA,21.9824,92.0198,18.7628
11861,LIVE,NEW_DATA,21.9754,92.0198,18.7628
11862,LIVE,NEW_DATA,21.9768,92.0198,18.7628
11863,LIVE,NEW_DATA,21.9727,92.0198,18.7628
11864,LIVE,NEW_DATA,21.9713,92.0198,18.7628
11865,LIVE,NEW_DATA,21.9699,92.0198,18.7628
11866,LIVE,NEW_DATA,21.9699,92.0198,18.7628
11867,LIVE,NEW_DATA,21.9657,92.0198,18.7628
11868,LIVE,NEW_DATA,21.9657,92.0198,18.7628
11869,LIVE,NEW_DATA,21.9629,92.0198,18.7628
11870,LIVE,NEW_DATA,21.9616,92.0198,18.7628
11871,LIVE,NEW_DATA,21.9560,92.0198,18.7628
11872,LIVE,NEW_DATA,21.9532,92.0198,18.7628
11873,LIVE,NEW_DATA,21.9546,92.0198,18.7628
11874,LIVE,NEW_DATA,21.9518,92.0198,18.7628
11875,LIVE,NEW_DATA,21.9477,92.0198,18.7628
11876,LIVE,NEW_DATA,21.9477,92.0198,18.7628
11877,LIVE,NEW_DATA,21.9463,92.0198,18.7628
11878,LIVE,NEW_DATA,21.9463,92.0198,18.7628
11879,LIVE,NEW_DATA,21.9449,92.0198,18.7628
11880,LIVE,NEW_DATA,21.9421,91.9111,18.7957
11881,LIVE,NEW_DATA,21.9338,91.9111,18.7957
11882,LIVE,NEW_DATA,21.9310,91.9111,18.7957
11883,LIVE,NEW_DATA,21.9366,91.9111,18.7957
11884,LIVE,NEW_DATA,21.9477,91.9111,18.7957
11885,LIVE,NEW_DATA,21.9255,91.9111,18.7957
11886,LIVE,NEW_DATA,21.9241,91.9111,18.7957
11887,LIVE,NEW_DATA,21.9227,91.9111,18.7957
11888,LIVE,NEW_DATA,21.9227,91.9111,18.7957
11889,LIVE,NEW_DATA,21.9144,91.9111,18.7957
11890,LIVE,NEW_DATA,21.9199,91.9111,18.7957
11891,LIVE,NEW_DATA,21.9186,91.9111,18.7957
11892,LIVE,NEW_DATA,21.9144,91.9111,18.7957
11893,LIVE,NEW_DATA,21.9144,91.9111,18.7957
11894,LIVE,NEW_DATA,21.9186,91.9111,18.7957
11895,LIVE,NEW_DATA,21.9144,91.9111,18.7957
11896,LIVE,NEW_DATA,21.9102,91.9111,18.7957
11897,LIVE,NEW_DATA,21.9102,91.9111,18.7957
11898,LIVE,NEW_DATA,21.9102,91.9111,18.7957
11899,LIVE,NEW_DATA,21.9019,91.9111,18.7957
11900,LIVE,NEW_DATA,21.9033,91.9111,18.7957
11901,LIVE,NEW_DATA,21.9012,91.9111,18.7957
11902,LIVE,NEW_DATA,21.8908,91.9111,18.7957
11903,LIVE,NEW_DATA,21.8950,91.9111,18.7957
11904,LIVE,NEW_DATA,21.8908,91.7109,18.8196
11905,LIVE,NEW_DATA,21.8894,91.7109,18.8196
11906,LIVE,NEW_DATA,21.8880,91.7109,18.8196
11907,LIVE,NEW_DATA,21.8783,91.7109,18.8196
11908,LIVE,NEW_DATA,21.8769,91.7109,18.8196
11909,LIVE,NEW_DATA,21.8797,91.7109,18.8196
11910,LIVE,NEW_DATA,21.8825,91.7109,18.8196
11911,LIVE,NEW_DATA,21.8769,91.7109,18.8196
11912,LIVE,NEW_DATA,21.8756,91.7109,18.8196
11913,LIVE,NEW_DATA,21.8714,91.7109,18.8196
11914,LIVE,NEW_DATA,21.8645,91.7109,18.8196
11915,LIVE,NEW_DATA,21.8672,91.7109,18.8196
11916,LIVE,NEW_DATA,21.8686,91.7109,18.8196
11917,LIVE,NEW_DATA,21.8783,91.7109,18.8196
11918,LIVE,NEW_DATA,21.8589,91.7109,18.8196
11919,LIVE,NEW_DATA,21.8589,91.7109,18.8196
11920,LIVE,NEW_DATA,21.8561,91.7109,18.8196
11921,LIVE,NEW_DATA,21.8561,91.7109,18.8196
11922,LIVE,NEW_DATA,21.8561,91.7109,18.8196
11923,LIVE,NEW_DATA,21.8520,91.7109,18.8196
11924,LIVE,NEW_DATA,21.8547,91.7109,18.8196
11925,LIVE,NEW_DATA,21.8534,91.7109,18.8196
11926,LIVE,NEW_DATA,21.8547,91.7109,18.8196
11927,LIVE,NEW_DATA,21.8506,91.7109,18.8196
11928,LIVE,NEW_DATA,21.8464,91.6478,18.8630
11929,LIVE,NEW_DATA,21.8478,91.6478,18.8630
11930,LIVE,NEW_DATA,21.8478,91.6478,18.8630
11931,LIVE,NEW_DATA,21.8450,91.6478,18.8630
11932,LIVE,NEW_DATA,21.8416,91.6478,18.8630
11933,LIVE,NEW_DATA,21.8367,91.6478,18.8630
11934,LIVE,NEW_DATA,21.8339,91.6478,18.8630
11935,LIVE,NEW_DATA,21.8326,91.6478,18.8630
11936,LIVE,NEW_DATA,21.8353,91.6478,18.8630
11937,LIVE,NEW_DATA,21.8270,91.6478,18.8630
11938,LIVE,NEW_DATA,21.8270,91.6478,18.8630
11939,LIVE,NEW_DATA,21.8312,91.6478,18.8630
11940,LIVE,NEW_DATA,21.8270,91.6478,18.8630
11941,LIVE,NEW_DATA,21.8242,91.6478,18.8630
11942,LIVE,NEW_DATA,21.8242,91.6478,18.8630
11943,LIVE,NEW_DATA,21.8228,91.6478,18.8630
11944,LIVE,NEW_DATA,21.8145,91.6478,18.8630
11945,LIVE,NEW_DATA,21.8117,91.6478,18.8630
11946,LIVE,NEW_DATA,21.8145,91.6478,18.8630
11947,LIVE,NEW_DATA,21.8104,91.6478,18.8630
11948,LIVE,NEW_DATA,21.8131,91.6478,18.8630
11949,LIVE,NEW_DATA,21.8242,91.6478,18.8630
11950,LIVE,NEW_DATA,21.7993,91.6478,18.8630
11951,LIVE,NEW_DATA,21.7979,91.6478,18.8630
11952,LIVE,NEW_DATA,21.7979,91.6478,18.8630
11953,LIVE,NEW_DATA,21.7979,91.6032,18.8630
11954,LIVE,NEW_DATA,21.7993,91.6032,18.8630
11955,LIVE,NEW_DATA,21.7923,91.6032,18.8630
11956,LIVE,NEW_DATA,21.7965,91.6032,18.8630
11957,LIVE,NEW_DATA,21.7951,91.6032,18.8630
11958,LIVE,NEW_DATA,21.7923,91.6032,18.8630
11959,LIVE,NEW_DATA,21.7951,91.6032,18.8630
11960,LIVE,NEW_DATA,21.7965,91.6032,18.8630
11961,LIVE,NEW_DATA,21.7979,91.6032,18.8630
11962,LIVE,NEW_DATA,21.7937,91.6032,18.8630
11963,LIVE,NEW_DATA,21.7951,91.6032,18.8630
11964,LIVE,NEW_DATA,21.7896,91.6032,18.8630
11965,LIVE,NEW_DATA,21.7896,91.6032,18.8630
11966,LIVE,NEW_DATA,21.7882,91.6032,18.8630
11967,LIVE,NEW_DATA,21.7882,91.6032,18.8630
11968,LIVE,NEW_DATA,21.7882,91.6032,18.8630
11969,LIVE,NEW_DATA,21.7840,91.6032,18.8630
11970,LIVE,NEW_DATA,21.7826,91.6032,18.8630
11971,LIVE,NEW_DATA,21.7785,91.6032,18.8630
11972,LIVE,NEW_DATA,21.7798,91.6032,18.8630
11973,LIVE,NEW_DATA,21.7729,91.6032,18.8630
11974,LIVE,NEW_DATA,21.7785,91.6032,18.8630
11975,LIVE,NEW_DATA,21.7729,91.6032,18.8630
11976,LIVE,NEW_DATA,21.7729,91.6032,18.8630
11977,LIVE,NEW_DATA,21.7687,91.5940,18.8630
11978,LIVE,NEW_DATA,21.7618,91.5940,18.8630
11979,LIVE,NEW_DATA,21.7576,91.5940,18.8630
11980,LIVE,NEW_DATA,21.7618,91.5940,18.8630
11981,LIVE,NEW_DATA,21.7757,91.5940,18.8630
11982,LIVE,NEW_DATA,21.7576,91.5940,18.8630
11983,LIVE,NEW_DATA,21.7507,91.5940,18.8630
11984,LIVE,NEW_DATA,21.7479,91.5940,18.8630
11985,LIVE,NEW_DATA,21.7479,91.5940,18.8630
11986,LIVE,NEW_DATA,21.7479,91.5940,18.8630
11987,LIVE,NEW_DATA,21.7507,91.5940,18.8630
11988,LIVE,NEW_DATA,21.7521,91.5940,18.8630
11989,LIVE,NEW_DATA,21.7507,91.5940,18.8630
11990,LIVE,NEW_DATA,21.7479,91.5940,18.8630
11991,LIVE,NEW_DATA,21.7424,91.5940,18.8630
11992,LIVE,NEW_DATA,21.7410,91.5940,18.8630
11993,LIVE,NEW_DATA,21.7438,91.5940,18.8630
11994,LIVE,NEW_DATA,21.7368,91.5940,18.8630
11995,LIVE,NEW_DATA,21.7424,91.5940,18.8630
11996,LIVE,NEW_DATA,21.7382,91.5940,18.8630
11997,LIVE,NEW_DATA,21.7382,91.5940,18.8630
11998,LIVE,NEW_DATA,21.7341,91.5940,18.8630
11999,LIVE,NEW_DATA,21.7355,91.5940,18.8630
12000,LIVE,NEW_DATA,21.7313,91.5940,18.8630
12001,LIVE,NEW_DATA,21.7230,91.4918,18.8921
12002,LIVE,NEW_DATA,21.7257,91.4918,18.8921
12003,LIVE,NEW_DATA,21.7257,91.4918,18.8921
12004,LIVE,NEW_DATA,21.7174,91.4918,18.8921
12005,LIVE,NEW_DATA,21.7202,91.4918,18.8921
12006,LIVE,NEW_DATA,21.7216,91.4918,18.8921
12007,LIVE,NEW_DATA,21.7188,91.4918,18.8921
12008,LIVE,NEW_DATA,21.7146,91.4918,18.8921
12009,LIVE,NEW_DATA,21.7091,91.4918,18.8921
12010,LIVE,NEW_DATA,21.7091,91.4918,18.8921
12011,LIVE,NEW_DATA,21.7160,91.4918,18.8921
12012,LIVE,NEW_DATA,21.7230,91.4918,18.8921
12013,LIVE,NEW_DATA,21.7035,91.4918,18.8921
12014,LIVE,NEW_DATA,21.7049,91.4918,18.8921
12015,LIVE,NEW_DATA,21.7035,91.4918,18.8921
12016,LIVE,NEW_DATA,21.7105,91.4918,18.8921
12017,LIVE,NEW_DATA,21.7091,91.4918,18.8921
12018,LIVE,NEW_DATA,21.7049,91.4918,18.8921
12019,LIVE,NEW_DATA,21.7063,91.4918,18.8921
12020,LIVE,NEW_DATA,21.7022,91.4918,18.8921
12021,LIVE,NEW_DATA,21.7035,91.4918,18.8921
12022,LIVE,NEW_DATA,21.7008,91.4918,18.8921
12023,LIVE,NEW_DATA,21.7049,91.4918,18.8921
12024,LIVE,NEW_DATA,21.7022,91.4918,18.8921
12025,LIVE,NEW_DATA,21.6994,91.3324,18.8944
12026,LIVE,NEW_DATA,21.6994,91.3324,18.8944
12027,LIVE,NEW_DATA,21.6952,91.3324,18.8944
12028,LIVE,NEW_DATA,21.6911,91.3324,18.8944
12029,LIVE,NEW_DATA,21.6924,91.3324,18.8944
12030,LIVE,NEW_DATA,21.6924,91.3324,18.8944
12031,LIVE,NEW_DATA,21.6855,91.3324,18.8944
12032,LIVE,NEW_DATA,21.6841,91.3324,18.8944
12033,LIVE,NEW_DATA,21.6855,91.3324,18.8944
12034,LIVE,NEW_DATA,21.6841,91.3324,18.8944
12035,LIVE,NEW_DATA,21.6772,91.3324,18.8944
12036,LIVE,NEW_DATA,21.6841,91.3324,18.8944
12037,LIVE,NEW_DATA,21.6814,91.3324,18.8944
12038,LIVE,NEW_DATA,21.6800,91.3324,18.8944
12039,LIVE,NEW_DATA,21.6786,91.3324,18.8944
12040,LIVE,NEW_DATA,21.6786,91.3324,18.8944
12041,LIVE,NEW_DATA,21.6716,91.3324,18.8944
12042,LIVE,NEW_DATA,21.6661,91.3324,18.8944
12043,LIVE,NEW_DATA,21.6800,91.3324,18.8944
12044,LIVE,NEW_DATA,21.6640,91.3324,18.8944
12045,LIVE,NEW_DATA,21.6578,91.3324,18.8944
12046,LIVE,NEW_DATA,21.6564,91.3324,18.8944
12047,LIVE,NEW_DATA,21.6592,91.3324,18.8944
12048,LIVE,NEW_DATA,21.6592,91.3324,18.8944
12049,LIVE,NEW_DATA,21.6592,91.3324,18.8944
12050,LIVE,NEW_DATA,21.6522,90.9998,18.9858
12051,LIVE,NEW_DATA,21.6508,90.9998,18.9858
12052,LIVE,NEW_DATA,21.6564,90.9998,18.9858
12053,LIVE,NEW_DATA,21.6550,90.9998,18.9858
12054,LIVE,NEW_DATA,21.6564,90.9998,18.9858
12055,LIVE,NEW_DATA,21.6550,90.9998,18.9858
12056,LIVE,NEW_DATA,21.6453,90.9998,18.9858
12057,LIVE,NEW_DATA,21.6453,90.9998,18.9858
12058,LIVE,NEW_DATA,21.6453,90.9998,18.9858
12059,LIVE,NEW_DATA,21.6425,90.9998,18.9858
12060,LIVE,NEW_DATA,21.6342,90.9998,18.9858
12061,LIVE,NEW_DATA,21.6342,90.9998,18.9858
12062,LIVE,NEW_DATA,21.6370,90.9998,18.9858
12063,LIVE,NEW_DATA,21.6370,90.9998,18.9858
12064,LIVE,NEW_DATA,21.6356,90.9998,18.9858
12065,LIVE,NEW_DATA,21.6328,90.9998,18.9858
12066,LIVE,NEW_DATA,21.6286,90.9998,18.9858
12067,LIVE,NEW_DATA,21.6231,90.9998,18.9858
12068,LIVE,NEW_DATA,21.6273,90.9998,18.9858
12069,LIVE,NEW_DATA,21.6231,90.9998,18.9858
12070,LIVE,NEW_DATA,21.6300,90.9998,18.9858
12071,LIVE,NEW_DATA,21.6259,90.9998,18.9858
12072,LIVE,NEW_DATA,21.6134,90.9998,18.9858
12073,LIVE,NEW_DATA,21.6148,90.9998,18.9858
12074,LIVE,NEW_DATA,21.6148,90.6704,18.9297
12075,LIVE,NEW_DATA,21.6328,90.6704,18.9297
12076,LIVE,NEW_DATA,21.6037,90.6704,18.9297
12077,LIVE,NEW_DATA,21.6078,90.6704,18.9297
12078,LIVE,NEW_DATA,21.6078,90.6704,18.9297
12079,LIVE,NEW_DATA,21.5981,90.6704,18.9297
12080,LIVE,NEW_DATA,21.6009,90.6704,18.9297
12081,LIVE,NEW_DATA,21.6037,90.6704,18.9297
12082,LIVE,NEW_DATA,21.5967,90.6704,18.9297
12083,LIVE,NEW_DATA,21.5953,90.6704,18.9297
12084,LIVE,NEW_DATA,21.5953,90.6704,18.9297
12085,LIVE,NEW_DATA,21.5967,90.6704,18.9297
12086,LIVE,NEW_DATA,21.5926,90.6704,18.9297
12087,LIVE,NEW_DATA,21.5981,90.6704,18.9297
12088,LIVE,NEW_DATA,21.5926,90.6704,18.9297
12089,LIVE,NEW_DATA,21.5898,90.6704,18.9297
12090,LIVE,NEW_DATA,21.5829,90.6704,18.9297
12091,LIVE,NEW_DATA,21.5815,90.6704,18.9297
12092,LIVE,NEW_DATA,21.5787,90.6704,18.9297
12093,LIVE,NEW_DATA,21.5745,90.6704,18.9297
12094,LIVE,NEW_DATA,21.5773,90.6704,18.9297
12095,LIVE,NEW_DATA,21.5732,90.6704,18.9297
12096,LIVE,NEW_DATA,21.5704,90.6704,18.9297
12097,LIVE,NEW_DATA,21.5621,90.6704,18.9297
12098,LIVE,NEW_DATA,21.5648,90.4275,18.9356
12099,LIVE,NEW_DATA,21.5621,90.4275,18.9356
12100,LIVE,NEW_DATA,21.5565,90.4275,18.9356
12101,LIVE,NEW_DATA,21.5593,90.4275,18.9356
12102,LIVE,NEW_DATA,21.5565,90.4275,18.9356
12103,LIVE,NEW_DATA,21.5537,90.4275,18.9356
12104,LIVE,NEW_DATA,21.5579,90.4275,18.9356
12105,LIVE,NEW_DATA,21.5482,90.4275,18.9356
12106,LIVE,NEW_DATA,21.5537,90.4275,18.9356
12107,LIVE,NEW_DATA,21.5607,90.4275,18.9356
12108,LIVE,NEW_DATA,21.5426,90.4275,18.9356
12109,LIVE,NEW_DATA,21.5399,90.4275,18.9356
12110,LIVE,NEW_DATA,21.5399,90.4275,18.9356
12111,LIVE,NEW_DATA,21.5399,90.4275,18.9356
12112,LIVE,NEW_DATA,21.5385,90.4275,18.9356
12113,LIVE,NEW_DATA,21.5385,90.4275,18.9356
12114,LIVE,NEW_DATA,21.5343,90.4275,18.9356
12115,LIVE,NEW_DATA,21.5371,90.4275,18.9356
12116,LIVE,NEW_DATA,21.5371,90.4275,18.9356
12117,LIVE,NEW_DATA,21.5371,90.4275,18.9356
12118,LIVE,NEW_DATA,21.5329,90.4275,18.9356
12119,LIVE,NEW_DATA,21.5371,90.4275,18.9356
12120,LIVE,NEW_DATA,21.5315,90.4275,18.9356
12121,LIVE,NEW_DATA,21.5260,90.4275,18.9356
12122,LIVE,NEW_DATA,21.5260,90.4275,18.9356
12123,LIVE,NEW_DATA,21.5246,90.1547,18.9567
12124,LIVE,NEW_DATA,21.5191,90.1547,18.9567
12125,LIVE,NEW_DATA,21.5149,90.1547,18.9567
12126,LIVE,NEW_DATA,21.5177,90.1547,18.9567
12127,LIVE,NEW_DATA,21.5080,90.1547,18.9567
12128,LIVE,NEW_DATA,21.5038,90.1547,18.9567
12129,LIVE,NEW_DATA,21.5024,90.1547,18.9567
12130,LIVE,NEW_DATA,21.5010,90.1547,18.9567
12131,LIVE,NEW_DATA,21.5010,90.1547,18.9567
12132,LIVE,NEW_DATA,21.4927,90.1547,18.9567
12133,LIVE,NEW_DATA,21.4899,90.1547,18.9567
12134,LIVE,NEW_DATA,21.4899,90.1547,18.9567
12135,LIVE,NEW_DATA,21.4885,90.1547,18.9567
12136,LIVE,NEW_DATA,21.4885,90.1547,18.9567
12137,LIVE,NEW_DATA,21.4858,90.1547,18.9567
12138,LIVE,NEW_DATA,21.4774,90.1547,18.9567
12139,LIVE,NEW_DATA,21.4802,90.1547,18.9567
12140,LIVE,NEW_DATA,21.4969,90.1547,18.9567
12141,LIVE,NEW_DATA,21.4774,90.1547,18.9567
12142,LIVE,NEW_DATA,21.4719,90.1547,18.9567
12143,LIVE,NEW_DATA,21.4677,90.1547,18.9567
12144,LIVE,NEW_DATA,21.4705,90.1547,18.9567
12145,LIVE,NEW_DATA,21.4705,90.1547,18.9567
12146,LIVE,NEW_DATA,21.4677,90.1547,18.9567
12147,LIVE,NEW_DATA,21.4691,90.1547,19.0602
12148,LIVE,NEW_DATA,21.4705,90.1547,19.0602
12149,LIVE,NEW_DATA,21.4636,90.1547,19.0602
12150,LIVE,NEW_DATA,21.4650,90.1547,19.0602
12151,LIVE,NEW_DATA,21.4650,90.1547,19.0602
12152,LIVE,NEW_DATA,21.4622,90.1547,19.0602
12153,LIVE,NEW_DATA,21.4622,90.1547,19.0602
12154,LIVE,NEW_DATA,21.4594,90.1547,19.0602
12155,LIVE,NEW_DATA,21.4539,90.1547,19.0602
12156,LIVE,NEW_DATA,21.4552,90.1547,19.0602
12157,LIVE,NEW_DATA,21.4497,90.1547,19.0602
12158,LIVE,NEW_DATA,21.4483,90.1547,19.0602
12159,LIVE,NEW_DATA,21.4469,90.1547,19.0602
12160,LIVE,NEW_DATA,21.4414,90.1547,19.0602
12161,LIVE,NEW_DATA,21.4386,90.1547,19.0602
12162,LIVE,NEW_DATA,21.4386,90.1547,19.0602
12163,LIVE,NEW_DATA,21.4414,90.1547,19.0602
12164,LIVE,NEW_DATA,21.4358,90.1547,19.0602
12165,LIVE,NEW_DATA,21.4331,90.1547,19.0602
12166,LIVE,NEW_DATA,21.4358,90.1547,19.0602
12167,LIVE,NEW_DATA,21.4372,90.1547,19.0602
12168,LIVE,NEW_DATA,21.4358,90.1547,19.0602
12169,LIVE,NEW_DATA,21.4303,90.1547,19.0602
12170,LIVE,NEW_DATA,21.4268,90.1547,19.0602
12171,LIVE,NEW_DATA,21.4247,90.1393,18.9614
12172,LIVE,NEW_DATA,21.4303,90.1393,18.9614
12173,LIVE,NEW_DATA,21.4331,90.1393,18.9614
12174,LIVE,NEW_DATA,21.4206,90.1393,18.9614
12175,LIVE,NEW_DATA,21.4122,90.1393,18.9614
12176,LIVE,NEW_DATA,21.4192,90.1393,18.9614
12177,LIVE,NEW_DATA,21.4150,90.1393,18.9614
12178,LIVE,NEW_DATA,21.4150,90.1393,18.9614
12179,LIVE,NEW_DATA,21.4164,90.1393,18.9614
12180,LIVE,NEW_DATA,21.4122,90.1393,18.9614
12181,LIVE,NEW_DATA,21.4122,90.1393,18.9614
12182,LIVE,NEW_DATA,21.4095,90.1393,18.9614
12183,LIVE,NEW_DATA,21.4150,90.1393,18.9614
12184,LIVE,NEW_DATA,21.4122,90.1393,18.9614
12185,LIVE,NEW_DATA,21.4122,90.1393,18.9614
12186,LIVE,NEW_DATA,21.4067,90.1393,18.9614
12187,LIVE,NEW_DATA,21.4053,90.1393,18.9614
12188,LIVE,NEW_DATA,21.4067,90.1393,18.9614
12189,LIVE,NEW_DATA,21.4039,90.1393,18.9614
12190,LIVE,NEW_DATA,21.3998,90.1393,18.9614
12191,LIVE,NEW_DATA,21.3998,90.1393,18.9614
12192,LIVE,NEW_DATA,21.3970,90.1393,18.9614
12193,LIVE,NEW_DATA,21.3900,90.1393,18.9614
12194,LIVE,NEW_DATA,21.3873,90.1393,18.9614
12195,LIVE,NEW_DATA,21.3873,90.1393,18.9614
12196,LIVE,NEW_DATA,21.3900,90.1295,19.0610
12197,LIVE,NEW_DATA,21.3859,90.1295,19.0610
12198,LIVE,NEW_DATA,21.3887,90.1295,19.0610
12199,LIVE,NEW_DATA,21.3845,90.1295,19.0610
12200,LIVE,NEW_DATA,21.3859,90.1295,19.0610
12201,LIVE,NEW_DATA,21.3762,90.1295,19.0610
12202,LIVE,NEW_DATA,21.3762,90.1295,19.0610
12203,LIVE,NEW_DATA,21.3734,90.1295,19.0610
12204,LIVE,NEW_DATA,21.3887,90.1295,19.0610
12205,LIVE,NEW_DATA,21.3706,90.1295,19.0610
12206,LIVE,NEW_DATA,21.3637,90.1295,19.0610
12207,LIVE,NEW_DATA,21.3623,90.1295,19.0610
12208,LIVE,NEW_DATA,21.3651,90.1295,19.0610
12209,LIVE,NEW_DATA,21.3623,90.1295,19.0610
12210,LIVE,NEW_DATA,21.3595,90.1295,19.0610
12211,LIVE,NEW_DATA,21.3679,90.1295,19.0610
12212,LIVE,NEW_DATA,21.3623,90.1295,19.0610
12213,LIVE,NEW_DATA,21.3595,90.1295,19.0610
12214,LIVE,NEW_DATA,21.3609,90.1295,19.0610
12215,LIVE,NEW_DATA,21.3581,90.1295,19.0610
12216,LIVE,NEW_DATA,21.3623,90.1295,19.0610
12217,LIVE,NEW_DATA,21.3554,90.1295,19.0610
12218,LIVE,NEW_DATA,21.3568,90.1295,19.0610
12219,LIVE,NEW_DATA,21.3498,90.1295,19.0610
12220,LIVE,NEW_DATA,21.3470,89.9596,19.2377
12221,LIVE,NEW_DATA,21.3484,89.9596,19.2377
12222,LIVE,NEW_DATA,21.3387,89.9596,19.2377
12223,LIVE,NEW_DATA,21.3443,89.9596,19.2377
12224,LIVE,NEW_DATA,21.3401,89.9596,19.2377
12225,LIVE,NEW_DATA,21.3387,89.9596,19.2377
12226,LIVE,NEW_DATA,21.3429,89.9596,19.2377
12227,LIVE,NEW_DATA,21.3387,89.9596,19.2377
12228,LIVE,NEW_DATA,21.3346,89.9596,19.2377
12229,LIVE,NEW_DATA,21.3359,89.9596,19.2377
12230,LIVE,NEW_DATA,21.3373,89.9596,19.2377
12231,LIVE,NEW_DATA,21.3318,89.9596,19.2377
12232,LIVE,NEW_DATA,21.3359,89.9596,19.2377
12233,LIVE,NEW_DATA,21.3262,89.9596,19.2377
12234,LIVE,NEW_DATA,21.3262,89.9596,19.2377
12235,LIVE,NEW_DATA,21.3235,89.9596,19.2377
12236,LIVE,NEW_DATA,21.3318,89.9596,19.2377
12237,LIVE,NEW_DATA,21.3401,89.9596,19.2377
12238,LIVE,NEW_DATA,21.3165,89.9596,19.2377
12239,LIVE,NEW_DATA,21.3124,89.9596,19.2377
12240,LIVE,NEW_DATA,21.3165,89.9596,19.2377
12241,LIVE,NEW_DATA,21.3179,89.9596,19.2377
12242,LIVE,NEW_DATA,21.3089,89.9596,19.2377
12243,LIVE,NEW_DATA,21.3151,89.9596,19.2377
12244,LIVE,NEW_DATA,21.3138,89.9596,19.2377
12245,LIVE,NEW_DATA,21.3151,89.9627,19.3219
12246,LIVE,NEW_DATA,21.3165,89.9627,19.3219
12247,LIVE,NEW_DATA,21.3138,89.9627,19.3219
12248,LIVE,NEW_DATA,21.3068,89.9627,19.3219
12249,LIVE,NEW_DATA,21.3151,89.9627,19.3219
12250,LIVE,NEW_DATA,21.3110,89.9627,19.3219
12251,LIVE,NEW_DATA,21.3068,89.9627,19.3219
12252,LIVE,NEW_DATA,21.3089,89.9627,19.3219
12253,LIVE,NEW_DATA,21.2999,89.9627,19.3219
12254,LIVE,NEW_DATA,21.3013,89.9627,19.3219
12255,LIVE,NEW_DATA,21.2985,89.9627,19.3219
12256,LIVE,NEW_DATA,21.3013,89.9627,19.3219
12257,LIVE,NEW_DATA,21.3027,89.9627,19.3219
12258,LIVE,NEW_DATA,21.3013,89.9627,19.3219
12259,LIVE,NEW_DATA,21.2971,89.9627,19.3219
12260,LIVE,NEW_DATA,21.2943,89.9627,19.3219
12261,LIVE,NEW_DATA,21.2957,89.9627,19.3219
12262,LIVE,NEW_DATA,21.2943,89.9627,19.3219
12263,LIVE,NEW_DATA,21.2985,89.9627,19.3219
12264,LIVE,NEW_DATA,21.2888,89.9627,19.3219
12265,LIVE,NEW_DATA,21.2888,89.9627,19.3219
12266,LIVE,NEW_DATA,21.2902,89.9627,19.3219
12267,LIVE,NEW_DATA,21.2846,89.9627,19.3219
12268,LIVE,NEW_DATA,21.2860,89.9627,19.3219
12269,LIVE,NEW_DATA,21.3013,89.9719,19.2328
12270,LIVE,NEW_DATA,21.2818,89.9719,19.2328
12271,LIVE,NEW_DATA,21.2791,89.9719,19.2328
12272,LIVE,NEW_DATA,21.2805,89.9719,19.2328
12273,LIVE,NEW_DATA,21.2832,89.9719,19.2328
12274,LIVE,NEW_DATA,21.2777,89.9719,19.2328
12275,LIVE,NEW_DATA,21.2805,89.9719,19.2328
12276,LIVE,NEW_DATA,21.2763,89.9719,19.2328
12277,LIVE,NEW_DATA,21.2721,89.9719,19.2328
12278,LIVE,NEW_DATA,21.2805,89.9719,19.2328
12279,LIVE,NEW_DATA,21.2763,89.9719,19.2328
12280,LIVE,NEW_DATA,21.2763,89.9719,19.2328
12281,LIVE,NEW_DATA,21.2721,89.9719,19.2328
12282,LIVE,NEW_DATA,21.2721,89.9719,19.2328
12283,LIVE,NEW_DATA,21.2666,89.9719,19.2328
12284,LIVE,NEW_DATA,21.2666,89.9719,19.2328
12285,LIVE,NEW_DATA,21.2652,89.9719,19.2328
12286,LIVE,NEW_DATA,21.2638,89.9719,19.2328
12287,LIVE,NEW_DATA,21.2597,89.9719,19.2328
12288,LIVE,NEW_DATA,21.2597,89.9719,19.2328
12289,LIVE,NEW_DATA,21.2610,89.9719,19.2328
12290,LIVE,NEW_DATA,21.2583,89.9719,19.2328
12291,LIVE,NEW_DATA,21.2499,89.9719,19.2328
12292,LIVE,NEW_DATA,21.2527,89.9719,19.2328
12293,LIVE,NEW_DATA,21.2486,89.9719,19.2328
12294,LIVE,NEW_DATA,21.2499,89.9749,19.2140
12295,LIVE,NEW_DATA,21.2486,89.9749,19.2140
12296,LIVE,NEW_DATA,21.2486,89.9749,19.2140
12297,LIVE,NEW_DATA,21.2458,89.9749,19.2140
12298,LIVE,NEW_DATA,21.2430,89.9749,19.2140
12299,LIVE,NEW_DATA,21.2361,89.9749,19.2140
12300,LIVE,NEW_DATA,21.2347,89.9749,19.2140
12301,LIVE,NEW_DATA,21.2375,89.9749,19.2140
12302,LIVE,NEW_DATA,21.2513,89.9749,19.2140
12303,LIVE,NEW_DATA,21.2333,89.9749,19.2140
12304,LIVE,NEW_DATA,21.2250,89.9749,19.2140
12305,LIVE,NEW_DATA,21.2291,89.9749,19.2140
12306,LIVE,NEW_DATA,21.2347,89.9749,19.2140
12307,LIVE,NEW_DATA,21.2264,89.9749,19.2140
12308,LIVE,NEW_DATA,21.2305,89.9749,19.2140
12309,LIVE,NEW_DATA,21.2264,89.9749,19.2140
12310,LIVE,NEW_DATA,21.2264,89.9749,19.2140
12311,LIVE,NEW_DATA,21.2305,89.9749,19.2140
12312,LIVE,NEW_DATA,21.2250,89.9749,19.2140
12313,LIVE,NEW_DATA,21.2236,89.9749,19.2140
12314,LIVE,NEW_DATA,21.2278,89.9749,19.2140
12315,LIVE,NEW_DATA,21.2236,89.9749,19.2140
12316,LIVE,NEW_DATA,21.2194,89.9749,19.2140
12317,LIVE,NEW_DATA,21.2222,89.9749,19.2140
12318,LIVE,NEW_DATA,21.2180,89.9811,19.2114
12319,LIVE,NEW_DATA,21.2111,89.9811,19.2114
12320,LIVE,NEW_DATA,21.2097,89.9811,19.2114
12321,LIVE,NEW_DATA,21.2014,89.9811,19.2114
12322,LIVE,NEW_DATA,21.2042,89.9811,19.2114
12323,LIVE,NEW_DATA,21.2042,89.9811,19.2114
12324,LIVE,NEW_DATA,21.2042,89.9811,19.2114
12325,LIVE,NEW_DATA,21.2014,89.9811,19.2114
12326,LIVE,NEW_DATA,21.2069,89.9811,19.2114
12327,LIVE,NEW_DATA,21.2000,89.9811,19.2114
12328,LIVE,NEW_DATA,21.2042,89.9811,19.2114
12329,LIVE,NEW_DATA,21.2028,89.9811,19.2114
12330,LIVE,NEW_DATA,21.1917,89.9811,19.2114
12331,LIVE,NEW_DATA,21.1986,89.9811,19.2114
12332,LIVE,NEW_DATA,21.1986,89.9811,19.2114
12333,LIVE,NEW_DATA,21.1958,89.9811,19.2114
12334,LIVE,NEW_DATA,21.2069,89.9811,19.2114
12335,LIVE,NEW_DATA,21.1958,89.9811,19.2114
12336,LIVE,NEW_DATA,21.1847,89.9811,19.2114
12337,LIVE,NEW_DATA,21.1861,89.9811,19.2114
12338,LIVE,NEW_DATA,21.1820,89.9811,19.2114
12339,LIVE,NEW_DATA,21.1889,89.9811,19.2114
12340,LIVE,NEW_DATA,21.1861,89.9811,19.2114
12341,LIVE,NEW_DATA,21.1847,89.9811,19.2114
12342,LIVE,NEW_DATA,21.1847,89.9811,19.3048
12343,LIVE,NEW_DATA,21.1847,89.9811,19.3048
12344,LIVE,NEW_DATA,21.1847,89.9811,19.3048
12345,LIVE,NEW_DATA,21.1889,89.9811,19.3048
12346,LIVE,NEW_DATA,21.1861,89.9811,19.3048
12347,LIVE,NEW_DATA,21.1847,89.9811,19.3048
12348,LIVE,NEW_DATA,21.1820,89.9811,19.3048
12349,LIVE,NEW_DATA,21.1875,89.9811,19.3048
12350,LIVE,NEW_DATA,21.1847,89.9811,19.3048
12351,LIVE,NEW_DATA,21.1820,89.9811,19.3048
12352,LIVE,NEW_DATA,21.1875,89.9811,19.3048
12353,LIVE,NEW_DATA,21.1792,89.9811,19.3048
12354,LIVE,NEW_DATA,21.1834,89.9811,19.3048
12355,LIVE,NEW_DATA,21.1806,89.9811,19.3048
12356,LIVE,NEW_DATA,21.1820,89.9811,19.3048
12357,LIVE,NEW_DATA,21.1778,89.9811,19.3048
12358,LIVE,NEW_DATA,21.1778,89.9811,19.3048
12359,LIVE,NEW_DATA,21.1764,89.9811,19.3048
12360,LIVE,NEW_DATA,21.1764,89.9811,19.3048
12361,LIVE,NEW_DATA,21.1695,89.9811,19.3048
12362,LIVE,NEW_DATA,21.1695,89.9811,19.3048
12363,LIVE,NEW_DATA,21.1667,89.9811,19.3048
12364,LIVE,NEW_DATA,21.1695,89.9811,19.3048
12365,LIVE,NEW_DATA,21.1778,89.9811,19.3048
12366,LIVE,NEW_DATA,21.1834,89.9811,19.3048
12367,LIVE,NEW_DATA,21.1653,90.0331,19.3772
12368,LIVE,NEW_DATA,21.1653,90.0331,19.3772
12369,LIVE,NEW_DATA,21.1626,90.0331,19.3772
12370,LIVE,NEW_DATA,21.1598,90.0331,19.3772
12371,LIVE,NEW_DATA,21.1667,90.0331,19.3772
12372,LIVE,NEW_DATA,21.1653,90.0331,19.3772
12373,LIVE,NEW_DATA,21.1612,90.0331,19.3772
12374,LIVE,NEW_DATA,21.1626,90.0331,19.3772
12375,LIVE,NEW_DATA,21.1598,90.0331,19.3772
12376,LIVE,NEW_DATA,21.1612,90.0331,19.3772
12377,LIVE,NEW_DATA,21.1626,90.0331,19.3772
12378,LIVE,NEW_DATA,21.1584,90.0331,19.3772
12379,LIVE,NEW_DATA,21.1528,90.0331,19.3772
12380,LIVE,NEW_DATA,21.1556,90.0331,19.3772
12381,LIVE,NEW_DATA,21.1515,90.0331,19.3772
12382,LIVE,NEW_DATA,21.1501,90.0331,19.3772
12383,LIVE,NEW_DATA,21.1542,90.0331,19.3772
12384,LIVE,NEW_DATA,21.1515,90.0331,19.3772
12385,LIVE,NEW_DATA,21.1487,90.0331,19.3772
12386,LIVE,NEW_DATA,21.1473,90.0331,19.3772
12387,LIVE,NEW_DATA,21.1473,90.0331,19.3772
12388,LIVE,NEW_DATA,21.1404,90.0331,19.3772
12389,LIVE,NEW_DATA,21.1404,90.0331,19.3772
12390,LIVE,NEW_DATA,21.1404,90.0331,19.3772
12391,LIVE,NEW_DATA,21.1445,89.9271,19.4468
12392,LIVE,NEW_DATA,21.1417,89.9271,19.4468
12393,LIVE,NEW_DATA,21.1376,89.9271,19.4468
12394,LIVE,NEW_DATA,21.1362,89.9271,19.4468
12395,LIVE,NEW_DATA,21.1376,89.9271,19.4468
12396,LIVE,NEW_DATA,21.1362,89.9271,19.4468
12397,LIVE,NEW_DATA,21.1431,89.9271,19.4468
12398,LIVE,NEW_DATA,21.1431,89.9271,19.4468
12399,LIVE,NEW_DATA,21.1265,89.9271,19.4468
12400,LIVE,NEW_DATA,21.1265,89.9271,19.4468
12401,LIVE,NEW_DATA,21.1265,89.9271,19.4468
12402,LIVE,NEW_DATA,21.1251,89.9271,19.4468
12403,LIVE,NEW_DATA,21.1265,89.9271,19.4468
12404,LIVE,NEW_DATA,21.1209,89.9271,19.4468
12405,LIVE,NEW_DATA,21.1237,89.9271,19.4468
12406,LIVE,NEW_DATA,21.1251,89.9271,19.4468
12407,LIVE,NEW_DATA,21.1265,89.9271,19.4468
12408,LIVE,NEW_DATA,21.1306,89.9271,19.4468
12409,LIVE,NEW_DATA,21.1223,89.9271,19.4468
12410,LIVE,NEW_DATA,21.1265,89.9271,19.4468
12411,LIVE,NEW_DATA,21.1251,89.9271,19.4468
12412,LIVE,NEW_DATA,21.1168,89.9271,19.4468
12413,LIVE,NEW_DATA,21.1209,89.9271,19.4468
12414,LIVE,NEW_DATA,21.1140,89.9271,19.4468
12415,LIVE,NEW_DATA,21.1126,89.9396,19.4059
12416,LIVE,NEW_DATA,21.1098,89.9396,19.4059
12417,LIVE,NEW_DATA,21.1112,89.9396,19.4059
12418,LIVE,NEW_DATA,21.1043,89.9396,19.4059
12419,LIVE,NEW_DATA,21.1015,89.9396,19.4059
12420,LIVE,NEW_DATA,21.1057,89.9396,19.4059
12421,LIVE,NEW_DATA,21.1029,89.9396,19.4059
12422,LIVE,NEW_DATA,21.1029,89.9396,19.4059
12423,LIVE,NEW_DATA,21.1015,89.9396,19.4059
12424,LIVE,NEW_DATA,21.0946,89.9396,19.4059
12425,LIVE,NEW_DATA,21.0904,89.9396,19.4059
12426,LIVE,NEW_DATA,21.0932,89.9396,19.4059
12427,LIVE,NEW_DATA,21.0918,89.9396,19.4059
12428,LIVE,NEW_DATA,21.0876,89.9396,19.4059
12429,LIVE,NEW_DATA,21.0987,89.9396,19.4059
12430,LIVE,NEW_DATA,21.0890,89.9396,19.4059
12431,LIVE,NEW_DATA,21.0779,89.9396,19.4059
12432,LIVE,NEW_DATA,21.0779,89.9396,19.4059
12433,LIVE,NEW_DATA,21.0779,89.9396,19.4059
12434,LIVE,NEW_DATA,21.0821,89.9396,19.4059
12435,LIVE,NEW_DATA,21.0752,89.9396,19.4059
12436,LIVE,NEW_DATA,21.0752,89.9396,19.4059
12437,LIVE,NEW_DATA,21.0765,89.9396,19.4059
12438,LIVE,NEW_DATA,21.0752,89.9396,19.4059
12439,LIVE,NEW_DATA,21.0779,89.9396,19.4059
12440,LIVE,NEW_DATA,21.0793,89.9210,19.4274
12441,LIVE,NEW_DATA,21.0738,89.9210,19.4274
12442,LIVE,NEW_DATA,21.0738,89.9210,19.4274
12443,LIVE,NEW_DATA,21.0696,89.9210,19.4274
12444,LIVE,NEW_DATA,21.0696,89.9210,19.4274
12445,LIVE,NEW_DATA,21.0655,89.9210,19.4274
12446,LIVE,NEW_DATA,21.0655,89.9210,19.4274
12447,LIVE,NEW_DATA,21.0641,89.9210,19.4274
12448,LIVE,NEW_DATA,21.0641,89.9210,19.4274
12449,LIVE,NEW_DATA,21.0585,89.9210,19.4274
12450,LIVE,NEW_DATA,21.0530,89.9210,19.4274
12451,LIVE,NEW_DATA,21.0599,89.9210,19.4274
12452,LIVE,NEW_DATA,21.0516,89.9210,19.4274
12453,LIVE,NEW_DATA,21.0516,89.9210,19.4274
12454,LIVE,NEW_DATA,21.0544,89.9210,19.4274
12455,LIVE,NEW_DATA,21.0544,89.9210,19.4274
12456,LIVE,NEW_DATA,21.0585,89.9210,19.4274
12457,LIVE,NEW_DATA,21.0488,89.9210,19.4274
12458,LIVE,NEW_DATA,21.0474,89.9210,19.4274
12459,LIVE,NEW_DATA,21.0405,89.9210,19.4274
12460,LIVE,NEW_DATA,21.0377,89.9210,19.4274
12461,LIVE,NEW_DATA,21.0363,89.9210,19.4274
12462,LIVE,NEW_DATA,21.0557,89.9210,19.4274
12463,LIVE,NEW_DATA,21.0252,89.9210,19.4274
12464,LIVE,NEW_DATA,21.0308,89.9210,19.4714
12465,LIVE,NEW_DATA,21.0266,89.9210,19.4714
12466,LIVE,NEW_DATA,21.0294,89.9210,19.4714
12467,LIVE,NEW_DATA,21.0238,89.9210,19.4714
12468,LIVE,NEW_DATA,21.0224,89.9210,19.4714
12469,LIVE,NEW_DATA,21.0197,89.9210,19.4714
12470,LIVE,NEW_DATA,21.0224,89.9210,19.4714
12471,LIVE,NEW_DATA,21.0183,89.9210,19.4714
12472,LIVE,NEW_DATA,21.0141,89.9210,19.4714
12473,LIVE,NEW_DATA,21.0183,89.9210,19.4714
12474,LIVE,NEW_DATA,21.0169,89.9210,19.4714
12475,LIVE,NEW_DATA,21.0155,89.9210,19.4714
12476,LIVE,NEW_DATA,21.0100,89.9210,19.4714
12477,LIVE,NEW_DATA,21.0100,89.9210,19.4714
12478,LIVE,NEW_DATA,21.0030,89.9210,19.4714
12479,LIVE,NEW_DATA,21.0058,89.9210,19.4714
12480,LIVE,NEW_DATA,21.0003,89.9210,19.4714
12481,LIVE,NEW_DATA,20.9989,89.9210,19.4714
12482,LIVE,NEW_DATA,20.9933,89.9210,19.4714
12483,LIVE,NEW_DATA,20.9975,89.9210,19.4714
12484,LIVE,NEW_DATA,20.9919,89.9210,19.4714
12485,LIVE,NEW_DATA,20.9878,89.9210,19.4714
12486,LIVE,NEW_DATA,20.9850,89.9210,19.4714
12487,LIVE,NEW_DATA,20.9850,89.9210,19.4714
12488,LIVE,NEW_DATA,20.9850,89.9458,19.3732
12489,LIVE,NEW_DATA,20.9836,89.9458,19.3732
12490,LIVE,NEW_DATA,20.9781,89.9458,19.3732
12491,LIVE,NEW_DATA,20.9739,89.9458,19.3732
12492,LIVE,NEW_DATA,20.9753,89.9458,19.3732
12493,LIVE,NEW_DATA,20.9739,89.9458,19.3732
12494,LIVE,NEW_DATA,20.9878,89.9458,19.3732
12495,LIVE,NEW_DATA,20.9711,89.9458,19.3732
12496,LIVE,NEW_DATA,20.9600,89.9458,19.3732
12497,LIVE,NEW_DATA,20.9642,89.9458,19.3732
12498,LIVE,NEW_DATA,20.9600,89.9458,19.3732
12499,LIVE,NEW_DATA,20.9614,89.9458,19.3732
12500,LIVE,NEW_DATA,20.9614,89.9458,19.3732
12501,LIVE,NEW_DATA,20.9656,89.9458,19.3732
12502,LIVE,NEW_DATA,20.9628,89.9458,19.3732
12503,LIVE,NEW_DATA,20.9628,89.9458,19.3732
12504,LIVE,NEW_DATA,20.9656,89.9458,19.3732
12505,LIVE,NEW_DATA,20.9628,89.9458,19.3732
12506,LIVE,NEW_DATA,20.9642,89.9458,19.3732
12507,LIVE,NEW_DATA,20.9628,89.9458,19.3732
12508,LIVE,NEW_DATA,20.9586,89.9458,19.3732
12509,LIVE,NEW_DATA,20.9573,89.9458,19.3732
12510,LIVE,NEW_DATA,20.9573,89.9458,19.3732
12511,LIVE,NEW_DATA,20.9573,89.9458,19.3732
12512,LIVE,NEW_DATA,20.9538,89.9458,19.3732
12513,LIVE,NEW_DATA,20.9586,90.0091,19.4291
12514,LIVE,NEW_DATA,20.9475,90.0091,19.4291
12515,LIVE,NEW_DATA,20.9475,90.0091,19.4291
12516,LIVE,NEW_DATA,20.9517,90.0091,19.4291
12517,LIVE,NEW_DATA,20.9475,90.0091,19.4291
12518,LIVE,NEW_DATA,20.9531,90.0091,19.4291
12519,LIVE,NEW_DATA,20.9462,90.0091,19.4291
12520,LIVE,NEW_DATA,20.9462,90.0091,19.4291
12521,LIVE,NEW_DATA,20.9406,90.0091,19.4291
12522,LIVE,NEW_DATA,20.9351,90.0091,19.4291
12523,LIVE,NEW_DATA,20.9337,90.0091,19.4291
12524,LIVE,NEW_DATA,20.9351,90.0091,19.4291
12525,LIVE,NEW_DATA,20.9434,90.0091,19.4291
12526,LIVE,NEW_DATA,20.9475,90.0091,19.4291
12527,LIVE,NEW_DATA,20.9337,90.0091,19.4291
12528,LIVE,NEW_DATA,20.9295,90.0091,19.4291
12529,LIVE,NEW_DATA,20.9253,90.0091,19.4291
12530,LIVE,NEW_DATA,20.9281,90.0091,19.4291
12531,LIVE,NEW_DATA,20.9253,90.0091,19.4291
12532,LIVE,NEW_DATA,20.9240,90.0091,19.4291
12533,LIVE,NEW_DATA,20.9240,90.0091,19.4291
12534,LIVE,NEW_DATA,20.9253,90.0091,19.4291
12535,LIVE,NEW_DATA,20.9281,90.0091,19.4291
12536,LIVE,NEW_DATA,20.9240,90.0091,19.4291
12537,LIVE,NEW_DATA,20.9295,89.9303,19.5110
12538,LIVE,NEW_DATA,20.9184,89.9303,19.5110
12539,LIVE,NEW_DATA,20.9156,89.9303,19.5110
12540,LIVE,NEW_DATA,20.9170,89.9303,19.5110
12541,LIVE,NEW_DATA,20.9143,89.9303,19.5110
12542,LIVE,NEW_DATA,20.9129,89.9303,19.5110
12543,LIVE,NEW_DATA,20.9101,89.9303,19.5110
12544,LIVE,NEW_DATA,20.9101,89.9303,19.5110
12545,LIVE,NEW_DATA,20.9101,89.9303,19.5110
12546,LIVE,NEW_DATA,20.9073,89.9303,19.5110
12547,LIVE,NEW_DATA,20.9004,89.9303,19.5110
12548,LIVE,NEW_DATA,20.9004,89.9303,19.5110
12549,LIVE,NEW_DATA,20.8976,89.9303,19.5110
12550,LIVE,NEW_DATA,20.8976,89.9303,19.5110
12551,LIVE,NEW_DATA,20.8907,89.9303,19.5110
12552,LIVE,NEW_DATA,20.8934,89.9303,19.5110
12553,LIVE,NEW_DATA,20.8948,89.9303,19.5110
12554,LIVE,NEW_DATA,20.8893,89.9303,19.5110
12555,LIVE,NEW_DATA,20.8837,89.9303,19.5110
12556,LIVE,NEW_DATA,20.8837,89.9303,19.5110
12557,LIVE,NEW_DATA,20.8796,89.9303,19.5110
12558,LIVE,NEW_DATA,20.8948,89.9303,19.5110
12559,LIVE,NEW_DATA,20.8823,89.9303,19.5110
12560,LIVE,NEW_DATA,20.8699,89.9303,19.5110
12561,LIVE,NEW_DATA,20.8726,89.9303,19.5110
12562,LIVE,NEW_DATA,20.8712,89.9303,19.6200
12563,LIVE,NEW_DATA,20.8629,89.9303,19.6200
12564,LIVE,NEW_DATA,20.8629,89.9303,19.6200
12565,LIVE,NEW_DATA,20.8629,89.9303,19.6200
12566,LIVE,NEW_DATA,20.8615,89.9303,19.6200
12567,LIVE,NEW_DATA,20.8602,89.9303,19.6200
12568,LIVE,NEW_DATA,20.8560,89.9303,19.6200
12569,LIVE,NEW_DATA,20.8504,89.9303,19.6200
12570,LIVE,NEW_DATA,20.8518,89.9303,19.6200
12571,LIVE,NEW_DATA,20.8463,89.9303,19.6200
12572,LIVE,NEW_DATA,20.8477,89.9303,19.6200
12573,LIVE,NEW_DATA,20.8421,89.9303,19.6200
12574,LIVE,NEW_DATA,20.8421,89.9303,19.6200
12575,LIVE,NEW_DATA,20.8380,89.9303,19.6200
12576,LIVE,NEW_DATA,20.8380,89.9303,19.6200
12577,LIVE,NEW_DATA,20.8380,89.9303,19.6200
12578,LIVE,NEW_DATA,20.8352,89.9303,19.6200
12579,LIVE,NEW_DATA,20.8296,89.9303,19.6200
12580,LIVE,NEW_DATA,20.8296,89.9303,19.6200
12581,LIVE,NEW_DATA,20.8282,89.9303,19.6200
12582,LIVE,NEW_DATA,20.8296,89.9303,19.6200
12583,LIVE,NEW_DATA,20.8296,89.9303,19.6200
12584,LIVE,NEW_DATA,20.8296,89.9303,19.6200
12585,LIVE,NEW_DATA,20.8241,89.9303,19.6200
12586,LIVE,NEW_DATA,20.8227,89.8926,19.4174
12587,LIVE,NEW_DATA,20.8199,89.8926,19.4174
12588,LIVE,NEW_DATA,20.8158,89.8926,19.4174
12589,LIVE,NEW_DATA,20.8144,89.8926,19.4174
12590,LIVE,NEW_DATA,20.8282,89.8926,19.4174
12591,LIVE,NEW_DATA,20.8227,89.8926,19.4174
12592,LIVE,NEW_DATA,20.8074,89.8926,19.4174
12593,LIVE,NEW_DATA,20.8047,89.8926,19.4174
12594,LIVE,NEW_DATA,20.8033,89.8926,19.4174
12595,LIVE,NEW_DATA,20.8074,89.8926,19.4174
12596,LIVE,NEW_DATA,20.8102,89.8926,19.4174
12597,LIVE,NEW_DATA,20.8019,89.8926,19.4174
12598,LIVE,NEW_DATA,20.8033,89.8926,19.4174
12599,LIVE,NEW_DATA,20.8047,89.8926,19.4174
12600,LIVE,NEW_DATA,20.8019,89.8926,19.4174
12601,LIVE,NEW_DATA,20.8061,89.8926,19.4174
12602,LIVE,NEW_DATA,20.8033,89.8926,19.4174
12603,LIVE,NEW_DATA,20.8047,89.8926,19.4174
12604,LIVE,NEW_DATA,20.8005,89.8926,19.4174
12605,LIVE,NEW_DATA,20.7880,89.8926,19.4174
12606,LIVE,NEW_DATA,20.7963,89.8926,19.4174
12607,LIVE,NEW_DATA,20.7950,89.8926,19.4174
12608,LIVE,NEW_DATA,20.7922,89.8926,19.4174
12609,LIVE,NEW_DATA,20.7894,89.8926,19.4174
12610,LIVE,NEW_DATA,20.7936,89.8023,19.3440
12611,LIVE,NEW_DATA,20.7936,89.8023,19.3440
12612,LIVE,NEW_DATA,20.7852,89.8023,19.3440
12613,LIVE,NEW_DATA,20.7880,89.8023,19.3440
12614,LIVE,NEW_DATA,20.7852,89.8023,19.3440
12615,LIVE,NEW_DATA,20.7839,89.8023,19.3440
12616,LIVE,NEW_DATA,20.7825,89.8023,19.3440
12617,LIVE,NEW_DATA,20.7880,89.8023,19.3440
12618,LIVE,NEW_DATA,20.7852,89.8023,19.3440
12619,LIVE,NEW_DATA,20.7825,89.8023,19.3440
12620,LIVE,NEW_DATA,20.7811,89.8023,19.3440
12621,LIVE,NEW_DATA,20.7762,89.8023,19.3440
12622,LIVE,NEW_DATA,20.7741,89.8023,19.3440
12623,LIVE,NEW_DATA,20.7866,89.8023,19.3440
12624,LIVE,NEW_DATA,20.7741,89.8023,19.3440
12625,LIVE,NEW_DATA,20.7686,89.8023,19.3440
12626,LIVE,NEW_DATA,20.7700,89.8023,19.3440
12627,LIVE,NEW_DATA,20.7714,89.8023,19.3440
12628,LIVE,NEW_DATA,20.7644,89.8023,19.3440
12629,LIVE,NEW_DATA,20.7631,89.8023,19.3440
12630,LIVE,NEW_DATA,20.7658,89.8023,19.3440
12631,LIVE,NEW_DATA,20.7631,89.8023,19.3440
12632,LIVE,NEW_DATA,20.7658,89.8023,19.3440
12633,LIVE,NEW_DATA,20.7700,89.8023,19.3440
12634,LIVE,NEW_DATA,20.7672,89.7078,18.3899
12635,LIVE,NEW_DATA,20.7658,89.7078,18.3899
12636,LIVE,NEW_DATA,20.7644,89.7078,18.3899
12637,LIVE,NEW_DATA,20.7658,89.7078,18.3899
12638,LIVE,NEW_DATA,20.7575,89.7078,18.3899
12639,LIVE,NEW_DATA,20.7575,89.7078,18.3899
12640,LIVE,NEW_DATA,20.7561,89.7078,18.3899
12641,LIVE,NEW_DATA,20.7533,89.7078,18.3899
12642,LIVE,NEW_DATA,20.7617,89.7078,18.3899
12643,LIVE,NEW_DATA,20.7464,89.7078,18.3899
12644,LIVE,NEW_DATA,20.7492,89.7078,18.3899
12645,LIVE,NEW_DATA,20.7464,89.7078,18.3899
12646,LIVE,NEW_DATA,20.7464,89.7078,18.3899
12647,LIVE,NEW_DATA,20.7436,89.7078,18.3899
12648,LIVE,NEW_DATA,20.7450,89.7078,18.3899
12649,LIVE,NEW_DATA,20.7436,89.7078,18.3899
12650,LIVE,NEW_DATA,20.7436,89.7078,18.3899
12651,LIVE,NEW_DATA,20.7395,89.7078,18.3899
12652,LIVE,NEW_DATA,20.7381,89.7078,18.3899
12653,LIVE,NEW_DATA,20.7339,89.7078,18.3899
12654,LIVE,NEW_DATA,20.7367,89.7078,18.3899
12655,LIVE,NEW_DATA,20.7298,89.7078,18.3899
12656,LIVE,NEW_DATA,20.7520,89.7078,18.3899
12657,LIVE,NEW_DATA,20.7242,89.7078,18.3899
12658,LIVE,NEW_DATA,20.7242,89.7078,18.3899
12659,LIVE,NEW_DATA,20.7242,89.7078,18.4929
12660,LIVE,NEW_DATA,20.7242,89.7078,18.4929
12661,LIVE,NEW_DATA,20.7270,89.7078,18.4929
12662,LIVE,NEW_DATA,20.7242,89.7078,18.4929
12663,LIVE,NEW_DATA,20.7187,89.7078,18.4929
12664,LIVE,NEW_DATA,20.7214,89.7078,18.4929
12665,LIVE,NEW_DATA,20.7228,89.7078,18.4929
12666,LIVE,NEW_DATA,20.7228,89.7078,18.4929
12667,LIVE,NEW_DATA,20.7200,89.7078,18.4929
12668,LIVE,NEW_DATA,20.7145,89.7078,18.4929
12669,LIVE,NEW_DATA,20.7159,89.7078,18.4929
12670,LIVE,NEW_DATA,20.7159,89.7078,18.4929
12671,LIVE,NEW_DATA,20.7131,89.7078,18.4929
12672,LIVE,NEW_DATA,20.7103,89.7078,18.4929
12673,LIVE,NEW_DATA,20.7076,89.7078,18.4929
12674,LIVE,NEW_DATA,20.7159,89.7078,18.4929
12675,LIVE,NEW_DATA,20.7048,89.7078,18.4929
12676,LIVE,NEW_DATA,20.7020,89.7078,18.4929
12677,LIVE,NEW_DATA,20.6965,89.7078,18.4929
12678,LIVE,NEW_DATA,20.6965,89.7078,18.4929
12679,LIVE,NEW_DATA,20.6965,89.7078,18.4929
12680,LIVE,NEW_DATA,20.6965,89.7078,18.4929
12681,LIVE,NEW_DATA,20.6979,89.7078,18.4929
12682,LIVE,NEW_DATA,20.6965,89.7078,18.4929
12683,LIVE,NEW_DATA,20.6895,89.7331,18.6189
12684,LIVE,NEW_DATA,20.6854,89.7331,18.6189
12685,LIVE,NEW_DATA,20.6881,89.7331,18.6189
12686,LIVE,NEW_DATA,20.6868,89.7331,18.6189
12687,LIVE,NEW_DATA,20.6937,89.7331,18.6189
12688,LIVE,NEW_DATA,20.6951,89.7331,18.6189
12689,LIVE,NEW_DATA,20.6798,89.7331,18.6189
12690,LIVE,NEW_DATA,20.6757,89.7331,18.6189
12691,LIVE,NEW_DATA,20.6770,89.7331,18.6189
12692,LIVE,NEW_DATA,20.6729,89.7331,18.6189
12693,LIVE,NEW_DATA,20.6777,89.7331,18.6189
12694,LIVE,NEW_DATA,20.6715,89.7331,18.6189
12695,LIVE,NEW_DATA,20.6701,89.7331,18.6189
12696,LIVE,NEW_DATA,20.6743,89.7331,18.6189
12697,LIVE,NEW_DATA,20.6715,89.7331,18.6189
12698,LIVE,NEW_DATA,20.6715,89.7331,18.6189
12699,LIVE,NEW_DATA,20.6646,89.7331,18.6189
12700,LIVE,NEW_DATA,20.6659,89.7331,18.6189
12701,LIVE,NEW_DATA,20.6632,89.7331,18.6189
12702,LIVE,NEW_DATA,20.6632,89.7331,18.6189
12703,LIVE,NEW_DATA,20.6618,89.7331,18.6189
12704,LIVE,NEW_DATA,20.6604,89.7331,18.6189
12705,LIVE,NEW_DATA,20.6549,89.7331,18.6189
12706,LIVE,NEW_DATA,20.6521,89.7331,18.6189
12707,LIVE,NEW_DATA,20.6465,89.7052,18.5918
12708,LIVE,NEW_DATA,20.6479,89.7052,18.5918
12709,LIVE,NEW_DATA,20.6465,89.7052,18.5918
12710,LIVE,NEW_DATA,20.6382,89.7052,18.5918
12711,LIVE,NEW_DATA,20.6368,89.7052,18.5918
12712,LIVE,NEW_DATA,20.6327,89.7052,18.5918
12713,LIVE,NEW_DATA,20.6340,89.7052,18.5918
12714,LIVE,NEW_DATA,20.6313,89.7052,18.5918
12715,LIVE,NEW_DATA,20.6285,89.7052,18.5918
12716,LIVE,NEW_DATA,20.6243,89.7052,18.5918
12717,LIVE,NEW_DATA,20.6188,89.7052,18.5918
12718,LIVE,NEW_DATA,20.6146,89.7052,18.5918
12719,LIVE,NEW_DATA,20.6188,89.7052,18.5918
12720,LIVE,NEW_DATA,20.6327,89.7052,18.5918
12721,LIVE,NEW_DATA,20.6063,89.7052,18.5918
12722,LIVE,NEW_DATA,20.5994,89.7052,18.5918
12723,LIVE,NEW_DATA,20.6008,89.7052,18.5918
12724,LIVE,NEW_DATA,20.5990,89.7052,18.5918
12725,LIVE,NEW_DATA,20.5994,89.7052,18.5918
12726,LIVE,NEW_DATA,20.5952,89.7052,18.5918
12727,LIVE,NEW_DATA,20.5987,89.7052,18.5918
12728,LIVE,NEW_DATA,20.5966,89.7052,18.5918
12729,LIVE,NEW_DATA,20.5910,89.7052,18.5918
12730,LIVE,NEW_DATA,20.5952,89.7052,18.5918
12731,LIVE,NEW_DATA,20.5869,89.6830,18.5918
12732,LIVE,NEW_DATA,20.5883,89.6830,18.5918
12733,LIVE,NEW_DATA,20.5827,89.6830,18.5918
12734,LIVE,NEW_DATA,20.5799,89.6830,18.5918
12735,LIVE,NEW_DATA,20.5702,89.6830,18.5918
12736,LIVE,NEW_DATA,20.5723,89.6830,18.5918
12737,LIVE,NEW_DATA,20.5661,89.6830,18.5918
12738,LIVE,NEW_DATA,20.5702,89.6830,18.5918
12739,LIVE,NEW_DATA,20.5730,89.6830,18.5918
12740,LIVE,NEW_DATA,20.5702,89.6830,18.5918
12741,LIVE,NEW_DATA,20.5688,89.6830,18.5918
12742,LIVE,NEW_DATA,20.5661,89.6830,18.5918
12743,LIVE,NEW_DATA,20.5688,89.6830,18.5918
12744,LIVE,NEW_DATA,20.5688,89.6830,18.5918
12745,LIVE,NEW_DATA,20.5716,89.6830,18.5918
12746,LIVE,NEW_DATA,20.5744,89.6830,18.5918
12747,LIVE,NEW_DATA,20.5702,89.6830,18.5918
12748,LIVE,NEW_DATA,20.5633,89.6830,18.5918
12749,LIVE,NEW_DATA,20.5578,89.6830,18.5918
12750,LIVE,NEW_DATA,20.5591,89.6830,18.5918
12751,LIVE,NEW_DATA,20.5633,89.6830,18.5918
12752,LIVE,NEW_DATA,20.5772,89.6830,18.5918
12753,LIVE,NEW_DATA,20.5522,89.6830,18.5918
12754,LIVE,NEW_DATA,20.5522,89.6830,18.5918
12755,LIVE,NEW_DATA,20.5508,89.7316,18.6370
12756,LIVE,NEW_DATA,20.5494,89.7316,18.6370
12757,LIVE,NEW_DATA,20.5494,89.7316,18.6370
12758,LIVE,NEW_DATA,20.5494,89.7316,18.6370
12759,LIVE,NEW_DATA,20.5536,89.7316,18.6370
12760,LIVE,NEW_DATA,20.5467,89.7316,18.6370
12761,LIVE,NEW_DATA,20.5480,89.7316,18.6370
12762,LIVE,NEW_DATA,20.5439,89.7316,18.6370
12763,LIVE,NEW_DATA,20.5487,89.7316,18.6370
12764,LIVE,NEW_DATA,20.5467,89.7316,18.6370
12765,LIVE,NEW_DATA,20.5467,89.7316,18.6370
12766,LIVE,NEW_DATA,20.5411,89.7316,18.6370
12767,LIVE,NEW_DATA,20.5411,89.7316,18.6370
12768,LIVE,NEW_DATA,20.5369,89.7316,18.6370
12769,LIVE,NEW_DATA,20.5397,89.7316,18.6370
12770,LIVE,NEW_DATA,20.5369,89.7316,18.6370
12771,LIVE,NEW_DATA,20.5328,89.7316,18.6370
12772,LIVE,NEW_DATA,20.5300,89.7316,18.6370
12773,LIVE,NEW_DATA,20.5314,89.7316,18.6370
12774,LIVE,NEW_DATA,20.5300,89.7316,18.6370
12775,LIVE,NEW_DATA,20.5272,89.7316,18.6370
12776,LIVE,NEW_DATA,20.5272,89.7316,18.6370
12777,LIVE,NEW_DATA,20.5258,89.7316,18.6370
12778,LIVE,NEW_DATA,20.5258,89.7316,18.6370
12779,LIVE,NEW_DATA,20.5175,89.7316,18.6370
12780,LIVE,NEW_DATA,20.5231,89.7869,18.4917
12781,LIVE,NEW_DATA,20.5161,89.7869,18.4917
12782,LIVE,NEW_DATA,20.5134,89.7869,18.4917
12783,LIVE,NEW_DATA,20.5217,89.7869,18.4917
12784,LIVE,NEW_DATA,20.5231,89.7869,18.4917
12785,LIVE,NEW_DATA,20.5120,89.7869,18.4917
12786,LIVE,NEW_DATA,20.5050,89.7869,18.4917
12787,LIVE,NEW_DATA,20.5092,89.7869,18.4917
12788,LIVE,NEW_DATA,20.5078,89.7869,18.4917
12789,LIVE,NEW_DATA,20.5023,89.7869,18.4917
12790,LIVE,NEW_DATA,20.5023,89.7869,18.4917
12791,LIVE,NEW_DATA,20.5023,89.7869,18.4917
12792,LIVE,NEW_DATA,20.5009,89.7869,18.4917
12793,LIVE,NEW_DATA,20.5050,89.7869,18.4917
12794,LIVE,NEW_DATA,20.5064,89.7869,18.4917
12795,LIVE,NEW_DATA,20.5050,89.7869,18.4917
12796,LIVE,NEW_DATA,20.4995,89.7869,18.4917
12797,LIVE,NEW_DATA,20.4953,89.7869,18.4917
12798,LIVE,NEW_DATA,20.4967,89.7869,18.4917
12799,LIVE,NEW_DATA,20.4967,89.7869,18.4917
12800,LIVE,NEW_DATA,20.4898,89.7869,18.4917
12801,LIVE,NEW_DATA,20.4898,89.7869,18.4917
12802,LIVE,NEW_DATA,20.4856,89.7869,18.4917
12803,LIVE,NEW_DATA,20.4856,89.7869,18.4917
12804,LIVE,NEW_DATA,20.4745,89.9546,18.4132
12805,LIVE,NEW_DATA,20.4745,89.9546,18.4132
12806,LIVE,NEW_DATA,20.4745,89.9546,18.4132
12807,LIVE,NEW_DATA,20.4717,89.9546,18.4132
12808,LIVE,NEW_DATA,20.4717,89.9546,18.4132
12809,LIVE,NEW_DATA,20.4704,89.9546,18.4132
12810,LIVE,NEW_DATA,20.4662,89.9546,18.4132
12811,LIVE,NEW_DATA,20.4676,89.9546,18.4132
12812,LIVE,NEW_DATA,20.4579,89.9546,18.4132
12813,LIVE,NEW_DATA,20.4606,89.9546,18.4132
12814,LIVE,NEW_DATA,20.4648,89.9546,18.4132
12815,LIVE,NEW_DATA,20.4745,89.9546,18.4132
12816,LIVE,NEW_DATA,20.4593,89.9546,18.4132
12817,LIVE,NEW_DATA,20.4579,89.9546,18.4132
12818,LIVE,NEW_DATA,20.4523,89.9546,18.4132
12819,LIVE,NEW_DATA,20.4551,89.9546,18.4132
12820,LIVE,NEW_DATA,20.4482,89.9546,18.4132
12821,LIVE,NEW_DATA,20.4509,89.9546,18.4132
12822,LIVE,NEW_DATA,20.4482,89.9546,18.4132
12823,LIVE,NEW_DATA,20.4496,89.9546,18.4132
12824,LIVE,NEW_DATA,20.4509,89.9546,18.4132
12825,LIVE,NEW_DATA,20.4523,89.9546,18.4132
12826,LIVE,NEW_DATA,20.4523,89.9546,18.4132
12827,LIVE,NEW_DATA,20.4496,89.9546,18.4132
12828,LIVE,NEW_DATA,20.4440,90.1472,18.3358
12829,LIVE,NEW_DATA,20.4440,90.1472,18.3358
12830,LIVE,NEW_DATA,20.4468,90.1472,18.3358
12831,LIVE,NEW_DATA,20.4385,90.1472,18.3358
12832,LIVE,NEW_DATA,20.4371,90.1472,18.3358
12833,LIVE,NEW_DATA,20.4412,90.1472,18.3358
12834,LIVE,NEW_DATA,20.4385,90.1472,18.3358
12835,LIVE,NEW_DATA,20.4343,90.1472,18.3358
12836,LIVE,NEW_DATA,20.4315,90.1472,18.3358
12837,LIVE,NEW_DATA,20.4371,90.1472,18.3358
12838,LIVE,NEW_DATA,20.4301,90.1472,18.3358
12839,LIVE,NEW_DATA,20.4287,90.1472,18.3358
12840,LIVE,NEW_DATA,20.4301,90.1472,18.3358
12841,LIVE,NEW_DATA,20.4246,90.1472,18.3358
12842,LIVE,NEW_DATA,20.4204,90.1472,18.3358
12843,LIVE,NEW_DATA,20.4190,90.1472,18.3358
12844,LIVE,NEW_DATA,20.4149,90.1472,18.3358
12845,LIVE,NEW_DATA,20.4215,90.1472,18.3358
12846,LIVE,NEW_DATA,20.4329,90.1472,18.3358
12847,LIVE,NEW_DATA,20.4149,90.1472,18.3358
12848,LIVE,NEW_DATA,20.4079,90.1472,18.3358
12849,LIVE,NEW_DATA,20.4052,90.1472,18.3358
12850,LIVE,NEW_DATA,20.4079,90.1472,18.3358
12851,LIVE,NEW_DATA,20.4038,90.1472,18.3358
12852,LIVE,NEW_DATA,20.4065,90.1472,18.3358
12853,LIVE,NEW_DATA,20.3996,90.1472,18.4336
12854,LIVE,NEW_DATA,20.3982,90.1472,18.4336
12855,LIVE,NEW_DATA,20.4024,90.1472,18.4336
12856,LIVE,NEW_DATA,20.4010,90.1472,18.4336
12857,LIVE,NEW_DATA,20.4024,90.1472,18.4336
12858,LIVE,NEW_DATA,20.4038,90.1472,18.4336
12859,LIVE,NEW_DATA,20.3968,90.1472,18.4336
12860,LIVE,NEW_DATA,20.3927,90.1472,18.4336
12861,LIVE,NEW_DATA,20.3913,90.1472,18.4336
12862,LIVE,NEW_DATA,20.3885,90.1472,18.4336
12863,LIVE,NEW_DATA,20.3941,90.1472,18.4336
12864,LIVE,NEW_DATA,20.3844,90.1472,18.4336
12865,LIVE,NEW_DATA,20.3927,90.1472,18.4336
12866,LIVE,NEW_DATA,20.3885,90.1472,18.4336
12867,LIVE,NEW_DATA,20.3857,90.1472,18.4336
12868,LIVE,NEW_DATA,20.3816,90.1472,18.4336
12869,LIVE,NEW_DATA,20.3788,90.1472,18.4336
12870,LIVE,NEW_DATA,20.3774,90.1472,18.4336
12871,LIVE,NEW_DATA,20.3788,90.1472,18.4336
12872,LIVE,NEW_DATA,20.3746,90.1472,18.4336
12873,LIVE,NEW_DATA,20.3733,90.1472,18.4336
12874,LIVE,NEW_DATA,20.3719,90.1472,18.4336
12875,LIVE,NEW_DATA,20.3705,90.1472,18.4336
12876,LIVE,NEW_DATA,20.3663,90.1472,18.4336
12877,LIVE,NEW_DATA,20.3691,90.2387,18.4774
12878,LIVE,NEW_DATA,20.3746,90.2387,18.4774
12879,LIVE,NEW_DATA,20.3635,90.2387,18.4774
12880,LIVE,NEW_DATA,20.3566,90.2387,18.4774
12881,LIVE,NEW_DATA,20.3524,90.2387,18.4774
12882,LIVE,NEW_DATA,20.3580,90.2387,18.4774
12883,LIVE,NEW_DATA,20.3483,90.2387,18.4774
12884,LIVE,NEW_DATA,20.3552,90.2387,18.4774
12885,LIVE,NEW_DATA,20.3524,90.2387,18.4774
12886,LIVE,NEW_DATA,20.3497,90.2387,18.4774
12887,LIVE,NEW_DATA,20.3552,90.2387,18.4774
12888,LIVE,NEW_DATA,20.3552,90.2387,18.4774
12889,LIVE,NEW_DATA,20.3580,90.2387,18.4774
12890,LIVE,NEW_DATA,20.3524,90.2387,18.4774
12891,LIVE,NEW_DATA,20.3497,90.2387,18.4774
12892,LIVE,NEW_DATA,20.3414,90.2387,18.4774
12893,LIVE,NEW_DATA,20.3414,90.2387,18.4774
12894,LIVE,NEW_DATA,20.3414,90.2387,18.4774
12895,LIVE,NEW_DATA,20.3414,90.2387,18.4774
12896,LIVE,NEW_DATA,20.3358,90.2387,18.4774
12897,LIVE,NEW_DATA,20.3358,90.2387,18.4774
12898,LIVE,NEW_DATA,20.3316,90.2387,18.4774
12899,LIVE,NEW_DATA,20.3330,90.2387,18.4774
12900,LIVE,NEW_DATA,20.3289,90.2387,18.4774
12901,LIVE,NEW_DATA,20.3275,90.2638,18.4263
12902,LIVE,NEW_DATA,20.3275,90.2638,18.4263
12903,LIVE,NEW_DATA,20.3275,90.2638,18.4263
12904,LIVE,NEW_DATA,20.3247,90.2638,18.4263
12905,LIVE,NEW_DATA,20.3205,90.2638,18.4263
12906,LIVE,NEW_DATA,20.3164,90.2638,18.4263
12907,LIVE,NEW_DATA,20.3192,90.2638,18.4263
12908,LIVE,NEW_DATA,20.3108,90.2638,18.4263
12909,LIVE,NEW_DATA,20.3219,90.2638,18.4263
12910,LIVE,NEW_DATA,20.3275,90.2638,18.4263
12911,LIVE,NEW_DATA,20.3081,90.2638,18.4263
12912,LIVE,NEW_DATA,20.3039,90.2638,18.4263
12913,LIVE,NEW_DATA,20.3067,90.2638,18.4263
12914,LIVE,NEW_DATA,20.3053,90.2638,18.4263
12915,LIVE,NEW_DATA,20.3053,90.2638,18.4263
12916,LIVE,NEW_DATA,20.2997,90.2638,18.4263
12917,LIVE,NEW_DATA,20.3025,90.2638,18.4263
12918,LIVE,NEW_DATA,20.3039,90.2638,18.4263
12919,LIVE,NEW_DATA,20.3011,90.2638,18.4263
12920,LIVE,NEW_DATA,20.3025,90.2638,18.4263
12921,LIVE,NEW_DATA,20.3011,90.2638,18.4263
12922,LIVE,NEW_DATA,20.2984,90.2638,18.4263
12923,LIVE,NEW_DATA,20.2942,90.2638,18.4263
12924,LIVE,NEW_DATA,20.2873,90.2638,18.4263
12925,LIVE,NEW_DATA,20.2914,90.1998,18.3430
12926,LIVE,NEW_DATA,20.2914,90.1998,18.3430
12927,LIVE,NEW_DATA,20.2886,90.1998,18.3430
12928,LIVE,NEW_DATA,20.2845,90.1998,18.3430
12929,LIVE,NEW_DATA,20.2845,90.1998,18.3430
12930,LIVE,NEW_DATA,20.2831,90.1998,18.3430
12931,LIVE,NEW_DATA,20.2859,90.1998,18.3430
12932,LIVE,NEW_DATA,20.2720,90.1998,18.3430
12933,LIVE,NEW_DATA,20.2748,90.1998,18.3430
12934,LIVE,NEW_DATA,20.2734,90.1998,18.3430
12935,LIVE,NEW_DATA,20.2720,90.1998,18.3430
12936,LIVE,NEW_DATA,20.2803,90.1998,18.3430
12937,LIVE,NEW_DATA,20.2678,90.1998,18.3430
12938,LIVE,NEW_DATA,20.2678,90.1998,18.3430
12939,LIVE,NEW_DATA,20.2637,90.1998,18.3430
12940,LIVE,NEW_DATA,20.2637,90.1998,18.3430
12941,LIVE,NEW_DATA,20.2775,90.1998,18.3430
12942,LIVE,NEW_DATA,20.2692,90.1998,18.3430
12943,LIVE,NEW_DATA,20.2581,90.1998,18.3430
12944,LIVE,NEW_DATA,20.2609,90.1998,18.3430
12945,LIVE,NEW_DATA,20.2609,90.1998,18.3430
12946,LIVE,NEW_DATA,20.2581,90.1998,18.3430
12947,LIVE,NEW_DATA,20.2581,90.1998,18.3430
12948,LIVE,NEW_DATA,20.2553,90.1998,18.3430
12949,LIVE,NEW_DATA,20.2540,90.1998,18.3430
12950,LIVE,NEW_DATA,20.2581,90.1998,18.4309
12951,LIVE,NEW_DATA,20.2526,90.1998,18.4309
12952,LIVE,NEW_DATA,20.2526,90.1998,18.4309
12953,LIVE,NEW_DATA,20.2498,90.1998,18.4309
12954,LIVE,NEW_DATA,20.2470,90.1998,18.4309
12955,LIVE,NEW_DATA,20.2456,90.1998,18.4309
12956,LIVE,NEW_DATA,20.2470,90.1998,18.4309
12957,LIVE,NEW_DATA,20.2470,90.1998,18.4309
12958,LIVE,NEW_DATA,20.2429,90.1998,18.4309
12959,LIVE,NEW_DATA,20.2429,90.1998,18.4309
12960,LIVE,NEW_DATA,20.2401,90.1998,18.4309
12961,LIVE,NEW_DATA,20.2387,90.1998,18.4309
12962,LIVE,NEW_DATA,20.2359,90.1998,18.4309
12963,LIVE,NEW_DATA,20.2345,90.1998,18.4309
12964,LIVE,NEW_DATA,20.2332,90.1998,18.4309
12965,LIVE,NEW_DATA,20.2318,90.1998,18.4309
12966,LIVE,NEW_DATA,20.2276,90.1998,18.4309
12967,LIVE,NEW_DATA,20.2276,90.1998,18.4309
12968,LIVE,NEW_DATA,20.2304,90.1998,18.4309
12969,LIVE,NEW_DATA,20.2248,90.1998,18.4309
12970,LIVE,NEW_DATA,20.2207,90.1998,18.4309
12971,LIVE,NEW_DATA,20.2179,90.1998,18.4309
12972,LIVE,NEW_DATA,20.2165,90.1998,18.4309
12973,LIVE,NEW_DATA,20.2276,90.1998,18.4309
12974,LIVE,NEW_DATA,20.2200,90.1372,18.3897
12975,LIVE,NEW_DATA,20.2054,90.1372,18.3897
12976,LIVE,NEW_DATA,20.2054,90.1372,18.3897
12977,LIVE,NEW_DATA,20.2054,90.1372,18.3897
12978,LIVE,NEW_DATA,20.2013,90.1372,18.3897
12979,LIVE,NEW_DATA,20.2026,90.1372,18.3897
12980,LIVE,NEW_DATA,20.1999,90.1372,18.3897
12981,LIVE,NEW_DATA,20.1971,90.1372,18.3897
12982,LIVE,NEW_DATA,20.2040,90.1372,18.3897
12983,LIVE,NEW_DATA,20.1971,90.1372,18.3897
12984,LIVE,NEW_DATA,20.1957,90.1372,18.3897
12985,LIVE,NEW_DATA,20.1957,90.1372,18.3897
12986,LIVE,NEW_DATA,20.1985,90.1372,18.3897
12987,LIVE,NEW_DATA,20.1915,90.1372,18.3897
12988,LIVE,NEW_DATA,20.1915,90.1372,18.3897
12989,LIVE,NEW_DATA,20.1874,90.1372,18.3897
12990,LIVE,NEW_DATA,20.1902,90.1372,18.3897
12991,LIVE,NEW_DATA,20.1832,90.1372,18.3897
12992,LIVE,NEW_DATA,20.1804,90.1372,18.3897
12993,LIVE,NEW_DATA,20.1832,90.1372,18.3897
12994,LIVE,NEW_DATA,20.1777,90.1372,18.3897
12995,LIVE,NEW_DATA,20.1763,90.1372,18.3897
12996,LIVE,NEW_DATA,20.1763,90.1372,18.3897
12997,LIVE,NEW_DATA,20.1721,90.1372,18.3897
12998,LIVE,NEW_DATA,20.1763,90.0438,18.3725
12999,LIVE,NEW_DATA,20.1680,90.0438,18.3725
13000,LIVE,NEW_DATA,20.1693,90.0438,18.3725
13001,LIVE,NEW_DATA,20.1638,90.0438,18.3725
13002,LIVE,NEW_DATA,20.1610,90.0438,18.3725
13003,LIVE,NEW_DATA,20.1596,90.0438,18.3725
13004,LIVE,NEW_DATA,20.1569,90.0438,18.3725
13005,LIVE,NEW_DATA,20.1666,90.0438,18.3725
13006,LIVE,NEW_DATA,20.1666,90.0438,18.3725
13007,LIVE,NEW_DATA,20.1513,90.0438,18.3725
13008,LIVE,NEW_DATA,20.1499,90.0438,18.3725
13009,LIVE,NEW_DATA,20.1485,90.0438,18.3725
13010,LIVE,NEW_DATA,20.1444,90.0438,18.3725
13011,LIVE,NEW_DATA,20.1444,90.0438,18.3725
13012,LIVE,NEW_DATA,20.1499,90.0438,18.3725
13013,LIVE,NEW_DATA,20.1444,90.0438,18.3725
13014,LIVE,NEW_DATA,20.1416,90.0438,18.3725
13015,LIVE,NEW_DATA,20.1430,90.0438,18.3725
13016,LIVE,NEW_DATA,20.1430,90.0438,18.3725
13017,LIVE,NEW_DATA,20.1388,90.0438,18.3725
13018,LIVE,NEW_DATA,20.1416,90.0438,18.3725
13019,LIVE,NEW_DATA,20.1388,90.0438,18.3725
13020,LIVE,NEW_DATA,20.1333,90.0438,18.3725
13021,LIVE,NEW_DATA,20.1361,90.0438,18.3725
13022,LIVE,NEW_DATA,20.1333,90.0438,18.3725
13023,LIVE,NEW_DATA,20.1277,90.0438,18.3725
13024,LIVE,NEW_DATA,20.1250,90.0438,18.3725
13025,LIVE,NEW_DATA,20.1236,90.0438,18.3725
13026,LIVE,NEW_DATA,20.1222,90.0438,18.3725
13027,LIVE,NEW_DATA,20.1180,90.0438,18.3725
13028,LIVE,NEW_DATA,20.1208,90.0438,18.3725
13029,LIVE,HOLD_LAST,20.1208,90.0438,18.3725
13030,LIVE,HOLD_LAST,20.1208,90.0438,18.3725
13031,LIVE,HOLD_LAST,20.1208,90.0438,18.3725
13032,LIVE,HOLD_LAST,20.1208,90.0438,18.3725
13033,LIVE,HOLD_LAST,20.1208,90.0438,18.3725
13034,LIVE,HOLD_LAST,20.1208,90.0438,18.3725
13035,LIVE,HOLD_LAST,20.1208,90.0438,18.3725
13036,LIVE,HOLD_LAST,20.1208,90.0438,18.3725
13037,LIVE,HOLD_LAST,20.1208,90.0438,18.3725
13038,LIVE,HOLD_LAST,20.1208,90.0438,18.3725
13039,LIVE,HOLD_LAST,20.1208,90.0438,18.3725
13040,LIVE,HOLD_LAST,20.1208,90.0438,18.3725
13041,LIVE,HOLD_LAST,20.1208,90.0438,18.3725
13042,LIVE,HOLD_LAST,20.1208,90.0438,18.3725
13043,LIVE,HOLD_LAST,20.1208,90.0438,18.3725
13044,LIVE,HOLD_LAST,20.1208,90.0438,18.3725
13045,LIVE,HOLD_LAST,20.1208,90.0438,18.3725
13046,LIVE,HOLD_LAST,20.1208,90.0438,18.3725
13047,LIVE,HOLD_LAST,20.1208,90.0438,18.3725
13048,LIVE,HOLD_LAST,20.1208,90.0438,18.3725
13049,LIVE,HOLD_LAST,20.1208,90.0438,18.3725
13050,LIVE,HOLD_LAST,20.1208,90.0438,18.3725
13051,LIVE,HOLD_LAST,20.1208,90.0438,18.3725
13052,LIVE,HOLD_LAST,20.1208,90.0438,18.3725
13053,LIVE,HOLD_LAST,20.1208,90.0438,18.3725
13054,LIVE,HOLD_LAST,20.1208,90.0438,18.3725
13055,LIVE,HOLD_LAST,20.1208,90.0438,18.3725
13056,LIVE,HOLD_LAST,20.1208,90.0438,18.3725
13057,LIVE,HOLD_LAST,20.1208,90.0438,18.3725
13058,LIVE,HOLD_LAST,20.1208,90.0438,18.3725
13059,LIVE,HOLD_LAST,20.1208,90.0438,18.3725
13060,LIVE,HOLD_LAST,20.1208,90.0438,18.3725
13061,LIVE,HOLD_LAST,20.1208,90.0438,18.3725
13062,LIVE,HOLD_LAST,20.1208,90.0438,18.3725
13063,LIVE,HOLD_LAST,20.1208,90.0438,18.3725
13064,LIVE,HOLD_LAST,20.1208,90.0438,18.3725
13065,LIVE,HOLD_LAST,20.1208,90.0438,18.3725
13066,LIVE,HOLD_LAST,20.1208,90.0438,18.3725
13067,LIVE,HOLD_LAST,20.1208,90.0438,18.3725
13068,LIVE,HOLD_LAST,20.1208,90.0438,18.3725
13069,LIVE,HOLD_LAST,20.1208,90.0438,18.3725
13070,LIVE,HOLD_LAST,20.1208,90.0438,18.3725
13071,LIVE,HOLD_LAST,20.1208,90.0438,18.3725
13072,LIVE,HOLD_LAST,20.1208,90.0438,18.3725
13073,LIVE,HOLD_LAST,20.1208,90.0438,18.3725
13074,LIVE,HOLD_LAST,20.1208,90.0438,18.3725
13075,LIVE,HOLD_LAST,20.1208,90.0438,18.3725
13076,LIVE,HOLD_LAST,20.1208,90.0438,18.3725
13077,LIVE,HOLD_LAST,20.1208,90.0438,18.3725
13078,LIVE,HOLD_LAST,20.1208,90.0438,18.3725
13079,LIVE,HOLD_LAST,20.1208,90.0438,18.3725
13080,LIVE,HOLD_LAST,20.1208,90.0438,18.3725
13081,LIVE,HOLD_LAST,20.1208,90.0438,18.3725
13082,LIVE,HOLD_LAST,20.1208,90.0438,18.3725
13083,LIVE,HOLD_LAST,20.1208,90.0438,18.3725
13084,LIVE,HOLD_LAST,20.1208,90.0438,18.3725
13085,LIVE,HOLD_LAST,20.1208,90.0438,18.3725
13086,LIVE,HOLD_LAST,20.1208,90.0438,18.3725
13087,LIVE,HOLD_LAST,20.1208,90.0438,18.3725
13088,LIVE,HOLD_LAST,20.1208,90.0438,18.3725
13089,LIVE,HOLD_LAST,20.1208,90.0438,18.3725
13090,LIVE,HOLD_LAST,20.1208,90.0438,18.3725
13091,LIVE,HOLD_LAST,20.1208,90.0438,18.3725
13092,LIVE,HOLD_LAST,20.1208,90.0438,18.3725
13093,LIVE,HOLD_LAST,20.1208,90.0438,18.3725
13094,LIVE,HOLD_LAST,20.1208,90.0438,18.3725
13095,LIVE,HOLD_LAST,20.1208,90.0438,18.3725
13096,LIVE,HOLD_LAST,20.1208,90.0438,18.3725
13097,LIVE,HOLD_LAST,20.1208,90.0438,18.3725
13098,LIVE,HOLD_LAST,20.1208,90.0438,18.3725
13099,LIVE,HOLD_LAST,20.1208,90.0438,18.3725
13100,LIVE,HOLD_LAST,20.1208,90.0438,18.3725
13101,LIVE,HOLD_LAST,20.1208,90.0438,18.3725
13102,LIVE,HOLD_LAST,20.1208,90.0438,18.3725
13103,LIVE,HOLD_LAST,20.1208,90.0438,18.3725
13104,LIVE,HOLD_LAST,20.1208,90.0438,18.3725
13105,LIVE,HOLD_LAST,20.1208,90.0438,18.3725
13106,LIVE,HOLD_LAST,20.1208,90.0438,18.3725
13107,LIVE,HOLD_LAST,20.1208,90.0438,18.3725
13108,LIVE,HOLD_LAST,20.1208,90.0438,18.3725
13109,LIVE,HOLD_LAST,20.1208,90.0438,18.3725
13110,LIVE,HOLD_LAST,20.1208,90.0438,18.3725
13111,LIVE,HOLD_LAST,20.1208,90.0438,18.3725
13112,LIVE,HOLD_LAST,20.1208,90.0438,18.3725
13113,LIVE,HOLD_LAST,20.1208,90.0438,18.3725
13114,LIVE,HOLD_LAST,20.1208,90.0438,18.3725
13115,LIVE,HOLD_LAST,20.1208,90.0438,18.3725
13116,LIVE,HOLD_LAST,20.1208,90.0438,18.3725
13117,LIVE,HOLD_LAST,20.1208,90.0438,18.3725
13118,LIVE,HOLD_LAST,20.1208,90.0438,18.3725
13119,LIVE,HOLD_LAST,20.1208,90.0438,18.3725
13120,LIVE,HOLD_LAST,20.1208,90.0438,18.3725
13121,LIVE,HOLD_LAST,20.1208,90.0438,18.3725
13122,LIVE,HOLD_LAST,20.1208,90.0438,18.3725
13123,LIVE,HOLD_LAST,20.1208,90.0438,18.3725
13124,LIVE,HOLD_LAST,20.1208,90.0438,18.3725
13125,LIVE,HOLD_LAST,20.1208,90.0438,18.3725
13126,LIVE,HOLD_LAST,20.1208,90.0438,18.3725
13127,LIVE,HOLD_LAST,20.1208,90.0438,18.3725
13128,LIVE,HOLD_LAST,20.1208,90.0438,18.3725
13129,LIVE,HOLD_LAST,20.1208,90.0438,18.3725
13130,LIVE,HOLD_LAST,20.1208,90.0438,18.3725
13131,LIVE,HOLD_LAST,20.1208,90.0438,18.3725
13132,LIVE,HOLD_LAST,20.1208,90.0438,18.3725
13133,LIVE,HOLD_LAST,20.1208,90.0438,18.3725
13134,LIVE,HOLD_LAST,20.1208,90.0438,18.3725
13135,LIVE,HOLD_LAST,20.1208,90.0438,18.3725
13136,LIVE,HOLD_LAST,20.1208,90.0438,18.3725
13137,LIVE,HOLD_LAST,20.1208,90.0438,18.3725
13138,LIVE,HOLD_LAST,20.1208,90.0438,18.3725
13139,LIVE,HOLD_LAST,20.1208,90.0438,18.3725
13140,LIVE,HOLD_LAST,20.1208,90.0438,18.3725
13141,LIVE,HOLD_LAST,20.1208,90.0438,18.3725
13142,LIVE,HOLD_LAST,20.1208,90.0438,18.3725
13143,LIVE,HOLD_LAST,20.1208,90.0438,18.3725
13144,LIVE,HOLD_LAST,20.1208,90.0438,18.3725
13145,LIVE,HOLD_LAST,20.1208,90.0438,18.3725
13146,LIVE,HOLD_LAST,20.1208,90.0438,18.3725
13147,LIVE,HOLD_LAST,20.1208,90.0438,18.3725
13148,LIVE,HOLD_LAST,20.1208,90.0438,18.3725
13149,LIVE,HOLD_LAST,20.1208,90.0438,18.3725
13150,LIVE,HOLD_LAST,20.1208,90.0438,18.3725
13151,LIVE,HOLD_LAST,20.1208,90.0438,18.3725
13152,LIVE,HOLD_LAST,20.1208,90.0438,18.3725
13153,LIVE,HOLD_LAST,20.1208,90.0438,18.3725
13154,LIVE,HOLD_LAST,20.1208,90.0438,18.3725
13155,LIVE,HOLD_LAST,20.1208,90.0438,18.3725
13156,LIVE,HOLD_LAST,20.1208,90.0438,18.3725
13157,LIVE,HOLD_LAST,20.1208,90.0438,18.3725
13158,LIVE,HOLD_LAST,20.1208,90.0438,18.3725
13159,LIVE,HOLD_LAST,20.1208,90.0438,18.3725
13160,LIVE,HOLD_LAST,20.1208,90.0438,18.3725
13161,LIVE,HOLD_LAST,20.1208,90.0438,18.3725
13162,LIVE,HOLD_LAST,20.1208,90.0438,18.3725
13163,LIVE,HOLD_LAST,20.1208,90.0438,18.3725
13164,LIVE,HOLD_LAST,20.1208,90.0438,18.3725
13165,LIVE,HOLD_LAST,20.1208,90.0438,18.3725
13166,LIVE,HOLD_LAST,20.1208,90.0438,18.3725
13167,LIVE,HOLD_LAST,20.1208,90.0438,18.3725
13168,LIVE,HOLD_LAST,20.1208,90.0438,18.3725
13169,LIVE,HOLD_LAST,20.1208,90.0438,18.3725
13170,LIVE,HOLD_LAST,20.1208,90.0438,18.3725
13171,LIVE,HOLD_LAST,20.1208,90.0438,18.3725
13172,LIVE,HOLD_LAST,20.1208,90.0438,18.3725
13173,LIVE,HOLD_LAST,20.1208,90.0438,18.3725
13174,LIVE,HOLD_LAST,20.1208,90.0438,18.3725
13175,LIVE,HOLD_LAST,20.1208,90.0438,18.3725
13176,LIVE,HOLD_LAST,20.1208,90.0438,18.3725
13177,LIVE,HOLD_LAST,20.1208,90.0438,18.3725
13178,LIVE,HOLD_LAST,20.1208,90.0438,18.3725
13179,LIVE,HOLD_LAST,20.1208,90.0438,18.3725
13180,LIVE,HOLD_LAST,20.1208,90.0438,18.3725
13181,LIVE,HOLD_LAST,20.1208,90.0438,18.3725
13182,LIVE,HOLD_LAST,20.1208,90.0438,18.3725
13183,LIVE,HOLD_LAST,20.1208,90.0438,18.3725
13184,LIVE,HOLD_LAST,20.1208,90.0438,18.3725
13185,LIVE,HOLD_LAST,20.1208,90.0438,18.3725
13186,LIVE,HOLD_LAST,20.1208,90.0438,18.3725
13187,LIVE,HOLD_LAST,20.1208,90.0438,18.3725
13188,LIVE,HOLD_LAST,20.1208,90.0438,18.3725
13189,LIVE,HOLD_LAST,20.1208,90.0438,18.3725
13190,LIVE,HOLD_LAST,20.1208,90.0438,18.3725
13191,LIVE,HOLD_LAST,20.1208,90.0438,18.3725
13192,LIVE,HOLD_LAST,20.1208,90.0438,18.3725
13193,LIVE,HOLD_LAST,20.1208,90.0438,18.3725
13194,LIVE,HOLD_LAST,20.1208,90.0438,18.3725
13195,LIVE,HOLD_LAST,20.1208,90.0438,18.3725
13196,LIVE,HOLD_LAST,20.1208,90.0438,18.3725
13197,LIVE,HOLD_LAST,20.1208,90.0438,18.3725
13198,LIVE,HOLD_LAST,20.1208,90.0438,18.3725
13199,LIVE,HOLD_LAST,20.1208,90.0438,18.3725
13200,LIVE,HOLD_LAST,20.1208,90.0438,18.3725
13201,LIVE,HOLD_LAST,20.1208,90.0438,18.3725
13202,LIVE,HOLD_LAST,20.1208,90.0438,18.3725
13203,LIVE,HOLD_LAST,20.1208,90.0438,18.3725
13204,LIVE,HOLD_LAST,20.1208,90.0438,18.3725
13205,LIVE,HOLD_LAST,20.1208,90.0438,18.3725
13206,LIVE,HOLD_LAST,20.1208,90.0438,18.3725
13207,LIVE,HOLD_LAST,20.1208,90.0438,18.3725
13208,LIVE,HOLD_LAST,20.1208,90.0438,18.3725
13209,LIVE,HOLD_LAST,20.1208,90.0438,18.3725
13210,LIVE,HOLD_LAST,20.1208,90.0438,18.3725
13211,LIVE,HOLD_LAST,20.1208,90.0438,18.3725
13212,LIVE,HOLD_LAST,20.1208,90.0438,18.3725
13213,LIVE,HOLD_LAST,20.1208,90.0438,18.3725
13214,LIVE,HOLD_LAST,20.1208,90.0438,18.3725
13215,LIVE,HOLD_LAST,20.1208,90.0438,18.3725
13216,LIVE,HOLD_LAST,20.1208,90.0438,18.3725
13217,LIVE,HOLD_LAST,20.1208,90.0438,18.3725
13218,LIVE,HOLD_LAST,20.1208,90.0438,18.3725
13219,LIVE,HOLD_LAST,20.1208,90.0438,18.3725
13220,LIVE,HOLD_LAST,20.1208,90.0438,18.3725
13221,LIVE,HOLD_LAST,20.1208,90.0438,18.3725
13222,LIVE,HOLD_LAST,20.1208,90.0438,18.3725
13223,LIVE,HOLD_LAST,20.1208,90.0438,18.3725
13224,LIVE,HOLD_LAST,20.1208,90.0438,18.3725
13225,LIVE,HOLD_LAST,20.1208,90.0438,18.3725
13226,LIVE,HOLD_LAST,20.1208,90.0438,18.3725
13227,LIVE,HOLD_LAST,20.1208,90.0438,18.3725
13228,LIVE,HOLD_LAST,20.1208,90.0438,18.3725
13229,LIVE,HOLD_LAST,20.1208,90.0438,18.3725
13230,LIVE,HOLD_LAST,20.1208,90.0438,18.3725
13231,LIVE,HOLD_LAST,20.1208,90.0438,18.3725
13232,LIVE,HOLD_LAST,20.1208,90.0438,18.3725
13233,LIVE,HOLD_LAST,20.1208,90.0438,18.3725
13234,LIVE,HOLD_LAST,20.1208,90.0438,18.3725
13235,LIVE,HOLD_LAST,20.1208,90.0438,18.3725
13236,LIVE,HOLD_LAST,20.1208,90.0438,18.3725
13237,LIVE,HOLD_LAST,20.1208,90.0438,18.3725
13238,LIVE,HOLD_LAST,20.1208,90.0438,18.3725
13239,LIVE,HOLD_LAST,20.1208,90.0438,18.3725
13240,LIVE,HOLD_LAST,20.1208,90.0438,18.3725
13241,LIVE,HOLD_LAST,20.1208,90.0438,18.3725
13242,LIVE,HOLD_LAST,20.1208,90.0438,18.3725
13243,LIVE,HOLD_LAST,20.1208,90.0438,18.3725
13244,LIVE,HOLD_LAST,20.1208,90.0438,18.3725
13245,LIVE,HOLD_LAST,20.1208,90.0438,18.3725
13246,LIVE,HOLD_LAST,20.1208,90.0438,18.3725
13247,LIVE,HOLD_LAST,20.1208,90.0438,18.3725
13248,LIVE,HOLD_LAST,20.1208,90.0438,18.3725
13249,LIVE,HOLD_LAST,20.1208,90.0438,18.3725
13250,LIVE,HOLD_LAST,20.1208,90.0438,18.3725
13251,LIVE,HOLD_LAST,20.1208,90.0438,18.3725
13252,LIVE,HOLD_LAST,20.1208,90.0438,18.3725
13253,LIVE,HOLD_LAST,20.1208,90.0438,18.3725
13254,LIVE,HOLD_LAST,20.1208,90.0438,18.3725
13255,LIVE,HOLD_LAST,20.1208,90.0438,18.3725
13256,LIVE,HOLD_LAST,20.1208,90.0438,18.3725
13257,LIVE,HOLD_LAST,20.1208,90.0438,18.3725
13258,LIVE,HOLD_LAST,20.1208,90.0438,18.3725
13259,LIVE,HOLD_LAST,20.1208,90.0438,18.3725
13260,LIVE,HOLD_LAST,20.1208,90.0438,18.3725
13261,LIVE,HOLD_LAST,20.1208,90.0438,18.3725
13262,LIVE,HOLD_LAST,20.1208,90.0438,18.3725
13263,LIVE,HOLD_LAST,20.1208,90.0438,18.3725
13264,LIVE,HOLD_LAST,20.1208,90.0438,18.3725
13265,LIVE,HOLD_LAST,20.1208,90.0438,18.3725
13266,LIVE,HOLD_LAST,20.1208,90.0438,18.3725
13267,LIVE,HOLD_LAST,20.1208,90.0438,18.3725
13268,LIVE,HOLD_LAST,20.1208,90.0438,18.3725
13269,LIVE,HOLD_LAST,20.1208,90.0438,18.3725
13270,LIVE,HOLD_LAST,20.1208,90.0438,18.3725
13271,LIVE,HOLD_LAST,20.1208,90.0438,18.3725
13272,LIVE,HOLD_LAST,20.1208,90.0438,18.3725
13273,LIVE,HOLD_LAST,20.1208,90.0438,18.3725
13274,LIVE,HOLD_LAST,20.1208,90.0438,18.3725
13275,LIVE,HOLD_LAST,20.1208,90.0438,18.3725
13276,LIVE,HOLD_LAST,20.1208,90.0438,18.3725
13277,LIVE,HOLD_LAST,20.1208,90.0438,18.3725
13278,LIVE,HOLD_LAST,20.1208,90.0438,18.3725
