tick_n,phase,status,raw_eda,raw_hr,raw_hrv
1,BASELINE,NEW_DATA,20.689400,nan,nan
2,BASELINE,NEW_DATA,20.689400,nan,nan
3,BASELINE,NEW_DATA,20.689400,nan,nan
4,BASELINE,NEW_DATA,20.689400,nan,nan
5,BASELINE,NEW_DATA,20.689400,nan,nan
6,BASELINE,NEW_DATA,20.689400,nan,nan
7,BASELINE,NEW_DATA,20.689400,nan,nan
8,BASELINE,NEW_DATA,20.657000,nan,nan
9,BASELINE,NEW_DATA,20.657000,nan,nan
10,BASELINE,NEW_DATA,20.657000,nan,nan
11,BASELINE,NEW_DATA,20.657000,nan,nan
12,BASELINE,NEW_DATA,20.657000,nan,nan
13,BASELINE,NEW_DATA,20.657000,nan,nan
14,BASELINE,NEW_DATA,20.657000,nan,nan
15,BASELINE,NEW_DATA,20.657000,nan,nan
16,BASELINE,NEW_DATA,20.592899,nan,nan
17,BASELINE,NEW_DATA,20.592899,nan,nan
18,BASELINE,NEW_DATA,20.592899,nan,nan
19,BASELINE,NEW_DATA,20.592899,nan,nan
20,BASELINE,NEW_DATA,20.592899,nan,nan
21,BASELINE,NEW_DATA,20.581100,nan,nan
22,BASELINE,NEW_DATA,20.564301,nan,nan
23,BASELINE,NEW_DATA,20.564301,nan,nan
24,BASELINE,NEW_DATA,20.564301,nan,nan
25,BASELINE,NEW_DATA,20.564301,nan,nan
26,BASELINE,NEW_DATA,20.564301,nan,nan
27,BASELINE,NEW_DATA,20.526100,nan,nan
28,BASELINE,NEW_DATA,20.500900,nan,nan
29,BASELINE,NEW_DATA,20.500900,nan,nan
30,BASELINE,NEW_DATA,20.500900,nan,nan
31,BASELINE,NEW_DATA,20.500900,nan,nan
32,BASELINE,NEW_DATA,20.412800,nan,nan
33,BASELINE,NEW_DATA,20.481899,nan,nan
34,BASELINE,NEW_DATA,20.412800,nan,nan
35,BASELINE,NEW_DATA,20.481899,nan,nan
36,BASELINE,NEW_DATA,20.412800,nan,nan
37,BASELINE,NEW_DATA,20.412800,nan,nan
38,BASELINE,NEW_DATA,20.412800,nan,nan
39,BASELINE,NEW_DATA,20.428801,nan,nan
40,BASELINE,NEW_DATA,20.428801,nan,nan
41,BASELINE,NEW_DATA,20.412800,nan,nan
42,BASELINE,NEW_DATA,20.385700,nan,nan
43,BASELINE,NEW_DATA,20.357500,nan,nan
44,BASELINE,NEW_DATA,20.428801,nan,nan
45,BASELINE,NEW_DATA,20.428801,nan,nan
46,BASELINE,NEW_DATA,20.428801,nan,nan
47,BASELINE,NEW_DATA,20.428801,nan,nan
48,BASELINE,NEW_DATA,20.357500,nan,nan
49,BASELINE,NEW_DATA,20.428801,nan,nan
50,BASELINE,NEW_DATA,20.385700,nan,nan
51,BASELINE,NEW_DATA,20.385700,nan,nan
52,BASELINE,NEW_DATA,20.385700,nan,nan
53,BASELINE,NEW_DATA,20.314400,nan,nan
54,BASELINE,NEW_DATA,20.314400,nan,nan
55,BASELINE,NEW_DATA,20.336901,nan,nan
56,BASELINE,NEW_DATA,20.314400,nan,nan
57,BASELINE,NEW_DATA,20.336901,nan,nan
58,BASELINE,NEW_DATA,20.336901,nan,nan
59,BASELINE,NEW_DATA,20.336901,nan,nan
60,BASELINE,NEW_DATA,20.336901,nan,nan
61,BASELINE,NEW_DATA,20.259100,nan,nan
62,BASELINE,NEW_DATA,20.274000,nan,nan
63,BASELINE,NEW_DATA,20.275900,nan,nan
64,BASELINE,NEW_DATA,20.253000,nan,nan
65,BASELINE,NEW_DATA,20.259100,nan,nan
66,BASELINE,NEW_DATA,20.253000,nan,nan
67,BASELINE,NEW_DATA,20.251101,67.805290,nan
68,BASELINE,NEW_DATA,20.253000,nan,nan
69,BASELINE,NEW_DATA,20.307899,67.805290,nan
70,BASELINE,NEW_DATA,20.251101,67.805290,nan
71,BASELINE,NEW_DATA,20.254101,67.805290,nan
72,BASELINE,NEW_DATA,20.254101,67.805290,nan
73,BASELINE,NEW_DATA,20.312500,67.805290,nan
74,BASELINE,NEW_DATA,20.307899,67.805290,nan
75,BASELINE,NEW_DATA,20.307899,67.805290,nan
76,BASELINE,NEW_DATA,20.312500,67.805290,nan
77,BASELINE,NEW_DATA,20.616899,69.583229,nan
78,BASELINE,NEW_DATA,20.339199,67.805290,nan
79,BASELINE,NEW_DATA,20.391800,67.805290,nan
80,BASELINE,NEW_DATA,20.391800,67.805290,nan
81,BASELINE,NEW_DATA,20.391800,67.805290,nan
82,BASELINE,NEW_DATA,20.616899,69.583229,nan
83,BASELINE,NEW_DATA,21.028099,71.431564,nan
84,BASELINE,NEW_DATA,21.134899,71.431564,nan
85,BASELINE,NEW_DATA,20.759600,69.583229,nan
86,BASELINE,NEW_DATA,20.894199,71.431564,nan
87,BASELINE,NEW_DATA,21.028099,71.431564,nan
88,BASELINE,NEW_DATA,21.028099,71.431564,nan
89,BASELINE,NEW_DATA,21.459200,74.172005,nan
90,BASELINE,NEW_DATA,21.250900,74.172005,nan
91,BASELINE,NEW_DATA,21.487000,74.172005,nan
92,BASELINE,NEW_DATA,21.327200,74.172005,nan
93,BASELINE,NEW_DATA,21.459200,74.172005,nan
94,BASELINE,NEW_DATA,21.459200,74.172005,nan
95,BASELINE,NEW_DATA,21.459200,74.172005,nan
96,BASELINE,NEW_DATA,21.521000,74.172005,nan
97,BASELINE,NEW_DATA,21.521000,74.172005,nan
98,BASELINE,NEW_DATA,21.521000,74.172005,nan
99,BASELINE,NEW_DATA,21.731199,76.154846,nan
100,BASELINE,NEW_DATA,22.055099,77.978012,nan
101,BASELINE,NEW_DATA,21.572901,76.154846,nan
102,BASELINE,NEW_DATA,21.731199,76.154846,nan
103,BASELINE,NEW_DATA,21.626301,76.154846,nan
104,BASELINE,NEW_DATA,21.626301,76.154846,nan
105,BASELINE,NEW_DATA,22.131300,78.840309,nan
106,BASELINE,NEW_DATA,22.181700,78.840309,nan
107,BASELINE,NEW_DATA,21.926500,77.978012,nan
108,BASELINE,NEW_DATA,22.192400,78.840309,nan
109,BASELINE,NEW_DATA,22.175600,78.840309,nan
110,BASELINE,NEW_DATA,22.055099,77.978012,nan
111,BASELINE,NEW_DATA,22.131300,78.840309,nan
112,BASELINE,NEW_DATA,22.181700,78.840309,nan
113,BASELINE,NEW_DATA,22.170601,78.840309,nan
114,BASELINE,NEW_DATA,22.192400,78.840309,nan
115,BASELINE,NEW_DATA,22.070299,78.912384,nan
116,BASELINE,NEW_DATA,22.175600,78.840309,nan
117,BASELINE,NEW_DATA,22.029100,78.912384,nan
118,BASELINE,NEW_DATA,22.181700,78.840309,nan
119,BASELINE,NEW_DATA,22.169500,78.840309,nan
120,BASELINE,NEW_DATA,22.070299,78.912384,nan
121,BASELINE,NEW_DATA,22.119101,78.840309,nan
122,BASELINE,NEW_DATA,22.112301,78.912384,nan
123,BASELINE,NEW_DATA,22.112301,78.912384,nan
124,BASELINE,NEW_DATA,21.676600,78.783745,nan
125,BASELINE,NEW_DATA,21.926500,78.912384,nan
126,BASELINE,NEW_DATA,21.584299,78.593216,nan
127,BASELINE,NEW_DATA,22.029100,78.912384,nan
128,BASELINE,NEW_DATA,22.029100,78.912384,nan
129,BASELINE,NEW_DATA,21.950500,78.912384,nan
130,BASELINE,NEW_DATA,21.322599,78.585121,nan
131,BASELINE,NEW_DATA,21.676600,78.783745,nan
132,BASELINE,NEW_DATA,21.398500,78.593216,nan
133,BASELINE,NEW_DATA,21.802500,78.783745,nan
134,BASELINE,NEW_DATA,21.802500,78.783745,nan
135,BASELINE,NEW_DATA,21.322599,78.585121,nan
136,BASELINE,NEW_DATA,21.676600,78.783745,nan
137,BASELINE,NEW_DATA,21.676600,78.783745,nan
138,BASELINE,NEW_DATA,21.205099,79.299400,nan
139,BASELINE,NEW_DATA,21.584299,78.593216,nan
140,BASELINE,NEW_DATA,21.532801,78.593216,nan
141,BASELINE,NEW_DATA,21.532801,78.593216,nan
142,BASELINE,NEW_DATA,21.532801,78.593216,nan
143,BASELINE,NEW_DATA,21.495100,78.593216,nan
144,BASELINE,NEW_DATA,21.322599,78.585121,nan
145,BASELINE,NEW_DATA,21.441999,78.593216,nan
146,BASELINE,NEW_DATA,21.398500,78.593216,nan
147,BASELINE,NEW_DATA,21.208200,79.299400,nan
148,BASELINE,NEW_DATA,21.325701,78.585121,nan
149,BASELINE,NEW_DATA,21.322599,78.585121,nan
150,BASELINE,NEW_DATA,21.167000,79.299400,nan
151,BASELINE,NEW_DATA,21.322599,78.585121,nan
152,BASELINE,NEW_DATA,21.327200,81.890038,nan
153,BASELINE,NEW_DATA,21.327200,81.890038,nan
154,BASELINE,NEW_DATA,21.273399,78.926201,nan
155,BASELINE,NEW_DATA,21.305799,81.964119,nan
156,BASELINE,NEW_DATA,21.191799,78.926201,nan
157,BASELINE,NEW_DATA,21.346701,81.964119,nan
158,BASELINE,NEW_DATA,21.284500,81.964119,nan
159,BASELINE,NEW_DATA,21.208200,79.299400,nan
160,BASELINE,NEW_DATA,21.208200,79.299400,nan
161,BASELINE,NEW_DATA,21.218500,79.299400,nan
162,BASELINE,NEW_DATA,21.119699,80.863892,nan
163,BASELINE,NEW_DATA,21.201300,81.993172,nan
164,BASELINE,NEW_DATA,21.138000,80.107895,nan
165,BASELINE,NEW_DATA,21.250900,81.536797,nan
166,BASELINE,NEW_DATA,21.163900,80.107895,nan
167,BASELINE,NEW_DATA,21.180700,80.107895,nan
168,BASELINE,NEW_DATA,21.180700,80.107895,nan
169,BASELINE,NEW_DATA,21.138000,80.107895,nan
170,BASELINE,NEW_DATA,21.163900,80.107895,nan
171,BASELINE,NEW_DATA,21.163900,80.107895,nan
172,BASELINE,NEW_DATA,21.163900,80.107895,nan
173,BASELINE,NEW_DATA,21.305799,81.964119,nan
174,BASELINE,NEW_DATA,21.250900,81.536797,nan
175,BASELINE,NEW_DATA,21.119699,80.863892,nan
176,BASELINE,NEW_DATA,21.119699,80.863892,nan
177,BASELINE,NEW_DATA,21.346701,81.964119,nan
178,BASELINE,NEW_DATA,21.346701,81.964119,nan
179,BASELINE,NEW_DATA,21.580500,82.197502,nan
180,BASELINE,NEW_DATA,21.238701,82.197502,nan
181,BASELINE,NEW_DATA,21.357700,81.536797,nan
182,BASELINE,NEW_DATA,21.160900,82.058670,nan
183,BASELINE,NEW_DATA,21.816299,82.197502,nan
184,BASELINE,NEW_DATA,21.365000,82.197502,nan
185,BASELINE,NEW_DATA,21.353100,81.890038,nan
186,BASELINE,NEW_DATA,21.339399,81.536797,nan
187,BASELINE,NEW_DATA,21.255501,81.993172,nan
188,BASELINE,NEW_DATA,21.177700,82.058670,nan
189,BASELINE,NEW_DATA,21.250900,81.993172,nan
190,BASELINE,NEW_DATA,21.193701,81.993172,nan
191,BASELINE,NEW_DATA,21.305799,81.964119,nan
192,BASELINE,NEW_DATA,21.986401,82.919662,nan
193,BASELINE,NEW_DATA,21.816299,82.197502,nan
194,BASELINE,NEW_DATA,22.102400,83.335342,nan
195,BASELINE,NEW_DATA,21.486700,82.197502,nan
196,BASELINE,NEW_DATA,21.305799,81.964119,nan
197,BASELINE,NEW_DATA,22.666901,83.335342,nan
198,BASELINE,NEW_DATA,21.903999,82.344917,nan
199,BASELINE,NEW_DATA,22.793200,83.335342,nan
200,BASELINE,NEW_DATA,22.889700,83.335342,nan
201,BASELINE,NEW_DATA,21.150600,82.118080,nan
202,BASELINE,NEW_DATA,22.985800,83.803040,nan
203,BASELINE,NEW_DATA,22.793200,83.335342,nan
204,BASELINE,NEW_DATA,21.153299,82.058670,nan
205,BASELINE,NEW_DATA,21.193701,81.993172,nan
206,BASELINE,NEW_DATA,21.486700,82.197502,nan
207,BASELINE,NEW_DATA,21.177700,82.058670,nan
208,BASELINE,NEW_DATA,22.793200,83.335342,nan
209,BASELINE,NEW_DATA,22.666901,83.335342,nan
210,BASELINE,NEW_DATA,21.153299,82.058670,nan
211,BASELINE,NEW_DATA,21.365000,82.197502,nan
212,BASELINE,NEW_DATA,22.264099,83.335342,nan
213,BASELINE,NEW_DATA,21.816299,82.197502,nan
214,BASELINE,NEW_DATA,21.202900,82.118080,nan
215,BASELINE,NEW_DATA,21.855200,82.344917,nan
216,BASELINE,NEW_DATA,22.102400,83.335342,nan
217,BASELINE,NEW_DATA,21.986401,82.919662,nan
218,BASELINE,NEW_DATA,21.816299,82.197502,nan
219,BASELINE,NEW_DATA,21.486700,82.197502,nan
220,BASELINE,NEW_DATA,21.580500,82.197502,nan
221,BASELINE,NEW_DATA,21.730000,82.197502,nan
222,BASELINE,NEW_DATA,22.889700,84.184006,nan
223,BASELINE,NEW_DATA,22.884399,84.184006,nan
224,BASELINE,NEW_DATA,21.816299,82.197502,nan
225,BASELINE,NEW_DATA,22.666901,83.335342,nan
226,BASELINE,NEW_DATA,22.789000,84.416176,nan
227,BASELINE,NEW_DATA,21.889900,82.344917,nan
228,BASELINE,NEW_DATA,22.889700,83.335342,nan
229,BASELINE,NEW_DATA,22.264099,83.335342,nan
230,BASELINE,NEW_DATA,22.064199,84.463425,nan
231,BASELINE,NEW_DATA,22.567699,84.416176,nan
232,BASELINE,NEW_DATA,22.475401,84.416176,nan
233,BASELINE,NEW_DATA,22.387699,84.416176,nan
234,BASELINE,NEW_DATA,22.387699,84.416176,nan
235,BASELINE,NEW_DATA,22.728001,84.416176,nan
236,BASELINE,NEW_DATA,22.666901,83.335342,nan
237,BASELINE,NEW_DATA,22.889700,84.184006,nan
238,BASELINE,NEW_DATA,22.297701,84.480820,nan
239,BASELINE,NEW_DATA,22.793200,83.335342,nan
240,BASELINE,NEW_DATA,21.675100,84.393158,nan
241,BASELINE,NEW_DATA,22.140499,84.480820,nan
242,BASELINE,NEW_DATA,22.985800,83.803040,nan
243,BASELINE,NEW_DATA,21.835300,84.463425,nan
244,BASELINE,NEW_DATA,21.815500,84.463425,nan
245,BASELINE,NEW_DATA,22.003201,84.463425,nan
246,BASELINE,NEW_DATA,21.815500,84.463425,nan
247,BASELINE,NEW_DATA,22.789000,84.416176,nan
248,BASELINE,NEW_DATA,22.003201,84.463425,nan
249,BASELINE,NEW_DATA,22.728001,84.416176,nan
250,BASELINE,NEW_DATA,22.064199,84.463425,nan
251,BASELINE,NEW_DATA,22.889700,84.184006,nan
252,BASELINE,NEW_DATA,22.884399,84.184006,nan
253,BASELINE,NEW_DATA,21.815500,84.463425,nan
254,BASELINE,NEW_DATA,21.550800,84.510063,nan
255,BASELINE,NEW_DATA,21.756001,84.463425,nan
256,BASELINE,NEW_DATA,21.483601,84.510063,nan
257,BASELINE,NEW_DATA,21.368401,85.037971,nan
258,BASELINE,NEW_DATA,22.475401,84.416176,nan
259,BASELINE,NEW_DATA,21.455799,84.803177,nan
260,BASELINE,NEW_DATA,22.003201,84.463425,nan
261,BASELINE,NEW_DATA,21.455799,84.803177,nan
262,BASELINE,NEW_DATA,21.369900,85.037971,nan
263,BASELINE,NEW_DATA,21.369900,85.037971,nan
264,BASELINE,NEW_DATA,21.369900,85.037971,nan
265,BASELINE,NEW_DATA,21.370701,85.037971,nan
266,BASELINE,NEW_DATA,21.437799,85.279846,nan
267,BASELINE,NEW_DATA,21.756001,84.463425,nan
268,BASELINE,NEW_DATA,21.374500,85.037971,nan
269,BASELINE,NEW_DATA,21.675100,84.393158,nan
270,BASELINE,NEW_DATA,21.675100,84.393158,nan
271,BASELINE,NEW_DATA,21.615601,84.393158,nan
272,BASELINE,NEW_DATA,21.437799,85.279846,nan
273,BASELINE,NEW_DATA,21.467600,85.279846,nan
274,BASELINE,NEW_DATA,21.368401,85.037971,nan
275,BASELINE,NEW_DATA,21.527100,85.275711,nan
276,BASELINE,NEW_DATA,21.727800,85.275711,nan
277,BASELINE,NEW_DATA,21.727800,85.275711,nan
278,BASELINE,NEW_DATA,22.014601,85.275711,nan
279,BASELINE,NEW_DATA,22.117599,84.992668,nan
280,BASELINE,NEW_DATA,22.117599,84.992668,nan
281,BASELINE,NEW_DATA,22.170601,84.992668,nan
282,BASELINE,NEW_DATA,22.014601,85.275711,nan
283,BASELINE,NEW_DATA,22.014601,85.275711,nan
284,BASELINE,NEW_DATA,21.550800,84.510063,nan
285,BASELINE,NEW_DATA,21.934500,85.275711,nan
286,BASELINE,NEW_DATA,22.117599,84.992668,nan
287,BASELINE,NEW_DATA,22.014601,85.275711,nan
288,BASELINE,NEW_DATA,21.374500,85.037971,nan
289,BASELINE,NEW_DATA,22.143600,84.632996,nan
290,BASELINE,NEW_DATA,22.143600,84.632996,nan
291,BASELINE,NEW_DATA,21.617100,85.275711,nan
292,BASELINE,NEW_DATA,22.143600,84.632996,nan
293,BASELINE,NEW_DATA,22.053499,84.632996,nan
294,BASELINE,NEW_DATA,22.051600,84.632996,nan
295,BASELINE,NEW_DATA,21.467600,85.279846,nan
296,BASELINE,NEW_DATA,21.875000,84.323799,nan
297,BASELINE,NEW_DATA,21.910101,84.632996,nan
298,BASELINE,NEW_DATA,21.437799,85.279846,nan
299,BASELINE,NEW_DATA,21.620199,84.323799,nan
300,BASELINE,NEW_DATA,21.844900,85.275711,nan
301,BASELINE,NEW_DATA,22.103100,84.632996,nan
302,BASELINE,NEW_DATA,21.595800,84.623314,nan
303,BASELINE,NEW_DATA,21.584700,84.623314,nan
304,BASELINE,NEW_DATA,21.437799,85.279846,nan
305,BASELINE,NEW_DATA,21.844900,85.275711,nan
306,BASELINE,NEW_DATA,21.620199,84.323799,nan
307,BASELINE,NEW_DATA,21.595800,84.623314,nan
308,BASELINE,NEW_DATA,21.617100,85.275711,nan
309,BASELINE,NEW_DATA,21.727800,85.275711,nan
310,BASELINE,NEW_DATA,22.143600,84.632996,nan
311,BASELINE,NEW_DATA,21.595800,84.623314,nan
312,BASELINE,NEW_DATA,22.117599,84.992668,nan
313,BASELINE,NEW_DATA,21.606400,84.623314,nan
314,BASELINE,NEW_DATA,22.170601,84.992668,nan
315,BASELINE,NEW_DATA,21.826200,84.887794,nan
316,BASELINE,NEW_DATA,22.053499,84.632996,nan
317,BASELINE,NEW_DATA,21.780001,84.887794,nan
318,BASELINE,NEW_DATA,21.780001,84.887794,nan
319,BASELINE,NEW_DATA,21.780001,84.887794,nan
320,BASELINE,NEW_DATA,21.595800,84.623314,nan
321,BASELINE,NEW_DATA,22.423599,84.878860,nan
322,BASELINE,NEW_DATA,22.021500,84.878860,nan
323,BASELINE,NEW_DATA,22.021500,84.878860,nan
324,BASELINE,NEW_DATA,22.580000,85.305992,nan
325,BASELINE,NEW_DATA,22.580000,85.305992,nan
326,BASELINE,NEW_DATA,21.606400,84.623314,nan
327,BASELINE,NEW_DATA,22.051600,84.632996,nan
328,BASELINE,NEW_DATA,22.544901,85.305992,nan
329,BASELINE,NEW_DATA,21.791100,84.323799,nan
330,BASELINE,NEW_DATA,22.580000,85.305992,nan
331,BASELINE,NEW_DATA,21.620199,84.323799,nan
332,BASELINE,NEW_DATA,21.720900,84.323799,nan
333,BASELINE,NEW_DATA,22.682199,85.305992,nan
334,BASELINE,NEW_DATA,21.826200,84.887794,nan
335,BASELINE,NEW_DATA,22.676100,85.677933,nan
336,BASELINE,NEW_DATA,22.463600,85.677933,nan
337,BASELINE,NEW_DATA,22.671499,85.677933,nan
338,BASELINE,NEW_DATA,21.826200,84.887794,nan
339,BASELINE,NEW_DATA,21.595800,84.623314,nan
340,BASELINE,NEW_DATA,22.463600,85.677933,nan
341,BASELINE,NEW_DATA,22.463600,85.677933,nan
342,BASELINE,NEW_DATA,22.593700,85.677933,nan
343,BASELINE,NEW_DATA,22.463600,85.677933,nan
344,BASELINE,NEW_DATA,22.047400,85.477631,nan
345,BASELINE,NEW_DATA,22.265600,85.889015,nan
346,BASELINE,NEW_DATA,22.265600,85.889015,nan
347,BASELINE,NEW_DATA,22.265600,85.889015,nan
348,BASELINE,NEW_DATA,22.580000,85.305992,nan
349,BASELINE,NEW_DATA,22.170601,85.477631,nan
350,BASELINE,NEW_DATA,22.118401,85.477631,nan
351,BASELINE,NEW_DATA,22.170601,85.477631,nan
352,BASELINE,NEW_DATA,21.826200,84.887794,nan
353,BASELINE,NEW_DATA,22.170601,85.477631,nan
354,BASELINE,NEW_DATA,22.047400,85.477631,nan
355,BASELINE,NEW_DATA,21.922300,85.477631,nan
356,BASELINE,NEW_DATA,21.877701,85.477631,nan
357,BASELINE,NEW_DATA,22.295401,85.889015,nan
358,BASELINE,NEW_DATA,22.265600,85.889015,nan
359,BASELINE,NEW_DATA,21.788000,85.035500,nan
360,BASELINE,NEW_DATA,22.544901,85.305992,nan
361,BASELINE,NEW_DATA,22.047400,85.477631,nan
362,BASELINE,NEW_DATA,22.423599,84.878860,nan
363,BASELINE,NEW_DATA,21.766701,84.888557,nan
364,BASELINE,NEW_DATA,21.766701,84.888557,nan
365,BASELINE,NEW_DATA,22.676100,85.677933,nan
366,BASELINE,NEW_DATA,21.861300,84.519417,nan
367,BASELINE,NEW_DATA,21.843000,84.242157,nan
368,BASELINE,NEW_DATA,21.856701,84.888557,nan
369,BASELINE,NEW_DATA,21.861300,84.519417,nan
370,BASELINE,NEW_DATA,21.803301,84.242157,nan
371,BASELINE,NEW_DATA,21.843000,84.242157,nan
372,BASELINE,NEW_DATA,21.861300,84.519417,nan
373,BASELINE,NEW_DATA,21.778900,84.242157,nan
374,BASELINE,NEW_DATA,21.778900,84.242157,nan
375,BASELINE,NEW_DATA,22.047400,85.477631,nan
376,BASELINE,NEW_DATA,21.865801,84.519417,nan
377,BASELINE,NEW_DATA,21.983299,84.399475,nan
378,BASELINE,NEW_DATA,21.861300,84.519417,nan
379,BASELINE,NEW_DATA,21.778900,84.242157,nan
380,BASELINE,NEW_DATA,21.856701,84.888557,nan
381,BASELINE,NEW_DATA,21.877701,85.477631,nan
382,BASELINE,NEW_DATA,21.778900,84.242157,nan
383,BASELINE,NEW_DATA,21.788000,84.361137,nan
384,BASELINE,NEW_DATA,21.856701,84.888557,nan
385,BASELINE,NEW_DATA,21.983299,84.399475,nan
386,BASELINE,NEW_DATA,22.160299,84.399475,nan
387,BASELINE,NEW_DATA,21.922300,85.477631,nan
388,BASELINE,NEW_DATA,21.757500,84.361137,nan
389,BASELINE,NEW_DATA,21.856701,84.888557,nan
390,BASELINE,NEW_DATA,21.865801,84.519417,nan
391,BASELINE,NEW_DATA,22.160299,84.399475,nan
392,BASELINE,NEW_DATA,22.869499,84.558037,nan
393,BASELINE,NEW_DATA,21.843000,84.242157,nan
394,BASELINE,NEW_DATA,22.996500,84.680817,nan
395,BASELINE,NEW_DATA,21.856701,84.888557,nan
396,BASELINE,NEW_DATA,21.836901,84.888557,nan
397,BASELINE,NEW_DATA,22.567699,84.359871,nan
398,BASELINE,NEW_DATA,23.040800,84.680817,nan
399,BASELINE,NEW_DATA,21.865801,84.519417,nan
400,BASELINE,NEW_DATA,21.836901,84.888557,nan
401,BASELINE,NEW_DATA,21.843000,84.242157,nan
402,BASELINE,NEW_DATA,21.778900,84.242157,nan
403,BASELINE,NEW_DATA,21.865801,84.519417,nan
404,BASELINE,NEW_DATA,21.778900,84.242157,nan
405,BASELINE,NEW_DATA,22.802700,84.620491,nan
406,BASELINE,NEW_DATA,22.752800,84.620491,nan
407,BASELINE,NEW_DATA,21.778900,84.242157,nan
408,BASELINE,NEW_DATA,22.802700,84.620491,nan
409,BASELINE,NEW_DATA,22.691299,84.652252,nan
410,BASELINE,NEW_DATA,22.802700,84.620491,nan
411,BASELINE,NEW_DATA,21.803301,84.242157,nan
412,BASELINE,NEW_DATA,22.325899,84.359871,nan
413,BASELINE,NEW_DATA,22.486900,84.652252,nan
414,BASELINE,NEW_DATA,22.752800,84.620491,nan
415,BASELINE,NEW_DATA,22.302200,84.729271,nan
416,BASELINE,NEW_DATA,22.325899,84.359871,nan
417,BASELINE,NEW_DATA,22.204599,85.041580,nan
418,BASELINE,NEW_DATA,22.204599,85.041580,nan
419,BASELINE,NEW_DATA,22.204599,85.041580,nan
420,BASELINE,NEW_DATA,22.486900,84.652252,nan
421,BASELINE,NEW_DATA,22.752800,84.620491,nan
422,BASELINE,NEW_DATA,22.182800,84.871117,nan
423,BASELINE,NEW_DATA,22.567699,84.359871,nan
424,BASELINE,NEW_DATA,22.096300,84.871117,nan
425,BASELINE,NEW_DATA,22.134399,84.871117,nan
426,BASELINE,NEW_DATA,22.752800,84.620491,nan
427,BASELINE,NEW_DATA,22.100401,85.041580,nan
428,BASELINE,NEW_DATA,22.182800,84.871117,nan
429,BASELINE,NEW_DATA,22.182800,84.871117,nan
430,BASELINE,NEW_DATA,22.364799,84.667397,nan
431,BASELINE,NEW_DATA,22.302200,84.729271,nan
432,BASELINE,NEW_DATA,22.671101,84.667397,nan
433,BASELINE,NEW_DATA,22.596701,84.667397,nan
434,BASELINE,NEW_DATA,22.871401,84.810081,nan
435,BASELINE,NEW_DATA,22.671101,84.667397,nan
436,BASELINE,NEW_DATA,22.793200,84.667397,nan
437,BASELINE,NEW_DATA,23.111000,84.609222,nan
438,BASELINE,NEW_DATA,22.596701,84.667397,nan
439,BASELINE,NEW_DATA,22.134399,84.871117,nan
440,BASELINE,NEW_DATA,22.100401,85.041580,nan
441,BASELINE,NEW_DATA,22.204599,85.041580,nan
442,BASELINE,NEW_DATA,22.204599,85.041580,nan
443,BASELINE,NEW_DATA,22.671101,84.667397,nan
444,BASELINE,NEW_DATA,22.996500,84.810081,nan
445,BASELINE,NEW_DATA,22.302200,84.729271,nan
446,BASELINE,NEW_DATA,22.268299,84.729271,nan
447,BASELINE,NEW_DATA,22.302200,84.729271,nan
448,BASELINE,NEW_DATA,22.204599,85.041580,nan
449,BASELINE,NEW_DATA,22.204599,85.041580,nan
450,BASELINE,NEW_DATA,23.537800,84.626122,nan
451,BASELINE,NEW_DATA,22.596701,84.667397,nan
452,BASELINE,NEW_DATA,22.871401,84.810081,nan
453,BASELINE,NEW_DATA,23.415800,84.441025,nan
454,BASELINE,NEW_DATA,23.036200,84.441025,nan
455,BASELINE,NEW_DATA,23.327600,84.441025,nan
456,BASELINE,NEW_DATA,22.830200,84.197365,nan
457,BASELINE,NEW_DATA,22.596701,84.667397,nan
458,BASELINE,NEW_DATA,22.364799,84.667397,nan
459,BASELINE,NEW_DATA,23.537800,84.626122,nan
460,BASELINE,NEW_DATA,22.182800,84.871117,nan
461,BASELINE,NEW_DATA,23.155199,84.441025,nan
462,BASELINE,NEW_DATA,22.871401,84.810081,nan
463,BASELINE,NEW_DATA,22.480801,84.667397,nan
464,BASELINE,NEW_DATA,22.793200,84.667397,nan
465,BASELINE,NEW_DATA,22.414801,84.047287,nan
466,BASELINE,NEW_DATA,22.248800,84.047287,nan
467,BASELINE,NEW_DATA,22.680700,84.197365,nan
468,BASELINE,NEW_DATA,23.259001,84.609222,nan
469,BASELINE,NEW_DATA,22.108500,83.767235,nan
470,BASELINE,NEW_DATA,22.793200,84.667397,nan
471,BASELINE,NEW_DATA,22.248800,84.047287,nan
472,BASELINE,NEW_DATA,22.680700,84.197365,nan
473,BASELINE,NEW_DATA,22.871401,84.810081,nan
474,BASELINE,NEW_DATA,22.248800,84.047287,nan
475,BASELINE,NEW_DATA,22.996500,84.810081,nan
476,BASELINE,NEW_DATA,22.996500,84.810081,nan
477,BASELINE,NEW_DATA,22.108500,83.767235,nan
478,BASELINE,NEW_DATA,22.174101,84.047287,nan
479,BASELINE,NEW_DATA,23.415800,84.441025,nan
480,BASELINE,NEW_DATA,23.537800,84.626122,nan
481,BASELINE,NEW_DATA,22.013901,83.767235,nan
482,BASELINE,NEW_DATA,23.463400,84.609222,nan
483,BASELINE,NEW_DATA,23.537800,84.626122,nan
484,BASELINE,NEW_DATA,23.537800,84.626122,nan
485,BASELINE,NEW_DATA,21.780001,82.840233,nan
486,BASELINE,NEW_DATA,23.537800,84.626122,nan
487,BASELINE,NEW_DATA,23.537800,84.626122,nan
488,BASELINE,NEW_DATA,23.480200,84.441025,nan
489,BASELINE,NEW_DATA,22.248800,84.047287,nan
490,BASELINE,NEW_DATA,23.036200,84.441025,nan
491,BASELINE,NEW_DATA,21.711700,82.453232,nan
492,BASELINE,NEW_DATA,21.691099,82.453232,nan
493,BASELINE,NEW_DATA,22.830200,84.197365,nan
494,BASELINE,NEW_DATA,23.155199,84.441025,nan
495,BASELINE,NEW_DATA,23.036200,84.441025,nan
496,BASELINE,NEW_DATA,21.548500,81.620102,nan
497,BASELINE,NEW_DATA,21.657900,82.106743,nan
498,BASELINE,NEW_DATA,21.548500,81.620102,nan
499,BASELINE,NEW_DATA,21.657900,82.106743,nan
500,BASELINE,NEW_DATA,21.914700,83.112595,nan
501,BASELINE,NEW_DATA,21.652201,82.106743,nan
502,BASELINE,NEW_DATA,21.653700,82.106743,nan
503,BASELINE,NEW_DATA,22.508200,84.047287,nan
504,BASELINE,NEW_DATA,21.456900,81.620102,nan
505,BASELINE,NEW_DATA,22.414801,84.047287,nan
506,BASELINE,NEW_DATA,22.108500,83.767235,nan
507,BASELINE,NEW_DATA,22.013901,83.767235,nan
508,BASELINE,NEW_DATA,21.998600,83.767235,nan
509,BASELINE,NEW_DATA,21.350100,81.287773,nan
510,BASELINE,NEW_DATA,21.998600,83.767235,nan
511,BASELINE,NEW_DATA,21.340200,81.287773,nan
512,BASELINE,NEW_DATA,22.108500,83.767235,nan
513,BASELINE,NEW_DATA,21.666300,80.970802,nan
514,BASELINE,NEW_DATA,21.666300,80.970802,nan
515,BASELINE,NEW_DATA,21.389400,81.046707,nan
516,BASELINE,NEW_DATA,21.998600,83.767235,nan
517,BASELINE,NEW_DATA,21.914700,83.112595,nan
518,BASELINE,NEW_DATA,21.914700,83.112595,nan
519,BASELINE,NEW_DATA,21.739201,82.840233,nan
520,BASELINE,NEW_DATA,21.835300,83.112595,nan
521,BASELINE,NEW_DATA,21.780001,82.840233,nan
522,BASELINE,NEW_DATA,21.691099,82.453232,nan
523,BASELINE,NEW_DATA,21.767401,82.840233,nan
524,BASELINE,NEW_DATA,21.548500,81.620102,nan
525,BASELINE,NEW_DATA,21.767401,82.840233,nan
526,BASELINE,NEW_DATA,21.711700,82.453232,nan
527,BASELINE,NEW_DATA,21.691099,82.453232,nan
528,BASELINE,NEW_DATA,21.657900,82.106743,nan
529,BASELINE,NEW_DATA,21.652201,82.106743,nan
530,BASELINE,NEW_DATA,21.652201,82.106743,nan
531,BASELINE,NEW_DATA,22.340401,80.064339,nan
532,BASELINE,NEW_DATA,21.652201,82.106743,nan
533,BASELINE,NEW_DATA,21.350100,81.287773,nan
534,BASELINE,NEW_DATA,21.657900,82.106743,nan
535,BASELINE,NEW_DATA,21.301300,81.287773,nan
536,BASELINE,NEW_DATA,21.350100,81.287773,nan
537,BASELINE,NEW_DATA,21.596500,81.620102,nan
538,BASELINE,NEW_DATA,21.548500,81.620102,nan
539,BASELINE,NEW_DATA,21.350100,81.287773,nan
540,BASELINE,NEW_DATA,21.289101,81.287773,nan
541,BASELINE,NEW_DATA,22.210300,79.540779,nan
542,BASELINE,NEW_DATA,21.367300,81.287773,nan
543,BASELINE,NEW_DATA,21.350100,81.287773,nan
544,BASELINE,NEW_DATA,21.389400,81.046707,nan
545,BASELINE,NEW_DATA,21.461500,81.046707,nan
546,BASELINE,NEW_DATA,22.092400,79.055611,nan
547,BASELINE,NEW_DATA,21.340200,81.287773,nan
548,BASELINE,NEW_DATA,22.047400,79.177406,nan
549,BASELINE,NEW_DATA,21.666300,80.970802,nan
550,BASELINE,NEW_DATA,21.389400,81.046707,nan
551,BASELINE,NEW_DATA,21.461500,81.046707,nan
552,BASELINE,NEW_DATA,21.666300,80.970802,nan
553,BASELINE,NEW_DATA,21.588100,81.046707,nan
554,BASELINE,NEW_DATA,21.666300,80.970802,nan
555,BASELINE,NEW_DATA,22.135900,78.221581,nan
556,BASELINE,NEW_DATA,21.666300,80.970802,nan
557,BASELINE,NEW_DATA,22.170601,78.414940,nan
558,BASELINE,NEW_DATA,22.170601,78.414940,nan
559,BASELINE,NEW_DATA,22.151199,78.221581,nan
560,BASELINE,NEW_DATA,22.151199,78.221581,nan
561,BASELINE,NEW_DATA,22.145800,80.970802,nan
562,BASELINE,NEW_DATA,22.283899,80.495308,nan
563,BASELINE,NEW_DATA,22.327000,80.495308,nan
564,BASELINE,NEW_DATA,21.984900,78.197098,nan
565,BASELINE,NEW_DATA,22.334299,80.495308,nan
566,BASELINE,NEW_DATA,22.340401,80.064339,nan
567,BASELINE,NEW_DATA,22.372400,80.273834,nan
568,BASELINE,NEW_DATA,22.397200,80.273834,nan
569,BASELINE,NEW_DATA,22.230499,79.540779,nan
570,BASELINE,NEW_DATA,22.230499,79.540779,nan
571,BASELINE,NEW_DATA,22.365999,80.064339,nan
572,BASELINE,NEW_DATA,22.340401,80.064339,nan
573,BASELINE,NEW_DATA,22.313700,80.064339,nan
574,BASELINE,NEW_DATA,22.313700,80.064339,nan
575,BASELINE,NEW_DATA,22.129801,79.177406,nan
576,BASELINE,NEW_DATA,22.210300,79.540779,nan
577,BASELINE,NEW_DATA,22.210300,79.540779,nan
578,BASELINE,NEW_DATA,22.169500,79.540779,nan
579,BASELINE,NEW_DATA,22.169500,79.540779,nan
580,BASELINE,NEW_DATA,22.169500,79.540779,nan
581,BASELINE,NEW_DATA,22.129801,79.177406,nan
582,BASELINE,NEW_DATA,22.047400,79.177406,nan
583,BASELINE,NEW_DATA,22.092400,79.055611,nan
584,BASELINE,NEW_DATA,22.047400,79.177406,nan
585,BASELINE,NEW_DATA,22.091700,79.055611,nan
586,BASELINE,NEW_DATA,22.091700,79.055611,nan
587,BASELINE,NEW_DATA,22.092400,79.055611,nan
588,BASELINE,NEW_DATA,21.340599,77.733688,nan
589,BASELINE,NEW_DATA,21.365400,77.733688,nan
590,BASELINE,NEW_DATA,21.327200,77.733688,nan
591,BASELINE,NEW_DATA,21.327200,77.733688,nan
592,BASELINE,NEW_DATA,21.327200,77.733688,nan
593,BASELINE,NEW_DATA,21.327200,77.733688,nan
594,BASELINE,NEW_DATA,22.151199,78.221581,nan
595,BASELINE,NEW_DATA,22.135900,78.221581,nan
596,BASELINE,NEW_DATA,22.135900,78.221581,nan
597,BASELINE,NEW_DATA,21.291700,77.484528,47.479221
598,BASELINE,NEW_DATA,21.353901,77.552254,nan
599,BASELINE,NEW_DATA,21.339399,77.484528,47.479221
600,BASELINE,NEW_DATA,21.971100,78.197098,nan
601,BASELINE,NEW_DATA,21.318100,77.484528,47.479221
602,BASELINE,NEW_DATA,21.330601,77.484528,46.893497
603,BASELINE,NEW_DATA,21.971100,78.197098,nan
604,BASELINE,NEW_DATA,21.291700,77.484528,47.479221
605,BASELINE,NEW_DATA,21.870399,78.197098,nan
606,BASELINE,NEW_DATA,21.870399,78.197098,nan
607,BASELINE,NEW_DATA,21.313900,77.484528,46.893497
608,BASELINE,NEW_DATA,21.513399,77.970665,nan
609,BASELINE,NEW_DATA,21.767799,78.197098,nan
610,BASELINE,NEW_DATA,21.360001,77.240868,47.193989
611,BASELINE,NEW_DATA,21.400499,77.240868,47.193989
612,BASELINE,NEW_DATA,21.511101,77.970665,nan
613,BASELINE,NEW_DATA,21.584299,77.970665,nan
614,BASELINE,NEW_DATA,21.535900,77.970665,nan
615,BASELINE,NEW_DATA,21.452299,76.724968,48.432671
616,BASELINE,NEW_DATA,21.535900,77.970665,nan
617,BASELINE,NEW_DATA,21.535900,77.970665,nan
618,BASELINE,NEW_DATA,21.511101,77.970665,nan
619,BASELINE,NEW_DATA,21.428699,76.724968,48.432671
620,BASELINE,NEW_DATA,21.327200,77.733688,nan
621,BASELINE,NEW_DATA,21.421801,77.672890,nan
622,BASELINE,NEW_DATA,21.389400,77.672890,nan
623,BASELINE,NEW_DATA,21.389400,77.672890,nan
624,BASELINE,NEW_DATA,21.340599,77.733688,nan
625,BASELINE,NEW_DATA,21.340599,77.733688,nan
626,BASELINE,NEW_DATA,21.398899,76.394051,49.307709
627,BASELINE,NEW_DATA,21.398899,76.394051,49.307709
628,BASELINE,NEW_DATA,21.145201,75.982338,50.835133
629,BASELINE,NEW_DATA,21.130400,75.982338,50.835133
630,BASELINE,NEW_DATA,21.365400,77.733688,nan
631,BASELINE,NEW_DATA,21.318100,77.484528,47.479221
632,BASELINE,NEW_DATA,21.291700,77.484528,47.479221
633,BASELINE,NEW_DATA,21.291700,77.484528,47.479221
634,BASELINE,NEW_DATA,21.339399,77.484528,47.479221
635,BASELINE,NEW_DATA,21.313900,77.484528,46.893497
636,BASELINE,NEW_DATA,21.095301,75.982338,50.835133
637,BASELINE,NEW_DATA,21.095301,75.982338,50.835133
638,BASELINE,NEW_DATA,21.330601,77.484528,46.893497
639,BASELINE,NEW_DATA,21.330601,77.484528,46.893497
640,BASELINE,NEW_DATA,21.040300,75.982338,50.332230
641,BASELINE,NEW_DATA,21.117399,75.688698,52.204723
642,BASELINE,NEW_DATA,21.299700,77.484528,46.893497
643,BASELINE,NEW_DATA,21.006800,75.982338,50.332230
644,BASELINE,NEW_DATA,21.006800,75.982338,50.332230
645,BASELINE,NEW_DATA,21.330601,77.484528,46.893497
646,BASELINE,NEW_DATA,21.003700,75.688698,52.204723
647,BASELINE,NEW_DATA,21.693399,75.821953,52.204723
648,BASELINE,NEW_DATA,21.472900,76.724968,48.432671
649,BASELINE,NEW_DATA,21.237200,75.688698,52.204723
650,BASELINE,NEW_DATA,21.432501,77.240868,47.193989
651,BASELINE,NEW_DATA,21.528601,75.821953,52.204723
652,BASELINE,NEW_DATA,21.528601,75.821953,52.204723
653,BASELINE,NEW_DATA,21.447399,76.351067,48.432671
654,BASELINE,NEW_DATA,21.472900,76.724968,48.432671
655,BASELINE,NEW_DATA,21.428699,76.724968,48.432671
656,BASELINE,NEW_DATA,21.398899,76.394051,49.307709
657,BASELINE,NEW_DATA,21.394300,76.351067,48.432671
658,BASELINE,NEW_DATA,21.458401,76.351067,48.432671
659,BASELINE,NEW_DATA,21.928400,75.505844,52.504826
660,BASELINE,NEW_DATA,21.447399,76.351067,48.432671
661,BASELINE,NEW_DATA,21.200600,76.082611,49.419968
662,BASELINE,NEW_DATA,21.758301,75.162086,52.143253
663,BASELINE,NEW_DATA,21.398899,76.394051,49.307709
664,BASELINE,NEW_DATA,21.130400,75.982338,50.835133
665,BASELINE,NEW_DATA,21.258499,76.082611,49.419968
666,BASELINE,NEW_DATA,21.250900,76.082611,49.419968
667,BASELINE,NEW_DATA,21.200600,76.082611,49.419968
668,BASELINE,NEW_DATA,21.200600,76.082611,49.419968
669,BASELINE,NEW_DATA,21.200600,76.082611,49.419968
670,BASELINE,NEW_DATA,21.145201,75.982338,50.835133
671,BASELINE,NEW_DATA,21.095301,75.982338,50.835133
672,BASELINE,NEW_DATA,21.647600,75.053375,52.143253
673,BASELINE,NEW_DATA,21.035801,75.982338,50.332230
674,BASELINE,NEW_DATA,20.996099,75.982338,50.332230
675,BASELINE,NEW_DATA,21.035801,75.982338,50.332230
676,BASELINE,NEW_DATA,21.040300,75.982338,50.332230
677,BASELINE,NEW_DATA,21.434000,74.492729,52.091396
678,BASELINE,NEW_DATA,21.237200,75.688698,52.204723
679,BASELINE,NEW_DATA,21.006800,75.982338,50.332230
680,BASELINE,NEW_DATA,21.322599,74.456787,54.338776
681,BASELINE,NEW_DATA,21.134899,74.203323,54.338776
682,BASELINE,NEW_DATA,21.693399,75.821953,52.204723
683,BASELINE,NEW_DATA,21.217300,74.456787,54.338776
684,BASELINE,NEW_DATA,21.237200,75.688698,52.204723
685,BASELINE,NEW_DATA,21.134899,74.203323,54.338776
686,BASELINE,NEW_DATA,21.398899,75.821953,52.204723
687,BASELINE,NEW_DATA,21.528601,75.821953,52.204723
688,BASELINE,NEW_DATA,21.528601,75.821953,52.204723
689,BASELINE,NEW_DATA,21.528601,75.821953,52.204723
690,BASELINE,NEW_DATA,21.038099,73.739044,55.287945
691,BASELINE,NEW_DATA,21.693399,75.821953,52.204723
692,BASELINE,NEW_DATA,21.837999,75.441689,52.357742
693,BASELINE,NEW_DATA,21.882601,75.441689,52.357742
694,BASELINE,NEW_DATA,21.926500,75.505844,52.504826
695,BASELINE,NEW_DATA,21.057501,73.739044,55.415615
696,BASELINE,NEW_DATA,21.839899,75.162086,52.143253
697,BASELINE,NEW_DATA,21.107500,73.739044,55.415615
698,BASELINE,NEW_DATA,21.926500,75.505844,52.504826
699,BASELINE,NEW_DATA,20.901100,72.436287,56.496830
700,BASELINE,NEW_DATA,21.926500,75.505844,52.504826
701,BASELINE,NEW_DATA,20.977800,73.111473,55.042980
702,BASELINE,NEW_DATA,21.839899,75.162086,52.143253
703,BASELINE,NEW_DATA,21.839899,75.162086,52.143253
704,BASELINE,NEW_DATA,21.760599,75.053375,52.143253
705,BASELINE,NEW_DATA,21.704100,75.053375,52.143253
706,BASELINE,NEW_DATA,21.704100,75.053375,52.143253
707,BASELINE,NEW_DATA,20.820601,72.436287,56.496830
708,BASELINE,NEW_DATA,20.802700,72.082306,56.447334
709,BASELINE,NEW_DATA,21.581301,75.053375,52.143253
710,BASELINE,NEW_DATA,21.531700,74.492729,52.091396
711,BASELINE,NEW_DATA,21.467600,74.492729,52.091396
712,BASELINE,NEW_DATA,21.434000,74.492729,52.091396
713,BASELINE,NEW_DATA,21.434000,74.492729,52.091396
714,BASELINE,NEW_DATA,21.377600,74.456787,54.338776
715,BASELINE,NEW_DATA,20.948799,71.502686,56.471596
716,BASELINE,NEW_DATA,21.322599,74.456787,54.338776
717,BASELINE,NEW_DATA,20.891600,72.113937,56.091743
718,BASELINE,NEW_DATA,21.265400,74.456787,54.338776
719,BASELINE,NEW_DATA,21.162399,74.203323,54.338776
720,BASELINE,NEW_DATA,21.162399,74.203323,54.338776
721,BASELINE,NEW_DATA,21.038099,73.739044,55.287945
722,BASELINE,NEW_DATA,20.948799,71.502686,56.471596
723,BASELINE,NEW_DATA,21.134899,74.203323,54.338776
724,BASELINE,NEW_DATA,21.008301,71.502686,56.471596
725,BASELINE,NEW_DATA,21.134899,74.203323,54.338776
726,BASELINE,NEW_DATA,21.083099,70.849426,56.837307
727,BASELINE,NEW_DATA,21.169701,70.849426,58.546902
728,BASELINE,NEW_DATA,21.169701,70.849426,58.546902
729,BASELINE,NEW_DATA,21.164700,70.849426,58.546902
730,BASELINE,NEW_DATA,21.075800,73.739044,55.287945
731,BASELINE,NEW_DATA,21.057501,73.739044,55.415615
732,BASELINE,NEW_DATA,21.077000,73.739044,55.415615
733,BASELINE,NEW_DATA,21.144899,70.849426,58.546902
734,BASELINE,NEW_DATA,21.077000,73.739044,55.415615
735,BASELINE,NEW_DATA,21.052601,73.111473,55.042980
736,BASELINE,NEW_DATA,20.820601,72.436287,56.496830
737,BASELINE,NEW_DATA,20.820601,72.436287,56.496830
738,BASELINE,NEW_DATA,20.977800,73.111473,55.042980
739,BASELINE,NEW_DATA,20.939600,72.436287,56.496830
740,BASELINE,NEW_DATA,20.901100,72.436287,56.496830
741,BASELINE,NEW_DATA,20.949900,70.779808,58.949131
742,BASELINE,NEW_DATA,20.820601,72.436287,56.496830
743,BASELINE,NEW_DATA,21.079599,70.863594,58.546902
744,BASELINE,NEW_DATA,21.079599,70.863594,58.546902
745,BASELINE,NEW_DATA,20.773300,72.082306,56.447334
746,BASELINE,NEW_DATA,20.773300,72.082306,56.447334
747,BASELINE,NEW_DATA,20.773300,72.082306,56.447334
748,BASELINE,NEW_DATA,20.912201,71.502686,56.471596
749,BASELINE,NEW_DATA,20.852301,70.299019,59.362812
750,BASELINE,NEW_DATA,20.825600,72.113937,56.091743
751,BASELINE,NEW_DATA,20.948799,71.502686,56.471596
752,BASELINE,NEW_DATA,20.891600,72.113937,56.091743
753,BASELINE,NEW_DATA,20.891600,72.113937,56.091743
754,BASELINE,NEW_DATA,20.738600,70.068298,59.362812
755,BASELINE,NEW_DATA,20.677200,70.068298,59.362812
756,BASELINE,NEW_DATA,20.677200,70.068298,59.362812
757,BASELINE,NEW_DATA,20.613899,69.783012,62.694767
758,BASELINE,NEW_DATA,20.613899,69.783012,62.694767
759,BASELINE,NEW_DATA,21.008301,71.502686,56.471596
760,BASELINE,NEW_DATA,21.165501,70.849426,58.546902
761,BASELINE,NEW_DATA,21.177700,70.849426,58.546902
762,BASELINE,NEW_DATA,21.083099,70.849426,56.837307
763,BASELINE,NEW_DATA,21.083099,70.849426,56.837307
764,BASELINE,NEW_DATA,21.164700,70.849426,58.546902
765,BASELINE,NEW_DATA,21.165501,70.849426,58.546902
766,BASELINE,NEW_DATA,20.459700,69.786057,63.510403
767,BASELINE,NEW_DATA,21.177700,70.849426,58.546902
768,BASELINE,NEW_DATA,20.411699,69.786057,63.510403
769,BASELINE,NEW_DATA,20.341499,69.694695,61.855125
770,BASELINE,NEW_DATA,21.112101,70.863594,58.546902
771,BASELINE,NEW_DATA,20.368200,69.786057,63.606403
772,BASELINE,NEW_DATA,20.368200,69.786057,63.606403
773,BASELINE,NEW_DATA,21.191401,70.849426,58.546902
774,BASELINE,NEW_DATA,20.349100,69.694695,61.855125
775,BASELINE,NEW_DATA,20.949900,70.779808,58.949131
776,BASELINE,NEW_DATA,20.329300,69.694695,61.855125
777,BASELINE,NEW_DATA,20.281200,69.763313,62.249496
778,BASELINE,NEW_DATA,21.079599,70.863594,58.546902
779,BASELINE,NEW_DATA,21.079599,70.863594,58.546902
780,BASELINE,NEW_DATA,21.004900,70.779808,58.949131
781,BASELINE,NEW_DATA,20.822100,70.299019,59.362812
782,BASELINE,NEW_DATA,20.949900,70.779808,58.949131
783,BASELINE,NEW_DATA,20.949900,70.779808,58.949131
784,BASELINE,NEW_DATA,20.738600,70.068298,59.362812
785,BASELINE,NEW_DATA,20.852301,70.299019,59.362812
786,BASELINE,NEW_DATA,20.822100,70.299019,59.362812
787,BASELINE,NEW_DATA,20.822100,70.299019,59.362812
788,BASELINE,NEW_DATA,20.613899,69.783012,62.694767
789,BASELINE,NEW_DATA,20.738600,70.068298,59.362812
790,BASELINE,NEW_DATA,20.576500,69.783012,62.694767
791,BASELINE,NEW_DATA,20.677200,70.068298,59.362812
792,BASELINE,NEW_DATA,20.677200,70.068298,59.362812
793,BASELINE,NEW_DATA,20.613899,69.783012,62.694767
794,BASELINE,NEW_DATA,20.326200,69.344872,62.455700
795,BASELINE,NEW_DATA,20.459700,69.786057,63.510403
796,BASELINE,NEW_DATA,20.411699,69.786057,63.510403
797,BASELINE,NEW_DATA,20.411699,69.786057,63.510403
798,BASELINE,NEW_DATA,20.229700,68.664429,64.500343
799,BASELINE,NEW_DATA,20.385700,69.786057,63.606403
800,BASELINE,NEW_DATA,20.368200,69.786057,63.606403
801,BASELINE,NEW_DATA,20.459700,69.786057,63.510403
802,BASELINE,NEW_DATA,20.350599,69.786057,63.606403
803,BASELINE,NEW_DATA,20.411699,69.786057,63.510403
804,BASELINE,NEW_DATA,20.411699,69.786057,63.510403
805,BASELINE,NEW_DATA,20.385700,69.786057,63.606403
806,BASELINE,NEW_DATA,20.108000,68.815231,64.500343
807,BASELINE,NEW_DATA,20.313999,69.763313,62.249496
808,BASELINE,NEW_DATA,20.350599,69.786057,63.606403
809,BASELINE,NEW_DATA,20.350599,69.786057,63.606403
810,BASELINE,NEW_DATA,20.349100,69.694695,61.855125
811,BASELINE,NEW_DATA,20.329300,69.694695,61.855125
812,BASELINE,NEW_DATA,20.051600,68.529510,64.042725
813,BASELINE,NEW_DATA,20.313999,69.763313,62.249496
814,BASELINE,NEW_DATA,20.101900,68.815231,64.500343
815,BASELINE,NEW_DATA,20.096600,68.529510,64.042725
816,BASELINE,NEW_DATA,20.344500,69.775894,62.455700
817,BASELINE,NEW_DATA,20.051600,68.529510,64.042725
818,BASELINE,NEW_DATA,20.281200,69.763313,62.249496
819,BASELINE,NEW_DATA,20.281200,69.763313,62.249496
820,BASELINE,NEW_DATA,20.300301,69.775894,62.455700
821,BASELINE,NEW_DATA,20.362900,69.603279,62.455700
822,BASELINE,NEW_DATA,19.996599,68.425179,64.492859
823,BASELINE,NEW_DATA,20.356800,69.775894,62.455700
824,BASELINE,NEW_DATA,19.932600,68.569199,69.537384
825,BASELINE,NEW_DATA,20.335400,69.344872,62.455700
826,BASELINE,NEW_DATA,20.362900,69.603279,62.455700
827,BASELINE,NEW_DATA,19.906601,68.382774,69.537384
828,BASELINE,NEW_DATA,20.326200,69.344872,62.455700
829,BASELINE,NEW_DATA,20.279301,69.344872,62.834610
830,BASELINE,NEW_DATA,20.279301,69.344872,62.834610
831,BASELINE,NEW_DATA,20.335400,69.344872,62.455700
832,BASELINE,NEW_DATA,20.335400,69.344872,62.455700
833,BASELINE,NEW_DATA,20.229700,68.664429,64.500343
834,BASELINE,NEW_DATA,20.271299,69.344872,62.834610
835,BASELINE,NEW_DATA,20.279301,69.344872,62.834610
836,BASELINE,NEW_DATA,19.903601,68.038063,70.981918
837,BASELINE,NEW_DATA,19.903601,68.038063,70.981918
838,BASELINE,NEW_DATA,19.961201,68.038063,71.507042
839,BASELINE,NEW_DATA,20.211800,68.664429,64.500343
840,BASELINE,NEW_DATA,20.108000,68.815231,64.500343
841,BASELINE,NEW_DATA,20.211800,68.664429,64.500343
842,BASELINE,NEW_DATA,20.101900,68.815231,64.500343
843,BASELINE,NEW_DATA,19.947800,68.038063,71.507042
844,BASELINE,NEW_DATA,20.191999,68.664429,64.500343
845,BASELINE,NEW_DATA,19.861200,67.744659,71.824173
846,BASELINE,NEW_DATA,19.861200,67.744659,71.824173
847,BASELINE,NEW_DATA,19.861200,67.744659,71.824173
848,BASELINE,NEW_DATA,19.854700,67.869553,74.081436
849,BASELINE,NEW_DATA,20.101900,68.815231,64.500343
850,BASELINE,NEW_DATA,19.815100,67.703766,74.210487
851,BASELINE,NEW_DATA,20.056499,68.529510,64.042725
852,BASELINE,NEW_DATA,20.051600,68.529510,64.042725
853,BASELINE,NEW_DATA,19.981400,68.569199,69.537384
854,BASELINE,NEW_DATA,19.981400,68.569199,69.537384
855,BASELINE,NEW_DATA,20.022200,68.425179,64.492859
856,BASELINE,NEW_DATA,20.022200,68.425179,64.492859
857,BASELINE,NEW_DATA,19.837999,67.652916,75.184120
858,BASELINE,NEW_DATA,19.996599,68.425179,64.492859
859,BASELINE,NEW_DATA,19.833401,67.652916,75.184120
860,BASELINE,NEW_DATA,19.932600,68.569199,69.537384
861,BASELINE,NEW_DATA,19.837999,67.652916,75.184120
862,BASELINE,NEW_DATA,19.906601,68.382774,69.537384
863,BASELINE,NEW_DATA,19.906601,68.382774,69.537384
864,BASELINE,NEW_DATA,19.883699,68.382774,69.537384
865,BASELINE,NEW_DATA,19.903601,68.038063,70.981918
866,BASELINE,NEW_DATA,19.923401,68.382774,69.537384
867,BASELINE,NEW_DATA,19.969200,67.799103,75.940262
868,BASELINE,NEW_DATA,19.932899,67.799103,75.385376
869,BASELINE,NEW_DATA,19.933300,68.038063,70.981918
870,BASELINE,NEW_DATA,19.946301,67.799103,75.385376
871,BASELINE,NEW_DATA,19.946301,67.799103,75.385376
872,BASELINE,NEW_DATA,19.969200,67.799103,75.940262
873,BASELINE,NEW_DATA,20.027201,67.653809,75.365273
874,BASELINE,NEW_DATA,19.861200,67.744659,71.824173
875,BASELINE,NEW_DATA,19.966101,68.038063,71.507042
876,BASELINE,NEW_DATA,19.941700,68.038063,71.507042
877,BASELINE,NEW_DATA,19.941700,68.038063,71.507042
878,BASELINE,NEW_DATA,19.947800,68.038063,71.507042
879,BASELINE,NEW_DATA,19.936800,67.744659,71.824173
880,BASELINE,NEW_DATA,20.027201,67.653809,75.365273
881,BASELINE,NEW_DATA,19.861200,67.744659,71.824173
882,BASELINE,NEW_DATA,19.861200,67.744659,71.824173
883,BASELINE,NEW_DATA,19.861601,67.744659,71.824173
884,BASELINE,NEW_DATA,19.854700,67.869553,74.081436
885,BASELINE,NEW_DATA,19.847099,67.869553,74.081436
886,BASELINE,NEW_DATA,19.847099,67.869553,74.081436
887,BASELINE,NEW_DATA,19.826900,67.703766,74.210487
888,BASELINE,NEW_DATA,19.826900,67.703766,74.210487
889,BASELINE,NEW_DATA,19.826900,67.703766,74.210487
890,BASELINE,NEW_DATA,19.826900,67.703766,74.210487
891,BASELINE,NEW_DATA,19.815100,67.703766,74.210487
892,BASELINE,NEW_DATA,19.784500,67.703766,74.210487
893,BASELINE,NEW_DATA,20.032101,66.586403,76.234627
894,BASELINE,NEW_DATA,19.784500,67.703766,74.210487
895,BASELINE,NEW_DATA,19.841801,67.652916,75.184120
896,BASELINE,NEW_DATA,19.990499,66.316833,77.615837
897,BASELINE,NEW_DATA,20.001200,66.316833,77.615837
898,BASELINE,NEW_DATA,19.837999,67.652916,75.184120
899,BASELINE,NEW_DATA,19.837999,67.652916,75.184120
900,BASELINE,NEW_DATA,19.892900,67.652916,75.597618
901,BASELINE,NEW_DATA,19.907400,67.652916,75.597618
902,BASELINE,NEW_DATA,19.907400,67.652916,75.597618
903,BASELINE,NEW_DATA,19.932899,67.799103,75.385376
904,BASELINE,NEW_DATA,19.997400,67.799103,75.940262
905,BASELINE,NEW_DATA,19.946301,67.799103,75.385376
906,BASELINE,NEW_DATA,20.042400,67.653809,75.365273
907,BASELINE,NEW_DATA,19.946301,66.205078,77.615837
908,BASELINE,NEW_DATA,19.969200,67.799103,75.940262
909,BASELINE,NEW_DATA,19.997400,67.799103,75.940262
910,BASELINE,NEW_DATA,19.862400,66.079681,77.984871
911,BASELINE,NEW_DATA,19.862400,66.079681,77.984871
912,BASELINE,NEW_DATA,19.862400,66.079681,77.984871
913,BASELINE,NEW_DATA,20.042400,67.653809,75.365273
914,BASELINE,NEW_DATA,19.840599,65.699059,78.591270
915,BASELINE,NEW_DATA,20.027201,67.653809,75.365273
916,BASELINE,NEW_DATA,20.066799,67.653809,75.365273
917,BASELINE,NEW_DATA,20.030199,66.863602,76.234627
918,BASELINE,NEW_DATA,20.043600,67.653809,75.365273
919,BASELINE,NEW_DATA,20.043600,67.653809,75.365273
920,BASELINE,NEW_DATA,19.735300,65.476883,78.591270
921,BASELINE,NEW_DATA,20.067200,67.653809,75.851578
922,BASELINE,NEW_DATA,20.010401,67.653809,75.851578
923,BASELINE,NEW_DATA,19.635000,65.925323,80.818565
924,BASELINE,NEW_DATA,19.646099,65.476883,78.591270
925,BASELINE,NEW_DATA,20.011900,66.863602,76.234627
926,BASELINE,NEW_DATA,20.008900,66.863602,76.234627
927,BASELINE,NEW_DATA,20.013000,66.586403,76.234627
928,BASELINE,NEW_DATA,20.013000,66.586403,76.234627
929,BASELINE,NEW_DATA,19.990499,66.316833,77.615837
930,BASELINE,NEW_DATA,19.990499,66.316833,77.615837
931,BASELINE,NEW_DATA,20.027201,66.586403,76.234627
932,BASELINE,NEW_DATA,19.635799,66.447708,81.038185
933,BASELINE,NEW_DATA,19.982901,66.205078,77.615837
934,BASELINE,NEW_DATA,19.596901,66.298965,80.992378
935,BASELINE,NEW_DATA,19.990499,66.316833,77.615837
936,BASELINE,NEW_DATA,19.990499,66.316833,77.615837
937,BASELINE,NEW_DATA,19.990499,66.316833,77.615837
938,BASELINE,NEW_DATA,19.985201,66.205078,77.615837
939,BASELINE,NEW_DATA,19.635799,66.447708,81.038185
940,BASELINE,NEW_DATA,19.862400,66.079681,77.984871
941,BASELINE,NEW_DATA,19.946301,66.205078,77.615837
942,BASELINE,NEW_DATA,19.947800,66.079681,77.984871
943,BASELINE,NEW_DATA,19.715900,66.447708,81.038185
944,BASELINE,NEW_DATA,19.862400,66.079681,77.984871
945,BASELINE,NEW_DATA,19.789101,65.699059,78.591270
946,BASELINE,NEW_DATA,19.763201,66.209412,81.669098
947,BASELINE,NEW_DATA,19.768101,66.307198,82.263840
948,BASELINE,NEW_DATA,19.840599,65.699059,78.591270
949,BASELINE,NEW_DATA,19.840599,65.699059,78.591270
950,BASELINE,NEW_DATA,19.750999,66.307198,82.263840
951,BASELINE,NEW_DATA,19.789101,65.699059,78.591270
952,BASELINE,NEW_DATA,19.789101,65.699059,78.591270
953,BASELINE,NEW_DATA,19.741400,66.307198,82.263840
954,BASELINE,NEW_DATA,19.735300,65.476883,78.591270
955,BASELINE,NEW_DATA,19.735300,65.476883,78.591270
956,BASELINE,NEW_DATA,19.778099,66.307198,82.263840
957,BASELINE,NEW_DATA,19.723499,66.060280,82.263840
958,BASELINE,NEW_DATA,19.722700,65.476883,78.591270
959,BASELINE,NEW_DATA,19.618200,65.925323,80.818565
960,BASELINE,NEW_DATA,19.572399,65.929482,82.776711
961,BASELINE,NEW_DATA,19.646099,65.476883,78.591270
962,BASELINE,NEW_DATA,19.646099,65.476883,78.591270
963,BASELINE,NEW_DATA,19.604500,65.929482,82.776711
964,BASELINE,NEW_DATA,19.604500,65.929482,82.776711
965,BASELINE,NEW_DATA,19.586599,65.929482,82.776711
966,BASELINE,NEW_DATA,19.606001,66.298965,80.992378
967,BASELINE,NEW_DATA,19.618200,65.925323,80.818565
968,BASELINE,NEW_DATA,19.610600,65.925323,80.818565
969,BASELINE,NEW_DATA,19.610600,65.925323,80.818565
970,BASELINE,NEW_DATA,19.596901,66.298965,80.992378
971,BASELINE,NEW_DATA,19.715900,66.447708,81.038185
972,BASELINE,NEW_DATA,19.558701,65.402611,84.017090
973,BASELINE,NEW_DATA,19.580099,65.687248,84.000877
974,BASELINE,NEW_DATA,19.635799,66.447708,81.038185
975,BASELINE,NEW_DATA,19.715900,66.447708,81.038185
976,BASELINE,NEW_DATA,19.569401,65.687248,84.000877
977,BASELINE,NEW_DATA,19.715900,66.447708,81.038185
978,BASELINE,NEW_DATA,19.750999,66.307198,82.263840
979,BASELINE,NEW_DATA,19.750999,66.307198,82.263840
980,BASELINE,NEW_DATA,19.752501,66.209412,81.669098
981,BASELINE,NEW_DATA,19.723101,66.307198,82.263840
982,BASELINE,NEW_DATA,19.741400,66.307198,82.263840
983,BASELINE,NEW_DATA,19.504499,65.396042,84.693275
984,BASELINE,NEW_DATA,19.750999,66.307198,82.263840
985,BASELINE,NEW_DATA,19.750999,66.307198,82.263840
986,BASELINE,NEW_DATA,19.484699,65.396042,84.693275
987,BASELINE,NEW_DATA,19.723499,66.060280,82.263840
988,BASELINE,NEW_DATA,19.686899,66.060280,82.263840
989,BASELINE,NEW_DATA,19.631599,66.060280,82.263840
990,BASELINE,NEW_DATA,19.792900,66.307198,82.263840
991,BASELINE,NEW_DATA,19.792900,66.307198,82.263840
992,BASELINE,NEW_DATA,19.778099,66.307198,82.263840
993,BASELINE,NEW_DATA,19.723499,66.060280,82.263840
994,BASELINE,NEW_DATA,19.297800,64.866676,85.028458
995,BASELINE,NEW_DATA,19.572399,65.929482,82.776711
996,BASELINE,NEW_DATA,19.268400,64.669395,84.032585
997,BASELINE,NEW_DATA,19.563299,65.696007,83.323120
998,BASELINE,NEW_DATA,19.604500,65.929482,82.776711
999,BASELINE,NEW_DATA,19.549601,65.696007,83.323120
1000,BASELINE,NEW_DATA,19.143299,64.386459,83.740669
1001,BASELINE,NEW_DATA,19.572399,65.929482,82.776711
1002,BASELINE,NEW_DATA,19.572399,65.929482,82.776711
1003,BASELINE,NEW_DATA,19.563299,65.696007,83.323120
1004,BASELINE,NEW_DATA,19.530100,65.696007,83.323120
1005,BASELINE,NEW_DATA,19.549601,65.696007,83.323120
1006,BASELINE,NEW_DATA,19.076500,64.111031,83.359161
1007,BASELINE,NEW_DATA,19.553801,65.402611,84.017090
1008,BASELINE,NEW_DATA,19.075001,64.111031,83.359161
1009,BASELINE,NEW_DATA,19.112000,64.111031,83.359161
1010,BASELINE,NEW_DATA,19.504499,65.396042,84.693275
1011,BASELINE,NEW_DATA,19.569401,65.687248,84.000877
1012,BASELINE,NEW_DATA,19.076500,64.111031,83.359161
1013,BASELINE,NEW_DATA,19.014000,63.579620,83.825218
1014,BASELINE,NEW_DATA,19.553801,65.402611,84.017090
1015,BASELINE,NEW_DATA,19.553801,65.402611,84.017090
1016,BASELINE,NEW_DATA,19.479000,65.165787,84.557671
1017,BASELINE,NEW_DATA,19.037600,63.579620,83.825218
1018,BASELINE,NEW_DATA,19.504499,65.396042,84.693275
1019,BASELINE,NEW_DATA,19.014000,63.579620,83.825218
1020,BASELINE,NEW_DATA,19.484699,65.396042,84.693275
1021,BASELINE,NEW_DATA,19.014000,63.579620,83.825218
1022,BASELINE,NEW_DATA,18.965500,63.148495,83.678665
1023,BASELINE,NEW_DATA,19.413799,65.165787,84.557671
1024,BASELINE,NEW_DATA,19.414101,65.165787,84.557671
1025,BASELINE,NEW_DATA,18.955999,63.575157,83.138939
1026,BASELINE,NEW_DATA,18.955999,63.575157,83.138939
1027,BASELINE,NEW_DATA,18.972799,63.148495,83.678665
1028,BASELINE,NEW_DATA,19.258101,64.669395,84.032585
1029,BASELINE,NEW_DATA,18.965500,63.148495,83.678665
1030,BASELINE,NEW_DATA,18.994101,63.148495,83.678665
1031,BASELINE,NEW_DATA,19.268400,64.669395,84.032585
1032,BASELINE,NEW_DATA,19.268400,64.669395,84.032585
1033,BASELINE,NEW_DATA,19.032301,63.493725,83.739403
1034,BASELINE,NEW_DATA,19.258101,64.669395,84.032585
1035,BASELINE,NEW_DATA,19.143299,64.386459,83.740669
1036,BASELINE,NEW_DATA,19.032700,63.833424,85.231491
1037,BASELINE,NEW_DATA,19.031099,63.493725,83.739403
1038,BASELINE,NEW_DATA,19.031099,63.493725,83.739403
1039,BASELINE,NEW_DATA,19.166599,64.386459,83.740669
1040,BASELINE,NEW_DATA,19.183701,64.386459,83.740669
1041,BASELINE,NEW_DATA,19.183701,64.386459,83.740669
1042,BASELINE,NEW_DATA,19.143299,64.386459,83.740669
1043,BASELINE,NEW_DATA,19.099400,64.111031,83.359161
1044,BASELINE,NEW_DATA,19.099400,64.111031,83.359161
1045,BASELINE,NEW_DATA,19.112000,64.111031,83.359161
1046,BASELINE,NEW_DATA,19.112000,64.111031,83.359161
1047,BASELINE,NEW_DATA,19.076500,64.111031,83.359161
1048,BASELINE,NEW_DATA,19.063601,63.703346,86.200394
1049,BASELINE,NEW_DATA,19.014000,63.579620,83.825218
1050,BASELINE,NEW_DATA,19.075001,64.111031,83.359161
1051,BASELINE,NEW_DATA,19.014000,63.579620,83.825218
1052,BASELINE,NEW_DATA,19.109301,63.833424,85.231491
1053,BASELINE,NEW_DATA,19.078100,63.703346,86.200394
1054,BASELINE,NEW_DATA,19.037600,63.579620,83.825218
1055,BASELINE,NEW_DATA,19.014000,63.579620,83.825218
1056,BASELINE,NEW_DATA,19.014000,63.579620,83.825218
1057,BASELINE,NEW_DATA,18.972799,63.148495,83.678665
1058,BASELINE,NEW_DATA,18.965500,63.148495,83.678665
1059,BASELINE,NEW_DATA,18.965500,63.148495,83.678665
1060,BASELINE,NEW_DATA,18.955999,63.575157,83.138939
1061,BASELINE,NEW_DATA,18.955999,63.575157,83.138939
1062,BASELINE,NEW_DATA,18.955999,63.575157,83.138939
1063,BASELINE,NEW_DATA,18.972799,63.148495,83.678665
1064,BASELINE,NEW_DATA,18.989599,63.493725,83.101341
1065,BASELINE,NEW_DATA,18.994101,63.148495,83.678665
1066,BASELINE,NEW_DATA,18.872101,63.249344,87.336311
1067,BASELINE,NEW_DATA,18.986500,63.493725,83.101341
1068,BASELINE,NEW_DATA,18.928499,63.249344,87.336311
1069,BASELINE,NEW_DATA,18.989599,63.493725,83.101341
1070,BASELINE,NEW_DATA,18.971600,63.249344,87.336311
1071,BASELINE,NEW_DATA,18.964399,63.493725,83.101341
1072,BASELINE,NEW_DATA,19.082300,62.951866,88.792183
1073,BASELINE,NEW_DATA,19.031099,63.493725,83.739403
1074,BASELINE,NEW_DATA,19.031099,63.493725,83.739403
1075,BASELINE,NEW_DATA,19.230700,62.951866,88.792183
1076,BASELINE,NEW_DATA,19.230700,62.951866,88.792183
1077,BASELINE,NEW_DATA,19.031500,63.493725,83.739403
1078,BASELINE,NEW_DATA,19.502300,62.802559,88.207726
1079,BASELINE,NEW_DATA,19.018200,63.833424,85.231491
1080,BASELINE,NEW_DATA,19.018200,63.833424,85.231491
1081,BASELINE,NEW_DATA,19.018200,63.833424,85.231491
1082,BASELINE,NEW_DATA,19.054399,63.833424,85.231491
1083,BASELINE,NEW_DATA,19.054399,63.833424,85.231491
1084,BASELINE,NEW_DATA,19.076500,63.833424,85.231491
1085,BASELINE,NEW_DATA,19.062000,63.833424,85.231491
1086,BASELINE,NEW_DATA,19.062000,63.833424,85.231491
1087,BASELINE,NEW_DATA,19.480900,63.087872,88.916481
1088,BASELINE,NEW_DATA,19.416800,63.087872,88.916481
1089,BASELINE,NEW_DATA,19.078100,63.703346,86.200394
1090,BASELINE,NEW_DATA,19.400000,63.087872,88.916481
1091,BASELINE,NEW_DATA,19.351200,62.955818,89.702240
1092,BASELINE,NEW_DATA,19.036100,63.703346,86.200394
1093,BASELINE,NEW_DATA,18.873600,63.249344,86.739304
1094,BASELINE,NEW_DATA,18.932699,63.703346,86.739304
1095,BASELINE,NEW_DATA,18.873600,63.249344,86.739304
1096,BASELINE,NEW_DATA,19.226101,63.077744,89.702240
1097,BASELINE,NEW_DATA,19.111601,63.027054,89.080551
1098,BASELINE,NEW_DATA,18.885799,63.249344,86.739304
1099,BASELINE,NEW_DATA,18.928499,63.249344,87.336311
1100,BASELINE,NEW_DATA,18.971600,63.249344,87.336311
1101,BASELINE,NEW_DATA,18.873600,63.249344,86.739304
1102,BASELINE,NEW_DATA,19.082300,62.951866,88.792183
1103,BASELINE,NEW_DATA,18.928499,63.249344,87.336311
1104,BASELINE,NEW_DATA,19.161600,62.951866,88.792183
1105,BASELINE,NEW_DATA,19.055201,63.027054,89.080551
1106,BASELINE,NEW_DATA,19.068899,62.678471,88.775787
1107,BASELINE,NEW_DATA,18.971600,63.249344,87.336311
1108,BASELINE,NEW_DATA,19.161600,62.951866,88.792183
1109,BASELINE,NEW_DATA,19.445000,62.730877,88.679398
1110,BASELINE,NEW_DATA,19.462601,62.730877,88.679398
1111,BASELINE,NEW_DATA,19.230700,62.951866,88.792183
1112,BASELINE,NEW_DATA,19.462601,62.802559,88.207726
1113,BASELINE,NEW_DATA,19.502300,62.802559,88.207726
1114,BASELINE,NEW_DATA,19.389299,62.730877,88.679398
1115,BASELINE,NEW_DATA,19.445000,62.730877,88.679398
1116,BASELINE,NEW_DATA,18.960600,62.611134,88.686813
1117,BASELINE,NEW_DATA,19.462601,62.730877,88.679398
1118,BASELINE,NEW_DATA,18.971300,62.504745,88.038979
1119,BASELINE,NEW_DATA,19.001801,62.611134,88.686813
1120,BASELINE,NEW_DATA,19.502300,62.802559,88.207726
1121,BASELINE,NEW_DATA,19.502300,62.802559,88.207726
1122,BASELINE,NEW_DATA,19.351200,62.955818,89.702240
1123,BASELINE,NEW_DATA,19.416800,63.087872,88.916481
1124,BASELINE,NEW_DATA,19.264200,62.955818,89.702240
1125,BASELINE,NEW_DATA,18.936199,62.504745,88.038979
1126,BASELINE,NEW_DATA,19.400000,63.087872,88.916481
1127,BASELINE,NEW_DATA,18.936199,62.504745,88.038979
1128,BASELINE,NEW_DATA,19.351200,62.955818,89.702240
1129,BASELINE,NEW_DATA,19.166599,63.077744,89.702240
1130,BASELINE,NEW_DATA,19.308500,62.955818,89.702240
1131,BASELINE,NEW_DATA,19.264200,62.955818,89.702240
1132,BASELINE,NEW_DATA,19.111601,63.027054,89.080551
1133,BASELINE,NEW_DATA,19.055201,63.027054,89.080551
1134,BASELINE,NEW_DATA,19.166599,63.077744,89.702240
1135,BASELINE,NEW_DATA,19.166599,63.077744,89.702240
1136,BASELINE,NEW_DATA,18.943001,62.435112,88.393227
1137,BASELINE,NEW_DATA,19.001801,62.678471,88.775787
1138,BASELINE,NEW_DATA,19.111601,63.027054,89.080551
1139,BASELINE,NEW_DATA,19.055201,63.027054,89.080551
1140,BASELINE,NEW_DATA,18.980400,62.641041,88.007149
1141,BASELINE,NEW_DATA,18.930099,62.435112,88.393227
1142,BASELINE,NEW_DATA,19.068899,62.678471,88.775787
1143,BASELINE,NEW_DATA,19.001801,62.678471,88.775787
1144,BASELINE,NEW_DATA,18.971300,62.641041,88.007149
1145,BASELINE,NEW_DATA,18.896099,62.435112,88.965790
1146,BASELINE,NEW_DATA,18.896099,62.435112,88.965790
1147,BASELINE,NEW_DATA,18.980400,62.641041,88.007149
1148,BASELINE,NEW_DATA,18.890400,62.534267,88.197952
1149,BASELINE,NEW_DATA,18.971300,62.641041,88.007149
1150,BASELINE,NEW_DATA,18.910200,62.534267,88.197952
1151,BASELINE,NEW_DATA,18.971300,62.641041,88.007149
1152,BASELINE,NEW_DATA,18.960600,62.611134,88.686813
1153,BASELINE,NEW_DATA,18.971300,62.504745,88.038979
1154,BASELINE,NEW_DATA,19.001801,62.611134,88.686813
1155,BASELINE,NEW_DATA,18.936199,62.504745,88.038979
1156,BASELINE,NEW_DATA,18.963200,62.611134,88.686813
1157,BASELINE,NEW_DATA,18.888901,62.620815,87.414116
1158,BASELINE,NEW_DATA,18.911400,62.620815,87.414116
1159,BASELINE,NEW_DATA,18.893400,62.620815,87.414116
1160,BASELINE,NEW_DATA,18.971300,62.504745,88.038979
1161,BASELINE,NEW_DATA,18.942301,62.666851,89.165230
1162,BASELINE,NEW_DATA,18.936199,62.504745,88.038979
1163,BASELINE,NEW_DATA,18.938400,62.666851,89.165230
1164,BASELINE,NEW_DATA,18.948000,62.443428,86.797302
1165,BASELINE,NEW_DATA,18.944901,62.590595,88.807892
1166,BASELINE,NEW_DATA,18.938801,62.814915,86.797302
1167,BASELINE,NEW_DATA,18.942301,62.666851,89.165230
1168,BASELINE,NEW_DATA,18.942301,62.666851,89.165230
1169,BASELINE,NEW_DATA,18.930099,62.435112,88.393227
1170,BASELINE,NEW_DATA,18.930099,62.435112,88.393227
1171,BASELINE,NEW_DATA,18.936199,62.666851,89.165230
1172,BASELINE,NEW_DATA,18.943001,62.435112,88.393227
1173,BASELINE,NEW_DATA,18.905600,62.435112,88.393227
1174,BASELINE,NEW_DATA,18.896099,62.435112,88.965790
1175,BASELINE,NEW_DATA,18.928499,62.814915,86.797302
1176,BASELINE,NEW_DATA,18.930099,62.435112,88.393227
1177,BASELINE,NEW_DATA,18.920900,62.653572,86.506264
1178,BASELINE,NEW_DATA,18.922400,62.435112,88.965790
1179,BASELINE,NEW_DATA,18.916300,62.653572,86.506264
1180,BASELINE,NEW_DATA,18.905600,62.653572,86.506264
1181,BASELINE,NEW_DATA,18.905600,62.653572,86.506264
1182,BASELINE,NEW_DATA,18.908701,62.653572,86.506264
1183,BASELINE,NEW_DATA,18.881201,62.955853,88.449112
1184,BASELINE,NEW_DATA,18.890400,62.534267,88.197952
1185,BASELINE,NEW_DATA,18.870501,62.955853,88.811600
1186,BASELINE,NEW_DATA,18.910200,62.534267,88.197952
1187,BASELINE,NEW_DATA,18.927401,62.534267,87.286079
1188,BASELINE,NEW_DATA,18.914000,62.534267,87.286079
1189,BASELINE,NEW_DATA,18.881201,62.955853,88.449112
1190,BASELINE,NEW_DATA,18.913300,62.534267,87.286079
1191,BASELINE,NEW_DATA,18.905300,62.620815,87.414116
1192,BASELINE,NEW_DATA,18.845699,63.010948,88.230659
1193,BASELINE,NEW_DATA,18.862200,63.010948,88.230659
1194,BASELINE,NEW_DATA,18.911400,62.620815,87.414116
1195,BASELINE,NEW_DATA,18.874399,63.177738,87.782127
1196,BASELINE,NEW_DATA,18.825899,62.506252,87.414116
1197,BASELINE,NEW_DATA,18.870501,63.010948,88.230659
1198,BASELINE,NEW_DATA,18.845699,63.010948,88.230659
1199,BASELINE,NEW_DATA,18.845699,63.010948,88.230659
1200,BASELINE,NEW_DATA,18.948000,62.443428,86.797302
1201,BASELINE,NEW_DATA,18.948000,62.443428,86.797302
1202,BASELINE,NEW_DATA,18.812599,63.108177,87.421646
1203,BASELINE,NEW_DATA,18.825899,62.506252,87.414116
1204,BASELINE,NEW_DATA,18.908300,62.443428,86.797302
1205,BASELINE,NEW_DATA,18.948000,62.443428,86.797302
1206,BASELINE,NEW_DATA,18.850300,62.915424,86.392113
1207,BASELINE,NEW_DATA,18.916300,62.653572,86.506264
1208,BASELINE,NEW_DATA,18.938801,62.814915,86.797302
1209,BASELINE,NEW_DATA,18.923201,62.814915,86.797302
1210,BASELINE,NEW_DATA,18.850300,62.915424,86.392113
1211,BASELINE,NEW_DATA,18.835400,62.915424,85.672234
1212,BASELINE,NEW_DATA,18.920900,62.653572,86.506264
1213,BASELINE,NEW_DATA,18.825500,62.915424,85.672234
1214,BASELINE,NEW_DATA,18.849899,62.915424,86.392113
1215,BASELINE,NEW_DATA,18.850300,62.915424,86.392113
1216,BASELINE,NEW_DATA,18.905600,62.653572,86.506264
1217,BASELINE,NEW_DATA,18.806499,62.324772,86.048744
1218,BASELINE,NEW_DATA,18.835400,62.915424,85.672234
1219,BASELINE,NEW_DATA,18.807600,62.335041,86.543236
1220,BASELINE,NEW_DATA,18.801500,62.335041,86.543236
1221,BASELINE,NEW_DATA,18.801500,62.335041,86.543236
1222,BASELINE,NEW_DATA,18.885799,62.955853,88.449112
1223,BASELINE,NEW_DATA,18.885799,62.955853,88.449112
1224,BASELINE,NEW_DATA,18.881201,62.955853,88.811600
1225,BASELINE,NEW_DATA,18.807600,62.335041,86.543236
1226,BASELINE,NEW_DATA,18.874701,63.010948,88.230659
1227,BASELINE,NEW_DATA,18.801500,62.335041,86.543236
1228,BASELINE,NEW_DATA,18.870501,62.955853,88.811600
1229,BASELINE,NEW_DATA,18.879700,62.955853,88.811600
1230,BASELINE,NEW_DATA,18.779400,62.468689,85.872711
1231,BASELINE,NEW_DATA,18.874399,63.177738,87.782127
1232,BASELINE,NEW_DATA,18.877399,63.177738,87.782127
1233,BASELINE,NEW_DATA,18.870501,63.010948,88.230659
1234,BASELINE,NEW_DATA,18.845699,63.010948,88.230659
1235,BASELINE,NEW_DATA,18.845699,63.010948,88.230659
1236,BASELINE,NEW_DATA,18.626400,62.852028,86.216782
1237,BASELINE,NEW_DATA,18.837700,63.108177,87.421646
1238,BASELINE,NEW_DATA,18.877399,63.177738,87.782127
1239,BASELINE,NEW_DATA,18.687401,62.468689,86.612846
1240,BASELINE,NEW_DATA,18.838499,63.177738,87.782127
1241,BASELINE,NEW_DATA,18.826300,63.108177,87.421646
1242,BASELINE,NEW_DATA,18.666100,62.852028,86.216782
1243,BASELINE,NEW_DATA,18.849899,62.915424,86.392113
1244,BASELINE,NEW_DATA,18.850300,62.915424,86.392113
1245,BASELINE,NEW_DATA,18.812599,63.108177,87.421646
1246,BASELINE,NEW_DATA,18.850300,62.915424,86.392113
1247,BASELINE,NEW_DATA,18.850300,62.915424,86.392113
1248,BASELINE,NEW_DATA,18.849899,62.915424,86.392113
1249,BASELINE,NEW_DATA,18.627899,62.852028,86.983170
1250,BASELINE,NEW_DATA,18.614201,62.906574,86.470764
1251,BASELINE,NEW_DATA,18.850300,62.915424,86.392113
1252,BASELINE,NEW_DATA,18.833200,62.915424,85.672234
1253,BASELINE,NEW_DATA,18.835400,62.915424,85.672234
1254,BASELINE,NEW_DATA,18.835400,62.915424,85.672234
1255,BASELINE,NEW_DATA,18.825500,62.915424,85.672234
1256,BASELINE,NEW_DATA,18.814800,62.324772,86.048744
1257,BASELINE,NEW_DATA,18.588301,62.906574,85.492271
1258,BASELINE,NEW_DATA,18.779400,62.468689,85.872711
1259,BASELINE,NEW_DATA,18.806499,62.324772,86.048744
1260,BASELINE,NEW_DATA,18.779400,62.468689,85.872711
1261,BASELINE,NEW_DATA,18.752701,62.468689,85.872711
1262,BASELINE,NEW_DATA,18.563499,63.214851,84.948387
1263,BASELINE,NEW_DATA,18.801500,62.335041,86.543236
1264,BASELINE,NEW_DATA,18.504299,63.471210,84.863335
1265,BASELINE,NEW_DATA,18.716400,62.468689,86.612846
1266,BASELINE,NEW_DATA,18.779400,62.468689,85.872711
1267,BASELINE,NEW_DATA,18.752701,62.468689,85.872711
1268,BASELINE,NEW_DATA,18.687401,62.468689,86.612846
1269,BASELINE,NEW_DATA,18.713400,62.468689,85.872711
1270,BASELINE,NEW_DATA,18.716400,62.468689,86.612846
1271,BASELINE,NEW_DATA,18.716400,62.468689,86.612846
1272,BASELINE,NEW_DATA,18.716400,62.468689,86.612846
1273,BASELINE,NEW_DATA,18.700399,62.468689,86.612846
1274,BASELINE,NEW_DATA,18.626400,62.852028,86.216782
1275,BASELINE,NEW_DATA,18.630600,62.852028,86.216782
1276,BASELINE,NEW_DATA,18.601999,63.614986,83.711342
1277,BASELINE,NEW_DATA,18.557400,63.482998,84.209427
1278,BASELINE,NEW_DATA,18.666100,62.852028,86.216782
1279,BASELINE,NEW_DATA,18.626400,62.852028,86.216782
1280,BASELINE,NEW_DATA,18.557400,63.482998,84.209427
1281,BASELINE,NEW_DATA,18.630600,62.852028,86.216782
1282,BASELINE,NEW_DATA,18.597401,63.614986,83.711342
1283,BASELINE,NEW_DATA,18.614201,62.906574,86.470764
1284,BASELINE,NEW_DATA,18.621799,62.852028,86.983170
1285,BASELINE,NEW_DATA,18.627899,62.852028,86.983170
1286,BASELINE,NEW_DATA,18.614201,62.906574,86.470764
1287,BASELINE,NEW_DATA,18.617201,62.906574,86.470764
1288,BASELINE,NEW_DATA,18.617201,62.906574,86.470764
1289,BASELINE,NEW_DATA,18.614201,62.906574,86.470764
1290,BASELINE,NEW_DATA,18.614201,62.906574,86.470764
1291,BASELINE,NEW_DATA,18.588301,62.906574,85.492271
1292,BASELINE,NEW_DATA,18.563499,63.214851,84.948387
1293,BASELINE,NEW_DATA,18.595900,62.906574,85.492271
1294,BASELINE,NEW_DATA,18.595900,62.906574,85.492271
1295,BASELINE,NEW_DATA,18.595900,62.906574,85.492271
1296,BASELINE,NEW_DATA,18.553200,63.214851,84.855446
1297,BASELINE,NEW_DATA,18.553200,63.214851,84.855446
1298,BASELINE,NEW_DATA,18.563499,63.214851,84.948387
1299,BASELINE,NEW_DATA,18.537901,63.214851,84.948387
1300,BASELINE,NEW_DATA,18.719900,63.765202,82.770119
1301,BASELINE,NEW_DATA,18.556200,63.214851,84.855446
1302,BASELINE,NEW_DATA,18.553200,63.214851,84.855446
1303,BASELINE,NEW_DATA,18.498199,63.471210,84.863335
1304,BASELINE,NEW_DATA,18.530300,63.214851,84.855446
1305,BASELINE,NEW_DATA,18.530300,63.214851,84.855446
1306,BASELINE,NEW_DATA,18.719900,63.765202,82.770119
1307,BASELINE,NEW_DATA,18.506201,63.471210,84.863335
1308,BASELINE,NEW_DATA,18.506201,63.471210,84.863335
1309,BASELINE,NEW_DATA,18.506201,63.471210,84.863335
1310,BASELINE,NEW_DATA,18.597401,63.614986,83.711342
1311,BASELINE,NEW_DATA,18.601999,63.614986,83.711342
1312,BASELINE,NEW_DATA,18.557400,63.482998,84.209427
1313,BASELINE,NEW_DATA,18.557400,63.482998,84.209427
1314,BASELINE,NEW_DATA,18.557400,63.482998,84.209427
1315,BASELINE,NEW_DATA,18.641701,63.960716,82.063240
1316,BASELINE,NEW_DATA,18.635599,63.960716,82.063240
1317,BASELINE,NEW_DATA,18.597401,63.614986,83.711342
1318,BASELINE,NEW_DATA,18.601999,63.614986,83.711342
1319,BASELINE,NEW_DATA,18.517700,63.917870,82.973785
1320,BASELINE,NEW_DATA,18.672600,63.614986,83.711342
1321,BASELINE,NEW_DATA,18.554701,63.911705,82.063240
1322,BASELINE,NEW_DATA,18.672600,63.614986,83.711342
1323,BASELINE,NEW_DATA,18.794600,63.867226,84.070549
1324,BASELINE,NEW_DATA,18.730200,63.749813,83.353508
1325,BASELINE,NEW_DATA,18.830900,63.810432,84.000832
1326,BASELINE,NEW_DATA,18.730200,63.749813,83.353508
1327,BASELINE,NEW_DATA,18.794600,63.867226,84.070549
1328,BASELINE,NEW_DATA,18.816401,63.810432,84.000832
1329,BASELINE,NEW_DATA,18.799200,63.777592,84.428223
1330,BASELINE,NEW_DATA,18.786600,63.867226,84.070549
1331,BASELINE,NEW_DATA,18.743900,63.777592,84.428223
1332,BASELINE,NEW_DATA,18.813700,63.810432,84.000832
1333,BASELINE,NEW_DATA,18.495199,63.635582,79.609795
1334,BASELINE,NEW_DATA,18.816401,63.810432,84.000832
1335,BASELINE,NEW_DATA,18.799200,63.777592,84.428223
1336,BASELINE,NEW_DATA,18.719900,63.765202,82.770119
1337,BASELINE,NEW_DATA,18.719900,63.765202,82.770119
1338,BASELINE,NEW_DATA,18.743900,63.777592,84.428223
1339,BASELINE,NEW_DATA,18.532900,63.553173,79.609795
1340,BASELINE,NEW_DATA,18.594400,64.055099,79.112404
1341,BASELINE,NEW_DATA,18.554701,63.702339,79.112404
1342,BASELINE,NEW_DATA,18.568399,63.702339,79.112404
1343,BASELINE,NEW_DATA,18.719900,63.765202,82.770119
1344,BASELINE,NEW_DATA,18.568399,63.702339,79.112404
1345,BASELINE,NEW_DATA,18.687401,63.765202,82.770119
1346,BASELINE,NEW_DATA,18.594400,64.055099,79.112404
1347,BASELINE,NEW_DATA,18.594400,64.055099,79.112404
1348,BASELINE,NEW_DATA,18.663000,63.807148,82.770119
1349,BASELINE,NEW_DATA,18.663000,63.807148,82.770119
1350,BASELINE,NEW_DATA,18.663000,63.807148,82.770119
1351,BASELINE,NEW_DATA,18.641701,63.960716,82.063240
1352,BASELINE,NEW_DATA,18.635599,63.960716,82.063240
1353,BASELINE,NEW_DATA,18.575300,63.960716,82.063240
1354,BASELINE,NEW_DATA,18.575300,63.960716,82.063240
1355,BASELINE,NEW_DATA,18.516500,64.027046,80.292778
1356,BASELINE,NEW_DATA,18.563101,63.960716,82.063240
1357,BASELINE,NEW_DATA,18.457001,64.009918,80.344650
1358,BASELINE,NEW_DATA,18.549000,63.911705,82.063240
1359,BASELINE,NEW_DATA,18.549000,63.911705,82.063240
1360,BASELINE,NEW_DATA,18.517700,63.917870,82.973785
1361,BASELINE,NEW_DATA,18.362000,63.981304,80.344650
1362,BASELINE,NEW_DATA,18.479900,63.917870,82.973785
1363,BASELINE,NEW_DATA,18.479900,63.917870,82.973785
1364,BASELINE,NEW_DATA,18.433399,64.009918,80.344650
1365,BASELINE,NEW_DATA,18.479900,63.635582,79.609795
1366,BASELINE,NEW_DATA,18.479900,63.635582,79.609795
1367,BASELINE,NEW_DATA,18.479900,63.635582,79.609795
1368,BASELINE,NEW_DATA,18.495199,63.635582,79.609795
1369,BASELINE,NEW_DATA,18.495199,63.635582,79.609795
1370,BASELINE,NEW_DATA,18.492100,63.635582,79.609795
1371,BASELINE,NEW_DATA,18.492100,63.635582,79.609795
1372,BASELINE,NEW_DATA,18.246500,64.053360,76.210472
1373,BASELINE,NEW_DATA,18.568399,63.702339,79.112404
1374,BASELINE,NEW_DATA,18.371201,64.384048,79.983833
1375,BASELINE,NEW_DATA,18.594400,64.055099,79.112404
1376,BASELINE,NEW_DATA,18.543200,63.702339,79.112404
1377,BASELINE,NEW_DATA,18.568399,63.702339,79.112404
1378,BASELINE,NEW_DATA,18.568399,63.702339,79.112404
1379,BASELINE,NEW_DATA,18.568399,63.702339,79.112404
1380,BASELINE,NEW_DATA,18.568399,63.702339,79.112404
1381,BASELINE,NEW_DATA,18.594400,64.055099,79.112404
1382,BASELINE,NEW_DATA,18.586700,64.055099,79.112404
1383,BASELINE,NEW_DATA,18.586700,64.055099,79.112404
1384,BASELINE,NEW_DATA,18.503201,64.862778,79.800400
1385,BASELINE,NEW_DATA,18.433001,64.862778,79.800400
1386,BASELINE,NEW_DATA,18.452499,64.862778,79.800400
1387,BASELINE,NEW_DATA,18.452499,64.862778,79.800400
1388,BASELINE,NEW_DATA,18.516500,64.027046,80.292778
1389,BASELINE,NEW_DATA,18.470800,64.862778,79.800400
1390,BASELINE,NEW_DATA,18.516500,64.027046,80.292778
1391,BASELINE,NEW_DATA,18.508499,64.862778,79.800400
1392,BASELINE,NEW_DATA,18.457001,64.009918,80.344650
1393,BASELINE,NEW_DATA,18.491400,64.027046,80.292778
1394,BASELINE,NEW_DATA,18.485300,64.027046,80.292778
1395,BASELINE,NEW_DATA,18.527201,65.328941,75.803169
1396,BASELINE,NEW_DATA,18.493299,65.328941,75.803169
1397,BASELINE,NEW_DATA,18.501301,65.328941,75.803169
1398,BASELINE,NEW_DATA,18.457001,64.009918,80.344650
1399,BASELINE,NEW_DATA,18.501301,65.328941,75.803169
1400,BASELINE,NEW_DATA,18.457001,64.009918,80.344650
1401,BASELINE,NEW_DATA,18.433399,64.009918,80.344650
1402,BASELINE,NEW_DATA,18.378401,63.981304,80.344650
1403,BASELINE,NEW_DATA,18.527201,65.328941,75.803169
1404,BASELINE,NEW_DATA,18.362000,63.981304,80.344650
1405,BASELINE,NEW_DATA,18.277000,64.218330,80.508255
1406,BASELINE,NEW_DATA,18.379999,65.439774,74.651237
1407,BASELINE,NEW_DATA,18.421900,65.439774,74.651237
1408,BASELINE,NEW_DATA,18.421900,65.439774,74.651237
1409,BASELINE,NEW_DATA,18.246500,64.053360,76.210472
1410,BASELINE,NEW_DATA,18.273899,64.218330,80.508255
1411,BASELINE,NEW_DATA,18.277000,64.218330,80.508255
1412,BASELINE,NEW_DATA,18.346399,64.218330,80.508255
1413,BASELINE,NEW_DATA,18.346399,64.218330,80.508255
1414,BASELINE,NEW_DATA,18.346399,64.218330,80.508255
1415,BASELINE,NEW_DATA,18.346399,64.218330,80.508255
1416,BASELINE,NEW_DATA,18.452499,64.862778,79.800400
1417,BASELINE,NEW_DATA,18.383801,64.384048,79.983833
1418,BASELINE,NEW_DATA,18.383801,64.384048,79.983833
1419,BASELINE,NEW_DATA,18.433001,64.862778,79.800400
1420,BASELINE,NEW_DATA,18.503201,64.862778,79.800400
1421,BASELINE,NEW_DATA,18.433001,64.862778,79.800400
1422,BASELINE,NEW_DATA,18.452499,64.862778,79.800400
1423,BASELINE,NEW_DATA,18.502800,65.328941,75.803169
1424,BASELINE,NEW_DATA,18.322800,65.342796,72.789047
1425,BASELINE,NEW_DATA,18.470800,64.862778,79.800400
1426,BASELINE,NEW_DATA,18.493299,65.328941,75.803169
1427,BASELINE,NEW_DATA,18.508499,64.862778,79.800400
1428,BASELINE,NEW_DATA,18.306000,65.342796,72.789047
1429,BASELINE,NEW_DATA,18.508499,64.862778,79.800400
1430,BASELINE,NEW_DATA,18.287701,65.395973,72.158829
1431,BASELINE,NEW_DATA,18.252600,65.395973,72.158829
1432,BASELINE,NEW_DATA,18.499800,65.328941,75.803169
1433,BASELINE,NEW_DATA,18.264400,65.395973,72.158829
1434,BASELINE,NEW_DATA,18.493299,65.328941,75.803169
1435,BASELINE,NEW_DATA,18.501301,65.328941,75.803169
1436,BASELINE,NEW_DATA,18.264400,65.424141,72.447960
1437,BASELINE,NEW_DATA,18.250999,65.424141,72.447960
1438,BASELINE,NEW_DATA,18.223600,65.522552,71.878548
1439,BASELINE,NEW_DATA,18.527201,65.328941,75.803169
1440,BASELINE,NEW_DATA,18.410900,65.439774,74.651237
1441,BASELINE,NEW_DATA,18.495199,65.328941,75.803169
1442,BASELINE,NEW_DATA,18.495199,65.328941,75.803169
1443,BASELINE,NEW_DATA,18.495199,65.328941,75.803169
1444,BASELINE,NEW_DATA,18.479200,65.439774,74.651237
1445,BASELINE,NEW_DATA,18.421900,65.439774,74.651237
1446,BASELINE,NEW_DATA,18.427999,65.439774,74.651237
1447,BASELINE,NEW_DATA,18.206800,65.436668,70.812950
1448,BASELINE,NEW_DATA,18.206800,65.436668,70.812950
1449,BASELINE,NEW_DATA,18.354799,65.269989,74.589523
1450,BASELINE,NEW_DATA,18.209101,65.785645,70.350113
1451,BASELINE,NEW_DATA,18.354799,65.269989,74.589523
1452,BASELINE,NEW_DATA,18.382299,65.269989,74.589523
1453,BASELINE,NEW_DATA,18.342600,65.269989,74.589523
1454,BASELINE,NEW_DATA,18.173599,65.785645,72.209587
1455,BASELINE,NEW_DATA,18.322800,65.342796,72.789047
1456,BASELINE,NEW_DATA,18.202200,65.785645,72.209587
1457,BASELINE,NEW_DATA,18.200701,66.366562,73.271034
1458,BASELINE,NEW_DATA,18.357100,65.269989,74.589523
1459,BASELINE,NEW_DATA,18.357100,65.269989,74.589523
1460,BASELINE,NEW_DATA,18.322800,65.342796,72.789047
1461,BASELINE,NEW_DATA,18.322800,65.342796,72.789047
1462,BASELINE,NEW_DATA,18.252600,65.395973,72.158829
1463,BASELINE,NEW_DATA,18.196100,66.344627,73.245003
1464,BASELINE,NEW_DATA,18.306000,65.342796,72.789047
1465,BASELINE,NEW_DATA,18.306000,65.342796,72.789047
1466,BASELINE,NEW_DATA,18.250999,65.424141,72.447960
1467,BASELINE,NEW_DATA,18.252600,65.395973,72.158829
1468,BASELINE,NEW_DATA,18.252600,65.395973,72.158829
1469,BASELINE,NEW_DATA,18.264400,65.395973,72.158829
1470,BASELINE,NEW_DATA,18.196100,66.344627,73.245003
1471,BASELINE,NEW_DATA,18.325800,66.736778,72.657875
1472,BASELINE,NEW_DATA,18.264400,65.424141,72.447960
1473,BASELINE,NEW_DATA,18.215599,66.736778,72.657875
1474,BASELINE,NEW_DATA,18.213301,65.424141,72.447960
1475,BASELINE,NEW_DATA,18.222799,65.436668,70.812950
1476,BASELINE,NEW_DATA,18.226601,65.522552,71.878548
1477,BASELINE,NEW_DATA,18.454000,66.736778,72.657875
1478,BASELINE,NEW_DATA,18.223600,65.522552,71.878548
1479,BASELINE,NEW_DATA,18.223600,65.522552,71.878548
1480,BASELINE,NEW_DATA,18.797300,67.070602,72.289833
1481,BASELINE,NEW_DATA,18.222799,65.436668,70.812950
1482,BASELINE,NEW_DATA,18.941500,67.070602,72.289833
1483,BASELINE,NEW_DATA,18.206800,65.436668,70.812950
1484,BASELINE,NEW_DATA,18.173599,65.785645,72.209587
1485,BASELINE,NEW_DATA,18.206800,65.436668,70.812950
1486,BASELINE,NEW_DATA,19.332899,67.070602,72.327377
1487,BASELINE,NEW_DATA,18.171700,65.785645,70.350113
1488,BASELINE,NEW_DATA,18.196899,65.785645,70.350113
1489,BASELINE,NEW_DATA,18.196899,65.785645,70.350113
1490,BASELINE,NEW_DATA,18.173599,65.785645,72.209587
1491,BASELINE,NEW_DATA,18.173599,65.785645,72.209587
1492,BASELINE,NEW_DATA,18.202200,65.785645,72.209587
1493,BASELINE,NEW_DATA,18.200701,66.366562,73.271034
1494,BASELINE,NEW_DATA,19.608299,67.171021,72.431000
1495,BASELINE,NEW_DATA,18.187000,66.011482,72.445190
1496,BASELINE,NEW_DATA,18.191099,66.011482,72.445190
1497,BASELINE,NEW_DATA,18.190001,66.366562,73.271034
1498,BASELINE,NEW_DATA,18.200701,66.366562,73.271034
1499,BASELINE,NEW_DATA,18.200701,66.366562,73.271034
1500,BASELINE,NEW_DATA,18.200701,66.366562,73.271034
1501,BASELINE,NEW_DATA,18.193399,66.366562,73.271034
1502,BASELINE,NEW_DATA,18.190001,66.366562,73.271034
1503,BASELINE,NEW_DATA,20.153799,67.783997,68.723480
1504,BASELINE,NEW_DATA,18.190001,66.366562,73.271034
1505,BASELINE,NEW_DATA,18.325800,66.736778,72.657875
1506,BASELINE,NEW_DATA,19.966101,67.284256,68.589966
1507,BASELINE,NEW_DATA,18.196100,66.344627,73.245003
1508,BASELINE,NEW_DATA,18.215599,66.736778,72.657875
1509,BASELINE,NEW_DATA,18.215599,66.736778,72.657875
1510,BASELINE,NEW_DATA,18.215599,66.736778,72.657875
1511,BASELINE,NEW_DATA,18.325800,66.736778,72.657875
1512,BASELINE,NEW_DATA,18.325800,66.736778,72.657875
1513,BASELINE,NEW_DATA,20.275101,68.324257,68.923218
1514,BASELINE,NEW_DATA,19.239799,67.070602,72.327377
1515,BASELINE,NEW_DATA,20.275101,68.324257,68.923218
1516,BASELINE,NEW_DATA,18.797300,67.070602,72.289833
1517,BASELINE,NEW_DATA,18.941500,67.070602,72.289833
1518,BASELINE,NEW_DATA,20.489500,69.129982,69.267479
1519,BASELINE,NEW_DATA,18.941500,67.070602,72.289833
1520,BASELINE,NEW_DATA,19.239799,67.070602,72.327377
1521,BASELINE,NEW_DATA,19.239799,67.070602,72.327377
1522,BASELINE,NEW_DATA,20.394899,69.129982,69.267479
1523,BASELINE,NEW_DATA,19.332899,67.070602,72.327377
1524,BASELINE,NEW_DATA,19.407700,67.070602,72.327377
1525,BASELINE,NEW_DATA,20.991501,69.749214,68.873421
1526,BASELINE,NEW_DATA,19.549601,67.174942,72.327377
1527,BASELINE,NEW_DATA,19.549601,67.174942,72.327377
1528,BASELINE,NEW_DATA,20.785500,69.670059,68.741524
1529,BASELINE,NEW_DATA,19.580099,67.174942,72.327377
1530,BASELINE,NEW_DATA,21.226500,70.402069,68.371071
1531,BASELINE,NEW_DATA,20.991501,69.749214,68.873421
1532,BASELINE,NEW_DATA,19.615200,67.171021,72.431000
1533,BASELINE,NEW_DATA,21.337900,70.962318,66.287613
1534,BASELINE,NEW_DATA,19.615200,67.171021,72.431000
1535,BASELINE,NEW_DATA,21.226500,70.402069,68.371071
1536,BASELINE,NEW_DATA,19.966101,67.284256,68.589966
1537,BASELINE,NEW_DATA,21.373699,71.091866,66.287613
1538,BASELINE,NEW_DATA,21.337900,70.962318,66.287613
1539,BASELINE,NEW_DATA,21.337900,70.962318,66.287613
1540,BASELINE,NEW_DATA,20.153799,67.783997,68.723480
1541,BASELINE,NEW_DATA,21.373400,70.962318,66.287613
1542,BASELINE,NEW_DATA,20.282000,68.324257,68.923218
1543,BASELINE,NEW_DATA,19.966101,67.284256,68.589966
1544,BASELINE,NEW_DATA,19.966101,67.284256,68.589966
1545,BASELINE,NEW_DATA,21.340599,71.091866,66.287613
1546,BASELINE,NEW_DATA,21.340599,71.091866,66.287613
1547,BASELINE,NEW_DATA,20.243799,67.783997,68.723480
1548,BASELINE,NEW_DATA,20.282000,68.324257,68.923218
1549,BASELINE,NEW_DATA,20.282000,68.324257,68.923218
1550,BASELINE,NEW_DATA,21.286800,71.575066,64.909988
1551,BASELINE,NEW_DATA,21.211201,71.575066,64.909988
1552,BASELINE,NEW_DATA,21.211201,71.575066,64.909988
1553,BASELINE,NEW_DATA,21.211201,71.575066,64.909988
1554,BASELINE,NEW_DATA,20.364000,68.324257,68.923218
1555,BASELINE,NEW_DATA,20.364000,68.324257,68.923218
1556,BASELINE,NEW_DATA,20.394899,69.129982,69.267479
1557,BASELINE,NEW_DATA,21.144100,72.954620,65.681526
1558,BASELINE,NEW_DATA,21.144899,72.209671,64.392769
1559,BASELINE,NEW_DATA,20.785500,69.670059,68.741524
1560,BASELINE,NEW_DATA,20.489500,69.129982,69.267479
1561,BASELINE,NEW_DATA,20.585600,69.670059,68.741524
1562,BASELINE,NEW_DATA,20.674900,69.670059,68.741524
1563,BASELINE,NEW_DATA,21.072001,69.749214,68.873421
1564,BASELINE,NEW_DATA,21.119699,72.954620,65.681526
1565,BASELINE,NEW_DATA,21.070900,73.465393,65.681526
1566,BASELINE,NEW_DATA,21.052601,73.465393,65.681526
1567,BASELINE,NEW_DATA,20.991501,69.749214,68.873421
1568,BASELINE,NEW_DATA,21.072001,69.749214,68.873421
1569,BASELINE,NEW_DATA,21.061701,73.465393,65.681526
1570,BASELINE,NEW_DATA,21.072001,69.749214,68.873421
1571,BASELINE,NEW_DATA,21.373400,70.962318,66.287613
1572,BASELINE,NEW_DATA,21.226500,70.402069,68.371071
1573,BASELINE,NEW_DATA,21.052601,73.465393,65.681526
1574,BASELINE,NEW_DATA,21.337900,70.962318,66.287613
1575,BASELINE,NEW_DATA,21.337900,70.962318,66.287613
1576,BASELINE,NEW_DATA,21.321501,70.962318,66.287613
1577,BASELINE,NEW_DATA,21.319599,71.091866,66.287613
1578,BASELINE,NEW_DATA,20.948799,74.182846,65.200874
1579,BASELINE,NEW_DATA,21.373699,71.091866,66.287613
1580,BASELINE,NEW_DATA,20.860300,74.182846,65.660706
1581,BASELINE,NEW_DATA,21.340599,71.091866,66.287613
1582,BASELINE,NEW_DATA,21.340599,71.091866,66.287613
1583,BASELINE,NEW_DATA,21.340599,71.091866,66.287613
1584,BASELINE,NEW_DATA,21.180700,72.209671,64.392769
1585,BASELINE,NEW_DATA,21.165800,72.209671,64.392769
1586,BASELINE,NEW_DATA,21.165800,72.209671,64.392769
1587,BASELINE,NEW_DATA,21.144899,72.209671,64.392769
1588,BASELINE,NEW_DATA,21.211201,71.575066,64.909988
1589,BASELINE,NEW_DATA,21.211201,71.575066,64.909988
1590,BASELINE,NEW_DATA,21.180700,72.209671,64.392769
1591,BASELINE,NEW_DATA,20.686300,76.003784,60.357010
1592,BASELINE,NEW_DATA,20.698500,76.578087,60.278202
1593,BASELINE,NEW_DATA,20.698500,76.578087,60.278202
1594,BASELINE,NEW_DATA,21.119699,72.954620,65.681526
1595,BASELINE,NEW_DATA,21.119699,72.954620,65.681526
1596,BASELINE,NEW_DATA,21.114000,72.954620,65.681526
1597,BASELINE,NEW_DATA,21.162800,72.684311,65.681526
1598,BASELINE,NEW_DATA,21.121201,72.684311,65.681526
1599,BASELINE,NEW_DATA,21.061701,73.465393,65.681526
1600,BASELINE,NEW_DATA,21.119699,72.954620,65.681526
1601,BASELINE,NEW_DATA,21.119699,72.954620,65.681526
1602,BASELINE,NEW_DATA,21.052601,73.465393,65.681526
1603,BASELINE,NEW_DATA,21.114000,72.954620,65.681526
1604,BASELINE,NEW_DATA,21.114000,72.954620,65.681526
1605,BASELINE,NEW_DATA,20.980801,74.182846,65.200874
1606,BASELINE,NEW_DATA,20.592899,77.681511,64.772850
1607,BASELINE,NEW_DATA,20.592899,77.681511,64.772850
1608,BASELINE,NEW_DATA,21.052601,73.465393,65.681526
1609,BASELINE,NEW_DATA,21.015900,74.182846,65.200874
1610,BASELINE,NEW_DATA,20.978201,74.182846,65.200874
1611,BASELINE,NEW_DATA,20.859100,74.182846,65.660706
1612,BASELINE,NEW_DATA,20.980801,74.182846,65.200874
1613,BASELINE,NEW_DATA,20.558201,78.385811,64.643105
1614,BASELINE,NEW_DATA,20.948799,74.182846,65.200874
1615,BASELINE,NEW_DATA,20.532600,78.884766,62.851994
1616,BASELINE,NEW_DATA,20.859100,74.182846,65.660706
1617,BASELINE,NEW_DATA,20.538300,78.385811,64.643105
1618,BASELINE,NEW_DATA,20.733601,76.003784,60.357010
1619,BASELINE,NEW_DATA,20.573400,79.219086,62.682087
1620,BASELINE,NEW_DATA,20.778999,75.637283,65.548386
1621,BASELINE,NEW_DATA,20.788601,75.637283,65.548386
1622,BASELINE,NEW_DATA,20.698500,76.578087,60.278202
1623,BASELINE,NEW_DATA,20.788601,75.637283,65.548386
1624,BASELINE,NEW_DATA,20.733601,76.003784,60.357010
1625,BASELINE,NEW_DATA,20.658899,76.578087,60.278202
1626,BASELINE,NEW_DATA,20.573400,79.219086,62.682087
1627,BASELINE,NEW_DATA,20.589399,79.834961,59.944004
1628,BASELINE,NEW_DATA,20.661900,76.578087,60.278202
1629,BASELINE,NEW_DATA,20.698500,76.578087,60.278202
1630,BASELINE,NEW_DATA,20.658899,76.578087,60.278202
1631,BASELINE,NEW_DATA,20.658899,76.578087,60.278202
1632,BASELINE,NEW_DATA,20.597799,77.295578,65.215263
1633,BASELINE,NEW_DATA,20.661900,76.578087,60.278202
1634,BASELINE,NEW_DATA,20.613501,77.681511,64.772850
1635,BASELINE,NEW_DATA,20.661900,76.578087,60.278202
1636,BASELINE,NEW_DATA,20.616100,77.295578,65.215263
1637,BASELINE,NEW_DATA,20.555901,79.834961,59.944004
1638,BASELINE,NEW_DATA,20.549400,80.661194,59.501606
1639,BASELINE,NEW_DATA,20.597799,77.295578,65.215263
1640,BASELINE,NEW_DATA,20.613501,77.681511,64.772850
1641,BASELINE,NEW_DATA,20.581800,77.681511,64.772850
1642,BASELINE,NEW_DATA,20.592899,77.681511,64.772850
1643,BASELINE,NEW_DATA,20.592899,77.681511,64.772850
1644,BASELINE,NEW_DATA,20.592899,77.681511,64.772850
1645,BASELINE,NEW_DATA,20.538300,78.385811,64.643105
1646,BASELINE,NEW_DATA,20.566200,78.057228,65.119354
1647,BASELINE,NEW_DATA,20.538300,78.385811,64.643105
1648,BASELINE,NEW_DATA,20.558201,78.385811,64.643105
1649,BASELINE,NEW_DATA,20.547501,78.385811,64.643105
1650,BASELINE,NEW_DATA,20.527599,78.884766,62.851994
1651,BASELINE,NEW_DATA,20.532600,78.884766,62.851994
1652,BASELINE,NEW_DATA,20.538300,78.385811,64.643105
1653,BASELINE,NEW_DATA,21.340599,81.413895,57.525570
1654,BASELINE,NEW_DATA,20.538300,78.385811,64.643105
1655,BASELINE,NEW_DATA,20.527599,78.884766,62.851994
1656,BASELINE,NEW_DATA,20.527599,78.884766,62.851994
1657,BASELINE,NEW_DATA,21.325701,81.413895,57.525570
1658,BASELINE,NEW_DATA,20.594801,79.517143,61.831501
1659,BASELINE,NEW_DATA,20.532600,78.884766,62.851994
1660,BASELINE,NEW_DATA,21.315001,81.413895,57.525570
1661,BASELINE,NEW_DATA,20.573400,79.219086,62.682087
1662,BASELINE,NEW_DATA,20.573400,79.219086,62.682087
1663,BASELINE,NEW_DATA,20.602400,79.517143,61.831501
1664,BASELINE,NEW_DATA,20.602400,79.517143,61.831501
1665,BASELINE,NEW_DATA,20.600901,79.517143,61.831501
1666,BASELINE,NEW_DATA,21.073900,85.304893,56.900673
1667,BASELINE,NEW_DATA,21.242901,84.312218,56.688648
1668,BASELINE,NEW_DATA,21.025801,85.304893,56.900673
1669,BASELINE,NEW_DATA,21.177700,85.084839,56.688648
1670,BASELINE,NEW_DATA,21.177700,85.084839,56.688648
1671,BASELINE,NEW_DATA,21.129601,85.084839,56.688648
1672,BASELINE,NEW_DATA,21.073900,85.304893,56.900673
1673,BASELINE,NEW_DATA,21.025801,85.304893,56.900673
1674,BASELINE,NEW_DATA,21.025801,85.304893,56.900673
1675,BASELINE,NEW_DATA,20.954901,85.304893,56.900673
1676,BASELINE,NEW_DATA,20.954901,85.304893,56.900673
1677,BASELINE,NEW_DATA,20.506300,80.661194,59.501606
1678,BASELINE,NEW_DATA,20.538300,80.661194,59.501606
1679,BASELINE,NEW_DATA,20.688200,81.444687,56.782703
1680,BASELINE,NEW_DATA,20.809900,81.270012,56.462761
1681,BASELINE,NEW_DATA,20.667999,80.715889,57.285404
1682,BASELINE,NEW_DATA,20.653500,81.936974,56.782703
1683,BASELINE,NEW_DATA,21.040300,81.170799,57.285404
1684,BASELINE,NEW_DATA,20.802299,81.170799,57.285404
1685,BASELINE,NEW_DATA,20.802299,81.170799,57.285404
1686,BASELINE,NEW_DATA,20.895399,81.170799,57.285404
1687,BASELINE,NEW_DATA,21.040300,81.170799,57.285404
1688,BASELINE,NEW_DATA,21.325701,81.413895,57.525570
1689,BASELINE,NEW_DATA,21.040300,81.170799,57.285404
1690,BASELINE,NEW_DATA,21.148701,81.413895,57.525570
1691,BASELINE,NEW_DATA,21.281401,81.413895,57.525570
1692,BASELINE,NEW_DATA,21.281401,81.413895,57.525570
1693,BASELINE,NEW_DATA,21.308901,84.312218,56.688648
1694,BASELINE,NEW_DATA,21.325701,81.413895,57.525570
1695,BASELINE,NEW_DATA,20.705799,82.066231,56.782703
1696,BASELINE,NEW_DATA,21.340599,81.413895,57.525570
1697,BASELINE,NEW_DATA,21.315001,81.413895,57.525570
1698,BASELINE,NEW_DATA,21.308901,84.312218,56.688648
1699,BASELINE,NEW_DATA,21.957399,82.890778,55.459122
1700,BASELINE,NEW_DATA,21.177700,85.084839,56.688648
1701,BASELINE,NEW_DATA,21.129601,85.084839,56.688648
1702,BASELINE,NEW_DATA,21.626301,82.890778,55.459122
1703,BASELINE,NEW_DATA,22.143600,83.298691,55.459122
1704,BASELINE,NEW_DATA,21.242901,84.312218,56.688648
1705,BASELINE,NEW_DATA,21.177700,85.084839,56.688648
1706,BASELINE,NEW_DATA,21.177700,85.084839,56.688648
1707,BASELINE,NEW_DATA,22.070299,83.298691,55.459122
1708,BASELINE,NEW_DATA,21.129601,85.084839,56.688648
1709,BASELINE,NEW_DATA,22.346500,83.390610,55.459122
1710,BASELINE,NEW_DATA,21.025801,85.304893,56.900673
1711,BASELINE,NEW_DATA,20.954901,85.304893,56.900673
1712,BASELINE,NEW_DATA,20.954901,85.304893,56.900673
1713,BASELINE,NEW_DATA,20.910601,85.304893,56.900673
1714,BASELINE,NEW_DATA,20.716900,81.444687,56.782703
1715,BASELINE,NEW_DATA,22.282400,83.390610,55.459122
1716,BASELINE,NEW_DATA,22.346500,83.390610,55.459122
1717,BASELINE,NEW_DATA,20.791201,81.270012,56.462761
1718,BASELINE,NEW_DATA,20.756500,81.444687,56.782703
1719,BASELINE,NEW_DATA,20.653500,81.936974,56.782703
1720,BASELINE,NEW_DATA,22.414801,83.800171,55.182156
1721,BASELINE,NEW_DATA,22.383900,84.048370,55.436806
1722,BASELINE,NEW_DATA,20.688200,81.444687,56.782703
1723,BASELINE,NEW_DATA,22.375500,83.814735,55.536346
1724,BASELINE,NEW_DATA,20.653500,81.936974,56.782703
1725,BASELINE,NEW_DATA,20.653500,81.936974,56.782703
1726,BASELINE,NEW_DATA,20.649700,81.936974,56.782703
1727,BASELINE,NEW_DATA,20.649700,81.936974,56.782703
1728,BASELINE,NEW_DATA,20.668400,82.066231,56.782703
1729,BASELINE,NEW_DATA,20.668400,82.066231,56.782703
1730,BASELINE,NEW_DATA,21.447800,82.786034,56.378822
1731,BASELINE,NEW_DATA,20.826700,82.066231,56.782703
1732,BASELINE,NEW_DATA,20.826700,82.066231,56.782703
1733,BASELINE,NEW_DATA,20.826700,82.066231,56.782703
1734,BASELINE,NEW_DATA,21.217300,82.786034,56.378822
1735,BASELINE,NEW_DATA,22.658899,84.237396,55.121506
1736,BASELINE,NEW_DATA,22.658899,84.237396,55.121506
1737,BASELINE,NEW_DATA,22.995001,87.754509,53.582897
1738,BASELINE,NEW_DATA,21.626301,82.890778,55.459122
1739,BASELINE,NEW_DATA,21.957399,82.890778,55.459122
1740,BASELINE,NEW_DATA,21.957399,82.890778,55.459122
1741,BASELINE,NEW_DATA,21.957399,82.890778,55.459122
1742,BASELINE,NEW_DATA,22.896200,84.237396,55.121506
1743,BASELINE,NEW_DATA,22.995001,87.754509,53.582897
1744,BASELINE,NEW_DATA,22.995001,87.754509,53.582897
1745,BASELINE,NEW_DATA,22.224400,83.390610,55.459122
1746,BASELINE,NEW_DATA,22.224400,83.390610,55.459122
1747,BASELINE,NEW_DATA,22.224400,83.390610,55.459122
1748,BASELINE,NEW_DATA,22.829800,84.264542,55.671318
1749,BASELINE,NEW_DATA,22.963699,87.754509,53.695572
1750,BASELINE,NEW_DATA,22.282400,83.390610,55.459122
1751,BASELINE,NEW_DATA,22.905001,84.264542,55.671318
1752,BASELINE,NEW_DATA,22.407499,83.390610,55.459122
1753,BASELINE,NEW_DATA,22.407499,83.390610,55.459122
1754,BASELINE,NEW_DATA,22.398399,83.800171,55.182156
1755,BASELINE,NEW_DATA,22.414801,83.800171,55.182156
1756,BASELINE,NEW_DATA,22.580700,84.400543,53.512348
1757,BASELINE,NEW_DATA,22.395700,83.800171,55.182156
1758,BASELINE,NEW_DATA,22.395700,83.800171,55.182156
1759,BASELINE,NEW_DATA,22.497200,84.048370,55.436806
1760,BASELINE,NEW_DATA,22.375500,83.814735,55.536346
1761,BASELINE,NEW_DATA,22.358700,83.814735,55.536346
1762,BASELINE,NEW_DATA,22.580700,84.400543,53.512348
1763,BASELINE,NEW_DATA,22.064600,83.730354,55.210865
1764,BASELINE,NEW_DATA,22.383900,84.048370,55.436806
1765,BASELINE,NEW_DATA,22.658899,84.237396,55.121506
1766,BASELINE,NEW_DATA,22.497200,84.048370,55.436806
1767,BASELINE,NEW_DATA,22.212200,83.832901,53.609177
1768,BASELINE,NEW_DATA,22.816799,84.237396,55.121506
1769,BASELINE,NEW_DATA,22.816799,84.237396,55.121506
1770,BASELINE,NEW_DATA,22.658899,84.237396,55.121506
1771,BASELINE,NEW_DATA,22.896200,84.237396,55.121506
1772,BASELINE,NEW_DATA,21.837601,83.955009,55.668156
1773,BASELINE,NEW_DATA,22.658899,84.237396,55.121506
1774,BASELINE,NEW_DATA,21.902100,83.730354,55.210865
1775,BASELINE,NEW_DATA,21.902100,83.730354,55.210865
1776,BASELINE,NEW_DATA,22.896200,84.237396,55.121506
1777,BASELINE,NEW_DATA,22.896200,84.237396,55.121506
1778,BASELINE,NEW_DATA,22.963699,87.754509,53.695572
1779,BASELINE,NEW_DATA,22.963699,87.754509,53.695572
1780,BASELINE,NEW_DATA,22.995001,87.754509,53.582897
1781,BASELINE,NEW_DATA,23.049500,87.754509,53.582897
1782,BASELINE,NEW_DATA,23.016399,87.754509,53.695572
1783,BASELINE,NEW_DATA,22.829800,84.264542,55.671318
1784,BASELINE,NEW_DATA,22.829800,84.264542,55.671318
1785,BASELINE,NEW_DATA,22.756599,84.264542,55.671318
1786,BASELINE,NEW_DATA,22.905001,84.264542,55.671318
1787,BASELINE,NEW_DATA,22.905001,84.264542,55.671318
1788,BASELINE,NEW_DATA,22.642500,84.400543,53.512348
1789,BASELINE,NEW_DATA,22.580700,84.400543,53.512348
1790,BASELINE,NEW_DATA,22.829800,84.264542,55.671318
1791,BASELINE,NEW_DATA,22.756599,84.264542,55.671318
1792,BASELINE,NEW_DATA,22.642500,84.400543,53.512348
1793,BASELINE,NEW_DATA,22.288500,83.832901,53.609177
1794,BASELINE,NEW_DATA,22.580700,84.400543,53.512348
1795,BASELINE,NEW_DATA,22.580700,84.400543,53.512348
1796,BASELINE,NEW_DATA,22.580700,84.400543,53.512348
1797,BASELINE,NEW_DATA,22.580700,84.400543,53.512348
1798,BASELINE,NEW_DATA,21.931499,84.437317,50.796474
1799,BASELINE,NEW_DATA,22.288500,83.832901,53.609177
1800,BASELINE,NEW_DATA,22.288500,83.832901,53.609177
1801,BASELINE,NEW_DATA,21.942101,84.437317,50.796474
1802,BASELINE,NEW_DATA,22.212200,83.832901,53.609177
1803,BASELINE,NEW_DATA,22.099300,83.730354,55.210865
1804,BASELINE,NEW_DATA,21.974899,84.437317,50.796474
1805,BASELINE,NEW_DATA,21.974899,84.437317,50.796474
1806,BASELINE,NEW_DATA,21.974899,84.437317,50.796474
1807,BASELINE,NEW_DATA,21.989401,83.730354,55.210865
1808,BASELINE,NEW_DATA,21.993999,84.372589,50.675022
1809,BASELINE,NEW_DATA,21.840700,83.955009,55.668156
1810,BASELINE,NEW_DATA,21.828501,84.170395,55.480854
1811,BASELINE,NEW_DATA,21.876499,83.730354,55.210865
1812,BASELINE,NEW_DATA,22.300699,84.251884,50.343887
1813,BASELINE,NEW_DATA,21.837601,83.955009,55.668156
1814,BASELINE,NEW_DATA,21.859699,84.170395,55.480854
1815,BASELINE,NEW_DATA,22.267900,84.251884,50.343887
1816,BASELINE,NEW_DATA,22.279400,84.251884,50.490646
1817,BASELINE,NEW_DATA,21.828501,84.170395,55.480854
1818,BASELINE,NEW_DATA,21.859699,84.170395,55.480854
1819,BASELINE,NEW_DATA,21.859699,84.170395,55.480854
1820,BASELINE,NEW_DATA,21.865499,84.170395,55.487595
1821,BASELINE,NEW_DATA,21.859699,84.170395,55.480854
1822,BASELINE,NEW_DATA,21.861300,84.390472,52.134037
1823,BASELINE,NEW_DATA,21.870399,84.170395,55.487595
1824,BASELINE,NEW_DATA,21.873501,84.170395,55.487595
1825,BASELINE,NEW_DATA,21.894800,84.390472,52.134037
1826,BASELINE,NEW_DATA,22.059601,83.807594,50.048588
1827,BASELINE,NEW_DATA,21.865499,84.170395,55.487595
1828,BASELINE,NEW_DATA,21.861300,84.390472,52.134037
1829,BASELINE,NEW_DATA,21.861300,84.390472,52.134037
1830,BASELINE,NEW_DATA,21.890301,83.710197,50.116062
1831,BASELINE,NEW_DATA,21.884199,84.390472,52.134037
1832,BASELINE,NEW_DATA,21.941401,84.437317,50.796474
1833,BASELINE,NEW_DATA,21.974899,84.437317,50.796474
1834,BASELINE,NEW_DATA,21.931499,84.437317,50.796474
1835,BASELINE,NEW_DATA,21.942101,84.437317,50.796474
1836,BASELINE,NEW_DATA,21.942101,84.437317,50.796474
1837,BASELINE,NEW_DATA,21.710199,83.710197,50.116062
1838,BASELINE,NEW_DATA,21.941401,84.437317,50.796474
1839,BASELINE,NEW_DATA,21.974899,84.437317,50.796474
1840,BASELINE,NEW_DATA,22.170601,84.372589,50.675022
1841,BASELINE,NEW_DATA,21.974899,84.437317,50.796474
1842,BASELINE,NEW_DATA,21.499599,83.097626,50.116062
1843,BASELINE,NEW_DATA,22.267200,84.251884,50.490646
1844,BASELINE,NEW_DATA,21.993999,84.372589,50.675022
1845,BASELINE,NEW_DATA,22.087099,84.372589,50.675022
1846,BASELINE,NEW_DATA,22.087099,84.372589,50.675022
1847,BASELINE,NEW_DATA,22.170601,84.372589,50.675022
1848,BASELINE,NEW_DATA,22.267200,84.251884,50.343887
1849,BASELINE,NEW_DATA,22.267200,84.251884,50.490646
1850,BASELINE,NEW_DATA,22.267200,84.251884,50.490646
1851,BASELINE,NEW_DATA,22.279400,84.251884,50.490646
1852,BASELINE,NEW_DATA,22.279400,84.251884,50.490646
1853,BASELINE,NEW_DATA,22.146601,84.059464,50.339127
1854,BASELINE,NEW_DATA,22.267200,84.251884,50.343887
1855,BASELINE,NEW_DATA,21.203600,82.105408,52.440441
1856,BASELINE,NEW_DATA,21.203600,82.105408,52.440441
1857,BASELINE,NEW_DATA,21.203600,82.105408,52.440441
1858,BASELINE,NEW_DATA,21.925400,83.807594,50.048588
1859,BASELINE,NEW_DATA,22.146601,84.059464,50.339127
1860,BASELINE,NEW_DATA,22.146601,84.059464,50.339127
1861,BASELINE,NEW_DATA,22.146601,84.059464,50.339127
1862,BASELINE,NEW_DATA,22.146601,84.059464,50.339127
1863,BASELINE,NEW_DATA,22.038700,83.807594,50.048588
1864,BASELINE,NEW_DATA,21.925400,83.807594,50.048588
1865,BASELINE,NEW_DATA,21.925400,83.807594,50.048588
1866,BASELINE,NEW_DATA,21.710199,83.710197,50.116062
1867,BASELINE,NEW_DATA,21.890301,83.710197,50.116062
1868,BASELINE,NEW_DATA,21.275299,81.139038,51.743893
1869,BASELINE,NEW_DATA,21.826200,83.710197,50.116062
1870,BASELINE,NEW_DATA,21.261999,80.938972,51.234753
1871,BASELINE,NEW_DATA,21.499599,83.097626,50.116062
1872,BASELINE,NEW_DATA,21.250900,80.938972,51.234753
1873,BASELINE,NEW_DATA,21.250900,80.938972,51.234753
1874,BASELINE,NEW_DATA,21.110901,80.759438,51.000408
1875,BASELINE,NEW_DATA,21.566799,83.097626,50.116062
1876,BASELINE,NEW_DATA,21.110901,80.759438,51.000408
1877,BASELINE,NEW_DATA,21.566799,83.097626,50.116062
1878,BASELINE,NEW_DATA,21.499599,83.097626,50.116062
1879,BASELINE,NEW_DATA,21.307400,82.497612,50.189781
1880,BASELINE,NEW_DATA,21.156300,80.759438,51.000408
1881,BASELINE,NEW_DATA,21.403500,83.097626,50.458611
1882,BASELINE,NEW_DATA,21.403500,83.097626,50.458611
1883,BASELINE,NEW_DATA,21.203600,82.105408,52.440441
1884,BASELINE,NEW_DATA,21.333300,82.497612,50.189781
1885,BASELINE,NEW_DATA,21.116600,80.343330,51.344597
1886,BASELINE,NEW_DATA,21.104401,80.343330,51.344597
1887,BASELINE,NEW_DATA,21.271099,82.105408,52.440441
1888,BASELINE,NEW_DATA,21.067801,79.869781,50.546310
1889,BASELINE,NEW_DATA,21.067801,79.869781,50.546310
1890,BASELINE,NEW_DATA,21.018200,79.551682,49.122581
1891,BASELINE,NEW_DATA,21.203600,82.105408,52.440441
1892,BASELINE,NEW_DATA,21.056700,79.551682,50.318432
1893,BASELINE,NEW_DATA,21.006800,79.551682,49.122581
1894,BASELINE,NEW_DATA,21.247900,81.732231,52.076595
1895,BASELINE,NEW_DATA,21.031200,79.551682,50.318432
1896,BASELINE,NEW_DATA,21.221901,82.105408,52.440441
1897,BASELINE,NEW_DATA,21.006800,79.551682,49.122581
1898,BASELINE,NEW_DATA,21.224600,81.732231,52.076595
1899,BASELINE,NEW_DATA,21.272301,81.139038,51.743893
1900,BASELINE,NEW_DATA,21.224600,81.732231,52.076595
1901,BASELINE,NEW_DATA,21.247900,81.732231,52.076595
1902,BASELINE,NEW_DATA,21.247900,81.732231,52.076595
1903,BASELINE,NEW_DATA,21.275299,81.139038,51.743893
1904,BASELINE,NEW_DATA,20.970900,79.238388,48.794495
1905,BASELINE,NEW_DATA,21.272301,81.139038,51.743893
1906,BASELINE,NEW_DATA,21.178801,80.759438,51.000408
1907,BASELINE,NEW_DATA,21.261999,80.938972,51.234753
1908,BASELINE,NEW_DATA,21.250900,80.938972,51.234753
1909,BASELINE,NEW_DATA,21.250900,80.938972,51.234753
1910,BASELINE,NEW_DATA,21.228001,80.938972,51.234753
1911,BASELINE,NEW_DATA,21.179199,80.938972,51.234753
1912,BASELINE,NEW_DATA,21.127300,80.343330,51.344597
1913,BASELINE,NEW_DATA,21.016300,78.598846,48.975616
1914,BASELINE,NEW_DATA,21.023600,78.598846,48.975616
1915,BASELINE,NEW_DATA,21.156300,80.759438,51.000408
1916,BASELINE,NEW_DATA,21.110901,80.759438,51.000408
1917,BASELINE,NEW_DATA,21.362301,78.116508,48.933838
1918,BASELINE,NEW_DATA,21.035000,78.568268,49.145477
1919,BASELINE,NEW_DATA,21.035000,78.568268,49.145477
1920,BASELINE,NEW_DATA,21.116600,80.343330,51.344597
1921,BASELINE,NEW_DATA,21.226500,78.116508,48.933838
1922,BASELINE,NEW_DATA,21.104401,80.343330,51.344597
1923,BASELINE,NEW_DATA,21.362301,78.116508,48.933838
1924,BASELINE,NEW_DATA,21.031200,79.551682,50.318432
1925,BASELINE,NEW_DATA,21.049500,79.869781,50.546310
1926,BASELINE,NEW_DATA,21.752501,77.753143,47.371902
1927,BASELINE,NEW_DATA,21.006800,79.551682,49.122581
1928,BASELINE,NEW_DATA,21.056700,79.551682,50.318432
1929,BASELINE,NEW_DATA,20.970200,79.551682,49.122581
1930,BASELINE,NEW_DATA,21.031200,79.551682,50.318432
1931,BASELINE,NEW_DATA,22.649000,77.531082,47.003990
1932,BASELINE,NEW_DATA,22.280899,77.531082,47.046318
1933,BASELINE,NEW_DATA,21.006800,79.551682,49.122581
1934,BASELINE,NEW_DATA,21.006800,79.551682,49.122581
1935,BASELINE,NEW_DATA,20.969801,78.940178,48.975616
1936,BASELINE,NEW_DATA,20.937000,79.238388,48.794495
1937,BASELINE,NEW_DATA,22.583799,77.653412,47.122692
1938,BASELINE,NEW_DATA,20.942699,78.940178,48.975616
1939,BASELINE,NEW_DATA,22.649000,77.531082,47.003990
1940,BASELINE,NEW_DATA,20.949200,78.940178,48.975616
1941,BASELINE,NEW_DATA,20.969801,78.940178,48.975616
1942,BASELINE,NEW_DATA,21.016300,78.598846,48.975616
1943,BASELINE,NEW_DATA,20.942699,78.940178,48.975616
1944,BASELINE,NEW_DATA,22.306801,77.713539,48.573399
1945,BASELINE,NEW_DATA,22.490700,77.713539,47.412502
1946,BASELINE,NEW_DATA,22.463200,77.713539,47.412502
1947,BASELINE,NEW_DATA,21.016300,78.598846,48.975616
1948,BASELINE,NEW_DATA,21.035000,78.568268,49.145477
1949,BASELINE,NEW_DATA,21.016300,78.598846,48.975616
1950,BASELINE,NEW_DATA,21.023600,78.598846,48.975616
1951,BASELINE,NEW_DATA,22.306801,77.713539,48.573399
1952,BASELINE,NEW_DATA,21.035801,78.568268,49.145477
1953,BASELINE,NEW_DATA,21.035000,78.568268,49.145477
1954,BASELINE,NEW_DATA,21.035000,78.568268,49.145477
1955,BASELINE,NEW_DATA,21.035000,78.568268,49.145477
1956,BASELINE,NEW_DATA,21.752501,77.753143,47.371902
1957,BASELINE,NEW_DATA,21.955900,77.753143,47.371902
1958,BASELINE,NEW_DATA,21.635401,77.726189,48.653091
1959,BASELINE,NEW_DATA,21.541599,78.116508,48.933838
1960,BASELINE,NEW_DATA,21.541599,78.116508,48.933838
1961,BASELINE,NEW_DATA,21.752501,77.753143,47.371902
1962,BASELINE,NEW_DATA,21.752501,77.753143,47.371902
1963,BASELINE,NEW_DATA,21.718599,77.726189,48.653091
1964,BASELINE,NEW_DATA,21.955900,77.753143,47.371902
1965,BASELINE,NEW_DATA,22.528500,77.531082,47.046318
1966,BASELINE,NEW_DATA,22.139000,77.753143,47.371902
1967,BASELINE,NEW_DATA,22.139000,77.753143,47.371902
1968,BASELINE,NEW_DATA,22.280899,77.531082,47.046318
1969,BASELINE,NEW_DATA,22.411301,77.531082,47.046318
1970,BASELINE,NEW_DATA,22.528500,77.531082,47.046318
1971,BASELINE,NEW_DATA,21.601101,77.688889,47.632298
1972,BASELINE,NEW_DATA,21.604900,77.822426,47.341484
1973,BASELINE,NEW_DATA,21.629299,77.688889,47.632298
1974,BASELINE,NEW_DATA,22.649000,77.531082,47.003990
1975,BASELINE,NEW_DATA,22.609301,77.531082,47.003990
1976,BASELINE,NEW_DATA,22.609301,77.531082,47.003990
1977,BASELINE,NEW_DATA,22.306801,77.713539,48.573399
1978,BASELINE,NEW_DATA,22.634100,77.653412,47.122692
1979,BASELINE,NEW_DATA,21.604900,77.822426,47.341484
1980,BASELINE,NEW_DATA,22.583799,77.653412,47.122692
1981,BASELINE,NEW_DATA,21.487000,77.477127,48.046291
1982,BASELINE,NEW_DATA,22.463200,77.713539,47.412502
1983,BASELINE,NEW_DATA,22.364799,77.713539,47.412502
1984,BASELINE,NEW_DATA,22.306801,77.713539,48.573399
1985,BASELINE,NEW_DATA,21.530199,77.575951,48.382626
1986,BASELINE,NEW_DATA,22.306801,77.713539,48.573399
1987,BASELINE,NEW_DATA,22.234301,77.713539,48.573399
1988,BASELINE,NEW_DATA,21.339399,77.348938,47.756325
1989,BASELINE,NEW_DATA,21.850201,77.678711,48.413177
1990,BASELINE,NEW_DATA,21.850201,77.678711,48.413177
1991,BASELINE,NEW_DATA,22.066099,77.713539,48.573399
1992,BASELINE,NEW_DATA,22.066099,77.713539,48.573399
1993,BASELINE,NEW_DATA,21.913900,77.678711,48.413177
1994,BASELINE,NEW_DATA,21.913900,77.678711,48.413177
1995,BASELINE,NEW_DATA,21.850201,77.678711,48.413177
1996,BASELINE,NEW_DATA,21.633499,77.734085,48.653091
1997,BASELINE,NEW_DATA,21.266199,77.348938,46.346230
1998,BASELINE,NEW_DATA,21.718599,77.726189,48.653091
1999,BASELINE,NEW_DATA,21.718599,77.726189,48.653091
2000,BASELINE,NEW_DATA,21.635401,77.726189,48.653091
2001,BASELINE,NEW_DATA,21.621300,77.734085,48.653091
2002,BASELINE,NEW_DATA,21.629299,77.688889,47.632298
2003,BASELINE,NEW_DATA,21.621300,77.734085,48.653091
2004,BASELINE,NEW_DATA,21.633101,77.734085,48.653091
2005,BASELINE,NEW_DATA,21.601101,77.688889,47.632298
2006,BASELINE,NEW_DATA,21.601101,77.688889,47.632298
2007,BASELINE,NEW_DATA,21.366899,77.034637,46.472214
2008,BASELINE,NEW_DATA,21.406601,77.034637,46.472214
2009,BASELINE,NEW_DATA,21.629299,77.688889,47.632298
2010,BASELINE,NEW_DATA,21.629299,77.688889,47.632298
2011,BASELINE,NEW_DATA,21.531700,77.048569,46.504478
2012,BASELINE,NEW_DATA,21.468000,77.048569,46.504478
2013,BASELINE,NEW_DATA,21.617901,77.822426,47.341484
2014,BASELINE,NEW_DATA,21.539700,77.034637,46.472214
2015,BASELINE,NEW_DATA,21.595800,77.822426,47.341484
2016,BASELINE,NEW_DATA,21.487000,77.477127,48.046291
2017,BASELINE,NEW_DATA,21.531700,77.048569,46.504478
2018,BASELINE,NEW_DATA,21.556900,77.575951,48.382626
2019,BASELINE,NEW_DATA,21.467600,76.929306,46.485001
2020,BASELINE,NEW_DATA,21.467600,76.929306,46.485001
2021,BASELINE,NEW_DATA,21.443199,76.929306,46.485001
2022,BASELINE,NEW_DATA,21.483999,77.477127,48.046291
2023,BASELINE,NEW_DATA,21.459200,77.477127,48.046291
2024,BASELINE,NEW_DATA,21.189899,76.793922,45.665451
2025,BASELINE,NEW_DATA,21.339399,77.348938,47.756325
2026,BASELINE,NEW_DATA,21.381001,77.348938,47.756325
2027,BASELINE,NEW_DATA,21.107500,76.793922,45.665451
2028,BASELINE,NEW_DATA,21.369900,77.348938,47.756325
2029,BASELINE,NEW_DATA,21.369900,77.348938,47.756325
2030,BASELINE,NEW_DATA,21.339399,77.348938,47.756325
2031,BASELINE,NEW_DATA,21.173100,76.793922,45.665451
2032,BASELINE,NEW_DATA,21.270399,77.220749,46.036217
2033,BASELINE,NEW_DATA,21.288300,77.220749,46.036217
2034,BASELINE,NEW_DATA,20.979300,77.249527,43.958313
2035,BASELINE,NEW_DATA,21.291700,77.348938,46.346230
2036,BASELINE,NEW_DATA,21.291700,77.348938,46.346230
2037,BASELINE,NEW_DATA,21.276899,77.348938,46.346230
2038,BASELINE,NEW_DATA,21.270399,77.220749,46.036217
2039,BASELINE,NEW_DATA,21.322599,77.220749,46.036217
2040,BASELINE,NEW_DATA,21.322599,77.220749,46.036217
2041,BASELINE,NEW_DATA,21.322599,77.220749,46.036217
2042,BASELINE,NEW_DATA,21.539700,77.034637,46.472214
2043,BASELINE,NEW_DATA,21.406601,77.034637,46.472214
2044,BASELINE,NEW_DATA,20.909100,77.249527,43.958313
2045,BASELINE,NEW_DATA,21.531700,77.048569,46.504478
2046,BASELINE,NEW_DATA,21.455400,77.034637,46.472214
2047,BASELINE,NEW_DATA,21.499599,77.034637,46.472214
2048,BASELINE,NEW_DATA,20.857201,77.999580,44.121544
2049,BASELINE,NEW_DATA,21.539700,77.034637,46.472214
2050,BASELINE,NEW_DATA,21.539700,77.034637,46.472214
2051,BASELINE,NEW_DATA,21.531700,77.048569,46.504478
2052,BASELINE,NEW_DATA,21.531700,77.048569,46.504478
2053,BASELINE,NEW_DATA,21.531700,77.048569,46.504478
2054,BASELINE,NEW_DATA,21.468000,77.048569,46.504478
2055,BASELINE,NEW_DATA,21.467600,76.929306,46.485001
2056,BASELINE,NEW_DATA,21.443199,76.929306,46.485001
2057,BASELINE,NEW_DATA,21.443199,76.929306,46.485001
2058,BASELINE,NEW_DATA,21.560699,78.827858,43.893562
2059,BASELINE,NEW_DATA,21.261600,76.929306,46.619022
2060,BASELINE,NEW_DATA,21.189899,76.793922,45.665451
2061,BASELINE,NEW_DATA,21.397400,76.929306,46.485001
2062,BASELINE,NEW_DATA,21.173100,76.793922,45.665451
2063,BASELINE,NEW_DATA,21.080000,76.793922,45.665451
2064,BASELINE,NEW_DATA,21.805201,78.795891,43.893562
2065,BASELINE,NEW_DATA,21.261600,76.929306,46.619022
2066,BASELINE,NEW_DATA,21.189899,76.793922,45.665451
2067,BASELINE,NEW_DATA,21.173100,76.793922,45.665451
2068,BASELINE,NEW_DATA,21.805201,78.795891,43.893562
2069,BASELINE,NEW_DATA,21.805201,78.795891,43.893562
2070,BASELINE,NEW_DATA,20.979300,77.249527,43.958313
2071,BASELINE,NEW_DATA,20.946501,77.249527,43.958313
2072,BASELINE,NEW_DATA,21.035801,77.249527,46.935707
2073,BASELINE,NEW_DATA,21.025101,77.249527,46.935707
2074,BASELINE,NEW_DATA,21.025101,77.249527,46.935707
2075,BASELINE,NEW_DATA,20.994600,77.249527,46.935707
2076,BASELINE,NEW_DATA,20.883900,77.999580,44.121544
2077,BASELINE,NEW_DATA,20.946501,77.249527,43.958313
2078,BASELINE,NEW_DATA,20.857201,77.999580,44.121544
2079,BASELINE,NEW_DATA,20.849600,77.999580,44.121544
2080,BASELINE,NEW_DATA,20.909100,77.249527,43.958313
2081,BASELINE,NEW_DATA,20.883900,77.999580,44.121544
2082,BASELINE,NEW_DATA,20.883900,77.999580,44.121544
2083,BASELINE,NEW_DATA,20.857201,77.999580,44.121544
2084,BASELINE,NEW_DATA,20.858801,78.374832,44.147629
2085,BASELINE,NEW_DATA,20.849600,77.999580,44.121544
2086,BASELINE,NEW_DATA,20.849600,77.999580,44.121544
2087,BASELINE,NEW_DATA,20.844999,78.374832,44.147629
2088,BASELINE,NEW_DATA,21.092199,78.789131,44.147629
2089,BASELINE,NEW_DATA,20.858801,78.374832,44.147629
2090,BASELINE,NEW_DATA,21.248199,78.789131,44.147629
2091,BASELINE,NEW_DATA,20.924400,78.789131,44.147629
2092,BASELINE,NEW_DATA,21.011400,78.789131,44.147629
2093,BASELINE,NEW_DATA,21.092199,78.789131,44.147629
2094,BASELINE,NEW_DATA,21.092199,78.789131,44.147629
2095,BASELINE,NEW_DATA,21.641500,78.827858,43.893562
2096,BASELINE,NEW_DATA,21.248199,78.789131,44.147629
2097,BASELINE,NEW_DATA,21.718201,78.827858,43.893562
2098,BASELINE,NEW_DATA,21.478300,78.789131,44.147629
2099,BASELINE,NEW_DATA,21.805201,78.795891,43.893562
2100,BASELINE,NEW_DATA,21.560699,78.827858,43.893562
2101,BASELINE,NEW_DATA,21.917000,78.795891,43.893562
2102,BASELINE,NEW_DATA,21.641500,78.827858,43.893562
2103,BASELINE,NEW_DATA,21.718201,78.827858,43.893562
2104,BASELINE,NEW_DATA,21.668600,77.199417,45.033321
2105,BASELINE,NEW_DATA,22.264099,78.795891,43.893562
2106,BASELINE,NEW_DATA,21.805201,78.795891,43.893562
2107,BASELINE,NEW_DATA,21.805201,78.795891,43.893562
2108,BASELINE,NEW_DATA,21.917000,78.795891,43.893562
2109,BASELINE,NEW_DATA,21.495100,77.298218,45.336578
2110,BASELINE,NEW_DATA,21.447800,77.298218,45.336578
2111,BASELINE,NEW_DATA,22.264099,78.795891,43.893562
2112,BASELINE,NEW_DATA,22.383101,78.266388,43.726421
2113,BASELINE,NEW_DATA,21.362301,77.298218,45.336578
2114,BASELINE,NEW_DATA,21.362301,77.298218,45.336578
2115,BASELINE,NEW_DATA,22.534201,78.266388,43.726421
2116,BASELINE,NEW_DATA,21.327200,77.243446,43.082260
2117,BASELINE,NEW_DATA,22.430401,77.431267,44.275650
2118,BASELINE,NEW_DATA,21.327200,77.243446,43.082260
2119,BASELINE,NEW_DATA,22.561300,78.065216,43.464806
2120,BASELINE,NEW_DATA,22.561300,78.065216,43.464806
2121,BASELINE,NEW_DATA,21.340599,77.696777,43.031258
2122,BASELINE,NEW_DATA,22.198500,77.168266,42.462223
2123,BASELINE,NEW_DATA,21.362301,77.696777,43.031258
2124,BASELINE,NEW_DATA,22.430401,77.431267,44.275650
2125,BASELINE,NEW_DATA,22.430401,77.431267,44.275650
2126,BASELINE,NEW_DATA,22.290001,77.168266,42.462223
2127,BASELINE,NEW_DATA,22.290001,77.168266,42.462223
2128,BASELINE,NEW_DATA,22.198500,77.168266,42.462223
2129,BASELINE,NEW_DATA,22.198500,77.168266,42.462223
2130,BASELINE,NEW_DATA,22.198500,77.168266,42.462223
2131,BASELINE,NEW_DATA,21.775801,77.199417,45.033321
2132,BASELINE,NEW_DATA,22.105400,77.168266,42.607639
2133,BASELINE,NEW_DATA,21.614100,78.016373,44.402424
2134,BASELINE,NEW_DATA,21.936001,77.168266,42.607639
2135,BASELINE,NEW_DATA,21.600700,77.298218,45.092499
2136,BASELINE,NEW_DATA,21.853300,77.199417,45.033321
2137,BASELINE,NEW_DATA,21.775801,77.199417,45.033321
2138,BASELINE,NEW_DATA,21.668600,77.199417,45.033321
2139,BASELINE,NEW_DATA,21.668600,77.199417,45.033321
2140,BASELINE,NEW_DATA,21.377600,77.298218,45.336578
2141,BASELINE,NEW_DATA,21.600700,77.298218,45.092499
2142,BASELINE,NEW_DATA,21.397400,77.623550,46.537655
2143,BASELINE,NEW_DATA,21.516399,77.298218,45.092499
2144,BASELINE,NEW_DATA,21.516399,77.298218,45.092499
2145,BASELINE,NEW_DATA,21.447800,77.298218,45.336578
2146,BASELINE,NEW_DATA,21.447800,77.623550,46.537655
2147,BASELINE,NEW_DATA,21.327200,77.243446,43.082260
2148,BASELINE,NEW_DATA,21.362301,77.298218,45.336578
2149,BASELINE,NEW_DATA,21.302000,77.243446,43.082260
2150,BASELINE,NEW_DATA,21.345501,77.243446,43.082260
2151,BASELINE,NEW_DATA,21.364201,77.601341,46.826363
2152,BASELINE,NEW_DATA,21.435499,77.696777,43.031258
2153,BASELINE,NEW_DATA,21.435499,77.696777,43.031258
2154,BASELINE,NEW_DATA,21.327200,77.243446,43.082260
2155,BASELINE,NEW_DATA,21.340599,77.696777,43.031258
2156,BASELINE,NEW_DATA,21.249001,77.601341,46.826363
2157,BASELINE,NEW_DATA,21.340599,77.696777,43.031258
2158,BASELINE,NEW_DATA,21.044500,77.243225,49.198437
2159,BASELINE,NEW_DATA,21.435499,77.696777,43.031258
2160,BASELINE,NEW_DATA,21.044500,77.243225,49.198437
2161,BASELINE,NEW_DATA,21.096001,77.218163,46.528812
2162,BASELINE,NEW_DATA,21.669001,78.102615,43.289406
2163,BASELINE,NEW_DATA,21.531700,77.696777,43.289406
2164,BASELINE,NEW_DATA,21.673599,78.102615,43.289406
2165,BASELINE,NEW_DATA,21.044500,77.243225,49.198437
2166,BASELINE,NEW_DATA,20.927799,77.265236,49.111832
2167,BASELINE,NEW_DATA,20.927799,77.265236,49.111832
2168,BASELINE,NEW_DATA,21.617100,78.102615,43.289406
2169,BASELINE,NEW_DATA,21.669001,78.102615,43.289406
2170,BASELINE,NEW_DATA,21.614100,78.016373,44.402424
2171,BASELINE,NEW_DATA,21.704901,78.102615,43.289406
2172,BASELINE,NEW_DATA,21.574400,78.016373,44.402424
2173,BASELINE,NEW_DATA,21.530199,78.016373,44.402424
2174,BASELINE,NEW_DATA,20.927799,77.265236,49.111832
2175,BASELINE,NEW_DATA,21.614100,78.016373,44.402424
2176,BASELINE,NEW_DATA,21.447800,77.623550,46.537655
2177,BASELINE,NEW_DATA,20.885099,77.339523,50.980118
2178,BASELINE,NEW_DATA,21.574400,78.016373,44.402424
2179,BASELINE,NEW_DATA,20.851900,77.265793,49.436970
2180,BASELINE,NEW_DATA,20.859501,77.265793,49.436970
2181,BASELINE,NEW_DATA,21.487000,77.623550,46.537655
2182,BASELINE,NEW_DATA,21.447800,77.623550,46.537655
2183,BASELINE,NEW_DATA,20.852301,79.703735,52.888771
2184,BASELINE,NEW_DATA,21.397400,77.623550,46.537655
2185,BASELINE,NEW_DATA,21.364201,77.601341,46.826363
2186,BASELINE,NEW_DATA,21.296700,77.601341,46.826363
2187,BASELINE,NEW_DATA,21.145201,77.218163,46.508209
2188,BASELINE,NEW_DATA,20.859501,77.265793,49.436970
2189,BASELINE,NEW_DATA,20.852301,79.703735,52.888771
2190,BASELINE,NEW_DATA,21.249001,77.601341,46.826363
2191,BASELINE,NEW_DATA,21.096001,77.218163,46.528812
2192,BASELINE,NEW_DATA,21.063200,79.867546,52.888771
2193,BASELINE,NEW_DATA,20.881701,79.703735,52.888771
2194,BASELINE,NEW_DATA,20.910601,79.703735,52.888771
2195,BASELINE,NEW_DATA,21.044500,77.243225,49.198437
2196,BASELINE,NEW_DATA,21.044500,77.243225,49.198437
2197,BASELINE,NEW_DATA,21.096001,77.218163,46.528812
2198,BASELINE,NEW_DATA,21.096001,77.218163,46.528812
2199,BASELINE,NEW_DATA,21.044201,77.218163,46.528812
2200,BASELINE,NEW_DATA,21.096399,76.707375,53.047947
2201,BASELINE,NEW_DATA,20.927799,77.265236,49.111832
2202,BASELINE,NEW_DATA,20.927799,77.265236,49.111832
2203,BASELINE,NEW_DATA,21.154400,76.707375,53.047947
2204,BASELINE,NEW_DATA,21.144899,76.687019,53.090221
2205,BASELINE,NEW_DATA,20.956400,77.265236,49.111832
2206,BASELINE,NEW_DATA,21.120800,76.687019,53.090221
2207,BASELINE,NEW_DATA,20.976299,77.265236,49.111832
2208,BASELINE,NEW_DATA,21.089199,78.988586,53.174240
2209,BASELINE,NEW_DATA,20.927799,77.265236,49.111832
2210,BASELINE,NEW_DATA,21.106001,78.988586,53.174240
2211,BASELINE,NEW_DATA,20.832800,77.297737,49.149010
2212,BASELINE,NEW_DATA,20.893900,77.339523,50.980118
2213,BASELINE,NEW_DATA,21.077000,78.988586,53.174240
2214,BASELINE,NEW_DATA,20.885099,77.339523,50.980118
2215,BASELINE,NEW_DATA,20.855700,77.297737,49.149010
2216,BASELINE,NEW_DATA,20.871000,77.297737,49.149010
2217,BASELINE,NEW_DATA,20.832800,77.297737,49.149010
2218,BASELINE,NEW_DATA,20.832800,77.297737,49.149010
2219,BASELINE,NEW_DATA,20.832800,77.297737,49.149010
2220,BASELINE,NEW_DATA,20.855700,77.265793,49.436970
2221,BASELINE,NEW_DATA,20.859501,77.265793,49.436970
2222,BASELINE,NEW_DATA,20.881701,79.703735,52.888771
2223,BASELINE,NEW_DATA,20.852301,79.703735,52.888771
2224,BASELINE,NEW_DATA,21.026600,75.787178,51.300934
2225,BASELINE,NEW_DATA,20.960199,79.867546,52.888771
2226,BASELINE,NEW_DATA,21.021999,79.867546,52.888771
2227,BASELINE,NEW_DATA,20.842699,79.703735,52.888771
2228,BASELINE,NEW_DATA,20.881701,79.703735,52.888771
2229,BASELINE,NEW_DATA,21.096399,76.707375,53.047947
2230,BASELINE,NEW_DATA,21.331400,75.774551,53.221237
2231,BASELINE,NEW_DATA,21.154400,76.707375,53.047947
2232,BASELINE,NEW_DATA,21.145201,75.787178,51.300934
2233,BASELINE,NEW_DATA,21.063200,79.867546,52.888771
2234,BASELINE,NEW_DATA,21.409599,75.910194,53.388786
2235,BASELINE,NEW_DATA,21.096399,76.707375,53.047947
2236,BASELINE,NEW_DATA,21.120800,76.687019,53.090221
2237,BASELINE,NEW_DATA,21.096399,76.707375,53.047947
2238,BASELINE,NEW_DATA,21.154400,76.707375,53.047947
2239,BASELINE,NEW_DATA,21.362301,75.774551,53.221237
2240,BASELINE,NEW_DATA,21.362301,75.774551,53.221237
2241,BASELINE,NEW_DATA,21.450800,75.910194,53.388786
2242,BASELINE,NEW_DATA,21.107500,76.687019,53.090221
2243,BASELINE,NEW_DATA,21.089199,78.988586,53.174240
2244,BASELINE,NEW_DATA,21.106001,78.988586,53.174240
2245,BASELINE,NEW_DATA,21.028099,78.988586,53.174240
2246,BASELINE,NEW_DATA,21.106001,78.988586,53.174240
2247,BASELINE,NEW_DATA,20.973200,78.988586,53.174240
2248,BASELINE,NEW_DATA,21.077000,78.988586,53.174240
2249,BASELINE,NEW_DATA,21.077000,78.988586,53.174240
2250,BASELINE,NEW_DATA,20.962099,78.688095,53.445568
2251,BASELINE,NEW_DATA,21.269199,75.730392,53.388786
2252,BASELINE,NEW_DATA,21.028099,78.988586,53.174240
2253,BASELINE,NEW_DATA,21.028099,78.988586,53.174240
2254,BASELINE,NEW_DATA,20.973200,78.988586,53.174240
2255,BASELINE,NEW_DATA,20.962099,78.688095,53.445568
2256,BASELINE,NEW_DATA,20.962099,78.688095,53.445568
2257,BASELINE,NEW_DATA,20.957899,78.688095,53.445568
2258,BASELINE,NEW_DATA,21.047600,75.091637,54.671478
2259,BASELINE,NEW_DATA,20.993000,75.091637,54.671478
2260,BASELINE,NEW_DATA,20.898399,75.787178,51.611359
2261,BASELINE,NEW_DATA,20.928600,75.787178,51.611359
2262,BASELINE,NEW_DATA,20.949900,75.787178,51.611359
2263,BASELINE,NEW_DATA,20.949900,75.787178,51.611359
2264,BASELINE,NEW_DATA,20.991501,75.787178,51.300934
2265,BASELINE,NEW_DATA,21.145201,75.787178,51.300934
2266,BASELINE,NEW_DATA,21.026600,75.787178,51.300934
2267,BASELINE,NEW_DATA,21.331400,75.774551,53.221237
2268,BASELINE,NEW_DATA,20.832800,74.493401,54.671478
2269,BASELINE,NEW_DATA,21.194099,75.787178,51.300934
2270,BASELINE,NEW_DATA,21.194099,75.787178,51.300934
2271,BASELINE,NEW_DATA,21.194099,75.787178,51.300934
2272,BASELINE,NEW_DATA,20.639000,74.137665,56.740509
2273,BASELINE,NEW_DATA,21.331400,75.774551,53.221237
2274,BASELINE,NEW_DATA,21.408100,75.834808,53.388786
2275,BASELINE,NEW_DATA,21.409599,75.910194,53.388786
2276,BASELINE,NEW_DATA,21.409599,75.910194,53.388786
2277,BASELINE,NEW_DATA,20.669901,74.137665,56.740509
2278,BASELINE,NEW_DATA,20.669901,74.137665,56.740509
2279,BASELINE,NEW_DATA,21.269199,75.730392,53.388786
2280,BASELINE,NEW_DATA,21.409599,75.834808,53.388786
2281,BASELINE,NEW_DATA,21.409599,75.834808,53.388786
2282,BASELINE,NEW_DATA,21.269199,75.730392,53.388786
2283,BASELINE,NEW_DATA,20.500601,73.476669,57.587219
2284,BASELINE,NEW_DATA,21.139900,75.258369,54.671478
2285,BASELINE,NEW_DATA,21.269199,75.730392,53.388786
2286,BASELINE,NEW_DATA,21.269199,75.730392,53.388786
2287,BASELINE,NEW_DATA,21.269199,75.730392,53.388786
2288,BASELINE,NEW_DATA,20.993000,75.091637,54.671478
2289,BASELINE,NEW_DATA,21.217699,75.258369,54.671478
2290,BASELINE,NEW_DATA,20.993000,75.091637,54.671478
2291,BASELINE,NEW_DATA,20.896900,75.091637,54.671478
2292,BASELINE,NEW_DATA,21.090700,75.258369,54.671478
2293,BASELINE,NEW_DATA,20.466600,72.758957,57.748146
2294,BASELINE,NEW_DATA,20.428499,72.650146,57.748146
2295,BASELINE,NEW_DATA,20.993000,75.091637,54.671478
2296,BASELINE,NEW_DATA,20.832800,74.493401,54.671478
2297,BASELINE,NEW_DATA,20.896900,75.091637,54.671478
2298,BASELINE,NEW_DATA,20.372000,72.650146,57.748146
2299,BASELINE,NEW_DATA,20.391800,72.557198,62.051422
2300,BASELINE,NEW_DATA,20.850401,74.493401,54.671478
2301,BASELINE,NEW_DATA,20.850401,74.493401,54.671478
2302,BASELINE,NEW_DATA,20.832800,74.493401,54.671478
2303,BASELINE,NEW_DATA,20.832800,74.493401,54.671478
2304,BASELINE,NEW_DATA,20.800800,74.409065,56.740509
2305,BASELINE,NEW_DATA,20.800800,74.409065,56.740509
2306,BASELINE,NEW_DATA,20.742001,74.409065,56.740509
2307,BASELINE,NEW_DATA,20.686300,74.409065,56.740509
2308,BASELINE,NEW_DATA,20.686300,74.409065,56.740509
2309,BASELINE,NEW_DATA,20.622299,73.476669,57.159111
2310,BASELINE,NEW_DATA,20.653900,74.137665,56.740509
2311,BASELINE,NEW_DATA,20.669901,74.137665,56.740509
2312,BASELINE,NEW_DATA,20.669901,74.137665,56.740509
2313,BASELINE,NEW_DATA,20.639000,74.137665,56.740509
2314,BASELINE,NEW_DATA,20.639000,74.137665,56.740509
2315,BASELINE,NEW_DATA,20.339199,71.962334,61.877670
2316,BASELINE,NEW_DATA,20.330000,72.219170,63.496601
2317,BASELINE,NEW_DATA,20.522699,73.476669,57.587219
2318,BASELINE,NEW_DATA,20.568800,73.476669,57.159111
2319,BASELINE,NEW_DATA,20.500601,73.476669,57.587219
2320,BASELINE,NEW_DATA,20.500601,73.476669,57.587219
2321,BASELINE,NEW_DATA,20.500601,73.476669,57.587219
2322,BASELINE,NEW_DATA,20.466600,72.758957,57.748146
2323,BASELINE,NEW_DATA,20.428499,72.650146,57.748146
2324,BASELINE,NEW_DATA,20.522699,73.476669,57.587219
2325,BASELINE,NEW_DATA,20.315201,71.490372,61.434864
2326,BASELINE,NEW_DATA,20.475800,72.758957,57.748146
2327,BASELINE,NEW_DATA,20.466600,72.758957,57.748146
2328,BASELINE,NEW_DATA,20.301800,71.490372,62.643772
2329,BASELINE,NEW_DATA,20.298800,71.490372,62.643772
2330,BASELINE,NEW_DATA,20.253401,71.490372,62.643772
2331,BASELINE,NEW_DATA,20.412800,72.650146,57.748146
2332,BASELINE,NEW_DATA,20.363199,72.368874,62.277294
2333,BASELINE,NEW_DATA,20.253401,71.490372,62.643772
2334,BASELINE,NEW_DATA,20.309401,72.368874,62.277294
2335,BASELINE,NEW_DATA,20.391800,72.557198,62.051422
2336,BASELINE,NEW_DATA,20.243799,69.858185,65.899948
2337,BASELINE,NEW_DATA,20.320900,72.094551,61.286709
2338,BASELINE,NEW_DATA,20.320900,72.094551,61.286709
2339,BASELINE,NEW_DATA,20.363199,72.368874,62.277294
2340,BASELINE,NEW_DATA,20.309401,72.368874,62.277294
2341,BASELINE,NEW_DATA,20.327000,72.094551,61.286709
2342,BASELINE,NEW_DATA,20.320900,72.094551,61.286709
2343,BASELINE,NEW_DATA,20.320900,72.094551,61.286709
2344,BASELINE,NEW_DATA,20.320900,72.094551,61.286709
2345,BASELINE,NEW_DATA,20.320900,72.094551,61.286709
2346,BASELINE,NEW_DATA,20.329300,72.094551,61.286709
2347,BASELINE,NEW_DATA,20.132401,69.148758,65.925804
2348,BASELINE,NEW_DATA,20.321699,72.094551,61.286709
2349,BASELINE,NEW_DATA,20.074499,69.148758,65.925804
2350,BASELINE,NEW_DATA,20.332300,72.219170,63.496601
2351,BASELINE,NEW_DATA,20.332300,72.219170,63.496601
2352,BASELINE,NEW_DATA,20.339199,71.962334,61.877670
2353,BASELINE,NEW_DATA,20.339199,71.962334,61.877670
2354,BASELINE,NEW_DATA,20.047800,68.687378,65.522377
2355,BASELINE,NEW_DATA,20.047800,68.687378,65.522377
2356,BASELINE,NEW_DATA,20.313999,71.962334,61.877670
2357,BASELINE,NEW_DATA,20.339199,71.962334,61.877670
2358,BASELINE,NEW_DATA,20.021099,68.687378,65.522377
2359,BASELINE,NEW_DATA,20.339199,71.962334,61.877670
2360,BASELINE,NEW_DATA,20.005800,68.996109,65.522377
2361,BASELINE,NEW_DATA,20.005800,68.996109,65.522377
2362,BASELINE,NEW_DATA,19.950899,68.893745,66.059410
2363,BASELINE,NEW_DATA,20.301800,71.490372,61.434864
2364,BASELINE,NEW_DATA,20.301800,71.490372,62.643772
2365,BASELINE,NEW_DATA,20.298800,71.490372,62.643772
2366,BASELINE,NEW_DATA,20.253401,71.490372,62.643772
2367,BASELINE,NEW_DATA,19.950899,68.893745,66.059410
2368,BASELINE,NEW_DATA,19.950899,68.893745,66.059410
2369,BASELINE,NEW_DATA,20.253401,71.490372,62.643772
2370,BASELINE,NEW_DATA,20.266300,70.945763,62.286560
2371,BASELINE,NEW_DATA,19.902800,68.893745,66.059410
2372,BASELINE,NEW_DATA,20.265200,70.945763,62.286560
2373,BASELINE,NEW_DATA,20.249901,70.945763,62.286560
2374,BASELINE,NEW_DATA,19.902800,68.893745,66.059410
2375,BASELINE,NEW_DATA,20.214500,69.345894,64.238136
2376,BASELINE,NEW_DATA,20.227100,69.858185,65.899948
2377,BASELINE,NEW_DATA,20.227100,69.858185,65.899948
2378,BASELINE,NEW_DATA,19.866600,68.491493,65.624222
2379,BASELINE,NEW_DATA,19.866600,68.491493,65.624222
2380,BASELINE,NEW_DATA,20.217501,69.345894,64.238136
2381,BASELINE,NEW_DATA,20.214500,69.345894,64.238136
2382,BASELINE,NEW_DATA,20.074499,69.148758,65.925804
2383,BASELINE,NEW_DATA,19.856300,68.281052,65.858238
2384,BASELINE,NEW_DATA,20.132401,69.148758,65.925804
2385,BASELINE,NEW_DATA,20.074499,69.148758,65.925804
2386,BASELINE,NEW_DATA,20.047800,68.687378,65.522377
2387,BASELINE,NEW_DATA,20.074499,69.148758,65.925804
2388,BASELINE,NEW_DATA,20.074499,69.148758,65.925804
2389,BASELINE,NEW_DATA,19.991301,68.996109,65.522377
2390,BASELINE,NEW_DATA,20.025600,68.996109,65.522377
2391,BASELINE,NEW_DATA,20.047800,68.687378,65.522377
2392,BASELINE,NEW_DATA,20.047800,68.687378,65.522377
2393,BASELINE,NEW_DATA,19.787600,67.794792,66.226410
2394,BASELINE,NEW_DATA,19.781099,67.196037,65.717926
2395,BASELINE,NEW_DATA,19.991301,68.996109,65.522377
2396,BASELINE,NEW_DATA,20.005800,68.996109,65.522377
2397,BASELINE,NEW_DATA,19.950899,68.893745,66.059410
2398,BASELINE,NEW_DATA,19.726200,67.196037,65.933800
2399,BASELINE,NEW_DATA,20.009600,68.751244,65.383484
2400,BASELINE,NEW_DATA,19.953899,68.751244,65.383484
2401,BASELINE,NEW_DATA,19.679300,66.805191,66.126060
2402,BASELINE,NEW_DATA,19.902800,68.893745,66.059410
2403,BASELINE,NEW_DATA,19.950899,68.893745,66.059410
2404,BASELINE,NEW_DATA,19.950899,68.893745,66.059410
2405,BASELINE,NEW_DATA,19.688400,66.805191,66.126060
2406,BASELINE,NEW_DATA,19.688400,66.805191,66.126060
2407,BASELINE,NEW_DATA,19.902800,68.893745,66.059410
2408,BASELINE,NEW_DATA,19.572399,66.233734,65.802734
2409,BASELINE,NEW_DATA,19.651800,66.364212,66.126060
2410,BASELINE,NEW_DATA,19.866600,68.491493,65.624222
2411,BASELINE,NEW_DATA,19.892900,68.761734,65.151337
2412,BASELINE,NEW_DATA,19.892900,68.761734,65.151337
2413,BASELINE,NEW_DATA,19.856300,68.281052,65.858238
2414,BASELINE,NEW_DATA,19.798700,68.281052,65.858238
2415,BASELINE,NEW_DATA,19.834900,68.281052,65.858238
2416,BASELINE,NEW_DATA,19.866600,68.491493,65.624222
2417,BASELINE,NEW_DATA,19.853201,68.491493,65.624222
2418,BASELINE,NEW_DATA,19.826500,67.794792,66.226410
2419,BASELINE,NEW_DATA,19.856300,68.281052,65.858238
2420,BASELINE,NEW_DATA,19.798700,68.281052,65.858238
2421,BASELINE,NEW_DATA,19.787600,67.794792,66.226410
2422,BASELINE,NEW_DATA,19.541901,65.459419,62.255772
2423,BASELINE,NEW_DATA,19.834900,68.281052,65.858238
2424,BASELINE,NEW_DATA,19.817400,67.794792,66.226410
2425,BASELINE,NEW_DATA,19.757099,67.196037,65.717926
2426,BASELINE,NEW_DATA,19.787600,67.794792,66.226410
2427,BASELINE,HOLD_LAST,19.787600,67.794792,66.226410
2428,BASELINE,NEW_DATA,19.741100,67.196037,65.933800
2429,BASELINE,NEW_DATA,19.445400,65.470001,60.909119
2430,BASELINE,NEW_DATA,19.398500,65.537399,60.682961
2431,BASELINE,NEW_DATA,19.442400,65.470001,60.909119
2432,BASELINE,NEW_DATA,19.716299,66.805191,66.126060
2433,BASELINE,NEW_DATA,19.726200,67.196037,65.933800
2434,BASELINE,NEW_DATA,19.741100,67.196037,65.933800
2435,BASELINE,NEW_DATA,19.741100,67.196037,65.933800
2436,BASELINE,NEW_DATA,19.741100,67.196037,65.933800
2437,BASELINE,NEW_DATA,19.729200,67.196037,65.933800
2438,BASELINE,NEW_DATA,19.651800,66.364212,66.126060
2439,BASELINE,NEW_DATA,19.716299,66.805191,66.126060
2440,BASELINE,NEW_DATA,19.716299,66.805191,66.126060
2441,BASELINE,NEW_DATA,19.415300,65.537399,61.045780
2442,BASELINE,NEW_DATA,19.642599,66.364212,66.126060
2443,BASELINE,NEW_DATA,19.371000,65.525909,61.130226
2444,BASELINE,NEW_DATA,19.651800,66.364212,66.126060
2445,BASELINE,NEW_DATA,19.653299,66.364212,66.126060
2446,BASELINE,NEW_DATA,19.622801,66.233734,65.802734
2447,BASELINE,NEW_DATA,19.653299,66.364212,66.126060
2448,BASELINE,NEW_DATA,19.371000,65.525909,61.130226
2449,BASELINE,NEW_DATA,19.589199,65.774590,65.383484
2450,BASELINE,NEW_DATA,19.572399,66.233734,65.802734
2451,BASELINE,NEW_DATA,19.383200,65.525909,61.130226
2452,BASELINE,NEW_DATA,19.541901,65.459419,62.255772
2453,BASELINE,NEW_DATA,19.347000,64.671417,60.663647
2454,BASELINE,NEW_DATA,19.614401,65.774590,65.383484
2455,BASELINE,NEW_DATA,19.589199,65.774590,65.383484
2456,BASELINE,NEW_DATA,19.493099,65.470001,60.909119
2457,BASELINE,NEW_DATA,19.541901,65.459419,62.255772
2458,BASELINE,NEW_DATA,19.356501,64.671417,60.663647
2459,BASELINE,NEW_DATA,19.490101,65.459419,62.255772
2460,BASELINE,NEW_DATA,19.465599,65.459419,62.255772
2461,BASELINE,NEW_DATA,19.465599,65.459419,62.255772
2462,BASELINE,NEW_DATA,19.493099,65.470001,60.909119
2463,BASELINE,NEW_DATA,19.493099,65.470001,60.909119
2464,BASELINE,NEW_DATA,19.445801,65.537399,60.682961
2465,BASELINE,NEW_DATA,19.427500,65.537399,60.682961
2466,BASELINE,NEW_DATA,19.332100,64.671417,61.062031
2467,BASELINE,NEW_DATA,19.398500,65.537399,60.682961
2468,BASELINE,NEW_DATA,19.387400,65.537399,61.045780
2469,BASELINE,NEW_DATA,19.258101,64.219292,60.997009
2470,BASELINE,NEW_DATA,19.445801,65.537399,60.682961
2471,BASELINE,NEW_DATA,19.227600,64.219292,60.997009
2472,BASELINE,NEW_DATA,19.403099,65.537399,61.045780
2473,BASELINE,NEW_DATA,19.216900,63.943218,60.997009
2474,BASELINE,NEW_DATA,19.398500,65.537399,60.682961
2475,BASELINE,NEW_DATA,19.409201,65.525909,60.679745
2476,BASELINE,NEW_DATA,19.195900,63.943218,60.997009
2477,BASELINE,NEW_DATA,19.403099,65.537399,61.045780
2478,BASELINE,NEW_DATA,19.403099,65.537399,61.045780
2479,BASELINE,NEW_DATA,19.383200,65.525909,61.130226
2480,BASELINE,NEW_DATA,19.409201,65.525909,60.679745
2481,BASELINE,NEW_DATA,19.137600,63.939800,63.722420
2482,BASELINE,NEW_DATA,19.383200,65.145248,61.026276
2483,BASELINE,NEW_DATA,19.401600,65.525909,61.130226
2484,BASELINE,NEW_DATA,19.383200,65.145248,61.026276
2485,BASELINE,NEW_DATA,19.371000,65.525909,61.130226
2486,BASELINE,NEW_DATA,19.383200,65.525909,61.130226
2487,BASELINE,NEW_DATA,19.160500,64.353287,64.164345
2488,BASELINE,NEW_DATA,19.356501,64.671417,60.663647
2489,BASELINE,NEW_DATA,19.192101,64.353287,64.164345
2490,BASELINE,NEW_DATA,19.383200,65.145248,61.026276
2491,BASELINE,NEW_DATA,19.107100,64.232437,63.857140
2492,BASELINE,NEW_DATA,19.374500,65.145248,61.026276
2493,BASELINE,NEW_DATA,19.320700,64.671417,61.062031
2494,BASELINE,NEW_DATA,19.356501,64.671417,60.663647
2495,BASELINE,NEW_DATA,19.356501,64.671417,60.663647
2496,BASELINE,NEW_DATA,19.192101,64.353287,64.164345
2497,BASELINE,NEW_DATA,19.189501,64.370010,63.909115
2498,BASELINE,NEW_DATA,19.256599,64.370010,63.909115
2499,BASELINE,NEW_DATA,19.258101,64.219292,60.997009
2500,BASELINE,NEW_DATA,19.256599,64.370010,63.909115
2501,BASELINE,NEW_DATA,19.276400,64.370010,63.909115
2502,BASELINE,NEW_DATA,19.264601,64.219292,60.997009
2503,BASELINE,NEW_DATA,19.264601,64.219292,60.997009
2504,BASELINE,NEW_DATA,19.282499,64.219292,60.997009
2505,BASELINE,NEW_DATA,19.258101,64.219292,60.997009
2506,BASELINE,NEW_DATA,19.258101,64.219292,60.997009
2507,BASELINE,NEW_DATA,19.195900,63.943218,60.997009
2508,BASELINE,NEW_DATA,19.200100,63.943218,60.997009
2509,BASELINE,NEW_DATA,19.306900,64.327507,64.500526
2510,BASELINE,NEW_DATA,19.216900,63.943218,60.997009
2511,BASELINE,NEW_DATA,19.300501,64.110054,65.453239
2512,BASELINE,NEW_DATA,19.300501,64.110054,65.453239
2513,BASELINE,NEW_DATA,19.278000,64.110054,64.432617
2514,BASELINE,NEW_DATA,19.195900,63.943218,60.997009
2515,BASELINE,NEW_DATA,19.126101,64.100830,63.916489
2516,BASELINE,NEW_DATA,19.143299,63.939800,63.722420
2517,BASELINE,NEW_DATA,19.300501,64.110054,65.453239
2518,BASELINE,NEW_DATA,19.300501,64.110054,65.453239
2519,BASELINE,NEW_DATA,19.126900,64.232437,63.857140
2520,BASELINE,NEW_DATA,19.300800,64.110054,65.453239
2521,BASELINE,NEW_DATA,19.126101,64.100830,63.916489
2522,BASELINE,NEW_DATA,19.126101,64.100830,63.916489
2523,BASELINE,NEW_DATA,19.126900,64.232437,63.857140
2524,BASELINE,NEW_DATA,19.126900,64.232437,63.857140
2525,BASELINE,NEW_DATA,19.250900,63.732632,64.730820
2526,BASELINE,NEW_DATA,19.126900,64.232437,63.857140
2527,BASELINE,NEW_DATA,19.123800,64.353287,64.164345
2528,BASELINE,NEW_DATA,19.160500,64.353287,64.164345
2529,BASELINE,NEW_DATA,19.189501,63.410313,64.730820
2530,BASELINE,NEW_DATA,19.276400,64.370010,63.909115
2531,BASELINE,NEW_DATA,19.192101,64.353287,64.164345
2532,BASELINE,NEW_DATA,19.281000,64.399048,64.303352
2533,BASELINE,NEW_DATA,19.256599,64.370010,63.909115
2534,BASELINE,NEW_DATA,19.278700,64.399048,64.303352
2535,BASELINE,NEW_DATA,19.256599,64.370010,63.909115
2536,BASELINE,NEW_DATA,19.308500,64.327507,64.500526
2537,BASELINE,NEW_DATA,19.276400,64.370010,63.909115
2538,BASELINE,NEW_DATA,19.281000,64.399048,64.303352
2539,BASELINE,NEW_DATA,19.281000,64.399048,64.303352
2540,BASELINE,NEW_DATA,19.306900,64.327507,64.500526
2541,BASELINE,NEW_DATA,19.295900,64.399048,64.303352
2542,BASELINE,NEW_DATA,19.308500,64.327507,64.500526
2543,BASELINE,NEW_DATA,19.308500,64.327507,64.500526
2544,BASELINE,NEW_DATA,19.262699,64.110054,64.432617
2545,BASELINE,NEW_DATA,19.306900,64.327507,64.500526
2546,BASELINE,NEW_DATA,19.306900,64.327507,64.500526
2547,BASELINE,NEW_DATA,19.306900,64.327507,64.500526
2548,BASELINE,NEW_DATA,19.278000,64.110054,64.432617
2549,BASELINE,NEW_DATA,19.262699,64.110054,64.432617
2550,BASELINE,NEW_DATA,19.300800,64.110054,65.453239
2551,BASELINE,NEW_DATA,19.262699,64.110054,64.432617
2552,BASELINE,NEW_DATA,19.300501,64.110054,65.453239
2553,BASELINE,NEW_DATA,19.300501,64.110054,65.453239
2554,BASELINE,NEW_DATA,19.250900,63.732632,64.730820
2555,BASELINE,NEW_DATA,19.297800,64.110054,65.453239
2556,BASELINE,NEW_DATA,19.300800,64.110054,65.453239
2557,BASELINE,NEW_DATA,19.287100,63.732632,64.730820
2558,BASELINE,NEW_DATA,19.209299,63.410313,64.730820
2559,BASELINE,NEW_DATA,19.183300,63.410313,64.730820
2560,BASELINE,NEW_DATA,19.250900,63.732632,64.730820
2561,BASELINE,NEW_DATA,19.250900,63.732632,64.730820
2562,BASELINE,NEW_DATA,19.240999,63.732632,64.730820
2563,BASELINE,NEW_DATA,19.209299,63.410313,64.730820
2564,BASELINE,NEW_DATA,19.143299,63.381046,64.608101
2565,BASELINE,NEW_DATA,19.287901,63.296608,65.451286
2566,BASELINE,NEW_DATA,19.183300,63.410313,64.730820
2567,BASELINE,NEW_DATA,19.183300,63.410313,64.730820
2568,BASELINE,NEW_DATA,19.143299,63.381046,64.608101
2569,BASELINE,NEW_DATA,19.143299,63.381046,64.608101
2570,BASELINE,NEW_DATA,19.143299,63.381046,64.608101
2571,BASELINE,NEW_DATA,19.297800,63.406712,64.651077
2572,BASELINE,NEW_DATA,19.221500,63.434189,65.500557
2573,BASELINE,NEW_DATA,19.369499,63.406712,64.651077
2574,BASELINE,NEW_DATA,19.240999,63.510303,65.018608
2575,BASELINE,NEW_DATA,19.240999,63.510303,65.018608
2576,BASELINE,NEW_DATA,19.221500,63.434189,65.500557
2577,BASELINE,NEW_DATA,19.287500,63.710754,65.611267
2578,BASELINE,NEW_DATA,19.416000,63.528091,65.142525
2579,BASELINE,NEW_DATA,19.410700,63.528091,65.142525
2580,BASELINE,NEW_DATA,19.264200,63.648621,66.035263
2581,BASELINE,NEW_DATA,19.396999,63.528091,65.142525
2582,BASELINE,NEW_DATA,19.287500,63.710754,65.611267
2583,BASELINE,NEW_DATA,19.396999,63.528091,65.142525
2584,BASELINE,NEW_DATA,19.371799,63.495064,64.773720
2585,BASELINE,NEW_DATA,19.383200,63.495064,64.773720
2586,BASELINE,NEW_DATA,19.383200,63.495064,64.773720
2587,BASELINE,NEW_DATA,19.419500,63.528091,65.142525
2588,BASELINE,NEW_DATA,19.383600,63.232525,65.266205
2589,BASELINE,NEW_DATA,19.383600,63.232525,65.266205
2590,BASELINE,NEW_DATA,19.371799,63.495064,64.773720
2591,BASELINE,NEW_DATA,19.227600,63.634186,65.892365
2592,BASELINE,NEW_DATA,19.298901,63.296608,65.451286
2593,BASELINE,NEW_DATA,19.222300,63.634186,65.892365
2594,BASELINE,NEW_DATA,19.150200,63.651585,65.801514
2595,BASELINE,NEW_DATA,19.136000,63.651585,65.801514
2596,BASELINE,NEW_DATA,19.227600,63.634186,65.892365
2597,BASELINE,NEW_DATA,19.337500,63.296608,65.451286
2598,BASELINE,NEW_DATA,19.298901,63.296608,65.451286
2599,BASELINE,NEW_DATA,19.068899,63.513622,66.087997
2600,BASELINE,NEW_DATA,19.287901,63.296608,65.451286
2601,BASELINE,NEW_DATA,19.287901,63.296608,65.451286
2602,BASELINE,NEW_DATA,19.136000,63.651585,65.801514
2603,BASELINE,NEW_DATA,19.088699,63.513622,66.087997
2604,BASELINE,NEW_DATA,18.980400,63.460178,63.372936
2605,BASELINE,NEW_DATA,19.228701,63.432148,65.451286
2606,BASELINE,NEW_DATA,19.264200,63.648621,66.035263
2607,BASELINE,NEW_DATA,19.075800,63.460178,63.372936
2608,BASELINE,NEW_DATA,19.250500,63.648621,66.035263
2609,BASELINE,NEW_DATA,19.221500,63.434189,65.500557
2610,BASELINE,NEW_DATA,19.221500,63.434189,65.500557
2611,BASELINE,NEW_DATA,18.980400,63.460178,63.372936
2612,BASELINE,NEW_DATA,18.942301,63.424580,62.278641
2613,BASELINE,NEW_DATA,19.281000,63.710754,65.611267
2614,BASELINE,NEW_DATA,18.931601,63.424580,62.278641
2615,BASELINE,NEW_DATA,19.267300,63.522739,65.770966
2616,BASELINE,NEW_DATA,19.250500,63.648621,66.035263
2617,BASELINE,NEW_DATA,19.268000,63.522739,65.770966
2618,BASELINE,NEW_DATA,19.281000,63.710754,65.611267
2619,BASELINE,NEW_DATA,19.281000,63.710754,65.611267
2620,BASELINE,NEW_DATA,19.281000,63.710754,65.611267
2621,BASELINE,NEW_DATA,19.256599,63.522739,65.770966
2622,BASELINE,NEW_DATA,18.920900,63.661682,62.390888
2623,BASELINE,NEW_DATA,19.267300,63.522739,65.770966
2624,BASELINE,NEW_DATA,18.907900,63.661682,62.390888
2625,BASELINE,NEW_DATA,18.907900,63.661682,62.390888
2626,BASELINE,NEW_DATA,19.227600,63.634186,65.892365
2627,BASELINE,NEW_DATA,19.261200,63.522739,65.770966
2628,BASELINE,NEW_DATA,19.222300,63.634186,65.892365
2629,BASELINE,NEW_DATA,18.824800,63.608170,62.809887
2630,BASELINE,NEW_DATA,18.859501,63.583031,62.353054
2631,BASELINE,NEW_DATA,19.136000,63.651585,65.801514
2632,BASELINE,NEW_DATA,19.227600,63.634186,65.892365
2633,BASELINE,NEW_DATA,18.787001,63.562008,62.574547
2634,BASELINE,NEW_DATA,18.841900,63.608170,62.809887
2635,BASELINE,NEW_DATA,19.068899,63.513622,66.087997
2636,BASELINE,NEW_DATA,18.762199,63.602451,60.391483
2637,BASELINE,NEW_DATA,19.136000,63.651585,65.801514
2638,BASELINE,NEW_DATA,18.806499,63.562008,62.574547
2639,BASELINE,NEW_DATA,18.787001,63.562008,62.574547
2640,BASELINE,NEW_DATA,18.787001,63.562008,62.574547
2641,BASELINE,NEW_DATA,19.088699,63.513622,66.087997
2642,BASELINE,NEW_DATA,19.068899,63.513622,66.087997
2643,BASELINE,NEW_DATA,19.075800,63.460178,63.372936
2644,BASELINE,NEW_DATA,19.009399,63.460178,63.372936
2645,BASELINE,NEW_DATA,19.009399,63.460178,63.372936
2646,BASELINE,NEW_DATA,18.724800,63.763573,58.624954
2647,BASELINE,NEW_DATA,18.751499,63.666035,60.238102
2648,BASELINE,NEW_DATA,18.969700,63.364792,63.372936
2649,BASELINE,NEW_DATA,18.745399,63.666035,60.238102
2650,BASELINE,NEW_DATA,18.745399,63.666035,60.238102
2651,BASELINE,NEW_DATA,18.709600,63.722847,57.893345
2652,BASELINE,NEW_DATA,18.724800,63.763573,58.624954
2653,BASELINE,NEW_DATA,18.907900,63.661682,62.390888
2654,BASELINE,NEW_DATA,18.931601,63.424580,62.278641
2655,BASELINE,NEW_DATA,18.716400,63.722847,57.893345
2656,BASELINE,NEW_DATA,18.931601,63.424580,62.278641
2657,BASELINE,NEW_DATA,18.709600,63.722847,57.893345
2658,BASELINE,NEW_DATA,18.709600,63.722847,57.893345
2659,BASELINE,NEW_DATA,18.914000,63.661682,62.390888
2660,BASELINE,NEW_DATA,18.907900,63.661682,62.390888
2661,BASELINE,NEW_DATA,18.675200,63.722847,57.893345
2662,BASELINE,NEW_DATA,18.716801,63.668369,54.151428
2663,BASELINE,NEW_DATA,18.718000,63.690639,57.893345
2664,BASELINE,NEW_DATA,18.718000,63.690639,57.893345
2665,BASELINE,NEW_DATA,18.712601,63.668369,54.151428
2666,BASELINE,NEW_DATA,18.712601,63.668369,54.151428
2667,BASELINE,NEW_DATA,18.841900,63.608170,62.809887
2668,BASELINE,NEW_DATA,18.787001,63.562008,62.574547
2669,BASELINE,NEW_DATA,18.841900,63.608170,62.809887
2670,BASELINE,NEW_DATA,18.841600,63.608170,62.809887
2671,BASELINE,NEW_DATA,18.762199,63.602451,60.391483
2672,BASELINE,NEW_DATA,18.806499,63.562008,62.574547
2673,BASELINE,NEW_DATA,18.708799,63.927834,55.051296
2674,BASELINE,NEW_DATA,18.806499,63.562008,62.574547
2675,BASELINE,NEW_DATA,18.708799,63.927834,55.051296
2676,BASELINE,NEW_DATA,18.708799,63.927834,55.051296
2677,BASELINE,NEW_DATA,18.762199,63.602451,60.391483
2678,BASELINE,NEW_DATA,18.762199,63.602451,60.391483
2679,BASELINE,NEW_DATA,18.762199,63.602451,60.391483
2680,BASELINE,NEW_DATA,18.752701,63.602451,60.391483
2681,BASELINE,NEW_DATA,18.767500,63.602451,60.391483
2682,BASELINE,NEW_DATA,18.751499,63.666035,60.238102
2683,BASELINE,NEW_DATA,18.736300,63.763573,58.624954
2684,BASELINE,NEW_DATA,18.745399,63.666035,60.238102
2685,BASELINE,NEW_DATA,18.745399,63.666035,60.238102
2686,BASELINE,NEW_DATA,18.603100,63.570042,54.151428
2687,BASELINE,NEW_DATA,18.556200,63.570042,54.151428
2688,BASELINE,NEW_DATA,18.724800,63.763573,58.624954
2689,BASELINE,NEW_DATA,18.736300,63.763573,58.624954
2690,BASELINE,NEW_DATA,18.571501,63.570042,54.151428
2691,BASELINE,NEW_DATA,18.716400,63.722847,57.893345
2692,BASELINE,NEW_DATA,18.557400,63.570042,54.413540
2693,BASELINE,NEW_DATA,18.709600,63.722847,57.893345
2694,BASELINE,NEW_DATA,18.492100,63.570042,54.413540
2695,BASELINE,NEW_DATA,18.479900,63.625195,55.249435
2696,BASELINE,NEW_DATA,18.675200,63.722847,57.893345
2697,BASELINE,NEW_DATA,18.675200,63.722847,57.893345
2698,BASELINE,NEW_DATA,18.702700,63.690639,57.893345
2699,BASELINE,NEW_DATA,18.718000,63.690639,57.893345
2700,BASELINE,NEW_DATA,18.394501,63.625195,55.283360
2701,BASELINE,NEW_DATA,18.712601,63.668369,54.151428
2702,BASELINE,NEW_DATA,18.667601,63.927834,55.051296
2703,BASELINE,NEW_DATA,18.708799,63.927834,55.051296
2704,BASELINE,NEW_DATA,18.708799,63.927834,55.051296
2705,BASELINE,NEW_DATA,18.712601,63.668369,54.151428
2706,BASELINE,NEW_DATA,18.712601,63.668369,54.151428
2707,BASELINE,NEW_DATA,18.704201,63.710003,53.603737
2708,BASELINE,NEW_DATA,18.712601,63.668369,54.151428
2709,BASELINE,NEW_DATA,18.708799,63.927834,55.051296
2710,BASELINE,NEW_DATA,18.399000,63.625195,55.283360
2711,BASELINE,NEW_DATA,18.664600,63.771812,53.603737
2712,BASELINE,NEW_DATA,18.704201,63.710003,53.603737
2713,BASELINE,NEW_DATA,18.639000,63.771812,53.603737
2714,BASELINE,NEW_DATA,18.513500,63.523838,54.198708
2715,BASELINE,NEW_DATA,18.408199,63.589962,54.843292
2716,BASELINE,NEW_DATA,18.664600,63.771812,53.603737
2717,BASELINE,NEW_DATA,18.664600,63.771812,53.603737
2718,BASELINE,NEW_DATA,18.556200,63.570042,54.151428
2719,BASELINE,NEW_DATA,18.639000,63.771812,53.603737
2720,BASELINE,NEW_DATA,18.597799,63.771812,53.603737
2721,BASELINE,NEW_DATA,18.603100,63.570042,54.151428
2722,BASELINE,NEW_DATA,18.513500,63.523838,54.198708
2723,BASELINE,NEW_DATA,18.556200,63.570042,54.151428
2724,BASELINE,NEW_DATA,18.556200,63.570042,54.151428
2725,BASELINE,NEW_DATA,18.571501,63.570042,54.151428
2726,BASELINE,NEW_DATA,18.571501,63.570042,54.151428
2727,BASELINE,NEW_DATA,18.571501,63.570042,54.151428
2728,BASELINE,NEW_DATA,18.532600,63.482506,52.356949
2729,BASELINE,NEW_DATA,18.551600,63.570042,54.413540
2730,BASELINE,NEW_DATA,18.552401,63.482506,52.356949
2731,BASELINE,NEW_DATA,18.492100,63.570042,54.413540
2732,BASELINE,NEW_DATA,18.508101,63.625195,54.929165
2733,BASELINE,NEW_DATA,18.434099,63.625195,55.249435
2734,BASELINE,NEW_DATA,18.495600,63.625195,54.929165
2735,BASELINE,NEW_DATA,18.495199,63.625195,54.929165
2736,BASELINE,NEW_DATA,18.394501,63.625195,55.283360
2737,BASELINE,NEW_DATA,18.487200,63.493259,52.356949
2738,BASELINE,NEW_DATA,18.487200,63.493259,52.356949
2739,BASELINE,NEW_DATA,18.468500,63.625195,55.249435
2740,BASELINE,NEW_DATA,18.459700,63.493259,52.356949
2741,BASELINE,NEW_DATA,18.357100,63.339470,48.386463
2742,BASELINE,NEW_DATA,18.429600,63.625195,55.283360
2743,BASELINE,NEW_DATA,18.394501,63.625195,55.283360
2744,BASELINE,NEW_DATA,18.415800,63.400063,48.386463
2745,BASELINE,NEW_DATA,18.370100,63.339470,48.386463
2746,BASELINE,NEW_DATA,18.370100,63.339470,48.386463
2747,BASELINE,NEW_DATA,18.449400,63.523838,54.198708
2748,BASELINE,NEW_DATA,18.280001,63.301998,48.062458
2749,BASELINE,NEW_DATA,18.337200,63.339470,48.386463
2750,BASELINE,NEW_DATA,18.410900,63.589962,54.843292
2751,BASELINE,NEW_DATA,18.513500,63.523838,54.198708
2752,BASELINE,NEW_DATA,18.560801,63.533772,55.942680
2753,BASELINE,NEW_DATA,18.449400,63.523838,54.198708
2754,BASELINE,NEW_DATA,18.490601,63.523838,54.198708
2755,BASELINE,NEW_DATA,18.490601,63.523838,54.198708
2756,BASELINE,NEW_DATA,18.566099,63.568176,55.942680
2757,BASELINE,NEW_DATA,18.200701,63.178295,48.205292
2758,BASELINE,NEW_DATA,18.560801,63.533772,55.942680
2759,BASELINE,NEW_DATA,18.560801,63.533772,55.942680
2760,BASELINE,NEW_DATA,18.560801,63.533772,55.942680
2761,BASELINE,NEW_DATA,18.535999,63.533772,55.942680
2762,BASELINE,NEW_DATA,18.566099,63.568176,55.942680
2763,BASELINE,NEW_DATA,18.557400,63.568176,55.942680
2764,BASELINE,NEW_DATA,18.557400,63.568176,55.942680
2765,BASELINE,NEW_DATA,18.557400,63.568176,55.942680
2766,BASELINE,NEW_DATA,18.552401,63.482506,52.356949
2767,BASELINE,NEW_DATA,18.172501,63.156506,47.621387
2768,BASELINE,NEW_DATA,18.532600,63.482506,52.356949
2769,BASELINE,NEW_DATA,18.459700,63.493259,52.356949
2770,BASELINE,NEW_DATA,18.532600,63.482506,52.356949
2771,BASELINE,NEW_DATA,18.455500,63.400063,48.386463
2772,BASELINE,NEW_DATA,18.120199,62.854393,47.262566
2773,BASELINE,NEW_DATA,18.487200,63.493259,52.356949
2774,BASELINE,NEW_DATA,18.487200,63.493259,52.356949
2775,BASELINE,NEW_DATA,18.109100,62.854393,47.262566
2776,BASELINE,NEW_DATA,18.127399,62.854393,47.262566
2777,BASELINE,NEW_DATA,18.438700,63.400063,48.386463
2778,BASELINE,NEW_DATA,18.438700,63.400063,48.386463
2779,BASELINE,NEW_DATA,18.153400,62.854393,47.262566
2780,BASELINE,NEW_DATA,18.322001,63.301998,48.062458
2781,BASELINE,NEW_DATA,18.415800,63.400063,48.386463
2782,BASELINE,NEW_DATA,18.357100,63.339470,48.386463
2783,BASELINE,NEW_DATA,18.350201,63.339470,48.386463
2784,BASELINE,NEW_DATA,18.138100,62.702255,47.222878
2785,BASELINE,NEW_DATA,18.337200,63.339470,48.386463
2786,BASELINE,NEW_DATA,18.337200,63.339470,48.386463
2787,BASELINE,NEW_DATA,18.322001,63.301998,48.062458
2788,BASELINE,NEW_DATA,18.322001,63.301998,48.062458
2789,BASELINE,NEW_DATA,18.225100,63.178295,48.205292
2790,BASELINE,NEW_DATA,18.225100,63.178295,48.205292
2791,BASELINE,NEW_DATA,18.225100,63.178295,48.205292
2792,BASELINE,NEW_DATA,17.995501,62.713882,47.191982
2793,BASELINE,NEW_DATA,18.264400,63.284336,52.642059
2794,BASELINE,NEW_DATA,17.967199,62.445583,45.616154
2795,BASELINE,NEW_DATA,17.967199,62.445583,45.616154
2796,BASELINE,NEW_DATA,18.022200,62.713882,47.191982
2797,BASELINE,NEW_DATA,18.225100,63.178295,48.205292
2798,BASELINE,NEW_DATA,18.225100,63.178295,48.205292
2799,BASELINE,NEW_DATA,18.151899,62.854393,47.262566
2800,BASELINE,NEW_DATA,17.967199,62.445583,45.616154
2801,BASELINE,NEW_DATA,17.967199,62.445583,45.616154
2802,BASELINE,NEW_DATA,18.166700,63.156506,47.621387
2803,BASELINE,NEW_DATA,18.109100,62.854393,47.262566
2804,BASELINE,NEW_DATA,17.952000,62.445583,45.616154
2805,BASELINE,NEW_DATA,18.151899,62.854393,47.262566
2806,BASELINE,NEW_DATA,18.151899,62.854393,47.262566
2807,BASELINE,NEW_DATA,18.151899,62.854393,47.262566
2808,BASELINE,NEW_DATA,18.120199,62.854393,47.262566
2809,BASELINE,NEW_DATA,18.109100,62.854393,47.262566
2810,BASELINE,NEW_DATA,18.109100,62.854393,47.262566
2811,BASELINE,NEW_DATA,18.127399,62.854393,47.262566
2812,BASELINE,NEW_DATA,17.873400,62.345272,45.602448
2813,BASELINE,NEW_DATA,18.127399,62.854393,47.262566
2814,BASELINE,NEW_DATA,18.153400,62.854393,47.262566
2815,BASELINE,NEW_DATA,17.871099,62.345272,45.602448
2816,BASELINE,NEW_DATA,17.871099,62.345272,45.602448
2817,BASELINE,NEW_DATA,18.141600,62.692177,47.191982
2818,BASELINE,NEW_DATA,18.136600,62.692177,47.191982
2819,BASELINE,NEW_DATA,17.865000,62.313210,46.052505
2820,BASELINE,NEW_DATA,17.865000,62.313210,46.052505
2821,BASELINE,NEW_DATA,17.863501,62.313210,46.052505
2822,BASELINE,NEW_DATA,18.138100,62.702255,47.222878
2823,BASELINE,NEW_DATA,18.138100,62.702255,47.222878
2824,BASELINE,NEW_DATA,17.815399,62.254200,46.053249
2825,BASELINE,NEW_DATA,17.826799,62.313210,45.984600
2826,BASELINE,NEW_DATA,17.826799,62.313210,45.984600
2827,BASELINE,NEW_DATA,17.834900,62.313210,45.984600
2828,BASELINE,NEW_DATA,17.818100,62.313210,45.984600
2829,BASELINE,NEW_DATA,18.029800,62.713055,47.081490
2830,BASELINE,NEW_DATA,18.042000,62.713055,47.081490
2831,BASELINE,NEW_DATA,18.022200,62.713882,47.191982
2832,BASELINE,NEW_DATA,17.995501,62.713882,47.191982
2833,BASELINE,NEW_DATA,17.952000,62.445583,45.616154
2834,BASELINE,NEW_DATA,17.746000,62.141148,45.624088
2835,BASELINE,NEW_DATA,17.776100,62.254200,46.053249
2836,BASELINE,NEW_DATA,17.967199,62.445583,45.616154
2837,BASELINE,NEW_DATA,17.721600,62.141148,45.624088
2838,BASELINE,NEW_DATA,17.953501,62.445583,45.616154
2839,BASELINE,NEW_DATA,17.952000,62.445583,45.616154
2840,BASELINE,NEW_DATA,17.746000,62.141148,45.624088
2841,BASELINE,NEW_DATA,17.929100,62.445583,45.616154
2842,BASELINE,NEW_DATA,17.861900,62.345272,45.602448
2843,BASELINE,NEW_DATA,17.697100,62.141148,46.664143
2844,BASELINE,NEW_DATA,17.918400,62.445583,45.616154
2845,BASELINE,NEW_DATA,17.918400,62.445583,45.616154
2846,BASELINE,NEW_DATA,17.873800,62.345272,45.602448
2847,BASELINE,NEW_DATA,17.921400,62.345272,45.602448
2848,BASELINE,NEW_DATA,17.909201,62.345272,45.602448
2849,BASELINE,NEW_DATA,17.865000,62.313210,46.052505
2850,BASELINE,NEW_DATA,17.871099,62.345272,45.602448
2851,BASELINE,NEW_DATA,17.871099,62.345272,45.602448
2852,BASELINE,NEW_DATA,17.663601,62.095009,47.275787
2853,BASELINE,NEW_DATA,17.873800,62.345272,45.602448
2854,BASELINE,NEW_DATA,17.640699,62.046772,48.412292
2855,BASELINE,NEW_DATA,17.826799,62.313210,45.984600
2856,BASELINE,NEW_DATA,17.863501,62.313210,46.052505
2857,BASELINE,NEW_DATA,17.863501,62.313210,46.052505
2858,BASELINE,NEW_DATA,17.623501,62.046772,48.412292
2859,BASELINE,NEW_DATA,17.815399,62.254200,46.053249
2860,BASELINE,NEW_DATA,17.818501,62.313210,45.984600
2861,BASELINE,NEW_DATA,17.594900,61.988647,48.527496
2862,BASELINE,NEW_DATA,17.797899,62.254200,46.053249
2863,BASELINE,NEW_DATA,17.834900,62.313210,45.984600
2864,BASELINE,NEW_DATA,17.776100,62.254200,46.053249
2865,BASELINE,NEW_DATA,17.815399,62.254200,46.053249
2866,BASELINE,NEW_DATA,17.815399,62.254200,46.053249
2867,BASELINE,NEW_DATA,17.762800,62.254200,45.984600
2868,BASELINE,NEW_DATA,17.776100,62.254200,46.053249
2869,BASELINE,NEW_DATA,17.562901,61.865162,46.489246
2870,BASELINE,NEW_DATA,17.797899,62.254200,46.053249
2871,BASELINE,NEW_DATA,17.546499,61.865162,46.489246
2872,BASELINE,NEW_DATA,17.721600,62.141148,45.624088
2873,BASELINE,HOLD_LAST,17.721600,62.141148,45.624088
2874,BASELINE,NEW_DATA,17.530399,61.549824,42.509804
2875,BASELINE,NEW_DATA,17.749399,62.254200,45.984600
2876,BASELINE,NEW_DATA,17.746000,62.141148,45.624088
2877,BASELINE,NEW_DATA,17.697100,62.141148,46.664143
2878,BASELINE,NEW_DATA,17.721600,62.141148,45.624088
2879,BASELINE,NEW_DATA,17.706301,62.141148,46.664143
2880,BASELINE,NEW_DATA,17.706301,62.141148,46.664143
2881,BASELINE,NEW_DATA,17.697100,62.141148,46.664143
2882,BASELINE,NEW_DATA,17.697100,62.141148,46.664143
2883,BASELINE,NEW_DATA,17.697100,62.141148,46.664143
2884,BASELINE,NEW_DATA,17.535801,61.549515,42.397419
2885,BASELINE,NEW_DATA,17.671200,62.141148,46.664143
2886,BASELINE,NEW_DATA,17.623501,62.046772,48.412292
2887,BASELINE,NEW_DATA,17.530800,61.459175,42.155468
2888,BASELINE,NEW_DATA,17.639200,62.095009,47.275787
2889,BASELINE,NEW_DATA,17.639200,62.095009,47.275787
2890,BASELINE,NEW_DATA,17.628500,62.046772,48.412292
2891,BASELINE,NEW_DATA,17.628500,62.046772,48.412292
2892,BASELINE,NEW_DATA,17.628500,62.046772,48.412292
2893,BASELINE,NEW_DATA,17.623501,62.046772,48.412292
2894,BASELINE,NEW_DATA,17.623501,62.046772,48.412292
2895,BASELINE,NEW_DATA,17.622400,61.988647,48.527496
2896,BASELINE,NEW_DATA,17.562901,61.865162,46.489246
2897,BASELINE,NEW_DATA,17.594900,61.988647,48.527496
2898,BASELINE,NEW_DATA,17.546499,61.865162,46.489246
2899,BASELINE,NEW_DATA,17.511000,61.217995,42.851486
2900,BASELINE,NEW_DATA,17.546101,61.351109,42.851486
2901,BASELINE,NEW_DATA,17.517099,61.351109,42.851486
2902,BASELINE,NEW_DATA,17.506399,61.773403,46.177670
2903,BASELINE,NEW_DATA,17.562901,61.865162,46.489246
2904,BASELINE,NEW_DATA,17.546499,61.865162,46.489246
2905,BASELINE,NEW_DATA,17.511000,61.217995,42.851486
2906,BASELINE,NEW_DATA,17.546499,61.865162,46.489246
2907,BASELINE,NEW_DATA,17.498800,61.549824,42.509804
2908,BASELINE,NEW_DATA,17.516300,61.217995,42.851486
2909,BASELINE,NEW_DATA,17.506399,61.773403,46.177670
2910,BASELINE,NEW_DATA,17.530399,61.549824,42.509804
2911,BASELINE,NEW_DATA,17.533899,61.549824,42.509804
2912,BASELINE,NEW_DATA,17.504101,61.571003,46.160950
2913,BASELINE,NEW_DATA,17.498800,61.549824,42.509804
2914,BASELINE,NEW_DATA,17.498800,61.549824,42.509804
2915,BASELINE,NEW_DATA,17.529301,61.549515,42.397419
2916,BASELINE,NEW_DATA,17.492701,62.420902,49.402164
2917,BASELINE,NEW_DATA,17.536900,61.549515,42.397419
2918,BASELINE,NEW_DATA,17.580000,61.352173,42.509804
2919,BASELINE,NEW_DATA,17.541500,61.459175,42.155468
2920,BASELINE,NEW_DATA,17.761200,62.428947,47.744984
2921,BASELINE,NEW_DATA,17.549101,61.459175,42.155468
2922,BASELINE,NEW_DATA,18.280800,63.046398,47.782806
2923,BASELINE,NEW_DATA,17.530800,61.459175,42.155468
2924,BASELINE,NEW_DATA,18.037399,63.046398,47.782806
2925,BASELINE,NEW_DATA,17.541500,61.459175,42.155468
2926,BASELINE,NEW_DATA,17.551399,61.344574,42.406761
2927,BASELINE,NEW_DATA,17.547600,61.344574,42.406761
2928,BASELINE,NEW_DATA,17.575100,61.352173,42.509804
2929,BASELINE,NEW_DATA,17.564400,61.344574,42.406761
2930,BASELINE,NEW_DATA,17.551399,61.344574,42.406761
2931,BASELINE,NEW_DATA,17.517099,61.351109,42.851486
2932,BASELINE,NEW_DATA,18.507401,63.415394,46.917263
2933,BASELINE,NEW_DATA,17.511000,61.217995,42.851486
2934,BASELINE,NEW_DATA,18.948000,63.747047,48.396416
2935,BASELINE,NEW_DATA,18.948000,63.747047,48.396416
2936,BASELINE,NEW_DATA,17.523199,61.351109,42.851486
2937,BASELINE,NEW_DATA,17.516300,61.217995,42.851486
2938,BASELINE,NEW_DATA,17.516300,61.217995,42.851486
2939,BASELINE,NEW_DATA,17.511000,61.217995,42.851486
2940,BASELINE,NEW_DATA,17.511000,61.217995,42.851486
2941,BASELINE,NEW_DATA,17.511000,61.217995,42.851486
2942,BASELINE,NEW_DATA,17.516300,61.217995,42.851486
2943,BASELINE,NEW_DATA,19.005199,63.747047,48.396416
2944,BASELINE,NEW_DATA,17.516300,61.217995,42.851486
2945,BASELINE,NEW_DATA,19.659000,64.182198,48.154465
2946,BASELINE,NEW_DATA,17.511000,61.217995,42.851486
2947,BASELINE,NEW_DATA,17.568199,62.420902,49.402164
2948,BASELINE,NEW_DATA,17.568199,62.420902,49.402164
2949,BASELINE,NEW_DATA,19.545000,64.182198,48.154465
2950,BASELINE,NEW_DATA,17.492701,62.420902,49.402164
2951,BASELINE,NEW_DATA,17.492701,62.420902,49.402164
2952,BASELINE,NEW_DATA,17.517099,62.420902,49.402164
2953,BASELINE,NEW_DATA,17.568199,62.420902,49.402164
2954,BASELINE,NEW_DATA,20.195801,65.399918,47.949905
2955,BASELINE,NEW_DATA,17.568199,62.420902,49.402164
2956,BASELINE,NEW_DATA,19.860800,64.724258,48.184792
2957,BASELINE,NEW_DATA,17.761200,62.428947,47.744984
2958,BASELINE,NEW_DATA,17.901600,62.428947,47.744984
2959,BASELINE,NEW_DATA,18.037399,63.046398,47.782806
2960,BASELINE,NEW_DATA,20.195801,65.399918,47.949905
2961,BASELINE,NEW_DATA,18.166700,63.046398,47.782806
2962,BASELINE,NEW_DATA,18.280800,63.046398,47.782806
2963,BASELINE,NEW_DATA,18.679399,63.415394,46.917263
2964,BASELINE,NEW_DATA,18.280800,63.046398,47.782806
2965,BASELINE,NEW_DATA,18.280800,63.046398,47.782806
2966,BASELINE,NEW_DATA,18.417400,63.415394,46.917263
2967,BASELINE,NEW_DATA,18.827801,63.415394,46.917263
2968,BASELINE,NEW_DATA,18.507401,63.415394,46.917263
2969,BASELINE,NEW_DATA,20.878599,66.150650,47.983532
2970,BASELINE,NEW_DATA,18.601200,63.415394,46.917263
2971,BASELINE,NEW_DATA,18.679399,63.415394,46.917263
2972,BASELINE,NEW_DATA,18.827801,63.415394,46.917263
2973,BASELINE,NEW_DATA,18.827801,63.415394,46.917263
2974,BASELINE,NEW_DATA,18.827801,63.415394,46.917263
2975,BASELINE,NEW_DATA,19.200899,64.139160,48.272579
2976,BASELINE,NEW_DATA,18.948000,63.747047,48.396416
2977,BASELINE,NEW_DATA,18.948000,63.747047,48.396416
2978,BASELINE,NEW_DATA,19.396200,64.139160,48.272579
2979,BASELINE,NEW_DATA,21.443199,67.293159,47.527580
2980,BASELINE,NEW_DATA,19.005199,63.747047,48.396416
2981,BASELINE,NEW_DATA,19.200899,64.139160,48.272579
2982,BASELINE,NEW_DATA,21.594200,67.293159,47.527580
2983,BASELINE,NEW_DATA,19.396200,64.139160,48.272579
2984,BASELINE,NEW_DATA,19.545000,64.182198,48.154465
2985,BASELINE,NEW_DATA,19.545000,64.182198,48.154465
2986,BASELINE,NEW_DATA,21.505699,67.293159,47.527580
2987,BASELINE,NEW_DATA,21.505699,67.293159,47.527580
2988,BASELINE,NEW_DATA,19.789900,64.182198,48.154465
2989,BASELINE,NEW_DATA,19.789900,64.182198,48.154465
2990,BASELINE,NEW_DATA,19.789900,64.182198,48.154465
2991,BASELINE,NEW_DATA,20.301800,65.399918,47.949905
2992,BASELINE,NEW_DATA,19.860800,64.724258,48.184792
2993,BASELINE,NEW_DATA,19.979900,64.724258,48.184792
2994,BASELINE,NEW_DATA,20.085100,64.724258,48.184792
2995,BASELINE,NEW_DATA,20.085100,64.724258,48.184792
2996,BASELINE,NEW_DATA,21.933001,68.599602,47.488510
2997,BASELINE,NEW_DATA,20.301800,65.399918,47.949905
2998,BASELINE,NEW_DATA,20.753500,65.399918,47.949905
2999,BASELINE,NEW_DATA,20.878599,66.150650,47.983532
3000,BASELINE,NEW_DATA,20.555099,65.399918,47.949905
3001,BASELINE,NEW_DATA,20.655800,65.399918,47.949905
3002,BASELINE,NEW_DATA,21.972700,68.799370,47.488510
3003,BASELINE,NEW_DATA,21.948999,68.799370,47.488510
3004,BASELINE,NEW_DATA,20.753500,65.399918,47.949905
3005,BASELINE,NEW_DATA,20.878599,66.150650,47.983532
3006,BASELINE,NEW_DATA,20.878599,66.150650,47.983532
3007,BASELINE,NEW_DATA,20.949600,66.150650,47.983532
3008,BASELINE,NEW_DATA,21.013599,66.632339,47.605354
3009,BASELINE,NEW_DATA,21.229601,66.721718,47.646210
3010,BASELINE,NEW_DATA,21.090700,66.632339,47.605354
3011,BASELINE,NEW_DATA,21.090700,66.632339,47.605354
3012,BASELINE,NEW_DATA,21.090700,66.632339,47.605354
3013,BASELINE,NEW_DATA,21.147200,66.632339,47.605354
3014,BASELINE,NEW_DATA,21.229601,66.721718,47.646210
3015,BASELINE,NEW_DATA,21.759001,70.864922,46.666203
3016,BASELINE,NEW_DATA,21.505699,67.293159,47.527580
3017,BASELINE,NEW_DATA,21.754499,70.864922,46.666203
3018,BASELINE,NEW_DATA,21.681999,67.948898,47.165699
3019,BASELINE,NEW_DATA,21.667500,71.704407,46.653645
3020,BASELINE,NEW_DATA,21.768200,67.948898,47.165699
3021,BASELINE,NEW_DATA,21.835300,67.948898,47.165699
3022,BASELINE,NEW_DATA,21.505699,67.293159,47.527580
3023,BASELINE,NEW_DATA,21.682400,71.704407,46.653645
3024,BASELINE,NEW_DATA,21.594200,67.293159,47.527580
3025,BASELINE,NEW_DATA,21.768200,67.948898,47.165699
3026,BASELINE,NEW_DATA,21.768200,67.948898,47.165699
3027,BASELINE,NEW_DATA,21.835300,67.948898,47.165699
3028,BASELINE,NEW_DATA,21.984900,68.799370,47.488510
3029,BASELINE,NEW_DATA,21.891800,68.599602,47.488510
3030,BASELINE,NEW_DATA,21.933001,68.599602,47.488510
3031,BASELINE,NEW_DATA,21.603399,72.424026,46.496483
3032,BASELINE,NEW_DATA,21.599199,72.424026,46.496483
3033,BASELINE,NEW_DATA,21.984900,68.799370,47.488510
3034,BASELINE,NEW_DATA,21.984900,68.799370,47.488510
3035,BASELINE,NEW_DATA,21.925400,69.465340,47.300121
3036,BASELINE,NEW_DATA,21.893299,69.465340,47.300121
3037,BASELINE,NEW_DATA,21.522499,72.424026,46.708035
3038,BASELINE,NEW_DATA,21.876499,70.281136,46.999832
3039,BASELINE,NEW_DATA,21.525600,72.902458,46.941044
3040,BASELINE,NEW_DATA,21.804001,70.281136,46.999832
3041,BASELINE,NEW_DATA,21.455400,72.902458,46.941044
3042,BASELINE,NEW_DATA,21.455400,72.902458,46.941044
3043,BASELINE,NEW_DATA,21.893299,69.465340,47.300121
3044,BASELINE,NEW_DATA,21.400801,73.136711,46.977901
3045,BASELINE,NEW_DATA,21.807100,70.281136,46.999832
3046,BASELINE,NEW_DATA,21.366899,73.136711,46.977901
3047,BASELINE,NEW_DATA,21.804001,70.281136,46.999832
3048,BASELINE,NEW_DATA,21.804001,70.281136,46.999832
3049,BASELINE,NEW_DATA,21.366899,73.136711,46.977901
3050,BASELINE,NEW_DATA,21.377199,74.014687,47.817764
3051,BASELINE,NEW_DATA,21.345501,73.539383,47.022907
3052,BASELINE,NEW_DATA,21.682400,71.704407,46.653645
3053,BASELINE,NEW_DATA,21.682400,71.704407,46.653645
3054,BASELINE,NEW_DATA,21.747601,71.165817,46.666203
3055,BASELINE,NEW_DATA,21.667500,71.704407,46.653645
3056,BASELINE,NEW_DATA,21.720900,71.165817,46.666203
3057,BASELINE,NEW_DATA,21.709400,71.165817,46.666203
3058,BASELINE,NEW_DATA,21.682400,71.704407,46.653645
3059,BASELINE,NEW_DATA,21.682400,71.704407,46.653645
3060,BASELINE,NEW_DATA,21.667500,71.704407,46.653645
3061,BASELINE,NEW_DATA,21.705601,75.348396,47.013054
3062,BASELINE,NEW_DATA,21.434000,74.962112,47.490032
3063,BASELINE,NEW_DATA,21.599199,72.424026,46.496483
3064,BASELINE,NEW_DATA,21.470600,75.348396,47.013054
3065,BASELINE,NEW_DATA,21.622101,72.424026,46.496483
3066,BASELINE,NEW_DATA,22.068800,75.778259,47.043350
3067,BASELINE,NEW_DATA,21.603399,72.424026,46.496483
3068,BASELINE,NEW_DATA,21.599199,72.424026,46.496483
3069,BASELINE,NEW_DATA,21.525600,72.902458,46.941044
3070,BASELINE,NEW_DATA,22.068800,75.778259,47.043350
3071,BASELINE,NEW_DATA,21.534700,72.424026,46.708035
3072,BASELINE,NEW_DATA,21.534700,72.424026,46.708035
3073,BASELINE,NEW_DATA,21.522499,72.424026,46.708035
3074,BASELINE,NEW_DATA,21.522499,72.424026,46.708035
3075,BASELINE,NEW_DATA,21.366899,73.136711,46.977901
3076,BASELINE,NEW_DATA,21.501200,72.902458,46.941044
3077,BASELINE,NEW_DATA,21.455400,72.902458,46.941044
3078,BASELINE,NEW_DATA,21.428699,73.136711,46.977901
3079,BASELINE,NEW_DATA,21.354700,73.539383,47.022907
3080,BASELINE,NEW_DATA,21.400801,73.136711,46.977901
3081,BASELINE,NEW_DATA,22.988100,77.008896,46.624710
3082,BASELINE,NEW_DATA,21.366899,73.136711,46.977901
3083,BASELINE,NEW_DATA,21.366899,73.136711,46.977901
3084,BASELINE,NEW_DATA,21.366899,73.136711,46.977901
3085,BASELINE,NEW_DATA,21.345501,73.539383,47.022907
3086,BASELINE,NEW_DATA,23.182699,78.122841,46.420368
3087,BASELINE,NEW_DATA,21.411100,74.962112,47.490032
3088,BASELINE,NEW_DATA,21.345501,73.539383,47.022907
3089,BASELINE,NEW_DATA,23.204000,78.564125,45.939610
3090,BASELINE,NEW_DATA,21.355801,74.014687,47.817764
3091,BASELINE,NEW_DATA,21.434000,74.962112,47.490032
3092,BASELINE,NEW_DATA,21.398199,74.014687,47.817764
3093,BASELINE,NEW_DATA,21.411100,74.962112,47.490032
3094,BASELINE,NEW_DATA,23.204000,78.564125,45.939610
3095,BASELINE,NEW_DATA,21.411100,74.962112,47.490032
3096,BASELINE,NEW_DATA,23.204000,78.564125,45.939610
3097,BASELINE,NEW_DATA,21.871901,75.778259,47.043350
3098,BASELINE,NEW_DATA,21.871901,75.778259,47.043350
3099,BASELINE,NEW_DATA,22.068800,75.778259,47.043350
3100,BASELINE,NEW_DATA,23.019400,79.498337,45.153137
3101,BASELINE,NEW_DATA,21.545401,75.348396,47.013054
3102,BASELINE,NEW_DATA,22.929399,79.498337,45.153137
3103,BASELINE,NEW_DATA,22.527700,80.433784,44.946865
3104,BASELINE,NEW_DATA,21.871901,75.778259,47.043350
3105,BASELINE,NEW_DATA,22.068800,75.778259,47.043350
3106,BASELINE,NEW_DATA,22.673800,76.142075,46.685604
3107,BASELINE,NEW_DATA,22.068800,75.778259,47.043350
3108,BASELINE,NEW_DATA,22.218300,80.433784,44.946865
3109,BASELINE,NEW_DATA,22.241199,75.778259,47.043350
3110,BASELINE,NEW_DATA,22.178600,80.433784,44.946865
3111,BASELINE,NEW_DATA,22.988100,77.008896,46.624710
3112,BASELINE,NEW_DATA,22.386200,80.433784,44.946865
3113,BASELINE,NEW_DATA,22.386200,80.433784,44.946865
3114,BASELINE,NEW_DATA,23.131599,78.122841,46.420368
3115,BASELINE,NEW_DATA,22.944599,77.008896,46.624710
3116,BASELINE,NEW_DATA,22.178600,80.433784,44.946865
3117,BASELINE,NEW_DATA,22.988100,77.008896,46.624710
3118,BASELINE,NEW_DATA,23.082001,77.008896,46.624710
3119,BASELINE,NEW_DATA,21.939100,81.510712,45.020123
3120,BASELINE,NEW_DATA,23.131599,78.122841,46.420368
3121,BASELINE,NEW_DATA,23.182699,78.122841,46.420368
3122,BASELINE,NEW_DATA,23.225401,78.122841,46.420368
3123,BASELINE,NEW_DATA,23.283400,78.564125,45.939610
3124,BASELINE,NEW_DATA,22.048201,81.169579,44.762444
3125,BASELINE,NEW_DATA,23.204000,78.564125,45.939610
3126,BASELINE,NEW_DATA,21.939100,81.510712,45.020123
3127,BASELINE,NEW_DATA,23.228500,78.564125,45.939610
3128,BASELINE,NEW_DATA,21.859699,82.604530,45.148708
3129,BASELINE,NEW_DATA,22.066099,82.604530,45.148708
3130,BASELINE,NEW_DATA,22.929399,79.498337,45.153137
3131,BASELINE,NEW_DATA,22.139000,83.153000,46.977486
3132,BASELINE,NEW_DATA,21.877300,82.604530,45.148708
3133,BASELINE,NEW_DATA,22.848499,79.745872,44.967308
3134,BASELINE,NEW_DATA,21.948200,82.604530,45.148708
3135,BASELINE,NEW_DATA,23.071301,79.498337,45.153137
3136,BASELINE,NEW_DATA,22.396099,83.977966,47.101715
3137,BASELINE,NEW_DATA,22.639500,79.745872,44.967308
3138,BASELINE,NEW_DATA,22.139000,83.153000,46.977486
3139,BASELINE,NEW_DATA,22.203100,83.153000,46.977486
3140,BASELINE,NEW_DATA,22.848499,79.745872,44.967308
3141,BASELINE,NEW_DATA,22.203100,83.153000,46.977486
3142,BASELINE,NEW_DATA,22.203100,83.153000,46.977486
3143,BASELINE,NEW_DATA,22.461300,84.077988,45.618763
3144,BASELINE,NEW_DATA,22.639500,79.745872,44.967308
3145,BASELINE,NEW_DATA,22.527700,80.433784,44.946865
3146,BASELINE,NEW_DATA,22.476999,80.433784,44.946865
3147,BASELINE,NEW_DATA,22.416700,84.715759,45.805988
3148,BASELINE,NEW_DATA,22.178600,80.433784,44.946865
3149,BASELINE,NEW_DATA,22.072201,81.169579,44.762444
3150,BASELINE,NEW_DATA,22.218300,80.433784,44.946865
3151,BASELINE,NEW_DATA,22.218300,80.433784,44.946865
3152,BASELINE,NEW_DATA,22.178600,80.433784,44.946865
3153,BASELINE,NEW_DATA,22.178600,80.433784,44.946865
3154,BASELINE,NEW_DATA,22.178600,80.433784,44.946865
3155,BASELINE,NEW_DATA,22.072201,81.169579,44.762444
3156,BASELINE,NEW_DATA,22.072201,81.169579,44.762444
3157,BASELINE,NEW_DATA,22.048201,81.169579,44.762444
3158,BASELINE,NEW_DATA,22.048201,81.169579,44.762444
3159,BASELINE,NEW_DATA,21.894501,82.604530,45.148708
3160,BASELINE,NEW_DATA,21.939100,81.510712,45.020123
3161,BASELINE,NEW_DATA,21.877300,82.604530,45.148708
3162,BASELINE,NEW_DATA,22.111500,85.336014,45.402958
3163,BASELINE,NEW_DATA,21.908600,81.510712,45.020123
3164,BASELINE,NEW_DATA,22.463600,86.053696,44.837006
3165,BASELINE,NEW_DATA,22.463600,86.053696,44.837006
3166,BASELINE,NEW_DATA,21.877300,82.604530,45.148708
3167,BASELINE,NEW_DATA,21.877300,82.604530,45.148708
3168,BASELINE,NEW_DATA,21.925400,82.604530,45.148708
3169,BASELINE,NEW_DATA,21.948200,82.604530,45.148708
3170,BASELINE,NEW_DATA,22.396099,83.977966,47.101715
3171,BASELINE,NEW_DATA,22.066099,82.604530,45.148708
3172,BASELINE,NEW_DATA,22.463600,86.053696,44.837006
3173,BASELINE,NEW_DATA,22.547899,86.053696,44.837006
3174,BASELINE,NEW_DATA,22.203100,83.153000,46.977486
3175,BASELINE,NEW_DATA,22.203100,83.153000,46.977486
3176,BASELINE,NEW_DATA,22.615101,86.123169,44.555710
3177,BASELINE,NEW_DATA,22.686001,86.123169,44.555710
3178,BASELINE,NEW_DATA,22.723400,86.807060,44.365639
3179,BASELINE,NEW_DATA,22.529600,83.977966,47.101715
3180,BASELINE,NEW_DATA,22.697399,86.807060,44.365639
3181,BASELINE,NEW_DATA,22.416700,84.715759,45.805988
3182,BASELINE,NEW_DATA,22.622700,86.807060,44.365639
3183,BASELINE,NEW_DATA,22.461300,84.077988,45.618763
3184,BASELINE,NEW_DATA,22.461300,84.077988,45.618763
3185,BASELINE,NEW_DATA,22.189301,84.711266,45.618763
3186,BASELINE,NEW_DATA,22.434200,84.715759,45.805988
3187,BASELINE,NEW_DATA,22.416700,84.715759,45.805988
3188,BASELINE,NEW_DATA,22.353399,84.715759,45.805988
3189,BASELINE,NEW_DATA,22.353399,84.715759,45.805988
3190,BASELINE,NEW_DATA,22.285500,84.711266,45.618763
3191,BASELINE,NEW_DATA,22.189301,84.711266,45.618763
3192,BASELINE,NEW_DATA,22.111500,85.336014,45.402958
3193,BASELINE,NEW_DATA,21.807501,87.683067,43.393387
3194,BASELINE,NEW_DATA,22.170601,84.711266,45.618763
3195,BASELINE,NEW_DATA,22.113001,85.336014,45.402958
3196,BASELINE,NEW_DATA,22.236601,85.376060,45.085991
3197,BASELINE,NEW_DATA,22.111500,85.336014,45.402958
3198,BASELINE,NEW_DATA,22.344999,86.053696,44.837006
3199,BASELINE,NEW_DATA,22.547899,86.053696,44.837006
3200,BASELINE,NEW_DATA,22.088600,85.376060,45.085991
3201,BASELINE,NEW_DATA,22.139000,85.376060,45.085991
3202,BASELINE,NEW_DATA,22.615101,86.123169,44.555710
3203,BASELINE,NEW_DATA,22.344999,86.053696,44.837006
3204,BASELINE,NEW_DATA,22.344999,86.053696,44.837006
3205,BASELINE,NEW_DATA,22.463600,86.053696,44.837006
3206,BASELINE,NEW_DATA,22.547899,86.053696,44.837006
3207,BASELINE,NEW_DATA,22.547899,86.053696,44.837006
3208,BASELINE,NEW_DATA,22.605900,86.123169,44.555710
3209,BASELINE,NEW_DATA,22.615101,86.123169,44.555710
3210,BASELINE,NEW_DATA,22.574600,86.904846,44.072227
3211,BASELINE,NEW_DATA,22.686001,86.123169,44.555710
3212,BASELINE,NEW_DATA,22.698999,86.807060,44.365639
3213,BASELINE,NEW_DATA,22.505199,86.904846,44.072227
3214,BASELINE,NEW_DATA,22.434999,86.904846,44.072227
3215,BASELINE,NEW_DATA,22.622700,86.807060,44.365639
3216,BASELINE,NEW_DATA,21.601900,88.541954,42.951870
3217,BASELINE,NEW_DATA,22.292700,87.278297,43.983032
3218,BASELINE,NEW_DATA,21.437799,88.323105,43.019588
3219,BASELINE,NEW_DATA,22.505199,86.904846,44.072227
3220,BASELINE,NEW_DATA,21.469101,88.541954,42.951870
3221,BASELINE,NEW_DATA,21.539301,88.541954,42.951870
3222,BASELINE,NEW_DATA,21.601900,88.541954,42.951870
3223,BASELINE,NEW_DATA,22.035999,87.504059,43.930183
3224,BASELINE,NEW_DATA,22.292700,87.278297,43.983032
3225,BASELINE,NEW_DATA,22.198500,87.278297,43.983032
3226,BASELINE,NEW_DATA,22.058100,87.504059,43.930183
3227,BASELINE,NEW_DATA,21.713301,88.842735,42.951870
3228,BASELINE,NEW_DATA,21.698000,88.624374,43.011627
3229,BASELINE,NEW_DATA,21.698000,88.624374,43.011627
3230,BASELINE,NEW_DATA,21.940599,87.683067,43.393387
3231,BASELINE,NEW_DATA,21.871901,87.683067,43.393387
3232,BASELINE,NEW_DATA,21.746799,88.624374,43.011627
3233,BASELINE,NEW_DATA,21.597300,88.103516,43.162643
3234,BASELINE,NEW_DATA,21.641500,88.525513,43.898232
3235,BASELINE,NEW_DATA,21.694901,88.002274,43.095146
3236,BASELINE,NEW_DATA,21.520201,88.103516,43.162643
3237,BASELINE,NEW_DATA,21.708700,88.002274,43.095146
3238,BASELINE,NEW_DATA,21.522499,88.370354,43.060036
3239,BASELINE,NEW_DATA,21.597300,88.103516,43.162643
3240,BASELINE,NEW_DATA,21.452299,88.370354,43.060036
3241,BASELINE,NEW_DATA,21.597300,88.103516,43.162643
3242,BASELINE,NEW_DATA,21.464500,88.323105,43.019588
3243,BASELINE,NEW_DATA,21.522499,88.370354,43.060036
3244,BASELINE,NEW_DATA,21.389400,88.323105,43.019588
3245,BASELINE,NEW_DATA,21.545401,88.170471,43.800606
3246,BASELINE,NEW_DATA,21.437799,88.323105,43.019588
3247,BASELINE,NEW_DATA,21.464500,88.323105,43.019588
3248,BASELINE,NEW_DATA,21.539301,88.541954,42.951870
3249,BASELINE,NEW_DATA,21.428699,88.323105,43.019588
3250,BASELINE,NEW_DATA,21.601900,88.541954,42.951870
3251,BASELINE,NEW_DATA,21.398899,87.989380,44.486561
3252,BASELINE,NEW_DATA,21.370701,87.989380,44.486561
3253,BASELINE,NEW_DATA,21.270800,87.989380,43.800606
3254,BASELINE,NEW_DATA,21.307400,87.989380,44.486561
3255,BASELINE,NEW_DATA,21.629299,88.842735,42.951870
3256,BASELINE,NEW_DATA,21.601900,88.541954,42.951870
3257,BASELINE,NEW_DATA,21.629299,88.842735,42.951870
3258,BASELINE,NEW_DATA,21.752199,88.624374,43.011627
3259,BASELINE,NEW_DATA,21.713301,88.842735,42.951870
3260,BASELINE,NEW_DATA,21.312000,87.747665,43.519180
3261,BASELINE,NEW_DATA,21.312000,87.747665,43.519180
3262,BASELINE,NEW_DATA,21.698000,88.624374,43.011627
3263,LIVE,NEW_DATA,21.682400,88.804192,43.011627
3264,LIVE,NEW_DATA,21.752199,88.624374,43.011627
3265,LIVE,NEW_DATA,21.746799,88.624374,43.011627
3266,LIVE,NEW_DATA,21.287500,87.580490,43.546341
3267,LIVE,NEW_DATA,21.682400,88.804192,43.011627
3268,LIVE,NEW_DATA,21.179199,87.255798,43.546341
3269,LIVE,NEW_DATA,21.643101,88.525513,43.898232
3270,LIVE,NEW_DATA,21.643101,88.525513,43.898232
3271,LIVE,NEW_DATA,21.654900,88.525513,43.898232
3272,LIVE,NEW_DATA,21.654900,88.525513,43.898232
3273,LIVE,NEW_DATA,21.122700,86.750381,44.003788
3274,LIVE,NEW_DATA,21.626301,88.031494,44.154980
3275,LIVE,NEW_DATA,21.131901,87.255798,43.546341
3276,LIVE,NEW_DATA,21.583599,88.031494,44.154980
3277,LIVE,NEW_DATA,21.574400,88.031494,44.154980
3278,LIVE,NEW_DATA,21.398899,87.989380,44.486561
3279,LIVE,NEW_DATA,21.122700,86.750381,44.003788
3280,LIVE,NEW_DATA,21.307400,87.989380,44.486561
3281,LIVE,NEW_DATA,21.403500,88.170471,43.800606
3282,LIVE,NEW_DATA,21.398899,87.989380,44.486561
3283,LIVE,NEW_DATA,20.930500,86.412300,45.873013
3284,LIVE,NEW_DATA,21.398899,87.989380,44.486561
3285,LIVE,NEW_DATA,21.370701,87.989380,44.486561
3286,LIVE,NEW_DATA,21.307400,87.989380,44.486561
3287,LIVE,NEW_DATA,21.350100,87.989380,44.486561
3288,LIVE,NEW_DATA,21.350100,87.989380,44.486561
3289,LIVE,NEW_DATA,21.318800,87.989380,43.800606
3290,LIVE,NEW_DATA,20.893900,86.412300,45.873013
3291,LIVE,NEW_DATA,21.318800,87.989380,43.800606
3292,LIVE,NEW_DATA,21.270800,87.989380,43.800606
3293,LIVE,NEW_DATA,21.312000,87.747665,43.519180
3294,LIVE,NEW_DATA,21.312000,87.747665,43.519180
3295,LIVE,NEW_DATA,20.881701,86.471619,46.288948
3296,LIVE,NEW_DATA,21.330299,87.747665,43.519180
3297,LIVE,NEW_DATA,21.316500,87.580490,43.546341
3298,LIVE,NEW_DATA,20.826700,86.396156,46.288948
3299,LIVE,NEW_DATA,21.269600,87.580490,43.546341
3300,LIVE,NEW_DATA,20.881701,85.838799,47.227169
3301,LIVE,NEW_DATA,21.179199,87.255798,43.546341
3302,LIVE,NEW_DATA,21.264601,87.532089,43.546341
3303,LIVE,NEW_DATA,21.205099,87.532089,43.546341
3304,LIVE,NEW_DATA,21.205099,87.532089,43.546341
3305,LIVE,NEW_DATA,21.086901,85.838799,47.227169
3306,LIVE,NEW_DATA,21.818501,85.187126,51.238052
3307,LIVE,NEW_DATA,21.240200,85.838799,47.227169
3308,LIVE,NEW_DATA,21.487000,85.187126,51.238052
3309,LIVE,NEW_DATA,21.168501,87.255798,43.546341
3310,LIVE,NEW_DATA,21.623199,85.187126,51.238052
3311,LIVE,NEW_DATA,21.122700,86.750381,44.003788
3312,LIVE,NEW_DATA,21.122700,86.750381,44.003788
3313,LIVE,NEW_DATA,21.055599,86.750381,44.003788
3314,LIVE,NEW_DATA,21.006800,86.648682,44.204685
3315,LIVE,NEW_DATA,21.006800,86.648682,44.204685
3316,LIVE,NEW_DATA,20.998800,86.648682,44.204685
3317,LIVE,NEW_DATA,21.006800,86.648682,44.204685
3318,LIVE,NEW_DATA,21.006800,86.648682,44.204685
3319,LIVE,NEW_DATA,20.991501,86.412300,45.873013
3320,LIVE,NEW_DATA,20.959499,86.412300,45.873013
3321,LIVE,NEW_DATA,20.893900,86.412300,45.873013
3322,LIVE,NEW_DATA,22.442600,84.607048,47.861816
3323,LIVE,NEW_DATA,20.883200,86.471619,46.288948
3324,LIVE,NEW_DATA,20.883200,86.471619,46.288948
3325,LIVE,NEW_DATA,22.323601,84.795143,47.569294
3326,LIVE,NEW_DATA,22.686800,84.640350,47.427044
3327,LIVE,NEW_DATA,20.881701,86.471619,46.288948
3328,LIVE,NEW_DATA,20.881701,86.471619,46.288948
3329,LIVE,NEW_DATA,20.883200,86.471619,46.288948
3330,LIVE,NEW_DATA,20.826700,86.396156,46.288948
3331,LIVE,NEW_DATA,22.615101,84.607048,47.861816
3332,LIVE,NEW_DATA,20.852301,86.396156,46.288948
3333,LIVE,NEW_DATA,23.000700,84.592163,47.483994
3334,LIVE,NEW_DATA,20.881701,85.838799,47.227169
3335,LIVE,NEW_DATA,20.901100,85.838799,47.227169
3336,LIVE,NEW_DATA,20.901100,85.838799,47.227169
3337,LIVE,NEW_DATA,23.085800,84.592163,47.483994
3338,LIVE,NEW_DATA,20.998800,85.838799,47.227169
3339,LIVE,NEW_DATA,21.818501,85.187126,51.238052
3340,LIVE,NEW_DATA,21.240200,85.838799,47.227169
3341,LIVE,NEW_DATA,21.240200,85.838799,47.227169
3342,LIVE,NEW_DATA,21.487000,85.187126,51.238052
3343,LIVE,NEW_DATA,22.064199,85.258049,51.238052
3344,LIVE,NEW_DATA,21.623199,85.187126,51.238052
3345,LIVE,NEW_DATA,21.818501,85.187126,51.238052
3346,LIVE,NEW_DATA,21.913099,85.258049,51.238052
3347,LIVE,NEW_DATA,23.013300,84.347046,53.499180
3348,LIVE,NEW_DATA,22.560101,84.945435,49.765900
3349,LIVE,NEW_DATA,22.064199,85.258049,51.238052
3350,LIVE,NEW_DATA,22.813400,83.563332,49.396355
3351,LIVE,NEW_DATA,22.149300,85.258049,51.238052
3352,LIVE,NEW_DATA,22.219500,84.951004,46.331650
3353,LIVE,NEW_DATA,22.625401,84.945435,49.765900
3354,LIVE,NEW_DATA,22.363300,84.726051,54.634525
3355,LIVE,NEW_DATA,22.371700,84.795143,47.569294
3356,LIVE,NEW_DATA,22.282801,84.795143,47.569294
3357,LIVE,NEW_DATA,22.290001,84.795143,47.569294
3358,LIVE,NEW_DATA,22.323601,84.795143,47.569294
3359,LIVE,NEW_DATA,22.323601,84.795143,47.569294
3360,LIVE,NEW_DATA,22.512100,84.518639,54.634525
3361,LIVE,NEW_DATA,22.371700,84.795143,47.569294
3362,LIVE,NEW_DATA,22.811899,84.640350,47.427044
3363,LIVE,NEW_DATA,22.279400,84.726051,54.634525
3364,LIVE,NEW_DATA,22.615101,84.607048,47.861816
3365,LIVE,NEW_DATA,22.686800,84.640350,47.427044
3366,LIVE,NEW_DATA,22.779800,84.640350,47.427044
3367,LIVE,NEW_DATA,23.036200,84.592163,47.483994
3368,LIVE,NEW_DATA,22.811899,84.640350,47.427044
3369,LIVE,NEW_DATA,23.082001,83.660721,50.583263
3370,LIVE,NEW_DATA,22.949200,84.592163,47.483994
3371,LIVE,NEW_DATA,22.949200,84.592163,47.483994
3372,LIVE,NEW_DATA,23.000700,84.592163,47.483994
3373,LIVE,NEW_DATA,23.013300,84.347046,53.499180
3374,LIVE,NEW_DATA,23.036200,84.592163,47.483994
3375,LIVE,NEW_DATA,23.085800,84.592163,47.483994
3376,LIVE,NEW_DATA,23.085800,84.592163,47.483994
3377,LIVE,NEW_DATA,22.813400,83.563332,49.396355
3378,LIVE,NEW_DATA,23.094601,84.592163,47.483994
3379,LIVE,NEW_DATA,23.025101,84.347046,53.499180
3380,LIVE,NEW_DATA,23.049500,83.660721,50.583263
3381,LIVE,NEW_DATA,23.049500,83.660721,50.583263
3382,LIVE,NEW_DATA,22.560101,84.945435,49.765900
3383,LIVE,NEW_DATA,22.813400,83.563332,49.396355
3384,LIVE,NEW_DATA,22.820700,83.245331,50.305733
3385,LIVE,NEW_DATA,22.715799,83.563332,49.396355
3386,LIVE,NEW_DATA,22.363300,84.726051,54.634525
3387,LIVE,NEW_DATA,22.300699,82.205223,54.450573
3388,LIVE,NEW_DATA,22.560101,84.945435,49.765900
3389,LIVE,NEW_DATA,22.441900,84.945435,49.765900
3390,LIVE,NEW_DATA,22.425800,84.726051,54.634525
3391,LIVE,NEW_DATA,22.361799,82.205223,54.450573
3392,LIVE,NEW_DATA,22.425800,84.726051,54.634525
3393,LIVE,NEW_DATA,22.363300,84.726051,54.634525
3394,LIVE,NEW_DATA,22.512100,84.518639,54.634525
3395,LIVE,NEW_DATA,22.682199,84.147758,50.265961
3396,LIVE,NEW_DATA,22.810699,84.147758,50.265961
3397,LIVE,NEW_DATA,22.303801,84.518639,54.634525
3398,LIVE,NEW_DATA,22.068800,82.088165,51.019218
3399,LIVE,NEW_DATA,21.969601,81.844177,50.340942
3400,LIVE,NEW_DATA,23.071301,83.660721,50.583263
3401,LIVE,NEW_DATA,22.682199,84.147758,50.265961
3402,LIVE,NEW_DATA,22.810699,84.147758,50.265961
3403,LIVE,NEW_DATA,22.810699,84.147758,50.265961
3404,LIVE,NEW_DATA,23.092699,83.660721,50.583263
3405,LIVE,NEW_DATA,22.981300,83.660721,50.583263
3406,LIVE,NEW_DATA,23.071301,83.660721,50.583263
3407,LIVE,NEW_DATA,23.071301,83.660721,50.583263
3408,LIVE,NEW_DATA,23.082001,83.660721,50.583263
3409,LIVE,NEW_DATA,23.092699,83.660721,50.583263
3410,LIVE,NEW_DATA,22.889700,83.245331,50.305733
3411,LIVE,NEW_DATA,23.091101,83.660721,50.583263
3412,LIVE,NEW_DATA,23.049500,83.660721,50.583263
3413,LIVE,NEW_DATA,23.049500,83.660721,50.583263
3414,LIVE,NEW_DATA,22.646000,82.957436,50.305733
3415,LIVE,NEW_DATA,22.972099,83.245331,50.305733
3416,LIVE,NEW_DATA,21.966600,81.647186,50.299107
3417,LIVE,NEW_DATA,22.820700,83.245331,50.305733
3418,LIVE,NEW_DATA,21.925400,81.100754,50.282101
3419,LIVE,NEW_DATA,21.877701,81.100754,50.282101
3420,LIVE,NEW_DATA,22.300699,82.205223,54.450573
3421,LIVE,NEW_DATA,22.511299,82.957436,50.305733
3422,LIVE,NEW_DATA,21.925400,81.100754,50.282101
3423,LIVE,NEW_DATA,22.407499,82.205223,54.450573
3424,LIVE,NEW_DATA,22.407499,82.205223,54.450573
3425,LIVE,NEW_DATA,22.361799,82.205223,54.450573
3426,LIVE,NEW_DATA,21.990999,82.088165,50.622787
3427,LIVE,NEW_DATA,22.232100,82.088165,51.019218
3428,LIVE,NEW_DATA,22.232100,82.088165,51.019218
3429,LIVE,NEW_DATA,22.132900,82.088165,51.019218
3430,LIVE,NEW_DATA,21.589701,80.581314,49.953926
3431,LIVE,NEW_DATA,21.730000,80.794312,49.953926
3432,LIVE,NEW_DATA,21.969601,81.844177,50.340942
3433,LIVE,NEW_DATA,21.706800,80.794312,49.953926
3434,LIVE,NEW_DATA,22.007799,82.088165,50.622787
3435,LIVE,NEW_DATA,22.007799,82.088165,50.622787
3436,LIVE,NEW_DATA,21.937599,81.844177,50.340942
3437,LIVE,NEW_DATA,21.929899,81.647186,49.996712
3438,LIVE,NEW_DATA,21.479799,79.626495,49.421982
3439,LIVE,NEW_DATA,21.975300,81.647186,49.996712
3440,LIVE,NEW_DATA,21.565201,80.127312,49.742760
3441,LIVE,NEW_DATA,21.937599,81.844177,50.340942
3442,LIVE,NEW_DATA,21.929899,81.647186,49.996712
3443,LIVE,NEW_DATA,21.934500,81.647186,49.996712
3444,LIVE,NEW_DATA,21.934500,81.647186,49.996712
3445,LIVE,NEW_DATA,21.975300,81.647186,49.996712
3446,LIVE,NEW_DATA,21.965401,81.391266,50.438862
3447,LIVE,NEW_DATA,21.965401,81.391266,50.438862
3448,LIVE,NEW_DATA,22.001600,81.647186,50.299107
3449,LIVE,NEW_DATA,21.966600,81.647186,50.299107
3450,LIVE,NEW_DATA,21.952801,81.391266,50.438862
3451,LIVE,NEW_DATA,21.877701,81.100754,50.282101
3452,LIVE,NEW_DATA,21.379101,78.393616,44.879223
3453,LIVE,NEW_DATA,21.965401,81.391266,50.438862
3454,LIVE,NEW_DATA,21.958900,81.100754,50.282101
3455,LIVE,NEW_DATA,21.925400,81.100754,50.282101
3456,LIVE,NEW_DATA,21.380600,78.815697,48.733971
3457,LIVE,NEW_DATA,21.925400,81.100754,50.282101
3458,LIVE,NEW_DATA,21.877701,81.100754,50.282101
3459,LIVE,NEW_DATA,21.807501,80.946404,50.282101
3460,LIVE,NEW_DATA,21.347000,78.393616,44.879223
3461,LIVE,NEW_DATA,21.331400,77.663910,44.717728
3462,LIVE,NEW_DATA,21.778099,80.946404,50.282101
3463,LIVE,NEW_DATA,21.778099,80.946404,50.282101
3464,LIVE,NEW_DATA,21.305799,77.663910,44.717728
3465,LIVE,NEW_DATA,21.706800,80.794312,49.953926
3466,LIVE,NEW_DATA,21.310400,77.277969,44.644058
3467,LIVE,NEW_DATA,21.310400,77.277969,44.644058
3468,LIVE,NEW_DATA,21.273800,77.277969,44.644058
3469,LIVE,NEW_DATA,21.337900,77.277969,44.644058
3470,LIVE,NEW_DATA,21.493500,80.127312,49.742760
3471,LIVE,NEW_DATA,21.479799,79.626495,49.421982
3472,LIVE,NEW_DATA,21.353100,77.021416,44.411354
3473,LIVE,NEW_DATA,21.565201,80.127312,49.742760
3474,LIVE,NEW_DATA,21.487000,80.127312,49.742760
3475,LIVE,NEW_DATA,21.465700,79.626495,49.421982
3476,LIVE,NEW_DATA,21.493500,80.127312,49.742760
3477,LIVE,NEW_DATA,21.461500,76.763191,44.411354
3478,LIVE,NEW_DATA,21.479799,79.626495,49.421982
3479,LIVE,NEW_DATA,21.479799,79.626495,49.421982
3480,LIVE,NEW_DATA,21.450800,79.626495,49.421982
3481,LIVE,NEW_DATA,21.450800,79.626495,49.421982
3482,LIVE,NEW_DATA,21.465700,79.626495,49.421982
3483,LIVE,NEW_DATA,21.424900,77.562637,47.075668
3484,LIVE,NEW_DATA,21.388201,76.110146,47.075668
3485,LIVE,NEW_DATA,21.379101,78.393616,44.879223
3486,LIVE,NEW_DATA,21.379101,78.393616,44.879223
3487,LIVE,NEW_DATA,21.394300,78.815697,48.733971
3488,LIVE,NEW_DATA,21.347000,78.393616,44.879223
3489,LIVE,NEW_DATA,21.331400,77.663910,44.717728
3490,LIVE,NEW_DATA,21.380600,78.815697,48.733971
3491,LIVE,NEW_DATA,21.312000,77.663910,44.717728
3492,LIVE,NEW_DATA,21.156300,78.681320,49.583794
3493,LIVE,NEW_DATA,21.375999,78.393616,44.879223
3494,LIVE,NEW_DATA,21.347000,78.393616,44.879223
3495,LIVE,NEW_DATA,21.331400,77.663910,44.717728
3496,LIVE,NEW_DATA,21.273800,77.277969,44.644058
3497,LIVE,NEW_DATA,21.305799,77.663910,44.717728
3498,LIVE,NEW_DATA,21.305799,77.663910,44.717728
3499,LIVE,NEW_DATA,21.310400,77.277969,44.644058
3500,LIVE,NEW_DATA,21.353100,77.021416,44.411354
3501,LIVE,NEW_DATA,21.064800,78.874565,52.041649
3502,LIVE,NEW_DATA,21.089199,78.874565,52.041649
3503,LIVE,NEW_DATA,21.337900,77.277969,44.644058
3504,LIVE,NEW_DATA,21.031601,78.874565,52.041649
3505,LIVE,NEW_DATA,21.461500,76.763191,44.411354
3506,LIVE,NEW_DATA,21.435200,76.763191,44.411354
3507,LIVE,NEW_DATA,21.435200,76.763191,44.411354
3508,LIVE,NEW_DATA,21.063999,78.874565,52.350590
3509,LIVE,NEW_DATA,21.440100,76.763191,44.411354
3510,LIVE,NEW_DATA,21.063999,78.874565,52.350590
3511,LIVE,NEW_DATA,21.461500,76.763191,44.411354
3512,LIVE,NEW_DATA,21.388201,76.110146,47.075668
3513,LIVE,NEW_DATA,21.015900,79.063866,52.532040
3514,LIVE,NEW_DATA,21.003700,79.063866,52.532040
3515,LIVE,NEW_DATA,21.427900,77.562637,47.075668
3516,LIVE,NEW_DATA,21.427900,77.562637,47.075668
3517,LIVE,NEW_DATA,20.961000,79.213440,52.532040
3518,LIVE,NEW_DATA,20.901100,79.213440,52.761410
3519,LIVE,NEW_DATA,21.389000,76.110146,47.075668
3520,LIVE,NEW_DATA,20.934299,79.213440,52.532040
3521,LIVE,NEW_DATA,21.248600,75.525391,46.855042
3522,LIVE,NEW_DATA,21.368401,76.110146,47.075668
3523,LIVE,NEW_DATA,21.301300,75.525391,46.855042
3524,LIVE,NEW_DATA,21.176100,75.617180,46.811680
3525,LIVE,NEW_DATA,21.316099,75.525391,46.855042
3526,LIVE,NEW_DATA,21.248600,75.525391,46.855042
3527,LIVE,NEW_DATA,21.248600,75.525391,46.855042
3528,LIVE,NEW_DATA,20.873301,78.720360,50.888767
3529,LIVE,NEW_DATA,21.231100,75.617180,46.811680
3530,LIVE,NEW_DATA,21.089199,78.874565,52.041649
3531,LIVE,NEW_DATA,21.069300,78.874565,52.041649
3532,LIVE,NEW_DATA,20.878599,76.577576,51.218266
3533,LIVE,NEW_DATA,21.144100,78.681320,49.583794
3534,LIVE,NEW_DATA,21.131100,78.681320,49.583794
3535,LIVE,NEW_DATA,21.131100,78.681320,49.583794
3536,LIVE,NEW_DATA,21.089199,78.874565,52.041649
3537,LIVE,NEW_DATA,21.069300,78.874565,52.041649
3538,LIVE,NEW_DATA,20.844999,78.163780,53.289799
3539,LIVE,NEW_DATA,20.808399,80.986877,53.631458
3540,LIVE,NEW_DATA,21.064800,78.874565,52.041649
3541,LIVE,NEW_DATA,20.774799,80.986877,53.631458
3542,LIVE,NEW_DATA,21.063999,78.874565,52.350590
3543,LIVE,NEW_DATA,21.063999,78.874565,52.350590
3544,LIVE,NEW_DATA,20.961000,79.213440,52.532040
3545,LIVE,NEW_DATA,21.038799,78.874565,52.350590
3546,LIVE,NEW_DATA,20.934299,79.213440,52.532040
3547,LIVE,NEW_DATA,20.705799,80.417175,53.879128
3548,LIVE,NEW_DATA,20.876699,79.213440,52.761410
3549,LIVE,NEW_DATA,20.638300,75.560951,54.237133
3550,LIVE,NEW_DATA,20.913700,79.213440,52.532040
3551,LIVE,NEW_DATA,20.638300,75.560951,54.237133
3552,LIVE,NEW_DATA,20.644800,75.560951,54.237133
3553,LIVE,NEW_DATA,20.907600,78.720360,50.888767
3554,LIVE,NEW_DATA,20.655800,73.993240,54.674797
3555,LIVE,NEW_DATA,20.655800,73.993240,54.674797
3556,LIVE,NEW_DATA,20.558201,74.661469,55.184540
3557,LIVE,NEW_DATA,20.559299,74.661469,55.184540
3558,LIVE,NEW_DATA,20.876699,79.213440,52.761410
3559,LIVE,NEW_DATA,20.901100,79.213440,52.761410
3560,LIVE,NEW_DATA,20.639000,73.993240,54.674797
3561,LIVE,NEW_DATA,20.517000,75.328156,55.406971
3562,LIVE,NEW_DATA,20.500601,75.328156,55.406971
3563,LIVE,NEW_DATA,20.900000,78.720360,50.888767
3564,LIVE,NEW_DATA,20.873301,78.720360,50.888767
3565,LIVE,NEW_DATA,20.873301,78.720360,50.888767
3566,LIVE,NEW_DATA,20.884701,76.577576,51.218266
3567,LIVE,NEW_DATA,20.844999,78.163780,53.289799
3568,LIVE,NEW_DATA,20.517000,75.328156,55.406971
3569,LIVE,NEW_DATA,20.878599,76.577576,51.218266
3570,LIVE,NEW_DATA,20.878599,76.577576,51.218266
3571,LIVE,NEW_DATA,20.860300,76.577576,51.218266
3572,LIVE,NEW_DATA,20.869400,78.163780,53.289799
3573,LIVE,NEW_DATA,20.857201,78.163780,53.289799
3574,LIVE,NEW_DATA,20.857201,78.163780,53.289799
3575,LIVE,NEW_DATA,20.747400,80.986877,53.631458
3576,LIVE,NEW_DATA,20.844999,78.163780,53.289799
3577,LIVE,NEW_DATA,20.808399,80.986877,53.631458
3578,LIVE,NEW_DATA,20.774799,80.986877,53.631458
3579,LIVE,NEW_DATA,20.774799,80.986877,53.631458
3580,LIVE,NEW_DATA,20.774799,80.986877,53.631458
3581,LIVE,NEW_DATA,20.419701,75.162201,55.300163
3582,LIVE,NEW_DATA,20.747400,80.986877,53.631458
3583,LIVE,NEW_DATA,20.644800,75.560951,54.237133
3584,LIVE,NEW_DATA,20.724899,80.417175,53.879128
3585,LIVE,NEW_DATA,20.724899,80.417175,53.879128
3586,LIVE,NEW_DATA,20.705799,80.417175,53.879128
3587,LIVE,NEW_DATA,20.638300,75.560951,54.237133
3588,LIVE,NEW_DATA,20.687901,75.560951,54.237133
3589,LIVE,NEW_DATA,20.368999,74.863937,54.710541
3590,LIVE,NEW_DATA,20.638300,75.560951,54.237133
3591,LIVE,NEW_DATA,20.351400,74.863937,54.710541
3592,LIVE,NEW_DATA,20.644800,75.560951,54.237133
3593,LIVE,NEW_DATA,20.644800,75.560951,54.237133
3594,LIVE,NEW_DATA,20.655800,73.993240,54.674797
3595,LIVE,NEW_DATA,20.184299,70.471512,55.358681
3596,LIVE,NEW_DATA,20.158800,69.596603,53.292973
3597,LIVE,NEW_DATA,20.271700,70.970070,55.056011
3598,LIVE,NEW_DATA,20.245399,70.970070,55.056011
3599,LIVE,NEW_DATA,20.119900,69.596603,53.292973
3600,LIVE,NEW_DATA,20.665001,73.993240,54.674797
3601,LIVE,NEW_DATA,20.245399,70.970070,55.056011
3602,LIVE,NEW_DATA,20.582600,73.993240,55.039913
3603,LIVE,NEW_DATA,20.236200,70.471512,55.358681
3604,LIVE,NEW_DATA,20.500601,75.328156,55.406971
3605,LIVE,NEW_DATA,20.559299,74.661469,55.184540
3606,LIVE,NEW_DATA,20.559299,74.661469,55.184540
3607,LIVE,NEW_DATA,20.158800,69.596603,53.292973
3608,LIVE,NEW_DATA,20.118700,69.311584,53.619026
3609,LIVE,NEW_DATA,20.503201,75.328156,55.406971
3610,LIVE,NEW_DATA,20.517000,75.328156,55.406971
3611,LIVE,NEW_DATA,20.457500,72.376602,55.039379
3612,LIVE,NEW_DATA,20.459000,72.376602,55.039379
3613,LIVE,NEW_DATA,20.442200,72.376602,55.039379
3614,LIVE,NEW_DATA,20.433001,72.376602,55.039379
3615,LIVE,NEW_DATA,19.994400,69.311584,53.881485
3616,LIVE,NEW_DATA,20.040501,69.311584,53.619026
3617,LIVE,NEW_DATA,20.457500,72.376602,55.039379
3618,LIVE,NEW_DATA,20.459000,72.376602,55.039379
3619,LIVE,NEW_DATA,20.018000,69.311584,53.881485
3620,LIVE,NEW_DATA,20.442200,72.376602,55.039379
3621,LIVE,NEW_DATA,20.368999,74.863937,54.710541
3622,LIVE,NEW_DATA,19.994400,69.311584,53.881485
3623,LIVE,NEW_DATA,20.351400,74.863937,54.710541
3624,LIVE,NEW_DATA,20.399500,75.162201,55.300163
3625,LIVE,NEW_DATA,20.290400,74.863937,54.710541
3626,LIVE,NEW_DATA,20.304899,74.863937,54.710541
3627,LIVE,NEW_DATA,20.378901,74.863937,54.710541
3628,LIVE,NEW_DATA,20.378901,74.863937,54.710541
3629,LIVE,NEW_DATA,20.368999,74.863937,54.710541
3630,LIVE,NEW_DATA,20.351400,74.863937,54.710541
3631,LIVE,NEW_DATA,21.215799,69.144920,51.438854
3632,LIVE,NEW_DATA,20.901100,68.895706,54.293888
3633,LIVE,NEW_DATA,20.290400,74.863937,54.710541
3634,LIVE,NEW_DATA,20.184299,70.471512,55.358681
3635,LIVE,NEW_DATA,21.339399,69.144920,51.806904
3636,LIVE,NEW_DATA,20.245399,70.970070,55.056011
3637,LIVE,NEW_DATA,21.215799,69.144920,51.438854
3638,LIVE,NEW_DATA,21.307400,69.144920,51.438854
3639,LIVE,NEW_DATA,20.196501,70.471512,55.358681
3640,LIVE,NEW_DATA,20.196501,70.471512,55.358681
3641,LIVE,NEW_DATA,20.196501,70.471512,55.358681
3642,LIVE,NEW_DATA,21.345501,69.084564,52.308643
3643,LIVE,NEW_DATA,20.158800,69.596603,53.292973
3644,LIVE,NEW_DATA,20.118700,69.311584,53.619026
3645,LIVE,NEW_DATA,20.119900,69.596603,53.292973
3646,LIVE,NEW_DATA,21.360001,69.169754,52.397732
3647,LIVE,NEW_DATA,20.091200,69.596603,53.509010
3648,LIVE,NEW_DATA,20.018000,69.311584,53.881485
3649,LIVE,NEW_DATA,21.291700,69.084564,52.308643
3650,LIVE,NEW_DATA,19.994400,69.311584,53.881485
3651,LIVE,NEW_DATA,20.016500,69.311584,53.881485
3652,LIVE,NEW_DATA,21.260099,69.084564,52.308643
3653,LIVE,NEW_DATA,21.061701,68.596581,55.530010
3654,LIVE,NEW_DATA,21.116600,68.957481,55.389664
3655,LIVE,NEW_DATA,20.018000,69.311584,53.881485
3656,LIVE,NEW_DATA,20.301800,68.644943,54.293888
3657,LIVE,NEW_DATA,20.943501,68.282700,55.233562
3658,LIVE,NEW_DATA,21.061701,68.596581,55.530010
3659,LIVE,NEW_DATA,20.021400,68.914253,54.749428
3660,LIVE,NEW_DATA,20.217501,68.644943,54.293888
3661,LIVE,NEW_DATA,20.481899,68.644943,54.293888
3662,LIVE,NEW_DATA,20.901100,68.895706,54.293888
3663,LIVE,NEW_DATA,20.823700,67.832191,55.237091
3664,LIVE,NEW_DATA,21.189899,69.144920,51.438854
3665,LIVE,NEW_DATA,20.790100,68.895706,54.293888
3666,LIVE,NEW_DATA,20.901100,68.895706,54.293888
3667,LIVE,NEW_DATA,20.901100,68.895706,54.293888
3668,LIVE,NEW_DATA,20.823700,67.832191,55.237091
3669,LIVE,NEW_DATA,20.823700,67.832191,55.237091
3670,LIVE,NEW_DATA,20.718399,66.945526,55.199364
3671,LIVE,NEW_DATA,21.318100,69.144920,51.806904
3672,LIVE,NEW_DATA,21.318100,69.144920,51.806904
3673,LIVE,NEW_DATA,20.667999,66.870407,55.844074
3674,LIVE,NEW_DATA,20.744301,67.182617,54.908337
3675,LIVE,NEW_DATA,20.646700,66.870407,55.844074
3676,LIVE,NEW_DATA,21.339399,69.144920,51.806904
3677,LIVE,NEW_DATA,21.291700,69.084564,52.308643
3678,LIVE,NEW_DATA,20.553600,69.949936,55.844074
3679,LIVE,NEW_DATA,21.288700,69.084564,52.308643
3680,LIVE,NEW_DATA,20.646700,66.870407,55.844074
3681,LIVE,NEW_DATA,20.646700,66.870407,55.844074
3682,LIVE,NEW_DATA,21.116600,68.957481,55.389664
3683,LIVE,NEW_DATA,21.288700,69.084564,52.308643
3684,LIVE,NEW_DATA,21.116600,68.957481,55.389664
3685,LIVE,NEW_DATA,21.061701,68.596581,55.530010
3686,LIVE,NEW_DATA,21.220400,68.957481,55.389664
3687,LIVE,NEW_DATA,20.629900,69.949936,55.844074
3688,LIVE,NEW_DATA,21.017500,68.596581,55.530010
3689,LIVE,NEW_DATA,21.116600,68.957481,55.389664
3690,LIVE,NEW_DATA,20.534500,66.440544,56.904102
3691,LIVE,NEW_DATA,20.587200,66.707726,56.474720
3692,LIVE,NEW_DATA,21.061701,68.596581,55.530010
3693,LIVE,NEW_DATA,21.017500,68.596581,55.530010
3694,LIVE,NEW_DATA,21.017500,68.596581,55.530010
3695,LIVE,NEW_DATA,20.821400,67.832191,55.237091
3696,LIVE,NEW_DATA,20.534500,66.440544,56.904102
3697,LIVE,NEW_DATA,20.943501,68.282700,55.233562
3698,LIVE,NEW_DATA,20.943501,68.282700,55.233562
3699,LIVE,NEW_DATA,20.529200,69.450790,56.037796
3700,LIVE,NEW_DATA,20.526100,69.450790,56.037796
3701,LIVE,NEW_DATA,20.901100,68.282700,55.233562
3702,LIVE,NEW_DATA,20.874001,67.832191,55.237091
3703,LIVE,NEW_DATA,20.821400,67.832191,55.237091
3704,LIVE,NEW_DATA,20.527599,69.450790,56.037796
3705,LIVE,NEW_DATA,20.527599,69.450790,56.037796
3706,LIVE,NEW_DATA,20.506300,69.061043,56.204842
3707,LIVE,NEW_DATA,20.765699,67.182617,54.908337
3708,LIVE,NEW_DATA,20.502100,69.061043,56.635147
3709,LIVE,NEW_DATA,20.744301,67.182617,54.908337
3710,LIVE,NEW_DATA,20.460501,68.984566,57.001808
3711,LIVE,NEW_DATA,20.718399,66.945526,55.199364
3712,LIVE,NEW_DATA,20.713800,66.945526,55.199364
3713,LIVE,NEW_DATA,20.667999,66.870407,55.844074
3714,LIVE,NEW_DATA,20.646700,66.870407,55.844074
3715,LIVE,NEW_DATA,20.646700,66.870407,55.844074
3716,LIVE,NEW_DATA,20.646700,66.870407,55.844074
3717,LIVE,NEW_DATA,20.484900,68.984566,57.001808
3718,LIVE,NEW_DATA,20.628700,69.949936,55.844074
3719,LIVE,NEW_DATA,20.553600,69.949936,55.844074
3720,LIVE,NEW_DATA,20.481899,69.153946,59.035213
3721,LIVE,NEW_DATA,20.553600,69.949936,55.844074
3722,LIVE,NEW_DATA,20.577200,66.707726,56.474720
3723,LIVE,NEW_DATA,20.602400,69.949936,55.844074
3724,LIVE,NEW_DATA,20.637501,66.440544,56.904102
3725,LIVE,NEW_DATA,20.534500,66.440544,56.904102
3726,LIVE,NEW_DATA,20.628700,69.949936,55.844074
3727,LIVE,NEW_DATA,20.625299,66.707726,56.474720
3728,LIVE,NEW_DATA,20.587200,66.707726,56.474720
3729,LIVE,NEW_DATA,20.430000,69.153946,61.729626
3730,LIVE,NEW_DATA,20.577200,66.707726,56.474720
3731,LIVE,NEW_DATA,20.526100,69.450790,56.037796
3732,LIVE,NEW_DATA,20.534500,66.440544,56.904102
3733,LIVE,NEW_DATA,20.501699,69.450790,56.037796
3734,LIVE,NEW_DATA,20.550200,69.450790,56.037796
3735,LIVE,NEW_DATA,20.527599,69.450790,56.037796
3736,LIVE,NEW_DATA,20.338400,66.350853,62.481743
3737,LIVE,NEW_DATA,20.526100,69.450790,56.037796
3738,LIVE,NEW_DATA,20.526100,69.450790,56.037796
3739,LIVE,NEW_DATA,20.501699,69.450790,56.037796
3740,LIVE,NEW_DATA,20.527599,69.450790,56.037796
3741,LIVE,NEW_DATA,20.527599,69.450790,56.037796
3742,LIVE,NEW_DATA,20.527599,69.450790,56.037796
3743,LIVE,NEW_DATA,20.527599,69.450790,56.037796
3744,LIVE,NEW_DATA,20.519300,69.061043,56.204842
3745,LIVE,NEW_DATA,20.478800,69.061043,56.204842
3746,LIVE,NEW_DATA,20.478800,69.061043,56.204842
3747,LIVE,NEW_DATA,20.484900,68.984566,57.001808
3748,LIVE,NEW_DATA,20.288099,66.458549,63.539764
3749,LIVE,NEW_DATA,20.498301,69.061043,56.635147
3750,LIVE,NEW_DATA,20.498301,69.061043,56.635147
3751,LIVE,NEW_DATA,20.502100,69.061043,56.635147
3752,LIVE,NEW_DATA,20.460501,68.984566,57.001808
3753,LIVE,NEW_DATA,20.460501,68.984566,57.001808
3754,LIVE,NEW_DATA,20.484900,68.984566,57.001808
3755,LIVE,NEW_DATA,20.489500,68.984566,57.001808
3756,LIVE,NEW_DATA,20.290800,66.562508,64.984734
3757,LIVE,NEW_DATA,20.481899,69.153946,59.035213
3758,LIVE,NEW_DATA,20.244200,66.562508,64.984734
3759,LIVE,NEW_DATA,20.244200,66.562508,64.984734
3760,LIVE,NEW_DATA,20.224001,66.468948,64.666420
3761,LIVE,NEW_DATA,20.430000,69.153946,61.729626
3762,LIVE,NEW_DATA,20.456699,69.153946,61.729626
3763,LIVE,NEW_DATA,20.447901,69.153946,61.729626
3764,LIVE,NEW_DATA,20.402500,66.004601,61.739117
3765,LIVE,NEW_DATA,20.250700,66.468948,64.666420
3766,LIVE,NEW_DATA,20.402500,66.004601,61.739117
3767,LIVE,NEW_DATA,20.430000,69.153946,61.729626
3768,LIVE,NEW_DATA,20.375799,66.004601,62.147419
3769,LIVE,NEW_DATA,20.181299,66.468948,64.666420
3770,LIVE,NEW_DATA,20.410200,66.004601,61.739117
3771,LIVE,NEW_DATA,20.402500,66.004601,61.739117
3772,LIVE,NEW_DATA,20.338400,66.350853,62.481743
3773,LIVE,NEW_DATA,20.315201,66.350853,62.481743
3774,LIVE,NEW_DATA,20.315201,66.350853,62.481743
3775,LIVE,NEW_DATA,20.375799,66.004601,62.147419
3776,LIVE,NEW_DATA,20.375799,66.004601,62.147419
3777,LIVE,NEW_DATA,20.302999,66.210983,63.239376
3778,LIVE,NEW_DATA,20.359800,66.004601,62.147419
3779,LIVE,NEW_DATA,20.359800,66.004601,62.147419
3780,LIVE,NEW_DATA,20.359800,66.004601,62.147419
3781,LIVE,NEW_DATA,20.359800,66.004601,62.147419
3782,LIVE,NEW_DATA,20.282000,66.210983,63.239376
3783,LIVE,NEW_DATA,20.077499,65.290382,65.148712
3784,LIVE,NEW_DATA,20.338400,66.350853,62.481743
3785,LIVE,NEW_DATA,20.315201,66.350853,62.481743
3786,LIVE,NEW_DATA,20.266001,66.458549,63.539764
3787,LIVE,NEW_DATA,20.302999,66.210983,63.239376
3788,LIVE,NEW_DATA,20.271299,66.210983,63.239376
3789,LIVE,NEW_DATA,20.282000,66.210983,63.239376
3790,LIVE,NEW_DATA,20.269800,66.562508,64.984734
3791,LIVE,NEW_DATA,20.288099,66.458549,63.539764
3792,LIVE,NEW_DATA,20.290800,66.562508,64.984734
3793,LIVE,NEW_DATA,20.266001,66.458549,63.539764
3794,LIVE,NEW_DATA,20.285000,66.458549,63.539764
3795,LIVE,NEW_DATA,20.285000,66.458549,63.539764
3796,LIVE,NEW_DATA,20.259100,66.497009,64.984734
3797,LIVE,NEW_DATA,20.256399,66.497009,64.984734
3798,LIVE,NEW_DATA,20.290800,66.562508,64.984734
3799,LIVE,NEW_DATA,20.244200,66.562508,64.984734
3800,LIVE,NEW_DATA,20.272800,66.497009,64.984734
3801,LIVE,NEW_DATA,20.259100,66.497009,64.984734
3802,LIVE,NEW_DATA,20.070999,65.613968,66.041710
3803,LIVE,NEW_DATA,20.181299,66.468948,64.666420
3804,LIVE,NEW_DATA,20.181299,66.468948,64.666420
3805,LIVE,NEW_DATA,20.256399,66.497009,64.984734
3806,LIVE,NEW_DATA,20.250700,66.468948,64.666420
3807,LIVE,NEW_DATA,20.250700,66.468948,64.666420
3808,LIVE,NEW_DATA,20.202600,65.972626,65.164185
3809,LIVE,NEW_DATA,20.224001,66.468948,64.666420
3810,LIVE,NEW_DATA,20.181299,66.468948,64.666420
3811,LIVE,NEW_DATA,20.205299,66.209061,64.738930
3812,LIVE,NEW_DATA,20.190399,66.209061,64.738930
3813,LIVE,NEW_DATA,20.175200,65.836845,66.478226
3814,LIVE,NEW_DATA,20.134701,65.561363,64.825775
3815,LIVE,NEW_DATA,20.134701,65.561363,64.825775
3816,LIVE,NEW_DATA,20.134701,65.561363,64.825775
3817,LIVE,NEW_DATA,20.112600,65.077797,64.641869
3818,LIVE,NEW_DATA,20.157200,65.561363,64.825775
3819,LIVE,NEW_DATA,20.230900,65.972626,65.164185
3820,LIVE,NEW_DATA,20.143900,65.561363,64.825775
3821,LIVE,NEW_DATA,20.129400,65.561363,64.551804
3822,LIVE,NEW_DATA,20.129400,65.561363,64.551804
3823,LIVE,NEW_DATA,20.070601,65.409294,65.349556
3824,LIVE,NEW_DATA,20.280500,66.062973,65.164185
3825,LIVE,NEW_DATA,20.100800,65.290382,65.148712
3826,LIVE,NEW_DATA,20.089701,65.613968,66.041710
3827,LIVE,NEW_DATA,20.109600,66.026047,65.164185
3828,LIVE,NEW_DATA,20.070999,65.409294,65.349556
3829,LIVE,NEW_DATA,20.070601,65.409294,65.349556
3830,LIVE,NEW_DATA,20.089701,65.613968,66.041710
3831,LIVE,NEW_DATA,20.132401,65.968475,62.990448
3832,LIVE,NEW_DATA,20.132401,65.968475,62.990448
3833,LIVE,NEW_DATA,20.069901,65.613968,66.041710
3834,LIVE,NEW_DATA,20.069901,65.613968,66.041710
3835,LIVE,NEW_DATA,20.070999,65.613968,66.041710
3836,LIVE,NEW_DATA,19.999701,65.520058,65.808342
3837,LIVE,NEW_DATA,20.070999,65.613968,66.041710
3838,LIVE,NEW_DATA,20.082100,65.613968,66.560066
3839,LIVE,NEW_DATA,20.049299,65.613968,66.560066
3840,LIVE,NEW_DATA,20.049299,65.613968,66.560066
3841,LIVE,NEW_DATA,19.989000,65.520058,66.354477
3842,LIVE,NEW_DATA,19.981400,65.520058,66.354477
3843,LIVE,NEW_DATA,20.066799,65.613968,66.502190
3844,LIVE,NEW_DATA,20.118700,65.836845,66.478226
3845,LIVE,NEW_DATA,20.230900,65.972626,65.164185
3846,LIVE,NEW_DATA,20.118700,65.836845,66.478226
3847,LIVE,NEW_DATA,20.175200,65.836845,66.478226
3848,LIVE,NEW_DATA,19.874599,66.661896,66.354477
3849,LIVE,NEW_DATA,20.230900,65.972626,65.164185
3850,LIVE,NEW_DATA,19.847099,66.661896,66.354477
3851,LIVE,NEW_DATA,19.848600,66.112701,66.354477
3852,LIVE,NEW_DATA,20.230900,65.972626,65.164185
3853,LIVE,NEW_DATA,20.230900,65.972626,65.164185
3854,LIVE,NEW_DATA,20.230900,65.972626,65.164185
3855,LIVE,NEW_DATA,19.831800,65.766617,67.447609
3856,LIVE,NEW_DATA,19.802900,65.766617,67.447609
3857,LIVE,NEW_DATA,19.807400,65.766617,67.447609
3858,LIVE,NEW_DATA,20.106501,65.968475,62.990448
3859,LIVE,NEW_DATA,20.179701,66.026047,65.164185
3860,LIVE,NEW_DATA,20.179701,66.026047,65.164185
3861,LIVE,NEW_DATA,19.802900,65.766617,67.564781
3862,LIVE,NEW_DATA,20.109600,66.026047,65.164185
3863,LIVE,NEW_DATA,19.784500,65.766617,67.564781
3864,LIVE,NEW_DATA,19.784500,65.766617,67.564781
3865,LIVE,NEW_DATA,19.728901,66.217667,67.109985
3866,LIVE,NEW_DATA,19.715900,66.217667,67.109985
3867,LIVE,NEW_DATA,20.092800,65.520058,65.808342
3868,LIVE,NEW_DATA,20.036301,65.520058,65.808342
3869,LIVE,NEW_DATA,19.999701,65.520058,65.808342
3870,LIVE,NEW_DATA,19.999701,65.520058,65.808342
3871,LIVE,NEW_DATA,19.813499,66.543983,69.306084
3872,LIVE,NEW_DATA,19.954300,65.520058,66.354477
3873,LIVE,NEW_DATA,19.908100,66.661896,66.354477
3874,LIVE,NEW_DATA,19.989000,65.520058,66.354477
3875,LIVE,NEW_DATA,19.939400,66.830215,69.815132
3876,LIVE,NEW_DATA,19.982901,66.661896,66.354477
3877,LIVE,NEW_DATA,19.874599,66.661896,66.354477
3878,LIVE,NEW_DATA,19.967699,66.661896,66.354477
3879,LIVE,NEW_DATA,19.908100,66.661896,66.354477
3880,LIVE,NEW_DATA,19.908100,66.661896,66.354477
3881,LIVE,NEW_DATA,19.939400,66.830215,69.815132
3882,LIVE,NEW_DATA,19.923401,66.960922,69.662880
3883,LIVE,NEW_DATA,19.874599,66.661896,66.354477
3884,LIVE,NEW_DATA,19.848600,66.112701,66.354477
3885,LIVE,NEW_DATA,19.848600,66.112701,66.354477
3886,LIVE,NEW_DATA,19.807400,65.766617,67.447609
3887,LIVE,NEW_DATA,19.923401,66.112701,66.354477
3888,LIVE,NEW_DATA,19.980600,66.815277,68.907944
3889,LIVE,NEW_DATA,19.975300,66.815277,68.907944
3890,LIVE,NEW_DATA,19.802900,65.766617,67.447609
3891,LIVE,NEW_DATA,19.967300,66.815277,68.907944
3892,LIVE,NEW_DATA,19.807400,65.766617,67.447609
3893,LIVE,NEW_DATA,19.839899,65.766617,67.564781
3894,LIVE,NEW_DATA,19.802900,65.766617,67.564781
3895,LIVE,NEW_DATA,20.510500,65.999046,70.768562
3896,LIVE,NEW_DATA,19.784500,65.766617,67.564781
3897,LIVE,NEW_DATA,19.802900,65.766617,67.564781
3898,LIVE,NEW_DATA,19.728901,66.217667,67.109985
3899,LIVE,NEW_DATA,19.758600,66.543983,69.306084
3900,LIVE,NEW_DATA,20.666500,66.216972,72.494888
3901,LIVE,NEW_DATA,19.746401,66.217667,67.109985
3902,LIVE,NEW_DATA,19.717400,66.543983,69.306084
3903,LIVE,NEW_DATA,19.938700,66.543983,69.955345
3904,LIVE,NEW_DATA,19.758600,66.543983,69.306084
3905,LIVE,NEW_DATA,20.001200,66.543983,69.955345
3906,LIVE,NEW_DATA,19.883699,66.543983,69.306084
3907,LIVE,NEW_DATA,19.883699,66.543983,69.306084
3908,LIVE,NEW_DATA,20.669600,66.216972,72.494888
3909,LIVE,NEW_DATA,20.669600,66.216972,72.494888
3910,LIVE,NEW_DATA,19.923401,66.960922,69.662880
3911,LIVE,NEW_DATA,19.978701,66.830215,69.815132
3912,LIVE,NEW_DATA,19.978701,66.830215,69.815132
3913,LIVE,NEW_DATA,20.657000,66.062386,73.069992
3914,LIVE,NEW_DATA,19.939400,66.830215,69.815132
3915,LIVE,NEW_DATA,19.923401,66.960922,69.662880
3916,LIVE,NEW_DATA,19.923401,66.960922,69.662880
3917,LIVE,NEW_DATA,19.923401,66.960922,69.662880
3918,LIVE,NEW_DATA,20.510500,66.155411,73.040497
3919,LIVE,NEW_DATA,19.980600,66.815277,68.907944
3920,LIVE,NEW_DATA,19.980600,66.815277,68.907944
3921,LIVE,NEW_DATA,20.379601,66.203995,74.159081
3922,LIVE,NEW_DATA,20.089001,66.815277,68.907944
3923,LIVE,NEW_DATA,19.975300,66.815277,68.907944
3924,LIVE,NEW_DATA,20.396400,66.203995,74.159081
3925,LIVE,NEW_DATA,20.315201,69.582748,67.369110
3926,LIVE,NEW_DATA,20.379601,66.203995,74.159081
3927,LIVE,NEW_DATA,20.089001,66.815277,68.907944
3928,LIVE,NEW_DATA,20.313999,66.462242,76.052956
3929,LIVE,NEW_DATA,20.160299,69.582748,67.369110
3930,LIVE,NEW_DATA,20.315201,69.582748,67.369110
3931,LIVE,NEW_DATA,20.315201,69.582748,67.369110
3932,LIVE,NEW_DATA,20.329300,66.462242,76.052956
3933,LIVE,NEW_DATA,20.666500,66.216972,72.494888
3934,LIVE,NEW_DATA,20.666500,66.216972,72.494888
3935,LIVE,NEW_DATA,20.634501,65.999046,70.768562
3936,LIVE,NEW_DATA,20.634501,65.999046,70.768562
3937,LIVE,NEW_DATA,20.669600,66.216972,72.494888
3938,LIVE,NEW_DATA,20.634800,66.062386,73.069992
3939,LIVE,NEW_DATA,20.666500,66.216972,72.494888
3940,LIVE,NEW_DATA,20.643600,66.216972,72.494888
3941,LIVE,NEW_DATA,20.657000,66.062386,73.069992
3942,LIVE,NEW_DATA,20.669600,66.216972,72.494888
3943,LIVE,NEW_DATA,20.669600,66.216972,72.494888
3944,LIVE,NEW_DATA,20.634800,66.062386,73.069992
3945,LIVE,NEW_DATA,20.657000,66.062386,73.069992
3946,LIVE,NEW_DATA,20.657000,66.062386,73.069992
3947,LIVE,NEW_DATA,20.359800,75.319252,77.690254
3948,LIVE,NEW_DATA,20.637501,66.155411,72.524101
3949,LIVE,NEW_DATA,20.637501,66.155411,72.524101
3950,LIVE,NEW_DATA,20.530701,66.155411,72.524101
3951,LIVE,NEW_DATA,20.436100,66.203995,74.159081
3952,LIVE,NEW_DATA,20.478800,75.483063,78.365990
3953,LIVE,NEW_DATA,20.526100,75.354698,78.789330
3954,LIVE,NEW_DATA,20.460501,66.155411,73.040497
3955,LIVE,NEW_DATA,20.460501,66.155411,73.040497
3956,LIVE,NEW_DATA,20.460501,66.155411,73.040497
3957,LIVE,NEW_DATA,20.357500,68.935524,74.159081
3958,LIVE,NEW_DATA,20.526100,75.354698,78.789330
3959,LIVE,NEW_DATA,20.379601,66.203995,74.159081
3960,LIVE,NEW_DATA,20.313999,66.462242,76.052956
3961,LIVE,NEW_DATA,20.336901,68.935524,74.159081
3962,LIVE,NEW_DATA,20.336901,68.935524,74.159081
3963,LIVE,NEW_DATA,20.357500,68.935524,74.159081
3964,LIVE,NEW_DATA,20.387300,68.935524,74.159081
3965,LIVE,NEW_DATA,20.260201,73.312004,75.575378
3966,LIVE,NEW_DATA,20.260201,73.312004,75.575378
3967,LIVE,NEW_DATA,20.313999,66.462242,76.052956
3968,LIVE,NEW_DATA,20.412800,75.859268,79.130508
3969,LIVE,NEW_DATA,20.346500,75.868462,78.561630
3970,LIVE,NEW_DATA,20.280500,66.462242,76.052956
3971,LIVE,NEW_DATA,20.260201,73.312004,75.575378
3972,LIVE,NEW_DATA,20.234699,73.312004,75.575378
3973,LIVE,NEW_DATA,20.378099,75.859268,79.130508
3974,LIVE,NEW_DATA,20.304899,75.319252,77.690254
3975,LIVE,NEW_DATA,20.245399,75.653191,76.078453
3976,LIVE,NEW_DATA,20.359800,75.319252,77.690254
3977,LIVE,NEW_DATA,20.359800,75.319252,77.690254
3978,LIVE,NEW_DATA,20.217501,75.653191,76.078453
3979,LIVE,NEW_DATA,20.311001,75.653191,76.078453
3980,LIVE,NEW_DATA,20.304899,75.319252,77.690254
3981,LIVE,NEW_DATA,20.478800,75.483063,78.365990
3982,LIVE,NEW_DATA,20.359800,75.319252,77.690254
3983,LIVE,NEW_DATA,20.359800,75.319252,77.690254
3984,LIVE,NEW_DATA,20.189699,76.217003,79.590508
3985,LIVE,NEW_DATA,20.428499,75.319252,77.690254
3986,LIVE,NEW_DATA,20.504000,75.483063,78.365990
3987,LIVE,NEW_DATA,20.195000,76.217003,79.590508
3988,LIVE,NEW_DATA,20.478800,75.483063,78.365990
3989,LIVE,NEW_DATA,20.189699,76.217003,79.590508
3990,LIVE,NEW_DATA,20.189699,76.217003,79.590508
3991,LIVE,NEW_DATA,20.510099,75.534248,79.119614
3992,LIVE,NEW_DATA,20.189699,76.020164,79.958138
3993,LIVE,NEW_DATA,20.195000,76.217003,79.590508
3994,LIVE,NEW_DATA,20.539900,75.618568,76.979721
3995,LIVE,NEW_DATA,20.206499,76.217003,79.590508
3996,LIVE,NEW_DATA,20.532200,75.618568,76.979721
3997,LIVE,NEW_DATA,20.510099,75.534248,79.119614
3998,LIVE,NEW_DATA,20.178200,76.020164,79.958138
3999,LIVE,NEW_DATA,20.439100,75.534248,79.119614
4000,LIVE,NEW_DATA,20.486500,75.534248,79.119614
4001,LIVE,NEW_DATA,20.486500,75.534248,79.119614
4002,LIVE,NEW_DATA,20.412800,75.859268,79.130508
4003,LIVE,NEW_DATA,20.412800,75.859268,79.130508
4004,LIVE,NEW_DATA,20.289600,79.439529,75.744843
4005,LIVE,NEW_DATA,20.382700,75.859268,79.130508
4006,LIVE,NEW_DATA,20.289600,79.439529,75.744843
4007,LIVE,NEW_DATA,20.150801,76.067917,79.281311
4008,LIVE,NEW_DATA,20.303301,75.868462,78.561630
4009,LIVE,NEW_DATA,20.303301,75.868462,78.561630
4010,LIVE,NEW_DATA,20.286600,79.439529,75.744843
4011,LIVE,NEW_DATA,20.283501,78.372574,79.068039
4012,LIVE,NEW_DATA,20.289600,79.439529,75.744843
4013,LIVE,NEW_DATA,20.311701,79.439529,75.744843
4014,LIVE,NEW_DATA,20.260599,76.172066,78.999672
4015,LIVE,NEW_DATA,20.311701,79.439529,75.744843
4016,LIVE,NEW_DATA,20.283501,78.372574,79.068039
4017,LIVE,NEW_DATA,20.294201,78.372574,79.068039
4018,LIVE,NEW_DATA,20.294201,78.372574,79.068039
4019,LIVE,NEW_DATA,20.294201,78.372574,79.068039
4020,LIVE,NEW_DATA,20.260599,76.172066,78.999672
4021,LIVE,NEW_DATA,20.195000,76.217003,79.590508
4022,LIVE,NEW_DATA,20.140100,67.602470,79.076019
4023,LIVE,NEW_DATA,20.189699,76.217003,79.590508
4024,LIVE,NEW_DATA,20.189699,76.217003,79.590508
4025,LIVE,NEW_DATA,20.224800,77.752846,79.329086
4026,LIVE,NEW_DATA,20.195000,76.217003,79.590508
4027,LIVE,NEW_DATA,20.195000,76.217003,79.590508
4028,LIVE,NEW_DATA,20.206499,76.217003,79.590508
4029,LIVE,NEW_DATA,20.155300,76.229095,79.958138
4030,LIVE,NEW_DATA,20.189699,76.020164,79.958138
4031,LIVE,NEW_DATA,20.189699,76.020164,79.958138
4032,LIVE,NEW_DATA,20.178200,76.020164,79.958138
4033,LIVE,NEW_DATA,20.150801,76.229095,79.958138
4034,LIVE,NEW_DATA,20.155300,76.229095,79.958138
4035,LIVE,NEW_DATA,20.155300,76.229095,79.958138
4036,LIVE,NEW_DATA,20.088200,76.067917,79.281311
4037,LIVE,NEW_DATA,20.088200,76.067917,79.281311
4038,LIVE,NEW_DATA,20.088200,76.067917,79.281311
4039,LIVE,NEW_DATA,20.150801,76.067917,79.281311
4040,LIVE,NEW_DATA,20.150801,76.067917,79.281311
4041,LIVE,NEW_DATA,20.150801,76.067917,79.281311
4042,LIVE,NEW_DATA,20.138500,76.243614,72.480675
4043,LIVE,NEW_DATA,20.138500,76.243614,72.480675
4044,LIVE,NEW_DATA,20.251499,76.243614,74.306313
4045,LIVE,NEW_DATA,20.163000,76.243614,74.306313
4046,LIVE,NEW_DATA,20.163000,76.243614,74.306313
4047,LIVE,NEW_DATA,20.163000,76.243614,74.306313
4048,LIVE,NEW_DATA,20.602400,85.252434,79.597946
4049,LIVE,NEW_DATA,20.184299,76.243614,74.306313
4050,LIVE,NEW_DATA,20.164499,76.746582,79.076019
4051,LIVE,NEW_DATA,20.230101,76.243614,74.306313
4052,LIVE,NEW_DATA,20.230101,76.243614,74.306313
4053,LIVE,NEW_DATA,20.161400,67.032539,77.947815
4054,LIVE,NEW_DATA,20.762600,79.675491,79.001442
4055,LIVE,NEW_DATA,20.140100,67.602470,79.076019
4056,LIVE,NEW_DATA,20.164499,76.746582,79.076019
4057,LIVE,NEW_DATA,20.198099,76.746582,79.076019
4058,LIVE,HOLD_LAST,20.198099,76.746582,79.076019
4059,LIVE,NEW_DATA,20.224800,77.752846,79.329086
4060,LIVE,NEW_DATA,20.762600,79.675491,79.001442
4061,LIVE,NEW_DATA,20.140100,67.602470,79.076019
4062,LIVE,NEW_DATA,20.140100,67.602470,79.076019
4063,LIVE,NEW_DATA,20.178200,67.602470,79.076019
4064,LIVE,NEW_DATA,20.178200,67.602470,79.076019
4065,LIVE,NEW_DATA,20.224800,77.752846,79.329086
4066,LIVE,NEW_DATA,20.278900,77.752846,79.329086
4067,LIVE,NEW_DATA,20.372801,77.752846,79.329086
4068,LIVE,NEW_DATA,20.372801,77.752846,79.329086
4069,LIVE,NEW_DATA,20.400999,68.668121,79.329086
4070,LIVE,NEW_DATA,20.472700,68.668121,79.329086
4071,LIVE,NEW_DATA,20.472700,68.668121,79.329086
4072,LIVE,NEW_DATA,20.472700,68.668121,79.329086
4073,LIVE,NEW_DATA,20.642099,77.518585,75.966980
4074,LIVE,NEW_DATA,20.642099,77.518585,75.966980
4075,LIVE,NEW_DATA,21.112101,85.082878,75.870651
4076,LIVE,NEW_DATA,21.162399,87.591240,75.332596
4077,LIVE,NEW_DATA,20.683300,77.518585,75.966980
4078,LIVE,NEW_DATA,20.686300,84.276009,76.514999
4079,LIVE,NEW_DATA,20.716900,84.276009,76.514999
4080,LIVE,NEW_DATA,20.769501,84.276009,76.514999
4081,LIVE,NEW_DATA,20.769501,84.276009,76.514999
4082,LIVE,NEW_DATA,21.080400,89.321907,76.115273
4083,LIVE,NEW_DATA,20.669600,85.252434,79.597946
4084,LIVE,NEW_DATA,20.645100,85.252434,79.597946
4085,LIVE,NEW_DATA,21.156300,89.321907,76.115273
4086,LIVE,NEW_DATA,20.602400,85.252434,79.597946
4087,LIVE,NEW_DATA,20.602400,85.252434,79.597946
4088,LIVE,NEW_DATA,20.643600,74.098282,79.597946
4089,LIVE,NEW_DATA,21.472200,89.321907,76.115273
4090,LIVE,NEW_DATA,21.498100,90.264755,76.847923
4091,LIVE,NEW_DATA,21.795700,89.903061,76.847923
4092,LIVE,NEW_DATA,20.648199,74.098282,79.597946
4093,LIVE,NEW_DATA,21.047199,85.502205,78.376381
4094,LIVE,NEW_DATA,21.060200,85.502205,78.376381
4095,LIVE,NEW_DATA,20.762600,79.675491,79.001442
4096,LIVE,NEW_DATA,21.115101,85.492264,76.948822
4097,LIVE,NEW_DATA,21.795700,89.903061,76.847923
4098,LIVE,NEW_DATA,21.135300,85.492264,76.948822
4099,LIVE,NEW_DATA,21.047199,85.502205,78.376381
4100,LIVE,NEW_DATA,21.047199,85.502205,78.376381
4101,LIVE,NEW_DATA,21.060200,85.502205,78.376381
4102,LIVE,NEW_DATA,21.115101,85.492264,76.948822
4103,LIVE,NEW_DATA,21.115101,85.492264,76.948822
4104,LIVE,NEW_DATA,21.135300,85.492264,76.948822
4105,LIVE,NEW_DATA,21.723900,79.810715,77.414825
4106,LIVE,NEW_DATA,21.723900,79.810715,77.414825
4107,LIVE,NEW_DATA,21.113600,85.082878,75.870651
4108,LIVE,NEW_DATA,21.118500,87.591240,75.332596
4109,LIVE,NEW_DATA,21.560301,83.608551,77.414825
4110,LIVE,NEW_DATA,21.124300,87.591240,75.332596
4111,LIVE,NEW_DATA,21.080400,89.321907,76.115273
4112,LIVE,NEW_DATA,21.162399,87.591240,75.332596
4113,LIVE,NEW_DATA,21.209700,83.788727,76.994690
4114,LIVE,NEW_DATA,21.118500,87.591240,75.332596
4115,LIVE,NEW_DATA,21.379101,84.173325,78.129669
4116,LIVE,NEW_DATA,21.080400,89.321907,76.115273
4117,LIVE,NEW_DATA,21.064800,89.321907,76.115273
4118,LIVE,NEW_DATA,21.064800,89.321907,76.115273
4119,LIVE,NEW_DATA,21.209700,83.788727,76.994690
4120,LIVE,NEW_DATA,21.156300,89.321907,76.115273
4121,LIVE,NEW_DATA,21.673599,90.264755,76.847923
4122,LIVE,NEW_DATA,21.279900,89.321907,76.115273
4123,LIVE,NEW_DATA,21.472200,89.321907,76.115273
4124,LIVE,NEW_DATA,20.900000,83.676086,78.864716
4125,LIVE,NEW_DATA,21.498100,90.264755,76.847923
4126,LIVE,NEW_DATA,21.032000,84.270409,76.994690
4127,LIVE,NEW_DATA,20.970200,83.676086,78.864716
4128,LIVE,NEW_DATA,21.673599,90.264755,76.847923
4129,LIVE,NEW_DATA,20.918301,83.676086,78.864716
4130,LIVE,NEW_DATA,21.722799,89.903061,76.847923
4131,LIVE,NEW_DATA,21.795700,89.903061,76.847923
4132,LIVE,NEW_DATA,21.800200,89.397194,77.110649
4133,LIVE,NEW_DATA,21.795700,89.903061,76.847923
4134,LIVE,NEW_DATA,21.822001,89.397194,77.110649
4135,LIVE,NEW_DATA,21.822001,89.397194,77.110649
4136,LIVE,NEW_DATA,21.822001,89.397194,77.110649
4137,LIVE,NEW_DATA,21.800200,89.397194,77.110649
4138,LIVE,NEW_DATA,20.756500,83.552185,81.542061
4139,LIVE,NEW_DATA,20.756500,83.552185,81.542061
4140,LIVE,NEW_DATA,20.756500,83.552185,81.542061
4141,LIVE,NEW_DATA,20.698500,83.809929,81.697990
4142,LIVE,NEW_DATA,21.560301,83.608551,77.414825
4143,LIVE,NEW_DATA,21.560301,83.608551,77.414825
4144,LIVE,NEW_DATA,20.724501,83.809929,81.697990
4145,LIVE,NEW_DATA,21.321100,83.788727,76.994690
4146,LIVE,NEW_DATA,20.724501,83.809929,81.697990
4147,LIVE,NEW_DATA,21.386700,84.173325,78.129669
4148,LIVE,HOLD_LAST,21.386700,84.173325,78.129669
4149,LIVE,NEW_DATA,21.386700,84.173325,78.129669
4150,LIVE,NEW_DATA,21.321100,83.788727,76.994690
4151,LIVE,NEW_DATA,21.321100,83.788727,76.994690
4152,LIVE,NEW_DATA,20.594000,81.703949,80.005211
4153,LIVE,NEW_DATA,21.209700,83.788727,76.994690
4154,LIVE,NEW_DATA,20.608101,84.748947,81.274864
4155,LIVE,NEW_DATA,20.594801,84.748947,81.274864
4156,LIVE,NEW_DATA,21.139500,84.270409,76.994690
4157,LIVE,NEW_DATA,20.918301,83.676086,78.864716
4158,LIVE,NEW_DATA,20.900000,83.676086,78.864716
4159,LIVE,NEW_DATA,20.588699,81.703949,80.005211
4160,LIVE,NEW_DATA,21.032000,84.270409,76.994690
4161,LIVE,NEW_DATA,20.591700,81.703949,80.005211
4162,LIVE,NEW_DATA,20.583700,81.703949,80.005211
4163,LIVE,NEW_DATA,20.794701,83.871841,78.864716
4164,LIVE,NEW_DATA,20.918301,83.676086,78.864716
4165,LIVE,NEW_DATA,20.918301,83.676086,78.864716
4166,LIVE,NEW_DATA,20.918301,83.676086,78.864716
4167,LIVE,NEW_DATA,20.698500,83.809929,81.697990
4168,LIVE,NEW_DATA,20.510500,85.857971,79.202370
4169,LIVE,NEW_DATA,20.581100,81.908623,83.350876
4170,LIVE,NEW_DATA,20.794701,83.871841,78.864716
4171,LIVE,NEW_DATA,20.562700,81.908623,83.350876
4172,LIVE,NEW_DATA,20.724501,83.809929,81.697990
4173,LIVE,NEW_DATA,20.529200,85.857971,79.202370
4174,LIVE,NEW_DATA,20.756500,83.552185,81.542061
4175,LIVE,NEW_DATA,20.698500,83.809929,81.697990
4176,LIVE,NEW_DATA,20.724501,83.809929,81.697990
4177,LIVE,NEW_DATA,20.459700,85.857971,79.202370
4178,LIVE,NEW_DATA,20.724501,83.809929,81.697990
4179,LIVE,NEW_DATA,20.724501,83.809929,81.697990
4180,LIVE,NEW_DATA,20.367399,86.368858,79.157021
4181,LIVE,NEW_DATA,20.665001,85.034538,81.697990
4182,LIVE,NEW_DATA,20.277399,82.629753,79.919395
4183,LIVE,NEW_DATA,20.594801,84.748947,81.274864
4184,LIVE,NEW_DATA,20.344500,86.368858,79.157021
4185,LIVE,NEW_DATA,20.586399,81.703949,80.005211
4186,LIVE,NEW_DATA,20.300301,82.629753,79.919395
4187,LIVE,NEW_DATA,20.584101,84.668022,81.266907
4188,LIVE,NEW_DATA,20.300301,82.629753,79.919395
4189,LIVE,NEW_DATA,20.594801,84.748947,81.274864
4190,LIVE,NEW_DATA,20.594801,84.748947,81.274864
4191,LIVE,NEW_DATA,20.571501,81.703949,80.005211
4192,LIVE,NEW_DATA,20.586399,81.703949,80.005211
4193,LIVE,NEW_DATA,20.594000,81.703949,80.005211
4194,LIVE,NEW_DATA,20.594000,81.703949,80.005211
4195,LIVE,NEW_DATA,20.583700,81.703949,80.005211
4196,LIVE,NEW_DATA,20.583700,81.703949,80.005211
4197,LIVE,NEW_DATA,20.571501,81.703949,80.005211
4198,LIVE,NEW_DATA,20.571501,81.703949,80.005211
4199,LIVE,NEW_DATA,20.588699,81.703949,80.005211
4200,LIVE,NEW_DATA,20.066799,84.602348,79.919395
4201,LIVE,NEW_DATA,20.588699,81.703949,80.005211
4202,LIVE,NEW_DATA,20.581100,81.908623,83.350876
4203,LIVE,NEW_DATA,19.973400,84.566628,77.549561
4204,LIVE,NEW_DATA,20.459700,85.857971,79.202370
4205,LIVE,NEW_DATA,20.562700,81.908623,83.350876
4206,LIVE,NEW_DATA,20.425400,85.857971,79.202370
4207,LIVE,NEW_DATA,20.529200,85.857971,79.202370
4208,LIVE,NEW_DATA,20.367399,86.368858,79.157021
4209,LIVE,NEW_DATA,20.490999,85.857971,79.202370
4210,LIVE,NEW_DATA,20.459700,85.857971,79.202370
4211,LIVE,NEW_DATA,20.459700,85.857971,79.202370
4212,LIVE,NEW_DATA,19.870001,84.817993,77.040550
4213,LIVE,NEW_DATA,20.300301,82.629753,79.919395
4214,LIVE,NEW_DATA,19.891399,81.154175,77.669167
4215,LIVE,NEW_DATA,19.877600,84.817993,77.040550
4216,LIVE,NEW_DATA,20.344500,86.368858,79.157021
4217,LIVE,NEW_DATA,19.870001,84.817993,77.040550
4218,LIVE,NEW_DATA,20.344500,86.368858,79.157021
4219,LIVE,NEW_DATA,20.300301,82.629753,79.919395
4220,LIVE,NEW_DATA,20.300301,82.629753,79.919395
4221,LIVE,NEW_DATA,19.770800,84.900108,77.040550
4222,LIVE,NEW_DATA,20.277399,82.629753,79.919395
4223,LIVE,NEW_DATA,20.277399,82.629753,79.919395
4224,LIVE,NEW_DATA,20.136299,86.309364,79.919395
4225,LIVE,NEW_DATA,20.136299,86.309364,79.919395
4226,LIVE,NEW_DATA,20.114901,84.602348,79.919395
4227,LIVE,NEW_DATA,20.198400,86.309364,79.919395
4228,LIVE,NEW_DATA,20.174400,86.309364,79.919395
4229,LIVE,NEW_DATA,20.159500,86.309364,79.919395
4230,LIVE,NEW_DATA,20.136299,86.309364,79.919395
4231,LIVE,NEW_DATA,19.813499,85.554077,77.548370
4232,LIVE,NEW_DATA,20.114901,84.602348,79.919395
4233,LIVE,NEW_DATA,20.066799,84.602348,79.919395
4234,LIVE,NEW_DATA,20.066799,84.602348,79.919395
4235,LIVE,NEW_DATA,20.052000,84.611542,77.419312
4236,LIVE,NEW_DATA,19.801300,84.104767,77.548370
4237,LIVE,NEW_DATA,19.973400,84.566628,77.549561
4238,LIVE,NEW_DATA,20.017200,84.611542,77.419312
4239,LIVE,NEW_DATA,19.903601,81.154175,77.669167
4240,LIVE,NEW_DATA,19.995501,84.566628,77.549561
4241,LIVE,NEW_DATA,19.783001,82.370323,77.362785
4242,LIVE,NEW_DATA,19.973400,84.566628,77.549561
4243,LIVE,NEW_DATA,19.903601,81.154175,77.669167
4244,LIVE,NEW_DATA,19.766199,82.942070,77.362785
4245,LIVE,NEW_DATA,19.903601,81.154175,77.669167
4246,LIVE,HOLD_LAST,19.903601,81.154175,77.669167
4247,LIVE,NEW_DATA,19.891399,81.154175,77.669167
4248,LIVE,NEW_DATA,19.644199,82.888962,74.347740
4249,LIVE,NEW_DATA,19.877600,84.817993,77.040550
4250,LIVE,NEW_DATA,19.616301,82.888962,74.347740
4251,LIVE,NEW_DATA,19.834900,84.817993,77.040550
4252,LIVE,NEW_DATA,19.823799,84.900108,77.040550
4253,LIVE,NEW_DATA,19.645700,82.888962,74.347740
4254,LIVE,NEW_DATA,19.807400,84.900108,77.040550
4255,LIVE,NEW_DATA,19.645700,82.888962,74.347740
4256,LIVE,NEW_DATA,19.798300,85.554077,77.548370
4257,LIVE,NEW_DATA,19.770800,84.900108,77.040550
4258,LIVE,NEW_DATA,19.770800,84.900108,77.040550
4259,LIVE,NEW_DATA,19.588900,84.563713,77.221077
4260,LIVE,NEW_DATA,19.798300,85.554077,77.548370
4261,LIVE,NEW_DATA,19.798300,85.554077,77.548370
4262,LIVE,NEW_DATA,19.814301,84.104767,77.548370
4263,LIVE,NEW_DATA,19.813499,85.554077,77.548370
4264,LIVE,NEW_DATA,19.786100,84.104767,77.548370
4265,LIVE,NEW_DATA,19.813499,85.554077,77.548370
4266,LIVE,NEW_DATA,19.783001,82.370323,77.362785
4267,LIVE,NEW_DATA,19.783001,82.370323,77.362785
4268,LIVE,NEW_DATA,19.801300,84.104767,77.548370
4269,LIVE,NEW_DATA,19.801300,84.104767,77.548370
4270,LIVE,NEW_DATA,19.763201,82.942070,77.362785
4271,LIVE,NEW_DATA,19.490101,84.594620,77.501389
4272,LIVE,NEW_DATA,19.421400,82.248978,76.866600
4273,LIVE,NEW_DATA,19.783001,82.370323,77.362785
4274,LIVE,NEW_DATA,19.729200,84.488174,79.325775
4275,LIVE,NEW_DATA,19.755600,82.370323,77.362785
4276,LIVE,NEW_DATA,19.766199,82.942070,77.362785
4277,LIVE,NEW_DATA,19.763201,82.942070,77.362785
4278,LIVE,NEW_DATA,19.675100,84.488174,79.325775
4279,LIVE,NEW_DATA,19.744900,82.942070,77.362785
4280,LIVE,NEW_DATA,19.729200,84.488174,79.325775
4281,LIVE,NEW_DATA,19.700600,84.488174,79.325775
4282,LIVE,NEW_DATA,19.675100,84.488174,79.325775
4283,LIVE,NEW_DATA,19.675100,84.488174,79.325775
4284,LIVE,NEW_DATA,19.592300,84.563713,77.221077
4285,LIVE,NEW_DATA,19.644199,82.888962,74.347740
4286,LIVE,NEW_DATA,19.645700,82.888962,74.347740
4287,LIVE,NEW_DATA,19.645700,82.888962,74.347740
4288,LIVE,NEW_DATA,19.616301,82.888962,74.347740
4289,LIVE,NEW_DATA,19.571301,84.563713,77.221077
4290,LIVE,NEW_DATA,19.592300,84.563713,77.221077
4291,LIVE,NEW_DATA,19.592300,84.563713,77.221077
4292,LIVE,NEW_DATA,19.588900,84.563713,77.221077
4293,LIVE,NEW_DATA,19.546101,84.563713,77.221077
4294,LIVE,NEW_DATA,19.557600,82.935188,74.912231
4295,LIVE,NEW_DATA,20.552799,79.747780,75.654381
4296,LIVE,NEW_DATA,21.462601,80.053452,73.680931
4297,LIVE,NEW_DATA,19.567101,82.204567,77.936852
4298,LIVE,NEW_DATA,21.028099,80.021782,76.193886
4299,LIVE,NEW_DATA,19.490101,84.594620,77.501389
4300,LIVE,NEW_DATA,21.229601,80.021782,76.193886
4301,LIVE,NEW_DATA,19.445000,84.594620,77.501389
4302,LIVE,NEW_DATA,19.506100,82.204567,77.936852
4303,LIVE,NEW_DATA,19.490101,84.594620,77.501389
4304,LIVE,NEW_DATA,19.430500,82.248978,76.866600
4305,LIVE,NEW_DATA,19.490101,84.594620,77.501389
4306,LIVE,NEW_DATA,19.421400,82.248978,76.866600
4307,LIVE,NEW_DATA,19.445000,84.594620,77.501389
4308,LIVE,NEW_DATA,19.448099,82.248978,76.866600
4309,LIVE,NEW_DATA,19.430500,82.248978,76.866600
4310,LIVE,NEW_DATA,19.430500,82.248978,76.866600
4311,LIVE,NEW_DATA,19.421400,82.248978,76.866600
4312,LIVE,NEW_DATA,19.355801,80.293594,77.659737
4313,LIVE,NEW_DATA,19.360399,81.918541,79.028702
4314,LIVE,NEW_DATA,23.524500,79.353767,76.318657
4315,LIVE,NEW_DATA,19.360399,81.918541,79.028702
4316,LIVE,NEW_DATA,19.328300,80.293594,77.659737
4317,LIVE,NEW_DATA,19.722000,80.484917,77.326004
4318,LIVE,NEW_DATA,19.355801,80.293594,77.659737
4319,LIVE,NEW_DATA,19.381701,80.293594,77.659737
4320,LIVE,NEW_DATA,19.415701,80.484917,77.326004
4321,LIVE,NEW_DATA,19.560600,80.484917,77.326004
4322,LIVE,NEW_DATA,19.560600,80.484917,77.326004
4323,LIVE,NEW_DATA,19.722000,80.484917,77.326004
4324,LIVE,NEW_DATA,24.063101,78.532677,75.800758
4325,LIVE,NEW_DATA,24.066200,79.151535,75.292641
4326,LIVE,NEW_DATA,20.225500,79.747780,75.654381
4327,LIVE,NEW_DATA,24.108900,79.151535,75.292641
4328,LIVE,NEW_DATA,20.552799,79.747780,75.654381
4329,LIVE,NEW_DATA,21.632401,80.053452,73.680931
4330,LIVE,NEW_DATA,21.797199,80.053452,73.680931
4331,LIVE,NEW_DATA,21.797199,80.053452,73.680931
4332,LIVE,NEW_DATA,24.536100,77.525398,75.318039
4333,LIVE,NEW_DATA,21.229601,80.021782,76.193886
4334,LIVE,NEW_DATA,24.514400,77.525398,75.318039
4335,LIVE,NEW_DATA,24.455299,77.525398,75.318039
4336,LIVE,NEW_DATA,24.514000,77.525398,75.318039
4337,LIVE,NEW_DATA,22.601700,78.886124,73.680931
4338,LIVE,NEW_DATA,21.975300,80.053452,73.680931
4339,LIVE,NEW_DATA,23.066700,78.190842,76.924980
4340,LIVE,NEW_DATA,23.244900,78.190842,76.924980
4341,LIVE,NEW_DATA,24.455299,77.525398,75.318039
4342,LIVE,NEW_DATA,22.601700,78.886124,73.680931
4343,LIVE,NEW_DATA,22.848101,78.190842,76.924980
4344,LIVE,NEW_DATA,24.403400,78.532303,73.487526
4345,LIVE,NEW_DATA,23.684299,79.353767,76.318657
4346,LIVE,NEW_DATA,23.524500,79.353767,76.318657
4347,LIVE,NEW_DATA,23.524500,79.353767,76.318657
4348,LIVE,NEW_DATA,24.026100,78.532677,75.800758
4349,LIVE,NEW_DATA,23.684299,79.353767,76.318657
4350,LIVE,NEW_DATA,23.684299,79.353767,76.318657
4351,LIVE,NEW_DATA,23.684299,79.353767,76.318657
4352,LIVE,NEW_DATA,24.026100,78.532677,75.800758
4353,LIVE,NEW_DATA,24.026100,78.532677,75.800758
4354,LIVE,NEW_DATA,24.026100,78.532677,75.800758
4355,LIVE,NEW_DATA,24.026100,78.532677,75.800758
4356,LIVE,NEW_DATA,24.063101,78.532677,75.800758
4357,LIVE,NEW_DATA,24.063101,78.532677,75.800758
4358,LIVE,NEW_DATA,24.066200,79.151535,75.292641
4359,LIVE,NEW_DATA,24.066200,79.151535,75.292641
4360,LIVE,NEW_DATA,23.386400,76.828110,75.022011
4361,LIVE,NEW_DATA,24.160000,79.381248,73.767654
4362,LIVE,NEW_DATA,23.208599,79.089348,74.008057
4363,LIVE,NEW_DATA,24.339300,79.381248,73.767654
4364,LIVE,NEW_DATA,24.339300,79.381248,73.767654
4365,LIVE,NEW_DATA,23.303200,79.594490,73.393715
4366,LIVE,NEW_DATA,23.964701,80.191414,71.138695
4367,LIVE,NEW_DATA,24.458300,79.879463,74.954010
4368,LIVE,NEW_DATA,23.402399,79.594490,73.393715
4369,LIVE,NEW_DATA,23.402399,79.594490,73.393715
4370,LIVE,NEW_DATA,23.796101,80.191414,71.138695
4371,LIVE,NEW_DATA,24.403400,78.532303,73.487526
4372,LIVE,NEW_DATA,24.302700,78.532303,73.487526
4373,LIVE,NEW_DATA,24.455299,77.525398,75.318039
4374,LIVE,NEW_DATA,24.455299,77.525398,75.318039
4375,LIVE,NEW_DATA,24.244699,79.831413,75.584038
4376,LIVE,NEW_DATA,24.403400,78.532303,73.487526
4377,LIVE,NEW_DATA,24.302700,78.532303,73.487526
4378,LIVE,NEW_DATA,24.461399,80.697395,69.936783
4379,LIVE,NEW_DATA,23.829700,77.219551,75.022011
4380,LIVE,NEW_DATA,24.557501,80.983253,68.582184
4381,LIVE,NEW_DATA,24.172600,79.831413,75.584038
4382,LIVE,NEW_DATA,24.172600,79.831413,75.584038
4383,LIVE,NEW_DATA,23.574400,76.828110,75.022011
4384,LIVE,NEW_DATA,24.660900,82.001297,69.935570
4385,LIVE,NEW_DATA,24.645599,82.440346,69.380905
4386,LIVE,NEW_DATA,23.608400,77.219551,75.022011
4387,LIVE,NEW_DATA,23.386400,76.828110,75.022011
4388,LIVE,NEW_DATA,24.682199,82.440346,69.380905
4389,LIVE,NEW_DATA,23.484800,76.828110,75.022011
4390,LIVE,NEW_DATA,24.645599,82.440346,69.380905
4391,LIVE,NEW_DATA,23.386400,76.828110,75.022011
4392,LIVE,NEW_DATA,23.207100,79.594490,73.393715
4393,LIVE,NEW_DATA,23.386400,76.828110,75.022011
4394,LIVE,NEW_DATA,23.286400,79.089348,74.008057
4395,LIVE,NEW_DATA,24.469000,81.644524,68.120605
4396,LIVE,NEW_DATA,23.208599,79.089348,74.008057
4397,LIVE,NEW_DATA,24.342300,82.092911,67.152985
4398,LIVE,NEW_DATA,23.303200,79.594490,73.393715
4399,LIVE,NEW_DATA,24.120701,82.568428,66.726166
4400,LIVE,NEW_DATA,23.303200,79.594490,73.393715
4401,LIVE,NEW_DATA,23.402399,79.594490,73.393715
4402,LIVE,NEW_DATA,24.000500,82.568428,66.726166
4403,LIVE,NEW_DATA,23.625900,80.191414,71.138695
4404,LIVE,NEW_DATA,23.875401,82.568428,66.726166
4405,LIVE,NEW_DATA,23.596201,82.489716,66.729134
4406,LIVE,NEW_DATA,24.208099,80.697395,69.936783
4407,LIVE,NEW_DATA,23.596201,82.489716,66.729134
4408,LIVE,NEW_DATA,23.469500,82.489716,66.729134
4409,LIVE,NEW_DATA,22.796600,83.340363,61.571224
4410,LIVE,NEW_DATA,23.327299,82.959076,66.208717
4411,LIVE,NEW_DATA,23.071301,82.959076,66.208717
4412,LIVE,NEW_DATA,24.557501,80.983253,68.582184
4413,LIVE,NEW_DATA,22.920200,82.959076,66.208717
4414,LIVE,NEW_DATA,24.557501,80.983253,68.582184
4415,LIVE,NEW_DATA,22.357901,83.750526,64.192169
4416,LIVE,NEW_DATA,24.639900,82.001297,69.935570
4417,LIVE,NEW_DATA,22.608900,83.340363,61.571224
4418,LIVE,NEW_DATA,24.660900,82.001297,69.935570
4419,LIVE,NEW_DATA,24.595600,81.644524,68.120605
4420,LIVE,NEW_DATA,24.659700,82.440346,69.380905
4421,LIVE,NEW_DATA,24.682199,82.440346,69.380905
4422,LIVE,NEW_DATA,24.682199,82.440346,69.380905
4423,LIVE,NEW_DATA,22.283899,84.056961,63.765316
4424,LIVE,NEW_DATA,24.645599,82.440346,69.380905
4425,LIVE,NEW_DATA,22.216000,84.056961,63.765316
4426,LIVE,NEW_DATA,24.241600,82.092911,67.152985
4427,LIVE,NEW_DATA,24.469000,81.644524,68.120605
4428,LIVE,NEW_DATA,22.154200,84.056961,63.765316
4429,LIVE,NEW_DATA,21.870399,84.456032,59.933537
4430,LIVE,NEW_DATA,24.342300,82.092911,67.152985
4431,LIVE,NEW_DATA,23.875401,82.568428,66.726166
4432,LIVE,NEW_DATA,24.241600,82.092911,67.152985
4433,STOPPED,NEW_DATA,22.920200,82.959076,66.208717
4434,STOPPED,NEW_DATA,22.505199,83.750526,64.192169
4435,STOPPED,NEW_DATA,22.920200,82.959076,66.208717
4436,STOPPED,NEW_DATA,22.357901,83.750526,64.192169
4437,STOPPED,NEW_DATA,22.718800,83.340363,61.571224
