timestamp,status,raw_eda,raw_hr,raw_hrv
2026-06-01 08:33:51.112,HOLD_LAST,0.0,0.0,0.0
2026-06-01 08:33:51.127,HOLD_LAST,0.0,0.0,0.0
2026-06-01 08:33:51.148,NEW_DATA,3.4027,79.9914,40.0
2026-06-01 08:33:51.169,NEW_DATA,3.4006,79.9914,40.0
2026-06-01 08:33:51.190,NEW_DATA,3.3985,79.9914,40.0
2026-06-01 08:33:51.211,NEW_DATA,3.4027,79.9914,40.0
2026-06-01 08:33:51.231,NEW_DATA,3.4017,79.9914,40.0
2026-06-01 08:33:51.251,NEW_DATA,3.4017,79.9914,40.0
2026-06-01 08:33:51.272,NEW_DATA,3.4013,79.9914,40.0
2026-06-01 08:33:51.292,NEW_DATA,3.4006,79.9914,40.0
2026-06-01 08:33:51.312,NEW_DATA,3.3989,79.9914,40.0
2026-06-01 08:33:51.333,NEW_DATA,3.4013,79.9914,40.0
2026-06-01 08:33:51.354,NEW_DATA,3.4003,79.9914,40.0
2026-06-01 08:33:51.374,NEW_DATA,3.3999,79.9914,40.0
2026-06-01 08:33:51.394,NEW_DATA,3.4013,79.9914,40.0
2026-06-01 08:33:51.415,NEW_DATA,3.4027,79.9914,40.0
2026-06-01 08:33:51.435,NEW_DATA,3.3975,79.9914,40.0
2026-06-01 08:33:51.456,NEW_DATA,3.4069,79.9914,40.0
2026-06-01 08:33:51.477,NEW_DATA,3.3999,79.9914,40.0
2026-06-01 08:33:51.497,NEW_DATA,3.3999,79.9914,40.0
2026-06-01 08:33:51.517,NEW_DATA,3.4034,79.9914,40.0
2026-06-01 08:33:51.538,NEW_DATA,3.4027,79.9914,40.0
2026-06-01 08:33:51.558,NEW_DATA,3.4031,79.9914,40.0
2026-06-01 08:33:51.579,NEW_DATA,3.4041,79.9914,40.0
2026-06-01 08:33:51.600,NEW_DATA,3.4034,79.9914,40.0
2026-06-01 08:33:51.620,NEW_DATA,3.4006,79.9914,40.0
2026-06-01 08:33:51.641,NEW_DATA,3.4044,79.9914,40.0
2026-06-01 08:33:51.661,NEW_DATA,3.3999,79.9914,40.0
2026-06-01 08:33:51.682,NEW_DATA,3.3999,79.9914,40.0
2026-06-01 08:33:51.703,NEW_DATA,3.4027,79.9914,40.0
2026-06-01 08:33:51.723,NEW_DATA,3.4027,79.9914,40.0
2026-06-01 08:33:51.745,NEW_DATA,3.409,79.9914,40.0
2026-06-01 08:33:51.765,NEW_DATA,3.4062,79.9914,40.0
2026-06-01 08:33:51.785,NEW_DATA,3.4027,79.9914,40.0
2026-06-01 08:33:51.805,NEW_DATA,3.4041,79.984,40.0
2026-06-01 08:33:51.826,NEW_DATA,3.4055,79.9661,40.0
2026-06-01 08:33:51.848,NEW_DATA,3.4062,79.95,40.0
2026-06-01 08:33:51.869,NEW_DATA,3.3985,79.9334,40.0
2026-06-01 08:33:51.890,NEW_DATA,3.4076,79.9197,40.0
2026-06-01 08:33:51.911,NEW_DATA,3.4048,79.9054,40.0
2026-06-01 08:33:51.931,NEW_DATA,3.402,79.8937,40.0
2026-06-01 08:33:51.951,NEW_DATA,3.4069,79.8805,40.0
2026-06-01 08:33:51.972,NEW_DATA,3.4069,79.8678,40.0
2026-06-01 08:33:51.992,NEW_DATA,3.4017,79.8558,40.0
2026-06-01 08:33:52.012,NEW_DATA,3.4062,79.8458,40.0
2026-06-01 08:33:52.032,NEW_DATA,3.4031,79.8347,40.0
2026-06-01 08:33:52.053,NEW_DATA,3.4051,79.8256,40.0
2026-06-01 08:33:52.073,NEW_DATA,3.4048,79.8148,40.0
2026-06-01 08:33:52.094,NEW_DATA,3.4076,79.8052,40.0
2026-06-01 08:33:52.114,NEW_DATA,3.4048,79.7966,40.0
2026-06-01 08:33:52.135,NEW_DATA,3.4048,79.7873,40.0
2026-06-01 08:33:52.157,NEW_DATA,3.4086,79.7796,40.0
2026-06-01 08:33:52.177,NEW_DATA,3.3999,79.7729,40.0
2026-06-01 08:33:52.199,NEW_DATA,3.4038,79.7654,40.0
2026-06-01 08:33:52.219,NEW_DATA,3.4069,79.7589,40.0
2026-06-01 08:33:52.241,NEW_DATA,3.402,79.7522,40.0
2026-06-01 08:33:52.261,NEW_DATA,3.4017,79.7459,40.0
2026-06-01 08:33:52.281,NEW_DATA,3.4058,79.7405,40.0
2026-06-01 08:33:52.302,NEW_DATA,3.3972,79.7357,40.0
2026-06-01 08:33:52.322,NEW_DATA,3.4034,79.7304,40.0
2026-06-01 08:33:52.343,NEW_DATA,3.4069,79.7252,40.0
2026-06-01 08:33:52.363,NEW_DATA,3.4041,79.7204,40.0
2026-06-01 08:33:52.383,NEW_DATA,3.4041,79.7168,40.0
2026-06-01 08:33:52.404,NEW_DATA,3.4038,79.7131,40.0
2026-06-01 08:33:52.424,NEW_DATA,3.4013,79.7095,40.0
2026-06-01 08:33:52.445,NEW_DATA,3.4055,79.7064,40.0
2026-06-01 08:33:52.466,NEW_DATA,3.4055,79.7035,40.0
2026-06-01 08:33:52.486,NEW_DATA,3.4006,79.7008,40.0
2026-06-01 08:33:52.506,NEW_DATA,3.4017,79.6984,40.0
2026-06-01 08:33:52.527,NEW_DATA,3.4041,79.696,40.0
2026-06-01 08:33:52.547,NEW_DATA,3.4006,79.6941,40.0
2026-06-01 08:33:52.567,NEW_DATA,3.4017,79.6923,40.0
2026-06-01 08:33:52.588,NEW_DATA,3.4048,79.6905,40.0
2026-06-01 08:33:52.614,NEW_DATA,3.4027,79.6892,40.0
2026-06-01 08:33:52.635,NEW_DATA,3.4041,79.6879,40.0
2026-06-01 08:33:52.655,NEW_DATA,3.4069,79.6866,40.0
2026-06-01 08:33:52.676,NEW_DATA,3.4044,79.6856,40.0
2026-06-01 08:33:52.696,NEW_DATA,3.4069,79.6848,40.0
2026-06-01 08:33:52.716,NEW_DATA,3.4034,79.6841,40.0
2026-06-01 08:33:52.737,NEW_DATA,3.4006,79.6834,40.0
2026-06-01 08:33:52.757,NEW_DATA,3.4041,79.6829,40.0
2026-06-01 08:33:52.778,NEW_DATA,3.4031,79.6824,40.0
2026-06-01 08:33:52.799,NEW_DATA,3.4006,79.682,40.0
2026-06-01 08:33:52.819,NEW_DATA,3.4031,79.6818,40.0
2026-06-01 08:33:52.841,NEW_DATA,3.4048,79.6816,40.0
2026-06-01 08:33:52.860,NEW_DATA,3.4027,79.6814,40.0
2026-06-01 08:33:52.881,NEW_DATA,3.4055,79.6814,40.0
2026-06-01 08:33:52.902,NEW_DATA,3.4152,79.6813,40.0
2026-06-01 08:33:52.922,NEW_DATA,3.4044,79.6813,40.0
2026-06-01 08:33:52.943,NEW_DATA,3.4034,79.6813,40.0
2026-06-01 08:33:52.963,NEW_DATA,3.4076,79.6814,40.0
2026-06-01 08:33:52.984,NEW_DATA,3.4034,79.6833,40.0
2026-06-01 08:33:53.005,NEW_DATA,3.4055,79.6862,40.0
2026-06-01 08:33:53.025,NEW_DATA,3.4062,79.6908,40.0
2026-06-01 08:33:53.047,NEW_DATA,3.4069,79.6984,40.0
2026-06-01 08:33:53.067,NEW_DATA,3.4013,79.7061,40.0
2026-06-01 08:33:53.087,NEW_DATA,3.4044,79.716,40.0
2026-06-01 08:33:53.108,NEW_DATA,3.4038,79.7283,40.0
2026-06-01 08:33:53.128,NEW_DATA,3.402,79.7423,40.0
2026-06-01 08:33:53.149,NEW_DATA,3.4048,79.7558,40.0
2026-06-01 08:33:53.170,NEW_DATA,3.4044,79.7729,40.0
2026-06-01 08:33:53.190,NEW_DATA,3.4013,79.7889,40.0
2026-06-01 08:33:53.210,NEW_DATA,3.4038,79.8048,40.0
2026-06-01 08:33:53.232,NEW_DATA,3.4062,79.8231,40.0
2026-06-01 08:33:53.252,NEW_DATA,3.4006,79.844,40.0
2026-06-01 08:33:53.272,NEW_DATA,3.4027,79.8677,40.0
2026-06-01 08:33:53.293,NEW_DATA,3.4051,79.8928,40.0
2026-06-01 08:33:53.313,NEW_DATA,3.4027,79.9156,40.0
2026-06-01 08:33:53.334,NEW_DATA,3.3985,79.9431,40.0
2026-06-01 08:33:53.354,NEW_DATA,3.4041,79.9679,40.0
2026-06-01 08:33:53.375,NEW_DATA,3.4013,79.9936,40.0
2026-06-01 08:33:53.395,NEW_DATA,3.3982,80.0222,40.0
2026-06-01 08:33:53.416,NEW_DATA,3.4041,80.0517,40.0
2026-06-01 08:33:53.436,NEW_DATA,3.4031,80.08,40.0
2026-06-01 08:33:53.457,NEW_DATA,3.4041,80.1112,40.0
2026-06-01 08:33:53.477,NEW_DATA,3.4017,80.1409,40.0
2026-06-01 08:33:53.498,NEW_DATA,3.4034,80.1808,40.0
2026-06-01 08:33:53.520,NEW_DATA,3.3992,80.2097,40.0
2026-06-01 08:33:53.540,NEW_DATA,3.4006,80.2415,40.0
2026-06-01 08:33:53.561,NEW_DATA,3.402,80.2713,40.0
2026-06-01 08:33:53.582,NEW_DATA,3.4013,80.3016,40.0
2026-06-01 08:33:53.602,NEW_DATA,3.4034,80.335,40.0
2026-06-01 08:33:53.622,NEW_DATA,3.4006,80.3714,40.0
2026-06-01 08:33:53.644,NEW_DATA,3.3975,80.4083,40.0
2026-06-01 08:33:53.665,NEW_DATA,3.402,80.4457,40.0
2026-06-01 08:33:53.686,NEW_DATA,3.4055,80.4808,40.0
2026-06-01 08:33:53.706,NEW_DATA,3.4006,80.5217,40.0
2026-06-01 08:33:53.728,NEW_DATA,3.3985,80.5603,40.0
2026-06-01 08:33:53.748,NEW_DATA,3.402,80.6019,40.0
2026-06-01 08:33:53.768,NEW_DATA,3.4013,80.641,40.0
2026-06-01 08:33:53.789,NEW_DATA,3.4006,80.6803,40.0
2026-06-01 08:33:53.809,NEW_DATA,3.402,80.7198,40.0
2026-06-01 08:33:53.830,NEW_DATA,3.4006,80.7623,40.0
2026-06-01 08:33:53.850,NEW_DATA,3.3985,80.7991,40.0
2026-06-01 08:33:53.871,NEW_DATA,3.4006,80.8417,40.0
2026-06-01 08:33:53.892,NEW_DATA,3.3999,80.8814,40.0
2026-06-01 08:33:53.912,NEW_DATA,3.3992,80.9239,40.0
2026-06-01 08:33:53.932,NEW_DATA,3.3985,80.9606,40.0
2026-06-01 08:33:53.953,NEW_DATA,3.4013,81.0001,40.0
2026-06-01 08:33:53.974,NEW_DATA,3.3985,81.0365,40.0
2026-06-01 08:33:53.996,NEW_DATA,3.3999,81.0727,40.0
2026-06-01 08:33:54.016,NEW_DATA,3.4041,81.1143,40.0
2026-06-01 08:33:54.036,NEW_DATA,3.4031,81.1555,40.0
2026-06-01 08:33:54.057,NEW_DATA,3.402,81.1908,40.0
2026-06-01 08:33:54.077,NEW_DATA,3.4041,81.2245,40.0
2026-06-01 08:33:54.098,NEW_DATA,3.402,81.27,40.0
2026-06-01 08:33:54.118,NEW_DATA,3.3985,81.3123,40.0
2026-06-01 08:33:54.139,NEW_DATA,3.3989,81.3679,40.0
2026-06-01 08:33:54.159,NEW_DATA,3.4038,81.4196,40.0
2026-06-01 08:33:54.180,NEW_DATA,3.4041,81.4738,40.0
2026-06-01 08:33:54.201,NEW_DATA,3.4027,81.5265,40.0
2026-06-01 08:33:54.221,NEW_DATA,3.4062,81.5811,40.0
2026-06-01 08:33:54.242,NEW_DATA,3.4027,81.6377,40.0
2026-06-01 08:33:54.263,NEW_DATA,3.3968,81.7098,40.0
2026-06-01 08:33:54.283,NEW_DATA,3.4027,81.7796,40.0
2026-06-01 08:33:54.304,NEW_DATA,3.4027,81.8368,40.0
2026-06-01 08:33:54.324,NEW_DATA,3.4013,81.92,40.0
2026-06-01 08:33:54.345,NEW_DATA,3.3972,81.99,40.0
2026-06-01 08:33:54.366,NEW_DATA,3.3989,82.0715,40.0
2026-06-01 08:33:54.386,NEW_DATA,3.4017,82.1387,40.0
2026-06-01 08:33:54.406,NEW_DATA,3.4013,82.2121,40.0
2026-06-01 08:33:54.427,NEW_DATA,3.3992,82.2914,40.0
2026-06-01 08:33:54.447,NEW_DATA,3.4048,82.3661,40.0
2026-06-01 08:33:54.467,NEW_DATA,3.4003,82.4412,40.0
2026-06-01 08:33:54.488,NEW_DATA,3.4006,82.5166,40.0
2026-06-01 08:33:54.508,NEW_DATA,3.4027,82.5866,40.0
2026-06-01 08:33:54.528,NEW_DATA,3.4027,82.6674,40.0
2026-06-01 08:33:54.549,NEW_DATA,3.3999,82.7371,40.0
2026-06-01 08:33:54.570,NEW_DATA,3.3972,82.8171,40.0
2026-06-01 08:33:54.591,NEW_DATA,3.4003,82.9018,40.0
2026-06-01 08:33:54.611,NEW_DATA,3.3996,82.975,40.0
2026-06-01 08:33:54.631,NEW_DATA,3.3992,83.0369,40.0
2026-06-01 08:33:54.652,NEW_DATA,3.4034,83.1133,40.0
2026-06-01 08:33:54.672,NEW_DATA,3.4003,83.1782,40.0
2026-06-01 08:33:54.694,NEW_DATA,3.3972,83.2516,40.0
2026-06-01 08:33:54.715,NEW_DATA,3.3999,83.3184,40.0
2026-06-01 08:33:54.735,NEW_DATA,3.4013,83.3924,40.0
2026-06-01 08:33:54.756,NEW_DATA,3.3985,83.4551,40.0
2026-06-01 08:33:54.777,NEW_DATA,3.3985,83.5112,40.0
2026-06-01 08:33:54.797,NEW_DATA,3.4006,83.5735,40.0
2026-06-01 08:33:54.819,NEW_DATA,3.4006,83.6405,40.0
2026-06-01 08:33:54.839,NEW_DATA,3.3999,83.6962,40.0
2026-06-01 08:33:54.860,NEW_DATA,3.3985,83.7518,40.0
2026-06-01 08:33:54.881,NEW_DATA,3.4006,83.7939,40.0
2026-06-01 08:33:54.901,NEW_DATA,3.3985,83.836,40.0
2026-06-01 08:33:54.922,NEW_DATA,3.3937,83.8772,40.0
2026-06-01 08:33:54.944,NEW_DATA,3.3958,83.914,40.0
2026-06-01 08:33:54.965,NEW_DATA,3.3992,83.9423,40.0
2026-06-01 08:33:54.986,NEW_DATA,3.3979,83.9671,40.0
2026-06-01 08:33:55.006,NEW_DATA,3.3965,83.9882,40.0
2026-06-01 08:33:55.026,NEW_DATA,3.4027,84.0066,40.0
2026-06-01 08:33:55.047,NEW_DATA,3.4027,84.022,40.0
2026-06-01 08:33:55.069,NEW_DATA,3.3965,84.0307,40.0
2026-06-01 08:33:55.089,NEW_DATA,3.3985,84.0336,20.2608
2026-06-01 08:33:55.109,NEW_DATA,3.4013,84.0301,20.2608
2026-06-01 08:33:55.130,NEW_DATA,3.3989,84.0213,20.2608
2026-06-01 08:33:55.151,NEW_DATA,3.3951,84.0049,20.2608
2026-06-01 08:33:55.171,NEW_DATA,3.3985,83.9854,20.2608
2026-06-01 08:33:55.192,NEW_DATA,3.402,83.9592,20.2608
2026-06-01 08:33:55.213,NEW_DATA,3.3972,83.9322,20.2608
2026-06-01 08:33:55.233,NEW_DATA,3.4003,83.899,20.2608
2026-06-01 08:33:55.253,NEW_DATA,3.3975,83.8616,20.2608
2026-06-01 08:33:55.275,NEW_DATA,3.4017,83.8201,20.2608
2026-06-01 08:33:55.296,NEW_DATA,3.3985,83.7849,20.2608
2026-06-01 08:33:55.316,NEW_DATA,3.3999,83.7368,20.2608
2026-06-01 08:33:55.337,NEW_DATA,3.3979,83.6813,20.2608
2026-06-01 08:33:55.358,NEW_DATA,3.3965,83.6262,20.2608
2026-06-01 08:33:55.378,NEW_DATA,3.4031,83.5722,20.2608
2026-06-01 08:33:55.398,NEW_DATA,3.4003,83.5156,20.2608
2026-06-01 08:33:55.419,NEW_DATA,3.3961,83.4521,20.2608
2026-06-01 08:33:55.440,NEW_DATA,3.4006,83.3908,20.2608
2026-06-01 08:33:55.462,NEW_DATA,3.3961,83.3224,20.2608
2026-06-01 08:33:55.482,NEW_DATA,3.3937,83.2621,20.2608
2026-06-01 08:33:55.502,NEW_DATA,3.3989,83.1897,20.2608
2026-06-01 08:33:55.522,NEW_DATA,3.3989,83.0994,20.2608
2026-06-01 08:33:55.543,NEW_DATA,3.3979,83.0176,20.2608
2026-06-01 08:33:55.564,NEW_DATA,3.393,82.9397,20.2608
2026-06-01 08:33:55.584,NEW_DATA,3.3999,82.8548,20.2608
2026-06-01 08:33:55.604,NEW_DATA,3.3975,82.7803,20.2608
2026-06-01 08:33:55.624,NEW_DATA,3.3947,82.699,20.2608
2026-06-01 08:33:55.645,NEW_DATA,3.3975,82.617,20.2608
2026-06-01 08:33:55.666,NEW_DATA,3.3985,82.5285,20.2608
2026-06-01 08:33:55.686,NEW_DATA,3.3985,82.4454,20.2608
2026-06-01 08:33:55.707,NEW_DATA,3.3947,82.3621,20.2608
2026-06-01 08:33:55.727,NEW_DATA,3.3992,82.2727,20.2608
2026-06-01 08:33:55.748,NEW_DATA,3.4013,82.1776,20.2608
2026-06-01 08:33:55.768,NEW_DATA,3.3965,82.1005,20.2608
2026-06-01 08:33:55.789,NEW_DATA,3.3992,82.0121,20.2608
2026-06-01 08:33:55.809,NEW_DATA,3.4013,81.9244,20.2608
2026-06-01 08:33:55.830,NEW_DATA,3.3999,81.8376,20.2608
2026-06-01 08:33:55.850,NEW_DATA,3.3972,81.7519,20.2608
2026-06-01 08:33:55.870,NEW_DATA,3.4013,81.6843,20.2608
2026-06-01 08:33:55.890,NEW_DATA,3.4048,81.6066,20.2608
2026-06-01 08:33:55.911,NEW_DATA,3.4006,81.5303,20.2608
2026-06-01 08:33:55.931,NEW_DATA,3.3979,81.4609,20.2608
2026-06-01 08:33:55.953,NEW_DATA,3.402,81.3775,20.2608
2026-06-01 08:33:55.974,NEW_DATA,3.4013,81.2966,20.2608
2026-06-01 08:33:55.994,NEW_DATA,3.3972,81.2281,20.2608
2026-06-01 08:33:56.015,NEW_DATA,3.3985,81.1664,20.2608
2026-06-01 08:33:56.036,NEW_DATA,3.4027,81.1068,20.2608
2026-06-01 08:33:56.056,NEW_DATA,3.3985,81.0407,20.2608
2026-06-01 08:33:56.077,NEW_DATA,3.3975,80.9777,20.2608
2026-06-01 08:33:56.097,NEW_DATA,3.4055,80.9218,20.2608
2026-06-01 08:33:56.118,NEW_DATA,3.4041,80.8689,20.2608
2026-06-01 08:33:56.138,NEW_DATA,3.4041,80.8191,20.2608
2026-06-01 08:33:56.159,NEW_DATA,3.4034,80.779,20.2608
2026-06-01 08:33:56.180,NEW_DATA,3.3999,80.732,23.5372
2026-06-01 08:33:56.201,NEW_DATA,3.4013,80.6882,23.5372
2026-06-01 08:33:56.222,NEW_DATA,3.4034,80.6439,23.5372
2026-06-01 08:33:56.242,NEW_DATA,3.4044,80.5993,23.5372
2026-06-01 08:33:56.262,NEW_DATA,3.3999,80.551,23.5372
2026-06-01 08:33:56.283,NEW_DATA,3.4017,80.509,23.5372
2026-06-01 08:33:56.303,NEW_DATA,3.4041,80.4667,23.5372
2026-06-01 08:33:56.323,NEW_DATA,3.4006,80.4341,23.5372
2026-06-01 08:33:56.344,NEW_DATA,3.4027,80.385,23.5372
2026-06-01 08:33:56.364,NEW_DATA,3.402,80.3391,23.5372
2026-06-01 08:33:56.385,NEW_DATA,3.4013,80.2964,23.5372
2026-06-01 08:33:56.405,NEW_DATA,3.4041,80.2504,23.5372
2026-06-01 08:33:56.425,NEW_DATA,3.4031,80.2045,23.5372
2026-06-01 08:33:56.446,NEW_DATA,3.3992,80.1586,23.5372
2026-06-01 08:33:56.466,NEW_DATA,3.402,80.1064,23.5372
2026-06-01 08:33:56.486,NEW_DATA,3.4048,80.0642,23.5372
2026-06-01 08:33:56.507,NEW_DATA,3.402,80.0254,23.5372
2026-06-01 08:33:56.527,NEW_DATA,3.4003,79.9868,23.5372
2026-06-01 08:33:56.548,NEW_DATA,3.4041,79.9421,23.5372
2026-06-01 08:33:56.568,NEW_DATA,3.4013,79.8946,23.5372
2026-06-01 08:33:56.588,NEW_DATA,3.3979,79.8508,23.5372
2026-06-01 08:33:56.609,NEW_DATA,3.4017,79.8104,23.5372
2026-06-01 08:33:56.630,NEW_DATA,3.4041,79.7645,23.5372
2026-06-01 08:33:56.651,NEW_DATA,3.3923,79.7252,23.5372
2026-06-01 08:33:56.671,NEW_DATA,3.3992,79.6834,23.5372
2026-06-01 08:33:56.692,NEW_DATA,3.3985,79.6482,23.5372
2026-06-01 08:33:56.712,NEW_DATA,3.3992,79.6106,23.5372
2026-06-01 08:33:56.734,NEW_DATA,3.4031,79.568,23.5372
2026-06-01 08:33:56.755,NEW_DATA,3.4003,79.5319,23.5372
2026-06-01 08:33:56.776,NEW_DATA,3.3951,79.4991,23.5372
2026-06-01 08:33:56.796,NEW_DATA,3.3985,79.4617,23.5372
2026-06-01 08:33:56.817,NEW_DATA,3.4013,79.4278,23.5372
2026-06-01 08:33:56.838,NEW_DATA,3.3979,79.3998,23.5372
2026-06-01 08:33:56.858,NEW_DATA,3.3979,79.3675,23.5372
2026-06-01 08:33:56.879,NEW_DATA,3.4058,79.3337,23.5372
2026-06-01 08:33:56.900,NEW_DATA,3.3985,79.301,23.5372
2026-06-01 08:33:56.920,NEW_DATA,3.402,79.2717,23.5372
2026-06-01 08:33:56.940,NEW_DATA,3.3985,79.2434,23.5372
2026-06-01 08:33:56.961,NEW_DATA,3.3961,79.212,23.5372
2026-06-01 08:33:56.981,NEW_DATA,3.402,79.186,23.5372
2026-06-01 08:33:57.002,NEW_DATA,3.3992,79.1593,23.5372
2026-06-01 08:33:57.023,NEW_DATA,3.3958,79.1339,23.5372
2026-06-01 08:33:57.043,NEW_DATA,3.3999,79.1083,23.5372
2026-06-01 08:33:57.063,NEW_DATA,3.4034,79.0859,23.5372
2026-06-01 08:33:57.084,NEW_DATA,3.4013,79.0664,23.5372
2026-06-01 08:33:57.105,NEW_DATA,3.3979,79.0456,23.5372
2026-06-01 08:33:57.126,NEW_DATA,3.4006,79.0278,23.5372
2026-06-01 08:33:57.147,NEW_DATA,3.3972,79.0128,23.5372
2026-06-01 08:33:57.167,NEW_DATA,3.3951,78.9983,23.5372
2026-06-01 08:33:57.188,NEW_DATA,3.3999,78.9854,23.5372
2026-06-01 08:33:57.208,NEW_DATA,3.3985,78.9737,23.5372
2026-06-01 08:33:57.230,NEW_DATA,3.3944,78.9652,23.5372
2026-06-01 08:33:57.250,NEW_DATA,3.4055,78.9578,23.5372
2026-06-01 08:33:57.273,NEW_DATA,3.4076,78.9524,23.5372
2026-06-01 08:33:57.298,NEW_DATA,3.3972,78.9495,23.5372
2026-06-01 08:33:57.313,NEW_DATA,3.3979,78.9484,23.5372
2026-06-01 08:33:57.335,NEW_DATA,3.3958,78.9475,23.5372
2026-06-01 08:33:57.362,NEW_DATA,3.3951,78.9474,22.0851
2026-06-01 08:33:57.382,NEW_DATA,3.3999,78.9477,22.0851
2026-06-01 08:33:57.408,NEW_DATA,3.3944,78.949,22.0851
2026-06-01 08:33:57.429,NEW_DATA,3.3979,78.9513,22.0851
2026-06-01 08:33:57.450,NEW_DATA,3.3996,78.9548,22.0851
2026-06-01 08:33:57.470,NEW_DATA,3.3958,78.9596,22.0851
2026-06-01 08:33:57.491,NEW_DATA,3.3972,78.9654,22.0851
2026-06-01 08:33:57.511,NEW_DATA,3.3985,78.9723,22.0851
2026-06-01 08:33:57.532,NEW_DATA,3.3979,78.9791,22.0851
2026-06-01 08:33:57.552,NEW_DATA,3.3961,78.9874,22.0851
2026-06-01 08:33:57.572,NEW_DATA,3.3992,78.9965,22.0851
2026-06-01 08:33:57.594,NEW_DATA,3.3933,79.0041,22.0851
2026-06-01 08:33:57.615,NEW_DATA,3.3979,79.014,22.0851
2026-06-01 08:33:57.635,NEW_DATA,3.3975,79.0255,22.0851
2026-06-01 08:33:57.656,NEW_DATA,3.3937,79.0398,22.0851
2026-06-01 08:33:57.676,NEW_DATA,3.3947,79.0574,22.0851
2026-06-01 08:33:57.697,NEW_DATA,3.3985,79.0741,22.0851
2026-06-01 08:33:57.718,NEW_DATA,3.4006,79.0955,22.0851
2026-06-01 08:33:57.738,NEW_DATA,3.3961,79.1159,22.0851
2026-06-01 08:33:57.759,NEW_DATA,3.3944,79.1332,22.0851
2026-06-01 08:33:57.779,NEW_DATA,3.3958,79.1527,22.0851
2026-06-01 08:33:57.801,NEW_DATA,3.3958,79.1746,22.0851
2026-06-01 08:33:57.821,NEW_DATA,3.3937,79.1959,22.0851
2026-06-01 08:33:57.842,NEW_DATA,3.3916,79.218,22.0851
2026-06-01 08:33:57.862,NEW_DATA,3.3958,79.2426,22.0851
2026-06-01 08:33:57.882,NEW_DATA,3.3916,79.2681,22.0851
2026-06-01 08:33:57.903,NEW_DATA,3.3923,79.2927,22.0851
2026-06-01 08:33:57.924,NEW_DATA,3.3958,79.3181,22.0851
2026-06-01 08:33:57.945,NEW_DATA,3.3979,79.346,22.0851
2026-06-01 08:33:57.966,NEW_DATA,3.3902,79.371,22.0851
2026-06-01 08:33:57.986,NEW_DATA,3.393,79.4005,22.0851
2026-06-01 08:33:58.007,NEW_DATA,3.3965,79.4328,22.0851
2026-06-01 08:33:58.027,NEW_DATA,3.3937,79.4597,22.0851
2026-06-01 08:33:58.047,NEW_DATA,3.393,79.485,22.0851
2026-06-01 08:33:58.069,NEW_DATA,3.3951,79.5217,22.0851
2026-06-01 08:33:58.091,NEW_DATA,3.3958,79.5504,22.0851
2026-06-01 08:33:58.110,NEW_DATA,3.393,79.5818,22.0851
2026-06-01 08:33:58.131,NEW_DATA,3.3954,79.6115,22.0851
2026-06-01 08:33:58.152,NEW_DATA,3.3944,79.6441,22.0851
2026-06-01 08:33:58.172,NEW_DATA,3.3902,79.6748,22.0851
2026-06-01 08:33:58.193,NEW_DATA,3.3937,79.706,22.0851
2026-06-01 08:33:58.214,NEW_DATA,3.393,79.7376,22.0851
2026-06-01 08:33:58.234,NEW_DATA,3.3927,79.7697,22.0851
2026-06-01 08:33:58.254,NEW_DATA,3.3937,79.8047,22.0851
2026-06-01 08:33:58.276,NEW_DATA,3.3944,79.8402,22.0851
2026-06-01 08:33:58.297,NEW_DATA,3.393,79.8787,22.0851
2026-06-01 08:33:58.318,NEW_DATA,3.3937,79.9124,22.0851
2026-06-01 08:33:58.340,NEW_DATA,3.3958,79.9545,22.0851
2026-06-01 08:33:58.359,NEW_DATA,3.3958,79.989,22.0851
2026-06-01 08:33:58.380,NEW_DATA,3.3916,80.0239,22.0851
2026-06-01 08:33:58.401,NEW_DATA,3.3951,80.0618,22.0851
2026-06-01 08:33:58.421,NEW_DATA,3.3985,80.1001,22.0851
2026-06-01 08:33:58.442,NEW_DATA,3.3975,80.1414,22.0851
2026-06-01 08:33:58.464,NEW_DATA,3.3923,80.1859,22.0851
2026-06-01 08:33:58.485,NEW_DATA,3.3975,80.2196,20.4695
2026-06-01 08:33:58.506,NEW_DATA,3.3944,80.2656,20.4695
2026-06-01 08:33:58.526,NEW_DATA,3.3951,80.3141,20.4695
2026-06-01 08:33:58.547,NEW_DATA,3.4006,80.3718,20.4695
2026-06-01 08:33:58.568,NEW_DATA,3.3985,80.4308,20.4695
2026-06-01 08:33:58.589,NEW_DATA,3.393,80.4899,20.4695
2026-06-01 08:33:58.610,NEW_DATA,3.3972,80.5631,20.4695
2026-06-01 08:33:58.630,NEW_DATA,3.3989,80.6361,20.4695
2026-06-01 08:33:58.651,NEW_DATA,3.3975,80.7249,20.4695
2026-06-01 08:33:58.672,NEW_DATA,3.393,80.8071,20.4695
2026-06-01 08:33:58.692,NEW_DATA,3.3965,80.8997,20.4695
2026-06-01 08:33:58.712,NEW_DATA,3.3985,80.9967,20.4695
2026-06-01 08:33:58.733,NEW_DATA,3.3881,81.0842,20.4695
2026-06-01 08:33:58.753,NEW_DATA,3.393,81.1961,20.4695
2026-06-01 08:33:58.775,NEW_DATA,3.3979,81.2977,20.4695
2026-06-01 08:33:58.795,NEW_DATA,3.3972,81.3874,20.4695
2026-06-01 08:33:58.816,NEW_DATA,3.3933,81.4949,20.4695
2026-06-01 08:33:58.837,NEW_DATA,3.3951,81.6133,20.4695
2026-06-01 08:33:58.858,NEW_DATA,3.3985,81.7349,20.4695
2026-06-01 08:33:58.878,NEW_DATA,3.393,81.8512,20.4695
2026-06-01 08:33:58.899,NEW_DATA,3.3944,81.9784,20.4695
2026-06-01 08:33:58.920,NEW_DATA,3.3979,82.1082,20.4695
2026-06-01 08:33:58.940,NEW_DATA,3.3972,82.2405,20.4695
2026-06-01 08:33:58.961,NEW_DATA,3.3951,82.3569,20.4695
2026-06-01 08:33:58.981,NEW_DATA,3.3947,82.4839,20.4695
2026-06-01 08:33:59.002,NEW_DATA,3.3979,82.6033,20.4695
2026-06-01 08:33:59.022,NEW_DATA,3.392,82.7239,20.4695
2026-06-01 08:33:59.043,NEW_DATA,3.3979,82.8456,20.4695
2026-06-01 08:33:59.063,NEW_DATA,3.3985,82.9873,20.4695
2026-06-01 08:33:59.083,NEW_DATA,3.3933,83.1204,20.4695
2026-06-01 08:33:59.104,NEW_DATA,3.3958,83.235,20.4695
2026-06-01 08:33:59.125,NEW_DATA,3.3944,83.3694,20.4695
2026-06-01 08:33:59.145,NEW_DATA,3.3958,83.5041,20.4695
2026-06-01 08:33:59.166,NEW_DATA,3.3965,83.6486,20.4695
2026-06-01 08:33:59.186,NEW_DATA,3.3975,83.7738,20.4695
2026-06-01 08:33:59.207,NEW_DATA,3.3972,83.9085,20.4695
2026-06-01 08:33:59.227,NEW_DATA,3.3985,84.0237,20.4695
2026-06-01 08:33:59.248,NEW_DATA,3.3992,84.1575,20.4695
2026-06-01 08:33:59.269,NEW_DATA,3.3961,84.2811,20.4695
2026-06-01 08:33:59.290,NEW_DATA,3.3996,84.4133,20.4695
2026-06-01 08:33:59.312,NEW_DATA,3.4027,84.5443,20.4695
2026-06-01 08:33:59.332,NEW_DATA,3.3972,84.6556,20.4695
2026-06-01 08:33:59.352,NEW_DATA,3.3937,84.793,20.4695
2026-06-01 08:33:59.374,NEW_DATA,3.3982,84.9285,20.4695
2026-06-01 08:33:59.395,NEW_DATA,3.4006,85.044,20.4695
2026-06-01 08:33:59.415,NEW_DATA,3.3972,85.1836,20.4695
2026-06-01 08:33:59.435,NEW_DATA,3.3975,85.2946,20.4695
2026-06-01 08:33:59.456,NEW_DATA,3.4062,85.4117,20.4695
2026-06-01 08:33:59.477,NEW_DATA,3.4013,85.5339,20.4695
2026-06-01 08:33:59.497,NEW_DATA,3.3965,85.6603,20.4695
2026-06-01 08:33:59.518,NEW_DATA,3.4013,85.7681,27.0771
2026-06-01 08:33:59.539,NEW_DATA,3.4027,85.8857,27.0771
2026-06-01 08:33:59.560,NEW_DATA,3.4003,86.0062,27.0771
2026-06-01 08:33:59.580,NEW_DATA,3.3985,86.121,27.0771
2026-06-01 08:33:59.602,NEW_DATA,3.402,86.2464,27.0771
2026-06-01 08:33:59.622,NEW_DATA,3.3996,86.3654,27.0771
2026-06-01 08:33:59.643,NEW_DATA,3.3985,86.4862,27.0771
2026-06-01 08:33:59.664,NEW_DATA,3.4003,86.6263,27.0771
2026-06-01 08:33:59.685,NEW_DATA,3.4003,86.7593,27.0771
2026-06-01 08:33:59.705,NEW_DATA,3.4041,86.8847,27.0771
2026-06-01 08:33:59.727,NEW_DATA,3.4034,87.0203,27.0771
2026-06-01 08:33:59.747,NEW_DATA,3.4034,87.1295,27.0771
2026-06-01 08:33:59.769,NEW_DATA,3.4013,87.2667,27.0771
2026-06-01 08:33:59.789,NEW_DATA,3.4006,87.4045,27.0771
2026-06-01 08:33:59.810,NEW_DATA,3.3958,87.5519,27.0771
2026-06-01 08:33:59.831,NEW_DATA,3.4013,87.6718,27.0771
2026-06-01 08:33:59.851,NEW_DATA,3.4031,87.8008,27.0771
2026-06-01 08:33:59.872,NEW_DATA,3.4027,87.9204,27.0771
2026-06-01 08:33:59.893,NEW_DATA,3.4013,88.0488,27.0771
2026-06-01 08:33:59.914,NEW_DATA,3.3985,88.1675,27.0771
2026-06-01 08:33:59.935,NEW_DATA,3.3972,88.2945,27.0771
2026-06-01 08:33:59.955,NEW_DATA,3.3999,88.4295,27.0771
2026-06-01 08:33:59.975,NEW_DATA,3.4006,88.5365,27.0771
2026-06-01 08:33:59.996,NEW_DATA,3.3958,88.66,27.0771
2026-06-01 08:34:00.017,NEW_DATA,3.3989,88.7905,27.0771
2026-06-01 08:34:00.038,NEW_DATA,3.4003,88.9019,27.0771
2026-06-01 08:34:00.059,NEW_DATA,3.3965,89.02,27.0771
2026-06-01 08:34:00.079,NEW_DATA,3.3972,89.144,27.0771
2026-06-01 08:34:00.099,NEW_DATA,3.4013,89.2652,27.0771
2026-06-01 08:34:00.119,NEW_DATA,3.402,89.3833,27.0771
2026-06-01 08:34:00.141,NEW_DATA,3.3965,89.4905,27.0771
2026-06-01 08:34:00.162,NEW_DATA,3.3947,89.6019,27.0771
2026-06-01 08:34:00.182,NEW_DATA,3.3999,89.6953,27.0771
2026-06-01 08:34:00.203,NEW_DATA,3.4027,89.8128,27.0771
2026-06-01 08:34:00.225,NEW_DATA,3.3965,89.9117,27.0771
2026-06-01 08:34:00.247,NEW_DATA,3.3999,89.9998,27.0771
2026-06-01 08:34:00.267,NEW_DATA,3.3999,90.1011,27.0771
2026-06-01 08:34:00.289,NEW_DATA,3.3999,90.1848,27.0771
2026-06-01 08:34:00.309,NEW_DATA,3.3954,90.2579,27.0771
2026-06-01 08:34:00.331,NEW_DATA,3.3944,90.3307,27.0771
2026-06-01 08:34:00.351,NEW_DATA,3.4013,90.3889,27.0771
2026-06-01 08:34:00.371,NEW_DATA,3.3979,90.4462,27.0771
2026-06-01 08:34:00.392,NEW_DATA,3.3972,90.4979,27.0771
2026-06-01 08:34:00.414,NEW_DATA,3.4055,90.5406,27.0771
2026-06-01 08:34:00.435,NEW_DATA,3.4041,90.5807,27.0771
2026-06-01 08:34:00.456,NEW_DATA,3.3944,90.6165,27.0771
2026-06-01 08:34:00.477,NEW_DATA,3.3999,90.6436,28.8914
2026-06-01 08:34:00.497,NEW_DATA,3.3992,90.6691,28.8914
2026-06-01 08:34:00.518,NEW_DATA,3.3992,90.696,28.8914
2026-06-01 08:34:00.538,NEW_DATA,3.3937,90.7225,28.8914
2026-06-01 08:34:00.558,NEW_DATA,3.3992,90.7469,28.8914
2026-06-01 08:34:00.579,NEW_DATA,3.3999,90.771,28.8914
2026-06-01 08:34:00.600,NEW_DATA,3.3958,90.7946,28.8914
2026-06-01 08:34:00.621,NEW_DATA,3.3979,90.8212,28.8914
2026-06-01 08:34:00.641,NEW_DATA,3.3979,90.8457,28.8914
2026-06-01 08:34:00.662,NEW_DATA,3.3982,90.8713,28.8914
2026-06-01 08:34:00.682,NEW_DATA,3.3979,90.8917,28.8914
2026-06-01 08:34:00.702,NEW_DATA,3.3982,90.9147,28.8914
2026-06-01 08:34:00.723,NEW_DATA,3.3979,90.9343,28.8914
2026-06-01 08:34:00.743,NEW_DATA,3.3958,90.955,28.8914
2026-06-01 08:34:00.764,NEW_DATA,3.3965,90.9753,28.8914
2026-06-01 08:34:00.785,NEW_DATA,3.3982,90.995,28.8914
2026-06-01 08:34:00.805,NEW_DATA,3.3944,91.0157,28.8914
2026-06-01 08:34:00.826,NEW_DATA,3.393,91.0345,28.8914
2026-06-01 08:34:00.847,NEW_DATA,3.3954,91.0566,28.8914
2026-06-01 08:34:00.867,NEW_DATA,3.3999,91.0718,28.8914
2026-06-01 08:34:00.887,NEW_DATA,3.393,91.0915,28.8914
2026-06-01 08:34:00.909,NEW_DATA,3.3958,91.1069,28.8914
2026-06-01 08:34:00.929,NEW_DATA,3.3985,91.1185,28.8914
2026-06-01 08:34:00.950,NEW_DATA,3.393,91.1309,28.8914
2026-06-01 08:34:01.007,NEW_DATA,3.3985,91.1365,28.8914
2026-06-01 08:34:01.029,NEW_DATA,3.3951,91.1387,28.8914
2026-06-01 08:34:01.050,NEW_DATA,3.3916,91.1526,28.8914
2026-06-01 08:34:01.081,NEW_DATA,3.3992,91.1631,28.8914
2026-06-01 08:34:01.100,NEW_DATA,3.3961,91.1742,28.8914
2026-06-01 08:34:01.121,NEW_DATA,3.3982,91.185,28.8914
2026-06-01 08:34:01.141,NEW_DATA,3.3958,91.1991,28.8914
2026-06-01 08:34:01.162,NEW_DATA,3.3923,91.2108,28.8914
2026-06-01 08:34:01.182,NEW_DATA,3.3992,91.2202,28.8914
2026-06-01 08:34:01.203,NEW_DATA,3.3937,91.2333,28.8914
2026-06-01 08:34:01.224,NEW_DATA,3.393,91.2441,28.8914
2026-06-01 08:34:01.244,NEW_DATA,3.3944,91.2543,28.8914
2026-06-01 08:34:01.265,NEW_DATA,3.3972,91.2645,28.8914
2026-06-01 08:34:01.286,NEW_DATA,3.3944,91.2739,28.8914
2026-06-01 08:34:01.306,NEW_DATA,3.3909,91.2831,28.8914
2026-06-01 08:34:01.327,NEW_DATA,3.3972,91.2899,28.8914
2026-06-01 08:34:01.347,NEW_DATA,3.3979,91.297,28.8914
2026-06-01 08:34:01.368,NEW_DATA,3.3958,91.3037,28.8914
2026-06-01 08:34:01.389,NEW_DATA,3.392,91.3095,28.8914
2026-06-01 08:34:01.410,NEW_DATA,3.3927,91.3141,28.8914
2026-06-01 08:34:01.430,NEW_DATA,3.3958,91.3174,28.8914
2026-06-01 08:34:01.451,NEW_DATA,3.3947,91.3202,28.8914
2026-06-01 08:34:01.471,NEW_DATA,3.4003,91.3224,28.8914
2026-06-01 08:34:01.492,NEW_DATA,3.3975,91.3236,28.8914
2026-06-01 08:34:01.513,NEW_DATA,3.3944,91.3242,28.8914
2026-06-01 08:34:01.533,NEW_DATA,3.3965,91.3109,27.0832
2026-06-01 08:34:01.554,NEW_DATA,3.3985,91.2603,27.0832
2026-06-01 08:34:01.574,NEW_DATA,3.3937,91.1643,27.0832
2026-06-01 08:34:01.594,NEW_DATA,3.3947,91.0144,27.0832
2026-06-01 08:34:01.615,NEW_DATA,3.3947,90.8027,27.0832
2026-06-01 08:34:01.636,NEW_DATA,3.3965,90.5784,27.0832
2026-06-01 08:34:01.657,NEW_DATA,3.3937,90.2967,27.0832
2026-06-01 08:34:01.677,NEW_DATA,3.4013,89.9997,27.0832
2026-06-01 08:34:01.698,NEW_DATA,3.3958,89.6173,27.0832
2026-06-01 08:34:01.718,NEW_DATA,3.393,89.2243,27.0832
2026-06-01 08:34:01.738,NEW_DATA,3.3985,88.7991,27.0832
2026-06-01 08:34:01.759,NEW_DATA,3.3972,88.2767,27.0832
2026-06-01 08:34:01.780,NEW_DATA,3.3968,87.7905,27.0832
2026-06-01 08:34:01.800,NEW_DATA,3.394,87.2796,27.0832
2026-06-01 08:34:01.821,NEW_DATA,3.4006,86.7851,27.0832
2026-06-01 08:34:01.843,NEW_DATA,3.3965,86.2333,27.0832
2026-06-01 08:34:01.863,NEW_DATA,3.3965,85.6635,27.0832
2026-06-01 08:34:01.884,NEW_DATA,3.4017,85.0781,27.0832
2026-06-01 08:34:01.904,NEW_DATA,3.3961,84.5222,27.0832
2026-06-01 08:34:01.926,NEW_DATA,3.393,83.8245,27.0832
2026-06-01 08:34:01.947,NEW_DATA,3.3972,83.2484,27.0832
2026-06-01 08:34:01.968,NEW_DATA,3.3979,82.5755,27.0832
2026-06-01 08:34:01.988,NEW_DATA,3.3933,82.0324,27.0832
2026-06-01 08:34:02.010,NEW_DATA,3.3965,81.3493,27.0832
2026-06-01 08:34:02.030,NEW_DATA,3.3989,80.6176,27.0832
2026-06-01 08:34:02.050,NEW_DATA,3.3999,79.9307,27.0832
2026-06-01 08:34:02.070,NEW_DATA,3.3972,79.2447,27.0832
2026-06-01 08:34:02.091,NEW_DATA,3.3965,78.5614,27.0832
2026-06-01 08:34:02.112,NEW_DATA,3.402,77.9274,27.0832
2026-06-01 08:34:02.133,NEW_DATA,3.3965,77.3877,27.0832
2026-06-01 08:34:02.154,NEW_DATA,3.3958,76.7193,27.0832
2026-06-01 08:34:02.174,NEW_DATA,3.4006,76.1025,27.0832
2026-06-01 08:34:02.194,NEW_DATA,3.4013,75.4936,27.0832
2026-06-01 08:34:02.214,NEW_DATA,3.3972,74.9361,27.0832
2026-06-01 08:34:02.235,NEW_DATA,3.402,74.3031,27.0832
2026-06-01 08:34:02.255,NEW_DATA,3.4027,73.7231,27.0832
2026-06-01 08:34:02.276,NEW_DATA,3.3999,73.1141,27.0832
2026-06-01 08:34:02.297,NEW_DATA,3.3999,72.558,27.0832
2026-06-01 08:34:02.318,NEW_DATA,3.402,71.9378,27.0832
2026-06-01 08:34:02.339,NEW_DATA,3.4083,71.372,27.0832
2026-06-01 08:34:02.360,NEW_DATA,3.4003,70.8944,27.0832
2026-06-01 08:34:02.380,NEW_DATA,3.4062,70.4644,27.0832
2026-06-01 08:34:02.401,NEW_DATA,3.4055,70.0107,27.0832
2026-06-01 08:34:02.423,NEW_DATA,3.3999,69.5034,27.0832
2026-06-01 08:34:02.443,NEW_DATA,3.402,68.95,27.0832
2026-06-01 08:34:02.464,NEW_DATA,3.4041,68.5426,27.0832
2026-06-01 08:34:02.484,NEW_DATA,3.4069,68.0901,27.0832
2026-06-01 08:34:02.505,NEW_DATA,3.3999,67.685,27.0832
2026-06-01 08:34:02.527,NEW_DATA,3.4048,67.243,27.0832
2026-06-01 08:34:02.547,NEW_DATA,3.4076,66.9005,27.0832
2026-06-01 08:34:02.568,NEW_DATA,3.4096,66.5001,27.0832
2026-06-01 08:34:02.588,NEW_DATA,3.4034,66.1922,27.0832
2026-06-01 08:34:02.609,NEW_DATA,3.4086,65.8783,27.0832
2026-06-01 08:34:02.629,NEW_DATA,3.4083,65.6037,27.0832
2026-06-01 08:34:02.650,NEW_DATA,3.4062,65.3263,27.0832
2026-06-01 08:34:02.672,NEW_DATA,3.4096,65.0682,27.0832
2026-06-01 08:34:02.692,NEW_DATA,3.411,64.83,27.0832
2026-06-01 08:34:02.713,NEW_DATA,3.4055,64.597,27.0832
2026-06-01 08:34:02.734,NEW_DATA,3.4069,64.3877,27.0832
2026-06-01 08:34:02.754,NEW_DATA,3.4117,64.2257,27.0832
2026-06-01 08:34:02.775,NEW_DATA,3.4055,64.0719,27.0832
2026-06-01 08:34:02.795,NEW_DATA,3.4083,63.9575,27.0832
2026-06-01 08:34:02.816,NEW_DATA,3.4096,63.8304,27.0832
2026-06-01 08:34:02.836,NEW_DATA,3.4131,63.7491,27.0832
2026-06-01 08:34:02.857,NEW_DATA,3.4173,63.6733,27.0832
2026-06-01 08:34:02.878,NEW_DATA,3.4096,63.636,27.0832
2026-06-01 08:34:02.898,NEW_DATA,3.4124,63.6267,98.6937
2026-06-01 08:34:02.919,NEW_DATA,3.411,63.6268,98.6937
2026-06-01 08:34:02.939,NEW_DATA,3.4083,63.6271,98.6937
2026-06-01 08:34:02.960,NEW_DATA,3.4124,63.6277,98.6937
2026-06-01 08:34:02.980,NEW_DATA,3.4107,63.6283,98.6937
2026-06-01 08:34:03.000,NEW_DATA,3.4083,63.6292,98.6937
2026-06-01 08:34:03.021,NEW_DATA,3.4121,63.6303,98.6937
2026-06-01 08:34:03.042,NEW_DATA,3.418,63.6316,98.6937
2026-06-01 08:34:03.063,NEW_DATA,3.4117,63.6332,98.6937
2026-06-01 08:34:03.083,NEW_DATA,3.4086,63.6349,98.6937
2026-06-01 08:34:03.104,NEW_DATA,3.411,63.6366,98.6937
2026-06-01 08:34:03.124,NEW_DATA,3.4138,63.6388,98.6937
2026-06-01 08:34:03.144,NEW_DATA,3.4062,63.641,98.6937
2026-06-01 08:34:03.165,NEW_DATA,3.4069,63.6432,98.6937
2026-06-01 08:34:03.186,NEW_DATA,3.4124,63.6458,98.6937
2026-06-01 08:34:03.206,NEW_DATA,3.4096,63.6486,98.6937
2026-06-01 08:34:03.227,NEW_DATA,3.409,63.6515,98.6937
2026-06-01 08:34:03.247,NEW_DATA,3.4124,63.6546,98.6937
2026-06-01 08:34:03.267,NEW_DATA,3.41,63.6582,98.6937
2026-06-01 08:34:03.288,NEW_DATA,3.4062,63.6617,98.6937
2026-06-01 08:34:03.310,NEW_DATA,3.4086,63.6654,98.6937
2026-06-01 08:34:03.330,NEW_DATA,3.4096,63.669,98.6937
2026-06-01 08:34:03.351,NEW_DATA,3.4076,63.6736,98.6937
2026-06-01 08:34:03.371,NEW_DATA,3.4093,63.6779,98.6937
2026-06-01 08:34:03.392,NEW_DATA,3.4086,63.682,98.6937
2026-06-01 08:34:03.414,NEW_DATA,3.4013,63.6863,98.6937
2026-06-01 08:34:03.434,NEW_DATA,3.4069,63.6907,98.6937
2026-06-01 08:34:03.454,NEW_DATA,3.41,63.696,98.6937
2026-06-01 08:34:03.475,NEW_DATA,3.4069,63.7011,98.6937
2026-06-01 08:34:03.495,NEW_DATA,3.4093,63.7072,98.6937
2026-06-01 08:34:03.516,NEW_DATA,3.4072,63.7123,98.6937
2026-06-01 08:34:03.537,NEW_DATA,3.4096,63.718,98.6937
2026-06-01 08:34:03.559,NEW_DATA,3.4031,63.7238,98.6937
2026-06-01 08:34:03.579,NEW_DATA,3.4069,63.7299,98.6937
2026-06-01 08:34:03.601,NEW_DATA,3.4103,63.7365,98.6937
2026-06-01 08:34:03.621,NEW_DATA,3.4086,63.7434,98.6937
2026-06-01 08:34:03.641,NEW_DATA,3.4124,63.7505,98.6937
2026-06-01 08:34:03.662,NEW_DATA,3.4069,63.7577,98.6937
2026-06-01 08:34:03.682,NEW_DATA,3.4083,63.7647,98.6937
2026-06-01 08:34:03.703,NEW_DATA,3.4069,63.7724,98.6937
2026-06-01 08:34:03.723,NEW_DATA,3.4055,63.7797,98.6937
2026-06-01 08:34:03.744,NEW_DATA,3.4086,63.7861,98.6937
2026-06-01 08:34:03.764,NEW_DATA,3.4055,63.7943,98.6937
2026-06-01 08:34:03.785,NEW_DATA,3.4013,63.8033,98.6937
2026-06-01 08:34:03.806,NEW_DATA,3.4076,63.8119,98.6937
2026-06-01 08:34:03.827,NEW_DATA,3.4062,63.8207,98.6937
2026-06-01 08:34:03.847,NEW_DATA,3.409,63.8292,98.6937
2026-06-01 08:34:03.868,NEW_DATA,3.4048,63.8377,98.6937
2026-06-01 08:34:03.889,NEW_DATA,3.4083,63.8478,98.6937
2026-06-01 08:34:03.910,NEW_DATA,3.4048,63.8567,98.6937
2026-06-01 08:34:03.930,NEW_DATA,3.4027,63.8639,98.6937
2026-06-01 08:34:03.951,NEW_DATA,3.4041,63.8731,98.6937
2026-06-01 08:34:03.971,NEW_DATA,3.4069,63.8833,98.6937
2026-06-01 08:34:03.992,NEW_DATA,3.4044,63.8929,98.6937
2026-06-01 08:34:04.012,NEW_DATA,3.4048,63.9034,98.6937
2026-06-01 08:34:04.032,NEW_DATA,3.4027,63.9155,98.6937
2026-06-01 08:34:04.053,NEW_DATA,3.4069,63.9257,98.6937
2026-06-01 08:34:04.074,NEW_DATA,3.4027,63.936,98.6937
2026-06-01 08:34:04.094,NEW_DATA,3.4034,63.9465,98.6937
2026-06-01 08:34:04.114,NEW_DATA,3.4051,63.9572,98.6937
2026-06-01 08:34:04.134,NEW_DATA,3.401,63.9688,98.6937
2026-06-01 08:34:04.155,NEW_DATA,3.3979,63.9791,98.6937
2026-06-01 08:34:04.175,NEW_DATA,3.4013,63.9903,98.6937
2026-06-01 08:34:04.196,NEW_DATA,3.4083,64.0016,98.6937
2026-06-01 08:34:04.216,NEW_DATA,3.4044,64.0132,98.6937
2026-06-01 08:34:04.237,NEW_DATA,3.3999,64.0257,98.6937
2026-06-01 08:34:04.258,NEW_DATA,3.402,64.0359,93.6483
2026-06-01 08:34:04.279,NEW_DATA,3.4013,64.0555,93.6483
2026-06-01 08:34:04.299,NEW_DATA,3.4013,64.0782,93.6483
2026-06-01 08:34:04.320,NEW_DATA,3.4027,64.1118,93.6483
2026-06-01 08:34:04.341,NEW_DATA,3.4017,64.1473,93.6483
2026-06-01 08:34:04.361,NEW_DATA,3.3965,64.1954,93.6483
2026-06-01 08:34:04.382,NEW_DATA,3.402,64.2469,93.6483
2026-06-01 08:34:04.403,NEW_DATA,3.4013,64.3049,93.6483
2026-06-01 08:34:04.423,NEW_DATA,3.3985,64.369,93.6483
2026-06-01 08:34:04.444,NEW_DATA,3.4058,64.434,93.6483
2026-06-01 08:34:04.464,NEW_DATA,3.4006,64.5153,93.6483
2026-06-01 08:34:04.485,NEW_DATA,3.3999,64.5972,93.6483
2026-06-01 08:34:04.505,NEW_DATA,3.3972,64.6848,93.6483
2026-06-01 08:34:04.526,NEW_DATA,3.4017,64.7847,93.6483
2026-06-01 08:34:04.546,NEW_DATA,3.3999,64.8763,93.6483
2026-06-01 08:34:04.567,NEW_DATA,3.3992,64.98,93.6483
2026-06-01 08:34:04.587,NEW_DATA,3.3989,65.0889,93.6483
2026-06-01 08:34:04.608,NEW_DATA,3.4003,65.1861,93.6483
2026-06-01 08:34:04.629,NEW_DATA,3.3927,65.3041,93.6483
2026-06-01 08:34:04.649,NEW_DATA,3.3958,65.4358,93.6483
2026-06-01 08:34:04.670,NEW_DATA,3.3989,65.5635,93.6483
2026-06-01 08:34:04.691,NEW_DATA,3.3958,65.6956,93.6483
2026-06-01 08:34:04.711,NEW_DATA,3.3944,65.842,93.6483
2026-06-01 08:34:04.731,NEW_DATA,3.3999,65.9829,93.6483
2026-06-01 08:34:04.752,NEW_DATA,3.4013,66.1174,93.6483
2026-06-01 08:34:04.772,NEW_DATA,3.393,66.2446,93.6483
2026-06-01 08:34:04.792,NEW_DATA,3.3972,66.3855,93.6483
2026-06-01 08:34:04.812,NEW_DATA,3.3947,66.5296,93.6483
2026-06-01 08:34:04.833,NEW_DATA,3.3944,66.6881,93.6483
2026-06-01 08:34:04.853,NEW_DATA,3.4027,66.8384,93.6483
2026-06-01 08:34:04.874,NEW_DATA,3.3944,66.9915,93.6483
2026-06-01 08:34:04.896,NEW_DATA,3.3923,67.1715,93.6483
2026-06-01 08:34:04.916,NEW_DATA,3.394,67.3425,93.6483
2026-06-01 08:34:04.936,NEW_DATA,3.3999,67.5163,93.6483
2026-06-01 08:34:04.957,NEW_DATA,3.3944,67.7055,93.6483
2026-06-01 08:34:04.977,NEW_DATA,3.3968,67.8717,93.6483
2026-06-01 08:34:04.998,NEW_DATA,3.3972,68.0399,93.6483
2026-06-01 08:34:05.018,NEW_DATA,3.393,68.2363,93.6483
2026-06-01 08:34:05.039,NEW_DATA,3.3906,68.4349,93.6483
2026-06-01 08:34:05.059,NEW_DATA,3.3972,68.6221,93.6483
2026-06-01 08:34:05.079,NEW_DATA,3.3965,68.8245,93.6483
2026-06-01 08:34:05.100,NEW_DATA,3.393,69.0284,93.6483
2026-06-01 08:34:05.121,NEW_DATA,3.3965,69.22,93.6483
2026-06-01 08:34:05.141,NEW_DATA,3.394,69.3988,93.6483
2026-06-01 08:34:05.162,NEW_DATA,3.3958,69.6198,93.6483
2026-06-01 08:34:05.182,NEW_DATA,3.3923,69.8137,93.6483
2026-06-01 08:34:05.203,NEW_DATA,3.3958,70.0081,93.6483
2026-06-01 08:34:05.223,NEW_DATA,3.3961,70.2026,93.6483
2026-06-01 08:34:05.243,NEW_DATA,3.3902,70.3831,93.6483
2026-06-01 08:34:05.264,NEW_DATA,3.3965,70.5496,93.6483
2026-06-01 08:34:05.284,NEW_DATA,3.393,70.7709,93.6483
2026-06-01 08:34:05.305,NEW_DATA,3.3906,70.9639,93.6483
2026-06-01 08:34:05.325,NEW_DATA,3.392,71.1695,93.6483
2026-06-01 08:34:05.346,NEW_DATA,3.3933,71.3194,93.6483
2026-06-01 08:34:05.367,NEW_DATA,3.3895,71.5223,93.6483
2026-06-01 08:34:05.388,NEW_DATA,3.3909,71.7233,93.6483
2026-06-01 08:34:05.408,NEW_DATA,3.3958,71.9352,93.6483
2026-06-01 08:34:05.429,NEW_DATA,3.3992,72.1182,93.6483
2026-06-01 08:34:05.449,NEW_DATA,3.3916,72.2987,93.6483
2026-06-01 08:34:05.470,NEW_DATA,3.3944,72.4764,95.1463
2026-06-01 08:34:05.490,NEW_DATA,3.3961,72.6812,95.1463
2026-06-01 08:34:05.510,NEW_DATA,3.3937,72.8785,95.1463
2026-06-01 08:34:05.532,NEW_DATA,3.3902,73.0806,95.1463
2026-06-01 08:34:05.552,NEW_DATA,3.392,73.2874,95.1463
2026-06-01 08:34:05.573,NEW_DATA,3.3916,73.4989,95.1463
2026-06-01 08:34:05.593,NEW_DATA,3.3916,73.6857,95.1463
2026-06-01 08:34:05.615,NEW_DATA,3.3902,73.9496,95.1463
2026-06-01 08:34:05.635,NEW_DATA,3.392,74.159,95.1463
2026-06-01 08:34:05.655,NEW_DATA,3.3972,74.3412,95.1463
2026-06-01 08:34:05.675,NEW_DATA,3.392,74.5724,95.1463
2026-06-01 08:34:05.696,NEW_DATA,3.3888,74.8072,95.1463
2026-06-01 08:34:05.716,NEW_DATA,3.392,75.0454,95.1463
2026-06-01 08:34:05.737,NEW_DATA,3.393,75.2708,95.1463
2026-06-01 08:34:05.757,NEW_DATA,3.3888,75.5152,95.1463
2026-06-01 08:34:05.778,NEW_DATA,3.3909,75.746,95.1463
2026-06-01 08:34:05.799,NEW_DATA,3.3909,75.9624,95.1463
2026-06-01 08:34:05.819,NEW_DATA,3.3888,76.2145,95.1463
2026-06-01 08:34:05.840,NEW_DATA,3.3878,76.4179,95.1463
2026-06-01 08:34:05.861,NEW_DATA,3.3916,76.6569,95.1463
2026-06-01 08:34:05.881,NEW_DATA,3.3902,76.8977,95.1463
2026-06-01 08:34:05.901,NEW_DATA,3.3878,77.1227,95.1463
2026-06-01 08:34:05.922,NEW_DATA,3.3923,77.3663,95.1463
2026-06-01 08:34:05.944,NEW_DATA,3.3916,77.6286,95.1463
2026-06-01 08:34:05.965,NEW_DATA,3.3895,77.8921,95.1463
2026-06-01 08:34:05.986,NEW_DATA,3.3895,78.1564,95.1463
2026-06-01 08:34:06.007,NEW_DATA,3.3909,78.4037,95.1463
2026-06-01 08:34:06.027,NEW_DATA,3.3892,78.669,95.1463
2026-06-01 08:34:06.047,NEW_DATA,3.3888,78.9345,95.1463
2026-06-01 08:34:06.067,NEW_DATA,3.3909,79.1998,95.1463
2026-06-01 08:34:06.088,NEW_DATA,3.3902,79.4647,95.1463
2026-06-01 08:34:06.109,NEW_DATA,3.3902,79.7113,95.1463
2026-06-01 08:34:06.130,NEW_DATA,3.385,79.9395,95.1463
2026-06-01 08:34:06.150,NEW_DATA,3.393,80.1667,95.1463
2026-06-01 08:34:06.171,NEW_DATA,3.3951,80.4102,95.1463
2026-06-01 08:34:06.191,NEW_DATA,3.3909,80.6349,95.1463
2026-06-01 08:34:06.212,NEW_DATA,3.393,80.8751,95.1463
2026-06-01 08:34:06.233,NEW_DATA,3.3916,81.0962,95.1463
2026-06-01 08:34:06.253,NEW_DATA,3.3892,81.3154,95.1463
2026-06-01 08:34:06.274,NEW_DATA,3.3916,81.5655,95.1463
2026-06-01 08:34:06.294,NEW_DATA,3.3933,81.8613,95.1463
2026-06-01 08:34:06.315,NEW_DATA,3.3909,82.0876,95.1463
2026-06-01 08:34:06.336,NEW_DATA,3.3888,82.3261,95.1463
2026-06-01 08:34:06.358,NEW_DATA,3.3909,82.5603,95.1463
2026-06-01 08:34:06.380,NEW_DATA,3.3916,82.8047,95.1463
2026-06-01 08:34:06.401,NEW_DATA,3.3888,83.0432,95.1463
2026-06-01 08:34:06.421,NEW_DATA,3.3916,83.2467,95.1463
2026-06-01 08:34:06.442,NEW_DATA,3.3944,83.473,95.1463
2026-06-01 08:34:06.463,NEW_DATA,3.3958,83.6784,95.1463
2026-06-01 08:34:06.483,NEW_DATA,3.3979,83.8772,95.1463
2026-06-01 08:34:06.504,NEW_DATA,3.3902,84.0577,96.76
2026-06-01 08:34:06.526,NEW_DATA,3.3916,84.2617,96.76
2026-06-01 08:34:06.546,NEW_DATA,3.3958,84.4509,96.76
2026-06-01 08:34:06.567,NEW_DATA,3.3916,84.6133,96.76
2026-06-01 08:34:06.587,NEW_DATA,3.3906,84.7744,96.76
2026-06-01 08:34:06.608,NEW_DATA,3.3937,84.934,96.76
2026-06-01 08:34:06.629,NEW_DATA,3.3916,85.1043,96.76
2026-06-01 08:34:06.650,NEW_DATA,3.3888,85.285,96.76
2026-06-01 08:34:06.671,NEW_DATA,3.3923,85.4402,96.76
2026-06-01 08:34:06.691,NEW_DATA,3.3947,85.6177,96.76
2026-06-01 08:34:06.712,NEW_DATA,3.3916,85.7934,96.76
2026-06-01 08:34:06.733,NEW_DATA,3.3878,85.979,96.76
2026-06-01 08:34:06.754,NEW_DATA,3.3927,86.1628,96.76
2026-06-01 08:34:06.776,NEW_DATA,3.3944,86.3108,96.76
2026-06-01 08:34:06.795,NEW_DATA,3.3875,86.4576,96.76
2026-06-01 08:34:06.815,NEW_DATA,3.3916,86.6032,96.76
2026-06-01 08:34:06.837,NEW_DATA,3.3906,86.77,96.76
2026-06-01 08:34:06.857,NEW_DATA,3.3892,86.9462,96.76
2026-06-01 08:34:06.878,NEW_DATA,3.3888,87.0991,96.76
2026-06-01 08:34:06.900,NEW_DATA,3.3902,87.2724,96.76
2026-06-01 08:34:06.922,NEW_DATA,3.3909,87.4229,96.76
2026-06-01 08:34:06.943,NEW_DATA,3.3892,87.5723,96.76
2026-06-01 08:34:06.963,NEW_DATA,3.3878,87.7101,96.76
2026-06-01 08:34:06.983,NEW_DATA,3.3902,87.8785,96.76
2026-06-01 08:34:07.005,NEW_DATA,3.3923,88.0456,96.76
2026-06-01 08:34:07.026,NEW_DATA,3.385,88.2012,96.76
2026-06-01 08:34:07.047,NEW_DATA,3.3895,88.3456,96.76
2026-06-01 08:34:07.070,NEW_DATA,3.3878,88.4993,96.76
2026-06-01 08:34:07.090,NEW_DATA,3.3895,88.642,96.76
2026-06-01 08:34:07.110,NEW_DATA,3.3878,88.784,96.76
2026-06-01 08:34:07.131,NEW_DATA,3.3902,88.9354,96.76
2026-06-01 08:34:07.152,NEW_DATA,3.3899,89.0861,96.76
2026-06-01 08:34:07.171,NEW_DATA,3.3878,89.2361,96.76
2026-06-01 08:34:07.192,NEW_DATA,3.3836,89.3656,96.76
2026-06-01 08:34:07.213,NEW_DATA,3.3916,89.5245,96.76
2026-06-01 08:34:07.234,NEW_DATA,3.3916,89.6631,96.76
2026-06-01 08:34:07.254,NEW_DATA,3.3868,89.7815,96.76
2026-06-01 08:34:07.276,NEW_DATA,3.3888,89.9391,96.76
2026-06-01 08:34:07.296,NEW_DATA,3.3909,90.0865,96.76
2026-06-01 08:34:07.316,NEW_DATA,3.3868,90.2239,96.76
2026-06-01 08:34:07.337,NEW_DATA,3.3857,90.3612,96.76
2026-06-01 08:34:07.358,NEW_DATA,3.3895,90.4885,96.76
2026-06-01 08:34:07.378,NEW_DATA,3.3909,90.6256,96.76
2026-06-01 08:34:07.401,NEW_DATA,3.3923,90.7627,96.76
2026-06-01 08:34:07.421,NEW_DATA,3.3902,90.9097,96.76
2026-06-01 08:34:07.441,NEW_DATA,3.3895,91.047,94.2525
2026-06-01 08:34:07.461,NEW_DATA,3.3861,91.1663,94.2525
2026-06-01 08:34:07.481,NEW_DATA,3.3864,91.3089,94.2525
2026-06-01 08:34:07.502,NEW_DATA,3.3909,91.455,94.2525
2026-06-01 08:34:07.522,NEW_DATA,3.3916,91.626,94.2525
2026-06-01 08:34:07.542,NEW_DATA,3.3868,91.7678,94.2525
2026-06-01 08:34:07.563,NEW_DATA,3.3885,91.9342,94.2525
2026-06-01 08:34:07.584,NEW_DATA,3.3885,92.0921,94.2525
2026-06-01 08:34:07.604,NEW_DATA,3.3875,92.2749,94.2525
2026-06-01 08:34:07.627,NEW_DATA,3.3854,92.4601,94.2525
2026-06-01 08:34:07.647,NEW_DATA,3.3861,92.6354,94.2525
2026-06-01 08:34:07.667,NEW_DATA,3.3888,92.8237,94.2525
2026-06-01 08:34:07.690,NEW_DATA,3.3875,92.9893,94.2525
2026-06-01 08:34:07.710,NEW_DATA,3.3868,93.1553,94.2525
2026-06-01 08:34:07.729,NEW_DATA,3.3906,93.3214,94.2525
2026-06-01 08:34:07.750,NEW_DATA,3.3906,93.5109,94.2525
2026-06-01 08:34:07.771,NEW_DATA,3.3833,93.6761,94.2525
2026-06-01 08:34:07.793,NEW_DATA,3.3888,93.8638,94.2525
2026-06-01 08:34:07.814,NEW_DATA,3.3854,94.0498,94.2525
2026-06-01 08:34:07.836,NEW_DATA,3.3854,94.2221,94.2525
2026-06-01 08:34:07.856,NEW_DATA,3.3861,94.3017,94.2525
2026-06-01 08:34:07.894,NEW_DATA,3.3864,94.3131,94.2525
2026-06-01 08:34:07.924,NEW_DATA,3.3847,94.3357,94.2525
2026-06-01 08:34:07.935,NEW_DATA,3.384,94.347,94.2525
2026-06-01 08:34:07.963,NEW_DATA,3.3861,94.3808,94.2525
2026-06-01 08:34:07.992,NEW_DATA,3.384,94.3921,94.2525
2026-06-01 08:34:08.022,NEW_DATA,3.3847,94.4145,94.2525
2026-06-01 08:34:08.053,NEW_DATA,3.3871,94.4369,94.2525
2026-06-01 08:34:08.089,NEW_DATA,3.3881,94.4593,94.2525
2026-06-01 08:34:08.116,NEW_DATA,3.3861,94.4816,94.2525
2026-06-01 08:34:08.146,NEW_DATA,3.3875,94.515,94.2525
2026-06-01 08:34:08.178,NEW_DATA,3.385,94.526,94.2525
2026-06-01 08:34:08.210,NEW_DATA,3.3826,94.5482,94.2525
2026-06-01 08:34:08.241,NEW_DATA,3.3861,94.5703,94.2525
2026-06-01 08:34:08.273,NEW_DATA,3.3868,94.5923,94.2525
2026-06-01 08:34:08.302,NEW_DATA,3.384,94.6143,94.2525
2026-06-01 08:34:08.333,NEW_DATA,3.3847,94.6361,94.2525
2026-06-01 08:34:08.367,NEW_DATA,3.3854,94.658,94.2525
2026-06-01 08:34:08.395,NEW_DATA,3.3878,94.6798,94.2525
2026-06-01 08:34:08.427,NEW_DATA,3.3902,94.7015,94.2525
2026-06-01 08:34:08.459,NEW_DATA,3.3881,94.7231,94.2525
2026-06-01 08:34:08.491,NEW_DATA,3.3833,94.7447,94.2525
2026-06-01 08:34:08.522,NEW_DATA,3.3833,94.7663,94.2525
2026-06-01 08:34:08.553,NEW_DATA,3.3805,94.7877,94.2525
2026-06-01 08:34:08.585,NEW_DATA,3.3833,94.8091,94.2525
2026-06-01 08:34:08.616,NEW_DATA,3.385,94.8304,94.2525
2026-06-01 08:34:08.646,NEW_DATA,3.385,94.8516,94.2525
2026-06-01 08:34:08.677,NEW_DATA,3.3875,94.8728,94.2525
2026-06-01 08:34:08.709,NEW_DATA,3.3895,94.8939,94.2525
2026-06-01 08:34:08.741,NEW_DATA,3.3881,94.9149,94.2525
2026-06-01 08:34:08.771,NEW_DATA,3.3861,94.9359,94.2525
2026-06-01 08:34:08.805,NEW_DATA,3.385,94.9568,94.2525
2026-06-01 08:34:08.835,NEW_DATA,3.3847,94.9776,94.2525
2026-06-01 08:34:08.867,NEW_DATA,3.3822,94.9983,94.2525
2026-06-01 08:34:08.898,NEW_DATA,3.3826,95.0189,94.2525
2026-06-01 08:34:08.929,NEW_DATA,3.3836,95.0395,94.2525
2026-06-01 08:34:08.962,NEW_DATA,3.384,95.06,94.2525
2026-06-01 08:34:08.993,NEW_DATA,3.3861,95.0803,94.2525
2026-06-01 08:34:09.023,NEW_DATA,3.3861,95.1007,94.2525
2026-06-01 08:34:09.052,NEW_DATA,3.3864,95.1209,94.2525
2026-06-01 08:34:09.085,NEW_DATA,3.3854,95.141,94.2525
2026-06-01 08:34:09.116,NEW_DATA,3.3833,95.1611,94.2525
2026-06-01 08:34:09.145,NEW_DATA,3.3847,95.191,94.2525
2026-06-01 08:34:09.176,NEW_DATA,3.3854,95.2009,94.2525
2026-06-01 08:34:09.208,NEW_DATA,3.3847,95.2207,94.2525
2026-06-01 08:34:09.241,NEW_DATA,3.3836,95.2404,94.2525
2026-06-01 08:34:09.271,NEW_DATA,3.3861,95.26,94.2525
2026-06-01 08:34:09.302,NEW_DATA,3.3902,95.2892,94.2525
2026-06-01 08:34:09.334,NEW_DATA,3.3868,95.2989,94.2525
2026-06-01 08:34:09.365,NEW_DATA,3.3875,95.3183,94.2525
2026-06-01 08:34:09.396,NEW_DATA,3.3861,95.3375,94.2525
2026-06-01 08:34:09.427,NEW_DATA,3.3857,95.3566,94.2525
2026-06-01 08:34:09.459,NEW_DATA,3.3805,95.3756,94.2525
2026-06-01 08:34:09.490,NEW_DATA,3.3816,95.3946,94.2525
2026-06-01 08:34:09.521,NEW_DATA,3.3805,95.4134,94.2525
2026-06-01 08:34:09.553,NEW_DATA,3.3833,95.4321,94.2525
2026-06-01 08:34:09.584,NEW_DATA,3.3909,95.4507,94.2525
2026-06-01 08:34:09.615,NEW_DATA,3.3861,95.4692,94.2525
2026-06-01 08:34:09.646,NEW_DATA,3.3861,95.4968,94.2525
2026-06-01 08:34:09.679,NEW_DATA,3.3875,95.506,94.2525
2026-06-01 08:34:09.708,NEW_DATA,3.3861,95.5242,94.2525
2026-06-01 08:34:09.739,NEW_DATA,3.3854,95.5423,94.2525
2026-06-01 08:34:09.772,NEW_DATA,3.3847,95.5602,94.2525
2026-06-01 08:34:09.802,NEW_DATA,3.3861,95.5781,94.2525
2026-06-01 08:34:09.835,NEW_DATA,3.384,95.5959,94.2525
2026-06-01 08:34:09.866,NEW_DATA,3.385,95.6135,94.2525
2026-06-01 08:34:09.896,NEW_DATA,3.3847,95.631,94.2525
2026-06-01 08:34:09.926,NEW_DATA,3.3881,95.6484,94.2525
2026-06-01 08:34:09.958,NEW_DATA,3.3895,95.6657,94.2525
2026-06-01 08:34:09.990,NEW_DATA,3.3847,95.6829,94.2525
2026-06-01 08:34:10.023,NEW_DATA,3.3861,95.7,94.2525
2026-06-01 08:34:10.053,NEW_DATA,3.384,95.7169,94.2525
2026-06-01 08:34:10.086,NEW_DATA,3.3861,95.7337,94.2525
2026-06-01 08:34:10.116,NEW_DATA,3.3826,95.7505,94.2525
2026-06-01 08:34:10.146,NEW_DATA,3.3868,95.767,94.2525
2026-06-01 08:34:10.178,NEW_DATA,3.3847,95.7835,94.2525
2026-06-01 08:34:10.209,NEW_DATA,3.3854,95.7998,94.2525
2026-06-01 08:34:10.241,NEW_DATA,3.3861,95.816,94.2525
2026-06-01 08:34:10.272,NEW_DATA,3.3868,95.8321,94.2525
2026-06-01 08:34:10.303,NEW_DATA,3.385,95.848,94.2525
2026-06-01 08:34:10.337,NEW_DATA,3.3881,95.8638,94.2525
2026-06-01 08:34:10.366,NEW_DATA,3.3861,95.8795,94.2525
2026-06-01 08:34:10.397,NEW_DATA,3.3833,95.9028,94.2525
2026-06-01 08:34:10.427,NEW_DATA,3.3822,95.9105,94.2525
2026-06-01 08:34:10.460,NEW_DATA,3.3861,95.9258,94.2525
2026-06-01 08:34:10.491,NEW_DATA,3.384,95.9409,94.2525
2026-06-01 08:34:10.523,NEW_DATA,3.3854,95.956,94.2525
2026-06-01 08:34:10.555,NEW_DATA,3.3888,95.9708,94.2525
2026-06-01 08:34:10.586,NEW_DATA,3.3892,95.9856,94.2525
2026-06-01 08:34:10.618,NEW_DATA,3.3861,96.0002,94.2525
2026-06-01 08:34:10.649,NEW_DATA,3.3857,96.0146,94.2525
2026-06-01 08:34:10.679,NEW_DATA,3.3836,96.036,94.2525
2026-06-01 08:34:10.712,NEW_DATA,3.3822,96.0502,94.2525
2026-06-01 08:34:10.742,NEW_DATA,3.3798,96.0572,94.2525
2026-06-01 08:34:10.774,NEW_DATA,3.3854,96.071,94.2525
2026-06-01 08:34:10.805,NEW_DATA,3.384,96.0848,94.2525
2026-06-01 08:34:10.836,NEW_DATA,3.3833,96.0984,94.2525
2026-06-01 08:34:10.867,NEW_DATA,3.3875,96.1118,94.2525
2026-06-01 08:34:10.899,NEW_DATA,3.3878,96.1251,94.2525
2026-06-01 08:34:10.930,NEW_DATA,3.3868,96.1448,94.2525
2026-06-01 08:34:10.962,NEW_DATA,3.3833,96.1512,94.2525
2026-06-01 08:34:10.994,NEW_DATA,3.3857,96.1641,94.2525
2026-06-01 08:34:11.026,NEW_DATA,3.3819,96.1768,94.2525
2026-06-01 08:34:11.058,NEW_DATA,3.3805,96.1893,94.2525
2026-06-01 08:34:11.089,NEW_DATA,3.3812,96.2016,94.2525
2026-06-01 08:34:11.121,NEW_DATA,3.384,96.2139,94.2525
2026-06-01 08:34:11.152,NEW_DATA,3.3833,96.2259,94.2525
2026-06-01 08:34:11.182,NEW_DATA,3.3861,96.2378,94.2525
2026-06-01 08:34:11.215,NEW_DATA,3.3875,96.2495,94.2525
2026-06-01 08:34:11.247,NEW_DATA,3.3854,96.2611,94.2525
2026-06-01 08:34:11.277,NEW_DATA,3.384,96.2725,94.2525
2026-06-01 08:34:11.310,NEW_DATA,3.3847,96.2838,94.2525
2026-06-01 08:34:11.344,NEW_DATA,3.3819,96.2949,94.2525
2026-06-01 08:34:11.375,NEW_DATA,3.3816,96.3058,94.2525
2026-06-01 08:34:11.406,NEW_DATA,3.3829,96.3165,94.2525
2026-06-01 08:34:11.436,NEW_DATA,3.3819,96.3271,94.2525
2026-06-01 08:34:11.466,NEW_DATA,3.3826,96.3375,94.2525
2026-06-01 08:34:11.497,NEW_DATA,3.385,96.3478,94.2525
2026-06-01 08:34:11.532,NEW_DATA,3.384,96.3628,94.2525
2026-06-01 08:34:11.560,NEW_DATA,3.385,96.3677,94.2525
2026-06-01 08:34:11.592,NEW_DATA,3.3847,96.3774,94.2525
2026-06-01 08:34:11.624,NEW_DATA,3.3833,96.387,94.2525
2026-06-01 08:34:11.656,NEW_DATA,3.3812,96.3964,94.2525
2026-06-01 08:34:11.687,NEW_DATA,3.3819,96.4055,94.2525
2026-06-01 08:34:11.716,NEW_DATA,3.3822,96.419,94.2525
2026-06-01 08:34:11.748,NEW_DATA,3.385,96.4277,94.2525
2026-06-01 08:34:11.780,NEW_DATA,3.3868,96.432,94.2525
2026-06-01 08:34:11.810,NEW_DATA,3.3875,96.4405,94.2525
2026-06-01 08:34:11.844,NEW_DATA,3.3861,96.4488,94.2525
2026-06-01 08:34:11.874,NEW_DATA,3.3836,96.4569,94.2525
2026-06-01 08:34:11.906,NEW_DATA,3.3833,96.4648,94.2525
2026-06-01 08:34:11.936,NEW_DATA,3.3847,96.4726,94.2525
2026-06-01 08:34:11.967,NEW_DATA,3.3822,96.4801,94.2525
2026-06-01 08:34:11.998,NEW_DATA,3.3798,96.4875,94.2525
2026-06-01 08:34:12.033,NEW_DATA,3.3805,96.4982,94.2525
2026-06-01 08:34:12.063,NEW_DATA,3.3847,96.5016,94.2525
2026-06-01 08:34:12.092,NEW_DATA,3.385,96.5084,94.2525
2026-06-01 08:34:12.124,NEW_DATA,3.3847,96.515,94.2525
2026-06-01 08:34:12.156,NEW_DATA,3.3875,96.5214,94.2525
2026-06-01 08:34:12.188,NEW_DATA,3.3857,96.5276,94.2525
2026-06-01 08:34:12.220,NEW_DATA,3.3829,96.5336,94.2525
2026-06-01 08:34:12.249,NEW_DATA,3.3847,96.5395,94.2525
2026-06-01 08:34:12.283,NEW_DATA,3.3819,96.5478,94.2525
2026-06-01 08:34:12.311,NEW_DATA,3.3819,96.5505,94.2525
2026-06-01 08:34:12.342,NEW_DATA,3.3826,96.5557,94.2525
2026-06-01 08:34:12.374,NEW_DATA,3.3854,96.5607,94.2525
2026-06-01 08:34:12.404,NEW_DATA,3.3854,96.5656,94.2525
2026-06-01 08:34:12.436,NEW_DATA,3.3878,96.5702,94.2525
2026-06-01 08:34:12.468,NEW_DATA,3.3875,96.5746,94.2525
2026-06-01 08:34:12.497,NEW_DATA,3.3902,96.5788,94.2525
2026-06-01 08:34:12.528,NEW_DATA,3.3881,96.5828,94.2525
2026-06-01 08:34:12.560,NEW_DATA,3.3875,96.5866,94.2525
2026-06-01 08:34:12.591,NEW_DATA,3.3878,96.5902,94.2525
2026-06-01 08:34:12.623,NEW_DATA,3.3875,96.5935,94.2525
2026-06-01 08:34:12.656,NEW_DATA,3.3878,96.5967,94.2525
2026-06-01 08:34:12.686,NEW_DATA,3.3881,96.5997,94.2525
2026-06-01 08:34:12.717,NEW_DATA,3.3916,96.6024,94.2525
2026-06-01 08:34:12.749,NEW_DATA,3.3875,96.6049,94.2525
2026-06-01 08:34:12.780,NEW_DATA,3.3902,96.6083,94.2525
2026-06-01 08:34:12.812,NEW_DATA,3.3888,96.6093,94.2525
2026-06-01 08:34:12.843,NEW_DATA,3.3868,96.6112,94.2525
2026-06-01 08:34:12.873,NEW_DATA,3.3854,96.6129,94.2525
2026-06-01 08:34:12.906,NEW_DATA,3.3833,96.6143,94.2525
2026-06-01 08:34:12.940,NEW_DATA,3.3822,96.6156,94.2525
2026-06-01 08:34:12.969,NEW_DATA,3.3826,96.6166,94.2525
2026-06-01 08:34:13.001,NEW_DATA,3.3868,96.6173,94.2525
2026-06-01 08:34:13.031,NEW_DATA,3.3875,96.6179,94.2525
2026-06-01 08:34:13.061,NEW_DATA,3.3888,96.6182,94.2525
2026-06-01 08:34:13.092,NEW_DATA,3.3875,96.6184,91.3901
2026-06-01 08:34:13.123,NEW_DATA,3.3868,96.6183,91.3901
2026-06-01 08:34:13.155,NEW_DATA,3.3875,96.6182,91.3901
2026-06-01 08:34:13.187,NEW_DATA,3.3833,96.6181,91.3901
2026-06-01 08:34:13.216,NEW_DATA,3.3826,96.6178,91.3901
2026-06-01 08:34:13.248,NEW_DATA,3.3836,96.6175,91.3901
2026-06-01 08:34:13.279,NEW_DATA,3.3805,96.6172,91.3901
2026-06-01 08:34:13.311,NEW_DATA,3.3826,96.6168,91.3901
2026-06-01 08:34:13.341,NEW_DATA,3.3868,96.6163,91.3901
2026-06-01 08:34:13.373,NEW_DATA,3.3861,96.6157,91.3901
2026-06-01 08:34:13.403,NEW_DATA,3.3861,96.6151,91.3901
2026-06-01 08:34:13.435,NEW_DATA,3.3861,96.6144,91.3901
2026-06-01 08:34:13.465,NEW_DATA,3.3868,96.6137,91.3901
2026-06-01 08:34:13.498,NEW_DATA,3.384,96.6129,91.3901
2026-06-01 08:34:13.528,NEW_DATA,3.3822,96.612,91.3901
2026-06-01 08:34:13.560,NEW_DATA,3.3836,96.6111,91.3901
2026-06-01 08:34:13.592,NEW_DATA,3.3819,96.6101,91.3901
2026-06-01 08:34:13.624,NEW_DATA,3.3833,96.609,91.3901
2026-06-01 08:34:13.655,NEW_DATA,3.3847,96.6079,91.3901
2026-06-01 08:34:13.685,NEW_DATA,3.3861,96.6067,91.3901
2026-06-01 08:34:13.718,NEW_DATA,3.3833,96.6048,91.3901
2026-06-01 08:34:13.747,NEW_DATA,3.3854,96.6042,91.3901
2026-06-01 08:34:13.777,NEW_DATA,3.384,96.6028,91.3901
2026-06-01 08:34:13.809,NEW_DATA,3.3861,96.6014,91.3901
2026-06-01 08:34:13.841,NEW_DATA,3.3833,96.5991,91.3901
2026-06-01 08:34:13.871,NEW_DATA,3.3833,96.5983,91.3901
2026-06-01 08:34:13.903,NEW_DATA,3.3805,96.5967,91.3901
2026-06-01 08:34:13.932,NEW_DATA,3.3833,96.595,91.3901
2026-06-01 08:34:13.964,NEW_DATA,3.3854,96.5924,91.3901
2026-06-01 08:34:13.996,NEW_DATA,3.3847,96.5905,91.3901
2026-06-01 08:34:14.026,NEW_DATA,3.3868,96.5896,91.3901
2026-06-01 08:34:14.058,NEW_DATA,3.3864,96.5876,91.3901
2026-06-01 08:34:14.089,NEW_DATA,3.3864,96.5856,91.3901
2026-06-01 08:34:14.120,NEW_DATA,3.3854,96.5836,91.3901
2026-06-01 08:34:14.152,NEW_DATA,3.3805,96.5815,91.3901
2026-06-01 08:34:14.182,NEW_DATA,3.3847,96.5793,91.3901
2026-06-01 08:34:14.215,NEW_DATA,3.3805,96.5759,91.3901
2026-06-01 08:34:14.247,NEW_DATA,3.3861,96.5736,91.3901
2026-06-01 08:34:14.276,NEW_DATA,3.3854,96.5724,91.3901
2026-06-01 08:34:14.308,NEW_DATA,3.384,96.57,91.3901
2026-06-01 08:34:14.340,NEW_DATA,3.3861,96.5675,91.3901
2026-06-01 08:34:14.371,NEW_DATA,3.3847,96.565,91.3901
2026-06-01 08:34:14.400,NEW_DATA,3.384,96.5624,91.3901
2026-06-01 08:34:14.433,NEW_DATA,3.3833,96.5584,91.3901
2026-06-01 08:34:14.466,NEW_DATA,3.3902,96.557,91.3901
2026-06-01 08:34:14.495,NEW_DATA,3.3826,96.5542,91.3901
2026-06-01 08:34:14.527,NEW_DATA,3.3836,96.5514,91.3901
2026-06-01 08:34:14.559,NEW_DATA,3.3847,96.5485,91.3901
2026-06-01 08:34:14.590,NEW_DATA,3.3833,96.5456,91.3901
2026-06-01 08:34:14.622,NEW_DATA,3.3847,96.5425,91.3901
2026-06-01 08:34:14.653,NEW_DATA,3.385,96.5395,91.3901
2026-06-01 08:34:14.688,NEW_DATA,3.3868,96.5363,91.3901
2026-06-01 08:34:14.716,NEW_DATA,3.3833,96.5332,91.3901
2026-06-01 08:34:14.747,NEW_DATA,3.3833,96.5283,91.3901
2026-06-01 08:34:14.777,NEW_DATA,3.3822,96.5266,91.3901
2026-06-01 08:34:14.809,NEW_DATA,3.3809,96.5232,91.3901
2026-06-01 08:34:14.839,NEW_DATA,3.384,96.5198,91.3901
2026-06-01 08:34:14.871,NEW_DATA,3.3822,96.5163,91.3901
2026-06-01 08:34:14.902,NEW_DATA,3.3812,96.5128,91.3901
2026-06-01 08:34:14.933,NEW_DATA,3.384,96.5092,91.3901
2026-06-01 08:34:14.964,NEW_DATA,3.3847,96.5037,91.3901
2026-06-01 08:34:14.993,NEW_DATA,3.3868,96.5018,91.3901
2026-06-01 08:34:15.027,NEW_DATA,3.3854,96.4981,91.3901
2026-06-01 08:34:15.057,NEW_DATA,3.3847,96.4943,91.3901
2026-06-01 08:34:15.089,NEW_DATA,3.3819,96.4904,91.3901
2026-06-01 08:34:15.122,NEW_DATA,3.3829,96.4864,91.3901
2026-06-01 08:34:15.152,NEW_DATA,3.3816,96.4824,91.3901
2026-06-01 08:34:15.182,NEW_DATA,3.3819,96.4784,91.3901
2026-06-01 08:34:15.213,NEW_DATA,3.3847,96.4743,91.3901
2026-06-01 08:34:15.245,NEW_DATA,3.3864,96.4701,91.3901
2026-06-01 08:34:15.276,NEW_DATA,3.385,96.4659,91.3901
2026-06-01 08:34:15.307,NEW_DATA,3.3847,96.4616,91.3901
2026-06-01 08:34:15.339,NEW_DATA,3.3833,96.4573,91.3901
2026-06-01 08:34:15.370,NEW_DATA,3.3847,96.4529,91.3901
2026-06-01 08:34:15.402,NEW_DATA,3.3833,96.4462,91.3901
2026-06-01 08:34:15.433,NEW_DATA,3.3805,96.444,91.3901
2026-06-01 08:34:15.465,NEW_DATA,3.3812,96.4394,91.3901
2026-06-01 08:34:15.497,NEW_DATA,3.3847,96.4348,91.3901
2026-06-01 08:34:15.525,NEW_DATA,3.3847,96.4301,91.3901
2026-06-01 08:34:15.557,NEW_DATA,3.3875,96.4254,91.3901
2026-06-01 08:34:15.590,NEW_DATA,3.3861,96.4206,91.3901
2026-06-01 08:34:15.619,NEW_DATA,3.3875,96.4158,91.3901
2026-06-01 08:34:15.652,NEW_DATA,3.384,96.4109,91.3901
2026-06-01 08:34:15.682,NEW_DATA,3.3861,96.406,91.3901
2026-06-01 08:34:15.715,NEW_DATA,3.3805,96.3985,91.3901
2026-06-01 08:34:15.744,NEW_DATA,3.3833,96.396,91.3901
2026-06-01 08:34:15.776,NEW_DATA,3.3819,96.3909,91.3901
2026-06-01 08:34:15.806,NEW_DATA,3.3836,96.3857,91.3901
2026-06-01 08:34:15.839,NEW_DATA,3.3812,96.3805,91.3901
2026-06-01 08:34:15.871,NEW_DATA,3.3861,96.3753,91.3901
2026-06-01 08:34:15.900,NEW_DATA,3.3881,96.3699,91.3901
2026-06-01 08:34:15.933,NEW_DATA,3.3888,96.3619,91.3901
2026-06-01 08:34:15.965,NEW_DATA,3.3868,96.3592,91.3901
2026-06-01 08:34:15.995,NEW_DATA,3.3847,96.3509,91.3901
2026-06-01 08:34:16.026,NEW_DATA,3.3822,96.3482,91.3901
2026-06-01 08:34:16.058,NEW_DATA,3.3816,96.3426,91.3901
2026-06-01 08:34:16.090,NEW_DATA,3.3812,96.337,91.3901
2026-06-01 08:34:16.120,NEW_DATA,3.3833,96.3313,91.3901
2026-06-01 08:34:16.151,NEW_DATA,3.385,96.3255,91.3901
2026-06-01 08:34:16.183,NEW_DATA,3.3861,96.3198,91.3901
2026-06-01 08:34:16.215,NEW_DATA,3.3868,96.3139,91.3901
2026-06-01 08:34:16.247,NEW_DATA,3.3875,96.308,91.3901
2026-06-01 08:34:16.277,NEW_DATA,3.3843,96.3021,91.3901
2026-06-01 08:34:16.307,NEW_DATA,3.3833,96.2961,91.3901
2026-06-01 08:34:16.338,NEW_DATA,3.3826,96.29,91.3901
2026-06-01 08:34:16.369,NEW_DATA,3.385,96.284,91.3901
2026-06-01 08:34:16.401,NEW_DATA,3.3819,96.2778,91.3901
2026-06-01 08:34:16.431,NEW_DATA,3.384,96.2716,91.3901
2026-06-01 08:34:16.463,NEW_DATA,3.3854,96.2622,91.3901
2026-06-01 08:34:16.494,NEW_DATA,3.3875,96.2591,91.3901
2026-06-01 08:34:16.525,NEW_DATA,3.384,96.2527,91.3901
2026-06-01 08:34:16.557,NEW_DATA,3.385,96.2463,91.3901
2026-06-01 08:34:16.592,NEW_DATA,3.384,96.2366,91.3901
2026-06-01 08:34:16.620,NEW_DATA,3.3854,96.2334,91.3901
2026-06-01 08:34:16.649,NEW_DATA,3.3805,96.2268,91.3901
2026-06-01 08:34:16.680,NEW_DATA,3.3791,96.2202,91.3901
2026-06-01 08:34:16.713,NEW_DATA,3.3819,96.2136,91.3901
2026-06-01 08:34:16.745,NEW_DATA,3.3833,96.2069,91.3901
2026-06-01 08:34:16.775,NEW_DATA,3.385,96.2001,91.3901
2026-06-01 08:34:16.807,NEW_DATA,3.3861,96.1933,91.3901
2026-06-01 08:34:16.838,NEW_DATA,3.3836,96.1865,91.3901
2026-06-01 08:34:16.870,NEW_DATA,3.3854,96.1796,91.3901
2026-06-01 08:34:16.902,NEW_DATA,3.3854,96.1727,91.3901
2026-06-01 08:34:16.936,NEW_DATA,3.384,96.1657,91.3901
2026-06-01 08:34:16.967,NEW_DATA,3.3812,96.1551,91.3901
2026-06-01 08:34:16.997,NEW_DATA,3.3819,96.148,91.3901
2026-06-01 08:34:17.031,NEW_DATA,3.3843,96.1444,91.3901
2026-06-01 08:34:17.060,NEW_DATA,3.3812,96.1372,91.3901
2026-06-01 08:34:17.091,NEW_DATA,3.3833,96.13,91.3901
2026-06-01 08:34:17.121,NEW_DATA,3.3868,96.1227,91.3901
2026-06-01 08:34:17.156,NEW_DATA,3.3854,96.1154,91.3901
2026-06-01 08:34:17.184,NEW_DATA,3.385,96.108,91.3901
2026-06-01 08:34:17.217,NEW_DATA,3.3847,96.1006,91.3901
2026-06-01 08:34:17.246,NEW_DATA,3.3861,96.0931,91.3901
2026-06-01 08:34:17.277,NEW_DATA,3.3819,96.0856,91.3901
2026-06-01 08:34:17.309,NEW_DATA,3.3805,96.078,91.3901
2026-06-01 08:34:17.341,NEW_DATA,3.3819,96.0704,91.3901
2026-06-01 08:34:17.371,NEW_DATA,3.3819,96.0628,91.3901
2026-06-01 08:34:17.403,NEW_DATA,3.3833,96.0551,91.3901
2026-06-01 08:34:17.434,NEW_DATA,3.3829,96.0473,91.3901
2026-06-01 08:34:17.464,NEW_DATA,3.3847,96.0395,91.3901
2026-06-01 08:34:17.496,NEW_DATA,3.3878,96.0317,91.3901
2026-06-01 08:34:17.527,NEW_DATA,3.384,96.0238,91.3901
2026-06-01 08:34:17.558,NEW_DATA,3.3847,96.0159,91.3901
2026-06-01 08:34:17.591,NEW_DATA,3.3819,96.0079,91.3901
2026-06-01 08:34:17.620,NEW_DATA,3.3777,95.9999,91.3901
2026-06-01 08:34:17.653,NEW_DATA,3.3805,95.9918,91.3901
2026-06-01 08:34:17.684,NEW_DATA,3.3805,95.9837,91.3901
2026-06-01 08:34:17.715,NEW_DATA,3.3847,95.9755,91.3901
2026-06-01 08:34:17.745,NEW_DATA,3.384,95.9673,91.3901
2026-06-01 08:34:17.775,NEW_DATA,3.3861,95.9591,91.3901
2026-06-01 08:34:17.808,NEW_DATA,3.384,95.9508,91.3901
2026-06-01 08:34:17.838,NEW_DATA,3.384,95.9425,91.3901
2026-06-01 08:34:17.868,NEW_DATA,3.3822,95.9341,91.3901
2026-06-01 08:34:17.900,NEW_DATA,3.3791,95.9257,91.3901
2026-06-01 08:34:17.931,NEW_DATA,3.3819,95.9129,91.3901
2026-06-01 08:34:17.962,NEW_DATA,3.3819,95.9044,91.3901
2026-06-01 08:34:17.994,NEW_DATA,3.3819,95.9001,91.3901
2026-06-01 08:34:18.026,NEW_DATA,3.3826,95.8915,91.3901
2026-06-01 08:34:18.056,NEW_DATA,3.3861,95.8829,91.3901
2026-06-01 08:34:18.086,NEW_DATA,3.3868,95.8742,91.3901
2026-06-01 08:34:18.118,NEW_DATA,3.3868,95.8655,91.3901
2026-06-01 08:34:18.150,NEW_DATA,3.3826,95.8567,91.3901
2026-06-01 08:34:18.179,NEW_DATA,3.3819,95.8479,91.3901
2026-06-01 08:34:18.210,NEW_DATA,3.3819,95.839,91.3901
2026-06-01 08:34:18.240,NEW_DATA,3.3805,95.8301,91.3901
2026-06-01 08:34:18.271,NEW_DATA,3.3819,95.8212,91.3901
2026-06-01 08:34:18.302,NEW_DATA,3.384,95.8122,91.3901
2026-06-01 08:34:18.334,NEW_DATA,3.3847,95.8032,91.3901
2026-06-01 08:34:18.366,NEW_DATA,3.3857,95.7941,91.3901
2026-06-01 08:34:18.397,NEW_DATA,3.3836,95.785,91.3901
2026-06-01 08:34:18.430,NEW_DATA,3.3854,95.7759,91.3901
2026-06-01 08:34:18.460,NEW_DATA,3.384,95.7667,91.3901
2026-06-01 08:34:18.492,NEW_DATA,3.384,95.7574,91.3901
2026-06-01 08:34:18.524,NEW_DATA,3.3847,95.7435,91.3901
2026-06-01 08:34:18.554,NEW_DATA,3.3791,95.7388,91.3901
2026-06-01 08:34:18.586,NEW_DATA,3.3822,95.7295,91.3901
2026-06-01 08:34:18.619,NEW_DATA,3.3812,95.7201,91.3901
2026-06-01 08:34:18.650,NEW_DATA,3.3826,95.7107,91.3901
2026-06-01 08:34:18.681,NEW_DATA,3.3861,95.7012,91.3901
2026-06-01 08:34:18.714,NEW_DATA,3.3864,95.6869,91.3901
2026-06-01 08:34:18.745,NEW_DATA,3.3881,95.6773,91.3901
2026-06-01 08:34:18.776,NEW_DATA,3.3819,95.6725,91.3901
2026-06-01 08:34:18.807,NEW_DATA,3.384,95.6629,91.3901
2026-06-01 08:34:18.840,NEW_DATA,3.3826,95.6532,91.3901
2026-06-01 08:34:18.871,NEW_DATA,3.3819,95.6435,91.3901
2026-06-01 08:34:18.902,NEW_DATA,3.3812,95.6337,91.3901
2026-06-01 08:34:18.935,NEW_DATA,3.384,95.6239,91.3901
2026-06-01 08:34:18.965,NEW_DATA,3.3819,95.6141,91.3901
2026-06-01 08:34:18.996,NEW_DATA,3.3847,95.6042,91.3901
2026-06-01 08:34:19.028,NEW_DATA,3.384,95.5943,91.3901
2026-06-01 08:34:19.062,NEW_DATA,3.3833,95.5844,91.3901
2026-06-01 08:34:19.092,NEW_DATA,3.3864,95.5744,91.3901
2026-06-01 08:34:19.124,NEW_DATA,3.3836,95.5643,91.3901
2026-06-01 08:34:19.156,NEW_DATA,3.3812,95.5543,91.3901
2026-06-01 08:34:19.186,NEW_DATA,3.3829,95.5442,91.3901
2026-06-01 08:34:19.219,NEW_DATA,3.3833,95.534,91.3901
2026-06-01 08:34:19.251,NEW_DATA,3.3843,95.5238,91.3901
2026-06-01 08:34:19.282,NEW_DATA,3.3861,95.5136,91.3901
2026-06-01 08:34:19.313,NEW_DATA,3.3861,95.5034,91.3901
2026-06-01 08:34:19.343,NEW_DATA,3.3861,95.4931,91.3901
2026-06-01 08:34:19.374,NEW_DATA,3.3875,95.4827,91.3901
2026-06-01 08:34:19.406,NEW_DATA,3.3881,95.4724,91.3901
2026-06-01 08:34:19.437,NEW_DATA,3.384,95.462,91.3901
2026-06-01 08:34:19.467,NEW_DATA,3.3812,95.4515,91.3901
2026-06-01 08:34:19.499,NEW_DATA,3.3875,95.4411,91.3901
2026-06-01 08:34:19.531,NEW_DATA,3.384,95.4253,91.3901
2026-06-01 08:34:19.562,NEW_DATA,3.3836,95.42,91.3901
2026-06-01 08:34:19.593,NEW_DATA,3.384,95.4094,91.3901
2026-06-01 08:34:19.626,NEW_DATA,3.384,95.3988,91.3901
2026-06-01 08:34:19.656,NEW_DATA,3.3847,95.3881,91.3901
2026-06-01 08:34:19.688,NEW_DATA,3.3871,95.3775,91.3901
2026-06-01 08:34:19.719,NEW_DATA,3.3888,95.3667,91.3901
2026-06-01 08:34:19.750,NEW_DATA,3.3847,95.356,91.3901
2026-06-01 08:34:19.780,NEW_DATA,3.3826,95.3452,91.3901
2026-06-01 08:34:19.813,NEW_DATA,3.384,95.3343,91.3901
2026-06-01 08:34:19.843,NEW_DATA,3.3833,95.3235,91.3901
2026-06-01 08:34:19.875,NEW_DATA,3.3854,95.3126,91.3901
2026-06-01 08:34:19.906,NEW_DATA,3.3864,95.3016,91.3901
2026-06-01 08:34:19.938,NEW_DATA,3.385,95.2906,91.3901
2026-06-01 08:34:19.968,NEW_DATA,3.3875,95.2796,91.3901
2026-06-01 08:34:20.000,NEW_DATA,3.3875,95.2686,91.3901
2026-06-01 08:34:20.032,NEW_DATA,3.3864,95.2575,91.3901
2026-06-01 08:34:20.064,NEW_DATA,3.3847,95.2464,91.3901
2026-06-01 08:34:20.096,NEW_DATA,3.384,95.2297,91.3901
2026-06-01 08:34:20.129,NEW_DATA,3.3847,95.2241,91.3901
2026-06-01 08:34:20.158,NEW_DATA,3.3829,95.2129,91.3901
2026-06-01 08:34:20.190,NEW_DATA,3.3847,95.2016,91.3901
2026-06-01 08:34:20.221,NEW_DATA,3.385,95.1904,91.3901
2026-06-01 08:34:20.252,NEW_DATA,3.3881,95.1791,91.3901
2026-06-01 08:34:20.303,NEW_DATA,3.3916,95.1677,91.3901
2026-06-01 08:34:20.335,NEW_DATA,3.3861,95.162,91.3901
2026-06-01 08:34:20.364,NEW_DATA,3.384,95.1506,91.3901
2026-06-01 08:34:20.395,NEW_DATA,3.3875,95.1392,91.3901
2026-06-01 08:34:20.427,NEW_DATA,3.3875,95.1278,91.3901
2026-06-01 08:34:20.457,NEW_DATA,3.3812,95.1163,91.3901
2026-06-01 08:34:20.487,NEW_DATA,3.3819,95.1048,91.3901
2026-06-01 08:34:20.519,NEW_DATA,3.3861,95.0874,91.3901
2026-06-01 08:34:20.549,NEW_DATA,3.3878,95.0816,91.3901
2026-06-01 08:34:20.581,NEW_DATA,3.3861,95.07,91.3901
2026-06-01 08:34:20.611,NEW_DATA,3.3875,95.0583,91.3901
2026-06-01 08:34:20.641,NEW_DATA,3.3902,95.0467,91.3901
2026-06-01 08:34:20.672,NEW_DATA,3.3868,95.035,91.3901
2026-06-01 08:34:20.704,NEW_DATA,3.3843,95.0232,91.3901
2026-06-01 08:34:20.735,NEW_DATA,3.3854,95.0114,91.3901
2026-06-01 08:34:20.766,NEW_DATA,3.3843,94.9996,91.3901
2026-06-01 08:34:20.796,NEW_DATA,3.384,94.9878,91.3901
2026-06-01 08:34:20.828,NEW_DATA,3.384,94.9759,91.3901
2026-06-01 08:34:20.863,NEW_DATA,3.3861,94.9641,91.3901
2026-06-01 08:34:20.894,NEW_DATA,3.3864,94.9521,91.3901
2026-06-01 08:34:20.924,NEW_DATA,3.3881,94.9402,91.3901
2026-06-01 08:34:20.955,NEW_DATA,3.3881,94.9282,91.3901
2026-06-01 08:34:20.987,NEW_DATA,3.3847,94.9162,91.3901
2026-06-01 08:34:21.019,NEW_DATA,3.385,94.9041,91.3901
2026-06-01 08:34:21.051,NEW_DATA,3.384,94.8921,91.3901
2026-06-01 08:34:21.080,NEW_DATA,3.3836,94.8799,91.3901
2026-06-01 08:34:21.113,NEW_DATA,3.3833,94.8678,91.3901
2026-06-01 08:34:21.145,NEW_DATA,3.3861,94.8557,91.3901
2026-06-01 08:34:21.173,NEW_DATA,3.3826,94.8435,91.3901
2026-06-01 08:34:21.205,NEW_DATA,3.385,94.8312,91.3901
2026-06-01 08:34:21.236,NEW_DATA,3.3888,94.819,91.3901
2026-06-01 08:34:21.267,NEW_DATA,3.3881,94.8067,91.3901
2026-06-01 08:34:21.299,NEW_DATA,3.3861,94.7944,91.3901
2026-06-01 08:34:21.329,NEW_DATA,3.3861,94.7821,91.3901
2026-06-01 08:34:21.360,NEW_DATA,3.3833,94.7697,91.3901
2026-06-01 08:34:21.392,NEW_DATA,3.3833,94.7573,91.3901
2026-06-01 08:34:21.424,NEW_DATA,3.3833,94.7449,91.3901
2026-06-01 08:34:21.456,NEW_DATA,3.3847,94.7325,91.3901
2026-06-01 08:34:21.486,NEW_DATA,3.3854,94.72,91.3901
2026-06-01 08:34:21.517,NEW_DATA,3.3878,94.7075,91.3901
2026-06-01 08:34:21.548,NEW_DATA,3.3868,94.695,91.3901
2026-06-01 08:34:21.580,NEW_DATA,3.3878,94.6824,91.3901
2026-06-01 08:34:21.611,NEW_DATA,3.3854,94.6698,91.3901
2026-06-01 08:34:21.643,NEW_DATA,3.3868,94.6572,91.3901
2026-06-01 08:34:21.674,NEW_DATA,3.3885,94.6446,91.3901
2026-06-01 08:34:21.704,NEW_DATA,3.3812,94.6319,91.3901
2026-06-01 08:34:21.735,NEW_DATA,3.3833,94.6192,91.3901
2026-06-01 08:34:21.768,NEW_DATA,3.3854,94.6065,91.3901
2026-06-01 08:34:21.798,NEW_DATA,3.384,94.5938,91.3901
2026-06-01 08:34:21.828,NEW_DATA,3.3868,94.581,91.3901
2026-06-01 08:34:21.860,NEW_DATA,3.3861,94.5682,91.3901
2026-06-01 08:34:21.892,NEW_DATA,3.3916,94.5554,91.3901
2026-06-01 08:34:21.921,NEW_DATA,3.3847,94.5426,91.3901
2026-06-01 08:34:21.953,NEW_DATA,3.385,94.5297,91.3901
2026-06-01 08:34:21.984,NEW_DATA,3.384,94.5168,91.3901
2026-06-01 08:34:22.016,NEW_DATA,3.3833,94.5039,91.3901
2026-06-01 08:34:22.046,NEW_DATA,3.3868,94.4909,91.3901
2026-06-01 08:34:22.077,NEW_DATA,3.3847,94.478,91.3901
2026-06-01 08:34:22.110,NEW_DATA,3.3875,94.465,91.3901
2026-06-01 08:34:22.142,NEW_DATA,3.3906,94.452,91.3901
2026-06-01 08:34:22.171,NEW_DATA,3.3885,94.4389,91.3901
2026-06-01 08:34:22.204,NEW_DATA,3.3881,94.4259,91.3901
2026-06-01 08:34:22.235,NEW_DATA,3.3875,94.4128,91.3901
2026-06-01 08:34:22.267,NEW_DATA,3.3847,94.3997,91.3901
2026-06-01 08:34:22.296,NEW_DATA,3.385,94.3865,91.3901
2026-06-01 08:34:22.327,NEW_DATA,3.3881,94.3734,91.3901
2026-06-01 08:34:22.360,NEW_DATA,3.3861,94.3602,91.3901
2026-06-01 08:34:22.391,NEW_DATA,3.3868,94.347,91.3901
2026-06-01 08:34:22.422,NEW_DATA,3.3888,94.3337,91.3901
2026-06-01 08:34:22.454,NEW_DATA,3.3916,94.3205,91.3901
2026-06-01 08:34:22.485,NEW_DATA,3.3916,94.3072,91.3901
2026-06-01 08:34:22.517,NEW_DATA,3.393,94.2939,91.3901
2026-06-01 08:34:22.548,NEW_DATA,3.3992,94.2806,91.3901
2026-06-01 08:34:22.578,NEW_DATA,3.393,94.2672,91.3901
2026-06-01 08:34:22.612,NEW_DATA,3.3958,94.2539,91.3901
2026-06-01 08:34:22.640,NEW_DATA,3.393,94.2405,91.3901
2026-06-01 08:34:22.672,NEW_DATA,3.3923,94.2271,91.3901
2026-06-01 08:34:22.704,NEW_DATA,3.3947,94.2136,91.3901
2026-06-01 08:34:22.736,NEW_DATA,3.3888,94.2002,91.3901
2026-06-01 08:34:22.767,NEW_DATA,3.3881,94.1867,91.3901
2026-06-01 08:34:22.799,NEW_DATA,3.3895,94.1732,91.3901
2026-06-01 08:34:22.829,NEW_DATA,3.3902,94.1597,91.3901
2026-06-01 08:34:22.861,NEW_DATA,3.3902,94.1461,91.3901
2026-06-01 08:34:22.894,NEW_DATA,3.3888,94.1326,91.3901
2026-06-01 08:34:22.924,NEW_DATA,3.3847,94.119,91.3901
2026-06-01 08:34:22.956,NEW_DATA,3.3861,94.1054,91.3901
2026-06-01 08:34:22.987,NEW_DATA,3.3868,94.0917,91.3901
2026-06-01 08:34:23.022,NEW_DATA,3.3881,94.0781,91.3901
2026-06-01 08:34:23.050,NEW_DATA,3.3902,94.0644,91.3901
2026-06-01 08:34:23.081,NEW_DATA,3.3902,94.0507,91.3901
2026-06-01 08:34:23.114,NEW_DATA,3.3927,94.0369,88.4002
2026-06-01 08:34:23.147,NEW_DATA,3.3909,94.0219,88.4002
2026-06-01 08:34:23.176,NEW_DATA,3.3875,94.0057,88.4002
2026-06-01 08:34:23.208,NEW_DATA,3.3881,93.9883,88.4002
2026-06-01 08:34:23.238,NEW_DATA,3.3875,93.9599,88.4002
2026-06-01 08:34:23.269,NEW_DATA,3.3854,93.9498,88.4002
2026-06-01 08:34:23.301,NEW_DATA,3.3864,93.9288,88.4002
2026-06-01 08:34:23.331,NEW_DATA,3.3868,93.9065,88.4002
2026-06-01 08:34:23.363,NEW_DATA,3.3878,93.883,88.4002
2026-06-01 08:34:23.395,NEW_DATA,3.3895,93.8584,88.4002
2026-06-01 08:34:23.426,NEW_DATA,3.3923,93.8326,88.4002
2026-06-01 08:34:23.458,NEW_DATA,3.3895,93.8055,88.4002
2026-06-01 08:34:23.488,NEW_DATA,3.3906,93.7773,88.4002
2026-06-01 08:34:23.519,NEW_DATA,3.3861,93.748,88.4002
2026-06-01 08:34:23.551,NEW_DATA,3.3854,93.7175,88.4002
2026-06-01 08:34:23.585,NEW_DATA,3.3871,93.6858,88.4002
2026-06-01 08:34:23.614,NEW_DATA,3.3857,93.653,88.4002
2026-06-01 08:34:23.646,NEW_DATA,3.3875,93.619,88.4002
2026-06-01 08:34:23.677,NEW_DATA,3.3888,93.584,88.4002
2026-06-01 08:34:23.707,NEW_DATA,3.3902,93.5478,88.4002
2026-06-01 08:34:23.738,NEW_DATA,3.3888,93.5104,88.4002
2026-06-01 08:34:23.770,NEW_DATA,3.3902,93.472,88.4002
2026-06-01 08:34:23.801,NEW_DATA,3.3902,93.4325,88.4002
2026-06-01 08:34:23.833,NEW_DATA,3.3906,93.3919,88.4002
2026-06-01 08:34:23.863,NEW_DATA,3.3861,93.3501,88.4002
2026-06-01 08:34:23.895,NEW_DATA,3.3875,93.3074,88.4002
2026-06-01 08:34:23.924,NEW_DATA,3.384,93.2635,88.4002
2026-06-01 08:34:23.955,NEW_DATA,3.3861,93.2186,88.4002
2026-06-01 08:34:23.985,NEW_DATA,3.3895,93.1726,88.4002
2026-06-01 08:34:24.018,NEW_DATA,3.3861,93.1256,88.4002
2026-06-01 08:34:24.048,NEW_DATA,3.392,93.0775,88.4002
2026-06-01 08:34:24.078,NEW_DATA,3.3906,93.0284,88.4002
2026-06-01 08:34:24.108,NEW_DATA,3.3923,92.9783,88.4002
2026-06-01 08:34:24.138,NEW_DATA,3.3888,92.9272,88.4002
2026-06-01 08:34:24.168,NEW_DATA,3.3881,92.875,88.4002
2026-06-01 08:34:24.201,NEW_DATA,3.3861,92.8219,88.4002
2026-06-01 08:34:24.232,NEW_DATA,3.3861,92.7677,88.4002
2026-06-01 08:34:24.261,NEW_DATA,3.3895,92.7126,88.4002
2026-06-01 08:34:24.294,NEW_DATA,3.3892,92.6565,88.4002
2026-06-01 08:34:24.323,NEW_DATA,3.3906,92.5994,88.4002
2026-06-01 08:34:24.356,NEW_DATA,3.3881,92.5414,88.4002
2026-06-01 08:34:24.386,NEW_DATA,3.3899,92.4824,88.4002
2026-06-01 08:34:24.418,NEW_DATA,3.3854,92.4225,88.4002
2026-06-01 08:34:24.449,NEW_DATA,3.3888,92.3616,88.4002
2026-06-01 08:34:24.480,NEW_DATA,3.3868,92.2999,88.4002
2026-06-01 08:34:24.511,NEW_DATA,3.3843,92.2371,88.4002
2026-06-01 08:34:24.540,NEW_DATA,3.3836,92.1735,88.4002
2026-06-01 08:34:24.571,NEW_DATA,3.3861,92.109,88.4002
2026-06-01 08:34:24.602,NEW_DATA,3.3895,92.0436,88.4002
2026-06-01 08:34:24.632,NEW_DATA,3.3909,91.9773,88.4002
2026-06-01 08:34:24.665,NEW_DATA,3.3888,91.9101,88.4002
2026-06-01 08:34:24.695,NEW_DATA,3.3909,91.8421,88.4002
2026-06-01 08:34:24.727,NEW_DATA,3.3937,91.7732,88.4002
2026-06-01 08:34:24.759,NEW_DATA,3.3875,91.7035,88.4002
2026-06-01 08:34:24.792,NEW_DATA,3.3871,91.6329,88.4002
2026-06-01 08:34:24.822,NEW_DATA,3.3847,91.5614,88.4002
2026-06-01 08:34:24.852,NEW_DATA,3.3833,91.4892,88.4002
2026-06-01 08:34:24.884,NEW_DATA,3.3909,91.4161,88.4002
2026-06-01 08:34:24.916,NEW_DATA,3.3923,91.3423,88.4002
2026-06-01 08:34:24.946,NEW_DATA,3.3923,91.2676,88.4002
2026-06-01 08:34:24.979,NEW_DATA,3.3916,91.1921,88.4002
2026-06-01 08:34:25.010,NEW_DATA,3.3933,91.0775,88.4002
2026-06-01 08:34:25.042,NEW_DATA,3.3913,91.0389,88.4002
2026-06-01 08:34:25.072,NEW_DATA,3.3885,90.9611,88.4002
2026-06-01 08:34:25.107,NEW_DATA,3.3888,90.8825,88.4002
2026-06-01 08:34:25.135,NEW_DATA,3.384,90.7633,88.4002
2026-06-01 08:34:25.165,NEW_DATA,3.3878,90.7232,88.4002
2026-06-01 08:34:25.197,NEW_DATA,3.3868,90.6425,88.4002
2026-06-01 08:34:25.230,NEW_DATA,3.3871,90.561,88.4002
2026-06-01 08:34:25.261,NEW_DATA,3.3875,90.4788,88.4002
2026-06-01 08:34:25.293,NEW_DATA,3.3906,90.3959,88.4002
2026-06-01 08:34:25.322,NEW_DATA,3.3909,90.3123,88.4002
2026-06-01 08:34:25.352,NEW_DATA,3.3878,90.228,88.4002
2026-06-01 08:34:25.386,NEW_DATA,3.3913,90.1431,88.4002
2026-06-01 08:34:25.416,NEW_DATA,3.3888,90.0574,88.4002
2026-06-01 08:34:25.447,NEW_DATA,3.3875,89.9711,88.4002
2026-06-01 08:34:25.478,NEW_DATA,3.3864,89.8842,88.4002
2026-06-01 08:34:25.510,NEW_DATA,3.3899,89.7966,88.4002
2026-06-01 08:34:25.541,NEW_DATA,3.3899,89.7084,88.4002
2026-06-01 08:34:25.572,NEW_DATA,3.3902,89.6195,88.4002
2026-06-01 08:34:25.602,NEW_DATA,3.3888,89.53,88.4002
2026-06-01 08:34:25.633,NEW_DATA,3.3888,89.4399,88.4002
2026-06-01 08:34:25.666,NEW_DATA,3.3916,89.3492,88.4002
2026-06-01 08:34:25.697,NEW_DATA,3.3933,89.258,88.4002
2026-06-01 08:34:25.727,NEW_DATA,3.3875,89.1661,88.4002
2026-06-01 08:34:25.757,NEW_DATA,3.3861,89.0736,88.4002
2026-06-01 08:34:25.789,NEW_DATA,3.384,88.9806,88.4002
2026-06-01 08:34:25.820,NEW_DATA,3.3888,88.887,88.4002
2026-06-01 08:34:25.852,NEW_DATA,3.3881,88.7929,88.4002
2026-06-01 08:34:25.882,NEW_DATA,3.3916,88.6982,88.4002
2026-06-01 08:34:25.915,NEW_DATA,3.3895,88.603,88.4002
2026-06-01 08:34:25.947,NEW_DATA,3.3902,88.5073,88.4002
2026-06-01 08:34:25.979,NEW_DATA,3.3895,88.411,88.4002
2026-06-01 08:34:26.009,NEW_DATA,3.3888,88.3143,88.4002
2026-06-01 08:34:26.043,NEW_DATA,3.3885,88.217,88.4002
2026-06-01 08:34:26.075,NEW_DATA,3.3902,88.1192,88.4002
2026-06-01 08:34:26.103,NEW_DATA,3.3885,88.021,88.4002
2026-06-01 08:34:26.135,NEW_DATA,3.3864,87.9222,88.4002
2026-06-01 08:34:26.166,NEW_DATA,3.3961,87.823,88.4002
2026-06-01 08:34:26.197,NEW_DATA,3.3916,87.7233,88.4002
2026-06-01 08:34:26.229,NEW_DATA,3.3916,87.6232,88.4002
2026-06-01 08:34:26.261,NEW_DATA,3.3913,87.5226,88.4002
2026-06-01 08:34:26.290,NEW_DATA,3.3864,87.4216,88.4002
2026-06-01 08:34:26.321,NEW_DATA,3.3895,87.3202,88.4002
2026-06-01 08:34:26.353,NEW_DATA,3.3902,87.2183,88.4002
2026-06-01 08:34:26.384,NEW_DATA,3.3895,87.116,88.4002
2026-06-01 08:34:26.417,NEW_DATA,3.3895,87.0133,88.4002
2026-06-01 08:34:26.447,NEW_DATA,3.3892,86.9103,88.4002
2026-06-01 08:34:26.480,NEW_DATA,3.393,86.7549,88.4002
2026-06-01 08:34:26.508,NEW_DATA,3.3933,86.7029,88.4002
2026-06-01 08:34:26.542,NEW_DATA,3.3888,86.5986,88.4002
2026-06-01 08:34:26.571,NEW_DATA,3.3899,86.494,88.4002
2026-06-01 08:34:26.603,NEW_DATA,3.3937,86.3891,88.4002
2026-06-01 08:34:26.633,NEW_DATA,3.3888,86.2837,88.4002
2026-06-01 08:34:26.664,NEW_DATA,3.3888,86.178,88.4002
2026-06-01 08:34:26.695,NEW_DATA,3.3847,86.072,88.4002
2026-06-01 08:34:26.726,NEW_DATA,3.3875,85.9657,88.4002
2026-06-01 08:34:26.762,NEW_DATA,3.3888,85.859,88.4002
2026-06-01 08:34:26.789,NEW_DATA,3.3881,85.752,88.4002
2026-06-01 08:34:26.821,NEW_DATA,3.3895,85.6447,88.4002
2026-06-01 08:34:26.852,NEW_DATA,3.3902,85.537,88.4002
2026-06-01 08:34:26.883,NEW_DATA,3.3906,85.4291,88.4002
2026-06-01 08:34:26.915,NEW_DATA,3.393,85.3209,88.4002
2026-06-01 08:34:26.947,NEW_DATA,3.3885,85.2125,88.4002
2026-06-01 08:34:26.979,NEW_DATA,3.3868,85.1037,88.4002
2026-06-01 08:34:27.009,NEW_DATA,3.3847,84.9947,88.4002
2026-06-01 08:34:27.042,NEW_DATA,3.3881,84.8306,88.4002
2026-06-01 08:34:27.072,NEW_DATA,3.3888,84.7758,88.4002
2026-06-01 08:34:27.102,NEW_DATA,3.3951,84.666,88.4002
2026-06-01 08:34:27.135,NEW_DATA,3.3888,84.556,88.4002
2026-06-01 08:34:27.166,NEW_DATA,3.3895,84.4457,88.4002
2026-06-01 08:34:27.196,NEW_DATA,3.3916,84.3353,88.4002
2026-06-01 08:34:27.227,NEW_DATA,3.3902,84.2245,88.4002
2026-06-01 08:34:27.261,NEW_DATA,3.3878,84.1136,88.4002
2026-06-01 08:34:27.291,NEW_DATA,3.3861,84.0025,88.4002
2026-06-01 08:34:27.321,NEW_DATA,3.3833,83.8911,88.4002
2026-06-01 08:34:27.352,NEW_DATA,3.3854,83.7796,88.4002
2026-06-01 08:34:27.386,NEW_DATA,3.3881,83.6679,88.4002
2026-06-01 08:34:27.415,NEW_DATA,3.3895,83.556,88.4002
2026-06-01 08:34:27.446,NEW_DATA,3.3878,83.4439,88.4002
2026-06-01 08:34:27.478,NEW_DATA,3.3895,83.3316,88.4002
2026-06-01 08:34:27.508,NEW_DATA,3.3875,83.1629,88.4002
2026-06-01 08:34:27.540,NEW_DATA,3.3878,83.1066,88.4002
2026-06-01 08:34:27.570,NEW_DATA,3.3864,82.9939,88.4002
2026-06-01 08:34:27.603,NEW_DATA,3.3854,82.881,88.4002
2026-06-01 08:34:27.633,NEW_DATA,3.3833,82.768,88.4002
2026-06-01 08:34:27.666,NEW_DATA,3.3847,82.6549,88.4002
2026-06-01 08:34:27.697,NEW_DATA,3.3868,82.5416,88.4002
2026-06-01 08:34:27.727,NEW_DATA,3.3895,82.4282,88.4002
2026-06-01 08:34:27.757,NEW_DATA,3.3868,82.3147,88.4002
2026-06-01 08:34:27.789,NEW_DATA,3.3906,82.2011,88.4002
2026-06-01 08:34:27.819,NEW_DATA,3.3895,82.0874,88.4002
2026-06-01 08:34:27.850,NEW_DATA,3.3888,81.9736,88.4002
2026-06-01 08:34:27.881,NEW_DATA,3.3868,81.8597,88.4002
2026-06-01 08:34:27.912,NEW_DATA,3.3885,81.7457,88.4002
2026-06-01 08:34:27.943,NEW_DATA,3.3854,81.6316,88.4002
2026-06-01 08:34:27.974,NEW_DATA,3.3847,81.5175,88.4002
2026-06-01 08:34:28.006,NEW_DATA,3.385,81.4032,88.4002
2026-06-01 08:34:28.038,NEW_DATA,3.3861,81.2889,88.4002
2026-06-01 08:34:28.071,NEW_DATA,3.3902,81.1746,88.4002
2026-06-01 08:34:28.100,NEW_DATA,3.3909,81.0602,88.4002
2026-06-01 08:34:28.131,NEW_DATA,3.3895,80.9458,88.4002
2026-06-01 08:34:28.162,NEW_DATA,3.3895,80.8313,88.4002
2026-06-01 08:34:28.195,NEW_DATA,3.3868,80.7167,88.4002
2026-06-01 08:34:28.225,NEW_DATA,3.3875,80.6022,88.4002
2026-06-01 08:34:28.256,NEW_DATA,3.385,80.4876,88.4002
2026-06-01 08:34:28.287,NEW_DATA,3.3854,80.3729,88.4002
2026-06-01 08:34:28.317,NEW_DATA,3.3847,80.2583,88.4002
2026-06-01 08:34:28.349,NEW_DATA,3.3868,80.1437,88.4002
2026-06-01 08:34:28.381,NEW_DATA,3.3875,80.029,88.4002
2026-06-01 08:34:28.411,NEW_DATA,3.3909,79.9143,88.4002
2026-06-01 08:34:28.443,NEW_DATA,3.3923,79.7997,88.4002
2026-06-01 08:34:28.475,NEW_DATA,3.3888,79.685,88.4002
2026-06-01 08:34:28.506,NEW_DATA,3.3875,79.5131,88.4002
2026-06-01 08:34:28.537,NEW_DATA,3.3878,79.4558,88.4002
2026-06-01 08:34:28.569,NEW_DATA,3.3861,79.3411,88.4002
2026-06-01 08:34:28.600,NEW_DATA,3.3854,79.2266,88.4002
2026-06-01 08:34:28.632,NEW_DATA,3.3864,79.112,88.4002
2026-06-01 08:34:28.663,NEW_DATA,3.3875,78.9975,88.4002
2026-06-01 08:34:28.693,NEW_DATA,3.3875,78.883,88.4002
2026-06-01 08:34:28.725,NEW_DATA,3.3902,78.7113,88.4002
2026-06-01 08:34:28.756,NEW_DATA,3.3888,78.597,88.4002
2026-06-01 08:34:28.785,NEW_DATA,3.3888,78.5398,88.4002
2026-06-01 08:34:28.817,NEW_DATA,3.3878,78.4255,88.4002
2026-06-01 08:34:28.850,NEW_DATA,3.3861,78.3113,88.4002
2026-06-01 08:34:28.880,NEW_DATA,3.3847,78.1971,88.4002
2026-06-01 08:34:28.909,NEW_DATA,3.3861,78.083,88.4002
2026-06-01 08:34:28.942,NEW_DATA,3.385,77.969,88.4002
2026-06-01 08:34:28.975,NEW_DATA,3.3881,77.7981,88.4002
2026-06-01 08:34:29.004,NEW_DATA,3.3888,77.7411,88.4002
2026-06-01 08:34:29.035,NEW_DATA,3.3895,77.6274,88.4002
2026-06-01 08:34:29.067,NEW_DATA,3.3916,77.5137,88.4002
2026-06-01 08:34:29.099,NEW_DATA,3.3878,77.4,88.4002
2026-06-01 08:34:29.130,NEW_DATA,3.3888,77.2865,88.4002
2026-06-01 08:34:29.160,NEW_DATA,3.3854,77.1731,88.4002
2026-06-01 08:34:29.193,NEW_DATA,3.3868,77.0598,88.4002
2026-06-01 08:34:29.225,NEW_DATA,3.3861,76.89,88.4002
2026-06-01 08:34:29.254,NEW_DATA,3.384,76.8335,88.4002
2026-06-01 08:34:29.287,NEW_DATA,3.3878,76.7205,88.4002
2026-06-01 08:34:29.317,NEW_DATA,3.393,76.6076,88.4002
2026-06-01 08:34:29.349,NEW_DATA,3.3944,76.4949,88.4002
2026-06-01 08:34:29.379,NEW_DATA,3.3906,76.3822,88.4002
2026-06-01 08:34:29.410,NEW_DATA,3.3888,76.2697,88.4002
2026-06-01 08:34:29.442,NEW_DATA,3.3895,76.1574,88.4002
2026-06-01 08:34:29.473,NEW_DATA,3.3847,76.0451,88.4002
2026-06-01 08:34:29.503,NEW_DATA,3.3833,75.933,88.4002
2026-06-01 08:34:29.533,NEW_DATA,3.384,75.8211,88.4002
2026-06-01 08:34:29.565,NEW_DATA,3.3875,75.7093,88.4002
2026-06-01 08:34:29.597,NEW_DATA,3.3868,75.5976,88.4002
2026-06-01 08:34:29.630,NEW_DATA,3.3902,75.4861,88.4002
2026-06-01 08:34:29.660,NEW_DATA,3.3916,75.3747,88.4002
2026-06-01 08:34:29.692,NEW_DATA,3.3909,75.208,88.4002
2026-06-01 08:34:29.723,NEW_DATA,3.3916,75.1525,88.4002
2026-06-01 08:34:29.756,NEW_DATA,3.3902,75.0416,88.4002
2026-06-01 08:34:29.785,NEW_DATA,3.3861,74.9309,88.4002
2026-06-01 08:34:29.816,NEW_DATA,3.385,74.8203,88.4002
2026-06-01 08:34:29.848,NEW_DATA,3.3826,74.7099,88.4002
2026-06-01 08:34:29.881,NEW_DATA,3.3854,74.5997,88.4002
2026-06-01 08:34:29.911,NEW_DATA,3.3892,74.4897,88.4002
2026-06-01 08:34:29.942,NEW_DATA,3.3895,74.3798,88.4002
2026-06-01 08:34:29.973,NEW_DATA,3.3902,74.2702,88.4002
2026-06-01 08:34:30.004,NEW_DATA,3.3895,74.1607,88.4002
2026-06-01 08:34:30.035,NEW_DATA,3.3878,74.0514,88.4002
2026-06-01 08:34:30.067,NEW_DATA,3.3902,73.9423,88.4002
2026-06-01 08:34:30.099,NEW_DATA,3.3819,73.8334,88.4002
2026-06-01 08:34:30.130,NEW_DATA,3.3854,73.7247,88.4002
2026-06-01 08:34:30.162,NEW_DATA,3.3861,73.6162,88.4002
2026-06-01 08:34:30.190,NEW_DATA,3.3868,73.4538,88.4002
2026-06-01 08:34:30.220,NEW_DATA,3.3923,73.3997,88.4002
2026-06-01 08:34:30.252,NEW_DATA,3.3878,73.2918,88.4002
2026-06-01 08:34:30.282,NEW_DATA,3.3906,73.1841,88.4002
2026-06-01 08:34:30.314,NEW_DATA,3.3888,73.0766,88.4002
2026-06-01 08:34:30.344,NEW_DATA,3.3888,72.9694,88.4002
2026-06-01 08:34:30.376,NEW_DATA,3.3864,72.8623,88.4002
2026-06-01 08:34:30.408,NEW_DATA,3.3875,72.7555,88.4002
2026-06-01 08:34:30.437,NEW_DATA,3.3864,72.6488,88.4002
2026-06-01 08:34:30.470,NEW_DATA,3.3888,72.4893,88.4002
2026-06-01 08:34:30.499,NEW_DATA,3.3854,72.4362,88.4002
2026-06-01 08:34:30.531,NEW_DATA,3.3881,72.3303,88.4002
2026-06-01 08:34:30.561,NEW_DATA,3.3881,72.2246,88.4002
2026-06-01 08:34:30.593,NEW_DATA,3.3909,72.1191,88.4002
2026-06-01 08:34:30.626,NEW_DATA,3.3913,72.0138,88.4002
2026-06-01 08:34:30.656,NEW_DATA,3.3868,71.9088,88.4002
2026-06-01 08:34:30.686,NEW_DATA,3.3902,71.804,88.4002
2026-06-01 08:34:30.716,NEW_DATA,3.3847,71.6994,88.4002
2026-06-01 08:34:30.749,NEW_DATA,3.3861,71.5951,88.4002
2026-06-01 08:34:30.780,NEW_DATA,3.3875,71.4911,88.4002
2026-06-01 08:34:30.810,NEW_DATA,3.3892,71.3872,88.4002
2026-06-01 08:34:30.841,NEW_DATA,3.3888,71.2837,88.4002
2026-06-01 08:34:30.873,NEW_DATA,3.3888,71.1288,88.4002
2026-06-01 08:34:30.903,NEW_DATA,3.3895,71.0772,88.4002
2026-06-01 08:34:30.933,NEW_DATA,3.3902,70.9744,88.4002
2026-06-01 08:34:30.966,NEW_DATA,3.3878,70.8718,88.4002
2026-06-01 08:34:30.997,NEW_DATA,3.3902,70.7695,88.4002
2026-06-01 08:34:31.030,NEW_DATA,3.3881,70.6674,88.4002
2026-06-01 08:34:31.060,NEW_DATA,3.3868,70.5656,88.4002
2026-06-01 08:34:31.089,NEW_DATA,3.384,70.4641,88.4002
2026-06-01 08:34:31.120,NEW_DATA,3.3847,70.3628,88.4002
2026-06-01 08:34:31.152,NEW_DATA,3.3854,70.2618,88.4002
2026-06-01 08:34:31.183,NEW_DATA,3.3878,70.161,88.4002
2026-06-01 08:34:31.214,NEW_DATA,3.3892,70.0104,88.4002
2026-06-01 08:34:31.244,NEW_DATA,3.3902,69.9603,88.4002
2026-06-01 08:34:31.274,NEW_DATA,3.3895,69.8604,88.4002
2026-06-01 08:34:31.305,NEW_DATA,3.3888,69.7607,88.4002
2026-06-01 08:34:31.336,NEW_DATA,3.3864,69.6613,88.4002
2026-06-01 08:34:31.368,NEW_DATA,3.3861,69.5621,88.4002
2026-06-01 08:34:31.399,NEW_DATA,3.3861,69.4633,88.4002
2026-06-01 08:34:31.430,NEW_DATA,3.3875,69.3155,88.4002
2026-06-01 08:34:31.460,NEW_DATA,3.3888,69.2664,88.4002
2026-06-01 08:34:31.491,NEW_DATA,3.3906,69.1683,88.4002
2026-06-01 08:34:31.520,NEW_DATA,3.3899,69.0706,88.4002
2026-06-01 08:34:31.553,NEW_DATA,3.3899,68.9731,88.4002
2026-06-01 08:34:31.584,NEW_DATA,3.3888,68.8759,88.4002
2026-06-01 08:34:31.616,NEW_DATA,3.3847,68.779,88.4002
2026-06-01 08:34:31.646,NEW_DATA,3.3861,68.6824,88.4002
2026-06-01 08:34:31.679,NEW_DATA,3.3868,68.5861,88.4002
2026-06-01 08:34:31.710,NEW_DATA,3.3881,68.4901,88.4002
2026-06-01 08:34:31.739,NEW_DATA,3.3875,68.3943,88.4002
2026-06-01 08:34:31.772,NEW_DATA,3.3868,68.2989,88.4002
2026-06-01 08:34:31.805,NEW_DATA,3.3875,68.2037,88.4002
2026-06-01 08:34:31.834,NEW_DATA,3.3916,68.1088,88.4002
2026-06-01 08:34:31.867,NEW_DATA,3.3916,68.0142,88.4002
2026-06-01 08:34:31.897,NEW_DATA,3.3868,67.9199,88.4002
2026-06-01 08:34:31.928,NEW_DATA,3.3854,67.826,88.4002
2026-06-01 08:34:31.960,NEW_DATA,3.3875,67.7323,88.4002
2026-06-01 08:34:31.991,NEW_DATA,3.3881,67.6389,88.4002
2026-06-01 08:34:32.023,NEW_DATA,3.3854,67.5458,88.4002
2026-06-01 08:34:32.052,NEW_DATA,3.3878,67.453,88.4002
2026-06-01 08:34:32.089,NEW_DATA,3.3888,67.3605,88.4002
2026-06-01 08:34:32.115,NEW_DATA,3.3892,67.2683,88.4002
2026-06-01 08:34:32.147,NEW_DATA,3.3868,67.1764,88.4002
2026-06-01 08:34:32.179,NEW_DATA,3.3909,67.0848,88.4002
2026-06-01 08:34:32.209,NEW_DATA,3.3902,66.9935,88.4002
2026-06-01 08:34:32.242,NEW_DATA,3.3861,66.9025,88.4002
2026-06-01 08:34:32.274,NEW_DATA,3.3875,66.8119,88.4002
2026-06-01 08:34:32.305,NEW_DATA,3.384,66.7215,88.4002
2026-06-01 08:34:32.335,NEW_DATA,3.3833,66.6315,88.4002
2026-06-01 08:34:32.368,NEW_DATA,3.3878,66.5417,88.4002
2026-06-01 08:34:32.398,NEW_DATA,3.3888,66.4523,88.4002
2026-06-01 08:34:32.428,NEW_DATA,3.3888,66.3632,88.4002
2026-06-01 08:34:32.460,NEW_DATA,3.3892,66.2743,88.4002
2026-06-01 08:34:32.491,NEW_DATA,3.3875,66.1858,88.4002
2026-06-01 08:34:32.522,NEW_DATA,3.3864,66.0976,88.4002
2026-06-01 08:34:32.556,NEW_DATA,3.3902,66.0098,88.4002
2026-06-01 08:34:32.586,NEW_DATA,3.3861,65.9222,88.4002
2026-06-01 08:34:32.617,NEW_DATA,3.3805,65.835,88.4002
2026-06-01 08:34:32.649,NEW_DATA,3.3909,65.748,88.4002
2026-06-01 08:34:32.679,NEW_DATA,3.3847,65.6614,88.4002
2026-06-01 08:34:32.712,NEW_DATA,3.3881,65.5751,88.4002
2026-06-01 08:34:32.742,NEW_DATA,3.3895,65.4891,88.4002
2026-06-01 08:34:32.775,NEW_DATA,3.3902,65.4035,88.4002
2026-06-01 08:34:32.808,NEW_DATA,3.3885,65.3181,88.4002
2026-06-01 08:34:32.841,NEW_DATA,3.392,65.2331,88.4002
2026-06-01 08:34:32.870,NEW_DATA,3.3864,65.1062,88.4002
2026-06-01 08:34:32.896,NEW_DATA,3.3847,65.064,88.4002
2026-06-01 08:34:32.928,NEW_DATA,3.3847,64.9799,88.4002
2026-06-01 08:34:32.960,NEW_DATA,3.3875,64.8962,88.4002
2026-06-01 08:34:32.991,NEW_DATA,3.3861,64.8128,88.4002
2026-06-01 08:34:33.021,NEW_DATA,3.3888,64.7297,88.4002
2026-06-01 08:34:33.051,NEW_DATA,3.3902,64.6469,88.4002
2026-06-01 08:34:33.082,NEW_DATA,3.3885,64.5645,88.4002
2026-06-01 08:34:33.114,NEW_DATA,3.3888,64.4824,88.4002
2026-06-01 08:34:33.144,NEW_DATA,3.3923,64.4006,88.4002
2026-06-01 08:34:33.181,NEW_DATA,3.3875,64.3191,88.4002
2026-06-01 08:34:33.207,NEW_DATA,3.3861,64.238,88.4002
2026-06-01 08:34:33.237,NEW_DATA,3.3861,64.1571,88.4002
2026-06-01 08:34:33.269,NEW_DATA,3.3854,64.0766,88.4002
2026-06-01 08:34:33.299,NEW_DATA,3.3843,63.9965,88.4002
2026-06-01 08:34:33.331,NEW_DATA,3.3861,63.9166,88.4002
2026-06-01 08:34:33.362,NEW_DATA,3.3888,63.8371,88.4002
2026-06-01 08:34:33.392,NEW_DATA,3.3888,63.758,88.4002
2026-06-01 08:34:33.425,NEW_DATA,3.3888,63.6791,88.4002
2026-06-01 08:34:33.456,NEW_DATA,3.3906,63.6006,88.4002
2026-06-01 08:34:33.487,NEW_DATA,3.3892,63.5224,88.4002
2026-06-01 08:34:33.516,NEW_DATA,3.3881,63.4445,88.4002
2026-06-01 08:34:33.549,NEW_DATA,3.3861,63.367,88.4002
2026-06-01 08:34:33.580,NEW_DATA,3.3868,63.2898,88.4002
2026-06-01 08:34:33.611,NEW_DATA,3.3868,63.213,88.4002
2026-06-01 08:34:33.642,NEW_DATA,3.3892,63.1364,88.4002
2026-06-01 08:34:33.673,NEW_DATA,3.3933,63.0602,88.4002
2026-06-01 08:34:33.704,NEW_DATA,3.3888,62.9843,88.4002
2026-06-01 08:34:33.734,NEW_DATA,3.3913,62.9088,88.4002
2026-06-01 08:34:33.766,NEW_DATA,3.3916,62.8336,88.4002
2026-06-01 08:34:33.797,NEW_DATA,3.3881,62.7587,88.4002
2026-06-01 08:34:33.828,NEW_DATA,3.3861,62.6842,88.4002
2026-06-01 08:34:33.860,NEW_DATA,3.3878,62.61,88.4002
2026-06-01 08:34:33.890,NEW_DATA,3.3885,62.4993,88.4002
2026-06-01 08:34:33.922,NEW_DATA,3.3854,62.4626,88.4002
2026-06-01 08:34:33.953,NEW_DATA,3.3888,62.3894,88.4002
2026-06-01 08:34:33.984,NEW_DATA,3.3847,62.3166,88.4002
2026-06-01 08:34:34.015,NEW_DATA,3.3875,62.244,88.4002
2026-06-01 08:34:34.045,NEW_DATA,3.3888,62.1719,88.4002
2026-06-01 08:34:34.077,NEW_DATA,3.3902,62.1,88.4002
2026-06-01 08:34:34.109,NEW_DATA,3.3923,62.0285,88.4002
2026-06-01 08:34:34.140,NEW_DATA,3.3875,61.9219,88.4002
2026-06-01 08:34:34.170,NEW_DATA,3.3847,61.8865,88.4002
2026-06-01 08:34:34.201,NEW_DATA,3.384,61.816,88.4002
2026-06-01 08:34:34.231,NEW_DATA,3.3892,61.7458,88.4002
2026-06-01 08:34:34.263,NEW_DATA,3.3861,61.676,88.4002
2026-06-01 08:34:34.294,NEW_DATA,3.3895,61.6065,88.4002
2026-06-01 08:34:34.326,NEW_DATA,3.3899,61.5373,88.4002
2026-06-01 08:34:34.357,NEW_DATA,3.3881,61.4685,88.4002
2026-06-01 08:34:34.389,NEW_DATA,3.393,61.4001,88.4002
2026-06-01 08:34:34.419,NEW_DATA,3.3892,61.3319,88.4002
2026-06-01 08:34:34.450,NEW_DATA,3.3847,61.2641,88.4002
2026-06-01 08:34:34.481,NEW_DATA,3.3833,61.1967,88.4002
2026-06-01 08:34:34.511,NEW_DATA,3.3847,61.1296,88.4002
2026-06-01 08:34:34.543,NEW_DATA,3.385,61.0628,88.4002
2026-06-01 08:34:34.575,NEW_DATA,3.3829,60.9964,88.4002
2026-06-01 08:34:34.606,NEW_DATA,3.3902,60.9303,88.4002
2026-06-01 08:34:34.637,NEW_DATA,3.3885,60.8645,88.4002
2026-06-01 08:34:34.668,NEW_DATA,3.3868,60.7991,88.4002
2026-06-01 08:34:34.698,NEW_DATA,3.3906,60.734,88.4002
2026-06-01 08:34:34.733,NEW_DATA,3.3875,60.6693,88.4002
2026-06-01 08:34:34.760,NEW_DATA,3.3861,60.6049,88.4002
2026-06-01 08:34:34.789,NEW_DATA,3.3812,60.5409,88.4002
2026-06-01 08:34:34.818,NEW_DATA,3.3857,60.4772,88.4002
2026-06-01 08:34:34.850,NEW_DATA,3.384,60.4138,88.4002
2026-06-01 08:34:34.880,NEW_DATA,3.3875,60.3508,88.4002
2026-06-01 08:34:34.912,NEW_DATA,3.3895,60.2881,88.4002
2026-06-01 08:34:34.943,NEW_DATA,3.3902,60.2258,88.4002
2026-06-01 08:34:34.975,NEW_DATA,3.3909,60.1638,88.4002
2026-06-01 08:34:35.006,NEW_DATA,3.3881,60.1021,88.4002
2026-06-01 08:34:35.038,NEW_DATA,3.3861,60.0408,88.4002
2026-06-01 08:34:35.070,NEW_DATA,3.3861,59.9799,88.4002
2026-06-01 08:34:35.100,NEW_DATA,3.3899,59.9192,88.4002
2026-06-01 08:34:35.132,NEW_DATA,3.3833,59.859,88.4002
2026-06-01 08:34:35.164,NEW_DATA,3.3861,59.799,88.4002
2026-06-01 08:34:35.196,NEW_DATA,3.3861,59.7395,88.4002
2026-06-01 08:34:35.227,NEW_DATA,3.3899,59.6802,88.4002
2026-06-01 08:34:35.259,NEW_DATA,3.3885,59.6213,88.4002
2026-06-01 08:34:35.290,NEW_DATA,3.3909,59.5628,88.4002
2026-06-01 08:34:35.322,NEW_DATA,3.3875,59.5046,88.4002
2026-06-01 08:34:35.351,NEW_DATA,3.3868,59.4467,88.4002
2026-06-01 08:34:35.382,NEW_DATA,3.3861,59.3892,88.4002
2026-06-01 08:34:35.414,NEW_DATA,3.384,59.332,88.4002
2026-06-01 08:34:35.445,NEW_DATA,3.3899,59.2752,88.4002
2026-06-01 08:34:35.477,NEW_DATA,3.384,59.2187,88.4002
2026-06-01 08:34:35.508,NEW_DATA,3.3875,59.1625,88.4002
2026-06-01 08:34:35.540,NEW_DATA,3.3888,59.1068,88.4002
2026-06-01 08:34:35.571,NEW_DATA,3.3892,59.0513,88.4002
2026-06-01 08:34:35.601,NEW_DATA,3.3854,58.9962,88.4002
2026-06-01 08:34:35.632,NEW_DATA,3.3875,58.9415,88.4002
2026-06-01 08:34:35.664,NEW_DATA,3.3847,58.8871,88.4002
2026-06-01 08:34:35.694,NEW_DATA,3.3888,58.833,88.4002
2026-06-01 08:34:35.726,NEW_DATA,3.3885,58.7793,88.4002
2026-06-01 08:34:35.757,NEW_DATA,3.3833,58.7259,88.4002
2026-06-01 08:34:35.789,NEW_DATA,3.3819,58.6729,88.4002
2026-06-01 08:34:35.818,NEW_DATA,3.3875,58.6202,88.4002
2026-06-01 08:34:35.849,NEW_DATA,3.3902,58.5679,88.4002
2026-06-01 08:34:35.878,NEW_DATA,3.3895,58.5159,88.4002
2026-06-01 08:34:35.910,NEW_DATA,3.3868,58.4643,88.4002
2026-06-01 08:34:35.940,NEW_DATA,3.3885,58.413,88.4002
2026-06-01 08:34:35.972,NEW_DATA,3.3868,58.3621,88.4002
2026-06-01 08:34:36.003,NEW_DATA,3.3875,58.3115,88.4002
2026-06-01 08:34:36.035,NEW_DATA,3.3861,58.2613,88.4002
2026-06-01 08:34:36.065,NEW_DATA,3.3833,58.2114,88.4002
2026-06-01 08:34:36.096,NEW_DATA,3.3875,58.1619,88.4002
2026-06-01 08:34:36.126,NEW_DATA,3.3861,58.1127,88.4002
2026-06-01 08:34:36.159,NEW_DATA,3.3888,58.0639,88.4002
2026-06-01 08:34:36.189,NEW_DATA,3.3888,58.0154,88.4002
2026-06-01 08:34:36.220,NEW_DATA,3.3875,57.9673,88.4002
2026-06-01 08:34:36.251,NEW_DATA,3.3878,57.9195,88.4002
2026-06-01 08:34:36.281,NEW_DATA,3.3888,57.8721,88.4002
2026-06-01 08:34:36.312,NEW_DATA,3.3875,57.825,88.4002
2026-06-01 08:34:36.343,NEW_DATA,3.3826,57.7783,88.4002
2026-06-01 08:34:36.374,NEW_DATA,3.3854,57.7319,88.4002
2026-06-01 08:34:36.405,NEW_DATA,3.3885,57.6859,88.4002
2026-06-01 08:34:36.437,NEW_DATA,3.3881,57.6402,88.4002
2026-06-01 08:34:36.469,NEW_DATA,3.3888,57.5723,88.4002
2026-06-01 08:34:36.500,NEW_DATA,3.3909,57.5499,88.4002
2026-06-01 08:34:36.532,NEW_DATA,3.3888,57.5053,88.4002
2026-06-01 08:34:36.563,NEW_DATA,3.3868,57.461,88.4002
2026-06-01 08:34:36.595,NEW_DATA,3.3868,57.4171,88.4002
2026-06-01 08:34:36.627,NEW_DATA,3.3868,57.3735,88.4002
2026-06-01 08:34:36.660,NEW_DATA,3.3847,57.3303,88.4002
2026-06-01 08:34:36.690,NEW_DATA,3.384,57.2875,88.4002
2026-06-01 08:34:36.722,NEW_DATA,3.385,57.245,88.4002
2026-06-01 08:34:36.751,NEW_DATA,3.3864,57.2029,88.4002
2026-06-01 08:34:36.782,NEW_DATA,3.3913,57.1611,88.4002
2026-06-01 08:34:36.813,NEW_DATA,3.3881,57.1197,88.4002
2026-06-01 08:34:36.845,NEW_DATA,3.3878,57.0786,88.4002
2026-06-01 08:34:36.876,NEW_DATA,3.3881,57.0379,88.4002
2026-06-01 08:34:36.907,NEW_DATA,3.392,56.9775,88.4002
2026-06-01 08:34:36.937,NEW_DATA,3.3861,56.9575,88.4002
2026-06-01 08:34:36.969,NEW_DATA,3.384,56.9178,88.4002
2026-06-01 08:34:36.998,NEW_DATA,3.3833,56.8786,88.4002
2026-06-01 08:34:37.029,NEW_DATA,3.3881,56.8396,88.4002
2026-06-01 08:34:37.062,NEW_DATA,3.3875,56.801,88.4002
2026-06-01 08:34:37.092,NEW_DATA,3.3895,56.7628,88.4002
2026-06-01 08:34:37.124,NEW_DATA,3.3888,56.725,88.4002
2026-06-01 08:34:37.154,NEW_DATA,3.3899,56.6689,88.4002
2026-06-01 08:34:37.187,NEW_DATA,3.3868,56.6319,88.4002
2026-06-01 08:34:37.217,NEW_DATA,3.3875,56.6135,88.4002
2026-06-01 08:34:37.249,NEW_DATA,3.3864,56.5771,88.4002
2026-06-01 08:34:37.281,NEW_DATA,3.3819,56.5411,88.4002
2026-06-01 08:34:37.312,NEW_DATA,3.3843,56.5054,88.4002
2026-06-01 08:34:37.341,NEW_DATA,3.3861,56.47,88.4002
2026-06-01 08:34:37.374,NEW_DATA,3.3895,56.435,88.4002
2026-06-01 08:34:37.404,NEW_DATA,3.3861,56.4004,88.4002
2026-06-01 08:34:37.436,NEW_DATA,3.3895,56.3662,88.4002
2026-06-01 08:34:37.471,NEW_DATA,3.3875,56.3323,88.4002
2026-06-01 08:34:37.499,NEW_DATA,3.3878,56.2988,88.4002
2026-06-01 08:34:37.531,NEW_DATA,3.3864,56.2656,88.4002
2026-06-01 08:34:37.562,NEW_DATA,3.3875,56.2328,88.4002
2026-06-01 08:34:37.593,NEW_DATA,3.3864,56.2004,88.4002
2026-06-01 08:34:37.625,NEW_DATA,3.3888,56.1683,88.4002
2026-06-01 08:34:37.656,NEW_DATA,3.3906,56.1366,88.4002
2026-06-01 08:34:37.686,NEW_DATA,3.3875,56.1052,88.4002
2026-06-01 08:34:37.717,NEW_DATA,3.3875,56.0743,88.4002
2026-06-01 08:34:37.748,NEW_DATA,3.392,56.0437,88.4002
2026-06-01 08:34:37.778,NEW_DATA,3.3902,56.0134,88.4002
2026-06-01 08:34:37.811,NEW_DATA,3.3881,55.9836,88.4002
2026-06-01 08:34:37.842,NEW_DATA,3.3906,55.9541,88.4002
2026-06-01 08:34:37.872,NEW_DATA,3.3888,55.9249,88.4002
2026-06-01 08:34:37.903,NEW_DATA,3.384,55.8962,88.4002
2026-06-01 08:34:37.933,NEW_DATA,3.385,55.8678,88.4002
2026-06-01 08:34:37.966,NEW_DATA,3.3857,55.8398,88.4002
2026-06-01 08:34:37.996,NEW_DATA,3.3836,55.8121,88.4002
2026-06-01 08:34:38.029,NEW_DATA,3.3916,55.7848,88.4002
2026-06-01 08:34:38.061,NEW_DATA,3.3875,55.7579,88.4002
2026-06-01 08:34:38.093,NEW_DATA,3.3888,55.7314,88.4002
2026-06-01 08:34:38.121,NEW_DATA,3.3906,55.7052,88.4002
2026-06-01 08:34:38.153,NEW_DATA,3.3864,55.6794,88.4002
2026-06-01 08:34:38.186,NEW_DATA,3.3871,55.654,88.4002
2026-06-01 08:34:38.216,NEW_DATA,3.385,55.629,88.4002
2026-06-01 08:34:38.249,NEW_DATA,3.3833,55.6043,88.4002
2026-06-01 08:34:38.280,NEW_DATA,3.3864,55.5681,88.4002
2026-06-01 08:34:38.312,NEW_DATA,3.3847,55.5561,88.4002
2026-06-01 08:34:38.340,NEW_DATA,3.385,55.5326,88.4002
2026-06-01 08:34:38.373,NEW_DATA,3.3875,55.5095,88.4002
2026-06-01 08:34:38.396,NEW_DATA,3.3847,55.3786,88.4002
2026-06-01 08:34:38.429,NEW_DATA,3.3881,55.3086,88.4002
2026-06-01 08:34:38.446,NEW_DATA,3.3833,55.2344,88.4002
2026-06-01 08:34:38.467,NEW_DATA,3.3868,55.1197,88.4002
2026-06-01 08:34:38.489,NEW_DATA,3.384,55.0305,88.4002
2026-06-01 08:34:38.509,NEW_DATA,3.3895,54.9584,88.4002
2026-06-01 08:34:38.529,NEW_DATA,3.3916,54.8967,88.4002
2026-06-01 08:34:38.552,NEW_DATA,3.3868,54.8623,88.4002
2026-06-01 08:34:38.572,NEW_DATA,3.3861,54.8455,88.4002
2026-06-01 08:34:38.592,NEW_DATA,3.3895,54.8471,142.5559
2026-06-01 08:34:38.614,NEW_DATA,3.3878,54.865,142.5559
2026-06-01 08:34:38.636,NEW_DATA,3.3847,54.8923,142.5559
2026-06-01 08:34:38.656,NEW_DATA,3.3861,54.9307,142.5559
2026-06-01 08:34:38.675,NEW_DATA,3.3875,54.9798,142.5559
2026-06-01 08:34:38.696,NEW_DATA,3.3864,55.0302,142.5559
2026-06-01 08:34:38.717,NEW_DATA,3.384,55.1089,142.5559
2026-06-01 08:34:38.739,NEW_DATA,3.3885,55.1883,142.5559
2026-06-01 08:34:38.759,NEW_DATA,3.3875,55.2773,142.5559
2026-06-01 08:34:38.779,NEW_DATA,3.385,55.3829,142.5559
2026-06-01 08:34:38.800,NEW_DATA,3.3875,55.4906,142.5559
2026-06-01 08:34:38.821,NEW_DATA,3.3888,55.5985,142.5559
2026-06-01 08:34:38.841,NEW_DATA,3.3861,55.7136,142.5559
2026-06-01 08:34:38.861,NEW_DATA,3.3875,55.8358,142.5559
2026-06-01 08:34:38.882,NEW_DATA,3.3875,55.975,142.5559
2026-06-01 08:34:38.903,NEW_DATA,3.385,56.1434,142.5559
2026-06-01 08:34:38.924,NEW_DATA,3.3833,56.3101,142.5559
2026-06-01 08:34:38.944,NEW_DATA,3.3833,56.4729,142.5559
2026-06-01 08:34:38.966,NEW_DATA,3.3861,56.6673,142.5559
2026-06-01 08:34:38.987,NEW_DATA,3.3812,56.8315,142.5559
2026-06-01 08:34:39.008,NEW_DATA,3.3833,56.9878,142.5559
2026-06-01 08:34:39.029,NEW_DATA,3.3888,57.1893,142.5559
2026-06-01 08:34:39.051,NEW_DATA,3.3833,57.3551,142.5559
2026-06-01 08:34:39.071,NEW_DATA,3.3805,57.5824,142.5559
2026-06-01 08:34:39.092,NEW_DATA,3.3836,57.7572,142.5559
2026-06-01 08:34:39.112,NEW_DATA,3.384,57.9805,142.5559
2026-06-01 08:34:39.133,NEW_DATA,3.3822,58.1936,142.5559
2026-06-01 08:34:39.154,NEW_DATA,3.3819,58.3951,142.5559
2026-06-01 08:34:39.174,NEW_DATA,3.3822,58.6157,142.5559
2026-06-01 08:34:39.196,NEW_DATA,3.3819,58.8397,142.5559
2026-06-01 08:34:39.216,NEW_DATA,3.3864,59.0667,142.5559
2026-06-01 08:34:39.238,NEW_DATA,3.3854,59.2799,142.5559
2026-06-01 08:34:39.258,NEW_DATA,3.3805,59.5117,142.5559
2026-06-01 08:34:39.278,NEW_DATA,3.3868,59.7622,142.5559
2026-06-01 08:34:39.298,NEW_DATA,3.3826,59.9975,142.5559
2026-06-01 08:34:39.320,NEW_DATA,3.3826,60.3015,142.5559
2026-06-01 08:34:39.339,NEW_DATA,3.3819,60.5046,142.5559
2026-06-01 08:34:39.360,NEW_DATA,3.3854,60.7416,142.5559
2026-06-01 08:34:39.380,NEW_DATA,3.3819,60.995,142.5559
2026-06-01 08:34:39.406,NEW_DATA,3.3791,61.2139,142.5559
2026-06-01 08:34:39.421,NEW_DATA,3.385,61.3981,142.5559
2026-06-01 08:34:39.442,NEW_DATA,3.3833,61.5812,142.5559
2026-06-01 08:34:39.479,NEW_DATA,3.3833,61.6144,142.5559
2026-06-01 08:34:39.511,NEW_DATA,3.3829,61.664,142.5559
2026-06-01 08:34:39.542,NEW_DATA,3.3847,61.6805,142.5559
2026-06-01 08:34:39.575,NEW_DATA,3.384,61.7136,142.5559
2026-06-01 08:34:39.606,NEW_DATA,3.3847,61.7465,142.5559
2026-06-01 08:34:39.637,NEW_DATA,3.3805,61.7794,142.5559
2026-06-01 08:34:39.669,NEW_DATA,3.3816,61.8123,142.5559
2026-06-01 08:34:39.700,NEW_DATA,3.3805,61.8451,142.5559
2026-06-01 08:34:39.730,NEW_DATA,3.3791,61.8778,142.5559
2026-06-01 08:34:39.761,NEW_DATA,3.3843,61.9105,142.5559
2026-06-01 08:34:39.793,NEW_DATA,3.3833,61.9431,142.5559
2026-06-01 08:34:39.824,NEW_DATA,3.3864,61.9757,142.5559
2026-06-01 08:34:39.855,NEW_DATA,3.3812,62.0081,142.5559
2026-06-01 08:34:39.887,NEW_DATA,3.3861,62.0406,142.5559
2026-06-01 08:34:39.916,NEW_DATA,3.384,62.0729,142.5559
2026-06-01 08:34:39.946,NEW_DATA,3.3809,62.1052,142.5559
2026-06-01 08:34:39.978,NEW_DATA,3.3795,62.1374,142.5559
2026-06-01 08:34:40.008,NEW_DATA,3.3798,62.1696,142.5559
2026-06-01 08:34:40.040,NEW_DATA,3.3826,62.2016,142.5559
2026-06-01 08:34:40.073,NEW_DATA,3.3819,62.2336,142.5559
2026-06-01 08:34:40.105,NEW_DATA,3.377,62.2656,142.5559
2026-06-01 08:34:40.137,NEW_DATA,3.3836,62.2974,142.5559
2026-06-01 08:34:40.169,NEW_DATA,3.3833,62.3292,142.5559
2026-06-01 08:34:40.199,NEW_DATA,3.3847,62.3608,142.5559
2026-06-01 08:34:40.232,NEW_DATA,3.3822,62.3924,142.5559
2026-06-01 08:34:40.262,NEW_DATA,3.3819,62.4239,142.5559
2026-06-01 08:34:40.294,NEW_DATA,3.3791,62.4553,142.5559
2026-06-01 08:34:40.325,NEW_DATA,3.3791,62.4867,142.5559
2026-06-01 08:34:40.356,NEW_DATA,3.3798,62.5179,142.5559
2026-06-01 08:34:40.387,NEW_DATA,3.3819,62.5491,142.5559
2026-06-01 08:34:40.420,NEW_DATA,3.3819,62.5801,142.5559
2026-06-01 08:34:40.481,NEW_DATA,3.3819,62.6111,142.5559
2026-06-01 08:34:40.524,NEW_DATA,3.3833,62.6419,142.5559
2026-06-01 08:34:40.544,NEW_DATA,3.3826,62.6727,142.5559
2026-06-01 08:34:40.576,NEW_DATA,3.384,62.7033,142.5559
2026-06-01 08:34:40.606,NEW_DATA,3.3819,62.7339,142.5559
2026-06-01 08:34:40.636,NEW_DATA,3.3833,62.7644,142.5559
2026-06-01 08:34:40.670,NEW_DATA,3.3791,62.8098,142.5559
2026-06-01 08:34:40.700,NEW_DATA,3.3784,62.8249,142.5559
2026-06-01 08:34:40.731,NEW_DATA,3.3819,62.8551,142.5559
2026-06-01 08:34:40.762,NEW_DATA,3.3826,62.8851,142.5559
2026-06-01 08:34:40.793,NEW_DATA,3.3836,62.915,142.5559
2026-06-01 08:34:40.826,NEW_DATA,3.3854,62.9448,142.5559
2026-06-01 08:34:40.857,NEW_DATA,3.3868,62.9744,142.5559
2026-06-01 08:34:40.886,NEW_DATA,3.3836,63.004,142.5559
2026-06-01 08:34:40.919,NEW_DATA,3.3836,63.0334,142.5559
2026-06-01 08:34:40.949,NEW_DATA,3.3798,63.0627,142.5559
2026-06-01 08:34:40.980,NEW_DATA,3.3791,63.0919,142.5559
2026-06-01 08:34:41.012,NEW_DATA,3.3819,63.121,142.5559
2026-06-01 08:34:41.043,NEW_DATA,3.3819,63.1499,142.5559
2026-06-01 08:34:41.075,NEW_DATA,3.3784,63.1787,142.5559
2026-06-01 08:34:41.105,NEW_DATA,3.3809,63.2074,142.5559
2026-06-01 08:34:41.137,NEW_DATA,3.3833,63.2359,142.5559
2026-06-01 08:34:41.169,NEW_DATA,3.3881,63.2785,142.5559
2026-06-01 08:34:41.200,NEW_DATA,3.3822,63.2926,142.5559
2026-06-01 08:34:41.231,NEW_DATA,3.3805,63.3207,142.5559
2026-06-01 08:34:41.263,NEW_DATA,3.3861,63.3487,142.5559
2026-06-01 08:34:41.294,NEW_DATA,3.3784,63.3765,142.5559
2026-06-01 08:34:41.324,NEW_DATA,3.3781,63.4042,142.5559
2026-06-01 08:34:41.356,NEW_DATA,3.3798,63.4318,142.5559
2026-06-01 08:34:41.386,NEW_DATA,3.3812,63.4592,142.5559
2026-06-01 08:34:41.422,NEW_DATA,3.3822,63.4865,142.5559
2026-06-01 08:34:41.449,NEW_DATA,3.3833,63.5136,142.5559
2026-06-01 08:34:41.479,NEW_DATA,3.3833,63.5405,142.5559
2026-06-01 08:34:41.511,NEW_DATA,3.3847,63.5673,142.5559
2026-06-01 08:34:41.543,NEW_DATA,3.3826,63.594,142.5559
2026-06-01 08:34:41.573,NEW_DATA,3.3805,63.6204,142.5559
2026-06-01 08:34:41.604,NEW_DATA,3.3781,63.6468,142.5559
2026-06-01 08:34:41.636,NEW_DATA,3.384,63.6729,142.5559
2026-06-01 08:34:41.667,NEW_DATA,3.3826,63.6989,142.5559
2026-06-01 08:34:41.699,NEW_DATA,3.3819,63.7248,142.5559
2026-06-01 08:34:41.729,NEW_DATA,3.385,63.7504,142.5559
2026-06-01 08:34:41.761,NEW_DATA,3.3819,63.7759,142.5559
2026-06-01 08:34:41.793,NEW_DATA,3.3847,63.8012,142.5559
2026-06-01 08:34:41.825,NEW_DATA,3.3847,63.8264,142.5559
2026-06-01 08:34:41.855,NEW_DATA,3.3822,63.8514,142.5559
2026-06-01 08:34:41.886,NEW_DATA,3.3784,63.8761,142.5559
2026-06-01 08:34:41.920,NEW_DATA,3.3767,63.9008,142.5559
2026-06-01 08:34:41.952,NEW_DATA,3.3875,63.9252,142.5559
2026-06-01 08:34:41.981,NEW_DATA,3.3812,63.9494,142.5559
2026-06-01 08:34:42.011,NEW_DATA,3.3906,63.9735,142.5559
2026-06-01 08:34:42.043,NEW_DATA,3.3822,63.9974,142.5559
2026-06-01 08:34:42.075,NEW_DATA,3.3847,64.0211,142.5559
2026-06-01 08:34:42.107,NEW_DATA,3.3854,64.0446,142.5559
2026-06-01 08:34:42.138,NEW_DATA,3.3819,64.0679,142.5559
2026-06-01 08:34:42.169,NEW_DATA,3.3847,64.091,142.5559
2026-06-01 08:34:42.202,NEW_DATA,3.3805,64.1139,142.5559
2026-06-01 08:34:42.232,NEW_DATA,3.3809,64.1366,142.5559
2026-06-01 08:34:42.262,NEW_DATA,3.3805,64.1591,142.5559
2026-06-01 08:34:42.295,NEW_DATA,3.384,64.1815,142.5559
2026-06-01 08:34:42.328,NEW_DATA,3.3809,64.2036,142.5559
2026-06-01 08:34:42.360,NEW_DATA,3.3843,64.2255,142.5559
2026-06-01 08:34:42.390,NEW_DATA,3.3847,64.2472,142.5559
2026-06-01 08:34:42.421,NEW_DATA,3.384,64.2687,142.5559
2026-06-01 08:34:42.452,NEW_DATA,3.3812,64.2899,142.5559
2026-06-01 08:34:42.485,NEW_DATA,3.3791,64.3215,142.5559
2026-06-01 08:34:42.514,NEW_DATA,3.3822,64.3319,142.5559
2026-06-01 08:34:42.546,NEW_DATA,3.3781,64.3525,142.5559
2026-06-01 08:34:42.577,NEW_DATA,3.3777,64.3729,142.5559
2026-06-01 08:34:42.610,NEW_DATA,3.3764,64.3931,142.5559
2026-06-01 08:34:42.640,NEW_DATA,3.3822,64.4131,142.5559
2026-06-01 08:34:42.671,NEW_DATA,3.3829,64.4328,142.5559
2026-06-01 08:34:42.703,NEW_DATA,3.3819,64.4523,142.5559
2026-06-01 08:34:42.734,NEW_DATA,3.3833,64.4716,142.5559
2026-06-01 08:34:42.763,NEW_DATA,3.3822,64.4907,142.5559
2026-06-01 08:34:42.795,NEW_DATA,3.3791,64.5095,142.5559
2026-06-01 08:34:42.826,NEW_DATA,3.3805,64.5281,142.5559
2026-06-01 08:34:42.858,NEW_DATA,3.3802,64.5464,142.5559
2026-06-01 08:34:42.890,NEW_DATA,3.3805,64.5645,142.5559
2026-06-01 08:34:42.922,NEW_DATA,3.3805,64.5824,142.5559
2026-06-01 08:34:42.953,NEW_DATA,3.3833,64.6001,142.5559
2026-06-01 08:34:42.984,NEW_DATA,3.3809,64.6174,142.5559
2026-06-01 08:34:43.016,NEW_DATA,3.3833,64.6346,142.5559
2026-06-01 08:34:43.047,NEW_DATA,3.3819,64.6598,142.5559
2026-06-01 08:34:43.077,NEW_DATA,3.3812,64.6681,142.5559
2026-06-01 08:34:43.108,NEW_DATA,3.3812,64.6845,142.5559
2026-06-01 08:34:43.140,NEW_DATA,3.3805,64.7007,142.5559
2026-06-01 08:34:43.171,NEW_DATA,3.3777,64.7166,142.5559
2026-06-01 08:34:43.203,NEW_DATA,3.3798,64.7322,142.5559
2026-06-01 08:34:43.234,NEW_DATA,3.3809,64.7476,142.5559
2026-06-01 08:34:43.265,NEW_DATA,3.3809,64.7627,142.5559
2026-06-01 08:34:43.296,NEW_DATA,3.3822,64.7775,142.5559
2026-06-01 08:34:43.326,NEW_DATA,3.3836,64.7921,142.5559
2026-06-01 08:34:43.358,NEW_DATA,3.384,64.8064,142.5559
2026-06-01 08:34:43.390,NEW_DATA,3.3809,64.8274,142.5559
2026-06-01 08:34:43.423,NEW_DATA,3.3829,64.8343,142.5559
2026-06-01 08:34:43.455,NEW_DATA,3.3805,64.8478,142.5559
2026-06-01 08:34:43.486,NEW_DATA,3.3791,64.861,142.5559
2026-06-01 08:34:43.518,NEW_DATA,3.377,64.874,142.5559
2026-06-01 08:34:43.548,NEW_DATA,3.3798,64.8929,142.5559
2026-06-01 08:34:43.580,NEW_DATA,3.3826,64.8991,142.5559
2026-06-01 08:34:43.610,NEW_DATA,3.3816,64.9112,142.5559
2026-06-01 08:34:43.641,NEW_DATA,3.3826,64.923,142.5559
2026-06-01 08:34:43.672,NEW_DATA,3.3822,64.9346,142.5559
2026-06-01 08:34:43.703,NEW_DATA,3.3812,64.9459,142.5559
2026-06-01 08:34:43.736,NEW_DATA,3.3822,64.9569,142.5559
2026-06-01 08:34:43.766,NEW_DATA,3.377,64.9676,142.5559
2026-06-01 08:34:43.797,NEW_DATA,3.3784,64.978,142.5559
2026-06-01 08:34:43.827,NEW_DATA,3.3805,64.9881,142.5559
2026-06-01 08:34:43.857,NEW_DATA,3.3788,64.9979,142.5559
2026-06-01 08:34:43.891,NEW_DATA,3.3826,65.012,142.5559
2026-06-01 08:34:43.921,NEW_DATA,3.3854,65.0166,142.5559
2026-06-01 08:34:43.951,NEW_DATA,3.3833,65.0255,142.5559
2026-06-01 08:34:43.982,NEW_DATA,3.384,65.0341,142.5559
2026-06-01 08:34:44.015,NEW_DATA,3.384,65.0425,142.5559
2026-06-01 08:34:44.047,NEW_DATA,3.3798,65.0505,142.5559
2026-06-01 08:34:44.077,NEW_DATA,3.3833,65.0582,142.5559
2026-06-01 08:34:44.108,NEW_DATA,3.3805,65.0656,142.5559
2026-06-01 08:34:44.139,NEW_DATA,3.3826,65.0726,142.5559
2026-06-01 08:34:44.171,NEW_DATA,3.3892,65.0794,142.5559
2026-06-01 08:34:44.203,NEW_DATA,3.3854,65.0859,142.5559
2026-06-01 08:34:44.233,NEW_DATA,3.3847,65.092,142.5559
2026-06-01 08:34:44.264,NEW_DATA,3.3888,65.0978,142.5559
2026-06-01 08:34:44.295,NEW_DATA,3.3888,65.1033,142.5559
2026-06-01 08:34:44.327,NEW_DATA,3.3875,65.1085,142.5559
2026-06-01 08:34:44.358,NEW_DATA,3.3861,65.1133,142.5559
2026-06-01 08:34:44.389,NEW_DATA,3.3875,65.1179,142.5559
2026-06-01 08:34:44.421,NEW_DATA,3.3847,65.1221,142.5559
2026-06-01 08:34:44.451,NEW_DATA,3.3781,65.126,142.5559
2026-06-01 08:34:44.483,NEW_DATA,3.3795,65.1295,142.5559
2026-06-01 08:34:44.513,NEW_DATA,3.3819,65.1327,142.5559
2026-06-01 08:34:44.544,NEW_DATA,3.3826,65.1356,142.5559
2026-06-01 08:34:44.576,NEW_DATA,3.3819,65.1393,142.5559
2026-06-01 08:34:44.607,NEW_DATA,3.385,65.1404,142.5559
2026-06-01 08:34:44.638,NEW_DATA,3.3822,65.1423,142.5559
2026-06-01 08:34:44.671,NEW_DATA,3.3798,65.1438,142.5559
2026-06-01 08:34:44.702,NEW_DATA,3.3819,65.145,142.5559
2026-06-01 08:34:44.733,NEW_DATA,3.3784,65.1462,142.5559
2026-06-01 08:34:44.764,NEW_DATA,3.3784,65.1464,142.5559
2026-06-01 08:34:44.798,NEW_DATA,3.3805,65.1466,144.5244
2026-06-01 08:34:44.826,NEW_DATA,3.3826,65.1466,144.5244
2026-06-01 08:34:44.857,NEW_DATA,3.3833,65.1466,144.5244
2026-06-01 08:34:44.888,NEW_DATA,3.3854,65.1465,144.5244
2026-06-01 08:34:44.920,NEW_DATA,3.3836,65.1465,144.5244
2026-06-01 08:34:44.952,NEW_DATA,3.3861,65.1465,144.5244
2026-06-01 08:34:44.982,NEW_DATA,3.3847,65.1464,144.5244
2026-06-01 08:34:45.014,NEW_DATA,3.3809,65.1463,144.5244
2026-06-01 08:34:45.044,NEW_DATA,3.3805,65.1463,144.5244
2026-06-01 08:34:45.076,NEW_DATA,3.3809,65.1462,144.5244
2026-06-01 08:34:45.107,NEW_DATA,3.3805,65.1461,144.5244
2026-06-01 08:34:45.139,NEW_DATA,3.384,65.146,144.5244
2026-06-01 08:34:45.169,NEW_DATA,3.3847,65.1459,144.5244
2026-06-01 08:34:45.205,NEW_DATA,3.384,65.1458,144.5244
2026-06-01 08:34:45.232,NEW_DATA,3.3826,65.1456,144.5244
2026-06-01 08:34:45.263,NEW_DATA,3.3847,65.1455,144.5244
2026-06-01 08:34:45.294,NEW_DATA,3.3833,65.1453,144.5244
2026-06-01 08:34:45.326,NEW_DATA,3.3819,65.1452,144.5244
2026-06-01 08:34:45.357,NEW_DATA,3.3798,65.145,144.5244
2026-06-01 08:34:45.387,NEW_DATA,3.3809,65.1448,144.5244
2026-06-01 08:34:45.419,NEW_DATA,3.3802,65.1447,144.5244
2026-06-01 08:34:45.449,NEW_DATA,3.3836,65.1445,144.5244
2026-06-01 08:34:45.480,NEW_DATA,3.3833,65.1443,144.5244
2026-06-01 08:34:45.510,NEW_DATA,3.3861,65.1441,144.5244
2026-06-01 08:34:45.541,NEW_DATA,3.3829,65.1438,144.5244
2026-06-01 08:34:45.573,NEW_DATA,3.3802,65.1436,144.5244
2026-06-01 08:34:45.603,NEW_DATA,3.3847,65.1434,144.5244
2026-06-01 08:34:45.635,NEW_DATA,3.3798,65.1431,144.5244
2026-06-01 08:34:45.666,NEW_DATA,3.3791,65.1429,144.5244
2026-06-01 08:34:45.699,NEW_DATA,3.3798,65.1426,144.5244
2026-06-01 08:34:45.730,NEW_DATA,3.3805,65.1423,144.5244
2026-06-01 08:34:45.759,NEW_DATA,3.3812,65.142,144.5244
2026-06-01 08:34:45.790,NEW_DATA,3.3819,65.1417,144.5244
2026-06-01 08:34:45.822,NEW_DATA,3.3822,65.1413,144.5244
2026-06-01 08:34:45.850,NEW_DATA,3.3822,65.1411,144.5244
2026-06-01 08:34:45.882,NEW_DATA,3.385,65.1408,144.5244
2026-06-01 08:34:45.916,NEW_DATA,3.3836,65.1405,144.5244
2026-06-01 08:34:45.946,NEW_DATA,3.384,65.1402,144.5244
2026-06-01 08:34:45.977,NEW_DATA,3.3791,65.1398,144.5244
2026-06-01 08:34:46.009,NEW_DATA,3.3764,65.1395,144.5244
2026-06-01 08:34:46.040,NEW_DATA,3.3819,65.1391,144.5244
2026-06-01 08:34:46.071,NEW_DATA,3.3805,65.1387,144.5244
2026-06-01 08:34:46.102,NEW_DATA,3.3854,65.1384,144.5244
2026-06-01 08:34:46.135,NEW_DATA,3.3836,65.1378,144.5244
2026-06-01 08:34:46.166,NEW_DATA,3.3826,65.1376,144.5244
2026-06-01 08:34:46.196,NEW_DATA,3.385,65.1372,144.5244
2026-06-01 08:34:46.227,NEW_DATA,3.3819,65.1368,144.5244
2026-06-01 08:34:46.260,NEW_DATA,3.3777,65.1364,144.5244
2026-06-01 08:34:46.292,NEW_DATA,3.3847,65.136,144.5244
2026-06-01 08:34:46.323,NEW_DATA,3.3819,65.1353,144.5244
2026-06-01 08:34:46.354,NEW_DATA,3.3798,65.1351,144.5244
2026-06-01 08:34:46.387,NEW_DATA,3.384,65.1347,144.5244
2026-06-01 08:34:46.418,NEW_DATA,3.3854,65.1342,144.5244
2026-06-01 08:34:46.448,NEW_DATA,3.3819,65.1337,144.5244
2026-06-01 08:34:46.480,NEW_DATA,3.3805,65.1333,144.5244
2026-06-01 08:34:46.511,NEW_DATA,3.3822,65.1326,144.5244
2026-06-01 08:34:46.542,NEW_DATA,3.3812,65.1323,144.5244
2026-06-01 08:34:46.574,NEW_DATA,3.3833,65.1318,144.5244
2026-06-01 08:34:46.605,NEW_DATA,3.3798,65.1313,144.5244
2026-06-01 08:34:46.636,NEW_DATA,3.3843,65.1308,144.5244
2026-06-01 08:34:46.668,NEW_DATA,3.3833,65.1303,144.5244
2026-06-01 08:34:46.699,NEW_DATA,3.3826,65.1298,144.5244
2026-06-01 08:34:46.731,NEW_DATA,3.3819,65.1293,144.5244
2026-06-01 08:34:46.760,NEW_DATA,3.3833,65.1287,144.5244
2026-06-01 08:34:46.822,NEW_DATA,3.3819,65.1279,144.5244
2026-06-01 08:34:46.839,HOLD_LAST,3.3819,65.1279,144.5244
2026-06-01 08:34:46.873,NEW_DATA,3.3833,65.1271,144.5244
2026-06-01 08:34:46.906,NEW_DATA,3.3809,65.1268,144.5244
2026-06-01 08:34:46.935,NEW_DATA,3.3798,65.1259,144.5244
2026-06-01 08:34:46.968,NEW_DATA,3.3805,65.1254,144.5244
2026-06-01 08:34:46.997,NEW_DATA,3.3798,65.1251,144.5244
2026-06-01 08:34:47.029,NEW_DATA,3.3798,65.1245,144.5244
2026-06-01 08:34:47.059,NEW_DATA,3.3822,65.1239,144.5244
2026-06-01 08:34:47.091,NEW_DATA,3.3836,65.1233,144.5244
2026-06-01 08:34:47.123,NEW_DATA,3.3847,65.1227,144.5244
2026-06-01 08:34:47.153,NEW_DATA,3.3854,65.1221,144.5244
2026-06-01 08:34:47.185,NEW_DATA,3.3833,65.1214,144.5244
2026-06-01 08:34:47.216,NEW_DATA,3.3826,65.1208,144.5244
2026-06-01 08:34:47.250,NEW_DATA,3.3809,65.1202,144.5244
2026-06-01 08:34:47.280,NEW_DATA,3.3819,65.1195,144.5244
2026-06-01 08:34:47.310,NEW_DATA,3.3819,65.1189,144.5244
2026-06-01 08:34:47.342,NEW_DATA,3.3812,65.1182,144.5244
2026-06-01 08:34:47.373,NEW_DATA,3.3875,65.1176,144.5244
2026-06-01 08:34:47.404,NEW_DATA,3.3847,65.1169,144.5244
2026-06-01 08:34:47.435,NEW_DATA,3.3857,65.1162,144.5244
2026-06-01 08:34:47.467,NEW_DATA,3.3847,65.1156,144.5244
2026-06-01 08:34:47.499,NEW_DATA,3.3833,65.1149,144.5244
2026-06-01 08:34:47.529,NEW_DATA,3.3847,65.1142,144.5244
2026-06-01 08:34:47.561,NEW_DATA,3.3812,65.1135,144.5244
2026-06-01 08:34:47.591,NEW_DATA,3.3819,65.1128,144.5244
2026-06-01 08:34:47.623,NEW_DATA,3.3819,65.1121,144.5244
2026-06-01 08:34:47.655,NEW_DATA,3.3861,65.1113,144.5244
2026-06-01 08:34:47.686,NEW_DATA,3.3861,65.1106,144.5244
2026-06-01 08:34:47.718,NEW_DATA,3.3854,65.1099,144.5244
2026-06-01 08:34:47.749,NEW_DATA,3.3847,65.1092,144.5244
2026-06-01 08:34:47.781,NEW_DATA,3.3847,65.1084,144.5244
2026-06-01 08:34:47.812,NEW_DATA,3.3819,65.1077,144.5244
2026-06-01 08:34:47.842,NEW_DATA,3.3826,65.1069,144.5244
2026-06-01 08:34:47.873,NEW_DATA,3.3812,65.1062,144.5244
2026-06-01 08:34:47.905,NEW_DATA,3.3833,65.1054,144.5244
2026-06-01 08:34:47.935,NEW_DATA,3.3833,65.1046,144.5244
2026-06-01 08:34:47.967,NEW_DATA,3.3854,65.1039,144.5244
2026-06-01 08:34:47.999,NEW_DATA,3.3833,65.1031,144.5244
2026-06-01 08:34:48.029,NEW_DATA,3.3868,65.1023,144.5244
2026-06-01 08:34:48.060,NEW_DATA,3.3861,65.1015,144.5244
2026-06-01 08:34:48.090,NEW_DATA,3.3864,65.1007,144.5244
2026-06-01 08:34:48.122,NEW_DATA,3.3833,65.0999,144.5244
2026-06-01 08:34:48.155,NEW_DATA,3.3868,65.0991,144.5244
2026-06-01 08:34:48.187,NEW_DATA,3.3822,65.0983,144.5244
2026-06-01 08:34:48.216,NEW_DATA,3.3826,65.097,144.5244
2026-06-01 08:34:48.247,NEW_DATA,3.3836,65.0962,144.5244
2026-06-01 08:34:48.277,NEW_DATA,3.3847,65.0958,144.5244
2026-06-01 08:34:48.309,NEW_DATA,3.3857,65.095,144.5244
2026-06-01 08:34:48.339,NEW_DATA,3.385,65.0941,144.5244
2026-06-01 08:34:48.371,NEW_DATA,3.3868,65.0933,144.5244
2026-06-01 08:34:48.403,NEW_DATA,3.384,65.0924,144.5244
2026-06-01 08:34:48.434,NEW_DATA,3.3795,65.0916,144.5244
2026-06-01 08:34:48.467,NEW_DATA,3.3833,65.0907,144.5244
2026-06-01 08:34:48.496,NEW_DATA,3.3826,65.0899,144.5244
2026-06-01 08:34:48.529,NEW_DATA,3.3798,65.089,144.5244
2026-06-01 08:34:48.559,NEW_DATA,3.3788,65.0881,144.5244
2026-06-01 08:34:48.590,NEW_DATA,3.3819,65.0872,144.5244
2026-06-01 08:34:48.622,NEW_DATA,3.385,65.0863,144.5244
2026-06-01 08:34:48.653,NEW_DATA,3.3836,65.0855,144.5244
2026-06-01 08:34:48.683,NEW_DATA,3.3861,65.0846,144.5244
2026-06-01 08:34:48.714,NEW_DATA,3.3861,65.0837,144.5244
2026-06-01 08:34:48.745,NEW_DATA,3.3805,65.0828,144.5244
2026-06-01 08:34:48.777,NEW_DATA,3.3809,65.0819,144.5244
2026-06-01 08:34:48.808,NEW_DATA,3.3791,65.081,144.5244
2026-06-01 08:34:48.840,NEW_DATA,3.3791,65.08,144.5244
2026-06-01 08:34:48.871,NEW_DATA,3.3805,65.0791,144.5244
2026-06-01 08:34:48.901,NEW_DATA,3.3805,65.0782,144.5244
2026-06-01 08:34:48.932,NEW_DATA,3.3791,65.0773,144.5244
2026-06-01 08:34:48.962,NEW_DATA,3.3878,65.0763,144.5244
2026-06-01 08:34:48.993,NEW_DATA,3.385,65.0754,144.5244
2026-06-01 08:34:49.025,NEW_DATA,3.3833,65.0745,144.5244
2026-06-01 08:34:49.056,NEW_DATA,3.3822,65.0735,144.5244
2026-06-01 08:34:49.087,NEW_DATA,3.3819,65.0726,144.5244
2026-06-01 08:34:49.118,NEW_DATA,3.3784,65.0716,144.5244
2026-06-01 08:34:49.149,NEW_DATA,3.3805,65.0707,144.5244
2026-06-01 08:34:49.181,NEW_DATA,3.3802,65.0697,144.5244
2026-06-01 08:34:49.211,NEW_DATA,3.3819,65.0687,144.5244
2026-06-01 08:34:49.242,NEW_DATA,3.3836,65.0678,144.5244
2026-06-01 08:34:49.273,NEW_DATA,3.384,65.0663,144.5244
2026-06-01 08:34:49.305,NEW_DATA,3.3836,65.0658,144.5244
2026-06-01 08:34:49.336,NEW_DATA,3.3822,65.0648,144.5244
2026-06-01 08:34:49.368,NEW_DATA,3.3819,65.0639,144.5244
2026-06-01 08:34:49.399,NEW_DATA,3.3822,65.0629,144.5244
2026-06-01 08:34:49.431,NEW_DATA,3.3791,65.0619,144.5244
2026-06-01 08:34:49.462,NEW_DATA,3.3805,65.0609,144.5244
2026-06-01 08:34:49.493,NEW_DATA,3.3826,65.0599,144.5244
2026-06-01 08:34:49.525,NEW_DATA,3.3864,65.0589,144.5244
2026-06-01 08:34:49.555,NEW_DATA,3.385,65.0579,144.5244
2026-06-01 08:34:49.588,NEW_DATA,3.3868,65.0569,144.5244
2026-06-01 08:34:49.618,NEW_DATA,3.3847,65.0559,144.5244
2026-06-01 08:34:49.650,NEW_DATA,3.3847,65.0543,144.5244
2026-06-01 08:34:49.681,NEW_DATA,3.3819,65.0538,144.5244
2026-06-01 08:34:49.712,NEW_DATA,3.3833,65.0528,144.5244
2026-06-01 08:34:49.743,NEW_DATA,3.3795,65.0518,144.5244
2026-06-01 08:34:49.777,NEW_DATA,3.3819,65.0508,144.5244
2026-06-01 08:34:49.806,NEW_DATA,3.3805,65.0497,144.5244
2026-06-01 08:34:49.836,NEW_DATA,3.3819,65.0487,144.5244
2026-06-01 08:34:49.867,NEW_DATA,3.3861,65.0477,144.5244
2026-06-01 08:34:49.898,NEW_DATA,3.3847,65.0461,144.5244
2026-06-01 08:34:49.931,NEW_DATA,3.384,65.0456,144.5244
2026-06-01 08:34:49.961,NEW_DATA,3.3878,65.0445,144.5244
2026-06-01 08:34:49.991,NEW_DATA,3.3819,65.0435,144.5244
2026-06-01 08:34:50.024,NEW_DATA,3.3819,65.0424,144.5244
2026-06-01 08:34:50.053,NEW_DATA,3.3791,65.0414,144.5244
2026-06-01 08:34:50.086,NEW_DATA,3.3819,65.0403,144.5244
2026-06-01 08:34:50.116,NEW_DATA,3.3812,65.0393,144.5244
2026-06-01 08:34:50.147,NEW_DATA,3.3819,65.0382,144.5244
2026-06-01 08:34:50.179,NEW_DATA,3.3854,65.0371,144.5244
2026-06-01 08:34:50.209,NEW_DATA,3.3847,65.0361,144.5244
2026-06-01 08:34:50.240,NEW_DATA,3.385,65.035,144.5244
2026-06-01 08:34:50.272,NEW_DATA,3.3843,65.0339,144.5244
2026-06-01 08:34:50.305,NEW_DATA,3.3819,65.0329,144.5244
2026-06-01 08:34:50.336,NEW_DATA,3.3833,65.0318,144.5244
2026-06-01 08:34:50.367,NEW_DATA,3.384,65.0307,144.5244
2026-06-01 08:34:50.399,NEW_DATA,3.3819,65.0291,144.5244
2026-06-01 08:34:50.431,NEW_DATA,3.3798,65.028,144.5244
2026-06-01 08:34:50.460,NEW_DATA,3.3875,65.0275,144.5244
2026-06-01 08:34:50.492,NEW_DATA,3.3843,65.0264,144.5244
2026-06-01 08:34:50.524,NEW_DATA,3.384,65.0253,144.5244
2026-06-01 08:34:50.554,NEW_DATA,3.3847,65.0242,144.5244
2026-06-01 08:34:50.585,NEW_DATA,3.3847,65.0231,144.5244
2026-06-01 08:34:50.616,NEW_DATA,3.3861,65.0214,144.5244
2026-06-01 08:34:50.647,NEW_DATA,3.3861,65.0209,144.5244
2026-06-01 08:34:50.678,NEW_DATA,3.3809,65.0198,144.5244
2026-06-01 08:34:50.710,NEW_DATA,3.3805,65.0187,144.5244
2026-06-01 08:34:50.742,NEW_DATA,3.3791,65.0176,144.5244
2026-06-01 08:34:50.773,NEW_DATA,3.3812,65.0165,144.5244
2026-06-01 08:34:50.803,NEW_DATA,3.3833,65.0154,144.5244
2026-06-01 08:34:50.836,NEW_DATA,3.3847,65.0137,144.5244
2026-06-01 08:34:50.866,NEW_DATA,3.3847,65.0132,144.5244
2026-06-01 08:34:50.898,NEW_DATA,3.3895,65.0121,144.5244
2026-06-01 08:34:50.929,NEW_DATA,3.3847,65.0109,144.5244
2026-06-01 08:34:50.959,NEW_DATA,3.3854,65.0098,144.5244
2026-06-01 08:34:50.990,NEW_DATA,3.3833,65.0087,144.5244
2026-06-01 08:34:51.022,NEW_DATA,3.3805,65.007,144.5244
2026-06-01 08:34:51.053,NEW_DATA,3.3802,65.0065,144.5244
2026-06-01 08:34:51.084,NEW_DATA,3.384,65.0054,144.5244
2026-06-01 08:34:51.115,NEW_DATA,3.3833,65.0042,144.5244
2026-06-01 08:34:51.146,NEW_DATA,3.3875,65.0031,144.5244
2026-06-01 08:34:51.177,NEW_DATA,3.3847,65.002,144.5244
2026-06-01 08:34:51.208,NEW_DATA,3.3861,65.0009,144.5244
2026-06-01 08:34:51.239,NEW_DATA,3.384,64.9997,144.5244
2026-06-01 08:34:51.270,NEW_DATA,3.3805,64.9986,144.5244
2026-06-01 08:34:51.302,NEW_DATA,3.3836,64.9975,144.5244
2026-06-01 08:34:51.332,NEW_DATA,3.3816,64.9964,144.5244
2026-06-01 08:34:51.365,NEW_DATA,3.3875,64.9952,144.5244
2026-06-01 08:34:51.395,NEW_DATA,3.3857,64.9941,144.5244
2026-06-01 08:34:51.427,NEW_DATA,3.3854,64.993,144.5244
2026-06-01 08:34:51.459,NEW_DATA,3.3888,64.9918,144.5244
2026-06-01 08:34:51.488,NEW_DATA,3.3868,64.9907,144.5244
2026-06-01 08:34:51.519,NEW_DATA,3.3861,64.9896,144.5244
2026-06-01 08:34:51.552,NEW_DATA,3.385,64.9884,144.5244
2026-06-01 08:34:51.582,NEW_DATA,3.3847,64.9873,144.5244
2026-06-01 08:34:51.614,NEW_DATA,3.3826,64.9862,144.5244
2026-06-01 08:34:51.646,NEW_DATA,3.3826,64.985,144.5244
2026-06-01 08:34:51.677,NEW_DATA,3.3819,64.9839,144.5244
2026-06-01 08:34:51.707,NEW_DATA,3.3861,64.9827,144.5244
2026-06-01 08:34:51.738,NEW_DATA,3.3868,64.9816,144.5244
2026-06-01 08:34:51.770,NEW_DATA,3.3861,64.9805,144.5244
2026-06-01 08:34:51.802,NEW_DATA,3.3875,64.9793,144.5244
2026-06-01 08:34:51.834,NEW_DATA,3.3902,64.9782,144.5244
2026-06-01 08:34:51.865,NEW_DATA,3.3861,64.9771,144.5244
2026-06-01 08:34:51.898,NEW_DATA,3.3833,64.9753,144.5244
2026-06-01 08:34:51.927,NEW_DATA,3.3822,64.9748,144.5244
2026-06-01 08:34:51.958,NEW_DATA,3.3847,64.9736,144.5244
2026-06-01 08:34:51.990,NEW_DATA,3.3854,64.9725,144.5244
2026-06-01 08:34:52.021,NEW_DATA,3.384,64.9714,144.5244
2026-06-01 08:34:52.052,NEW_DATA,3.3888,64.9702,144.5244
2026-06-01 08:34:52.083,NEW_DATA,3.3861,64.9691,144.5244
2026-06-01 08:34:52.115,NEW_DATA,3.3875,64.9679,144.5244
2026-06-01 08:34:52.146,NEW_DATA,3.3847,64.9668,144.5244
2026-06-01 08:34:52.176,NEW_DATA,3.3861,64.9657,144.5244
2026-06-01 08:34:52.210,NEW_DATA,3.3875,64.964,144.5244
2026-06-01 08:34:52.239,NEW_DATA,3.3847,64.9634,144.5244
2026-06-01 08:34:52.271,NEW_DATA,3.3833,64.9622,144.5244
2026-06-01 08:34:52.303,NEW_DATA,3.3857,64.9611,144.5244
2026-06-01 08:34:52.334,NEW_DATA,3.384,64.96,144.5244
2026-06-01 08:34:52.367,NEW_DATA,3.3881,64.9588,144.5244
2026-06-01 08:34:52.398,NEW_DATA,3.3861,64.9577,144.5244
2026-06-01 08:34:52.430,NEW_DATA,3.3861,64.9566,144.5244
2026-06-01 08:34:52.461,NEW_DATA,3.3875,64.9554,144.5244
2026-06-01 08:34:52.492,NEW_DATA,3.3868,64.9543,144.5244
2026-06-01 08:34:52.522,NEW_DATA,3.3888,64.9532,144.5244
2026-06-01 08:34:52.554,NEW_DATA,3.384,64.952,144.5244
2026-06-01 08:34:52.585,NEW_DATA,3.3861,64.9509,144.5244
2026-06-01 08:34:52.617,NEW_DATA,3.3809,64.9498,144.5244
2026-06-01 08:34:52.650,NEW_DATA,3.3861,64.9486,144.5244
2026-06-01 08:34:52.680,NEW_DATA,3.3881,64.9475,144.5244
2026-06-01 08:34:52.713,NEW_DATA,3.3875,64.9464,144.5244
2026-06-01 08:34:52.745,NEW_DATA,3.3875,64.9452,144.5244
2026-06-01 08:34:52.776,NEW_DATA,3.3875,64.9441,144.5244
2026-06-01 08:34:52.808,NEW_DATA,3.3854,64.943,144.5244
2026-06-01 08:34:52.838,NEW_DATA,3.392,64.9419,144.5244
2026-06-01 08:34:52.869,NEW_DATA,3.3857,64.9407,144.5244
2026-06-01 08:34:52.902,NEW_DATA,3.3822,64.9396,144.5244
2026-06-01 08:34:52.933,NEW_DATA,3.3847,64.9385,144.5244
2026-06-01 08:34:52.964,NEW_DATA,3.3854,64.9374,144.5244
2026-06-01 08:34:52.993,NEW_DATA,3.3875,64.9362,144.5244
2026-06-01 08:34:53.025,NEW_DATA,3.3854,64.9351,144.5244
2026-06-01 08:34:53.056,NEW_DATA,3.3909,64.934,144.5244
2026-06-01 08:34:53.086,NEW_DATA,3.3892,64.9329,144.5244
2026-06-01 08:34:53.120,NEW_DATA,3.385,64.9318,144.5244
2026-06-01 08:34:53.151,NEW_DATA,3.3847,64.9307,144.5244
2026-06-01 08:34:53.181,NEW_DATA,3.3868,64.9296,144.5244
2026-06-01 08:34:53.214,NEW_DATA,3.384,64.9284,144.5244
2026-06-01 08:34:53.244,NEW_DATA,3.3868,64.9273,144.5244
2026-06-01 08:34:53.276,NEW_DATA,3.3916,64.9262,144.5244
2026-06-01 08:34:53.308,NEW_DATA,3.3861,64.9251,144.5244
2026-06-01 08:34:53.339,NEW_DATA,3.3875,64.924,144.5244
2026-06-01 08:34:53.371,NEW_DATA,3.3881,64.9229,144.5244
2026-06-01 08:34:53.402,NEW_DATA,3.3875,64.9218,144.5244
2026-06-01 08:34:53.435,NEW_DATA,3.3881,64.9207,144.5244
2026-06-01 08:34:53.466,NEW_DATA,3.3847,64.9196,144.5244
2026-06-01 08:34:53.497,NEW_DATA,3.3822,64.9185,144.5244
2026-06-01 08:34:53.529,NEW_DATA,3.3833,64.9174,144.5244
2026-06-01 08:34:53.560,NEW_DATA,3.384,64.9164,144.5244
2026-06-01 08:34:53.592,NEW_DATA,3.3868,64.9153,144.5244
2026-06-01 08:34:53.622,NEW_DATA,3.3864,64.9142,144.5244
2026-06-01 08:34:53.655,NEW_DATA,3.3875,64.9131,144.5244
2026-06-01 08:34:53.685,NEW_DATA,3.393,64.912,144.5244
2026-06-01 08:34:53.717,NEW_DATA,3.3888,64.9109,144.5244
2026-06-01 08:34:53.749,NEW_DATA,3.3888,64.9099,144.5244
2026-06-01 08:34:53.779,NEW_DATA,3.3875,64.9088,144.5244
2026-06-01 08:34:53.812,NEW_DATA,3.3836,64.9077,144.5244
2026-06-01 08:34:53.843,NEW_DATA,3.3857,64.9066,144.5244
2026-06-01 08:34:53.874,NEW_DATA,3.3826,64.9056,144.5244
2026-06-01 08:34:53.906,NEW_DATA,3.3881,64.9045,144.5244
2026-06-01 08:34:53.937,NEW_DATA,3.3875,64.9034,144.5244
2026-06-01 08:34:53.969,NEW_DATA,3.3881,64.9019,144.5244
2026-06-01 08:34:54.000,NEW_DATA,3.3895,64.9013,144.5244
2026-06-01 08:34:54.030,NEW_DATA,3.3895,64.9003,144.5244
2026-06-01 08:34:54.063,NEW_DATA,3.3881,64.8992,144.5244
2026-06-01 08:34:54.093,NEW_DATA,3.3888,64.8982,144.5244
2026-06-01 08:34:54.125,NEW_DATA,3.3847,64.8971,144.5244
2026-06-01 08:34:54.157,NEW_DATA,3.3833,64.8961,144.5244
2026-06-01 08:34:54.187,NEW_DATA,3.3875,64.8945,144.5244
2026-06-01 08:34:54.217,NEW_DATA,3.3875,64.894,144.5244
2026-06-01 08:34:54.250,NEW_DATA,3.3888,64.893,144.5244
2026-06-01 08:34:54.279,NEW_DATA,3.3895,64.8919,144.5244
2026-06-01 08:34:54.312,NEW_DATA,3.3881,64.8909,144.5244
2026-06-01 08:34:54.341,NEW_DATA,3.3847,64.8899,144.5244
2026-06-01 08:34:54.374,NEW_DATA,3.3916,64.8889,144.5244
2026-06-01 08:34:54.404,NEW_DATA,3.3888,64.8878,144.5244
2026-06-01 08:34:54.434,NEW_DATA,3.384,64.8868,144.5244
2026-06-01 08:34:54.465,NEW_DATA,3.3861,64.8858,144.5244
2026-06-01 08:34:54.497,NEW_DATA,3.3902,64.8848,144.5244
2026-06-01 08:34:54.529,NEW_DATA,3.3875,64.8838,144.5244
2026-06-01 08:34:54.563,NEW_DATA,3.3875,64.8828,144.5244
2026-06-01 08:34:54.590,NEW_DATA,3.3885,64.8818,144.5244
2026-06-01 08:34:54.622,NEW_DATA,3.3881,64.8808,144.5244
2026-06-01 08:34:54.654,NEW_DATA,3.3906,64.8798,144.5244
2026-06-01 08:34:54.685,NEW_DATA,3.3881,64.8788,144.5244
2026-06-01 08:34:54.716,NEW_DATA,3.3854,64.8778,144.5244
2026-06-01 08:34:54.747,NEW_DATA,3.3836,64.8769,144.5244
2026-06-01 08:34:54.779,NEW_DATA,3.3854,64.8754,144.5244
2026-06-01 08:34:54.811,NEW_DATA,3.3833,64.8749,144.5244
2026-06-01 08:34:54.840,NEW_DATA,3.392,64.8735,144.5244
2026-06-01 08:34:54.872,NEW_DATA,3.3875,64.873,144.5244
2026-06-01 08:34:54.903,NEW_DATA,3.3875,64.872,144.5244
2026-06-01 08:34:54.936,NEW_DATA,3.3895,64.871,144.5244
2026-06-01 08:34:54.967,NEW_DATA,3.3892,64.8701,144.5244
2026-06-01 08:34:54.998,NEW_DATA,3.3875,64.8691,144.5244
2026-06-01 08:34:55.033,NEW_DATA,3.3888,64.8677,144.5244
2026-06-01 08:34:55.062,NEW_DATA,3.3847,64.8673,144.5244
2026-06-01 08:34:55.092,NEW_DATA,3.3878,64.8663,144.5244
2026-06-01 08:34:55.122,NEW_DATA,3.3875,64.8654,144.5244
2026-06-01 08:34:55.153,NEW_DATA,3.3864,64.8644,144.5244
2026-06-01 08:34:55.184,NEW_DATA,3.3864,64.8635,144.5244
2026-06-01 08:34:55.215,NEW_DATA,3.3916,64.8626,144.5244
2026-06-01 08:34:55.246,NEW_DATA,3.3916,64.8617,144.5244
2026-06-01 08:34:55.279,NEW_DATA,3.392,64.8608,144.5244
2026-06-01 08:34:55.310,NEW_DATA,3.3892,64.8599,144.5244
2026-06-01 08:34:55.342,NEW_DATA,3.3864,64.859,144.5244
2026-06-01 08:34:55.372,NEW_DATA,3.3843,64.8581,144.5244
2026-06-01 08:34:55.403,NEW_DATA,3.385,64.8572,144.5244
2026-06-01 08:34:55.436,NEW_DATA,3.3864,64.8563,144.5244
2026-06-01 08:34:55.465,NEW_DATA,3.3875,64.8554,144.5244
2026-06-01 08:34:55.498,NEW_DATA,3.3888,64.8545,144.5244
2026-06-01 08:34:55.530,NEW_DATA,3.3916,64.8532,144.5244
2026-06-01 08:34:55.562,NEW_DATA,3.392,64.8528,144.5244
2026-06-01 08:34:55.594,NEW_DATA,3.3902,64.8519,144.5244
2026-06-01 08:34:55.624,NEW_DATA,3.3875,64.851,144.5244
2026-06-01 08:34:55.655,NEW_DATA,3.3868,64.8502,144.5244
2026-06-01 08:34:55.687,NEW_DATA,3.3861,64.8493,144.5244
2026-06-01 08:34:55.718,NEW_DATA,3.3888,64.848,144.5244
2026-06-01 08:34:55.750,NEW_DATA,3.3861,64.8476,144.5244
2026-06-01 08:34:55.781,NEW_DATA,3.3875,64.8468,144.5244
2026-06-01 08:34:55.811,NEW_DATA,3.3906,64.846,144.5244
2026-06-01 08:34:55.842,NEW_DATA,3.3892,64.8451,144.5244
2026-06-01 08:34:55.874,NEW_DATA,3.3881,64.8443,144.5244
2026-06-01 08:34:55.905,NEW_DATA,3.3916,64.8435,144.5244
2026-06-01 08:34:55.937,NEW_DATA,3.3895,64.8427,144.5244
2026-06-01 08:34:55.969,NEW_DATA,3.3899,64.8419,144.5244
2026-06-01 08:34:55.999,NEW_DATA,3.3833,64.8407,144.5244
2026-06-01 08:34:56.030,NEW_DATA,3.385,64.8403,144.5244
2026-06-01 08:34:56.063,NEW_DATA,3.3868,64.8395,144.5244
2026-06-01 08:34:56.093,NEW_DATA,3.3913,64.8387,144.5244
2026-06-01 08:34:56.124,NEW_DATA,3.3909,64.8379,144.5244
2026-06-01 08:34:56.154,NEW_DATA,3.3923,64.8371,144.5244
2026-06-01 08:34:56.185,NEW_DATA,3.3909,64.8364,144.5244
2026-06-01 08:34:56.217,NEW_DATA,3.3927,64.8356,144.5244
2026-06-01 08:34:56.246,NEW_DATA,3.3875,64.8349,144.5244
2026-06-01 08:34:56.278,NEW_DATA,3.3833,64.8341,144.5244
2026-06-01 08:34:56.311,NEW_DATA,3.3861,64.8334,144.5244
2026-06-01 08:34:56.341,NEW_DATA,3.3861,64.8326,144.5244
2026-06-01 08:34:56.372,NEW_DATA,3.3861,64.8319,144.5244
2026-06-01 08:34:56.403,NEW_DATA,3.3868,64.8312,144.5244
2026-06-01 08:34:56.435,NEW_DATA,3.3902,64.8304,144.5244
2026-06-01 08:34:56.467,NEW_DATA,3.3906,64.8297,144.5244
2026-06-01 08:34:56.498,NEW_DATA,3.3902,64.829,144.5244
2026-06-01 08:34:56.530,NEW_DATA,3.3888,64.8283,144.5244
2026-06-01 08:34:56.562,NEW_DATA,3.3888,64.8276,144.5244
2026-06-01 08:34:56.592,NEW_DATA,3.3881,64.8269,144.5244
2026-06-01 08:34:56.622,NEW_DATA,3.3854,64.8262,144.5244
2026-06-01 08:34:56.654,NEW_DATA,3.385,64.8255,144.5244
2026-06-01 08:34:56.684,NEW_DATA,3.3868,64.8249,144.5244
2026-06-01 08:34:56.715,NEW_DATA,3.3861,64.8242,144.5244
2026-06-01 08:34:56.748,NEW_DATA,3.3881,64.8235,144.5244
2026-06-01 08:34:56.779,NEW_DATA,3.3902,64.8229,144.5244
2026-06-01 08:34:56.832,NEW_DATA,3.3916,64.8222,144.5244
2026-06-01 08:34:56.849,HOLD_LAST,3.3916,64.8222,144.5244
2026-06-01 08:34:56.874,NEW_DATA,3.3916,64.8213,144.5244
2026-06-01 08:34:56.905,NEW_DATA,3.3902,64.8203,144.5244
2026-06-01 08:34:56.934,NEW_DATA,3.3875,64.82,144.5244
2026-06-01 08:34:56.965,NEW_DATA,3.3881,64.8194,144.5244
2026-06-01 08:34:56.997,NEW_DATA,3.3833,64.8188,144.5244
2026-06-01 08:34:57.029,NEW_DATA,3.3875,64.8182,144.5244
2026-06-01 08:34:57.061,NEW_DATA,3.3875,64.8176,144.5244
2026-06-01 08:34:57.092,NEW_DATA,3.3906,64.8167,144.5244
2026-06-01 08:34:57.124,NEW_DATA,3.3916,64.8164,144.5244
2026-06-01 08:34:57.155,NEW_DATA,3.3895,64.8158,144.5244
2026-06-01 08:34:57.187,NEW_DATA,3.3875,64.8152,144.5244
2026-06-01 08:34:57.218,NEW_DATA,3.3864,64.8147,144.5244
2026-06-01 08:34:57.250,NEW_DATA,3.3847,64.8141,144.5244
2026-06-01 08:34:57.282,NEW_DATA,3.3861,64.8136,144.5244
2026-06-01 08:34:57.312,NEW_DATA,3.3864,64.813,144.5244
2026-06-01 08:34:57.344,NEW_DATA,3.3868,64.8125,144.5244
2026-06-01 08:34:57.375,NEW_DATA,3.3836,64.812,144.5244
2026-06-01 08:34:57.407,NEW_DATA,3.3916,64.8114,144.5244
2026-06-01 08:34:57.439,NEW_DATA,3.3902,64.8109,144.5244
2026-06-01 08:34:57.469,NEW_DATA,3.3885,64.8104,144.5244
2026-06-01 08:34:57.499,NEW_DATA,3.3888,64.8099,144.5244
2026-06-01 08:34:57.551,NEW_DATA,3.3906,64.8094,144.5244
2026-06-01 08:34:57.579,NEW_DATA,3.3829,64.8089,144.5244
2026-06-01 08:34:57.612,NEW_DATA,3.3875,64.8085,144.5244
2026-06-01 08:34:57.640,NEW_DATA,3.3888,64.808,144.5244
2026-06-01 08:34:57.674,NEW_DATA,3.3895,64.8073,144.5244
2026-06-01 08:34:57.704,NEW_DATA,3.3885,64.8071,144.5244
2026-06-01 08:34:57.735,NEW_DATA,3.3878,64.8066,144.5244
2026-06-01 08:34:57.767,NEW_DATA,3.3916,64.8062,144.5244
2026-06-01 08:34:57.802,NEW_DATA,3.3875,64.8057,144.5244
2026-06-01 08:34:57.830,NEW_DATA,3.3875,64.8053,144.5244
2026-06-01 08:34:57.861,NEW_DATA,3.3875,64.8049,144.5244
2026-06-01 08:34:57.890,NEW_DATA,3.3868,64.8045,144.5244
2026-06-01 08:34:57.922,NEW_DATA,3.384,64.8041,144.5244
2026-06-01 08:34:57.954,NEW_DATA,3.3847,64.8037,144.5244
2026-06-01 08:34:57.984,NEW_DATA,3.3847,64.8033,144.5244
2026-06-01 08:34:58.016,NEW_DATA,3.3916,64.8029,144.5244
2026-06-01 08:34:58.047,NEW_DATA,3.3902,64.8026,144.5244
2026-06-01 08:34:58.080,NEW_DATA,3.3888,64.8022,144.5244
2026-06-01 08:34:58.110,NEW_DATA,3.3881,64.8018,144.5244
2026-06-01 08:34:58.141,NEW_DATA,3.3881,64.8015,144.5244
2026-06-01 08:34:58.171,NEW_DATA,3.3878,64.8012,144.5244
2026-06-01 08:34:58.204,NEW_DATA,3.3857,64.8008,144.5244
2026-06-01 08:34:58.234,NEW_DATA,3.385,64.8005,144.5244
2026-06-01 08:34:58.265,NEW_DATA,3.3861,64.8002,144.5244
2026-06-01 08:34:58.296,NEW_DATA,3.3916,64.7999,144.5244
2026-06-01 08:34:58.325,NEW_DATA,3.3902,64.7996,144.5244
2026-06-01 08:34:58.357,NEW_DATA,3.3881,64.7993,144.5244
2026-06-01 08:34:58.389,NEW_DATA,3.3902,64.799,144.5244
2026-06-01 08:34:58.419,NEW_DATA,3.3906,64.7986,144.5244
2026-06-01 08:34:58.451,NEW_DATA,3.3906,64.7985,144.5244
2026-06-01 08:34:58.483,NEW_DATA,3.3902,64.7982,144.5244
2026-06-01 08:34:58.514,NEW_DATA,3.3875,64.798,144.5244
2026-06-01 08:34:58.545,NEW_DATA,3.3885,64.7978,144.5244
2026-06-01 08:34:58.576,NEW_DATA,3.3868,64.7975,144.5244
2026-06-01 08:34:58.606,NEW_DATA,3.392,64.7973,144.5244
2026-06-01 08:34:58.637,NEW_DATA,3.3916,64.7971,144.5244
2026-06-01 08:34:58.669,NEW_DATA,3.3951,64.7969,144.5244
2026-06-01 08:34:58.701,NEW_DATA,3.3923,64.7967,144.5244
2026-06-01 08:34:58.732,NEW_DATA,3.3933,64.7965,144.5244
2026-06-01 08:34:58.762,NEW_DATA,3.3951,64.7964,144.5244
2026-06-01 08:34:58.796,NEW_DATA,3.3947,64.7962,144.5244
2026-06-01 08:34:58.824,NEW_DATA,3.393,64.796,144.5244
2026-06-01 08:34:58.855,NEW_DATA,3.3923,64.7959,144.5244
2026-06-01 08:34:58.886,NEW_DATA,3.3944,64.7958,144.5244
2026-06-01 08:34:58.918,NEW_DATA,3.393,64.7956,144.5244
2026-06-01 08:34:58.949,NEW_DATA,3.393,64.7955,144.5244
2026-06-01 08:34:58.980,NEW_DATA,3.3909,64.7954,144.5244
2026-06-01 08:34:59.011,NEW_DATA,3.3937,64.7953,144.5244
2026-06-01 08:34:59.041,NEW_DATA,3.3902,64.7952,144.5244
2026-06-01 08:34:59.073,NEW_DATA,3.3916,64.7951,144.5244
2026-06-01 08:34:59.104,NEW_DATA,3.3892,64.795,144.5244
2026-06-01 08:34:59.134,NEW_DATA,3.3881,64.795,144.5244
2026-06-01 08:34:59.166,NEW_DATA,3.3854,64.7949,144.5244
2026-06-01 08:34:59.197,NEW_DATA,3.3861,64.7949,144.5244
2026-06-01 08:34:59.231,NEW_DATA,3.3902,64.7949,144.5244
2026-06-01 08:34:59.264,NEW_DATA,3.3892,64.7948,144.5244
2026-06-01 08:34:59.291,NEW_DATA,3.3909,64.7948,144.5244
2026-06-01 08:34:59.321,NEW_DATA,3.3909,64.7948,140.4574
2026-06-01 08:34:59.352,NEW_DATA,3.3909,64.7949,140.4574
2026-06-01 08:34:59.383,NEW_DATA,3.394,64.7952,140.4574
2026-06-01 08:34:59.415,NEW_DATA,3.3888,64.7958,140.4574
2026-06-01 08:34:59.449,NEW_DATA,3.3864,64.7965,140.4574
2026-06-01 08:34:59.479,NEW_DATA,3.3916,64.7975,140.4574
2026-06-01 08:34:59.512,NEW_DATA,3.3888,64.7986,140.4574
2026-06-01 08:34:59.539,NEW_DATA,3.3888,64.8,140.4574
2026-06-01 08:34:59.570,NEW_DATA,3.3892,64.8016,140.4574
2026-06-01 08:34:59.603,NEW_DATA,3.3909,64.8033,140.4574
2026-06-01 08:34:59.634,NEW_DATA,3.393,64.8053,140.4574
2026-06-01 08:34:59.665,NEW_DATA,3.3881,64.8075,140.4574
2026-06-01 08:34:59.695,NEW_DATA,3.3916,64.8099,140.4574
2026-06-01 08:34:59.730,NEW_DATA,3.3875,64.8139,140.4574
2026-06-01 08:34:59.762,NEW_DATA,3.3909,64.8153,140.4574
2026-06-01 08:34:59.788,NEW_DATA,3.384,64.8183,140.4574
2026-06-01 08:34:59.820,NEW_DATA,3.3909,64.8215,140.4574
2026-06-01 08:34:59.852,NEW_DATA,3.3868,64.8249,140.4574
2026-06-01 08:34:59.884,NEW_DATA,3.3888,64.8285,140.4574
2026-06-01 08:34:59.916,NEW_DATA,3.3906,64.8323,140.4574
2026-06-01 08:34:59.948,NEW_DATA,3.3933,64.8363,140.4574
2026-06-01 08:34:59.979,NEW_DATA,3.393,64.8404,140.4574
2026-06-01 08:35:00.013,NEW_DATA,3.3875,64.8448,140.4574
2026-06-01 08:35:00.042,NEW_DATA,3.393,64.8494,140.4574
2026-06-01 08:35:00.074,NEW_DATA,3.3861,64.8542,140.4574
2026-06-01 08:35:00.107,NEW_DATA,3.3881,64.8617,140.4574
2026-06-01 08:35:00.137,NEW_DATA,3.3854,64.8643,140.4574
2026-06-01 08:35:00.167,NEW_DATA,3.3885,64.8696,140.4574
2026-06-01 08:35:00.199,NEW_DATA,3.3888,64.8752,140.4574
2026-06-01 08:35:00.230,NEW_DATA,3.3944,64.8839,140.4574
2026-06-01 08:35:00.263,NEW_DATA,3.3958,64.8868,140.4574
2026-06-01 08:35:00.296,NEW_DATA,3.3937,64.893,140.4574
2026-06-01 08:35:00.325,NEW_DATA,3.3923,64.8992,140.4574
2026-06-01 08:35:00.356,NEW_DATA,3.3899,64.9057,140.4574
2026-06-01 08:35:00.386,NEW_DATA,3.3875,64.9124,140.4574
2026-06-01 08:35:00.418,NEW_DATA,3.3875,64.9193,140.4574
2026-06-01 08:35:00.449,NEW_DATA,3.3875,64.9263,140.4574
2026-06-01 08:35:00.481,NEW_DATA,3.3888,64.9335,140.4574
2026-06-01 08:35:00.512,NEW_DATA,3.3902,64.9409,140.4574
2026-06-01 08:35:00.544,NEW_DATA,3.3902,64.9485,140.4574
2026-06-01 08:35:00.574,NEW_DATA,3.3895,64.9563,140.4574
2026-06-01 08:35:00.606,NEW_DATA,3.3923,64.9643,140.4574
2026-06-01 08:35:00.637,NEW_DATA,3.3892,64.9724,140.4574
2026-06-01 08:35:00.668,NEW_DATA,3.3881,64.9807,140.4574
2026-06-01 08:35:00.699,NEW_DATA,3.3857,64.9892,140.4574
2026-06-01 08:35:00.732,NEW_DATA,3.3888,64.9979,140.4574
2026-06-01 08:35:00.762,NEW_DATA,3.3861,65.0068,140.4574
2026-06-01 08:35:00.795,NEW_DATA,3.3895,65.0158,140.4574
2026-06-01 08:35:00.823,NEW_DATA,3.3906,65.025,140.4574
2026-06-01 08:35:00.853,NEW_DATA,3.3909,65.0344,140.4574
2026-06-01 08:35:00.885,NEW_DATA,3.3923,65.0439,140.4574
2026-06-01 08:35:00.915,NEW_DATA,3.3909,65.0537,140.4574
2026-06-01 08:35:00.948,NEW_DATA,3.3902,65.0636,140.4574
2026-06-01 08:35:00.978,NEW_DATA,3.3892,65.0737,140.4574
2026-06-01 08:35:01.010,NEW_DATA,3.3875,65.0839,140.4574
2026-06-01 08:35:01.041,NEW_DATA,3.385,65.0943,140.4574
2026-06-01 08:35:01.073,NEW_DATA,3.3854,65.1049,140.4574
2026-06-01 08:35:01.103,NEW_DATA,3.3913,65.1157,140.4574
2026-06-01 08:35:01.134,NEW_DATA,3.3888,65.1266,140.4574
2026-06-01 08:35:01.167,NEW_DATA,3.3895,65.1377,140.4574
2026-06-01 08:35:01.198,NEW_DATA,3.393,65.149,140.4574
2026-06-01 08:35:01.229,NEW_DATA,3.3933,65.1605,140.4574
2026-06-01 08:35:01.262,NEW_DATA,3.3875,65.1779,140.4574
2026-06-01 08:35:01.290,NEW_DATA,3.3888,65.1838,140.4574
2026-06-01 08:35:01.322,NEW_DATA,3.3909,65.1958,140.4574
2026-06-01 08:35:01.353,NEW_DATA,3.3881,65.2079,140.4574
2026-06-01 08:35:01.384,NEW_DATA,3.3875,65.2201,140.4574
2026-06-01 08:35:01.415,NEW_DATA,3.3878,65.2326,140.4574
2026-06-01 08:35:01.446,NEW_DATA,3.3906,65.2452,140.4574
2026-06-01 08:35:01.479,NEW_DATA,3.3923,65.2579,140.4574
2026-06-01 08:35:01.510,NEW_DATA,3.3916,65.2708,140.4574
2026-06-01 08:35:01.540,NEW_DATA,3.3902,65.2839,140.4574
2026-06-01 08:35:01.572,NEW_DATA,3.3902,65.2971,140.4574
2026-06-01 08:35:01.602,NEW_DATA,3.3881,65.3105,140.4574
2026-06-01 08:35:01.634,NEW_DATA,3.3895,65.3241,140.4574
2026-06-01 08:35:01.665,NEW_DATA,3.3888,65.3378,140.4574
2026-06-01 08:35:01.696,NEW_DATA,3.3864,65.3517,140.4574
2026-06-01 08:35:01.728,NEW_DATA,3.3888,65.3657,140.4574
2026-06-01 08:35:01.761,NEW_DATA,3.3906,65.3799,140.4574
2026-06-01 08:35:01.793,NEW_DATA,3.393,65.4015,140.4574
2026-06-01 08:35:01.822,NEW_DATA,3.3972,65.4087,140.4574
2026-06-01 08:35:01.854,NEW_DATA,3.3937,65.4234,140.4574
2026-06-01 08:35:01.884,NEW_DATA,3.3909,65.4382,140.4574
2026-06-01 08:35:01.916,NEW_DATA,3.3888,65.4531,140.4574
2026-06-01 08:35:01.947,NEW_DATA,3.3875,65.4682,140.4574
2026-06-01 08:35:01.979,NEW_DATA,3.3875,65.4835,140.4574
2026-06-01 08:35:02.010,NEW_DATA,3.3854,65.4989,140.4574
2026-06-01 08:35:02.041,NEW_DATA,3.3881,65.5145,140.4574
2026-06-01 08:35:02.072,NEW_DATA,3.3916,65.5302,140.4574
2026-06-01 08:35:02.103,NEW_DATA,3.3909,65.546,140.4574
2026-06-01 08:35:02.134,NEW_DATA,3.3888,65.562,140.4574
2026-06-01 08:35:02.165,NEW_DATA,3.3902,65.5782,140.4574
2026-06-01 08:35:02.196,NEW_DATA,3.3923,65.5945,140.4574
2026-06-01 08:35:02.229,NEW_DATA,3.3899,65.6109,140.4574
2026-06-01 08:35:02.260,NEW_DATA,3.3881,65.6275,140.4574
2026-06-01 08:35:02.292,NEW_DATA,3.3847,65.6442,140.4574
2026-06-01 08:35:02.323,NEW_DATA,3.3881,65.6611,140.4574
2026-06-01 08:35:02.354,NEW_DATA,3.3875,65.6781,140.4574
2026-06-01 08:35:02.384,NEW_DATA,3.3881,65.6953,140.4574
2026-06-01 08:35:02.417,NEW_DATA,3.3892,65.7126,140.4574
2026-06-01 08:35:02.448,NEW_DATA,3.3913,65.73,140.4574
2026-06-01 08:35:02.480,NEW_DATA,3.3916,65.7476,140.4574
2026-06-01 08:35:02.512,NEW_DATA,3.3923,65.7654,140.4574
2026-06-01 08:35:02.543,NEW_DATA,3.3916,65.7832,140.4574
2026-06-01 08:35:02.574,NEW_DATA,3.3868,65.8012,140.4574
2026-06-01 08:35:02.604,NEW_DATA,3.384,65.8194,140.4574
2026-06-01 08:35:02.636,NEW_DATA,3.3861,65.8377,140.4574
2026-06-01 08:35:02.668,NEW_DATA,3.3875,65.8561,140.4574
2026-06-01 08:35:02.700,NEW_DATA,3.3888,65.8746,140.4574
2026-06-01 08:35:02.729,NEW_DATA,3.3902,65.8933,140.4574
2026-06-01 08:35:02.762,NEW_DATA,3.3902,65.9121,140.4574
2026-06-01 08:35:02.792,NEW_DATA,3.3944,65.9311,140.4574
2026-06-01 08:35:02.825,NEW_DATA,3.3916,65.9502,140.4574
2026-06-01 08:35:02.856,NEW_DATA,3.3888,65.9694,140.4574
2026-06-01 08:35:02.887,NEW_DATA,3.3847,65.9888,140.4574
2026-06-01 08:35:02.918,NEW_DATA,3.3857,66.0083,140.4574
2026-06-01 08:35:02.950,NEW_DATA,3.3854,66.0279,140.4574
2026-06-01 08:35:02.981,NEW_DATA,3.3871,66.0476,140.4574
2026-06-01 08:35:03.011,NEW_DATA,3.3881,66.0675,140.4574
2026-06-01 08:35:03.042,NEW_DATA,3.3902,66.0976,140.4574
2026-06-01 08:35:03.076,NEW_DATA,3.3875,66.1077,140.4574
2026-06-01 08:35:03.106,NEW_DATA,3.3881,66.1279,140.4574
2026-06-01 08:35:03.138,NEW_DATA,3.3864,66.1483,140.4574
2026-06-01 08:35:03.170,NEW_DATA,3.3888,66.1688,140.4574
2026-06-01 08:35:03.202,NEW_DATA,3.3861,66.1895,140.4574
2026-06-01 08:35:03.234,NEW_DATA,3.3861,66.2103,140.4574
2026-06-01 08:35:03.266,NEW_DATA,3.3847,66.2312,140.4574
2026-06-01 08:35:03.296,NEW_DATA,3.3847,66.2522,140.4574
2026-06-01 08:35:03.329,NEW_DATA,3.3881,66.2733,140.4574
2026-06-01 08:35:03.360,NEW_DATA,3.3906,66.3053,140.4574
2026-06-01 08:35:03.390,NEW_DATA,3.3895,66.3267,140.4574
2026-06-01 08:35:03.420,NEW_DATA,3.3895,66.3375,140.4574
2026-06-01 08:35:03.451,NEW_DATA,3.3878,66.3591,140.4574
2026-06-01 08:35:03.482,NEW_DATA,3.3909,66.3808,140.4574
2026-06-01 08:35:03.516,NEW_DATA,3.3875,66.4027,140.4574
2026-06-01 08:35:03.546,NEW_DATA,3.3875,66.4247,140.4574
2026-06-01 08:35:03.577,NEW_DATA,3.3888,66.4468,140.4574
2026-06-01 08:35:03.609,NEW_DATA,3.3878,66.4802,140.4574
2026-06-01 08:35:03.640,NEW_DATA,3.3875,66.4913,140.4574
2026-06-01 08:35:03.672,NEW_DATA,3.3902,66.5138,140.4574
2026-06-01 08:35:03.703,NEW_DATA,3.3909,66.5363,140.4574
2026-06-01 08:35:03.734,NEW_DATA,3.3933,66.559,140.4574
2026-06-01 08:35:03.765,NEW_DATA,3.3902,66.5818,140.4574
2026-06-01 08:35:03.798,NEW_DATA,3.3881,66.6047,140.4574
2026-06-01 08:35:03.828,NEW_DATA,3.3854,66.6277,140.4574
2026-06-01 08:35:03.861,NEW_DATA,3.384,66.6509,140.4574
2026-06-01 08:35:03.892,NEW_DATA,3.3875,66.6741,140.4574
2026-06-01 08:35:03.922,NEW_DATA,3.3871,66.6975,140.4574
2026-06-01 08:35:03.953,NEW_DATA,3.3895,66.7209,140.4574
2026-06-01 08:35:03.985,NEW_DATA,3.3888,66.7445,140.4574
2026-06-01 08:35:04.016,NEW_DATA,3.3923,66.7682,140.4574
2026-06-01 08:35:04.050,NEW_DATA,3.3888,66.7919,140.4574
2026-06-01 08:35:04.082,NEW_DATA,3.3878,66.8158,140.4574
2026-06-01 08:35:04.110,NEW_DATA,3.3875,66.8398,140.4574
2026-06-01 08:35:04.142,NEW_DATA,3.3888,66.876,140.4574
2026-06-01 08:35:04.174,NEW_DATA,3.385,66.8881,140.4574
2026-06-01 08:35:04.205,NEW_DATA,3.3854,66.9125,140.4574
2026-06-01 08:35:04.235,NEW_DATA,3.3854,66.9369,140.4574
2026-06-01 08:35:04.267,NEW_DATA,3.3878,66.9614,140.4574
2026-06-01 08:35:04.298,NEW_DATA,3.3875,66.986,140.4574
2026-06-01 08:35:04.329,NEW_DATA,3.3888,67.0107,140.4574
2026-06-01 08:35:04.359,NEW_DATA,3.3881,67.0355,140.4574
2026-06-01 08:35:04.391,NEW_DATA,3.3871,67.0605,140.4574
2026-06-01 08:35:04.422,NEW_DATA,3.3875,67.0855,140.4574
2026-06-01 08:35:04.452,NEW_DATA,3.3861,67.1106,140.4574
2026-06-01 08:35:04.483,NEW_DATA,3.3861,67.1358,140.4574
2026-06-01 08:35:04.515,NEW_DATA,3.3875,67.1611,140.4574
2026-06-01 08:35:04.546,NEW_DATA,3.3878,67.1865,140.4574
2026-06-01 08:35:04.577,NEW_DATA,3.3868,67.212,140.4574
2026-06-01 08:35:04.608,NEW_DATA,3.3888,67.2376,140.4574
2026-06-01 08:35:04.641,NEW_DATA,3.3888,67.2762,140.4574
2026-06-01 08:35:04.670,NEW_DATA,3.3909,67.2891,140.4574
2026-06-01 08:35:04.701,NEW_DATA,3.3881,67.315,140.4574
2026-06-01 08:35:04.733,NEW_DATA,3.3847,67.3409,140.4574
2026-06-01 08:35:04.764,NEW_DATA,3.3861,67.367,140.4574
2026-06-01 08:35:04.796,NEW_DATA,3.3847,67.3932,140.4574
2026-06-01 08:35:04.826,NEW_DATA,3.3819,67.4194,140.4574
2026-06-01 08:35:04.859,NEW_DATA,3.3881,67.4589,140.4574
2026-06-01 08:35:04.887,NEW_DATA,3.3888,67.4721,140.4574
2026-06-01 08:35:04.918,NEW_DATA,3.3888,67.4986,140.4574
2026-06-01 08:35:04.949,NEW_DATA,3.3899,67.5252,140.4574
2026-06-01 08:35:04.982,NEW_DATA,3.3906,67.5519,140.4574
2026-06-01 08:35:05.012,NEW_DATA,3.3902,67.5787,140.4574
2026-06-01 08:35:05.045,NEW_DATA,3.3881,67.6055,140.4574
2026-06-01 08:35:05.075,NEW_DATA,3.3868,67.6325,140.4574
2026-06-01 08:35:05.107,NEW_DATA,3.3847,67.6595,140.4574
2026-06-01 08:35:05.138,NEW_DATA,3.3875,67.6866,140.4574
2026-06-01 08:35:05.169,NEW_DATA,3.3861,67.7137,140.4574
2026-06-01 08:35:05.200,NEW_DATA,3.3913,67.741,140.4574
2026-06-01 08:35:05.232,NEW_DATA,3.3881,67.7683,140.4574
2026-06-01 08:35:05.264,NEW_DATA,3.3892,67.7958,140.4574
2026-06-01 08:35:05.297,NEW_DATA,3.3902,67.8232,140.4574
2026-06-01 08:35:05.327,NEW_DATA,3.3875,67.8508,140.4574
2026-06-01 08:35:05.359,NEW_DATA,3.3881,67.8785,140.4574
2026-06-01 08:35:05.390,NEW_DATA,3.3864,67.9062,140.4574
2026-06-01 08:35:05.420,NEW_DATA,3.3854,67.934,140.4574
2026-06-01 08:35:05.451,NEW_DATA,3.3875,67.9619,140.4574
2026-06-01 08:35:05.483,NEW_DATA,3.3861,67.9898,140.4574
2026-06-01 08:35:05.516,NEW_DATA,3.3881,68.0179,140.4574
2026-06-01 08:35:05.545,NEW_DATA,3.3888,68.0459,140.4574
2026-06-01 08:35:05.577,NEW_DATA,3.3895,68.0741,140.4574
2026-06-01 08:35:05.609,NEW_DATA,3.3881,68.1023,140.4574
2026-06-01 08:35:05.639,NEW_DATA,3.3861,68.1307,140.4574
2026-06-01 08:35:05.669,NEW_DATA,3.3902,68.159,140.4574
2026-06-01 08:35:05.700,NEW_DATA,3.3861,68.1875,140.4574
2026-06-01 08:35:05.733,NEW_DATA,3.3819,68.216,140.4574
2026-06-01 08:35:05.765,NEW_DATA,3.3861,68.2446,140.4574
2026-06-01 08:35:05.793,NEW_DATA,3.3902,68.2732,140.4574
2026-06-01 08:35:05.827,NEW_DATA,3.3888,68.3019,140.4574
2026-06-01 08:35:05.858,NEW_DATA,3.3902,68.3451,140.4574
2026-06-01 08:35:05.887,NEW_DATA,3.392,68.3595,140.4574
2026-06-01 08:35:05.918,NEW_DATA,3.3881,68.3884,140.4574
2026-06-01 08:35:05.950,NEW_DATA,3.3916,68.4174,140.4574
2026-06-01 08:35:05.982,NEW_DATA,3.3861,68.4464,140.4574
2026-06-01 08:35:06.011,NEW_DATA,3.3861,68.4755,140.4574
2026-06-01 08:35:06.044,NEW_DATA,3.3857,68.5046,140.4574
2026-06-01 08:35:06.076,NEW_DATA,3.3875,68.5338,140.4574
2026-06-01 08:35:06.107,NEW_DATA,3.3847,68.5777,140.4574
2026-06-01 08:35:06.139,NEW_DATA,3.3913,68.5924,140.4574
2026-06-01 08:35:06.171,NEW_DATA,3.3878,68.6218,140.4574
2026-06-01 08:35:06.201,NEW_DATA,3.3871,68.6512,140.4574
2026-06-01 08:35:06.233,NEW_DATA,3.3899,68.6807,140.4574
2026-06-01 08:35:06.264,NEW_DATA,3.3892,68.7102,140.4574
2026-06-01 08:35:06.296,NEW_DATA,3.3875,68.7398,140.4574
2026-06-01 08:35:06.326,NEW_DATA,3.3861,68.7694,140.4574
2026-06-01 08:35:06.358,NEW_DATA,3.3843,68.7991,140.4574
2026-06-01 08:35:06.388,NEW_DATA,3.3854,68.8288,140.4574
2026-06-01 08:35:06.420,NEW_DATA,3.3878,68.8586,140.4574
2026-06-01 08:35:06.451,NEW_DATA,3.3899,68.8885,140.4574
2026-06-01 08:35:06.482,NEW_DATA,3.3861,68.9184,140.4574
2026-06-01 08:35:06.515,NEW_DATA,3.3888,68.9483,140.4574
2026-06-01 08:35:06.544,NEW_DATA,3.3895,68.9783,140.4574
2026-06-01 08:35:06.576,NEW_DATA,3.3916,69.0083,140.4574
2026-06-01 08:35:06.607,NEW_DATA,3.3881,69.0383,140.4574
2026-06-01 08:35:06.638,NEW_DATA,3.3861,69.0684,140.4574
2026-06-01 08:35:06.668,NEW_DATA,3.3909,69.0986,140.4574
2026-06-01 08:35:06.699,NEW_DATA,3.3902,69.1288,140.4574
2026-06-01 08:35:06.731,NEW_DATA,3.3864,69.159,140.4574
2026-06-01 08:35:06.762,NEW_DATA,3.3923,69.1893,140.4574
2026-06-01 08:35:06.794,NEW_DATA,3.3895,69.2196,140.4574
2026-06-01 08:35:06.826,NEW_DATA,3.3937,69.2651,140.4574
2026-06-01 08:35:06.858,NEW_DATA,3.3892,69.2803,140.4574
2026-06-01 08:35:06.889,NEW_DATA,3.3878,69.3107,140.4574
2026-06-01 08:35:06.920,NEW_DATA,3.3902,69.3412,140.4574
2026-06-01 08:35:06.950,NEW_DATA,3.3888,69.3717,140.4574
2026-06-01 08:35:06.981,NEW_DATA,3.3861,69.4022,140.4574
2026-06-01 08:35:07.013,NEW_DATA,3.384,69.4327,140.4574
2026-06-01 08:35:07.045,NEW_DATA,3.3888,69.4633,140.4574
2026-06-01 08:35:07.076,NEW_DATA,3.3895,69.4939,140.4574
2026-06-01 08:35:07.109,NEW_DATA,3.392,69.5399,140.4574
2026-06-01 08:35:07.138,NEW_DATA,3.3881,69.5552,140.4574
2026-06-01 08:35:07.169,NEW_DATA,3.3881,69.5859,140.4574
2026-06-01 08:35:07.200,NEW_DATA,3.3895,69.6167,140.4574
2026-06-01 08:35:07.233,NEW_DATA,3.3902,69.6474,140.4574
2026-06-01 08:35:07.264,NEW_DATA,3.3875,69.6782,140.4574
2026-06-01 08:35:07.298,NEW_DATA,3.3875,69.709,140.4574
2026-06-01 08:35:07.327,NEW_DATA,3.3868,69.7398,140.4574
2026-06-01 08:35:07.360,NEW_DATA,3.3875,69.7707,140.4574
2026-06-01 08:35:07.390,NEW_DATA,3.3902,69.8015,140.4574
2026-06-01 08:35:07.422,NEW_DATA,3.3902,69.8324,140.4574
2026-06-01 08:35:07.455,NEW_DATA,3.3854,69.8633,140.4574
2026-06-01 08:35:07.485,NEW_DATA,3.392,69.8942,140.4574
2026-06-01 08:35:07.517,NEW_DATA,3.3888,69.9252,140.4574
2026-06-01 08:35:07.548,NEW_DATA,3.3875,69.9561,140.4574
2026-06-01 08:35:07.580,NEW_DATA,3.3847,69.9871,140.4574
2026-06-01 08:35:07.611,NEW_DATA,3.3881,70.0181,140.4574
2026-06-01 08:35:07.642,NEW_DATA,3.3861,70.0491,140.4574
2026-06-01 08:35:07.673,NEW_DATA,3.3906,70.0801,140.4574
2026-06-01 08:35:07.704,NEW_DATA,3.385,70.1111,140.4574
2026-06-01 08:35:07.735,NEW_DATA,3.3888,70.1421,140.4574
2026-06-01 08:35:07.768,NEW_DATA,3.3902,70.1731,140.4574
2026-06-01 08:35:07.799,NEW_DATA,3.3888,70.2197,140.4574
2026-06-01 08:35:07.829,NEW_DATA,3.3888,70.2352,140.4574
2026-06-01 08:35:07.860,NEW_DATA,3.3881,70.2663,140.4574
2026-06-01 08:35:07.891,NEW_DATA,3.3861,70.2974,140.4574
2026-06-01 08:35:07.924,NEW_DATA,3.385,70.3284,140.4574
2026-06-01 08:35:07.954,NEW_DATA,3.385,70.3595,140.4574
2026-06-01 08:35:07.985,NEW_DATA,3.3861,70.3906,140.4574
2026-06-01 08:35:08.016,NEW_DATA,3.3878,70.4216,140.4574
2026-06-01 08:35:08.047,NEW_DATA,3.3902,70.4527,140.4574
2026-06-01 08:35:08.079,NEW_DATA,3.3902,70.4838,140.4574
2026-06-01 08:35:08.112,NEW_DATA,3.3888,70.5304,140.4574
2026-06-01 08:35:08.141,NEW_DATA,3.3895,70.5614,140.4574
2026-06-01 08:35:08.171,NEW_DATA,3.3847,70.577,140.4574
2026-06-01 08:35:08.203,NEW_DATA,3.3854,70.608,140.4574
2026-06-01 08:35:08.233,NEW_DATA,3.3854,70.6391,140.4574
2026-06-01 08:35:08.264,NEW_DATA,3.3854,70.6701,140.4574
2026-06-01 08:35:08.296,NEW_DATA,3.3878,70.7011,140.4574
2026-06-01 08:35:08.328,NEW_DATA,3.3861,70.7322,140.4574
2026-06-01 08:35:08.359,NEW_DATA,3.3888,70.7632,140.4574
2026-06-01 08:35:08.390,NEW_DATA,3.3906,70.7942,140.4574
2026-06-01 08:35:08.422,NEW_DATA,3.3909,70.8251,140.4574
2026-06-01 08:35:08.452,NEW_DATA,3.3888,70.8561,140.4574
2026-06-01 08:35:08.482,NEW_DATA,3.3888,70.8871,140.4574
2026-06-01 08:35:08.514,NEW_DATA,3.3902,70.918,140.4574
2026-06-01 08:35:08.546,NEW_DATA,3.3854,70.9489,140.4574
2026-06-01 08:35:08.578,NEW_DATA,3.3847,70.9798,140.4574
2026-06-01 08:35:08.609,NEW_DATA,3.385,71.0107,140.4574
2026-06-01 08:35:08.641,NEW_DATA,3.3878,71.0416,140.4574
2026-06-01 08:35:08.672,NEW_DATA,3.3885,71.0724,140.4574
2026-06-01 08:35:08.702,NEW_DATA,3.3916,71.1032,140.4574
2026-06-01 08:35:08.734,NEW_DATA,3.3875,71.134,140.4574
2026-06-01 08:35:08.767,NEW_DATA,3.3906,71.1648,140.4574
2026-06-01 08:35:08.798,NEW_DATA,3.3822,71.1956,140.4574
2026-06-01 08:35:08.830,NEW_DATA,3.3861,71.2263,140.4574
2026-06-01 08:35:08.862,NEW_DATA,3.3854,71.257,140.4574
2026-06-01 08:35:08.895,NEW_DATA,3.3847,71.2876,140.4574
2026-06-01 08:35:08.924,NEW_DATA,3.3913,71.3182,140.4574
2026-06-01 08:35:08.956,NEW_DATA,3.3868,71.3488,140.4574
2026-06-01 08:35:08.988,NEW_DATA,3.3895,71.3794,140.4574
2026-06-01 08:35:09.019,NEW_DATA,3.3881,71.4099,140.4574
2026-06-01 08:35:09.051,NEW_DATA,3.3902,71.4404,140.4574
2026-06-01 08:35:09.081,NEW_DATA,3.3881,71.4709,140.4574
2026-06-01 08:35:09.112,NEW_DATA,3.3864,71.5013,140.4574
2026-06-01 08:35:09.144,NEW_DATA,3.3833,71.5317,140.4574
2026-06-01 08:35:09.174,NEW_DATA,3.3847,71.562,140.4574
2026-06-01 08:35:09.206,NEW_DATA,3.3864,71.5923,140.4574
2026-06-01 08:35:09.235,NEW_DATA,3.3881,71.6226,140.4574
2026-06-01 08:35:09.267,NEW_DATA,3.3916,71.6528,140.4574
2026-06-01 08:35:09.299,NEW_DATA,3.3888,71.6829,140.4574
2026-06-01 08:35:09.330,NEW_DATA,3.3909,71.7131,140.4574
2026-06-01 08:35:09.362,NEW_DATA,3.3861,71.7431,140.4574
2026-06-01 08:35:09.392,NEW_DATA,3.3909,71.7731,140.4574
2026-06-01 08:35:09.425,NEW_DATA,3.3854,71.8181,140.4574
2026-06-01 08:35:09.457,NEW_DATA,3.3833,71.833,140.4574
2026-06-01 08:35:09.488,NEW_DATA,3.3843,71.8629,140.4574
2026-06-01 08:35:09.518,NEW_DATA,3.3833,71.8927,140.4574
2026-06-01 08:35:09.550,NEW_DATA,3.3864,71.9225,140.4574
2026-06-01 08:35:09.583,NEW_DATA,3.3902,71.9522,140.4574
2026-06-01 08:35:09.613,NEW_DATA,3.3888,71.9819,140.4574
2026-06-01 08:35:09.646,NEW_DATA,3.3875,72.0115,140.4574
2026-06-01 08:35:09.676,NEW_DATA,3.3881,72.041,140.4574
2026-06-01 08:35:09.707,NEW_DATA,3.3854,72.0705,140.4574
2026-06-01 08:35:09.737,NEW_DATA,3.3875,72.0999,140.4574
2026-06-01 08:35:09.768,NEW_DATA,3.3875,72.1292,140.4574
2026-06-01 08:35:09.799,NEW_DATA,3.3847,72.1585,140.4574
2026-06-01 08:35:09.830,NEW_DATA,3.385,72.1877,140.4574
2026-06-01 08:35:09.862,NEW_DATA,3.3881,72.2169,140.4574
2026-06-01 08:35:09.894,NEW_DATA,3.3871,72.246,140.4574
2026-06-01 08:35:09.926,NEW_DATA,3.3888,72.275,140.4574
2026-06-01 08:35:09.956,NEW_DATA,3.3868,72.3039,140.4574
2026-06-01 08:35:09.987,NEW_DATA,3.3878,72.3328,140.4574
2026-06-01 08:35:10.018,NEW_DATA,3.3868,72.3616,140.4574
2026-06-01 08:35:10.050,NEW_DATA,3.3854,72.3903,140.4574
2026-06-01 08:35:10.080,NEW_DATA,3.3805,72.419,140.4574
2026-06-01 08:35:10.110,NEW_DATA,3.3847,72.4476,140.4574
2026-06-01 08:35:10.141,NEW_DATA,3.385,72.4903,140.4574
2026-06-01 08:35:10.175,NEW_DATA,3.384,72.5045,140.4574
2026-06-01 08:35:10.202,NEW_DATA,3.3861,72.5328,140.4574
2026-06-01 08:35:10.233,NEW_DATA,3.3895,72.5611,140.4574
2026-06-01 08:35:10.265,NEW_DATA,3.3847,72.5892,140.4574
2026-06-01 08:35:10.296,NEW_DATA,3.3847,72.6173,140.4574
2026-06-01 08:35:10.329,NEW_DATA,3.3875,72.6453,140.4574
2026-06-01 08:35:10.362,NEW_DATA,3.3833,72.6732,140.4574
2026-06-01 08:35:10.391,NEW_DATA,3.385,72.7011,140.4574
2026-06-01 08:35:10.422,NEW_DATA,3.385,72.7288,140.4574
2026-06-01 08:35:10.454,NEW_DATA,3.3854,72.7564,140.4574
2026-06-01 08:35:10.486,NEW_DATA,3.3854,72.784,140.4574
2026-06-01 08:35:10.517,NEW_DATA,3.3895,72.8115,140.4574
2026-06-01 08:35:10.548,NEW_DATA,3.3902,72.8388,140.4574
2026-06-01 08:35:10.579,NEW_DATA,3.3878,72.8661,140.4574
2026-06-01 08:35:10.610,NEW_DATA,3.3888,72.8933,140.4574
2026-06-01 08:35:10.643,NEW_DATA,3.3885,72.9203,140.4574
2026-06-01 08:35:10.675,NEW_DATA,3.384,72.9473,140.4574
2026-06-01 08:35:10.706,NEW_DATA,3.3833,72.9742,140.4574
2026-06-01 08:35:10.740,NEW_DATA,3.3854,73.001,140.4574
2026-06-01 08:35:10.770,NEW_DATA,3.3875,73.0276,140.4574
2026-06-01 08:35:10.799,NEW_DATA,3.3861,73.0542,140.4574
2026-06-01 08:35:10.830,NEW_DATA,3.3857,73.0806,140.4574
2026-06-01 08:35:10.862,NEW_DATA,3.3888,73.107,140.4574
2026-06-01 08:35:10.895,NEW_DATA,3.3881,73.1332,140.4574
2026-06-01 08:35:10.924,NEW_DATA,3.3888,73.1593,140.4574
2026-06-01 08:35:10.957,NEW_DATA,3.3854,73.1853,140.4574
2026-06-01 08:35:10.989,NEW_DATA,3.3833,73.2113,140.4574
2026-06-01 08:35:11.021,NEW_DATA,3.3829,73.237,140.4574
2026-06-01 08:35:11.051,NEW_DATA,3.384,73.2627,140.4574
2026-06-01 08:35:11.080,NEW_DATA,3.3822,73.2883,140.4574
2026-06-01 08:35:11.112,NEW_DATA,3.3847,73.3137,140.4574
2026-06-01 08:35:11.142,NEW_DATA,3.3868,73.339,140.4574
2026-06-01 08:35:11.175,NEW_DATA,3.3902,73.3767,140.4574
2026-06-01 08:35:11.207,NEW_DATA,3.3881,73.3893,140.4574
2026-06-01 08:35:11.239,NEW_DATA,3.3875,73.4266,140.4574
2026-06-01 08:35:11.271,NEW_DATA,3.3892,73.439,140.4574
2026-06-01 08:35:11.300,NEW_DATA,3.3881,73.4637,140.4574
2026-06-01 08:35:11.331,NEW_DATA,3.3854,73.4883,140.4574
2026-06-01 08:35:11.364,NEW_DATA,3.3881,73.5127,140.4574
2026-06-01 08:35:11.396,NEW_DATA,3.3868,73.537,140.4574
2026-06-01 08:35:11.426,NEW_DATA,3.3881,73.5612,140.4574
2026-06-01 08:35:11.458,NEW_DATA,3.3906,73.5852,140.4574
2026-06-01 08:35:11.490,NEW_DATA,3.393,73.6091,140.4574
2026-06-01 08:35:11.521,NEW_DATA,3.3937,73.6329,140.4574
2026-06-01 08:35:11.551,NEW_DATA,3.3937,73.6565,140.4574
2026-06-01 08:35:11.584,NEW_DATA,3.392,73.68,140.4574
2026-06-01 08:35:11.614,NEW_DATA,3.3902,73.7033,140.4574
2026-06-01 08:35:11.645,NEW_DATA,3.3875,73.7265,140.4574
2026-06-01 08:35:11.677,NEW_DATA,3.3861,73.7611,140.4574
2026-06-01 08:35:11.709,NEW_DATA,3.3888,73.7725,140.4574
2026-06-01 08:35:11.740,NEW_DATA,3.3812,73.7953,140.4574
2026-06-01 08:35:11.770,NEW_DATA,3.3892,73.8292,140.4574
2026-06-01 08:35:11.803,NEW_DATA,3.3906,73.8516,140.4574
2026-06-01 08:35:11.832,NEW_DATA,3.3895,73.8627,140.4574
2026-06-01 08:35:11.863,NEW_DATA,3.3909,73.8849,140.4574
2026-06-01 08:35:11.894,NEW_DATA,3.3875,73.9069,140.4574
2026-06-01 08:35:11.926,NEW_DATA,3.3902,73.9288,140.4574
2026-06-01 08:35:11.959,NEW_DATA,3.3854,73.9505,140.4574
2026-06-01 08:35:11.990,NEW_DATA,3.3836,73.9827,139.2336
2026-06-01 08:35:12.021,NEW_DATA,3.3878,73.9934,139.2336
2026-06-01 08:35:12.051,NEW_DATA,3.3847,74.0148,139.2336
2026-06-01 08:35:12.081,NEW_DATA,3.3847,74.0362,139.2336
2026-06-01 08:35:12.114,NEW_DATA,3.3892,74.0577,139.2336
2026-06-01 08:35:12.146,NEW_DATA,3.3895,74.0791,139.2336
2026-06-01 08:35:12.177,NEW_DATA,3.3888,74.1005,139.2336
2026-06-01 08:35:12.207,NEW_DATA,3.3892,74.122,139.2336
2026-06-01 08:35:12.241,NEW_DATA,3.3868,74.1434,139.2336
2026-06-01 08:35:12.271,NEW_DATA,3.3864,74.1649,139.2336
2026-06-01 08:35:12.300,NEW_DATA,3.384,74.1864,139.2336
2026-06-01 08:35:12.329,NEW_DATA,3.3805,74.2079,139.2336
2026-06-01 08:35:12.362,NEW_DATA,3.3847,74.2294,139.2336
2026-06-01 08:35:12.392,NEW_DATA,3.3881,74.2509,139.2336
2026-06-01 08:35:12.425,NEW_DATA,3.3875,74.2724,139.2336
2026-06-01 08:35:12.455,NEW_DATA,3.3875,74.2939,139.2336
2026-06-01 08:35:12.486,NEW_DATA,3.3888,74.3154,139.2336
2026-06-01 08:35:12.517,NEW_DATA,3.3875,74.337,139.2336
2026-06-01 08:35:12.548,NEW_DATA,3.3854,74.3585,139.2336
2026-06-01 08:35:12.580,NEW_DATA,3.3854,74.3801,139.2336
2026-06-01 08:35:12.609,NEW_DATA,3.3847,74.4016,139.2336
2026-06-01 08:35:12.640,NEW_DATA,3.3847,74.4232,139.2336
2026-06-01 08:35:12.673,NEW_DATA,3.3833,74.4448,139.2336
2026-06-01 08:35:12.705,NEW_DATA,3.3857,74.4664,139.2336
2026-06-01 08:35:12.737,NEW_DATA,3.3888,74.4988,139.2336
2026-06-01 08:35:12.765,NEW_DATA,3.3902,74.5096,139.2336
2026-06-01 08:35:12.798,NEW_DATA,3.3895,74.5312,139.2336
2026-06-01 08:35:12.829,NEW_DATA,3.3861,74.5528,139.2336
2026-06-01 08:35:12.859,NEW_DATA,3.3861,74.5744,139.2336
2026-06-01 08:35:12.891,NEW_DATA,3.384,74.596,139.2336
2026-06-01 08:35:12.921,NEW_DATA,3.3836,74.6177,139.2336
2026-06-01 08:35:12.954,NEW_DATA,3.384,74.6393,139.2336
2026-06-01 08:35:12.984,NEW_DATA,3.3847,74.661,139.2336
2026-06-01 08:35:13.017,NEW_DATA,3.3857,74.6826,139.2336
2026-06-01 08:35:13.046,NEW_DATA,3.3861,74.7043,139.2336
2026-06-01 08:35:13.078,NEW_DATA,3.3885,74.726,139.2336
2026-06-01 08:35:13.110,NEW_DATA,3.3875,74.7476,139.2336
2026-06-01 08:35:13.141,NEW_DATA,3.3861,74.7693,139.2336
2026-06-01 08:35:13.174,NEW_DATA,3.3878,74.791,139.2336
2026-06-01 08:35:13.204,NEW_DATA,3.3864,74.8127,139.2336
2026-06-01 08:35:13.237,NEW_DATA,3.3847,74.8344,139.2336
2026-06-01 08:35:13.266,NEW_DATA,3.3829,74.8561,139.2336
2026-06-01 08:35:13.298,NEW_DATA,3.3826,74.8778,139.2336
2026-06-01 08:35:13.330,NEW_DATA,3.3861,74.8995,139.2336
2026-06-01 08:35:13.361,NEW_DATA,3.3878,74.9212,139.2336
2026-06-01 08:35:13.392,NEW_DATA,3.3833,74.9429,139.2336
2026-06-01 08:35:13.425,NEW_DATA,3.3895,74.9647,139.2336
2026-06-01 08:35:13.456,NEW_DATA,3.3888,74.9864,139.2336
2026-06-01 08:35:13.490,NEW_DATA,3.3847,75.0081,139.2336
2026-06-01 08:35:13.519,NEW_DATA,3.3833,75.0299,139.2336
2026-06-01 08:35:13.550,NEW_DATA,3.3822,75.0516,139.2336
2026-06-01 08:35:13.582,NEW_DATA,3.3847,75.0734,139.2336
2026-06-01 08:35:13.613,NEW_DATA,3.3826,75.0951,139.2336
2026-06-01 08:35:13.644,NEW_DATA,3.3847,75.1169,139.2336
2026-06-01 08:35:13.676,NEW_DATA,3.3864,75.1387,139.2336
2026-06-01 08:35:13.706,NEW_DATA,3.3861,75.1604,139.2336
2026-06-01 08:35:13.739,NEW_DATA,3.3875,75.1822,139.2336
2026-06-01 08:35:13.773,NEW_DATA,3.3857,75.2149,139.2336
2026-06-01 08:35:13.801,NEW_DATA,3.3847,75.2257,139.2336
2026-06-01 08:35:13.833,NEW_DATA,3.3861,75.2475,139.2336
2026-06-01 08:35:13.864,NEW_DATA,3.3847,75.2693,139.2336
2026-06-01 08:35:13.895,NEW_DATA,3.3833,75.2911,139.2336
2026-06-01 08:35:13.926,NEW_DATA,3.3847,75.3129,139.2336
2026-06-01 08:35:13.960,NEW_DATA,3.3847,75.3347,139.2336
2026-06-01 08:35:13.989,NEW_DATA,3.3847,75.3565,139.2336
2026-06-01 08:35:14.022,NEW_DATA,3.385,75.3783,139.2336
2026-06-01 08:35:14.052,NEW_DATA,3.3864,75.4001,139.2336
2026-06-01 08:35:14.084,NEW_DATA,3.3833,75.4219,139.2336
2026-06-01 08:35:14.115,NEW_DATA,3.3847,75.4437,139.2336
2026-06-01 08:35:14.146,NEW_DATA,3.3833,75.4655,139.2336
2026-06-01 08:35:14.177,NEW_DATA,3.3847,75.4873,139.2336
2026-06-01 08:35:14.208,NEW_DATA,3.3805,75.5091,139.2336
2026-06-01 08:35:14.239,NEW_DATA,3.3833,75.5309,139.2336
2026-06-01 08:35:14.272,NEW_DATA,3.384,75.5527,139.2336
2026-06-01 08:35:14.305,NEW_DATA,3.3864,75.5854,139.2336
2026-06-01 08:35:14.333,NEW_DATA,3.3847,75.5964,139.2336
2026-06-01 08:35:14.365,NEW_DATA,3.3854,75.6182,139.2336
2026-06-01 08:35:14.396,NEW_DATA,3.3878,75.64,139.2336
2026-06-01 08:35:14.427,NEW_DATA,3.384,75.6618,139.2336
2026-06-01 08:35:14.458,NEW_DATA,3.3822,75.6836,139.2336
2026-06-01 08:35:14.489,NEW_DATA,3.3826,75.7054,139.2336
2026-06-01 08:35:14.521,NEW_DATA,3.3847,75.7273,139.2336
2026-06-01 08:35:14.551,NEW_DATA,3.3847,75.7491,139.2336
2026-06-01 08:35:14.582,NEW_DATA,3.3875,75.7709,139.2336
2026-06-01 08:35:14.613,NEW_DATA,3.3861,75.7927,139.2336
2026-06-01 08:35:14.644,NEW_DATA,3.3847,75.8145,139.2336
2026-06-01 08:35:14.675,NEW_DATA,3.3885,75.8364,139.2336
2026-06-01 08:35:14.706,NEW_DATA,3.3854,75.8582,139.2336
2026-06-01 08:35:14.738,NEW_DATA,3.384,75.88,139.2336
2026-06-01 08:35:14.773,NEW_DATA,3.3819,75.9018,139.2336
2026-06-01 08:35:14.799,NEW_DATA,3.3826,75.9236,139.2336
2026-06-01 08:35:14.831,NEW_DATA,3.3864,75.9454,139.2336
2026-06-01 08:35:14.863,NEW_DATA,3.385,75.9673,139.2336
2026-06-01 08:35:14.895,NEW_DATA,3.3847,75.9891,139.2336
2026-06-01 08:35:14.927,NEW_DATA,3.3847,76.0109,139.2336
2026-06-01 08:35:14.956,NEW_DATA,3.3833,76.0327,139.2336
2026-06-01 08:35:14.989,NEW_DATA,3.3875,76.0545,139.2336
2026-06-01 08:35:15.018,NEW_DATA,3.3868,76.0763,139.2336
2026-06-01 08:35:15.049,NEW_DATA,3.3881,76.0981,139.2336
2026-06-01 08:35:15.140,NEW_DATA,3.3822,76.1199,139.2336
2026-06-01 08:35:15.149,NEW_DATA,3.3833,76.1308,139.2336
2026-06-01 08:35:15.181,NEW_DATA,3.3805,76.1417,139.2336
2026-06-01 08:35:15.227,NEW_DATA,3.3812,76.1526,139.2336
2026-06-01 08:35:15.228,NEW_DATA,3.3805,76.1635,139.2336
2026-06-01 08:35:15.254,NEW_DATA,3.385,76.1744,139.2336
2026-06-01 08:35:15.284,NEW_DATA,3.384,76.1962,139.2336
2026-06-01 08:35:15.315,NEW_DATA,3.3854,76.218,139.2336
2026-06-01 08:35:15.346,NEW_DATA,3.3868,76.2398,139.2336
2026-06-01 08:35:15.379,NEW_DATA,3.3861,76.2616,139.2336
2026-06-01 08:35:15.410,NEW_DATA,3.3854,76.2834,139.2336
2026-06-01 08:35:15.442,NEW_DATA,3.3833,76.3052,139.2336
2026-06-01 08:35:15.472,NEW_DATA,3.3826,76.3269,139.2336
2026-06-01 08:35:15.505,NEW_DATA,3.3791,76.3487,139.2336
2026-06-01 08:35:15.538,NEW_DATA,3.3847,76.3705,139.2336
2026-06-01 08:35:15.568,NEW_DATA,3.3826,76.3923,139.2336
2026-06-01 08:35:15.597,NEW_DATA,3.3833,76.4249,139.2336
2026-06-01 08:35:15.628,NEW_DATA,3.3833,76.4467,139.2336
2026-06-01 08:35:15.660,NEW_DATA,3.3854,76.4575,139.2336
2026-06-01 08:35:15.689,NEW_DATA,3.384,76.4793,139.2336
2026-06-01 08:35:15.723,NEW_DATA,3.3861,76.501,139.2336
2026-06-01 08:35:15.755,NEW_DATA,3.3826,76.5228,139.2336
2026-06-01 08:35:15.787,NEW_DATA,3.3805,76.5554,139.2336
2026-06-01 08:35:15.816,NEW_DATA,3.384,76.5662,139.2336
2026-06-01 08:35:15.847,NEW_DATA,3.3802,76.588,139.2336
2026-06-01 08:35:15.880,NEW_DATA,3.3847,76.6097,139.2336
2026-06-01 08:35:15.909,NEW_DATA,3.3822,76.6314,139.2336
2026-06-01 08:35:15.941,NEW_DATA,3.3875,76.6531,139.2336
2026-06-01 08:35:15.974,NEW_DATA,3.3836,76.6748,139.2336
2026-06-01 08:35:16.003,NEW_DATA,3.3847,76.7074,139.2336
2026-06-01 08:35:16.033,NEW_DATA,3.3826,76.7182,139.2336
2026-06-01 08:35:16.063,NEW_DATA,3.3857,76.7399,139.2336
2026-06-01 08:35:16.094,NEW_DATA,3.3812,76.7616,139.2336
2026-06-01 08:35:16.127,NEW_DATA,3.3829,76.7833,139.2336
2026-06-01 08:35:16.157,NEW_DATA,3.3822,76.8049,139.2336
2026-06-01 08:35:16.189,NEW_DATA,3.3819,76.8266,139.2336
2026-06-01 08:35:16.220,NEW_DATA,3.3833,76.8482,139.2336
2026-06-01 08:35:16.252,NEW_DATA,3.3861,76.8807,139.2336
2026-06-01 08:35:16.284,NEW_DATA,3.3847,76.8915,139.2336
2026-06-01 08:35:16.314,NEW_DATA,3.3833,76.9132,139.2336
2026-06-01 08:35:16.344,NEW_DATA,3.3819,76.9348,139.2336
2026-06-01 08:35:16.376,NEW_DATA,3.3847,76.9564,139.2336
2026-06-01 08:35:16.407,NEW_DATA,3.3847,76.978,139.2336
2026-06-01 08:35:16.437,NEW_DATA,3.3812,77.0104,139.2336
2026-06-01 08:35:16.469,NEW_DATA,3.3833,77.0212,139.2336
2026-06-01 08:35:16.499,NEW_DATA,3.3878,77.0428,139.2336
2026-06-01 08:35:16.532,NEW_DATA,3.3836,77.0644,139.2336
2026-06-01 08:35:16.562,NEW_DATA,3.3836,77.086,139.2336
2026-06-01 08:35:16.596,NEW_DATA,3.3854,77.1075,139.2336
2026-06-01 08:35:16.625,NEW_DATA,3.3843,77.1291,139.2336
2026-06-01 08:35:16.657,NEW_DATA,3.3833,77.1506,139.2336
2026-06-01 08:35:16.686,NEW_DATA,3.3805,77.1722,139.2336
2026-06-01 08:35:16.718,NEW_DATA,3.3812,77.1937,139.2336
2026-06-01 08:35:16.750,NEW_DATA,3.3819,77.226,139.2336
2026-06-01 08:35:16.782,NEW_DATA,3.3819,77.2367,139.2336
2026-06-01 08:35:16.812,NEW_DATA,3.3805,77.2582,139.2336
2026-06-01 08:35:16.843,NEW_DATA,3.3833,77.2797,139.2336
2026-06-01 08:35:16.875,NEW_DATA,3.3861,77.3012,139.2336
2026-06-01 08:35:16.906,NEW_DATA,3.3822,77.3226,139.2336
2026-06-01 08:35:16.936,NEW_DATA,3.3847,77.3441,139.2336
2026-06-01 08:35:16.967,NEW_DATA,3.3826,77.3655,139.2336
2026-06-01 08:35:16.998,NEW_DATA,3.3833,77.387,139.2336
2026-06-01 08:35:17.030,NEW_DATA,3.3798,77.4084,139.2336
2026-06-01 08:35:17.062,NEW_DATA,3.3795,77.4298,139.2336
2026-06-01 08:35:17.093,NEW_DATA,3.3798,77.4512,139.2336
2026-06-01 08:35:17.124,NEW_DATA,3.3798,77.4726,139.2336
2026-06-01 08:35:17.155,NEW_DATA,3.3798,77.494,139.2336
2026-06-01 08:35:17.189,NEW_DATA,3.3826,77.5154,139.2336
2026-06-01 08:35:17.219,NEW_DATA,3.3847,77.5474,139.2336
2026-06-01 08:35:17.248,NEW_DATA,3.384,77.5581,139.2336
2026-06-01 08:35:17.280,NEW_DATA,3.3833,77.5794,139.2336
2026-06-01 08:35:17.312,NEW_DATA,3.3798,77.6007,139.2336
2026-06-01 08:35:17.344,NEW_DATA,3.3826,77.622,139.2336
2026-06-01 08:35:17.377,NEW_DATA,3.3809,77.6433,139.2336
2026-06-01 08:35:17.408,NEW_DATA,3.377,77.6646,139.2336
2026-06-01 08:35:17.429,NEW_DATA,3.3805,77.6859,139.2336
2026-06-01 08:35:17.453,NEW_DATA,3.3784,77.6965,139.2336
2026-06-01 08:35:17.486,NEW_DATA,3.3816,77.7178,139.2336
2026-06-01 08:35:17.516,NEW_DATA,3.3836,77.739,139.2336
2026-06-01 08:35:17.548,NEW_DATA,3.3875,77.7602,139.2336
2026-06-01 08:35:17.580,NEW_DATA,3.384,77.7814,139.2336
2026-06-01 08:35:17.611,NEW_DATA,3.3833,77.8026,139.2336
2026-06-01 08:35:17.641,NEW_DATA,3.3805,77.8238,139.2336
2026-06-01 08:35:17.674,NEW_DATA,3.3798,77.845,139.2336
2026-06-01 08:35:17.705,NEW_DATA,3.3791,77.8767,139.2336
2026-06-01 08:35:17.737,NEW_DATA,3.3819,77.8873,139.2336
2026-06-01 08:35:17.769,NEW_DATA,3.3781,77.9084,139.2336
2026-06-01 08:35:17.800,NEW_DATA,3.3833,77.9295,139.2336
2026-06-01 08:35:17.832,NEW_DATA,3.384,77.9506,139.2336
2026-06-01 08:35:17.863,NEW_DATA,3.3819,77.9717,139.2336
2026-06-01 08:35:17.893,NEW_DATA,3.3819,77.9928,139.2336
2026-06-01 08:35:17.925,NEW_DATA,3.3805,78.0138,139.2336
2026-06-01 08:35:17.957,NEW_DATA,3.3791,78.0349,139.2336
2026-06-01 08:35:17.988,NEW_DATA,3.3816,78.0559,139.2336
2026-06-01 08:35:18.022,NEW_DATA,3.3798,78.0769,139.2336
2026-06-01 08:35:18.052,NEW_DATA,3.3836,78.0979,139.2336
2026-06-01 08:35:18.082,NEW_DATA,3.3812,78.1189,139.2336
2026-06-01 08:35:18.115,NEW_DATA,3.3798,78.1398,139.2336
2026-06-01 08:35:18.147,NEW_DATA,3.3826,78.1608,139.2336
2026-06-01 08:35:18.177,NEW_DATA,3.3833,78.1817,139.2336
2026-06-01 08:35:18.208,NEW_DATA,3.3864,78.2026,139.2336
2026-06-01 08:35:18.237,NEW_DATA,3.3791,78.2235,139.2336
2026-06-01 08:35:18.269,NEW_DATA,3.3819,78.2444,139.2336
2026-06-01 08:35:18.300,NEW_DATA,3.3784,78.2652,139.2336
2026-06-01 08:35:18.331,NEW_DATA,3.3795,78.286,139.2336
2026-06-01 08:35:18.364,NEW_DATA,3.3777,78.3069,139.2336
2026-06-01 08:35:18.396,NEW_DATA,3.3795,78.3277,139.2336
2026-06-01 08:35:18.428,NEW_DATA,3.3826,78.3485,139.2336
2026-06-01 08:35:18.458,NEW_DATA,3.3822,78.3692,139.2336
2026-06-01 08:35:18.491,NEW_DATA,3.3822,78.39,139.2336
2026-06-01 08:35:18.521,NEW_DATA,3.3868,78.4107,139.2336
2026-06-01 08:35:18.551,NEW_DATA,3.3833,78.4314,139.2336
2026-06-01 08:35:18.582,NEW_DATA,3.3798,78.4521,139.2336
2026-06-01 08:35:18.614,NEW_DATA,3.3833,78.4728,139.2336
2026-06-01 08:35:18.646,NEW_DATA,3.3805,78.4934,139.2336
2026-06-01 08:35:18.677,NEW_DATA,3.3805,78.5141,139.2336
2026-06-01 08:35:18.708,NEW_DATA,3.3805,78.5347,139.2336
2026-06-01 08:35:18.741,NEW_DATA,3.3819,78.5553,139.2336
2026-06-01 08:35:18.772,NEW_DATA,3.3805,78.5759,139.2336
2026-06-01 08:35:18.803,NEW_DATA,3.3864,78.5964,139.2336
2026-06-01 08:35:18.836,NEW_DATA,3.3805,78.617,139.2336
2026-06-01 08:35:18.867,NEW_DATA,3.3819,78.6375,139.2336
2026-06-01 08:35:18.898,NEW_DATA,3.3781,78.658,139.2336
2026-06-01 08:35:18.929,NEW_DATA,3.3795,78.6784,139.2336
2026-06-01 08:35:18.961,NEW_DATA,3.3788,78.6989,139.2336
2026-06-01 08:35:18.996,NEW_DATA,3.3805,78.7193,139.2336
2026-06-01 08:35:19.026,NEW_DATA,3.3812,78.7397,139.2336
2026-06-01 08:35:19.057,NEW_DATA,3.3829,78.7601,139.2336
2026-06-01 08:35:19.087,NEW_DATA,3.3833,78.7805,139.2336
2026-06-01 08:35:19.118,NEW_DATA,3.3809,78.8008,139.2336
2026-06-01 08:35:19.148,NEW_DATA,3.384,78.8212,139.2336
2026-06-01 08:35:19.179,NEW_DATA,3.3836,78.8415,139.2336
2026-06-01 08:35:19.211,NEW_DATA,3.3753,78.8618,139.2336
2026-06-01 08:35:19.241,NEW_DATA,3.3798,78.8921,139.2336
2026-06-01 08:35:19.272,NEW_DATA,3.3753,78.9023,139.2336
2026-06-01 08:35:19.305,NEW_DATA,3.3784,78.9225,139.2336
2026-06-01 08:35:19.336,NEW_DATA,3.3812,78.9427,139.2336
2026-06-01 08:35:19.366,NEW_DATA,3.3822,78.9628,139.2336
2026-06-01 08:35:19.399,NEW_DATA,3.3819,78.983,139.2336
2026-06-01 08:35:19.431,NEW_DATA,3.385,79.0031,139.2336
2026-06-01 08:35:19.462,NEW_DATA,3.3833,79.0232,139.2336
2026-06-01 08:35:19.493,NEW_DATA,3.3812,79.0433,139.2336
2026-06-01 08:35:19.523,NEW_DATA,3.3791,79.0633,139.2336
2026-06-01 08:35:19.556,NEW_DATA,3.3798,79.0833,139.2336
2026-06-01 08:35:19.585,NEW_DATA,3.3798,79.1033,139.2336
2026-06-01 08:35:19.617,NEW_DATA,3.3781,79.1233,139.2336
2026-06-01 08:35:19.648,NEW_DATA,3.3805,79.1433,139.2336
2026-06-01 08:35:19.680,NEW_DATA,3.3826,79.1632,139.2336
2026-06-01 08:35:19.711,NEW_DATA,3.3812,79.1831,139.2336
2026-06-01 08:35:19.743,NEW_DATA,3.3833,79.203,139.2336
2026-06-01 08:35:19.774,NEW_DATA,3.3819,79.2228,139.2336
2026-06-01 08:35:19.804,NEW_DATA,3.3805,79.2426,139.2336
2026-06-01 08:35:19.836,NEW_DATA,3.3826,79.2624,139.2336
2026-06-01 08:35:19.867,NEW_DATA,3.3805,79.2822,139.2336
2026-06-01 08:35:19.897,NEW_DATA,3.3816,79.302,139.2336
2026-06-01 08:35:19.930,NEW_DATA,3.3777,79.3217,139.2336
2026-06-01 08:35:19.960,NEW_DATA,3.3784,79.3414,139.2336
2026-06-01 08:35:19.991,NEW_DATA,3.3812,79.361,139.2336
2026-06-01 08:35:20.023,NEW_DATA,3.3812,79.3807,139.2336
2026-06-01 08:35:20.053,NEW_DATA,3.3819,79.4003,139.2336
2026-06-01 08:35:20.085,NEW_DATA,3.3798,79.4199,139.2336
2026-06-01 08:35:20.114,NEW_DATA,3.3805,79.4394,139.2336
2026-06-01 08:35:20.145,NEW_DATA,3.3798,79.459,139.2336
2026-06-01 08:35:20.176,NEW_DATA,3.377,79.4785,139.2336
2026-06-01 08:35:20.208,NEW_DATA,3.3753,79.4979,139.2336
2026-06-01 08:35:20.241,NEW_DATA,3.3784,79.5174,139.2336
2026-06-01 08:35:20.272,NEW_DATA,3.3819,79.5368,139.2336
2026-06-01 08:35:20.303,NEW_DATA,3.3805,79.5562,139.2336
2026-06-01 08:35:20.334,NEW_DATA,3.3819,79.5756,139.2336
2026-06-01 08:35:20.366,NEW_DATA,3.3833,79.5949,139.2336
2026-06-01 08:35:20.398,NEW_DATA,3.3833,79.6142,139.2336
2026-06-01 08:35:20.429,NEW_DATA,3.3805,79.6335,139.2336
2026-06-01 08:35:20.462,NEW_DATA,3.3791,79.6527,139.2336
2026-06-01 08:35:20.492,NEW_DATA,3.3791,79.6719,139.2336
2026-06-01 08:35:20.524,NEW_DATA,3.3777,79.6911,139.2336
2026-06-01 08:35:20.556,NEW_DATA,3.377,79.7198,139.2336
2026-06-01 08:35:20.587,NEW_DATA,3.3805,79.7294,139.2336
2026-06-01 08:35:20.618,NEW_DATA,3.3805,79.7485,139.2336
2026-06-01 08:35:20.653,NEW_DATA,3.3812,79.7676,139.2336
2026-06-01 08:35:20.683,NEW_DATA,3.3805,79.7866,139.2336
2026-06-01 08:35:20.714,NEW_DATA,3.3809,79.8056,139.2336
2026-06-01 08:35:20.746,NEW_DATA,3.3833,79.8246,139.2336
2026-06-01 08:35:20.777,NEW_DATA,3.3791,79.8435,139.2336
2026-06-01 08:35:20.809,NEW_DATA,3.3781,79.8624,139.2336
2026-06-01 08:35:20.840,NEW_DATA,3.3791,79.8813,139.2336
2026-06-01 08:35:20.871,NEW_DATA,3.3805,79.9095,139.2336
2026-06-01 08:35:20.902,NEW_DATA,3.3805,79.9189,139.2336
2026-06-01 08:35:20.934,NEW_DATA,3.3833,79.9377,139.2336
2026-06-01 08:35:20.965,NEW_DATA,3.3819,79.9565,139.2336
2026-06-01 08:35:20.997,NEW_DATA,3.3798,79.9752,139.2336
2026-06-01 08:35:21.029,NEW_DATA,3.3822,79.9939,139.2336
2026-06-01 08:35:21.060,NEW_DATA,3.3819,80.0125,139.2336
2026-06-01 08:35:21.090,NEW_DATA,3.3777,80.0311,139.2336
2026-06-01 08:35:21.123,NEW_DATA,3.3798,80.0497,139.2336
2026-06-01 08:35:21.152,NEW_DATA,3.3777,80.0683,139.2336
2026-06-01 08:35:21.184,NEW_DATA,3.3798,80.0868,139.2336
2026-06-01 08:35:21.215,NEW_DATA,3.3826,80.1053,139.2336
2026-06-01 08:35:21.245,NEW_DATA,3.3826,80.1237,139.2336
2026-06-01 08:35:21.276,NEW_DATA,3.3816,80.1421,139.2336
2026-06-01 08:35:21.308,NEW_DATA,3.3798,80.1605,139.2336
2026-06-01 08:35:21.339,NEW_DATA,3.3809,80.1789,139.2336
2026-06-01 08:35:21.370,NEW_DATA,3.3795,80.1972,139.2336
2026-06-01 08:35:21.401,NEW_DATA,3.3819,80.2154,139.2336
2026-06-01 08:35:21.433,NEW_DATA,3.3777,80.2337,139.2336
2026-06-01 08:35:21.464,NEW_DATA,3.377,80.2519,139.2336
2026-06-01 08:35:21.495,NEW_DATA,3.3757,80.2701,139.2336
2026-06-01 08:35:21.526,NEW_DATA,3.3753,80.2882,139.2336
2026-06-01 08:35:21.559,NEW_DATA,3.3826,80.3063,139.2336
2026-06-01 08:35:21.590,NEW_DATA,3.3805,80.3243,139.2336
2026-06-01 08:35:21.622,NEW_DATA,3.3805,80.3424,139.2336
2026-06-01 08:35:21.652,NEW_DATA,3.3805,80.3603,139.2336
2026-06-01 08:35:21.683,NEW_DATA,3.3805,80.3783,139.2336
2026-06-01 08:35:21.714,NEW_DATA,3.3826,80.3962,139.2336
2026-06-01 08:35:21.745,NEW_DATA,3.3764,80.4141,139.2336
2026-06-01 08:35:21.776,NEW_DATA,3.3764,80.4319,139.2336
2026-06-01 08:35:21.809,NEW_DATA,3.3767,80.4497,139.2336
2026-06-01 08:35:21.838,NEW_DATA,3.3781,80.4675,139.2336
2026-06-01 08:35:21.870,NEW_DATA,3.3805,80.4852,139.2336
2026-06-01 08:35:21.901,NEW_DATA,3.3805,80.5029,139.2336
2026-06-01 08:35:21.931,NEW_DATA,3.3798,80.5205,139.2336
2026-06-01 08:35:21.964,NEW_DATA,3.3833,80.5381,139.2336
2026-06-01 08:35:21.994,NEW_DATA,3.3791,80.5557,139.2336
2026-06-01 08:35:22.026,NEW_DATA,3.3833,80.5732,139.2336
2026-06-01 08:35:22.057,NEW_DATA,3.3791,80.5907,139.2336
2026-06-01 08:35:22.088,NEW_DATA,3.3809,80.6082,139.2336
2026-06-01 08:35:22.120,NEW_DATA,3.3767,80.6343,139.2336
2026-06-01 08:35:22.149,NEW_DATA,3.3767,80.643,139.2336
2026-06-01 08:35:22.183,NEW_DATA,3.3777,80.6603,139.2336
2026-06-01 08:35:22.213,NEW_DATA,3.3791,80.6776,139.2336
2026-06-01 08:35:22.244,NEW_DATA,3.3812,80.6949,139.2336
2026-06-01 08:35:22.278,NEW_DATA,3.3812,80.7121,139.2336
2026-06-01 08:35:22.308,NEW_DATA,3.3791,80.7293,139.2336
2026-06-01 08:35:22.339,NEW_DATA,3.3777,80.7464,139.2336
2026-06-01 08:35:22.370,NEW_DATA,3.377,80.7635,139.2336
2026-06-01 08:35:22.402,NEW_DATA,3.3743,80.7805,139.2336
2026-06-01 08:35:22.434,NEW_DATA,3.3777,80.7975,139.2336
2026-06-01 08:35:22.467,NEW_DATA,3.3777,80.8145,139.2336
2026-06-01 08:35:22.497,NEW_DATA,3.3788,80.8314,139.2336
2026-06-01 08:35:22.529,NEW_DATA,3.3795,80.8483,139.2336
2026-06-01 08:35:22.560,NEW_DATA,3.3812,80.8651,139.2336
2026-06-01 08:35:22.590,NEW_DATA,3.3798,80.8819,139.2336
2026-06-01 08:35:22.621,NEW_DATA,3.3805,80.8987,139.2336
2026-06-01 08:35:22.652,NEW_DATA,3.3784,80.9154,139.2336
2026-06-01 08:35:22.685,NEW_DATA,3.3764,80.9321,139.2336
2026-06-01 08:35:22.716,NEW_DATA,3.3753,80.9487,139.2336
2026-06-01 08:35:22.749,NEW_DATA,3.3757,80.9653,139.2336
2026-06-01 08:35:22.779,NEW_DATA,3.3764,80.9818,139.2336
2026-06-01 08:35:22.810,NEW_DATA,3.3791,80.9983,139.2336
2026-06-01 08:35:22.840,NEW_DATA,3.3805,81.0148,139.2336
2026-06-01 08:35:22.872,NEW_DATA,3.3833,81.0312,139.2336
2026-06-01 08:35:22.904,NEW_DATA,3.3833,81.0475,139.2336
2026-06-01 08:35:22.936,NEW_DATA,3.3819,81.0639,139.2336
2026-06-01 08:35:22.969,NEW_DATA,3.3795,81.0801,139.2336
2026-06-01 08:35:23.045,NEW_DATA,3.3847,81.0964,139.2336
2026-06-01 08:35:23.079,NEW_DATA,3.3805,81.1125,139.2336
2026-06-01 08:35:23.126,NEW_DATA,3.3809,81.1287,139.2336
2026-06-01 08:35:23.154,NEW_DATA,3.3833,81.1448,139.2336
2026-06-01 08:35:23.186,NEW_DATA,3.3847,81.1608,139.2336
2026-06-01 08:35:23.218,NEW_DATA,3.3847,81.1768,139.2336
2026-06-01 08:35:23.249,NEW_DATA,3.3875,81.1928,139.2336
2026-06-01 08:35:23.284,NEW_DATA,3.3888,81.2087,139.2336
2026-06-01 08:35:23.313,NEW_DATA,3.384,81.2245,139.2336
2026-06-01 08:35:23.344,NEW_DATA,3.3819,81.2403,139.2336
2026-06-01 08:35:23.375,NEW_DATA,3.3795,81.2561,139.2336
2026-06-01 08:35:23.407,NEW_DATA,3.3847,81.2718,139.2336
2026-06-01 08:35:23.439,NEW_DATA,3.3764,81.2875,139.2336
2026-06-01 08:35:23.470,NEW_DATA,3.3833,81.3031,139.2336
2026-06-01 08:35:23.501,NEW_DATA,3.3805,81.3187,139.2336
2026-06-01 08:35:23.532,NEW_DATA,3.384,81.3342,139.2336
2026-06-01 08:35:23.563,NEW_DATA,3.3819,81.3497,139.2336
2026-06-01 08:35:23.595,NEW_DATA,3.3833,81.3651,139.2336
2026-06-01 08:35:23.627,NEW_DATA,3.3812,81.3805,139.2336
2026-06-01 08:35:23.658,NEW_DATA,3.3802,81.3958,139.2336
2026-06-01 08:35:23.690,NEW_DATA,3.3791,81.4111,136.7132
2026-06-01 08:35:23.720,NEW_DATA,3.3784,81.4264,136.7132
2026-06-01 08:35:23.753,NEW_DATA,3.375,81.4492,136.7132
2026-06-01 08:35:23.785,NEW_DATA,3.3805,81.4567,136.7132
2026-06-01 08:35:23.816,NEW_DATA,3.3819,81.4719,136.7132
2026-06-01 08:35:23.846,NEW_DATA,3.3819,81.4869,136.7132
2026-06-01 08:35:23.879,NEW_DATA,3.3833,81.502,136.7132
2026-06-01 08:35:23.912,NEW_DATA,3.3812,81.517,136.7132
2026-06-01 08:35:23.942,NEW_DATA,3.3816,81.532,136.7132
2026-06-01 08:35:23.974,NEW_DATA,3.3833,81.5469,136.7132
2026-06-01 08:35:24.006,NEW_DATA,3.3819,81.5618,136.7132
2026-06-01 08:35:24.036,NEW_DATA,3.3791,81.5767,136.7132
2026-06-01 08:35:24.070,NEW_DATA,3.377,81.5989,136.7132
2026-06-01 08:35:24.099,NEW_DATA,3.3791,81.6137,136.7132
2026-06-01 08:35:24.130,NEW_DATA,3.3805,81.621,136.7132
2026-06-01 08:35:24.160,NEW_DATA,3.3829,81.6357,136.7132
2026-06-01 08:35:24.192,NEW_DATA,3.3812,81.6504,136.7132
2026-06-01 08:35:24.224,NEW_DATA,3.3822,81.6651,136.7132
2026-06-01 08:35:24.253,NEW_DATA,3.3795,81.6797,136.7132
2026-06-01 08:35:24.285,NEW_DATA,3.3805,81.6942,136.7132
2026-06-01 08:35:24.327,NEW_DATA,3.3784,81.716,136.7132
2026-06-01 08:35:24.367,NEW_DATA,3.3777,81.7377,136.7132
2026-06-01 08:35:24.396,NEW_DATA,3.377,81.7449,136.7132
2026-06-01 08:35:24.427,NEW_DATA,3.377,81.7593,136.7132
2026-06-01 08:35:24.458,NEW_DATA,3.3812,81.7737,136.7132
2026-06-01 08:35:24.491,NEW_DATA,3.3822,81.788,136.7132
2026-06-01 08:35:24.524,NEW_DATA,3.3795,81.8024,136.7132
2026-06-01 08:35:24.556,NEW_DATA,3.3791,81.8166,136.7132
2026-06-01 08:35:24.588,NEW_DATA,3.3788,81.8308,136.7132
2026-06-01 08:35:24.618,NEW_DATA,3.3784,81.8451,136.7132
2026-06-01 08:35:24.651,NEW_DATA,3.3777,81.8592,136.7132
2026-06-01 08:35:24.681,NEW_DATA,3.3784,81.8734,136.7132
2026-06-01 08:35:24.712,NEW_DATA,3.377,81.8875,136.7132
2026-06-01 08:35:24.743,NEW_DATA,3.3781,81.9015,136.7132
2026-06-01 08:35:24.775,NEW_DATA,3.3795,81.9155,136.7132
2026-06-01 08:35:24.810,NEW_DATA,3.3777,81.9295,136.7132
2026-06-01 08:35:24.837,NEW_DATA,3.3809,81.9435,136.7132
2026-06-01 08:35:24.867,NEW_DATA,3.3798,81.9574,136.7132
2026-06-01 08:35:24.900,NEW_DATA,3.3805,81.9713,136.7132
2026-06-01 08:35:24.932,NEW_DATA,3.3791,81.9852,136.7132
2026-06-01 08:35:24.961,NEW_DATA,3.3729,81.999,136.7132
2026-06-01 08:35:24.995,NEW_DATA,3.3784,82.0128,136.7132
2026-06-01 08:35:25.023,NEW_DATA,3.3795,82.0266,136.7132
2026-06-01 08:35:25.054,NEW_DATA,3.3798,82.0404,136.7132
2026-06-01 08:35:25.085,NEW_DATA,3.3784,82.0609,136.7132
2026-06-01 08:35:25.115,NEW_DATA,3.3826,82.0677,136.7132
2026-06-01 08:35:25.147,NEW_DATA,3.3777,82.0882,136.7132
2026-06-01 08:35:25.178,NEW_DATA,3.3791,82.095,136.7132
2026-06-01 08:35:25.209,NEW_DATA,3.3805,82.1086,136.7132
2026-06-01 08:35:25.240,NEW_DATA,3.377,82.1221,136.7132
2026-06-01 08:35:25.272,NEW_DATA,3.3764,82.1357,136.7132
2026-06-01 08:35:25.303,NEW_DATA,3.3784,82.1491,136.7132
2026-06-01 08:35:25.334,NEW_DATA,3.3809,82.1693,136.7132
2026-06-01 08:35:25.364,NEW_DATA,3.3798,82.176,136.7132
2026-06-01 08:35:25.396,NEW_DATA,3.3791,82.1894,136.7132
2026-06-01 08:35:25.426,NEW_DATA,3.3791,82.2028,136.7132
2026-06-01 08:35:25.457,NEW_DATA,3.3826,82.2162,136.7132
2026-06-01 08:35:25.491,NEW_DATA,3.3777,82.2361,136.7132
2026-06-01 08:35:25.520,NEW_DATA,3.3767,82.2494,136.7132
2026-06-01 08:35:25.551,NEW_DATA,3.3774,82.256,136.7132
2026-06-01 08:35:25.583,NEW_DATA,3.3791,82.2692,136.7132
2026-06-01 08:35:25.613,NEW_DATA,3.3777,82.289,136.7132
2026-06-01 08:35:25.645,NEW_DATA,3.375,82.2956,136.7132
2026-06-01 08:35:25.675,NEW_DATA,3.3819,82.3087,136.7132
2026-06-01 08:35:25.704,NEW_DATA,3.3777,82.3219,136.7132
2026-06-01 08:35:25.736,NEW_DATA,3.3847,82.3349,136.7132
2026-06-01 08:35:25.768,NEW_DATA,3.3819,82.348,136.7132
2026-06-01 08:35:25.799,NEW_DATA,3.3805,82.361,136.7132
2026-06-01 08:35:25.830,NEW_DATA,3.3795,82.374,136.7132
2026-06-01 08:35:25.863,NEW_DATA,3.3774,82.387,136.7132
2026-06-01 08:35:25.893,NEW_DATA,3.377,82.4,136.7132
2026-06-01 08:35:25.925,NEW_DATA,3.3764,82.4129,136.7132
2026-06-01 08:35:25.955,NEW_DATA,3.3757,82.4258,136.7132
2026-06-01 08:35:25.987,NEW_DATA,3.3791,82.4387,136.7132
2026-06-01 08:35:26.018,NEW_DATA,3.3798,82.4515,136.7132
2026-06-01 08:35:26.048,NEW_DATA,3.3819,82.4643,136.7132
2026-06-01 08:35:26.081,NEW_DATA,3.3791,82.4835,136.7132
2026-06-01 08:35:26.111,NEW_DATA,3.3805,82.4899,136.7132
2026-06-01 08:35:26.142,NEW_DATA,3.3764,82.5026,136.7132
2026-06-01 08:35:26.174,NEW_DATA,3.3757,82.5153,136.7132
2026-06-01 08:35:26.206,NEW_DATA,3.3764,82.528,136.7132
2026-06-01 08:35:26.237,NEW_DATA,3.375,82.5407,136.7132
2026-06-01 08:35:26.268,NEW_DATA,3.3764,82.5533,136.7132
2026-06-01 08:35:26.301,NEW_DATA,3.3798,82.5659,136.7132
2026-06-01 08:35:26.331,NEW_DATA,3.3784,82.5785,136.7132
2026-06-01 08:35:26.361,NEW_DATA,3.3805,82.5911,136.7132
2026-06-01 08:35:26.395,NEW_DATA,3.3777,82.6037,136.7132
2026-06-01 08:35:26.425,NEW_DATA,3.3812,82.6162,136.7132
2026-06-01 08:35:26.456,NEW_DATA,3.377,82.6287,136.7132
2026-06-01 08:35:26.489,NEW_DATA,3.377,82.6411,136.7132
2026-06-01 08:35:26.520,NEW_DATA,3.3764,82.6536,136.7132
2026-06-01 08:35:26.551,NEW_DATA,3.3743,82.666,136.7132
2026-06-01 08:35:26.582,NEW_DATA,3.3767,82.6784,136.7132
2026-06-01 08:35:26.616,NEW_DATA,3.3777,82.6908,136.7132
2026-06-01 08:35:26.643,NEW_DATA,3.3791,82.7032,136.7132
2026-06-01 08:35:26.676,NEW_DATA,3.3795,82.7155,136.7132
2026-06-01 08:35:26.706,NEW_DATA,3.3781,82.7278,136.7132
2026-06-01 08:35:26.738,NEW_DATA,3.3791,82.7401,136.7132
2026-06-01 08:35:26.769,NEW_DATA,3.3774,82.7524,136.7132
2026-06-01 08:35:26.800,NEW_DATA,3.3777,82.7646,136.7132
2026-06-01 08:35:26.831,NEW_DATA,3.3764,82.7769,136.7132
2026-06-01 08:35:26.861,NEW_DATA,3.3753,82.7891,136.7132
2026-06-01 08:35:26.894,NEW_DATA,3.3753,82.8074,136.7132
2026-06-01 08:35:26.925,NEW_DATA,3.3743,82.8134,136.7132
2026-06-01 08:35:26.956,NEW_DATA,3.3784,82.8256,136.7132
2026-06-01 08:35:26.989,NEW_DATA,3.3791,82.8377,136.7132
2026-06-01 08:35:27.020,NEW_DATA,3.3777,82.8498,136.7132
2026-06-01 08:35:27.053,NEW_DATA,3.3791,82.8619,136.7132
2026-06-01 08:35:27.085,NEW_DATA,3.3791,82.88,136.7132
2026-06-01 08:35:27.115,NEW_DATA,3.3736,82.886,136.7132
2026-06-01 08:35:27.145,NEW_DATA,3.3757,82.898,136.7132
2026-06-01 08:35:27.176,NEW_DATA,3.3743,82.9101,136.7132
2026-06-01 08:35:27.208,NEW_DATA,3.3764,82.922,136.7132
2026-06-01 08:35:27.239,NEW_DATA,3.3777,82.934,136.7132
2026-06-01 08:35:27.271,NEW_DATA,3.3764,82.946,136.7132
2026-06-01 08:35:27.303,NEW_DATA,3.3774,82.9579,136.7132
2026-06-01 08:35:27.335,NEW_DATA,3.3791,82.9698,136.7132
2026-06-01 08:35:27.367,NEW_DATA,3.3791,82.9817,136.7132
2026-06-01 08:35:27.396,NEW_DATA,3.3764,82.9936,136.7132
2026-06-01 08:35:27.430,NEW_DATA,3.3784,83.0055,136.7132
2026-06-01 08:35:27.460,NEW_DATA,3.3739,83.0173,136.7132
2026-06-01 08:35:27.492,NEW_DATA,3.3739,83.0291,136.7132
2026-06-01 08:35:27.523,NEW_DATA,3.3781,83.041,136.7132
2026-06-01 08:35:27.555,NEW_DATA,3.3791,83.0528,136.7132
2026-06-01 08:35:27.593,NEW_DATA,3.3767,83.0645,136.7132
2026-06-01 08:35:27.619,NEW_DATA,3.3764,83.0763,136.7132
2026-06-01 08:35:27.649,NEW_DATA,3.3784,83.088,136.7132
2026-06-01 08:35:27.682,NEW_DATA,3.3777,83.0998,136.7132
2026-06-01 08:35:27.711,NEW_DATA,3.3753,83.1115,136.7132
2026-06-01 08:35:27.743,NEW_DATA,3.3732,83.1232,136.7132
2026-06-01 08:35:27.773,NEW_DATA,3.3753,83.1349,136.7132
2026-06-01 08:35:27.807,NEW_DATA,3.3736,83.1465,136.7132
2026-06-01 08:35:27.838,NEW_DATA,3.375,83.1582,136.7132
2026-06-01 08:35:27.868,NEW_DATA,3.3764,83.1698,136.7132
2026-06-01 08:35:27.898,NEW_DATA,3.3743,83.1815,136.7132
2026-06-01 08:35:27.928,NEW_DATA,3.3764,83.1931,136.7132
2026-06-01 08:35:27.958,NEW_DATA,3.377,83.2047,136.7132
2026-06-01 08:35:27.990,NEW_DATA,3.3795,83.2163,136.7132
2026-06-01 08:35:28.022,NEW_DATA,3.3764,83.2278,136.7132
2026-06-01 08:35:28.052,NEW_DATA,3.3764,83.2394,136.7132
2026-06-01 08:35:28.082,NEW_DATA,3.3743,83.2509,136.7132
2026-06-01 08:35:28.125,NEW_DATA,3.376,83.2682,136.7132
2026-06-01 08:35:28.144,NEW_DATA,3.3753,83.274,136.7132
2026-06-01 08:35:28.175,NEW_DATA,3.376,83.2912,136.7132
2026-06-01 08:35:28.205,NEW_DATA,3.375,83.297,136.7132
2026-06-01 08:35:28.239,NEW_DATA,3.3784,83.3085,136.7132
2026-06-01 08:35:28.268,NEW_DATA,3.3757,83.3199,136.7132
2026-06-01 08:35:28.300,NEW_DATA,3.377,83.3371,136.7132
2026-06-01 08:35:28.331,NEW_DATA,3.3777,83.3428,136.7132
2026-06-01 08:35:28.362,NEW_DATA,3.3722,83.3543,136.7132
2026-06-01 08:35:28.394,NEW_DATA,3.3736,83.3657,136.7132
2026-06-01 08:35:28.427,NEW_DATA,3.3746,83.3771,136.7132
2026-06-01 08:35:28.458,NEW_DATA,3.3757,83.3942,136.7132
2026-06-01 08:35:28.491,NEW_DATA,3.377,83.3999,136.7132
2026-06-01 08:35:28.523,NEW_DATA,3.3757,83.4113,136.7132
2026-06-01 08:35:28.553,NEW_DATA,3.3784,83.4226,136.7132
2026-06-01 08:35:28.585,NEW_DATA,3.3805,83.4397,136.7132
2026-06-01 08:35:28.616,NEW_DATA,3.3805,83.4453,136.7132
2026-06-01 08:35:28.648,NEW_DATA,3.3767,83.4567,136.7132
2026-06-01 08:35:28.679,NEW_DATA,3.3736,83.468,136.7132
2026-06-01 08:35:28.709,NEW_DATA,3.3743,83.4793,136.7132
2026-06-01 08:35:28.741,NEW_DATA,3.3722,83.4906,136.7132
2026-06-01 08:35:28.772,NEW_DATA,3.3736,83.5019,136.7132
2026-06-01 08:35:28.804,NEW_DATA,3.3739,83.5132,136.7132
2026-06-01 08:35:28.835,NEW_DATA,3.3739,83.5245,136.7132
2026-06-01 08:35:28.865,NEW_DATA,3.3764,83.5358,136.7132
2026-06-01 08:35:28.896,NEW_DATA,3.3764,83.5471,136.7132
2026-06-01 08:35:28.927,NEW_DATA,3.375,83.564,136.7132
2026-06-01 08:35:28.959,NEW_DATA,3.375,83.5696,136.7132
2026-06-01 08:35:28.989,NEW_DATA,3.3753,83.5808,136.7132
2026-06-01 08:35:29.022,NEW_DATA,3.3722,83.5921,136.7132
2026-06-01 08:35:29.052,NEW_DATA,3.3736,83.6033,136.7132
2026-06-01 08:35:29.083,NEW_DATA,3.375,83.6146,136.7132
2026-06-01 08:35:29.116,NEW_DATA,3.3764,83.6258,136.7132
2026-06-01 08:35:29.147,NEW_DATA,3.3743,83.637,136.7132
2026-06-01 08:35:29.176,NEW_DATA,3.3777,83.6482,136.7132
2026-06-01 08:35:29.209,NEW_DATA,3.377,83.6594,136.7132
2026-06-01 08:35:29.240,NEW_DATA,3.3764,83.6706,136.7132
2026-06-01 08:35:29.271,NEW_DATA,3.3767,83.6818,136.7132
2026-06-01 08:35:29.303,NEW_DATA,3.375,83.693,136.7132
2026-06-01 08:35:29.335,NEW_DATA,3.3736,83.7042,136.7132
2026-06-01 08:35:29.366,NEW_DATA,3.3725,83.7209,136.7132
2026-06-01 08:35:29.397,NEW_DATA,3.375,83.7265,136.7132
2026-06-01 08:35:29.428,NEW_DATA,3.3764,83.7377,136.7132
2026-06-01 08:35:29.459,NEW_DATA,3.3767,83.7489,136.7132
2026-06-01 08:35:29.490,NEW_DATA,3.3805,83.76,136.7132
2026-06-01 08:35:29.523,NEW_DATA,3.3764,83.7712,136.7132
2026-06-01 08:35:29.554,NEW_DATA,3.3784,83.7823,136.7132
2026-06-01 08:35:29.586,NEW_DATA,3.3743,83.7935,136.7132
2026-06-01 08:35:29.615,NEW_DATA,3.3764,83.8046,136.7132
2026-06-01 08:35:29.646,NEW_DATA,3.3736,83.8158,136.7132
2026-06-01 08:35:29.684,NEW_DATA,3.3739,83.8269,136.7132
2026-06-01 08:35:29.707,NEW_DATA,3.3757,83.8381,136.7132
2026-06-01 08:35:29.738,NEW_DATA,3.3764,83.8492,136.7132
2026-06-01 08:35:29.769,NEW_DATA,3.3777,83.8604,136.7132
2026-06-01 08:35:29.802,NEW_DATA,3.377,83.8771,136.7132
2026-06-01 08:35:29.836,NEW_DATA,3.3764,83.8826,136.7132
2026-06-01 08:35:29.862,NEW_DATA,3.3784,83.8993,136.7132
2026-06-01 08:35:29.892,NEW_DATA,3.3743,83.9049,136.7132
2026-06-01 08:35:29.923,NEW_DATA,3.3757,83.916,136.7132
2026-06-01 08:35:29.956,NEW_DATA,3.3729,83.9272,136.7132
2026-06-01 08:35:29.986,NEW_DATA,3.3712,83.9383,136.7132
2026-06-01 08:35:30.020,NEW_DATA,3.3736,83.9494,136.7132
2026-06-01 08:35:30.051,NEW_DATA,3.3784,83.9605,136.7132
2026-06-01 08:35:30.082,NEW_DATA,3.3788,83.9717,136.7132
2026-06-01 08:35:30.112,NEW_DATA,3.3757,83.9828,136.7132
2026-06-01 08:35:30.144,NEW_DATA,3.3781,83.9939,136.7132
2026-06-01 08:35:30.177,NEW_DATA,3.3764,84.0051,136.7132
2026-06-01 08:35:30.206,NEW_DATA,3.375,84.0162,136.7132
2026-06-01 08:35:30.238,NEW_DATA,3.3736,84.0273,136.7132
2026-06-01 08:35:30.269,NEW_DATA,3.3708,84.0385,136.7132
2026-06-01 08:35:30.301,NEW_DATA,3.3757,84.0496,136.7132
2026-06-01 08:35:30.332,NEW_DATA,3.375,84.0608,136.7132
2026-06-01 08:35:30.365,NEW_DATA,3.3764,84.0719,136.7132
2026-06-01 08:35:30.395,NEW_DATA,3.377,84.0831,136.7132
2026-06-01 08:35:30.428,NEW_DATA,3.3777,84.0942,136.7132
2026-06-01 08:35:30.458,NEW_DATA,3.3809,84.1054,136.7132
2026-06-01 08:35:30.490,NEW_DATA,3.375,84.1221,136.7132
2026-06-01 08:35:30.521,NEW_DATA,3.375,84.1277,136.7132
2026-06-01 08:35:30.552,NEW_DATA,3.375,84.1444,136.7132
2026-06-01 08:35:30.583,NEW_DATA,3.3743,84.15,136.7132
2026-06-01 08:35:30.614,NEW_DATA,3.3708,84.1612,136.7132
2026-06-01 08:35:30.646,NEW_DATA,3.3739,84.1723,136.7132
2026-06-01 08:35:30.676,NEW_DATA,3.3736,84.1835,136.7132
2026-06-01 08:35:30.708,NEW_DATA,3.3753,84.1947,136.7132
2026-06-01 08:35:30.739,NEW_DATA,3.3781,84.2059,136.7132
2026-06-01 08:35:30.770,NEW_DATA,3.3791,84.2171,136.7132
2026-06-01 08:35:30.802,NEW_DATA,3.3764,84.2283,136.7132
2026-06-01 08:35:30.832,NEW_DATA,3.3764,84.2395,136.7132
2026-06-01 08:35:30.865,NEW_DATA,3.3736,84.2507,136.7132
2026-06-01 08:35:30.894,NEW_DATA,3.3743,84.2619,136.7132
2026-06-01 08:35:30.924,NEW_DATA,3.3722,84.2731,136.7132
2026-06-01 08:35:30.957,NEW_DATA,3.375,84.2844,136.7132
2026-06-01 08:35:30.988,NEW_DATA,3.3764,84.2956,136.7132
2026-06-01 08:35:31.023,NEW_DATA,3.3777,84.3068,136.7132
2026-06-01 08:35:31.050,NEW_DATA,3.3767,84.3181,136.7132
2026-06-01 08:35:31.081,NEW_DATA,3.3798,84.3294,136.7132
2026-06-01 08:35:31.112,NEW_DATA,3.3777,84.3406,136.7132
2026-06-01 08:35:31.142,NEW_DATA,3.3764,84.3519,136.7132
2026-06-01 08:35:31.173,NEW_DATA,3.3736,84.3632,136.7132
2026-06-01 08:35:31.206,NEW_DATA,3.3729,84.3745,136.7132
2026-06-01 08:35:31.238,NEW_DATA,3.3712,84.3914,136.7132
2026-06-01 08:35:31.271,NEW_DATA,3.375,84.3971,136.7132
2026-06-01 08:35:31.301,NEW_DATA,3.3753,84.4084,136.7132
2026-06-01 08:35:31.332,NEW_DATA,3.3781,84.4197,136.7132
2026-06-01 08:35:31.363,NEW_DATA,3.3767,84.4311,136.7132
2026-06-01 08:35:31.395,NEW_DATA,3.3777,84.4424,136.7132
2026-06-01 08:35:31.425,NEW_DATA,3.3777,84.4538,136.7132
2026-06-01 08:35:31.456,NEW_DATA,3.3774,84.4651,136.7132
2026-06-01 08:35:31.488,NEW_DATA,3.3743,84.4765,136.7132
2026-06-01 08:35:31.519,NEW_DATA,3.3736,84.4936,136.7132
2026-06-01 08:35:31.551,NEW_DATA,3.3736,84.4993,136.7132
2026-06-01 08:35:31.583,NEW_DATA,3.3764,84.5164,136.7132
2026-06-01 08:35:31.614,NEW_DATA,3.3743,84.5221,136.7132
2026-06-01 08:35:31.645,NEW_DATA,3.377,84.5393,136.7132
2026-06-01 08:35:31.676,NEW_DATA,3.3791,84.545,136.7132
2026-06-01 08:35:31.707,NEW_DATA,3.3791,84.5564,136.7132
2026-06-01 08:35:31.738,NEW_DATA,3.377,84.5679,136.7132
2026-06-01 08:35:31.770,NEW_DATA,3.3847,84.5794,136.7132
2026-06-01 08:35:31.801,NEW_DATA,3.3753,84.5909,136.7132
2026-06-01 08:35:31.832,NEW_DATA,3.375,84.6024,136.7132
2026-06-01 08:35:31.864,NEW_DATA,3.3732,84.6139,136.7132
2026-06-01 08:35:31.894,NEW_DATA,3.3739,84.6254,136.7132
2026-06-01 08:35:31.925,NEW_DATA,3.3757,84.637,136.7132
2026-06-01 08:35:31.956,NEW_DATA,3.3767,84.6486,136.7132
2026-06-01 08:35:31.986,NEW_DATA,3.3777,84.6601,136.7132
2026-06-01 08:35:32.018,NEW_DATA,3.3784,84.6717,136.7132
2026-06-01 08:35:32.050,NEW_DATA,3.377,84.6833,136.7132
2026-06-01 08:35:32.082,NEW_DATA,3.3767,84.6949,136.7132
2026-06-01 08:35:32.112,NEW_DATA,3.377,84.7066,136.7132
2026-06-01 08:35:32.145,NEW_DATA,3.3729,84.7182,136.7132
2026-06-01 08:35:32.175,NEW_DATA,3.3753,84.7299,136.7132
2026-06-01 08:35:32.206,NEW_DATA,3.3736,84.7416,136.7132
2026-06-01 08:35:32.238,NEW_DATA,3.3777,84.7533,136.7132
2026-06-01 08:35:32.270,NEW_DATA,3.3788,84.765,136.7132
2026-06-01 08:35:32.302,NEW_DATA,3.3784,84.7767,136.7132
2026-06-01 08:35:32.333,NEW_DATA,3.3777,84.7884,136.7132
2026-06-01 08:35:32.363,NEW_DATA,3.3777,84.8002,136.7132
2026-06-01 08:35:32.395,NEW_DATA,3.3722,84.812,136.7132
2026-06-01 08:35:32.425,NEW_DATA,3.3739,84.8238,136.7132
2026-06-01 08:35:32.457,NEW_DATA,3.3739,84.8356,136.7132
2026-06-01 08:35:32.492,NEW_DATA,3.3764,84.8474,136.7132
2026-06-01 08:35:32.520,NEW_DATA,3.3757,84.8593,136.7132
2026-06-01 08:35:32.550,NEW_DATA,3.3743,84.8711,136.7132
2026-06-01 08:35:32.583,NEW_DATA,3.3791,84.883,136.7132
2026-06-01 08:35:32.612,NEW_DATA,3.3764,84.8949,136.7132
2026-06-01 08:35:32.645,NEW_DATA,3.3777,84.9069,136.7132
2026-06-01 08:35:32.675,NEW_DATA,3.377,84.9248,136.7132
2026-06-01 08:35:32.705,NEW_DATA,3.3764,84.9308,136.7132
2026-06-01 08:35:32.735,NEW_DATA,3.3757,84.9428,136.7132
2026-06-01 08:35:32.768,NEW_DATA,3.3739,84.9548,136.7132
2026-06-01 08:35:32.798,NEW_DATA,3.3715,84.9668,136.7132
2026-06-01 08:35:32.828,NEW_DATA,3.3781,84.9788,136.7132
2026-06-01 08:35:32.859,NEW_DATA,3.3757,84.9909,136.7132
2026-06-01 08:35:32.893,NEW_DATA,3.3764,85.003,136.7132
2026-06-01 08:35:32.924,NEW_DATA,3.377,85.0151,136.7132
2026-06-01 08:35:32.954,NEW_DATA,3.3795,85.0272,136.7132
2026-06-01 08:35:32.985,NEW_DATA,3.3757,85.0394,136.7132
2026-06-01 08:35:33.018,NEW_DATA,3.3777,85.0516,136.7132
2026-06-01 08:35:33.047,NEW_DATA,3.3736,85.0638,136.7132
2026-06-01 08:35:33.078,NEW_DATA,3.3736,85.0821,136.7132
2026-06-01 08:35:33.109,NEW_DATA,3.3729,85.0882,136.7132
2026-06-01 08:35:33.140,NEW_DATA,3.3757,85.1005,136.7132
2026-06-01 08:35:33.172,NEW_DATA,3.3757,85.1189,136.7132
2026-06-01 08:35:33.203,NEW_DATA,3.3791,85.1251,136.7132
2026-06-01 08:35:33.233,NEW_DATA,3.3826,85.1374,136.7132
2026-06-01 08:35:33.264,NEW_DATA,3.3767,85.1498,136.7132
2026-06-01 08:35:33.294,NEW_DATA,3.377,85.1622,136.7132
2026-06-01 08:35:33.325,NEW_DATA,3.375,85.1746,136.7132
2026-06-01 08:35:33.356,NEW_DATA,3.3764,85.187,136.7132
2026-06-01 08:35:33.387,NEW_DATA,3.3722,85.1995,136.7132
2026-06-01 08:35:33.418,NEW_DATA,3.3753,85.2119,136.7132
2026-06-01 08:35:33.450,NEW_DATA,3.3736,85.2244,136.7132
2026-06-01 08:35:33.480,NEW_DATA,3.3767,85.237,136.7132
2026-06-01 08:35:33.510,NEW_DATA,3.3764,85.2495,136.7132
2026-06-01 08:35:33.542,NEW_DATA,3.375,85.2621,136.7132
2026-06-01 08:35:33.575,NEW_DATA,3.3777,85.2747,136.7132
2026-06-01 08:35:33.604,NEW_DATA,3.3767,85.2874,136.7132
2026-06-01 08:35:33.636,NEW_DATA,3.3764,85.3,136.7132
2026-06-01 08:35:33.667,NEW_DATA,3.3757,85.3127,136.7132
2026-06-01 08:35:33.698,NEW_DATA,3.3729,85.3255,136.7132
2026-06-01 08:35:33.732,NEW_DATA,3.375,85.3382,136.7132
2026-06-01 08:35:33.762,NEW_DATA,3.3743,85.351,136.7132
2026-06-01 08:35:33.792,NEW_DATA,3.377,85.3638,136.7132
2026-06-01 08:35:33.824,NEW_DATA,3.3729,85.3766,136.7132
2026-06-01 08:35:33.855,NEW_DATA,3.3791,85.3895,136.7132
2026-06-01 08:35:33.888,NEW_DATA,3.3784,85.4024,136.7132
2026-06-01 08:35:33.919,NEW_DATA,3.3781,85.4153,136.7132
2026-06-01 08:35:33.951,NEW_DATA,3.377,85.4283,136.7132
2026-06-01 08:35:33.982,NEW_DATA,3.3791,85.4412,136.7132
2026-06-01 08:35:34.013,NEW_DATA,3.3805,85.4542,136.7132
2026-06-01 08:35:34.044,NEW_DATA,3.3788,85.4673,136.7132
2026-06-01 08:35:34.077,NEW_DATA,3.3819,85.4804,136.7132
2026-06-01 08:35:34.107,NEW_DATA,3.3819,85.4935,136.7132
2026-06-01 08:35:34.138,NEW_DATA,3.384,85.5066,136.7132
2026-06-01 08:35:34.169,NEW_DATA,3.3861,85.5198,136.7132
2026-06-01 08:35:34.201,NEW_DATA,3.3847,85.5329,136.7132
2026-06-01 08:35:34.230,NEW_DATA,3.3881,85.5462,136.7132
2026-06-01 08:35:34.262,NEW_DATA,3.3805,85.5594,136.7132
2026-06-01 08:35:34.294,NEW_DATA,3.3795,85.5727,136.7132
2026-06-01 08:35:34.326,NEW_DATA,3.3798,85.586,136.7132
2026-06-01 08:35:34.357,NEW_DATA,3.3764,85.5994,136.7132
2026-06-01 08:35:34.390,NEW_DATA,3.3764,85.6128,136.7132
2026-06-01 08:35:34.422,NEW_DATA,3.375,85.6262,136.7132
2026-06-01 08:35:34.452,NEW_DATA,3.3781,85.6397,136.7132
2026-06-01 08:35:34.485,NEW_DATA,3.3791,85.6532,136.7132
2026-06-01 08:35:34.515,NEW_DATA,3.3805,85.6667,136.7132
2026-06-01 08:35:34.549,NEW_DATA,3.3819,85.6802,136.7132
2026-06-01 08:35:34.575,NEW_DATA,3.3795,85.6938,136.7132
2026-06-01 08:35:34.607,NEW_DATA,3.3764,85.7075,136.7132
2026-06-01 08:35:34.641,NEW_DATA,3.3753,85.7211,133.6625
2026-06-01 08:35:34.669,NEW_DATA,3.375,85.7349,133.6625
2026-06-01 08:35:34.702,NEW_DATA,3.3757,85.7557,133.6625
2026-06-01 08:35:34.730,NEW_DATA,3.3791,85.7627,133.6625
2026-06-01 08:35:34.761,NEW_DATA,3.3798,85.7768,133.6625
2026-06-01 08:35:34.792,NEW_DATA,3.3791,85.7909,133.6625
2026-06-01 08:35:34.823,NEW_DATA,3.3791,85.8052,133.6625
2026-06-01 08:35:34.856,NEW_DATA,3.3798,85.8196,133.6625
2026-06-01 08:35:34.886,NEW_DATA,3.375,85.834,133.6625
2026-06-01 08:35:34.918,NEW_DATA,3.3777,85.8485,133.6625
2026-06-01 08:35:34.950,NEW_DATA,3.3764,85.8632,133.6625
2026-06-01 08:35:34.981,NEW_DATA,3.3777,85.8779,133.6625
2026-06-01 08:35:35.012,NEW_DATA,3.3764,85.8927,133.6625
2026-06-01 08:35:35.045,NEW_DATA,3.3767,85.9077,133.6625
2026-06-01 08:35:35.078,NEW_DATA,3.3736,85.9302,133.6625
2026-06-01 08:35:35.106,NEW_DATA,3.3798,85.9378,133.6625
2026-06-01 08:35:35.137,NEW_DATA,3.3764,85.953,133.6625
2026-06-01 08:35:35.169,NEW_DATA,3.3784,85.9682,133.6625
2026-06-01 08:35:35.199,NEW_DATA,3.377,85.9836,133.6625
2026-06-01 08:35:35.232,NEW_DATA,3.377,85.9991,133.6625
2026-06-01 08:35:35.263,NEW_DATA,3.375,86.0146,133.6625
2026-06-01 08:35:35.292,NEW_DATA,3.3722,86.0302,133.6625
2026-06-01 08:35:35.323,NEW_DATA,3.3739,86.0459,133.6625
2026-06-01 08:35:35.355,NEW_DATA,3.3757,86.0617,133.6625
2026-06-01 08:35:35.386,NEW_DATA,3.3757,86.0776,133.6625
2026-06-01 08:35:35.419,NEW_DATA,3.377,86.0936,133.6625
2026-06-01 08:35:35.452,NEW_DATA,3.3798,86.1096,133.6625
2026-06-01 08:35:35.481,NEW_DATA,3.3791,86.1257,133.6625
2026-06-01 08:35:35.513,NEW_DATA,3.3757,86.1419,133.6625
2026-06-01 08:35:35.543,NEW_DATA,3.375,86.1582,133.6625
2026-06-01 08:35:35.573,NEW_DATA,3.3753,86.1746,133.6625
2026-06-01 08:35:35.603,NEW_DATA,3.3798,86.191,133.6625
2026-06-01 08:35:35.635,NEW_DATA,3.3764,86.2076,133.6625
2026-06-01 08:35:35.671,NEW_DATA,3.3777,86.2325,133.6625
2026-06-01 08:35:35.703,NEW_DATA,3.3774,86.2408,133.6625
2026-06-01 08:35:35.730,NEW_DATA,3.3791,86.2576,133.6625
2026-06-01 08:35:35.762,NEW_DATA,3.3784,86.2744,133.6625
2026-06-01 08:35:35.792,NEW_DATA,3.3784,86.2913,133.6625
2026-06-01 08:35:35.822,NEW_DATA,3.3777,86.3083,133.6625
2026-06-01 08:35:35.853,NEW_DATA,3.375,86.3253,133.6625
2026-06-01 08:35:35.885,NEW_DATA,3.3694,86.3425,133.6625
2026-06-01 08:35:35.916,NEW_DATA,3.3757,86.3596,133.6625
2026-06-01 08:35:35.946,NEW_DATA,3.3753,86.3769,133.6625
2026-06-01 08:35:35.979,NEW_DATA,3.3784,86.3942,133.6625
2026-06-01 08:35:36.009,NEW_DATA,3.3767,86.4116,133.6625
2026-06-01 08:35:36.043,NEW_DATA,3.3795,86.4291,133.6625
2026-06-01 08:35:36.070,NEW_DATA,3.3805,86.4466,133.6625
2026-06-01 08:35:36.102,NEW_DATA,3.3777,86.4642,133.6625
2026-06-01 08:35:36.134,NEW_DATA,3.3757,86.4819,133.6625
2026-06-01 08:35:36.165,NEW_DATA,3.3777,86.4996,133.6625
2026-06-01 08:35:36.196,NEW_DATA,3.375,86.5174,133.6625
2026-06-01 08:35:36.227,NEW_DATA,3.3743,86.5352,133.6625
2026-06-01 08:35:36.260,NEW_DATA,3.3757,86.5621,133.6625
2026-06-01 08:35:36.292,NEW_DATA,3.3777,86.5711,133.6625
2026-06-01 08:35:36.324,NEW_DATA,3.3791,86.5892,133.6625
2026-06-01 08:35:36.356,NEW_DATA,3.3781,86.6073,133.6625
2026-06-01 08:35:36.386,NEW_DATA,3.3795,86.6254,133.6625
2026-06-01 08:35:36.419,NEW_DATA,3.3767,86.6436,133.6625
2026-06-01 08:35:36.449,NEW_DATA,3.3777,86.6619,133.6625
2026-06-01 08:35:36.481,NEW_DATA,3.3791,86.6802,133.6625
2026-06-01 08:35:36.515,NEW_DATA,3.3764,86.6986,133.6625
2026-06-01 08:35:36.544,NEW_DATA,3.3736,86.7171,133.6625
2026-06-01 08:35:36.577,NEW_DATA,3.3764,86.7356,133.6625
2026-06-01 08:35:36.607,NEW_DATA,3.3788,86.7541,133.6625
2026-06-01 08:35:36.638,NEW_DATA,3.3788,86.7727,133.6625
2026-06-01 08:35:36.670,NEW_DATA,3.3791,86.7914,133.6625
2026-06-01 08:35:36.700,NEW_DATA,3.3784,86.8101,133.6625
2026-06-01 08:35:36.730,NEW_DATA,3.3784,86.8288,133.6625
2026-06-01 08:35:36.764,NEW_DATA,3.3798,86.8476,133.6625
2026-06-01 08:35:36.799,NEW_DATA,3.3764,86.8665,133.6625
2026-06-01 08:35:36.826,NEW_DATA,3.3753,86.8854,133.6625
2026-06-01 08:35:36.856,NEW_DATA,3.3743,86.9043,133.6625
2026-06-01 08:35:36.888,NEW_DATA,3.375,86.9233,133.6625
2026-06-01 08:35:36.920,NEW_DATA,3.3805,86.9424,133.6625
2026-06-01 08:35:36.952,NEW_DATA,3.3764,86.9614,133.6625
2026-06-01 08:35:36.982,NEW_DATA,3.3857,86.9806,133.6625
2026-06-01 08:35:37.013,NEW_DATA,3.3764,86.9997,133.6625
2026-06-01 08:35:37.048,NEW_DATA,3.377,87.019,133.6625
2026-06-01 08:35:37.075,NEW_DATA,3.3777,87.0382,133.6625
2026-06-01 08:35:37.107,NEW_DATA,3.375,87.0672,133.6625
2026-06-01 08:35:37.136,NEW_DATA,3.3757,87.0769,133.6625
2026-06-01 08:35:37.169,NEW_DATA,3.375,87.0962,133.6625
2026-06-01 08:35:37.199,NEW_DATA,3.3757,87.1157,133.6625
2026-06-01 08:35:37.232,NEW_DATA,3.377,87.1351,133.6625
2026-06-01 08:35:37.263,NEW_DATA,3.3805,87.1546,133.6625
2026-06-01 08:35:37.295,NEW_DATA,3.3812,87.1741,133.6625
2026-06-01 08:35:37.326,NEW_DATA,3.3805,87.2035,133.6625
2026-06-01 08:35:37.357,NEW_DATA,3.3798,87.2133,133.6625
2026-06-01 08:35:37.389,NEW_DATA,3.3764,87.2329,133.6625
2026-06-01 08:35:37.419,NEW_DATA,3.3736,87.2624,133.6625
2026-06-01 08:35:37.451,NEW_DATA,3.3784,87.2723,133.6625
2026-06-01 08:35:37.482,NEW_DATA,3.3743,87.292,133.6625
2026-06-01 08:35:37.512,NEW_DATA,3.3777,87.3117,133.6625
2026-06-01 08:35:37.543,NEW_DATA,3.3777,87.3414,133.6625
2026-06-01 08:35:37.574,NEW_DATA,3.3777,87.3513,133.6625
2026-06-01 08:35:37.605,NEW_DATA,3.3791,87.3712,133.6625
2026-06-01 08:35:37.635,NEW_DATA,3.3819,87.391,133.6625
2026-06-01 08:35:37.667,NEW_DATA,3.3767,87.4109,133.6625
2026-06-01 08:35:37.700,NEW_DATA,3.3784,87.4308,133.6625
2026-06-01 08:35:37.731,NEW_DATA,3.3767,87.4508,133.6625
2026-06-01 08:35:37.763,NEW_DATA,3.3722,87.4707,133.6625
2026-06-01 08:35:37.793,NEW_DATA,3.3777,87.4907,133.6625
2026-06-01 08:35:37.824,NEW_DATA,3.3777,87.5207,133.6625
2026-06-01 08:35:37.855,NEW_DATA,3.3781,87.5308,133.6625
2026-06-01 08:35:37.886,NEW_DATA,3.3809,87.5508,133.6625
2026-06-01 08:35:37.917,NEW_DATA,3.3781,87.5709,133.6625
2026-06-01 08:35:37.947,NEW_DATA,3.3809,87.591,133.6625
2026-06-01 08:35:37.977,NEW_DATA,3.3777,87.6111,133.6625
2026-06-01 08:35:38.007,NEW_DATA,3.3781,87.6312,133.6625
2026-06-01 08:35:38.038,NEW_DATA,3.3764,87.6614,133.6625
2026-06-01 08:35:38.068,NEW_DATA,3.3757,87.6715,133.6625
2026-06-01 08:35:38.099,NEW_DATA,3.3757,87.6916,133.6625
2026-06-01 08:35:38.130,NEW_DATA,3.3753,87.7118,133.6625
2026-06-01 08:35:38.161,NEW_DATA,3.3798,87.732,133.6625
2026-06-01 08:35:38.191,NEW_DATA,3.3798,87.7522,133.6625
2026-06-01 08:35:38.222,NEW_DATA,3.3809,87.7724,133.6625
2026-06-01 08:35:38.253,NEW_DATA,3.3812,87.7926,133.6625
2026-06-01 08:35:38.287,NEW_DATA,3.3805,87.8129,133.6625
2026-06-01 08:35:38.318,NEW_DATA,3.377,87.8331,133.6625
2026-06-01 08:35:38.350,NEW_DATA,3.3764,87.8533,133.6625
2026-06-01 08:35:38.381,NEW_DATA,3.3732,87.8736,133.6625
2026-06-01 08:35:38.410,NEW_DATA,3.3764,87.8939,133.6625
2026-06-01 08:35:38.441,NEW_DATA,3.375,87.9141,133.6625
2026-06-01 08:35:38.472,NEW_DATA,3.3784,87.9344,133.6625
2026-06-01 08:35:38.503,NEW_DATA,3.377,87.9546,133.6625
2026-06-01 08:35:38.534,NEW_DATA,3.3826,87.9749,133.6625
2026-06-01 08:35:38.566,NEW_DATA,3.3764,87.9952,133.6625
2026-06-01 08:35:38.597,NEW_DATA,3.3777,88.0154,133.6625
2026-06-01 08:35:38.627,NEW_DATA,3.3784,88.0357,133.6625
2026-06-01 08:35:38.659,NEW_DATA,3.3781,88.056,133.6625
2026-06-01 08:35:38.690,NEW_DATA,3.3753,88.0762,133.6625
2026-06-01 08:35:38.721,NEW_DATA,3.3764,88.0965,133.6625
2026-06-01 08:35:38.752,NEW_DATA,3.3743,88.1168,133.6625
2026-06-01 08:35:38.784,NEW_DATA,3.3784,88.137,133.6625
2026-06-01 08:35:38.815,NEW_DATA,3.3777,88.1572,133.6625
2026-06-01 08:35:38.845,NEW_DATA,3.3795,88.1775,133.6625
2026-06-01 08:35:38.878,NEW_DATA,3.3791,88.1977,133.6625
2026-06-01 08:35:38.906,NEW_DATA,3.3819,88.2179,133.6625
2026-06-01 08:35:38.939,NEW_DATA,3.3767,88.2381,133.6625
2026-06-01 08:35:38.968,NEW_DATA,3.3767,88.2583,133.6625
2026-06-01 08:35:39.000,NEW_DATA,3.3764,88.2785,133.6625
2026-06-01 08:35:39.037,NEW_DATA,3.3767,88.2987,133.6625
2026-06-01 08:35:39.063,NEW_DATA,3.3753,88.3189,133.6625
2026-06-01 08:35:39.094,NEW_DATA,3.3777,88.339,133.6625
2026-06-01 08:35:39.126,NEW_DATA,3.3791,88.3591,133.6625
2026-06-01 08:35:39.156,NEW_DATA,3.3791,88.3893,133.6625
2026-06-01 08:35:39.188,NEW_DATA,3.3805,88.3994,133.6625
2026-06-01 08:35:39.220,NEW_DATA,3.3791,88.4194,133.6625
2026-06-01 08:35:39.250,NEW_DATA,3.3777,88.4395,133.6625
2026-06-01 08:35:39.283,NEW_DATA,3.3777,88.4595,133.6625
2026-06-01 08:35:39.314,NEW_DATA,3.3743,88.4796,133.6625
2026-06-01 08:35:39.346,NEW_DATA,3.377,88.5095,133.6625
2026-06-01 08:35:39.375,NEW_DATA,3.3791,88.5295,133.6625
2026-06-01 08:35:39.407,NEW_DATA,3.3777,88.5395,133.6625
2026-06-01 08:35:39.438,NEW_DATA,3.3784,88.5594,133.6625
2026-06-01 08:35:39.468,NEW_DATA,3.3819,88.5793,133.6625
2026-06-01 08:35:39.499,NEW_DATA,3.3774,88.5992,133.6625
2026-06-01 08:35:39.529,NEW_DATA,3.3795,88.619,133.6625
2026-06-01 08:35:39.560,NEW_DATA,3.3795,88.6388,133.6625
2026-06-01 08:35:39.591,NEW_DATA,3.3764,88.6586,133.6625
2026-06-01 08:35:39.622,NEW_DATA,3.3753,88.6784,133.6625
2026-06-01 08:35:39.654,NEW_DATA,3.377,88.6981,133.6625
2026-06-01 08:35:39.685,NEW_DATA,3.3781,88.7178,133.6625
2026-06-01 08:35:39.717,NEW_DATA,3.3798,88.7375,133.6625
2026-06-01 08:35:39.749,NEW_DATA,3.3805,88.7571,133.6625
2026-06-01 08:35:39.780,NEW_DATA,3.3812,88.7767,133.6625
2026-06-01 08:35:39.811,NEW_DATA,3.3812,88.7962,133.6625
2026-06-01 08:35:39.842,NEW_DATA,3.3809,88.8158,133.6625
2026-06-01 08:35:39.874,NEW_DATA,3.3791,88.8353,133.6625
2026-06-01 08:35:39.906,NEW_DATA,3.3777,88.8547,133.6625
2026-06-01 08:35:39.937,NEW_DATA,3.3774,88.8741,133.6625
2026-06-01 08:35:39.968,NEW_DATA,3.3764,88.8935,133.6625
2026-06-01 08:35:40.000,NEW_DATA,3.377,88.9128,133.6625
2026-06-01 08:35:40.031,NEW_DATA,3.3791,88.9417,133.6625
2026-06-01 08:35:40.060,NEW_DATA,3.3791,88.9513,133.6625
2026-06-01 08:35:40.091,NEW_DATA,3.3798,88.9705,133.6625
2026-06-01 08:35:40.123,NEW_DATA,3.3826,88.9896,133.6625
2026-06-01 08:35:40.153,NEW_DATA,3.3791,89.0087,133.6625
2026-06-01 08:35:40.185,NEW_DATA,3.3784,89.0278,133.6625
2026-06-01 08:35:40.217,NEW_DATA,3.3743,89.0468,133.6625
2026-06-01 08:35:40.246,NEW_DATA,3.377,89.0657,133.6625
2026-06-01 08:35:40.278,NEW_DATA,3.377,89.0846,133.6625
2026-06-01 08:35:40.310,NEW_DATA,3.3791,89.1129,133.6625
2026-06-01 08:35:40.340,NEW_DATA,3.3777,89.1317,133.6625
2026-06-01 08:35:40.371,NEW_DATA,3.3802,89.141,133.6625
2026-06-01 08:35:40.402,NEW_DATA,3.3805,89.1597,133.6625
2026-06-01 08:35:40.435,NEW_DATA,3.3798,89.1784,133.6625
2026-06-01 08:35:40.467,NEW_DATA,3.3791,89.1969,133.6625
2026-06-01 08:35:40.496,NEW_DATA,3.3812,89.2155,133.6625
2026-06-01 08:35:40.530,NEW_DATA,3.3784,89.2339,133.6625
2026-06-01 08:35:40.562,NEW_DATA,3.377,89.2523,133.6625
2026-06-01 08:35:40.593,NEW_DATA,3.3781,89.2707,133.6625
2026-06-01 08:35:40.624,NEW_DATA,3.3777,89.289,133.6625
2026-06-01 08:35:40.657,NEW_DATA,3.3784,89.3072,133.6625
2026-06-01 08:35:40.689,NEW_DATA,3.3798,89.3253,133.6625
2026-06-01 08:35:40.718,NEW_DATA,3.3829,89.3434,133.6625
2026-06-01 08:35:40.749,NEW_DATA,3.3819,89.3615,133.6625
2026-06-01 08:35:40.781,NEW_DATA,3.3822,89.3794,133.6625
2026-06-01 08:35:40.813,NEW_DATA,3.3795,89.3973,133.6625
2026-06-01 08:35:40.844,NEW_DATA,3.3781,89.4152,133.6625
2026-06-01 08:35:40.875,NEW_DATA,3.3784,89.4329,133.6625
2026-06-01 08:35:40.904,NEW_DATA,3.3764,89.4506,133.6625
2026-06-01 08:35:40.936,NEW_DATA,3.3798,89.477,133.6625
2026-06-01 08:35:40.971,NEW_DATA,3.3836,89.4858,133.6625
2026-06-01 08:35:40.999,NEW_DATA,3.3836,89.5033,133.6625
2026-06-01 08:35:41.032,NEW_DATA,3.3836,89.5206,133.6625
2026-06-01 08:35:41.064,NEW_DATA,3.385,89.5466,133.6625
2026-06-01 08:35:41.094,NEW_DATA,3.3805,89.5552,133.6625
2026-06-01 08:35:41.126,NEW_DATA,3.3798,89.5724,133.6625
2026-06-01 08:35:41.157,NEW_DATA,3.3791,89.598,133.6625
2026-06-01 08:35:41.189,NEW_DATA,3.3809,89.6065,133.6625
2026-06-01 08:35:41.220,NEW_DATA,3.3777,89.6234,133.6625
2026-06-01 08:35:41.251,NEW_DATA,3.3812,89.6403,133.6625
2026-06-01 08:35:41.282,NEW_DATA,3.3819,89.6571,133.6625
2026-06-01 08:35:41.313,NEW_DATA,3.3826,89.6737,133.6625
2026-06-01 08:35:41.346,NEW_DATA,3.3847,89.6903,133.6625
2026-06-01 08:35:41.374,NEW_DATA,3.3819,89.7069,133.6625
2026-06-01 08:35:41.406,NEW_DATA,3.3805,89.7233,133.6625
2026-06-01 08:35:41.438,NEW_DATA,3.3805,89.7396,133.6625
2026-06-01 08:35:41.471,NEW_DATA,3.3791,89.7559,133.6625
2026-06-01 08:35:41.501,NEW_DATA,3.377,89.772,133.6625
2026-06-01 08:35:41.531,NEW_DATA,3.3791,89.7881,133.6625
2026-06-01 08:35:41.563,NEW_DATA,3.3836,89.8041,133.6625
2026-06-01 08:35:41.595,NEW_DATA,3.3816,89.82,133.6625
2026-06-01 08:35:41.626,NEW_DATA,3.3826,89.8358,133.6625
2026-06-01 08:35:41.657,NEW_DATA,3.3836,89.8515,133.6625
2026-06-01 08:35:41.690,NEW_DATA,3.3864,89.8671,133.6625
2026-06-01 08:35:41.720,NEW_DATA,3.3788,89.8826,133.6625
2026-06-01 08:35:41.752,NEW_DATA,3.3784,89.898,133.6625
2026-06-01 08:35:41.782,NEW_DATA,3.3805,89.9134,133.6625
2026-06-01 08:35:41.814,NEW_DATA,3.3805,89.9286,133.6625
2026-06-01 08:35:41.845,NEW_DATA,3.3805,89.9437,133.6625
2026-06-01 08:35:41.876,NEW_DATA,3.3791,89.9587,133.6625
2026-06-01 08:35:41.906,NEW_DATA,3.3833,89.9736,133.6625
2026-06-01 08:35:41.938,NEW_DATA,3.3847,89.9958,133.6625
2026-06-01 08:35:41.969,NEW_DATA,3.3833,90.0105,133.6625
2026-06-01 08:35:42.000,NEW_DATA,3.3833,90.0177,133.6625
2026-06-01 08:35:42.031,NEW_DATA,3.3833,90.0322,133.6625
2026-06-01 08:35:42.063,NEW_DATA,3.3805,90.0466,133.6625
2026-06-01 08:35:42.096,NEW_DATA,3.3812,90.0609,133.6625
2026-06-01 08:35:42.126,NEW_DATA,3.3784,90.0751,133.6625
2026-06-01 08:35:42.157,NEW_DATA,3.3795,90.0891,133.6625
2026-06-01 08:35:42.189,NEW_DATA,3.3805,90.1031,133.6625
2026-06-01 08:35:42.219,NEW_DATA,3.3861,90.1169,133.6625
2026-06-01 08:35:42.251,NEW_DATA,3.3833,90.1306,133.6625
2026-06-01 08:35:42.281,NEW_DATA,3.385,90.1442,133.6625
2026-06-01 08:35:42.313,NEW_DATA,3.3875,90.1577,133.6625
2026-06-01 08:35:42.346,NEW_DATA,3.3836,90.1711,133.6625
2026-06-01 08:35:42.374,NEW_DATA,3.3822,90.1843,133.6625
2026-06-01 08:35:42.405,NEW_DATA,3.3805,90.1974,133.6625
2026-06-01 08:35:42.435,NEW_DATA,3.3791,90.2105,133.6625
2026-06-01 08:35:42.466,NEW_DATA,3.3819,90.2234,133.6625
2026-06-01 08:35:42.498,NEW_DATA,3.3819,90.2425,133.6625
2026-06-01 08:35:42.530,NEW_DATA,3.384,90.2488,133.6625
2026-06-01 08:35:42.562,NEW_DATA,3.3798,90.2613,133.6625
2026-06-01 08:35:42.590,NEW_DATA,3.3833,90.2798,133.6625
2026-06-01 08:35:42.622,NEW_DATA,3.3833,90.286,133.6625
2026-06-01 08:35:42.654,NEW_DATA,3.3826,90.2981,133.6625
2026-06-01 08:35:42.685,NEW_DATA,3.3836,90.3161,133.6625
2026-06-01 08:35:42.716,NEW_DATA,3.3816,90.322,133.6625
2026-06-01 08:35:42.747,NEW_DATA,3.3791,90.3338,133.6625
2026-06-01 08:35:42.780,NEW_DATA,3.3791,90.3454,133.6625
2026-06-01 08:35:42.809,NEW_DATA,3.3805,90.3569,133.6625
2026-06-01 08:35:42.843,NEW_DATA,3.3819,90.3682,133.6625
2026-06-01 08:35:42.871,NEW_DATA,3.3826,90.3794,133.6625
2026-06-01 08:35:42.904,NEW_DATA,3.3812,90.3905,133.6625
2026-06-01 08:35:42.939,NEW_DATA,3.3812,90.4069,133.6625
2026-06-01 08:35:42.971,NEW_DATA,3.3854,90.4123,133.6625
2026-06-01 08:35:42.998,NEW_DATA,3.3795,90.423,133.6625
2026-06-01 08:35:43.031,NEW_DATA,3.3798,90.4387,133.6625
2026-06-01 08:35:43.062,NEW_DATA,3.3784,90.4439,133.6625
2026-06-01 08:35:43.092,NEW_DATA,3.3819,90.4542,133.6625
2026-06-01 08:35:43.124,NEW_DATA,3.3819,90.4643,133.6625
2026-06-01 08:35:43.155,NEW_DATA,3.3819,90.4792,133.6625
2026-06-01 08:35:43.187,NEW_DATA,3.3833,90.4841,133.6625
2026-06-01 08:35:43.219,NEW_DATA,3.3826,90.4937,133.6625
2026-06-01 08:35:43.250,NEW_DATA,3.3826,90.5033,133.6625
2026-06-01 08:35:43.281,NEW_DATA,3.384,90.5126,133.6625
2026-06-01 08:35:43.313,NEW_DATA,3.3795,90.5219,133.6625
2026-06-01 08:35:43.343,NEW_DATA,3.3826,90.5309,133.6625
2026-06-01 08:35:43.376,NEW_DATA,3.377,90.5399,133.6625
2026-06-01 08:35:43.407,NEW_DATA,3.384,90.5487,133.6625
2026-06-01 08:35:43.438,NEW_DATA,3.3805,90.5573,133.6625
2026-06-01 08:35:43.469,NEW_DATA,3.3833,90.5658,133.6625
2026-06-01 08:35:43.500,NEW_DATA,3.3833,90.5741,133.6625
2026-06-01 08:35:43.531,NEW_DATA,3.3871,90.5822,133.6625
2026-06-01 08:35:43.562,NEW_DATA,3.3854,90.5902,133.6625
2026-06-01 08:35:43.592,NEW_DATA,3.3805,90.6019,133.6625
2026-06-01 08:35:43.625,NEW_DATA,3.3819,90.6058,133.6625
2026-06-01 08:35:43.657,NEW_DATA,3.3805,90.6133,133.6625
2026-06-01 08:35:43.685,NEW_DATA,3.3805,90.6207,133.6625
2026-06-01 08:35:43.715,NEW_DATA,3.3798,90.6279,133.6625
2026-06-01 08:35:43.749,NEW_DATA,3.3822,90.6384,133.6625
2026-06-01 08:35:43.780,NEW_DATA,3.3822,90.6418,133.6625
2026-06-01 08:35:43.811,NEW_DATA,3.3868,90.6485,133.6625
2026-06-01 08:35:43.841,NEW_DATA,3.3847,90.655,133.6625
2026-06-01 08:35:43.871,NEW_DATA,3.3833,90.6614,133.6625
2026-06-01 08:35:43.904,NEW_DATA,3.3802,90.6676,133.6625
2026-06-01 08:35:43.935,NEW_DATA,3.3819,90.6736,133.6625
2026-06-01 08:35:43.966,NEW_DATA,3.3802,90.6795,133.6625
2026-06-01 08:35:43.998,NEW_DATA,3.3829,90.6852,133.6625
2026-06-01 08:35:44.031,NEW_DATA,3.3805,90.6907,133.6625
2026-06-01 08:35:44.061,NEW_DATA,3.3847,90.6987,133.6625
2026-06-01 08:35:44.091,NEW_DATA,3.3829,90.7038,133.6625
2026-06-01 08:35:44.122,NEW_DATA,3.3854,90.7087,133.6625
2026-06-01 08:35:44.152,NEW_DATA,3.3871,90.7111,133.6625
2026-06-01 08:35:44.184,NEW_DATA,3.3861,90.7157,133.6625
2026-06-01 08:35:44.214,NEW_DATA,3.3847,90.7202,133.6625
2026-06-01 08:35:44.246,NEW_DATA,3.3861,90.7245,133.6625
2026-06-01 08:35:44.277,NEW_DATA,3.385,90.7286,133.6625
2026-06-01 08:35:44.309,NEW_DATA,3.3847,90.7325,133.6625
2026-06-01 08:35:44.339,NEW_DATA,3.3847,90.7363,133.6625
2026-06-01 08:35:44.370,NEW_DATA,3.3875,90.7398,133.6625
2026-06-01 08:35:44.402,NEW_DATA,3.3888,90.7432,133.6625
2026-06-01 08:35:44.433,NEW_DATA,3.3909,90.7464,133.6625
2026-06-01 08:35:44.466,NEW_DATA,3.392,90.7494,133.6625
2026-06-01 08:35:44.496,NEW_DATA,3.3923,90.7523,133.6625
2026-06-01 08:35:44.528,NEW_DATA,3.3902,90.7549,133.6625
2026-06-01 08:35:44.558,NEW_DATA,3.3861,90.7573,133.6625
2026-06-01 08:35:44.591,NEW_DATA,3.3847,90.7596,133.6625
2026-06-01 08:35:44.619,NEW_DATA,3.3854,90.7616,133.6625
2026-06-01 08:35:44.651,NEW_DATA,3.3819,90.7635,133.6625
2026-06-01 08:35:44.684,NEW_DATA,3.3847,90.7652,133.6625
2026-06-01 08:35:44.714,NEW_DATA,3.3864,90.7667,133.6625
2026-06-01 08:35:44.747,NEW_DATA,3.3861,90.768,133.6625
2026-06-01 08:35:44.777,NEW_DATA,3.3864,90.7691,133.6625
2026-06-01 08:35:44.810,NEW_DATA,3.3875,90.77,133.6625
2026-06-01 08:35:44.844,NEW_DATA,3.3888,90.7707,133.6625
2026-06-01 08:35:44.870,NEW_DATA,3.3875,90.7712,133.6625
2026-06-01 08:35:44.902,NEW_DATA,3.3843,90.7715,133.6625
2026-06-01 08:35:44.931,NEW_DATA,3.3857,90.7716,130.8538
2026-06-01 08:35:44.964,NEW_DATA,3.3833,90.7712,130.8538
2026-06-01 08:35:44.995,NEW_DATA,3.384,90.7701,130.8538
2026-06-01 08:35:45.027,NEW_DATA,3.393,90.7683,130.8538
2026-06-01 08:35:45.057,NEW_DATA,3.3875,90.7658,130.8538
2026-06-01 08:35:45.092,NEW_DATA,3.3902,90.7606,130.8538
2026-06-01 08:35:45.122,NEW_DATA,3.3888,90.7586,130.8538
2026-06-01 08:35:45.151,NEW_DATA,3.3854,90.7539,130.8538
2026-06-01 08:35:45.183,NEW_DATA,3.3888,90.7485,130.8538
2026-06-01 08:35:45.215,NEW_DATA,3.3881,90.7424,130.8538
2026-06-01 08:35:45.246,NEW_DATA,3.384,90.7356,130.8538
2026-06-01 08:35:45.276,NEW_DATA,3.3819,90.7281,130.8538
2026-06-01 08:35:45.315,NEW_DATA,3.384,90.72,130.8538
2026-06-01 08:35:45.341,NEW_DATA,3.3878,90.7064,130.8538
2026-06-01 08:35:45.372,NEW_DATA,3.3868,90.7015,130.8538
2026-06-01 08:35:45.402,NEW_DATA,3.3875,90.6913,130.8538
2026-06-01 08:35:45.433,NEW_DATA,3.3902,90.6803,130.8538
2026-06-01 08:35:45.464,NEW_DATA,3.3864,90.6687,130.8538
2026-06-01 08:35:45.495,NEW_DATA,3.3836,90.6564,130.8538
2026-06-01 08:35:45.526,NEW_DATA,3.3857,90.6434,130.8538
2026-06-01 08:35:45.556,NEW_DATA,3.3812,90.6298,130.8538
2026-06-01 08:35:45.587,NEW_DATA,3.3861,90.6155,130.8538
2026-06-01 08:35:45.620,NEW_DATA,3.3854,90.5928,130.8538
2026-06-01 08:35:45.651,NEW_DATA,3.3847,90.5849,130.8538
2026-06-01 08:35:45.682,NEW_DATA,3.3892,90.5686,130.8538
2026-06-01 08:35:45.714,NEW_DATA,3.3881,90.5429,130.8538
2026-06-01 08:35:45.748,NEW_DATA,3.3864,90.534,130.8538
2026-06-01 08:35:45.778,NEW_DATA,3.3895,90.5158,130.8538
2026-06-01 08:35:45.810,NEW_DATA,3.3868,90.4969,130.8538
2026-06-01 08:35:45.841,NEW_DATA,3.3875,90.4774,130.8538
2026-06-01 08:35:45.871,NEW_DATA,3.3847,90.4572,130.8538
2026-06-01 08:35:45.903,NEW_DATA,3.3861,90.4364,130.8538
2026-06-01 08:35:45.933,NEW_DATA,3.3833,90.415,130.8538
2026-06-01 08:35:45.964,NEW_DATA,3.3881,90.3929,130.8538
2026-06-01 08:35:45.996,NEW_DATA,3.3881,90.3702,130.8538
2026-06-01 08:35:46.029,NEW_DATA,3.3875,90.347,130.8538
2026-06-01 08:35:46.062,NEW_DATA,3.3868,90.323,130.8538
2026-06-01 08:35:46.090,NEW_DATA,3.3875,90.2985,130.8538
2026-06-01 08:35:46.122,NEW_DATA,3.3902,90.2734,130.8538
2026-06-01 08:35:46.152,NEW_DATA,3.3868,90.2476,130.8538
2026-06-01 08:35:46.183,NEW_DATA,3.3875,90.2213,130.8538
2026-06-01 08:35:46.213,NEW_DATA,3.384,90.1944,130.8538
2026-06-01 08:35:46.244,NEW_DATA,3.3878,90.1668,130.8538
2026-06-01 08:35:46.276,NEW_DATA,3.3888,90.1387,130.8538
2026-06-01 08:35:46.306,NEW_DATA,3.3861,90.11,130.8538
2026-06-01 08:35:46.341,NEW_DATA,3.3888,90.0658,130.8538
2026-06-01 08:35:46.369,NEW_DATA,3.3902,90.0508,130.8538
2026-06-01 08:35:46.400,NEW_DATA,3.3878,90.0204,130.8538
2026-06-01 08:35:46.431,NEW_DATA,3.3895,89.9894,130.8538
2026-06-01 08:35:46.463,NEW_DATA,3.3864,89.9578,130.8538
2026-06-01 08:35:46.500,NEW_DATA,3.3854,89.9257,130.8538
2026-06-01 08:35:46.525,NEW_DATA,3.3854,89.893,130.8538
2026-06-01 08:35:46.556,NEW_DATA,3.3854,89.8597,130.8538
2026-06-01 08:35:46.586,NEW_DATA,3.3902,89.8259,130.8538
2026-06-01 08:35:46.616,NEW_DATA,3.3892,89.7915,130.8538
2026-06-01 08:35:46.648,NEW_DATA,3.3902,89.7566,130.8538
2026-06-01 08:35:46.678,NEW_DATA,3.3888,89.7212,130.8538
2026-06-01 08:35:46.710,NEW_DATA,3.3878,89.667,130.8538
2026-06-01 08:35:46.744,NEW_DATA,3.3916,89.6487,130.8538
2026-06-01 08:35:46.773,NEW_DATA,3.3864,89.6117,130.8538
2026-06-01 08:35:46.804,NEW_DATA,3.3875,89.5741,130.8538
2026-06-01 08:35:46.836,NEW_DATA,3.3881,89.5361,130.8538
2026-06-01 08:35:46.867,NEW_DATA,3.3868,89.4975,130.8538
2026-06-01 08:35:46.898,NEW_DATA,3.3885,89.4584,130.8538
2026-06-01 08:35:46.929,NEW_DATA,3.3881,89.4187,130.8538
2026-06-01 08:35:46.959,NEW_DATA,3.3902,89.3786,130.8538
2026-06-01 08:35:46.992,NEW_DATA,3.3916,89.338,130.8538
2026-06-01 08:35:47.024,NEW_DATA,3.393,89.2969,130.8538
2026-06-01 08:35:47.056,NEW_DATA,3.3888,89.2553,130.8538
2026-06-01 08:35:47.086,NEW_DATA,3.3875,89.2132,130.8538
2026-06-01 08:35:47.119,NEW_DATA,3.3847,89.1706,130.8538
2026-06-01 08:35:47.149,NEW_DATA,3.3861,89.1275,130.8538
2026-06-01 08:35:47.182,NEW_DATA,3.3909,89.0621,130.8538
2026-06-01 08:35:47.215,NEW_DATA,3.3916,89.04,130.8538
2026-06-01 08:35:47.245,NEW_DATA,3.392,88.9955,130.8538
2026-06-01 08:35:47.276,NEW_DATA,3.3895,88.9506,130.8538
2026-06-01 08:35:47.305,NEW_DATA,3.3923,88.9052,130.8538
2026-06-01 08:35:47.336,NEW_DATA,3.3916,88.8593,130.8538
2026-06-01 08:35:47.367,NEW_DATA,3.3888,88.813,130.8538
2026-06-01 08:35:47.398,NEW_DATA,3.3892,88.7663,130.8538
2026-06-01 08:35:47.431,NEW_DATA,3.3878,88.7191,130.8538
2026-06-01 08:35:47.462,NEW_DATA,3.3861,88.6714,130.8538
2026-06-01 08:35:47.492,NEW_DATA,3.3878,88.6234,130.8538
2026-06-01 08:35:47.524,NEW_DATA,3.3902,88.5749,130.8538
2026-06-01 08:35:47.556,NEW_DATA,3.3923,88.5259,130.8538
2026-06-01 08:35:47.586,NEW_DATA,3.3965,88.4766,130.8538
2026-06-01 08:35:47.619,NEW_DATA,3.3916,88.4268,130.8538
2026-06-01 08:35:47.650,NEW_DATA,3.3913,88.3766,130.8538
2026-06-01 08:35:47.681,NEW_DATA,3.3906,88.326,130.8538
2026-06-01 08:35:47.712,NEW_DATA,3.3906,88.275,130.8538
2026-06-01 08:35:47.745,NEW_DATA,3.3878,88.2236,130.8538
2026-06-01 08:35:47.777,NEW_DATA,3.3881,88.1718,130.8538
2026-06-01 08:35:47.808,NEW_DATA,3.3875,88.1196,130.8538
2026-06-01 08:35:47.838,NEW_DATA,3.3937,88.067,130.8538
2026-06-01 08:35:47.869,NEW_DATA,3.3937,88.014,130.8538
2026-06-01 08:35:47.901,NEW_DATA,3.3916,87.9607,130.8538
2026-06-01 08:35:47.932,NEW_DATA,3.3916,87.9069,130.8538
2026-06-01 08:35:47.962,NEW_DATA,3.3937,87.8528,130.8538
2026-06-01 08:35:47.995,NEW_DATA,3.3916,87.7983,130.8538
2026-06-01 08:35:48.028,NEW_DATA,3.3906,87.7435,130.8538
2026-06-01 08:35:48.063,NEW_DATA,3.3888,87.6882,130.8538
2026-06-01 08:35:48.086,NEW_DATA,3.3888,87.6327,130.8538
2026-06-01 08:35:48.119,NEW_DATA,3.3899,87.5767,130.8538
2026-06-01 08:35:48.150,NEW_DATA,3.3923,87.5205,130.8538
2026-06-01 08:35:48.183,NEW_DATA,3.3913,87.4638,130.8538
2026-06-01 08:35:48.214,NEW_DATA,3.3944,87.4069,130.8538
2026-06-01 08:35:48.245,NEW_DATA,3.393,87.3495,130.8538
2026-06-01 08:35:48.277,NEW_DATA,3.3916,87.2919,130.8538
2026-06-01 08:35:48.307,NEW_DATA,3.3923,87.2339,130.8538
2026-06-01 08:35:48.340,NEW_DATA,3.3899,87.1756,130.8538
2026-06-01 08:35:48.368,NEW_DATA,3.3895,87.0876,130.8538
2026-06-01 08:35:48.400,NEW_DATA,3.3881,87.0581,130.8538
2026-06-01 08:35:48.431,NEW_DATA,3.3895,86.9988,130.8538
2026-06-01 08:35:48.464,NEW_DATA,3.3916,86.9392,130.8538
2026-06-01 08:35:48.496,NEW_DATA,3.3895,86.8793,130.8538
2026-06-01 08:35:48.528,NEW_DATA,3.3909,86.789,130.8538
2026-06-01 08:35:48.557,NEW_DATA,3.3937,86.7587,130.8538
2026-06-01 08:35:48.590,NEW_DATA,3.3951,86.6979,130.8538
2026-06-01 08:35:48.621,NEW_DATA,3.3944,86.6368,130.8538
2026-06-01 08:35:48.651,NEW_DATA,3.3916,86.5755,130.8538
2026-06-01 08:35:48.683,NEW_DATA,3.3899,86.5138,130.8538
2026-06-01 08:35:48.715,NEW_DATA,3.3888,86.4519,130.8538
2026-06-01 08:35:48.746,NEW_DATA,3.393,86.3585,130.8538
2026-06-01 08:35:48.780,NEW_DATA,3.3895,86.3272,130.8538
2026-06-01 08:35:48.811,NEW_DATA,3.3944,86.2645,130.8538
2026-06-01 08:35:48.842,NEW_DATA,3.3951,86.2015,130.8538
2026-06-01 08:35:48.873,NEW_DATA,3.3923,86.1382,130.8538
2026-06-01 08:35:48.904,NEW_DATA,3.3902,86.0747,130.8538
2026-06-01 08:35:48.936,NEW_DATA,3.3906,86.0109,130.8538
2026-06-01 08:35:48.966,NEW_DATA,3.3881,85.9469,130.8538
2026-06-01 08:35:48.998,NEW_DATA,3.3881,85.8826,130.8538
2026-06-01 08:35:49.031,NEW_DATA,3.3902,85.8181,130.8538
2026-06-01 08:35:49.062,NEW_DATA,3.3909,85.7534,130.8538
2026-06-01 08:35:49.094,NEW_DATA,3.3916,85.6884,130.8538
2026-06-01 08:35:49.127,NEW_DATA,3.392,85.6231,130.8538
2026-06-01 08:35:49.156,NEW_DATA,3.3937,85.5249,130.8538
2026-06-01 08:35:49.188,NEW_DATA,3.3916,85.492,130.8538
2026-06-01 08:35:49.218,NEW_DATA,3.393,85.4261,130.8538
2026-06-01 08:35:49.250,NEW_DATA,3.3916,85.36,130.8538
2026-06-01 08:35:49.281,NEW_DATA,3.3906,85.2937,130.8538
2026-06-01 08:35:49.313,NEW_DATA,3.3888,85.2271,130.8538
2026-06-01 08:35:49.346,NEW_DATA,3.3881,85.1604,130.8538
2026-06-01 08:35:49.376,NEW_DATA,3.3916,85.0935,130.8538
2026-06-01 08:35:49.409,NEW_DATA,3.3958,84.9927,130.8538
2026-06-01 08:35:49.439,NEW_DATA,3.3937,84.959,130.8538
2026-06-01 08:35:49.471,NEW_DATA,3.3909,84.8914,130.8538
2026-06-01 08:35:49.499,NEW_DATA,3.3937,84.8237,130.8538
2026-06-01 08:35:49.531,NEW_DATA,3.3909,84.7558,130.8538
2026-06-01 08:35:49.562,NEW_DATA,3.3933,84.6877,130.8538
2026-06-01 08:35:49.593,NEW_DATA,3.3895,84.6195,130.8538
2026-06-01 08:35:49.625,NEW_DATA,3.3906,84.551,130.8538
2026-06-01 08:35:49.656,NEW_DATA,3.3888,84.4824,130.8538
2026-06-01 08:35:49.686,NEW_DATA,3.3888,84.4137,130.8538
2026-06-01 08:35:49.719,NEW_DATA,3.3909,84.3447,130.8538
2026-06-01 08:35:49.748,NEW_DATA,3.393,84.2756,130.8538
2026-06-01 08:35:49.781,NEW_DATA,3.3937,84.2064,130.8538
2026-06-01 08:35:49.815,NEW_DATA,3.3958,84.1369,130.8538
2026-06-01 08:35:49.846,NEW_DATA,3.3927,84.0674,130.8538
2026-06-01 08:35:49.877,NEW_DATA,3.3923,83.9977,130.8538
2026-06-01 08:35:49.908,NEW_DATA,3.392,83.9278,130.8538
2026-06-01 08:35:49.938,NEW_DATA,3.3888,83.8578,130.8538
2026-06-01 08:35:49.970,NEW_DATA,3.3902,83.7877,130.8538
2026-06-01 08:35:50.000,NEW_DATA,3.3899,83.7174,130.8538
2026-06-01 08:35:50.034,NEW_DATA,3.392,83.647,130.8538
2026-06-01 08:35:50.063,NEW_DATA,3.3944,83.5765,130.8538
2026-06-01 08:35:50.095,NEW_DATA,3.3933,83.5058,130.8538
2026-06-01 08:35:50.127,NEW_DATA,3.3944,83.435,130.8538
2026-06-01 08:35:50.158,NEW_DATA,3.392,83.3642,130.8538
2026-06-01 08:35:50.188,NEW_DATA,3.3906,83.2931,130.8538
2026-06-01 08:35:50.220,NEW_DATA,3.3951,83.222,130.8538
2026-06-01 08:35:50.250,NEW_DATA,3.3937,83.1508,130.8538
2026-06-01 08:35:50.282,NEW_DATA,3.3906,83.0795,130.8538
2026-06-01 08:35:50.313,NEW_DATA,3.3944,82.9723,130.8538
2026-06-01 08:35:50.347,NEW_DATA,3.392,82.9365,130.8538
2026-06-01 08:35:50.378,NEW_DATA,3.3944,82.829,130.8538
2026-06-01 08:35:50.410,NEW_DATA,3.3923,82.7931,130.8538
2026-06-01 08:35:50.440,NEW_DATA,3.3951,82.7213,130.8538
2026-06-01 08:35:50.472,NEW_DATA,3.3937,82.6134,130.8538
2026-06-01 08:35:50.501,NEW_DATA,3.3927,82.5774,130.8538
2026-06-01 08:35:50.534,NEW_DATA,3.3913,82.5054,130.8538
2026-06-01 08:35:50.565,NEW_DATA,3.3916,82.4332,130.8538
2026-06-01 08:35:50.597,NEW_DATA,3.3909,82.361,130.8538
2026-06-01 08:35:50.628,NEW_DATA,3.3923,82.2887,130.8538
2026-06-01 08:35:50.661,NEW_DATA,3.3927,82.2163,130.8538
2026-06-01 08:35:50.691,NEW_DATA,3.3958,82.1439,130.8538
2026-06-01 08:35:50.722,NEW_DATA,3.3958,82.0714,130.8538
2026-06-01 08:35:50.753,NEW_DATA,3.3947,81.9625,130.8538
2026-06-01 08:35:50.784,NEW_DATA,3.3937,81.9262,130.8538
2026-06-01 08:35:50.815,NEW_DATA,3.392,81.8536,130.8538
2026-06-01 08:35:50.846,NEW_DATA,3.393,81.7808,130.8538
2026-06-01 08:35:50.878,NEW_DATA,3.3923,81.7081,130.8538
2026-06-01 08:35:50.910,NEW_DATA,3.3958,81.6353,130.8538
2026-06-01 08:35:50.940,NEW_DATA,3.393,81.5624,130.8538
2026-06-01 08:35:50.971,NEW_DATA,3.393,81.4895,130.8538
2026-06-01 08:35:51.001,NEW_DATA,3.3951,81.4165,130.8538
2026-06-01 08:35:51.031,NEW_DATA,3.3972,81.3436,130.8538
2026-06-01 08:35:51.063,NEW_DATA,3.3937,81.2706,130.8538
2026-06-01 08:35:51.095,NEW_DATA,3.3937,81.1975,130.8538
2026-06-01 08:35:51.128,NEW_DATA,3.3944,81.1245,130.8538
2026-06-01 08:35:51.160,NEW_DATA,3.3923,81.0514,130.8538
2026-06-01 08:35:51.189,NEW_DATA,3.3913,80.9782,130.8538
2026-06-01 08:35:51.222,NEW_DATA,3.3937,80.9051,130.8538
2026-06-01 08:35:51.253,NEW_DATA,3.3937,80.8319,130.8538
2026-06-01 08:35:51.284,NEW_DATA,3.3979,80.7588,130.8538
2026-06-01 08:35:51.316,NEW_DATA,3.3972,80.6856,130.8538
2026-06-01 08:35:51.349,NEW_DATA,3.3985,80.6124,130.8538
2026-06-01 08:35:51.380,NEW_DATA,3.3979,80.5392,130.8538
2026-06-01 08:35:51.412,NEW_DATA,3.3992,80.466,130.8538
2026-06-01 08:35:51.443,NEW_DATA,3.3965,80.3928,130.8538
2026-06-01 08:35:51.473,NEW_DATA,3.3933,80.3196,130.8538
2026-06-01 08:35:51.505,NEW_DATA,3.3933,80.2464,130.8538
2026-06-01 08:35:51.536,NEW_DATA,3.3985,80.1366,130.8538
2026-06-01 08:35:51.570,NEW_DATA,3.3965,80.0634,130.8538
2026-06-01 08:35:51.598,NEW_DATA,3.3961,80.0268,130.8538
2026-06-01 08:35:51.630,NEW_DATA,3.3965,79.9537,130.8538
2026-06-01 08:35:51.662,NEW_DATA,3.3937,79.8805,130.8538
2026-06-01 08:35:51.694,NEW_DATA,3.3965,79.8074,130.8538
2026-06-01 08:35:51.724,NEW_DATA,3.3965,79.7343,130.8538
2026-06-01 08:35:51.754,NEW_DATA,3.3937,79.6612,130.8538
2026-06-01 08:35:51.788,NEW_DATA,3.3944,79.5881,130.8538
2026-06-01 08:35:51.816,NEW_DATA,3.3944,79.515,130.8538
2026-06-01 08:35:51.847,NEW_DATA,3.3944,79.4055,130.8538
2026-06-01 08:35:51.879,NEW_DATA,3.3944,79.3326,130.8538
2026-06-01 08:35:51.910,NEW_DATA,3.3958,79.2961,130.8538
2026-06-01 08:35:51.942,NEW_DATA,3.3951,79.2232,130.8538
2026-06-01 08:35:51.972,NEW_DATA,3.3996,79.1503,130.8538
2026-06-01 08:35:52.006,NEW_DATA,3.3972,79.0775,130.8538
2026-06-01 08:35:52.036,NEW_DATA,3.3958,79.0047,130.8538
2026-06-01 08:35:52.065,NEW_DATA,3.3958,78.8956,130.8538
2026-06-01 08:35:52.096,NEW_DATA,3.3985,78.8592,130.8538
2026-06-01 08:35:52.127,NEW_DATA,3.3937,78.7866,130.8538
2026-06-01 08:35:52.160,NEW_DATA,3.393,78.714,130.8538
2026-06-01 08:35:52.190,NEW_DATA,3.3972,78.6051,130.8538
2026-06-01 08:35:52.222,NEW_DATA,3.3944,78.5327,130.8538
2026-06-01 08:35:52.253,NEW_DATA,3.3951,78.4965,130.8538
2026-06-01 08:35:52.285,NEW_DATA,3.3989,78.4241,130.8538
2026-06-01 08:35:52.315,NEW_DATA,3.3968,78.3518,130.8538
2026-06-01 08:35:52.346,NEW_DATA,3.3985,78.2795,130.8538
2026-06-01 08:35:52.376,NEW_DATA,3.3958,78.2073,130.8538
2026-06-01 08:35:52.408,NEW_DATA,3.3958,78.1352,130.8538
2026-06-01 08:35:52.442,NEW_DATA,3.3937,78.0631,130.8538
2026-06-01 08:35:52.478,NEW_DATA,3.3985,77.9552,130.8538
2026-06-01 08:35:52.503,NEW_DATA,3.3999,77.8833,130.8538
2026-06-01 08:35:52.533,NEW_DATA,3.3989,77.8474,130.8538
2026-06-01 08:35:52.565,NEW_DATA,3.3972,77.7756,130.8538
2026-06-01 08:35:52.596,NEW_DATA,3.3996,77.704,130.8538
2026-06-01 08:35:52.626,NEW_DATA,3.3979,77.6324,130.8538
2026-06-01 08:35:52.656,NEW_DATA,3.3972,77.5608,130.8538
2026-06-01 08:35:52.688,NEW_DATA,3.3972,77.4894,130.8538
2026-06-01 08:35:52.723,NEW_DATA,3.3947,77.4181,130.8538
2026-06-01 08:35:52.752,NEW_DATA,3.3999,77.3112,130.8538
2026-06-01 08:35:52.781,NEW_DATA,3.3944,77.2756,130.8538
2026-06-01 08:35:52.814,NEW_DATA,3.3968,77.2045,130.8538
2026-06-01 08:35:52.847,NEW_DATA,3.3965,77.1336,130.8538
2026-06-01 08:35:52.878,NEW_DATA,3.3992,77.0627,130.8538
2026-06-01 08:35:52.908,NEW_DATA,3.3992,76.9919,130.8538
2026-06-01 08:35:52.941,NEW_DATA,3.3985,76.9212,130.8538
2026-06-01 08:35:52.973,NEW_DATA,3.3979,76.8506,130.8538
2026-06-01 08:35:53.004,NEW_DATA,3.3972,76.7801,130.8538
2026-06-01 08:35:53.043,NEW_DATA,3.3944,76.6745,130.8538
2026-06-01 08:35:53.065,NEW_DATA,3.3944,76.6394,130.8538
2026-06-01 08:35:53.097,NEW_DATA,3.3951,76.5692,130.8538
2026-06-01 08:35:53.132,NEW_DATA,3.3944,76.4992,130.8538
2026-06-01 08:35:53.161,NEW_DATA,3.3975,76.4292,130.8538
2026-06-01 08:35:53.192,NEW_DATA,3.4006,76.3594,130.8538
2026-06-01 08:35:53.223,NEW_DATA,3.3999,76.2896,130.8538
2026-06-01 08:35:53.256,NEW_DATA,3.3985,76.22,130.8538
2026-06-01 08:35:53.286,NEW_DATA,3.3992,76.1505,130.8538
2026-06-01 08:35:53.317,NEW_DATA,3.3979,76.0812,130.8538
2026-06-01 08:35:53.346,NEW_DATA,3.3951,76.0119,130.8538
2026-06-01 08:35:53.379,NEW_DATA,3.3979,75.9428,130.8538
2026-06-01 08:35:53.410,NEW_DATA,3.3965,75.8738,130.8538
2026-06-01 08:35:53.442,NEW_DATA,3.3972,75.7705,130.8538
2026-06-01 08:35:53.476,NEW_DATA,3.4006,75.7361,130.8538
2026-06-01 08:35:53.528,NEW_DATA,3.3985,75.6675,130.8538
2026-06-01 08:35:53.552,NEW_DATA,3.4006,75.5648,130.8538
2026-06-01 08:35:53.582,NEW_DATA,3.4013,75.5306,130.8538
2026-06-01 08:35:53.614,NEW_DATA,3.4013,75.4624,130.8538
2026-06-01 08:35:53.646,NEW_DATA,3.4003,75.3943,130.8538
2026-06-01 08:35:53.677,NEW_DATA,3.3965,75.3263,130.8538
2026-06-01 08:35:53.709,NEW_DATA,3.3958,75.2585,130.8538
2026-06-01 08:35:53.741,NEW_DATA,3.3965,75.157,130.8538
2026-06-01 08:35:53.773,NEW_DATA,3.3972,75.1232,130.8538
2026-06-01 08:35:53.803,NEW_DATA,3.3982,75.0558,130.8538
2026-06-01 08:35:53.834,NEW_DATA,3.3985,74.9885,130.8538
2026-06-01 08:35:53.866,NEW_DATA,3.4017,74.9214,130.8538
2026-06-01 08:35:53.897,NEW_DATA,3.4006,74.8544,130.8538
2026-06-01 08:35:53.928,NEW_DATA,3.3999,74.7876,130.8538
2026-06-01 08:35:53.960,NEW_DATA,3.3985,74.7209,130.8538
2026-06-01 08:35:53.991,NEW_DATA,3.3985,74.6543,130.8538
2026-06-01 08:35:54.028,NEW_DATA,3.3958,74.588,130.8538
2026-06-01 08:35:54.054,NEW_DATA,3.3965,74.5217,130.8538
2026-06-01 08:35:54.085,NEW_DATA,3.3972,74.4227,130.8538
2026-06-01 08:35:54.116,NEW_DATA,3.4013,74.3897,130.8538
2026-06-01 08:35:54.147,NEW_DATA,3.4006,74.3239,130.8538
2026-06-01 08:35:54.179,NEW_DATA,3.4055,74.2256,130.8538
2026-06-01 08:35:54.208,NEW_DATA,3.4031,74.1929,130.8538
2026-06-01 08:35:54.241,NEW_DATA,3.4003,74.095,130.8538
2026-06-01 08:35:54.270,NEW_DATA,3.3985,74.0624,130.8538
2026-06-01 08:35:54.302,NEW_DATA,3.4003,73.9975,130.8538
2026-06-01 08:35:54.333,NEW_DATA,3.3979,73.9327,130.8538
2026-06-01 08:35:54.364,NEW_DATA,3.3972,73.868,130.8538
2026-06-01 08:35:54.397,NEW_DATA,3.3979,73.8035,130.8538
2026-06-01 08:35:54.428,NEW_DATA,3.3985,73.7392,130.8538
2026-06-01 08:35:54.460,NEW_DATA,3.4034,73.6751,130.8538
2026-06-01 08:35:54.492,NEW_DATA,3.402,73.6111,130.8538
2026-06-01 08:35:54.522,NEW_DATA,3.4013,73.5473,130.8538
2026-06-01 08:35:54.557,NEW_DATA,3.4024,73.4837,130.8538
2026-06-01 08:35:54.586,NEW_DATA,3.4017,73.4202,130.8538
2026-06-01 08:35:54.620,NEW_DATA,3.3965,73.3569,130.8538
2026-06-01 08:35:54.650,NEW_DATA,3.3992,73.2938,130.8538
2026-06-01 08:35:54.681,NEW_DATA,3.3972,73.2309,130.8538
2026-06-01 08:35:54.712,NEW_DATA,3.3989,73.1681,130.8538
2026-06-01 08:35:54.743,NEW_DATA,3.4006,73.1055,130.8538
2026-06-01 08:35:54.776,NEW_DATA,3.4034,73.0431,130.8538
2026-06-01 08:35:54.808,NEW_DATA,3.4017,72.9499,130.8538
2026-06-01 08:35:54.838,NEW_DATA,3.4027,72.9189,130.8538
2026-06-01 08:35:54.869,NEW_DATA,3.4013,72.857,130.8538
2026-06-01 08:35:54.900,NEW_DATA,3.4027,72.7954,130.8538
2026-06-01 08:35:54.930,NEW_DATA,3.3985,72.7339,130.8538
2026-06-01 08:35:54.962,NEW_DATA,3.3979,72.6726,130.8538
2026-06-01 08:35:54.994,NEW_DATA,3.4006,72.6115,130.8538
2026-06-01 08:35:55.026,NEW_DATA,3.401,72.5201,130.8538
2026-06-01 08:35:55.056,NEW_DATA,3.4013,72.4898,130.8538
2026-06-01 08:35:55.088,NEW_DATA,3.4041,72.4293,130.8538
2026-06-01 08:35:55.129,NEW_DATA,3.4038,72.3689,130.8538
2026-06-01 08:35:55.152,NEW_DATA,3.4062,72.3088,130.8538
2026-06-01 08:35:55.181,NEW_DATA,3.4027,72.2488,130.8538
2026-06-01 08:35:55.212,NEW_DATA,3.4055,72.189,130.8538
2026-06-01 08:35:55.244,NEW_DATA,3.4013,72.1294,130.8538
2026-06-01 08:35:55.273,NEW_DATA,3.3992,72.07,130.8538
2026-06-01 08:35:55.306,NEW_DATA,3.3996,72.0109,130.8538
2026-06-01 08:35:55.338,NEW_DATA,3.3999,71.9519,130.8538
2026-06-01 08:35:55.370,NEW_DATA,3.4034,71.8931,130.8538
2026-06-01 08:35:55.401,NEW_DATA,3.4041,71.8345,130.8538
2026-06-01 08:35:55.432,NEW_DATA,3.4055,71.7761,130.8538
2026-06-01 08:35:55.463,NEW_DATA,3.4058,71.7179,130.8538
2026-06-01 08:35:55.493,NEW_DATA,3.4041,71.6599,130.8538
2026-06-01 08:35:55.527,NEW_DATA,3.4031,71.6022,130.8538
2026-06-01 08:35:55.558,NEW_DATA,3.4006,71.5446,130.8538
2026-06-01 08:35:55.589,NEW_DATA,3.4017,71.4872,130.8538
2026-06-01 08:35:55.619,NEW_DATA,3.402,71.4301,130.8538
2026-06-01 08:35:55.649,NEW_DATA,3.4024,71.3731,130.8538
2026-06-01 08:35:55.680,NEW_DATA,3.4034,71.3164,130.8538
2026-06-01 08:35:55.712,NEW_DATA,3.4058,71.2316,130.8538
2026-06-01 08:35:55.744,NEW_DATA,3.4048,71.2035,130.8538
2026-06-01 08:35:55.774,NEW_DATA,3.4041,71.1474,130.8538
2026-06-01 08:35:55.806,NEW_DATA,3.4031,71.0636,130.8538
2026-06-01 08:35:55.840,NEW_DATA,3.402,71.0358,130.8538
2026-06-01 08:35:55.871,NEW_DATA,3.401,70.9803,130.8538
2026-06-01 08:35:55.902,NEW_DATA,3.4027,70.8975,130.8538
2026-06-01 08:35:55.932,NEW_DATA,3.4034,70.87,130.8538
2026-06-01 08:35:55.962,NEW_DATA,3.3992,70.8151,130.8538
2026-06-01 08:35:55.994,NEW_DATA,3.4041,70.7605,130.8538
2026-06-01 08:35:56.027,NEW_DATA,3.4048,70.7061,130.8538
2026-06-01 08:35:56.058,NEW_DATA,3.4083,70.6519,130.8538
2026-06-01 08:35:56.090,NEW_DATA,3.4058,70.598,130.8538
2026-06-01 08:35:56.120,NEW_DATA,3.4051,70.5442,130.8538
2026-06-01 08:35:56.155,NEW_DATA,3.4041,70.464,130.8538
2026-06-01 08:35:56.182,NEW_DATA,3.4027,70.4374,130.8538
2026-06-01 08:35:56.213,NEW_DATA,3.4017,70.3843,130.8538
2026-06-01 08:35:56.244,NEW_DATA,3.4031,70.3314,130.8538
2026-06-01 08:35:56.275,NEW_DATA,3.4041,70.2788,130.8538
2026-06-01 08:35:56.307,NEW_DATA,3.4055,70.2264,130.8538
2026-06-01 08:35:56.341,NEW_DATA,3.4044,70.1742,130.8538
2026-06-01 08:35:56.375,NEW_DATA,3.4096,70.1223,130.8538
2026-06-01 08:35:56.403,NEW_DATA,3.4076,70.0705,130.8538
2026-06-01 08:35:56.434,NEW_DATA,3.4031,69.9934,130.8538
2026-06-01 08:35:56.466,NEW_DATA,3.4048,69.9678,130.8538
2026-06-01 08:35:56.497,NEW_DATA,3.4031,69.9167,130.8538
2026-06-01 08:35:56.529,NEW_DATA,3.4044,69.8659,130.8538
2026-06-01 08:35:56.563,NEW_DATA,3.4013,69.7901,130.8538
2026-06-01 08:35:56.593,NEW_DATA,3.4058,69.7399,130.8538
2026-06-01 08:35:56.624,NEW_DATA,3.4055,69.7148,130.8538
2026-06-01 08:35:56.655,NEW_DATA,3.409,69.6649,130.8538
2026-06-01 08:35:56.686,NEW_DATA,3.4055,69.6153,130.8538
2026-06-01 08:35:56.719,NEW_DATA,3.411,69.5659,130.8538
2026-06-01 08:35:56.750,NEW_DATA,3.4069,69.5167,130.8538
2026-06-01 08:35:56.782,NEW_DATA,3.4051,69.4677,130.8538
2026-06-01 08:35:56.812,NEW_DATA,3.4034,69.419,130.8538
2026-06-01 08:35:56.845,NEW_DATA,3.4031,69.3705,130.8538
2026-06-01 08:35:56.875,NEW_DATA,3.4027,69.3223,130.8538
2026-06-01 08:35:56.908,NEW_DATA,3.4041,69.2743,130.8538
2026-06-01 08:35:56.941,NEW_DATA,3.4083,69.2265,130.8538
2026-06-01 08:35:56.971,NEW_DATA,3.4072,69.179,130.8538
2026-06-01 08:35:57.003,NEW_DATA,3.4055,69.1317,130.8538
2026-06-01 08:35:57.042,NEW_DATA,3.4069,69.0847,130.8538
2026-06-01 08:35:57.070,NEW_DATA,3.4069,69.0146,130.8538
2026-06-01 08:35:57.099,NEW_DATA,3.4044,68.9914,130.8538
2026-06-01 08:35:57.132,NEW_DATA,3.4027,68.922,130.8538
2026-06-01 08:35:57.170,NEW_DATA,3.4055,68.899,130.8538
2026-06-01 08:35:57.193,NEW_DATA,3.4013,68.8532,130.8538
2026-06-01 08:35:57.222,NEW_DATA,3.4055,68.7849,130.8538
2026-06-01 08:35:57.251,NEW_DATA,3.4076,68.7623,130.8538
2026-06-01 08:35:57.286,NEW_DATA,3.4058,68.7172,130.8538
2026-06-01 08:35:57.314,NEW_DATA,3.4069,68.6724,130.8538
2026-06-01 08:35:57.345,NEW_DATA,3.4055,68.6278,130.8538
2026-06-01 08:35:57.379,NEW_DATA,3.4055,68.5834,130.8538
2026-06-01 08:35:57.411,NEW_DATA,3.4041,68.5394,130.8538
2026-06-01 08:35:57.444,NEW_DATA,3.4096,68.4955,130.8538
2026-06-01 08:35:57.475,NEW_DATA,3.402,68.4519,130.8538
2026-06-01 08:35:57.510,NEW_DATA,3.4055,68.387,130.8538
2026-06-01 08:35:57.534,NEW_DATA,3.4027,68.3655,130.8538
2026-06-01 08:35:57.564,NEW_DATA,3.409,68.3227,130.8538
2026-06-01 08:35:57.596,NEW_DATA,3.4103,68.2801,130.8538
2026-06-01 08:35:57.628,NEW_DATA,3.4083,68.2378,130.8538
2026-06-01 08:35:57.659,NEW_DATA,3.4058,68.1957,130.8538
2026-06-01 08:35:57.690,NEW_DATA,3.4069,68.1539,130.8538
2026-06-01 08:35:57.726,NEW_DATA,3.4062,68.0917,130.8538
2026-06-01 08:35:57.752,NEW_DATA,3.4055,68.0711,130.8538
2026-06-01 08:35:57.784,NEW_DATA,3.4048,68.0301,130.8538
2026-06-01 08:35:57.815,NEW_DATA,3.4034,67.9893,130.8538
2026-06-01 08:35:57.846,NEW_DATA,3.4048,67.9488,130.8538
2026-06-01 08:35:57.878,NEW_DATA,3.4072,67.8885,130.8538
2026-06-01 08:35:57.910,NEW_DATA,3.4145,67.8685,130.8538
2026-06-01 08:35:57.942,NEW_DATA,3.4069,67.8288,130.8538
2026-06-01 08:35:57.971,NEW_DATA,3.4072,67.7893,130.8538
2026-06-01 08:35:58.000,NEW_DATA,3.4096,67.7501,130.8538
2026-06-01 08:35:58.032,NEW_DATA,3.4069,67.7111,130.8538
2026-06-01 08:35:58.062,NEW_DATA,3.4096,67.6724,130.8538
2026-06-01 08:35:58.093,NEW_DATA,3.4041,67.634,130.8538
2026-06-01 08:35:58.124,NEW_DATA,3.4062,67.5959,130.8538
2026-06-01 08:35:58.157,NEW_DATA,3.4062,67.558,130.8538
2026-06-01 08:35:58.190,NEW_DATA,3.4086,67.5204,130.8538
2026-06-01 08:35:58.222,NEW_DATA,3.4096,67.4644,130.8538
2026-06-01 08:35:58.252,NEW_DATA,3.411,67.4459,130.8538
2026-06-01 08:35:58.284,NEW_DATA,3.4096,67.4091,130.8538
2026-06-01 08:35:58.315,NEW_DATA,3.409,67.3725,130.8538
2026-06-01 08:35:58.346,NEW_DATA,3.409,67.3363,130.8538
2026-06-01 08:35:58.376,NEW_DATA,3.4103,67.3002,130.8538
2026-06-01 08:35:58.408,NEW_DATA,3.4076,67.2645,130.8538
2026-06-01 08:35:58.442,NEW_DATA,3.409,67.2114,130.8538
2026-06-01 08:35:58.479,NEW_DATA,3.4138,67.1938,130.8538
2026-06-01 08:35:58.652,NEW_DATA,3.4166,67.1415,130.8538
2026-06-01 08:35:58.655,NEW_DATA,3.4155,67.0899,130.8538
2026-06-01 08:35:58.694,NEW_DATA,3.4155,67.0558,130.8538
2026-06-01 08:35:58.703,NEW_DATA,3.4169,67.0388,130.8538
2026-06-01 08:35:58.738,NEW_DATA,3.4117,66.9884,130.8538
2026-06-01 08:35:58.770,NEW_DATA,3.4145,66.9551,130.8538
2026-06-01 08:35:58.800,NEW_DATA,3.4083,66.9221,130.8538
2026-06-01 08:35:58.831,NEW_DATA,3.4065,66.9058,130.8538
2026-06-01 08:35:58.862,NEW_DATA,3.4076,66.8732,130.8538
2026-06-01 08:35:58.892,NEW_DATA,3.4103,66.8409,130.8538
2026-06-01 08:35:58.925,NEW_DATA,3.4103,66.8089,130.8538
2026-06-01 08:35:58.955,NEW_DATA,3.4107,66.7771,130.8538
2026-06-01 08:35:58.987,NEW_DATA,3.4142,66.7457,130.8538
2026-06-01 08:35:59.018,NEW_DATA,3.411,66.7145,130.8538
2026-06-01 08:35:59.049,NEW_DATA,3.4093,66.6683,130.8538
2026-06-01 08:35:59.079,NEW_DATA,3.4103,66.653,130.8538
2026-06-01 08:35:59.111,NEW_DATA,3.4103,66.6227,130.8538
2026-06-01 08:35:59.144,NEW_DATA,3.4083,66.5927,137.414
2026-06-01 08:35:59.175,NEW_DATA,3.41,66.5628,137.414
2026-06-01 08:35:59.207,NEW_DATA,3.4117,66.5329,137.414
2026-06-01 08:35:59.238,NEW_DATA,3.4138,66.5029,137.414
2026-06-01 08:35:59.269,NEW_DATA,3.4152,66.473,137.414
2026-06-01 08:35:59.300,NEW_DATA,3.4124,66.443,137.414
2026-06-01 08:35:59.330,NEW_DATA,3.4138,66.413,137.414
2026-06-01 08:35:59.361,NEW_DATA,3.411,66.3831,137.414
2026-06-01 08:35:59.392,NEW_DATA,3.4142,66.3531,137.414
2026-06-01 08:35:59.424,NEW_DATA,3.4117,66.323,137.414
2026-06-01 08:35:59.456,NEW_DATA,3.4103,66.293,137.414
2026-06-01 08:35:59.487,NEW_DATA,3.4093,66.263,137.414
2026-06-01 08:35:59.523,NEW_DATA,3.4124,66.2329,137.414
2026-06-01 08:35:59.550,NEW_DATA,3.4131,66.2029,137.414
2026-06-01 08:35:59.581,NEW_DATA,3.4124,66.1728,137.414
2026-06-01 08:35:59.613,NEW_DATA,3.4138,66.1427,137.414
2026-06-01 08:35:59.643,NEW_DATA,3.4166,66.1126,137.414
2026-06-01 08:35:59.674,NEW_DATA,3.4124,66.0825,137.414
2026-06-01 08:35:59.706,NEW_DATA,3.4138,66.0524,137.414
2026-06-01 08:35:59.738,NEW_DATA,3.4135,66.0223,137.414
2026-06-01 08:35:59.771,NEW_DATA,3.4114,65.9921,137.414
2026-06-01 08:35:59.802,NEW_DATA,3.411,65.962,137.414
2026-06-01 08:35:59.832,NEW_DATA,3.4169,65.9168,137.414
2026-06-01 08:35:59.863,NEW_DATA,3.4155,65.9017,137.414
2026-06-01 08:35:59.895,NEW_DATA,3.4152,65.8715,137.414
2026-06-01 08:35:59.925,NEW_DATA,3.4207,65.8414,137.414
2026-06-01 08:35:59.957,NEW_DATA,3.4155,65.8112,137.414
2026-06-01 08:35:59.989,NEW_DATA,3.4138,65.781,137.414
2026-06-01 08:36:00.021,NEW_DATA,3.4124,65.7508,137.414
2026-06-01 08:36:00.051,NEW_DATA,3.411,65.7207,137.414
2026-06-01 08:36:00.084,NEW_DATA,3.4096,65.6905,137.414
2026-06-01 08:36:00.113,NEW_DATA,3.4121,65.6603,137.414
2026-06-01 08:36:00.146,NEW_DATA,3.4138,65.6301,137.414
2026-06-01 08:36:00.176,NEW_DATA,3.4152,65.5999,137.414
2026-06-01 08:36:00.208,NEW_DATA,3.418,65.5697,137.414
2026-06-01 08:36:00.240,NEW_DATA,3.4166,65.5395,137.414
2026-06-01 08:36:00.270,NEW_DATA,3.4152,65.5093,137.414
2026-06-01 08:36:00.303,NEW_DATA,3.4169,65.4791,137.414
2026-06-01 08:36:00.333,NEW_DATA,3.4145,65.4489,137.414
2026-06-01 08:36:00.364,NEW_DATA,3.4131,65.4186,137.414
2026-06-01 08:36:00.394,NEW_DATA,3.4117,65.3884,137.414
2026-06-01 08:36:00.425,NEW_DATA,3.411,65.3582,137.414
2026-06-01 08:36:00.456,NEW_DATA,3.4145,65.328,137.414
2026-06-01 08:36:00.488,NEW_DATA,3.418,65.2978,137.414
2026-06-01 08:36:00.524,NEW_DATA,3.4169,65.2676,137.414
2026-06-01 08:36:00.547,NEW_DATA,3.418,65.2374,137.414
2026-06-01 08:36:00.581,NEW_DATA,3.4197,65.2072,137.414
2026-06-01 08:36:00.609,NEW_DATA,3.4166,65.177,137.414
2026-06-01 08:36:00.641,NEW_DATA,3.4162,65.1468,137.414
2026-06-01 08:36:00.673,NEW_DATA,3.418,65.1166,137.414
2026-06-01 08:36:00.702,NEW_DATA,3.4138,65.0864,137.414
2026-06-01 08:36:00.735,NEW_DATA,3.4166,65.0563,137.414
2026-06-01 08:36:00.768,NEW_DATA,3.4166,65.0261,137.414
2026-06-01 08:36:00.796,NEW_DATA,3.4187,64.9959,137.414
2026-06-01 08:36:00.828,NEW_DATA,3.4183,64.9657,137.414
2026-06-01 08:36:00.858,NEW_DATA,3.4214,64.9356,137.414
2026-06-01 08:36:00.890,NEW_DATA,3.4197,64.9054,137.414
2026-06-01 08:36:00.922,NEW_DATA,3.4166,64.8602,137.414
2026-06-01 08:36:00.952,NEW_DATA,3.4173,64.8451,137.414
2026-06-01 08:36:00.985,NEW_DATA,3.4131,64.815,137.414
2026-06-01 08:36:01.016,NEW_DATA,3.4124,64.7848,137.414
2026-06-01 08:36:01.045,NEW_DATA,3.4159,64.7547,137.414
2026-06-01 08:36:01.078,NEW_DATA,3.4187,64.7246,137.414
2026-06-01 08:36:01.108,NEW_DATA,3.4221,64.6945,137.414
2026-06-01 08:36:01.138,NEW_DATA,3.4249,64.6644,137.414
2026-06-01 08:36:01.170,NEW_DATA,3.4197,64.6343,137.414
2026-06-01 08:36:01.201,NEW_DATA,3.4207,64.6042,137.414
2026-06-01 08:36:01.234,NEW_DATA,3.4169,64.5742,137.414
2026-06-01 08:36:01.262,NEW_DATA,3.42,64.5441,137.414
2026-06-01 08:36:01.295,NEW_DATA,3.418,64.5141,137.414
2026-06-01 08:36:01.327,NEW_DATA,3.4204,64.484,137.414
2026-06-01 08:36:01.356,NEW_DATA,3.4166,64.454,137.414
2026-06-01 08:36:01.390,NEW_DATA,3.4169,64.424,137.414
2026-06-01 08:36:01.420,NEW_DATA,3.4235,64.394,137.414
2026-06-01 08:36:01.449,NEW_DATA,3.4228,64.364,137.414
2026-06-01 08:36:01.481,NEW_DATA,3.4221,64.3341,137.414
2026-06-01 08:36:01.511,NEW_DATA,3.42,64.3041,137.414
2026-06-01 08:36:01.543,NEW_DATA,3.4211,64.2592,137.414
2026-06-01 08:36:01.575,NEW_DATA,3.4207,64.2442,137.414
2026-06-01 08:36:01.604,NEW_DATA,3.4169,64.2143,137.414
2026-06-01 08:36:01.635,NEW_DATA,3.4207,64.1844,137.414
2026-06-01 08:36:01.668,NEW_DATA,3.419,64.1545,137.414
2026-06-01 08:36:01.699,NEW_DATA,3.4194,64.1246,137.414
2026-06-01 08:36:01.729,NEW_DATA,3.4235,64.0948,137.414
2026-06-01 08:36:01.761,NEW_DATA,3.4235,64.0649,137.414
2026-06-01 08:36:01.793,NEW_DATA,3.4235,64.0202,137.414
2026-06-01 08:36:01.823,NEW_DATA,3.4242,64.0053,137.414
2026-06-01 08:36:01.854,NEW_DATA,3.4239,63.9755,137.414
2026-06-01 08:36:01.887,NEW_DATA,3.4214,63.9309,137.414
2026-06-01 08:36:01.919,NEW_DATA,3.4197,63.916,137.414
2026-06-01 08:36:01.950,NEW_DATA,3.4194,63.8862,137.414
2026-06-01 08:36:01.980,NEW_DATA,3.4214,63.8565,137.414
2026-06-01 08:36:02.011,NEW_DATA,3.4266,63.8268,137.414
2026-06-01 08:36:02.042,NEW_DATA,3.4277,63.7971,137.414
2026-06-01 08:36:02.074,NEW_DATA,3.4253,63.7675,137.414
2026-06-01 08:36:02.106,NEW_DATA,3.4263,63.7378,137.414
2026-06-01 08:36:02.139,NEW_DATA,3.4284,63.7082,137.414
2026-06-01 08:36:02.169,NEW_DATA,3.4256,63.6786,137.414
2026-06-01 08:36:02.202,NEW_DATA,3.4228,63.649,137.414
2026-06-01 08:36:02.233,NEW_DATA,3.4235,63.6194,137.414
2026-06-01 08:36:02.264,NEW_DATA,3.4211,63.5899,137.414
2026-06-01 08:36:02.294,NEW_DATA,3.4218,63.5604,137.414
2026-06-01 08:36:02.325,NEW_DATA,3.4249,63.5309,137.414
2026-06-01 08:36:02.358,NEW_DATA,3.4249,63.5014,137.414
2026-06-01 08:36:02.389,NEW_DATA,3.4249,63.472,137.414
2026-06-01 08:36:02.421,NEW_DATA,3.4277,63.4425,137.414
2026-06-01 08:36:02.451,NEW_DATA,3.4253,63.4131,137.414
2026-06-01 08:36:02.490,NEW_DATA,3.4263,63.3837,137.414
2026-06-01 08:36:02.515,NEW_DATA,3.4228,63.3544,137.414
2026-06-01 08:36:02.544,NEW_DATA,3.4211,63.325,137.414
2026-06-01 08:36:02.577,NEW_DATA,3.4194,63.2957,137.414
2026-06-01 08:36:02.608,NEW_DATA,3.4239,63.2664,137.414
2026-06-01 08:36:02.641,NEW_DATA,3.42,63.2372,137.414
2026-06-01 08:36:02.671,NEW_DATA,3.4263,63.2079,137.414
2026-06-01 08:36:02.703,NEW_DATA,3.4277,63.1787,137.414
2026-06-01 08:36:02.735,NEW_DATA,3.4263,63.1495,137.414
2026-06-01 08:36:02.767,NEW_DATA,3.4249,63.1204,137.414
2026-06-01 08:36:02.797,NEW_DATA,3.4239,63.0912,137.414
2026-06-01 08:36:02.828,NEW_DATA,3.4221,63.0621,137.414
2026-06-01 08:36:02.859,NEW_DATA,3.4232,63.0331,137.414
2026-06-01 08:36:02.890,NEW_DATA,3.4221,63.004,137.414
2026-06-01 08:36:02.922,NEW_DATA,3.4263,62.975,137.414
2026-06-01 08:36:02.954,NEW_DATA,3.4235,62.946,137.414
2026-06-01 08:36:02.985,NEW_DATA,3.4256,62.917,137.414
2026-06-01 08:36:03.016,NEW_DATA,3.4259,62.8736,137.414
2026-06-01 08:36:03.049,NEW_DATA,3.4249,62.8592,137.414
2026-06-01 08:36:03.078,NEW_DATA,3.427,62.8303,137.414
2026-06-01 08:36:03.109,NEW_DATA,3.4246,62.8014,137.414
2026-06-01 08:36:03.143,NEW_DATA,3.4266,62.7582,137.414
2026-06-01 08:36:03.172,NEW_DATA,3.4207,62.7438,137.414
2026-06-01 08:36:03.205,NEW_DATA,3.4214,62.715,137.414
2026-06-01 08:36:03.236,NEW_DATA,3.4228,62.6863,137.414
2026-06-01 08:36:03.268,NEW_DATA,3.4221,62.6576,137.414
2026-06-01 08:36:03.298,NEW_DATA,3.4239,62.6289,137.414
2026-06-01 08:36:03.331,NEW_DATA,3.4239,62.6003,137.414
2026-06-01 08:36:03.361,NEW_DATA,3.427,62.5717,137.414
2026-06-01 08:36:03.392,NEW_DATA,3.427,62.5431,137.414
2026-06-01 08:36:03.425,NEW_DATA,3.4232,62.5146,137.414
2026-06-01 08:36:03.456,NEW_DATA,3.4242,62.486,137.414
2026-06-01 08:36:03.487,NEW_DATA,3.4225,62.4576,137.414
2026-06-01 08:36:03.520,NEW_DATA,3.4235,62.4291,137.414
2026-06-01 08:36:03.551,NEW_DATA,3.4221,62.4007,137.414
2026-06-01 08:36:03.580,NEW_DATA,3.4246,62.3723,137.414
2026-06-01 08:36:03.611,NEW_DATA,3.4294,62.344,137.414
2026-06-01 08:36:03.643,NEW_DATA,3.4235,62.3157,137.414
2026-06-01 08:36:03.674,NEW_DATA,3.4239,62.2874,137.414
2026-06-01 08:36:03.705,NEW_DATA,3.4221,62.2591,137.414
2026-06-01 08:36:03.737,NEW_DATA,3.4249,62.2309,137.414
2026-06-01 08:36:03.767,NEW_DATA,3.4221,62.2027,137.414
2026-06-01 08:36:03.798,NEW_DATA,3.4232,62.1746,137.414
2026-06-01 08:36:03.829,NEW_DATA,3.4207,62.1465,137.414
2026-06-01 08:36:03.861,NEW_DATA,3.4242,62.1184,137.414
2026-06-01 08:36:03.893,NEW_DATA,3.4249,62.0904,137.414
2026-06-01 08:36:03.924,NEW_DATA,3.4263,62.0624,137.414
2026-06-01 08:36:03.958,NEW_DATA,3.4242,62.0344,137.414
2026-06-01 08:36:03.988,NEW_DATA,3.4253,62.0065,137.414
2026-06-01 08:36:04.022,NEW_DATA,3.4221,61.9647,137.414
2026-06-01 08:36:04.060,NEW_DATA,3.4228,61.9508,137.414
2026-06-01 08:36:04.082,NEW_DATA,3.4235,61.923,137.414
2026-06-01 08:36:04.115,NEW_DATA,3.4225,61.8952,137.414
2026-06-01 08:36:04.145,NEW_DATA,3.4225,61.8675,137.414
2026-06-01 08:36:04.176,NEW_DATA,3.4225,61.8398,137.414
2026-06-01 08:36:04.207,NEW_DATA,3.4242,61.8121,137.414
2026-06-01 08:36:04.241,NEW_DATA,3.4228,61.7845,137.414
2026-06-01 08:36:04.272,NEW_DATA,3.427,61.7569,137.414
2026-06-01 08:36:04.304,NEW_DATA,3.4294,61.7294,137.414
2026-06-01 08:36:04.333,NEW_DATA,3.4249,61.7019,137.414
2026-06-01 08:36:04.364,NEW_DATA,3.4263,61.6744,137.414
2026-06-01 08:36:04.398,NEW_DATA,3.4221,61.647,137.414
2026-06-01 08:36:04.428,NEW_DATA,3.4235,61.6196,137.414
2026-06-01 08:36:04.459,NEW_DATA,3.4214,61.5923,137.414
2026-06-01 08:36:04.489,NEW_DATA,3.4211,61.565,137.414
2026-06-01 08:36:04.521,NEW_DATA,3.4249,61.5241,137.414
2026-06-01 08:36:04.553,NEW_DATA,3.4256,61.5105,137.414
2026-06-01 08:36:04.585,NEW_DATA,3.4284,61.4833,137.414
2026-06-01 08:36:04.617,NEW_DATA,3.4239,61.4562,137.414
2026-06-01 08:36:04.648,NEW_DATA,3.4263,61.4291,137.414
2026-06-01 08:36:04.681,NEW_DATA,3.4225,61.402,137.414
2026-06-01 08:36:04.712,NEW_DATA,3.4225,61.375,137.414
2026-06-01 08:36:04.743,NEW_DATA,3.4228,61.3481,137.414
2026-06-01 08:36:04.774,NEW_DATA,3.4204,61.3211,137.414
2026-06-01 08:36:04.806,NEW_DATA,3.4207,61.2943,137.414
2026-06-01 08:36:04.836,NEW_DATA,3.4239,61.2674,137.414
2026-06-01 08:36:04.869,NEW_DATA,3.4249,61.2406,137.414
2026-06-01 08:36:04.900,NEW_DATA,3.428,61.2139,137.414
2026-06-01 08:36:04.931,NEW_DATA,3.4277,61.1872,137.414
2026-06-01 08:36:04.962,NEW_DATA,3.4256,61.1605,137.414
2026-06-01 08:36:04.994,NEW_DATA,3.4242,61.1339,137.414
2026-06-01 08:36:05.026,NEW_DATA,3.4263,61.1073,137.414
2026-06-01 08:36:05.058,NEW_DATA,3.4249,61.0808,137.414
2026-06-01 08:36:05.089,NEW_DATA,3.4218,61.0543,137.414
2026-06-01 08:36:05.121,NEW_DATA,3.4211,61.0279,137.414
2026-06-01 08:36:05.152,NEW_DATA,3.4221,61.0015,137.414
2026-06-01 08:36:05.183,NEW_DATA,3.4239,60.9752,137.414
2026-06-01 08:36:05.216,NEW_DATA,3.4228,60.9489,137.414
2026-06-01 08:36:05.246,NEW_DATA,3.4253,60.9226,137.414
2026-06-01 08:36:05.276,NEW_DATA,3.4256,60.8964,137.414
2026-06-01 08:36:05.310,NEW_DATA,3.4277,60.8702,137.414
2026-06-01 08:36:05.341,NEW_DATA,3.4242,60.8441,137.414
2026-06-01 08:36:05.373,NEW_DATA,3.4235,60.8181,137.414
2026-06-01 08:36:05.403,NEW_DATA,3.4218,60.792,137.414
2026-06-01 08:36:05.437,NEW_DATA,3.4221,60.7531,137.414
2026-06-01 08:36:05.466,NEW_DATA,3.4225,60.7272,137.414
2026-06-01 08:36:05.498,NEW_DATA,3.4256,60.7143,137.414
2026-06-01 08:36:05.534,NEW_DATA,3.4256,60.6885,137.414
2026-06-01 08:36:05.559,NEW_DATA,3.4249,60.6498,137.414
2026-06-01 08:36:05.588,NEW_DATA,3.4249,60.6369,137.414
2026-06-01 08:36:05.621,NEW_DATA,3.4239,60.5984,137.414
2026-06-01 08:36:05.650,NEW_DATA,3.4249,60.5856,137.414
2026-06-01 08:36:05.683,NEW_DATA,3.4207,60.5601,137.414
2026-06-01 08:36:05.714,NEW_DATA,3.4211,60.5345,137.414
2026-06-01 08:36:05.744,NEW_DATA,3.4256,60.509,137.414
2026-06-01 08:36:05.775,NEW_DATA,3.4249,60.4836,137.414
2026-06-01 08:36:05.808,NEW_DATA,3.4256,60.4455,137.414
2026-06-01 08:36:05.839,NEW_DATA,3.4239,60.4329,137.414
2026-06-01 08:36:05.869,NEW_DATA,3.4249,60.4076,137.414
2026-06-01 08:36:05.901,NEW_DATA,3.4242,60.3824,137.414
2026-06-01 08:36:05.932,NEW_DATA,3.4242,60.3572,137.414
2026-06-01 08:36:05.963,NEW_DATA,3.4235,60.3321,137.414
2026-06-01 08:36:05.994,NEW_DATA,3.4218,60.307,137.414
2026-06-01 08:36:06.025,NEW_DATA,3.4214,60.282,137.414
2026-06-01 08:36:06.057,NEW_DATA,3.4214,60.257,137.414
2026-06-01 08:36:06.089,NEW_DATA,3.4228,60.2321,137.414
2026-06-01 08:36:06.124,NEW_DATA,3.4249,60.1948,137.414
2026-06-01 08:36:06.153,NEW_DATA,3.4242,60.1824,137.414
2026-06-01 08:36:06.184,NEW_DATA,3.4256,60.1576,137.414
2026-06-01 08:36:06.215,NEW_DATA,3.4249,60.1329,137.414
2026-06-01 08:36:06.247,NEW_DATA,3.4235,60.1082,137.414
2026-06-01 08:36:06.277,NEW_DATA,3.4211,60.0836,137.414
2026-06-01 08:36:06.308,NEW_DATA,3.4214,60.0591,137.414
2026-06-01 08:36:06.340,NEW_DATA,3.42,60.0223,137.414
2026-06-01 08:36:06.372,NEW_DATA,3.4228,60.0101,137.414
2026-06-01 08:36:06.402,NEW_DATA,3.4218,59.9857,137.414
2026-06-01 08:36:06.434,NEW_DATA,3.4263,59.9614,137.414
2026-06-01 08:36:06.465,NEW_DATA,3.4239,59.925,137.414
2026-06-01 08:36:06.496,NEW_DATA,3.4253,59.9129,137.414
2026-06-01 08:36:06.525,NEW_DATA,3.4228,59.8887,137.414
2026-06-01 08:36:06.556,NEW_DATA,3.4263,59.8646,137.414
2026-06-01 08:36:06.588,NEW_DATA,3.4228,59.8405,137.414
2026-06-01 08:36:06.621,NEW_DATA,3.4214,59.8165,137.414
2026-06-01 08:36:06.652,NEW_DATA,3.4197,59.7925,137.414
2026-06-01 08:36:06.682,NEW_DATA,3.4235,59.7686,137.414
2026-06-01 08:36:06.715,NEW_DATA,3.4263,59.7448,137.414
2026-06-01 08:36:06.746,NEW_DATA,3.4235,59.721,137.414
2026-06-01 08:36:06.776,NEW_DATA,3.427,59.6973,137.414
2026-06-01 08:36:06.809,NEW_DATA,3.4256,59.6736,137.414
2026-06-01 08:36:06.841,NEW_DATA,3.4246,59.65,137.414
2026-06-01 08:36:06.872,NEW_DATA,3.4246,59.6147,137.414
2026-06-01 08:36:06.904,NEW_DATA,3.4249,59.6029,137.414
2026-06-01 08:36:06.934,NEW_DATA,3.4239,59.5795,137.414
2026-06-01 08:36:06.964,NEW_DATA,3.4211,59.5561,137.414
2026-06-01 08:36:06.997,NEW_DATA,3.4235,59.5327,137.414
2026-06-01 08:36:07.026,NEW_DATA,3.4235,59.5095,137.414
2026-06-01 08:36:07.058,NEW_DATA,3.4242,59.4862,137.414
2026-06-01 08:36:07.089,NEW_DATA,3.4235,59.4631,137.414
2026-06-01 08:36:07.120,NEW_DATA,3.4249,59.44,137.414
2026-06-01 08:36:07.152,NEW_DATA,3.4305,59.4169,137.414
2026-06-01 08:36:07.184,NEW_DATA,3.4249,59.394,137.414
2026-06-01 08:36:07.214,NEW_DATA,3.4221,59.371,137.414
2026-06-01 08:36:07.245,NEW_DATA,3.4211,59.3482,137.414
2026-06-01 08:36:07.275,NEW_DATA,3.4197,59.3253,137.414
2026-06-01 08:36:07.307,NEW_DATA,3.4207,59.3026,137.414
2026-06-01 08:36:07.338,NEW_DATA,3.4239,59.2799,137.414
2026-06-01 08:36:07.370,NEW_DATA,3.4253,59.2573,137.414
2026-06-01 08:36:07.401,NEW_DATA,3.4259,59.2347,137.414
2026-06-01 08:36:07.431,NEW_DATA,3.4249,59.2122,137.414
2026-06-01 08:36:07.463,NEW_DATA,3.4277,59.1897,137.414
2026-06-01 08:36:07.494,NEW_DATA,3.4256,59.1673,137.414
2026-06-01 08:36:07.525,NEW_DATA,3.4225,59.145,137.414
2026-06-01 08:36:07.557,NEW_DATA,3.4211,59.1227,137.414
2026-06-01 08:36:07.589,NEW_DATA,3.4235,59.1005,137.414
2026-06-01 08:36:07.619,NEW_DATA,3.4207,59.0784,137.414
2026-06-01 08:36:07.653,NEW_DATA,3.4221,59.0453,137.414
2026-06-01 08:36:07.682,NEW_DATA,3.427,59.0343,137.414
2026-06-01 08:36:07.713,NEW_DATA,3.4249,59.0013,137.414
2026-06-01 08:36:07.745,NEW_DATA,3.4266,58.9904,137.414
2026-06-01 08:36:07.776,NEW_DATA,3.4263,58.9686,137.414
2026-06-01 08:36:07.806,NEW_DATA,3.4263,58.9468,137.414
2026-06-01 08:36:07.838,NEW_DATA,3.4207,58.9251,137.414
2026-06-01 08:36:07.869,NEW_DATA,3.4249,58.9034,137.414
2026-06-01 08:36:07.902,NEW_DATA,3.4228,58.8818,137.414
2026-06-01 08:36:07.931,NEW_DATA,3.42,58.8603,137.414
2026-06-01 08:36:07.962,NEW_DATA,3.4214,58.8388,137.414
2026-06-01 08:36:07.992,NEW_DATA,3.4239,58.8174,137.414
2026-06-01 08:36:08.023,NEW_DATA,3.4242,58.7961,137.414
2026-06-01 08:36:08.055,NEW_DATA,3.4263,58.7748,137.414
2026-06-01 08:36:08.087,NEW_DATA,3.4242,58.7536,137.414
2026-06-01 08:36:08.118,NEW_DATA,3.4249,58.7324,137.414
2026-06-01 08:36:08.148,NEW_DATA,3.4221,58.7113,137.414
2026-06-01 08:36:08.181,NEW_DATA,3.4249,58.6903,137.414
2026-06-01 08:36:08.214,NEW_DATA,3.4204,58.6693,137.414
2026-06-01 08:36:08.245,NEW_DATA,3.4211,58.6485,137.414
2026-06-01 08:36:08.276,NEW_DATA,3.4214,58.6276,137.414
2026-06-01 08:36:08.305,NEW_DATA,3.4249,58.6069,137.414
2026-06-01 08:36:08.338,NEW_DATA,3.4221,58.5862,137.414
2026-06-01 08:36:08.367,NEW_DATA,3.427,58.5655,137.414
2026-06-01 08:36:08.401,NEW_DATA,3.4266,58.5449,137.414
2026-06-01 08:36:08.432,NEW_DATA,3.4228,58.5244,137.414
2026-06-01 08:36:08.462,NEW_DATA,3.4228,58.504,137.414
2026-06-01 08:36:08.491,NEW_DATA,3.4218,58.4836,137.414
2026-06-01 08:36:08.523,NEW_DATA,3.4228,58.4633,137.414
2026-06-01 08:36:08.555,NEW_DATA,3.4221,58.4431,137.414
2026-06-01 08:36:08.585,NEW_DATA,3.4214,58.4229,137.414
2026-06-01 08:36:08.617,NEW_DATA,3.4249,58.4028,137.414
2026-06-01 08:36:08.647,NEW_DATA,3.4291,58.3827,137.414
2026-06-01 08:36:08.680,NEW_DATA,3.4249,58.3528,137.414
2026-06-01 08:36:08.710,NEW_DATA,3.4249,58.3429,137.414
2026-06-01 08:36:08.741,NEW_DATA,3.4228,58.3131,137.414
2026-06-01 08:36:08.772,NEW_DATA,3.4263,58.3032,137.414
2026-06-01 08:36:08.804,NEW_DATA,3.4228,58.2835,137.414
2026-06-01 08:36:08.835,NEW_DATA,3.4204,58.2639,137.414
2026-06-01 08:36:08.865,NEW_DATA,3.427,58.2443,137.414
2026-06-01 08:36:08.903,NEW_DATA,3.4221,58.2248,137.414
2026-06-01 08:36:08.926,NEW_DATA,3.4239,58.2054,137.414
2026-06-01 08:36:08.958,NEW_DATA,3.4256,58.186,137.414
2026-06-01 08:36:08.989,NEW_DATA,3.4263,58.1667,137.414
2026-06-01 08:36:09.021,NEW_DATA,3.4259,58.1474,137.414
2026-06-01 08:36:09.052,NEW_DATA,3.4228,58.1187,137.414
2026-06-01 08:36:09.085,NEW_DATA,3.4228,58.1092,137.414
2026-06-01 08:36:09.116,NEW_DATA,3.4207,58.0902,137.414
2026-06-01 08:36:09.147,NEW_DATA,3.4211,58.0712,137.414
2026-06-01 08:36:09.180,NEW_DATA,3.4207,58.0523,137.414
2026-06-01 08:36:09.210,NEW_DATA,3.4228,58.0335,137.414
2026-06-01 08:36:09.240,NEW_DATA,3.4235,58.0147,137.414
2026-06-01 08:36:09.273,NEW_DATA,3.4256,57.996,137.414
2026-06-01 08:36:09.304,NEW_DATA,3.427,57.9774,137.414
2026-06-01 08:36:09.337,NEW_DATA,3.4263,57.9589,137.414
2026-06-01 08:36:09.368,NEW_DATA,3.4253,57.9404,137.414
2026-06-01 08:36:09.399,NEW_DATA,3.4221,57.922,137.414
2026-06-01 08:36:09.430,NEW_DATA,3.4225,57.9037,137.414
2026-06-01 08:36:09.461,NEW_DATA,3.42,57.8854,137.414
2026-06-01 08:36:09.492,NEW_DATA,3.4249,57.8672,137.414
2026-06-01 08:36:09.522,NEW_DATA,3.427,57.8491,137.414
2026-06-01 08:36:09.553,NEW_DATA,3.4239,57.8311,137.414
2026-06-01 08:36:09.583,NEW_DATA,3.4263,57.8131,137.414
2026-06-01 08:36:09.614,NEW_DATA,3.4263,57.7952,137.414
2026-06-01 08:36:09.647,NEW_DATA,3.4253,57.7773,137.414
2026-06-01 08:36:09.676,NEW_DATA,3.4277,57.7596,137.414
2026-06-01 08:36:09.708,NEW_DATA,3.4221,57.7419,137.414
2026-06-01 08:36:09.744,NEW_DATA,3.4204,57.7155,137.414
2026-06-01 08:36:09.771,NEW_DATA,3.4239,57.7067,137.414
2026-06-01 08:36:09.801,NEW_DATA,3.4221,57.6892,137.414
2026-06-01 08:36:09.831,NEW_DATA,3.4228,57.6718,137.414
2026-06-01 08:36:09.863,NEW_DATA,3.4277,57.6545,137.414
2026-06-01 08:36:09.895,NEW_DATA,3.4211,57.6372,137.414
2026-06-01 08:36:09.926,NEW_DATA,3.4263,57.6201,137.414
2026-06-01 08:36:09.959,NEW_DATA,3.4253,57.6029,137.414
2026-06-01 08:36:09.989,NEW_DATA,3.4194,57.5859,137.414
2026-06-01 08:36:10.020,NEW_DATA,3.4249,57.5689,137.414
2026-06-01 08:36:10.052,NEW_DATA,3.4207,57.5436,137.414
2026-06-01 08:36:10.085,NEW_DATA,3.4235,57.5352,137.414
2026-06-01 08:36:10.113,NEW_DATA,3.4183,57.5185,137.414
2026-06-01 08:36:10.144,NEW_DATA,3.4256,57.5018,137.414
2026-06-01 08:36:10.176,NEW_DATA,3.4249,57.4852,137.414
2026-06-01 08:36:10.209,NEW_DATA,3.4263,57.4687,137.414
2026-06-01 08:36:10.239,NEW_DATA,3.4277,57.4522,137.414
2026-06-01 08:36:10.271,NEW_DATA,3.4246,57.4359,137.414
2026-06-01 08:36:10.302,NEW_DATA,3.4235,57.4196,137.414
2026-06-01 08:36:10.333,NEW_DATA,3.4183,57.4033,137.414
2026-06-01 08:36:10.366,NEW_DATA,3.4221,57.3872,137.414
2026-06-01 08:36:10.397,NEW_DATA,3.4214,57.3711,137.414
2026-06-01 08:36:10.429,NEW_DATA,3.4259,57.3551,137.414
2026-06-01 08:36:10.463,NEW_DATA,3.4263,57.3313,137.414
2026-06-01 08:36:10.491,NEW_DATA,3.4249,57.3155,137.414
2026-06-01 08:36:10.522,NEW_DATA,3.4242,57.3076,137.414
2026-06-01 08:36:10.552,NEW_DATA,3.4263,57.2919,137.414
2026-06-01 08:36:10.585,NEW_DATA,3.4291,57.2763,137.414
2026-06-01 08:36:10.617,NEW_DATA,3.4235,57.2607,137.414
2026-06-01 08:36:10.646,NEW_DATA,3.4221,57.2453,137.414
2026-06-01 08:36:10.678,NEW_DATA,3.4228,57.2299,137.414
2026-06-01 08:36:10.709,NEW_DATA,3.4207,57.2146,137.414
2026-06-01 08:36:10.740,NEW_DATA,3.4235,57.1993,137.414
2026-06-01 08:36:10.772,NEW_DATA,3.4249,57.1766,137.414
2026-06-01 08:36:10.803,NEW_DATA,3.428,57.1691,137.414
2026-06-01 08:36:10.835,NEW_DATA,3.4256,57.1541,137.414
2026-06-01 08:36:10.866,NEW_DATA,3.4249,57.1391,137.414
2026-06-01 08:36:10.897,NEW_DATA,3.4239,57.1243,137.414
2026-06-01 08:36:10.927,NEW_DATA,3.4235,57.1095,137.414
2026-06-01 08:36:10.960,NEW_DATA,3.4235,57.0948,137.414
2026-06-01 08:36:10.989,NEW_DATA,3.4211,57.0802,137.414
2026-06-01 08:36:11.023,NEW_DATA,3.4207,57.0657,137.414
2026-06-01 08:36:11.055,NEW_DATA,3.4239,57.044,137.414
2026-06-01 08:36:11.087,NEW_DATA,3.4211,57.0297,137.414
2026-06-01 08:36:11.119,NEW_DATA,3.4256,57.0225,137.414
2026-06-01 08:36:11.150,NEW_DATA,3.4253,57.0083,137.414
2026-06-01 08:36:11.180,NEW_DATA,3.427,56.9942,137.414
2026-06-01 08:36:11.211,NEW_DATA,3.4256,56.9801,137.414
2026-06-01 08:36:11.246,NEW_DATA,3.4211,56.9661,137.414
2026-06-01 08:36:11.275,NEW_DATA,3.4239,56.9522,137.414
2026-06-01 08:36:11.305,NEW_DATA,3.4183,56.9384,137.414
2026-06-01 08:36:11.338,NEW_DATA,3.4194,56.9246,137.414
2026-06-01 08:36:11.371,NEW_DATA,3.4242,56.911,137.414
2026-06-01 08:36:11.400,NEW_DATA,3.4225,56.8974,137.414
2026-06-01 08:36:11.432,NEW_DATA,3.4253,56.8771,137.414
2026-06-01 08:36:11.463,NEW_DATA,3.4235,56.8704,137.414
2026-06-01 08:36:11.496,NEW_DATA,3.4266,56.8571,137.414
2026-06-01 08:36:11.527,NEW_DATA,3.4256,56.8438,137.414
2026-06-01 08:36:11.557,NEW_DATA,3.4235,56.8307,137.414
2026-06-01 08:36:11.588,NEW_DATA,3.4221,56.8176,137.414
2026-06-01 08:36:11.620,NEW_DATA,3.4221,56.8045,137.414
2026-06-01 08:36:11.651,NEW_DATA,3.4214,56.7916,137.414
2026-06-01 08:36:11.683,NEW_DATA,3.4235,56.7787,137.414
2026-06-01 08:36:11.715,NEW_DATA,3.4221,56.766,137.414
2026-06-01 08:36:11.746,NEW_DATA,3.4249,56.747,137.414
2026-06-01 08:36:11.776,NEW_DATA,3.4239,56.7344,137.414
2026-06-01 08:36:11.806,NEW_DATA,3.4263,56.7281,137.414
2026-06-01 08:36:11.838,NEW_DATA,3.4228,56.7157,137.414
2026-06-01 08:36:11.870,NEW_DATA,3.4235,56.7033,137.414
2026-06-01 08:36:11.903,NEW_DATA,3.4235,56.691,137.414
2026-06-01 08:36:11.933,NEW_DATA,3.4235,56.6788,137.414
2026-06-01 08:36:11.964,NEW_DATA,3.419,56.6667,137.414
2026-06-01 08:36:11.996,NEW_DATA,3.4235,56.6547,137.414
2026-06-01 08:36:12.027,NEW_DATA,3.427,56.6368,137.414
2026-06-01 08:36:12.059,NEW_DATA,3.4225,56.6309,137.414
2026-06-01 08:36:12.089,NEW_DATA,3.427,56.6191,137.414
2026-06-01 08:36:12.121,NEW_DATA,3.4221,56.6074,137.414
2026-06-01 08:36:12.152,NEW_DATA,3.4228,56.5958,137.414
2026-06-01 08:36:12.184,NEW_DATA,3.4235,56.5843,137.414
2026-06-01 08:36:12.217,NEW_DATA,3.4221,56.5728,137.414
2026-06-01 08:36:12.246,NEW_DATA,3.4207,56.5615,137.414
2026-06-01 08:36:12.278,NEW_DATA,3.4207,56.5502,137.414
2026-06-01 08:36:12.310,NEW_DATA,3.4207,56.539,137.414
2026-06-01 08:36:12.341,NEW_DATA,3.4214,56.5224,137.414
2026-06-01 08:36:12.375,NEW_DATA,3.427,56.5169,137.414
2026-06-01 08:36:12.407,NEW_DATA,3.4249,56.5059,137.414
2026-06-01 08:36:12.437,NEW_DATA,3.4242,56.4951,137.414
2026-06-01 08:36:12.469,NEW_DATA,3.4235,56.4843,137.414
2026-06-01 08:36:12.501,NEW_DATA,3.4235,56.4736,137.414
2026-06-01 08:36:12.531,NEW_DATA,3.4214,56.463,137.414
2026-06-01 08:36:12.562,NEW_DATA,3.4228,56.4525,137.414
2026-06-01 08:36:12.595,NEW_DATA,3.4235,56.4421,137.414
2026-06-01 08:36:12.626,NEW_DATA,3.4228,56.4318,137.414
2026-06-01 08:36:12.656,NEW_DATA,3.4225,56.4215,137.414
2026-06-01 08:36:12.687,NEW_DATA,3.4221,56.4114,137.414
2026-06-01 08:36:12.718,NEW_DATA,3.4235,56.4013,137.414
2026-06-01 08:36:12.751,NEW_DATA,3.4242,56.3913,137.414
2026-06-01 08:36:12.783,NEW_DATA,3.4235,56.3814,137.414
2026-06-01 08:36:12.814,NEW_DATA,3.4256,56.3716,137.414
2026-06-01 08:36:12.845,NEW_DATA,3.4207,56.3619,137.414
2026-06-01 08:36:12.877,NEW_DATA,3.4207,56.3523,137.414
2026-06-01 08:36:12.907,NEW_DATA,3.4214,56.3427,137.414
2026-06-01 08:36:12.940,NEW_DATA,3.4204,56.3286,137.414
2026-06-01 08:36:12.971,NEW_DATA,3.4228,56.3239,137.414
2026-06-01 08:36:13.003,NEW_DATA,3.4235,56.3146,137.414
2026-06-01 08:36:13.034,NEW_DATA,3.4263,56.3054,137.414
2026-06-01 08:36:13.066,NEW_DATA,3.4228,56.2963,137.414
2026-06-01 08:36:13.094,NEW_DATA,3.4235,56.2873,137.414
2026-06-01 08:36:13.127,NEW_DATA,3.4221,56.274,137.414
2026-06-01 08:36:13.156,NEW_DATA,3.4204,56.2696,137.414
2026-06-01 08:36:13.187,NEW_DATA,3.42,56.2608,137.414
2026-06-01 08:36:13.219,NEW_DATA,3.4197,56.2522,137.414
2026-06-01 08:36:13.251,NEW_DATA,3.4207,56.2436,137.414
2026-06-01 08:36:13.284,NEW_DATA,3.4225,56.2351,137.414
2026-06-01 08:36:13.313,NEW_DATA,3.4294,56.2267,137.414
2026-06-01 08:36:13.345,NEW_DATA,3.4249,56.2185,137.414
2026-06-01 08:36:13.376,NEW_DATA,3.4235,56.2103,137.414
2026-06-01 08:36:13.406,NEW_DATA,3.4266,56.2021,137.414
2026-06-01 08:36:13.437,NEW_DATA,3.427,56.1941,137.414
2026-06-01 08:36:13.467,NEW_DATA,3.4235,56.1862,137.414
2026-06-01 08:36:13.498,NEW_DATA,3.4214,56.1784,137.414
2026-06-01 08:36:13.532,NEW_DATA,3.4183,56.1706,137.414
2026-06-01 08:36:13.562,NEW_DATA,3.4187,56.163,137.414
2026-06-01 08:36:13.594,NEW_DATA,3.4235,56.1554,137.414
2026-06-01 08:36:13.624,NEW_DATA,3.4211,56.1479,137.414
2026-06-01 08:36:13.655,NEW_DATA,3.4242,56.1406,137.414
2026-06-01 08:36:13.688,NEW_DATA,3.4239,56.1333,137.414
2026-06-01 08:36:13.719,NEW_DATA,3.4263,56.1261,137.414
2026-06-01 08:36:13.750,NEW_DATA,3.4214,56.119,137.414
2026-06-01 08:36:13.782,NEW_DATA,3.4214,56.112,137.414
2026-06-01 08:36:13.814,NEW_DATA,3.4194,56.1051,137.414
2026-06-01 08:36:13.848,NEW_DATA,3.4214,56.0983,137.414
2026-06-01 08:36:13.874,NEW_DATA,3.4166,56.0915,137.414
2026-06-01 08:36:13.906,NEW_DATA,3.4228,56.0816,137.414
2026-06-01 08:36:13.936,NEW_DATA,3.4221,56.0784,137.414
2026-06-01 08:36:13.968,NEW_DATA,3.4228,56.0719,137.414
2026-06-01 08:36:13.999,NEW_DATA,3.4214,56.0656,137.414
2026-06-01 08:36:14.032,NEW_DATA,3.4225,56.0563,137.414
2026-06-01 08:36:14.061,NEW_DATA,3.4221,56.0532,137.414
2026-06-01 08:36:14.092,NEW_DATA,3.4221,56.0471,137.414
2026-06-01 08:36:14.122,NEW_DATA,3.4197,56.0412,137.414
2026-06-01 08:36:14.155,NEW_DATA,3.4225,56.0353,137.414
2026-06-01 08:36:14.186,NEW_DATA,3.4187,56.0295,137.414
2026-06-01 08:36:14.218,NEW_DATA,3.42,56.0239,137.414
2026-06-01 08:36:14.249,NEW_DATA,3.4211,56.0183,137.414
2026-06-01 08:36:14.280,NEW_DATA,3.4225,56.0128,137.414
2026-06-01 08:36:14.312,NEW_DATA,3.4211,56.0074,137.414
2026-06-01 08:36:14.341,NEW_DATA,3.4235,56.0021,137.414
2026-06-01 08:36:14.373,NEW_DATA,3.4228,55.9969,137.414
2026-06-01 08:36:14.405,NEW_DATA,3.4235,55.9918,137.414
2026-06-01 08:36:14.437,NEW_DATA,3.4207,55.9868,137.414
2026-06-01 08:36:14.469,NEW_DATA,3.418,55.9819,137.414
2026-06-01 08:36:14.501,NEW_DATA,3.4194,55.9771,137.414
2026-06-01 08:36:14.532,NEW_DATA,3.4207,55.9701,137.414
2026-06-01 08:36:14.563,NEW_DATA,3.4242,55.9656,137.414
2026-06-01 08:36:14.596,NEW_DATA,3.4235,55.9633,137.414
2026-06-01 08:36:14.626,NEW_DATA,3.4211,55.9589,137.414
2026-06-01 08:36:14.657,NEW_DATA,3.4225,55.9546,137.414
2026-06-01 08:36:14.688,NEW_DATA,3.4221,55.9504,137.414
2026-06-01 08:36:14.719,NEW_DATA,3.4228,55.9463,137.414
2026-06-01 08:36:14.750,NEW_DATA,3.418,55.9423,137.414
2026-06-01 08:36:14.783,NEW_DATA,3.4166,55.9384,137.414
2026-06-01 08:36:14.812,NEW_DATA,3.4221,55.9345,137.414
2026-06-01 08:36:14.845,NEW_DATA,3.4214,55.9308,137.414
2026-06-01 08:36:14.877,NEW_DATA,3.4242,55.9272,137.414
2026-06-01 08:36:14.909,NEW_DATA,3.4225,55.9237,137.414
2026-06-01 08:36:14.940,NEW_DATA,3.4242,55.9203,137.414
2026-06-01 08:36:14.970,NEW_DATA,3.4249,55.917,137.414
2026-06-01 08:36:15.002,NEW_DATA,3.4221,55.9138,137.414
2026-06-01 08:36:15.033,NEW_DATA,3.4221,55.9107,137.414
2026-06-01 08:36:15.065,NEW_DATA,3.4194,55.9077,137.414
2026-06-01 08:36:15.096,NEW_DATA,3.418,55.9048,137.414
2026-06-01 08:36:15.126,NEW_DATA,3.418,55.902,137.414
2026-06-01 08:36:15.158,NEW_DATA,3.4207,55.8993,137.414
2026-06-01 08:36:15.188,NEW_DATA,3.4242,55.8967,137.414
2026-06-01 08:36:15.220,NEW_DATA,3.4256,55.8942,137.414
2026-06-01 08:36:15.252,NEW_DATA,3.4239,55.8918,137.414
2026-06-01 08:36:15.285,NEW_DATA,3.4242,55.8895,137.414
2026-06-01 08:36:15.316,NEW_DATA,3.4263,55.8874,137.414
2026-06-01 08:36:15.346,NEW_DATA,3.4256,55.8853,137.414
2026-06-01 08:36:15.379,NEW_DATA,3.4242,55.8824,137.414
2026-06-01 08:36:15.411,NEW_DATA,3.4249,55.8814,137.414
2026-06-01 08:36:15.442,NEW_DATA,3.4235,55.8797,137.414
2026-06-01 08:36:15.473,NEW_DATA,3.427,55.8772,137.414
2026-06-01 08:36:15.504,NEW_DATA,3.4277,55.8765,137.414
2026-06-01 08:36:15.535,NEW_DATA,3.4284,55.875,137.414
2026-06-01 08:36:15.567,NEW_DATA,3.4273,55.8737,137.414
2026-06-01 08:36:15.599,NEW_DATA,3.4249,55.8725,137.414
2026-06-01 08:36:15.635,NEW_DATA,3.4207,55.8713,137.414
2026-06-01 08:36:15.660,NEW_DATA,3.4207,55.8703,137.414
2026-06-01 08:36:15.692,NEW_DATA,3.4194,55.869,137.414
2026-06-01 08:36:15.722,NEW_DATA,3.418,55.8686,137.414
2026-06-01 08:36:15.753,NEW_DATA,3.4194,55.8679,137.414
2026-06-01 08:36:15.784,NEW_DATA,3.4218,55.8673,137.414
2026-06-01 08:36:15.816,NEW_DATA,3.4221,55.8668,137.414
2026-06-01 08:36:15.846,NEW_DATA,3.4235,55.8664,137.414
2026-06-01 08:36:15.877,NEW_DATA,3.4239,55.8661,137.414
2026-06-01 08:36:15.909,NEW_DATA,3.4249,55.866,137.414
2026-06-01 08:36:15.941,NEW_DATA,3.4263,55.8659,139.0787
2026-06-01 08:36:15.970,NEW_DATA,3.4214,55.866,139.0787
2026-06-01 08:36:16.002,NEW_DATA,3.4173,55.8662,139.0787
2026-06-01 08:36:16.034,NEW_DATA,3.4211,55.8666,139.0787
2026-06-01 08:36:16.065,NEW_DATA,3.4235,55.8671,139.0787
2026-06-01 08:36:16.094,NEW_DATA,3.4218,55.8678,139.0787
2026-06-01 08:36:16.125,NEW_DATA,3.4214,55.8686,139.0787
2026-06-01 08:36:16.155,NEW_DATA,3.4235,55.8695,139.0787
2026-06-01 08:36:16.186,NEW_DATA,3.4249,55.8706,139.0787
2026-06-01 08:36:16.218,NEW_DATA,3.4249,55.8718,139.0787
2026-06-01 08:36:16.250,NEW_DATA,3.4225,55.8732,139.0787
2026-06-01 08:36:16.283,NEW_DATA,3.4242,55.8747,139.0787
2026-06-01 08:36:16.314,NEW_DATA,3.418,55.8764,139.0787
2026-06-01 08:36:16.345,NEW_DATA,3.4225,55.8782,139.0787
2026-06-01 08:36:16.382,NEW_DATA,3.4187,55.8802,139.0787
2026-06-01 08:36:16.410,NEW_DATA,3.4239,55.8823,139.0787
2026-06-01 08:36:16.440,NEW_DATA,3.4221,55.8857,139.0787
2026-06-01 08:36:16.470,NEW_DATA,3.4232,55.8869,139.0787
2026-06-01 08:36:16.501,NEW_DATA,3.4221,55.8894,139.0787
2026-06-01 08:36:16.533,NEW_DATA,3.4214,55.8921,139.0787
2026-06-01 08:36:16.565,NEW_DATA,3.4239,55.8948,139.0787
2026-06-01 08:36:16.597,NEW_DATA,3.4194,55.8978,139.0787
2026-06-01 08:36:16.626,NEW_DATA,3.4221,55.9008,139.0787
2026-06-01 08:36:16.669,NEW_DATA,3.4166,55.9041,139.0787
2026-06-01 08:36:16.690,NEW_DATA,3.42,55.9091,139.0787
2026-06-01 08:36:16.720,NEW_DATA,3.4221,55.9109,139.0787
2026-06-01 08:36:16.753,NEW_DATA,3.4214,55.9145,139.0787
2026-06-01 08:36:16.782,NEW_DATA,3.4207,55.9183,139.0787
2026-06-01 08:36:16.814,NEW_DATA,3.4256,55.9222,139.0787
2026-06-01 08:36:16.847,NEW_DATA,3.4253,55.9262,139.0787
2026-06-01 08:36:16.876,NEW_DATA,3.4214,55.9325,139.0787
2026-06-01 08:36:16.909,NEW_DATA,3.4173,55.9369,139.0787
2026-06-01 08:36:16.939,NEW_DATA,3.4187,55.9414,139.0787
2026-06-01 08:36:16.970,NEW_DATA,3.42,55.9437,139.0787
2026-06-01 08:36:17.003,NEW_DATA,3.4197,55.9484,139.0787
2026-06-01 08:36:17.034,NEW_DATA,3.4221,55.9532,139.0787
2026-06-01 08:36:17.066,NEW_DATA,3.4235,55.9582,139.0787
2026-06-01 08:36:17.096,NEW_DATA,3.4228,55.9633,139.0787
2026-06-01 08:36:17.126,NEW_DATA,3.4214,55.9685,139.0787
2026-06-01 08:36:17.156,NEW_DATA,3.4221,55.9739,139.0787
2026-06-01 08:36:17.188,NEW_DATA,3.4207,55.9794,139.0787
2026-06-01 08:36:17.220,NEW_DATA,3.4207,55.985,139.0787
2026-06-01 08:36:17.249,NEW_DATA,3.42,55.9908,139.0787
2026-06-01 08:36:17.281,NEW_DATA,3.418,55.9967,139.0787
2026-06-01 08:36:17.312,NEW_DATA,3.419,56.0027,139.0787
2026-06-01 08:36:17.342,NEW_DATA,3.4221,56.012,139.0787
2026-06-01 08:36:17.374,NEW_DATA,3.4207,56.0151,139.0787
2026-06-01 08:36:17.405,NEW_DATA,3.4221,56.0248,139.0787
2026-06-01 08:36:17.437,NEW_DATA,3.4235,56.0314,139.0787
2026-06-01 08:36:17.467,NEW_DATA,3.4221,56.0347,139.0787
2026-06-01 08:36:17.499,NEW_DATA,3.42,56.0415,139.0787
2026-06-01 08:36:17.530,NEW_DATA,3.4204,56.0485,139.0787
2026-06-01 08:36:17.562,NEW_DATA,3.4187,56.0591,139.0787
2026-06-01 08:36:17.594,NEW_DATA,3.4173,56.0627,139.0787
2026-06-01 08:36:17.622,NEW_DATA,3.4173,56.0737,139.0787
2026-06-01 08:36:17.655,NEW_DATA,3.418,56.0774,139.0787
2026-06-01 08:36:17.685,NEW_DATA,3.4207,56.085,139.0787
2026-06-01 08:36:17.718,NEW_DATA,3.4197,56.0926,139.0787
2026-06-01 08:36:17.749,NEW_DATA,3.4221,56.1004,139.0787
2026-06-01 08:36:17.779,NEW_DATA,3.4221,56.1084,139.0787
2026-06-01 08:36:17.811,NEW_DATA,3.4194,56.1164,139.0787
2026-06-01 08:36:17.842,NEW_DATA,3.4173,56.1287,139.0787
2026-06-01 08:36:17.873,NEW_DATA,3.418,56.1329,139.0787
2026-06-01 08:36:17.904,NEW_DATA,3.418,56.1413,139.0787
2026-06-01 08:36:17.934,NEW_DATA,3.4211,56.1499,139.0787
2026-06-01 08:36:17.965,NEW_DATA,3.4211,56.1586,139.0787
2026-06-01 08:36:17.998,NEW_DATA,3.4197,56.1673,139.0787
2026-06-01 08:36:18.031,NEW_DATA,3.4221,56.1763,139.0787
2026-06-01 08:36:18.061,NEW_DATA,3.4218,56.1853,139.0787
2026-06-01 08:36:18.093,NEW_DATA,3.42,56.1945,139.0787
2026-06-01 08:36:18.122,NEW_DATA,3.4207,56.2037,139.0787
2026-06-01 08:36:18.153,NEW_DATA,3.4197,56.2131,139.0787
2026-06-01 08:36:18.183,NEW_DATA,3.4159,56.2227,139.0787
2026-06-01 08:36:18.215,NEW_DATA,3.4187,56.2323,139.0787
2026-06-01 08:36:18.248,NEW_DATA,3.4194,56.247,139.0787
2026-06-01 08:36:18.279,NEW_DATA,3.4207,56.2519,139.0787
2026-06-01 08:36:18.311,NEW_DATA,3.4249,56.2619,139.0787
2026-06-01 08:36:18.347,NEW_DATA,3.4225,56.2771,139.0787
2026-06-01 08:36:18.376,NEW_DATA,3.4221,56.2874,139.0787
2026-06-01 08:36:18.403,NEW_DATA,3.4242,56.2926,139.0787
2026-06-01 08:36:18.433,NEW_DATA,3.42,56.3031,139.0787
2026-06-01 08:36:18.465,NEW_DATA,3.4183,56.3137,139.0787
2026-06-01 08:36:18.496,NEW_DATA,3.4173,56.3244,139.0787
2026-06-01 08:36:18.528,NEW_DATA,3.42,56.3352,139.0787
2026-06-01 08:36:18.559,NEW_DATA,3.419,56.3461,139.0787
2026-06-01 08:36:18.590,NEW_DATA,3.4253,56.3628,139.0787
2026-06-01 08:36:18.622,NEW_DATA,3.4228,56.374,139.0787
2026-06-01 08:36:18.652,NEW_DATA,3.4228,56.3797,139.0787
2026-06-01 08:36:18.683,NEW_DATA,3.4253,56.391,139.0787
2026-06-01 08:36:18.719,NEW_DATA,3.4242,56.4026,139.0787
2026-06-01 08:36:18.744,NEW_DATA,3.4207,56.4142,139.0787
2026-06-01 08:36:18.777,NEW_DATA,3.4207,56.4259,139.0787
2026-06-01 08:36:18.809,NEW_DATA,3.4159,56.4378,139.0787
2026-06-01 08:36:18.840,NEW_DATA,3.4173,56.4498,139.0787
2026-06-01 08:36:18.870,NEW_DATA,3.42,56.4618,139.0787
2026-06-01 08:36:18.901,NEW_DATA,3.418,56.474,139.0787
2026-06-01 08:36:18.933,NEW_DATA,3.4225,56.4863,139.0787
2026-06-01 08:36:18.964,NEW_DATA,3.4235,56.4988,139.0787
2026-06-01 08:36:18.995,NEW_DATA,3.4221,56.5113,139.0787
2026-06-01 08:36:19.030,NEW_DATA,3.4183,56.5303,139.0787
2026-06-01 08:36:19.058,NEW_DATA,3.4183,56.5367,139.0787
2026-06-01 08:36:19.090,NEW_DATA,3.4183,56.5496,139.0787
2026-06-01 08:36:19.120,NEW_DATA,3.418,56.5625,139.0787
2026-06-01 08:36:19.151,NEW_DATA,3.4169,56.5756,139.0787
2026-06-01 08:36:19.183,NEW_DATA,3.4187,56.5888,139.0787
2026-06-01 08:36:19.214,NEW_DATA,3.4187,56.6021,139.0787
2026-06-01 08:36:19.246,NEW_DATA,3.4218,56.6155,139.0787
2026-06-01 08:36:19.276,NEW_DATA,3.4211,56.6291,139.0787
2026-06-01 08:36:19.308,NEW_DATA,3.4263,56.6495,139.0787
2026-06-01 08:36:19.341,NEW_DATA,3.4207,56.6633,139.0787
2026-06-01 08:36:19.370,NEW_DATA,3.4197,56.6703,139.0787
2026-06-01 08:36:19.404,NEW_DATA,3.4159,56.6842,139.0787
2026-06-01 08:36:19.434,NEW_DATA,3.4166,56.6983,139.0787
2026-06-01 08:36:19.464,NEW_DATA,3.4142,56.7125,139.0787
2026-06-01 08:36:19.496,NEW_DATA,3.4183,56.7267,139.0787
2026-06-01 08:36:19.529,NEW_DATA,3.4194,56.7411,139.0787
2026-06-01 08:36:19.559,NEW_DATA,3.4197,56.7629,139.0787
2026-06-01 08:36:19.591,NEW_DATA,3.4194,56.7702,139.0787
2026-06-01 08:36:19.622,NEW_DATA,3.4207,56.7849,139.0787
2026-06-01 08:36:19.653,NEW_DATA,3.4166,56.7997,139.0787
2026-06-01 08:36:19.685,NEW_DATA,3.4173,56.8146,139.0787
2026-06-01 08:36:19.715,NEW_DATA,3.418,56.8297,139.0787
2026-06-01 08:36:19.747,NEW_DATA,3.4152,56.8448,139.0787
2026-06-01 08:36:19.780,NEW_DATA,3.4166,56.86,139.0787
2026-06-01 08:36:19.811,NEW_DATA,3.4166,56.8753,139.0787
2026-06-01 08:36:19.846,NEW_DATA,3.4166,56.8908,139.0787
2026-06-01 08:36:19.873,NEW_DATA,3.4183,56.9063,139.0787
2026-06-01 08:36:19.903,NEW_DATA,3.4207,56.922,139.0787
2026-06-01 08:36:19.936,NEW_DATA,3.42,56.9377,139.0787
2026-06-01 08:36:19.969,NEW_DATA,3.42,56.9535,139.0787
2026-06-01 08:36:19.999,NEW_DATA,3.4176,56.9695,139.0787
2026-06-01 08:36:20.030,NEW_DATA,3.418,56.9855,139.0787
2026-06-01 08:36:20.063,NEW_DATA,3.4155,57.0017,139.0787
2026-06-01 08:36:20.094,NEW_DATA,3.4138,57.0179,139.0787
2026-06-01 08:36:20.127,NEW_DATA,3.4138,57.0343,139.0787
2026-06-01 08:36:20.159,NEW_DATA,3.42,57.059,139.0787
2026-06-01 08:36:20.190,NEW_DATA,3.4197,57.0673,139.0787
2026-06-01 08:36:20.222,NEW_DATA,3.4183,57.0839,139.0787
2026-06-01 08:36:20.253,NEW_DATA,3.4197,57.1007,139.0787
2026-06-01 08:36:20.284,NEW_DATA,3.4194,57.126,139.0787
2026-06-01 08:36:20.316,NEW_DATA,3.4169,57.1345,139.0787
2026-06-01 08:36:20.347,NEW_DATA,3.4159,57.1515,139.0787
2026-06-01 08:36:20.378,NEW_DATA,3.4166,57.1687,139.0787
2026-06-01 08:36:20.409,NEW_DATA,3.4166,57.1859,139.0787
2026-06-01 08:36:20.441,NEW_DATA,3.4159,57.2033,139.0787
2026-06-01 08:36:20.472,NEW_DATA,3.418,57.2207,139.0787
2026-06-01 08:36:20.503,NEW_DATA,3.4173,57.2383,139.0787
2026-06-01 08:36:20.535,NEW_DATA,3.4194,57.2559,139.0787
2026-06-01 08:36:20.566,NEW_DATA,3.4169,57.2736,139.0787
2026-06-01 08:36:20.596,NEW_DATA,3.4194,57.2914,139.0787
2026-06-01 08:36:20.629,NEW_DATA,3.4166,57.3094,139.0787
2026-06-01 08:36:20.659,NEW_DATA,3.4155,57.3274,139.0787
2026-06-01 08:36:20.690,NEW_DATA,3.4166,57.3455,139.0787
2026-06-01 08:36:20.721,NEW_DATA,3.4152,57.3637,139.0787
2026-06-01 08:36:20.752,NEW_DATA,3.4152,57.382,139.0787
2026-06-01 08:36:20.783,NEW_DATA,3.4152,57.4004,139.0787
2026-06-01 08:36:20.814,NEW_DATA,3.4194,57.4189,139.0787
2026-06-01 08:36:20.843,NEW_DATA,3.4207,57.4375,139.0787
2026-06-01 08:36:20.876,NEW_DATA,3.4194,57.4562,139.0787
2026-06-01 08:36:20.906,NEW_DATA,3.418,57.4749,139.0787
2026-06-01 08:36:20.936,NEW_DATA,3.4183,57.4938,139.0787
2026-06-01 08:36:20.967,NEW_DATA,3.4138,57.5128,139.0787
2026-06-01 08:36:20.998,NEW_DATA,3.4124,57.5318,139.0787
2026-06-01 08:36:21.029,NEW_DATA,3.4145,57.551,139.0787
2026-06-01 08:36:21.064,NEW_DATA,3.4117,57.5798,139.0787
2026-06-01 08:36:21.092,NEW_DATA,3.4152,57.5895,139.0787
2026-06-01 08:36:21.124,NEW_DATA,3.42,57.6089,139.0787
2026-06-01 08:36:21.153,NEW_DATA,3.42,57.6382,139.0787
2026-06-01 08:36:21.185,NEW_DATA,3.4207,57.648,139.0787
2026-06-01 08:36:21.216,NEW_DATA,3.418,57.6677,139.0787
2026-06-01 08:36:21.248,NEW_DATA,3.4194,57.6875,139.0787
2026-06-01 08:36:21.279,NEW_DATA,3.418,57.7074,139.0787
2026-06-01 08:36:21.311,NEW_DATA,3.4138,57.7273,139.0787
2026-06-01 08:36:21.342,NEW_DATA,3.4124,57.7474,139.0787
2026-06-01 08:36:21.371,NEW_DATA,3.4138,57.7675,139.0787
2026-06-01 08:36:21.402,NEW_DATA,3.4166,57.7877,139.0787
2026-06-01 08:36:21.434,NEW_DATA,3.4173,57.808,139.0787
2026-06-01 08:36:21.465,NEW_DATA,3.4194,57.8284,139.0787
2026-06-01 08:36:21.496,NEW_DATA,3.4173,57.8489,139.0787
2026-06-01 08:36:21.527,NEW_DATA,3.4183,57.8695,139.0787
2026-06-01 08:36:21.560,NEW_DATA,3.4159,57.8901,139.0787
2026-06-01 08:36:21.591,NEW_DATA,3.4138,57.9109,139.0787
2026-06-01 08:36:21.621,NEW_DATA,3.4131,57.9317,139.0787
2026-06-01 08:36:21.653,NEW_DATA,3.4152,57.9526,139.0787
2026-06-01 08:36:21.683,NEW_DATA,3.4138,57.9736,139.0787
2026-06-01 08:36:21.715,NEW_DATA,3.4166,57.9947,139.0787
2026-06-01 08:36:21.747,NEW_DATA,3.4152,58.0159,139.0787
2026-06-01 08:36:21.778,NEW_DATA,3.42,58.0371,139.0787
2026-06-01 08:36:21.810,NEW_DATA,3.4162,58.0585,139.0787
2026-06-01 08:36:21.843,NEW_DATA,3.4166,58.0799,139.0787
2026-06-01 08:36:21.872,NEW_DATA,3.4166,58.1122,139.0787
2026-06-01 08:36:21.904,NEW_DATA,3.4128,58.1338,139.0787
2026-06-01 08:36:21.936,NEW_DATA,3.4138,58.1556,139.0787
2026-06-01 08:36:21.967,NEW_DATA,3.4124,58.1774,139.0787
2026-06-01 08:36:21.999,NEW_DATA,3.4152,58.1992,139.0787
2026-06-01 08:36:22.030,NEW_DATA,3.418,58.2212,139.0787
2026-06-01 08:36:22.061,NEW_DATA,3.4152,58.2432,139.0787
2026-06-01 08:36:22.093,NEW_DATA,3.4183,58.2654,139.0787
2026-06-01 08:36:22.125,NEW_DATA,3.4173,58.2876,139.0787
2026-06-01 08:36:22.154,NEW_DATA,3.4152,58.3099,139.0787
2026-06-01 08:36:22.185,NEW_DATA,3.4155,58.3322,139.0787
2026-06-01 08:36:22.217,NEW_DATA,3.4124,58.3547,139.0787
2026-06-01 08:36:22.247,NEW_DATA,3.4138,58.3772,139.0787
2026-06-01 08:36:22.278,NEW_DATA,3.4117,58.3998,139.0787
2026-06-01 08:36:22.311,NEW_DATA,3.4152,58.4225,139.0787
2026-06-01 08:36:22.341,NEW_DATA,3.4169,58.4567,139.0787
2026-06-01 08:36:22.373,NEW_DATA,3.4214,58.4795,139.0787
2026-06-01 08:36:22.402,NEW_DATA,3.4187,58.491,139.0787
2026-06-01 08:36:22.433,NEW_DATA,3.418,58.514,139.0787
2026-06-01 08:36:22.464,NEW_DATA,3.4194,58.5371,139.0787
2026-06-01 08:36:22.497,NEW_DATA,3.4183,58.5602,139.0787
2026-06-01 08:36:22.526,NEW_DATA,3.4135,58.5834,139.0787
2026-06-01 08:36:22.558,NEW_DATA,3.4124,58.6067,139.0787
2026-06-01 08:36:22.590,NEW_DATA,3.4124,58.6301,139.0787
2026-06-01 08:36:22.622,NEW_DATA,3.4169,58.6536,139.0787
2026-06-01 08:36:22.650,NEW_DATA,3.4162,58.6771,139.0787
2026-06-01 08:36:22.682,NEW_DATA,3.42,58.7007,139.0787
2026-06-01 08:36:22.711,NEW_DATA,3.4194,58.7244,139.0787
2026-06-01 08:36:22.743,NEW_DATA,3.4159,58.7601,139.0787
2026-06-01 08:36:22.775,NEW_DATA,3.4169,58.772,139.0787
2026-06-01 08:36:22.804,NEW_DATA,3.4138,58.8079,139.0787
2026-06-01 08:36:22.834,NEW_DATA,3.4117,58.8199,139.0787
2026-06-01 08:36:22.865,NEW_DATA,3.4138,58.8439,139.0787
2026-06-01 08:36:22.898,NEW_DATA,3.4148,58.868,139.0787
2026-06-01 08:36:22.928,NEW_DATA,3.4145,58.8922,139.0787
2026-06-01 08:36:22.960,NEW_DATA,3.4166,58.9165,139.0787
2026-06-01 08:36:22.990,NEW_DATA,3.4173,58.9408,139.0787
2026-06-01 08:36:23.036,NEW_DATA,3.418,58.9774,139.0787
2026-06-01 08:36:23.108,NEW_DATA,3.4173,59.0019,139.0787
2026-06-01 08:36:23.132,NEW_DATA,3.4142,59.0142,139.0787
2026-06-01 08:36:23.168,NEW_DATA,3.4152,59.0388,139.0787
2026-06-01 08:36:23.194,NEW_DATA,3.4145,59.0635,139.0787
2026-06-01 08:36:23.225,NEW_DATA,3.4145,59.0883,139.0787
2026-06-01 08:36:23.258,NEW_DATA,3.4107,59.1131,139.0787
2026-06-01 08:36:23.289,NEW_DATA,3.4152,59.138,139.0787
2026-06-01 08:36:23.320,NEW_DATA,3.4173,59.1755,139.0787
2026-06-01 08:36:23.352,NEW_DATA,3.42,59.188,139.0787
2026-06-01 08:36:23.382,NEW_DATA,3.4207,59.2131,139.0787
2026-06-01 08:36:23.415,NEW_DATA,3.418,59.2383,139.0787
2026-06-01 08:36:23.447,NEW_DATA,3.418,59.2635,139.0787
2026-06-01 08:36:23.478,NEW_DATA,3.4152,59.2888,139.0787
2026-06-01 08:36:23.508,NEW_DATA,3.411,59.3142,139.0787
2026-06-01 08:36:23.540,NEW_DATA,3.4124,59.3396,139.0787
2026-06-01 08:36:23.571,NEW_DATA,3.411,59.3651,139.0787
2026-06-01 08:36:23.602,NEW_DATA,3.4138,59.3906,139.0787
2026-06-01 08:36:23.635,NEW_DATA,3.4194,59.4163,139.0787
2026-06-01 08:36:23.665,NEW_DATA,3.4159,59.442,139.0787
2026-06-01 08:36:23.696,NEW_DATA,3.418,59.4677,139.0787
2026-06-01 08:36:23.728,NEW_DATA,3.418,59.4935,139.0787
2026-06-01 08:36:23.759,NEW_DATA,3.4169,59.5194,139.0787
2026-06-01 08:36:23.820,NEW_DATA,3.4155,59.5454,139.0787
2026-06-01 08:36:23.843,NEW_DATA,3.4138,59.5714,139.0787
2026-06-01 08:36:23.844,NEW_DATA,3.411,59.5844,139.0787
2026-06-01 08:36:23.901,NEW_DATA,3.41,59.5974,139.0787
2026-06-01 08:36:23.943,NEW_DATA,3.4138,59.6236,139.0787
2026-06-01 08:36:23.966,NEW_DATA,3.418,59.6497,139.0787
2026-06-01 08:36:23.995,NEW_DATA,3.4152,59.676,139.0787
2026-06-01 08:36:24.028,NEW_DATA,3.4152,59.7023,139.0787
2026-06-01 08:36:24.059,NEW_DATA,3.4194,59.7287,139.0787
2026-06-01 08:36:24.090,NEW_DATA,3.4145,59.7551,139.0787
2026-06-01 08:36:24.121,NEW_DATA,3.4152,59.7816,139.0787
2026-06-01 08:36:24.151,NEW_DATA,3.4152,59.8082,139.0787
2026-06-01 08:36:24.181,NEW_DATA,3.4124,59.8348,139.0787
2026-06-01 08:36:24.213,NEW_DATA,3.4114,59.8614,139.0787
2026-06-01 08:36:24.244,NEW_DATA,3.4096,59.8881,139.0787
2026-06-01 08:36:24.276,NEW_DATA,3.4145,59.9149,139.0787
2026-06-01 08:36:24.306,NEW_DATA,3.4166,59.9418,139.0787
2026-06-01 08:36:24.340,NEW_DATA,3.4169,59.9687,139.0787
2026-06-01 08:36:24.369,NEW_DATA,3.4173,59.9956,139.0787
2026-06-01 08:36:24.401,NEW_DATA,3.4166,60.0226,139.0787
2026-06-01 08:36:24.433,NEW_DATA,3.4128,60.0632,139.0787
2026-06-01 08:36:24.464,NEW_DATA,3.4124,60.0768,139.0787
2026-06-01 08:36:24.496,NEW_DATA,3.4131,60.104,139.0787
2026-06-01 08:36:24.530,NEW_DATA,3.4135,60.1312,139.0787
2026-06-01 08:36:24.560,NEW_DATA,3.4114,60.1585,139.0787
2026-06-01 08:36:24.593,NEW_DATA,3.4138,60.1858,139.0787
2026-06-01 08:36:24.623,NEW_DATA,3.4152,60.2132,139.0787
2026-06-01 08:36:24.654,NEW_DATA,3.42,60.2544,139.0787
2026-06-01 08:36:24.685,NEW_DATA,3.4166,60.2681,139.0787
2026-06-01 08:36:24.717,NEW_DATA,3.4183,60.2957,139.0787
2026-06-01 08:36:24.746,NEW_DATA,3.4176,60.3233,139.0787
2026-06-01 08:36:24.778,NEW_DATA,3.4152,60.3509,139.0787
2026-06-01 08:36:24.810,NEW_DATA,3.4128,60.3786,139.0787
2026-06-01 08:36:24.840,NEW_DATA,3.4135,60.4064,139.0787
2026-06-01 08:36:24.873,NEW_DATA,3.4131,60.4342,139.0787
2026-06-01 08:36:24.906,NEW_DATA,3.4152,60.476,139.0787
2026-06-01 08:36:24.937,NEW_DATA,3.4138,60.4899,139.0787
2026-06-01 08:36:24.966,NEW_DATA,3.4166,60.5178,139.0787
2026-06-01 08:36:24.998,NEW_DATA,3.4166,60.5458,139.0787
2026-06-01 08:36:25.030,NEW_DATA,3.4152,60.5739,139.0787
2026-06-01 08:36:25.061,NEW_DATA,3.4152,60.602,139.0787
2026-06-01 08:36:25.091,NEW_DATA,3.4138,60.6301,139.0787
2026-06-01 08:36:25.123,NEW_DATA,3.4138,60.6583,139.0787
2026-06-01 08:36:25.154,NEW_DATA,3.4124,60.6865,139.0787
2026-06-01 08:36:25.189,NEW_DATA,3.411,60.7148,139.0787
2026-06-01 08:36:25.218,NEW_DATA,3.4128,60.7431,139.0787
2026-06-01 08:36:25.249,NEW_DATA,3.4152,60.7714,139.0787
2026-06-01 08:36:25.281,NEW_DATA,3.4152,60.7998,139.0787
2026-06-01 08:36:25.313,NEW_DATA,3.4194,60.8283,139.0787
2026-06-01 08:36:25.343,NEW_DATA,3.4183,60.8568,139.0787
2026-06-01 08:36:25.376,NEW_DATA,3.4138,60.8853,139.0787
2026-06-01 08:36:25.407,NEW_DATA,3.4138,60.9139,139.0787
2026-06-01 08:36:25.439,NEW_DATA,3.4124,60.9425,139.0787
2026-06-01 08:36:25.468,NEW_DATA,3.4114,60.9712,139.0787
2026-06-01 08:36:25.500,NEW_DATA,3.4155,60.9999,139.0787
2026-06-01 08:36:25.532,NEW_DATA,3.4138,61.0286,139.0787
2026-06-01 08:36:25.565,NEW_DATA,3.4173,61.0574,139.0787
2026-06-01 08:36:25.597,NEW_DATA,3.4183,61.0862,139.0787
2026-06-01 08:36:25.630,NEW_DATA,3.4159,61.115,139.0787
2026-06-01 08:36:25.664,NEW_DATA,3.4194,61.1439,139.0787
2026-06-01 08:36:25.690,NEW_DATA,3.4166,61.1729,139.0787
2026-06-01 08:36:25.722,NEW_DATA,3.411,61.2018,139.0787
2026-06-01 08:36:25.757,NEW_DATA,3.4124,61.2309,139.0787
2026-06-01 08:36:25.785,NEW_DATA,3.4124,61.2599,139.0787
2026-06-01 08:36:25.817,NEW_DATA,3.411,61.289,139.0787
2026-06-01 08:36:25.848,NEW_DATA,3.4138,61.3181,139.0787
2026-06-01 08:36:25.879,NEW_DATA,3.4173,61.3618,139.0787
2026-06-01 08:36:25.910,NEW_DATA,3.4187,61.3764,139.0787
2026-06-01 08:36:25.942,NEW_DATA,3.418,61.4057,139.0787
2026-06-01 08:36:25.973,NEW_DATA,3.4173,61.4349,139.0787
2026-06-01 08:36:26.005,NEW_DATA,3.4152,61.4642,139.0787
2026-06-01 08:36:26.035,NEW_DATA,3.4124,61.4935,139.0787
2026-06-01 08:36:26.068,NEW_DATA,3.4142,61.5229,139.0787
2026-06-01 08:36:26.098,NEW_DATA,3.4114,61.5523,139.0787
2026-06-01 08:36:26.129,NEW_DATA,3.4107,61.5817,139.0787
2026-06-01 08:36:26.161,NEW_DATA,3.411,61.6111,139.0787
2026-06-01 08:36:26.192,NEW_DATA,3.4166,61.6406,139.0787
2026-06-01 08:36:26.224,NEW_DATA,3.418,61.6701,139.0787
2026-06-01 08:36:26.254,NEW_DATA,3.4159,61.6996,139.0787
2026-06-01 08:36:26.286,NEW_DATA,3.4187,61.7292,139.0787
2026-06-01 08:36:26.316,NEW_DATA,3.4169,61.7588,139.0787
2026-06-01 08:36:26.348,NEW_DATA,3.4152,61.7884,139.0787
2026-06-01 08:36:26.379,NEW_DATA,3.4138,61.8181,139.0787
2026-06-01 08:36:26.410,NEW_DATA,3.4124,61.8477,139.0787
2026-06-01 08:36:26.444,NEW_DATA,3.4138,61.8774,139.0787
2026-06-01 08:36:26.475,NEW_DATA,3.4187,61.922,139.0787
2026-06-01 08:36:26.505,NEW_DATA,3.4162,61.9518,139.0787
2026-06-01 08:36:26.537,NEW_DATA,3.4194,61.9667,139.0787
2026-06-01 08:36:26.569,NEW_DATA,3.4169,61.9965,139.0787
2026-06-01 08:36:26.599,NEW_DATA,3.419,62.0263,139.0787
2026-06-01 08:36:26.630,NEW_DATA,3.4169,62.0562,139.0787
2026-06-01 08:36:26.663,NEW_DATA,3.4152,62.086,139.0787
2026-06-01 08:36:26.695,NEW_DATA,3.4152,62.1159,139.0787
2026-06-01 08:36:26.724,NEW_DATA,3.4103,62.1459,139.0787
2026-06-01 08:36:26.756,NEW_DATA,3.411,62.1758,139.0787
2026-06-01 08:36:26.787,NEW_DATA,3.411,62.2057,139.0787
2026-06-01 08:36:26.819,NEW_DATA,3.4187,62.2357,139.0787
2026-06-01 08:36:26.849,NEW_DATA,3.4183,62.2657,139.0787
2026-06-01 08:36:26.880,NEW_DATA,3.4194,62.2957,139.0787
2026-06-01 08:36:26.911,NEW_DATA,3.4207,62.3258,139.0787
2026-06-01 08:36:26.941,NEW_DATA,3.4166,62.3558,139.0787
2026-06-01 08:36:26.972,NEW_DATA,3.4169,62.3859,139.0787
2026-06-01 08:36:27.002,NEW_DATA,3.4124,62.416,139.0787
2026-06-01 08:36:27.032,NEW_DATA,3.411,62.4461,139.0787
2026-06-01 08:36:27.062,NEW_DATA,3.4138,62.4762,139.0787
2026-06-01 08:36:27.093,NEW_DATA,3.4138,62.5063,139.0787
2026-06-01 08:36:27.126,NEW_DATA,3.4155,62.5364,139.0787
2026-06-01 08:36:27.159,NEW_DATA,3.4159,62.5666,139.0787
2026-06-01 08:36:27.189,NEW_DATA,3.4173,62.5968,139.0787
2026-06-01 08:36:27.220,NEW_DATA,3.42,62.627,139.0787
2026-06-01 08:36:27.251,NEW_DATA,3.4138,62.6572,139.0787
2026-06-01 08:36:27.283,NEW_DATA,3.4152,62.6874,139.0787
2026-06-01 08:36:27.314,NEW_DATA,3.411,62.7176,139.0787
2026-06-01 08:36:27.345,NEW_DATA,3.4117,62.7478,139.0787
2026-06-01 08:36:27.377,NEW_DATA,3.4114,62.7781,139.0787
2026-06-01 08:36:27.409,NEW_DATA,3.41,62.8083,139.0787
2026-06-01 08:36:27.440,NEW_DATA,3.4166,62.8386,139.0787
2026-06-01 08:36:27.472,NEW_DATA,3.4194,62.8688,139.0787
2026-06-01 08:36:27.503,NEW_DATA,3.418,62.8991,139.0787
2026-06-01 08:36:27.534,NEW_DATA,3.4152,62.9294,139.0787
2026-06-01 08:36:27.565,NEW_DATA,3.418,62.9597,139.0787
2026-06-01 08:36:27.597,NEW_DATA,3.4152,62.99,139.0787
2026-06-01 08:36:27.629,NEW_DATA,3.4145,63.0203,139.0787
2026-06-01 08:36:27.661,NEW_DATA,3.4138,63.0506,139.0787
2026-06-01 08:36:27.692,NEW_DATA,3.4131,63.0809,139.0787
2026-06-01 08:36:27.723,NEW_DATA,3.4142,63.1112,139.0787
2026-06-01 08:36:27.755,NEW_DATA,3.4194,63.1415,139.0787
2026-06-01 08:36:27.786,NEW_DATA,3.4166,63.1718,139.0787
2026-06-01 08:36:27.817,NEW_DATA,3.418,63.2021,139.0787
2026-06-01 08:36:27.848,NEW_DATA,3.418,63.2324,139.0787
2026-06-01 08:36:27.880,NEW_DATA,3.4176,63.2627,139.0787
2026-06-01 08:36:27.911,NEW_DATA,3.4166,63.2931,139.0787
2026-06-01 08:36:27.943,NEW_DATA,3.4131,63.3234,139.0787
2026-06-01 08:36:27.973,NEW_DATA,3.4131,63.3537,139.0787
2026-06-01 08:36:28.005,NEW_DATA,3.4114,63.384,139.0787
2026-06-01 08:36:28.039,NEW_DATA,3.4131,63.4143,139.0787
2026-06-01 08:36:28.070,NEW_DATA,3.4169,63.4446,139.0787
2026-06-01 08:36:28.099,NEW_DATA,3.419,63.4749,139.0787
2026-06-01 08:36:28.129,NEW_DATA,3.4183,63.5052,139.0787
2026-06-01 08:36:28.161,NEW_DATA,3.4194,63.5355,139.0787
2026-06-01 08:36:28.191,NEW_DATA,3.4194,63.5658,139.0787
2026-06-01 08:36:28.224,NEW_DATA,3.4145,63.6112,139.0787
2026-06-01 08:36:28.254,NEW_DATA,3.4131,63.6263,139.0787
2026-06-01 08:36:28.285,NEW_DATA,3.4131,63.6566,139.0787
2026-06-01 08:36:28.317,NEW_DATA,3.4128,63.6868,139.0787
2026-06-01 08:36:28.349,NEW_DATA,3.4162,63.7322,139.0787
2026-06-01 08:36:28.379,NEW_DATA,3.4155,63.7473,139.0787
2026-06-01 08:36:28.411,NEW_DATA,3.4173,63.7775,139.0787
2026-06-01 08:36:28.442,NEW_DATA,3.4173,63.8229,139.0787
2026-06-01 08:36:28.474,NEW_DATA,3.418,63.838,139.0787
2026-06-01 08:36:28.506,NEW_DATA,3.4173,63.8681,139.0787
2026-06-01 08:36:28.538,NEW_DATA,3.4142,63.8983,139.0787
2026-06-01 08:36:28.569,NEW_DATA,3.4107,63.9285,139.0787
2026-06-01 08:36:28.598,NEW_DATA,3.4124,63.9586,139.0787
2026-06-01 08:36:28.628,NEW_DATA,3.4096,63.9888,139.0787
2026-06-01 08:36:28.661,NEW_DATA,3.4142,64.0189,139.0787
2026-06-01 08:36:28.692,NEW_DATA,3.418,64.049,139.0787
2026-06-01 08:36:28.723,NEW_DATA,3.4169,64.0791,139.0787
2026-06-01 08:36:28.755,NEW_DATA,3.418,64.1091,139.0787
2026-06-01 08:36:28.786,NEW_DATA,3.42,64.1392,139.0787
2026-06-01 08:36:28.816,NEW_DATA,3.4166,64.1692,139.0787
2026-06-01 08:36:28.849,NEW_DATA,3.4138,64.1992,139.0787
2026-06-01 08:36:28.880,NEW_DATA,3.4138,64.2292,139.0787
2026-06-01 08:36:28.910,NEW_DATA,3.4124,64.2591,139.0787
2026-06-01 08:36:28.942,NEW_DATA,3.4124,64.2891,139.0787
2026-06-01 08:36:28.976,NEW_DATA,3.4162,64.319,139.0787
2026-06-01 08:36:29.006,NEW_DATA,3.4148,64.3489,139.0787
2026-06-01 08:36:29.038,NEW_DATA,3.4173,64.3788,139.0787
2026-06-01 08:36:29.070,NEW_DATA,3.4187,64.4086,139.0787
2026-06-01 08:36:29.099,NEW_DATA,3.4183,64.4384,139.0787
2026-06-01 08:36:29.131,NEW_DATA,3.4169,64.4682,139.0787
2026-06-01 08:36:29.162,NEW_DATA,3.4159,64.498,139.0787
2026-06-01 08:36:29.195,NEW_DATA,3.4166,64.5277,139.0787
2026-06-01 08:36:29.225,NEW_DATA,3.4142,64.5575,139.0787
2026-06-01 08:36:29.257,NEW_DATA,3.4117,64.5871,139.0787
2026-06-01 08:36:29.286,NEW_DATA,3.4145,64.6168,139.0787
2026-06-01 08:36:29.323,NEW_DATA,3.4159,64.6612,139.0787
2026-06-01 08:36:29.349,NEW_DATA,3.4166,64.676,139.0787
2026-06-01 08:36:29.380,NEW_DATA,3.418,64.7056,139.0787
2026-06-01 08:36:29.412,NEW_DATA,3.42,64.7351,139.0787
2026-06-01 08:36:29.442,NEW_DATA,3.4187,64.7646,139.0787
2026-06-01 08:36:29.473,NEW_DATA,3.4142,64.794,139.0787
2026-06-01 08:36:29.504,NEW_DATA,3.4138,64.8235,139.0787
2026-06-01 08:36:29.537,NEW_DATA,3.4155,64.8675,139.0787
2026-06-01 08:36:29.569,NEW_DATA,3.4159,64.8969,139.0787
2026-06-01 08:36:29.600,NEW_DATA,3.4197,64.9262,139.0787
2026-06-01 08:36:29.630,NEW_DATA,3.4211,64.9408,139.0787
2026-06-01 08:36:29.663,NEW_DATA,3.4207,64.97,139.0787
2026-06-01 08:36:29.694,NEW_DATA,3.4221,64.9992,139.0787
2026-06-01 08:36:29.726,NEW_DATA,3.4253,65.0284,139.0787
2026-06-01 08:36:29.756,NEW_DATA,3.4214,65.0575,139.0787
2026-06-01 08:36:29.789,NEW_DATA,3.4225,65.1011,139.0787
2026-06-01 08:36:29.821,NEW_DATA,3.4221,65.1156,139.0787
2026-06-01 08:36:29.852,NEW_DATA,3.4214,65.1446,139.0787
2026-06-01 08:36:29.882,NEW_DATA,3.418,65.1736,139.0787
2026-06-01 08:36:29.914,NEW_DATA,3.4242,65.2025,139.0787
2026-06-01 08:36:29.945,NEW_DATA,3.4235,65.2313,139.0787
2026-06-01 08:36:29.977,NEW_DATA,3.4207,65.2601,139.0787
2026-06-01 08:36:30.009,NEW_DATA,3.4225,65.2889,139.0787
2026-06-01 08:36:30.041,NEW_DATA,3.4197,65.3176,139.0787
2026-06-01 08:36:30.075,NEW_DATA,3.4152,65.3463,139.0787
2026-06-01 08:36:30.105,NEW_DATA,3.4166,65.3749,139.0787
2026-06-01 08:36:30.136,NEW_DATA,3.4159,65.4035,139.0787
2026-06-01 08:36:30.166,NEW_DATA,3.4131,65.432,139.0787
2026-06-01 08:36:30.198,NEW_DATA,3.4159,65.4604,139.0787
2026-06-01 08:36:30.228,NEW_DATA,3.4187,65.4889,139.0787
2026-06-01 08:36:30.260,NEW_DATA,3.42,65.5172,139.0787
2026-06-01 08:36:30.291,NEW_DATA,3.4211,65.5455,139.0787
2026-06-01 08:36:30.323,NEW_DATA,3.4207,65.5738,139.93
2026-06-01 08:36:30.354,NEW_DATA,3.42,65.6021,139.93
2026-06-01 08:36:30.385,NEW_DATA,3.4225,65.6305,139.93
2026-06-01 08:36:30.416,NEW_DATA,3.4173,65.6591,139.93
2026-06-01 08:36:30.447,NEW_DATA,3.4169,65.6878,139.93
2026-06-01 08:36:30.480,NEW_DATA,3.4169,65.7166,139.93
2026-06-01 08:36:30.510,NEW_DATA,3.4152,65.7456,139.93
2026-06-01 08:36:30.541,NEW_DATA,3.4166,65.7747,139.93
2026-06-01 08:36:30.572,NEW_DATA,3.418,65.804,139.93
2026-06-01 08:36:30.603,NEW_DATA,3.4221,65.8334,139.93
2026-06-01 08:36:30.634,NEW_DATA,3.4159,65.8629,139.93
2026-06-01 08:36:30.664,NEW_DATA,3.4207,65.8925,139.93
2026-06-01 08:36:30.695,NEW_DATA,3.4187,65.9223,139.93
2026-06-01 08:36:30.727,NEW_DATA,3.4166,65.9673,139.93
2026-06-01 08:36:30.758,NEW_DATA,3.4166,65.9823,139.93
2026-06-01 08:36:30.790,NEW_DATA,3.4145,66.0277,139.93
2026-06-01 08:36:30.818,NEW_DATA,3.4145,66.0428,139.93
2026-06-01 08:36:30.848,NEW_DATA,3.4169,66.0733,139.93
2026-06-01 08:36:30.880,NEW_DATA,3.4194,66.1039,139.93
2026-06-01 08:36:30.910,NEW_DATA,3.4176,66.1346,139.93
2026-06-01 08:36:30.941,NEW_DATA,3.4221,66.1655,139.93
2026-06-01 08:36:30.973,NEW_DATA,3.4211,66.1964,139.93
2026-06-01 08:36:31.004,NEW_DATA,3.4194,66.2275,139.93
2026-06-01 08:36:31.036,NEW_DATA,3.4159,66.2588,139.93
2026-06-01 08:36:31.066,NEW_DATA,3.4159,66.2902,139.93
2026-06-01 08:36:31.097,NEW_DATA,3.4152,66.3217,139.93
2026-06-01 08:36:31.128,NEW_DATA,3.4159,66.3533,139.93
2026-06-01 08:36:31.163,NEW_DATA,3.4166,66.385,139.93
2026-06-01 08:36:31.191,NEW_DATA,3.4211,66.4169,139.93
2026-06-01 08:36:31.222,NEW_DATA,3.4207,66.4489,139.93
2026-06-01 08:36:31.254,NEW_DATA,3.4228,66.4811,139.93
2026-06-01 08:36:31.285,NEW_DATA,3.4235,66.5133,139.93
2026-06-01 08:36:31.315,NEW_DATA,3.4166,66.5457,139.93
2026-06-01 08:36:31.347,NEW_DATA,3.419,66.5782,139.93
2026-06-01 08:36:31.378,NEW_DATA,3.4152,66.6109,139.93
2026-06-01 08:36:31.410,NEW_DATA,3.418,66.6436,139.93
2026-06-01 08:36:31.440,NEW_DATA,3.4152,66.6765,139.93
2026-06-01 08:36:31.471,NEW_DATA,3.4169,66.7095,139.93
2026-06-01 08:36:31.502,NEW_DATA,3.4214,66.7427,139.93
2026-06-01 08:36:31.535,NEW_DATA,3.4183,66.7759,139.93
2026-06-01 08:36:31.566,NEW_DATA,3.4221,66.8093,139.93
2026-06-01 08:36:31.597,NEW_DATA,3.4214,66.8428,139.93
2026-06-01 08:36:31.626,NEW_DATA,3.4225,66.8764,139.93
2026-06-01 08:36:31.658,NEW_DATA,3.418,66.9101,139.93
2026-06-01 08:36:31.689,NEW_DATA,3.4166,66.944,139.93
2026-06-01 08:36:31.720,NEW_DATA,3.4166,66.995,139.93
2026-06-01 08:36:31.755,NEW_DATA,3.418,67.0121,139.93
2026-06-01 08:36:31.784,NEW_DATA,3.4228,67.0463,139.93
2026-06-01 08:36:31.815,NEW_DATA,3.418,67.0806,139.93
2026-06-01 08:36:31.847,NEW_DATA,3.4207,67.1151,139.93
2026-06-01 08:36:31.876,NEW_DATA,3.4204,67.1496,139.93
2026-06-01 08:36:31.906,NEW_DATA,3.4221,67.1843,139.93
2026-06-01 08:36:31.939,NEW_DATA,3.4166,67.2191,139.93
2026-06-01 08:36:31.968,NEW_DATA,3.4187,67.254,139.93
2026-06-01 08:36:32.001,NEW_DATA,3.4197,67.2891,139.93
2026-06-01 08:36:32.032,NEW_DATA,3.4169,67.3242,139.93
2026-06-01 08:36:32.063,NEW_DATA,3.4183,67.3595,139.93
2026-06-01 08:36:32.094,NEW_DATA,3.4207,67.3949,139.93
2026-06-01 08:36:32.124,NEW_DATA,3.4218,67.4481,139.93
2026-06-01 08:36:32.155,NEW_DATA,3.4207,67.4659,139.93
2026-06-01 08:36:32.187,NEW_DATA,3.4228,67.5017,139.93
2026-06-01 08:36:32.218,NEW_DATA,3.4235,67.5375,139.93
2026-06-01 08:36:32.250,NEW_DATA,3.4218,67.5734,139.93
2026-06-01 08:36:32.281,NEW_DATA,3.418,67.6095,139.93
2026-06-01 08:36:32.313,NEW_DATA,3.4159,67.6456,139.93
2026-06-01 08:36:32.343,NEW_DATA,3.4162,67.6819,139.93
2026-06-01 08:36:32.375,NEW_DATA,3.4166,67.7183,139.93
2026-06-01 08:36:32.407,NEW_DATA,3.4166,67.7548,139.93
2026-06-01 08:36:32.437,NEW_DATA,3.4228,67.7914,139.93
2026-06-01 08:36:32.470,NEW_DATA,3.4221,67.828,139.93
2026-06-01 08:36:32.502,NEW_DATA,3.4235,67.8649,139.93
2026-06-01 08:36:32.532,NEW_DATA,3.4207,67.9018,139.93
2026-06-01 08:36:32.567,NEW_DATA,3.4221,67.9388,139.93
2026-06-01 08:36:32.595,NEW_DATA,3.418,67.9759,139.93
2026-06-01 08:36:32.626,NEW_DATA,3.4159,68.0132,139.93
2026-06-01 08:36:32.658,NEW_DATA,3.4207,68.0505,139.93
2026-06-01 08:36:32.689,NEW_DATA,3.4169,68.0879,139.93
2026-06-01 08:36:32.722,NEW_DATA,3.4197,68.1443,139.93
2026-06-01 08:36:32.753,NEW_DATA,3.4194,68.1631,139.93
2026-06-01 08:36:32.785,NEW_DATA,3.4221,68.2009,139.93
2026-06-01 08:36:32.816,NEW_DATA,3.4225,68.2387,139.93
2026-06-01 08:36:32.847,NEW_DATA,3.4235,68.2767,139.93
2026-06-01 08:36:32.877,NEW_DATA,3.4204,68.3148,139.93
2026-06-01 08:36:32.908,NEW_DATA,3.4145,68.3529,139.93
2026-06-01 08:36:32.940,NEW_DATA,3.418,68.4103,139.93
2026-06-01 08:36:32.971,NEW_DATA,3.4166,68.4295,139.93
2026-06-01 08:36:33.002,NEW_DATA,3.4194,68.468,139.93
2026-06-01 08:36:33.035,NEW_DATA,3.4187,68.5065,139.93
2026-06-01 08:36:33.067,NEW_DATA,3.4221,68.5452,139.93
2026-06-01 08:36:33.097,NEW_DATA,3.4225,68.5839,139.93
2026-06-01 08:36:33.129,NEW_DATA,3.4266,68.6228,139.93
2026-06-01 08:36:33.159,NEW_DATA,3.4242,68.6617,139.93
2026-06-01 08:36:33.191,NEW_DATA,3.4239,68.7007,139.93
2026-06-01 08:36:33.221,NEW_DATA,3.4221,68.7399,139.93
2026-06-01 08:36:33.253,NEW_DATA,3.4187,68.7791,139.93
2026-06-01 08:36:33.286,NEW_DATA,3.418,68.8184,139.93
2026-06-01 08:36:33.315,NEW_DATA,3.4166,68.8578,139.93
2026-06-01 08:36:33.347,NEW_DATA,3.4218,68.8973,139.93
2026-06-01 08:36:33.379,NEW_DATA,3.4256,68.9369,139.93
2026-06-01 08:36:33.413,NEW_DATA,3.4235,68.9965,139.93
2026-06-01 08:36:33.444,NEW_DATA,3.4253,69.0164,139.93
2026-06-01 08:36:33.474,NEW_DATA,3.4232,69.0562,139.93
2026-06-01 08:36:33.506,NEW_DATA,3.4207,69.0962,139.93
2026-06-01 08:36:33.536,NEW_DATA,3.4225,69.1362,139.93
2026-06-01 08:36:33.569,NEW_DATA,3.4173,69.1764,139.93
2026-06-01 08:36:33.600,NEW_DATA,3.4103,69.2166,139.93
2026-06-01 08:36:33.632,NEW_DATA,3.418,69.2569,139.93
2026-06-01 08:36:33.661,NEW_DATA,3.4207,69.2973,139.93
2026-06-01 08:36:33.692,NEW_DATA,3.4207,69.3378,139.93
2026-06-01 08:36:33.723,NEW_DATA,3.4235,69.3783,139.93
2026-06-01 08:36:33.753,NEW_DATA,3.4214,69.419,139.93
2026-06-01 08:36:33.785,NEW_DATA,3.42,69.4597,139.93
2026-06-01 08:36:33.818,NEW_DATA,3.4214,69.5005,139.93
2026-06-01 08:36:33.848,NEW_DATA,3.4214,69.5414,139.93
2026-06-01 08:36:33.881,NEW_DATA,3.4155,69.5824,139.93
2026-06-01 08:36:33.911,NEW_DATA,3.4159,69.6235,139.93
2026-06-01 08:36:33.942,NEW_DATA,3.418,69.6646,139.93
2026-06-01 08:36:33.975,NEW_DATA,3.4211,69.7265,139.93
2026-06-01 08:36:34.005,NEW_DATA,3.4235,69.7471,139.93
2026-06-01 08:36:34.038,NEW_DATA,3.4214,69.7885,139.93
2026-06-01 08:36:34.069,NEW_DATA,3.4207,69.83,139.93
2026-06-01 08:36:34.102,NEW_DATA,3.4221,69.8715,139.93
2026-06-01 08:36:34.132,NEW_DATA,3.4221,69.9131,139.93
2026-06-01 08:36:34.165,NEW_DATA,3.4221,69.9548,139.93
2026-06-01 08:36:34.195,NEW_DATA,3.4173,69.9966,139.93
2026-06-01 08:36:34.228,NEW_DATA,3.418,70.0594,139.93
2026-06-01 08:36:34.255,NEW_DATA,3.4159,70.0803,139.93
2026-06-01 08:36:34.285,NEW_DATA,3.418,70.1223,139.93
2026-06-01 08:36:34.318,NEW_DATA,3.4228,70.1644,139.93
2026-06-01 08:36:34.346,NEW_DATA,3.4221,70.2065,139.93
2026-06-01 08:36:34.377,NEW_DATA,3.4235,70.2487,139.93
2026-06-01 08:36:34.409,NEW_DATA,3.4211,70.291,139.93
2026-06-01 08:36:34.440,NEW_DATA,3.4235,70.3333,139.93
2026-06-01 08:36:34.472,NEW_DATA,3.4194,70.3758,139.93
2026-06-01 08:36:34.503,NEW_DATA,3.418,70.4182,139.93
2026-06-01 08:36:34.534,NEW_DATA,3.418,70.4608,139.93
2026-06-01 08:36:34.566,NEW_DATA,3.4187,70.5034,139.93
2026-06-01 08:36:34.598,NEW_DATA,3.4169,70.5461,139.93
2026-06-01 08:36:34.628,NEW_DATA,3.418,70.5888,139.93
2026-06-01 08:36:34.659,NEW_DATA,3.4214,70.6317,139.93
2026-06-01 08:36:34.692,NEW_DATA,3.4221,70.6745,139.93
2026-06-01 08:36:34.722,NEW_DATA,3.4256,70.7175,139.93
2026-06-01 08:36:34.753,NEW_DATA,3.4221,70.7605,139.93
2026-06-01 08:36:34.784,NEW_DATA,3.4194,70.8036,139.93
2026-06-01 08:36:34.815,NEW_DATA,3.418,70.8467,139.93
2026-06-01 08:36:34.846,NEW_DATA,3.4166,70.8899,139.93
2026-06-01 08:36:34.876,NEW_DATA,3.4166,70.9331,139.93
2026-06-01 08:36:34.908,NEW_DATA,3.418,70.9764,139.93
2026-06-01 08:36:34.939,NEW_DATA,3.419,71.0198,139.93
2026-06-01 08:36:34.971,NEW_DATA,3.4249,71.0632,139.93
2026-06-01 08:36:35.002,NEW_DATA,3.4235,71.1067,139.93
2026-06-01 08:36:35.034,NEW_DATA,3.4225,71.1503,139.93
2026-06-01 08:36:35.066,NEW_DATA,3.4228,71.1938,139.93
2026-06-01 08:36:35.096,NEW_DATA,3.4194,71.2375,139.93
2026-06-01 08:36:35.128,NEW_DATA,3.4159,71.2812,139.93
2026-06-01 08:36:35.159,NEW_DATA,3.4187,71.3468,139.93
2026-06-01 08:36:35.190,NEW_DATA,3.4173,71.3688,139.93
2026-06-01 08:36:35.221,NEW_DATA,3.4225,71.4126,139.93
2026-06-01 08:36:35.252,NEW_DATA,3.4207,71.4565,139.93
2026-06-01 08:36:35.283,NEW_DATA,3.4221,71.5005,139.93
2026-06-01 08:36:35.314,NEW_DATA,3.4221,71.5445,139.93
2026-06-01 08:36:35.345,NEW_DATA,3.4259,71.5886,139.93
2026-06-01 08:36:35.377,NEW_DATA,3.4204,71.6327,139.93
2026-06-01 08:36:35.408,NEW_DATA,3.4197,71.6768,139.93
2026-06-01 08:36:35.439,NEW_DATA,3.418,71.721,139.93
2026-06-01 08:36:35.471,NEW_DATA,3.42,71.7652,139.93
2026-06-01 08:36:35.501,NEW_DATA,3.418,71.8095,139.93
2026-06-01 08:36:35.532,NEW_DATA,3.4225,71.8539,139.93
2026-06-01 08:36:35.564,NEW_DATA,3.42,71.8982,139.93
2026-06-01 08:36:35.596,NEW_DATA,3.4221,71.9426,139.93
2026-06-01 08:36:35.627,NEW_DATA,3.4239,71.9871,139.93
2026-06-01 08:36:35.658,NEW_DATA,3.4228,72.0316,139.93
2026-06-01 08:36:35.690,NEW_DATA,3.4207,72.0984,139.93
2026-06-01 08:36:35.720,NEW_DATA,3.4225,72.1207,139.93
2026-06-01 08:36:35.752,NEW_DATA,3.4173,72.1653,139.93
2026-06-01 08:36:35.783,NEW_DATA,3.4187,72.2099,139.93
2026-06-01 08:36:35.816,NEW_DATA,3.418,72.2546,139.93
2026-06-01 08:36:35.846,NEW_DATA,3.4235,72.3217,139.93
2026-06-01 08:36:35.878,NEW_DATA,3.4214,72.3441,139.93
2026-06-01 08:36:35.908,NEW_DATA,3.4242,72.3888,139.93
2026-06-01 08:36:35.941,NEW_DATA,3.4249,72.4336,139.93
2026-06-01 08:36:35.971,NEW_DATA,3.4253,72.4785,139.93
2026-06-01 08:36:36.005,NEW_DATA,3.4221,72.5234,139.93
2026-06-01 08:36:36.035,NEW_DATA,3.4242,72.5683,139.93
2026-06-01 08:36:36.067,NEW_DATA,3.4176,72.6132,139.93
2026-06-01 08:36:36.099,NEW_DATA,3.4197,72.6806,139.93
2026-06-01 08:36:36.131,NEW_DATA,3.4187,72.7031,139.93
2026-06-01 08:36:36.161,NEW_DATA,3.4197,72.7481,139.93
2026-06-01 08:36:36.193,NEW_DATA,3.4228,72.8157,139.93
2026-06-01 08:36:36.225,NEW_DATA,3.4249,72.8382,139.93
2026-06-01 08:36:36.256,NEW_DATA,3.4228,72.8833,139.93
2026-06-01 08:36:36.288,NEW_DATA,3.4239,72.9284,139.93
2026-06-01 08:36:36.320,NEW_DATA,3.4242,72.9735,139.93
2026-06-01 08:36:36.352,NEW_DATA,3.4232,73.0187,139.93
2026-06-01 08:36:36.382,NEW_DATA,3.4166,73.0638,139.93
2026-06-01 08:36:36.416,NEW_DATA,3.42,73.109,139.93
2026-06-01 08:36:36.445,NEW_DATA,3.4207,73.1542,139.93
2026-06-01 08:36:36.476,NEW_DATA,3.4214,73.1994,139.93
2026-06-01 08:36:36.508,NEW_DATA,3.4249,73.2447,139.93
2026-06-01 08:36:36.540,NEW_DATA,3.4266,73.2899,139.93
2026-06-01 08:36:36.570,NEW_DATA,3.4235,73.3352,139.93
2026-06-01 08:36:36.603,NEW_DATA,3.4239,73.3804,139.93
2026-06-01 08:36:36.636,NEW_DATA,3.4277,73.4257,139.93
2026-06-01 08:36:36.667,NEW_DATA,3.4228,73.471,139.93
2026-06-01 08:36:36.696,NEW_DATA,3.4207,73.5163,139.93
2026-06-01 08:36:36.728,NEW_DATA,3.4211,73.5616,139.93
2026-06-01 08:36:36.760,NEW_DATA,3.4207,73.6069,139.93
2026-06-01 08:36:36.791,NEW_DATA,3.4221,73.6522,139.93
2026-06-01 08:36:36.822,NEW_DATA,3.4235,73.6975,139.93
2026-06-01 08:36:36.860,NEW_DATA,3.4242,73.7655,139.93
2026-06-01 08:36:36.901,NEW_DATA,3.4246,73.7882,139.93
2026-06-01 08:36:36.934,NEW_DATA,3.4249,73.8335,139.93
2026-06-01 08:36:36.964,NEW_DATA,3.427,73.8789,139.93
2026-06-01 08:36:36.995,NEW_DATA,3.4263,73.9242,139.93
2026-06-01 08:36:37.028,NEW_DATA,3.4176,73.9922,139.93
2026-06-01 08:36:37.058,NEW_DATA,3.4183,74.0148,139.93
2026-06-01 08:36:37.089,NEW_DATA,3.4197,74.0602,139.93
2026-06-01 08:36:37.120,NEW_DATA,3.4207,74.1055,139.93
2026-06-01 08:36:37.153,NEW_DATA,3.4256,74.1508,139.93
2026-06-01 08:36:37.183,NEW_DATA,3.4235,74.1961,139.93
2026-06-01 08:36:37.215,NEW_DATA,3.4256,74.2414,139.93
2026-06-01 08:36:37.245,NEW_DATA,3.4253,74.2867,139.93
2026-06-01 08:36:37.277,NEW_DATA,3.4225,74.332,139.93
2026-06-01 08:36:37.309,NEW_DATA,3.4249,74.3773,139.93
2026-06-01 08:36:37.341,NEW_DATA,3.418,74.4225,139.93
2026-06-01 08:36:37.370,NEW_DATA,3.418,74.4678,139.93
2026-06-01 08:36:37.403,NEW_DATA,3.4228,74.513,139.93
2026-06-01 08:36:37.435,NEW_DATA,3.4207,74.5582,139.93
2026-06-01 08:36:37.467,NEW_DATA,3.427,74.6034,139.93
2026-06-01 08:36:37.496,NEW_DATA,3.4239,74.6486,139.93
2026-06-01 08:36:37.529,NEW_DATA,3.4256,74.6937,139.93
2026-06-01 08:36:37.560,NEW_DATA,3.4263,74.7389,139.93
2026-06-01 08:36:37.591,NEW_DATA,3.4249,74.784,139.93
2026-06-01 08:36:37.623,NEW_DATA,3.4235,74.8291,139.93
2026-06-01 08:36:37.653,NEW_DATA,3.4207,74.8742,139.93
2026-06-01 08:36:37.685,NEW_DATA,3.4194,74.9192,139.93
2026-06-01 08:36:37.716,NEW_DATA,3.4194,74.9643,139.93
2026-06-01 08:36:37.747,NEW_DATA,3.4221,75.0317,139.93
2026-06-01 08:36:37.777,NEW_DATA,3.4239,75.0767,139.93
2026-06-01 08:36:37.809,NEW_DATA,3.4221,75.0992,139.93
2026-06-01 08:36:37.840,NEW_DATA,3.4259,75.1441,139.93
2026-06-01 08:36:37.872,NEW_DATA,3.4256,75.189,139.93
2026-06-01 08:36:37.903,NEW_DATA,3.4239,75.2338,139.93
2026-06-01 08:36:37.936,NEW_DATA,3.4225,75.2786,139.93
2026-06-01 08:36:37.965,NEW_DATA,3.4214,75.3234,139.93
2026-06-01 08:36:38.000,NEW_DATA,3.4207,75.3681,139.93
2026-06-01 08:36:38.030,NEW_DATA,3.4197,75.4128,139.93
2026-06-01 08:36:38.059,NEW_DATA,3.4211,75.4575,139.93
2026-06-01 08:36:38.091,NEW_DATA,3.4239,75.5021,139.93
2026-06-01 08:36:38.122,NEW_DATA,3.4284,75.5467,139.93
2026-06-01 08:36:38.154,NEW_DATA,3.4249,75.5912,139.93
2026-06-01 08:36:38.186,NEW_DATA,3.4253,75.6357,139.93
2026-06-01 08:36:38.220,NEW_DATA,3.4277,75.6802,139.93
2026-06-01 08:36:38.250,NEW_DATA,3.4242,75.7246,139.93
2026-06-01 08:36:38.280,NEW_DATA,3.4232,75.7689,139.93
2026-06-01 08:36:38.311,NEW_DATA,3.4207,75.8133,139.93
2026-06-01 08:36:38.344,NEW_DATA,3.4228,75.8575,139.93
2026-06-01 08:36:38.375,NEW_DATA,3.4242,75.9238,139.93
2026-06-01 08:36:38.406,NEW_DATA,3.4221,75.9459,139.93
2026-06-01 08:36:38.437,NEW_DATA,3.4256,75.99,139.93
2026-06-01 08:36:38.469,NEW_DATA,3.4263,76.034,139.93
2026-06-01 08:36:38.501,NEW_DATA,3.4266,76.078,139.93
2026-06-01 08:36:38.532,NEW_DATA,3.427,76.1219,139.93
2026-06-01 08:36:38.562,NEW_DATA,3.4235,76.1658,139.93
2026-06-01 08:36:38.593,NEW_DATA,3.4207,76.2096,139.93
2026-06-01 08:36:38.625,NEW_DATA,3.4204,76.2534,139.93
2026-06-01 08:36:38.657,NEW_DATA,3.4194,76.2971,139.93
2026-06-01 08:36:38.690,NEW_DATA,3.4221,76.3407,139.93
2026-06-01 08:36:38.720,NEW_DATA,3.4249,76.3842,139.93
2026-06-01 08:36:38.750,NEW_DATA,3.4256,76.4277,139.93
2026-06-01 08:36:38.782,NEW_DATA,3.4249,76.4711,139.93
2026-06-01 08:36:38.813,NEW_DATA,3.4249,76.5145,139.93
2026-06-01 08:36:38.844,NEW_DATA,3.4253,76.5578,139.93
2026-06-01 08:36:38.875,NEW_DATA,3.4253,76.601,139.93
2026-06-01 08:36:38.908,NEW_DATA,3.4218,76.6441,139.93
2026-06-01 08:36:38.939,NEW_DATA,3.4235,76.6872,139.93
2026-06-01 08:36:38.971,NEW_DATA,3.4225,76.7301,139.93
2026-06-01 08:36:39.006,NEW_DATA,3.4194,76.7945,139.93
2026-06-01 08:36:39.034,NEW_DATA,3.4253,76.8159,139.93
2026-06-01 08:36:39.065,NEW_DATA,3.428,76.88,139.93
2026-06-01 08:36:39.094,NEW_DATA,3.4284,76.9013,139.93
2026-06-01 08:36:39.125,NEW_DATA,3.4263,76.9439,139.93
2026-06-01 08:36:39.156,NEW_DATA,3.4266,76.9864,139.93
2026-06-01 08:36:39.188,NEW_DATA,3.4242,77.0288,139.93
2026-06-01 08:36:39.221,NEW_DATA,3.4214,77.0711,139.93
2026-06-01 08:36:39.250,NEW_DATA,3.4235,77.1133,139.93
2026-06-01 08:36:39.281,NEW_DATA,3.419,77.1555,139.93
2026-06-01 08:36:39.311,NEW_DATA,3.4211,77.1975,139.93
2026-06-01 08:36:39.342,NEW_DATA,3.4242,77.2395,139.93
2026-06-01 08:36:39.374,NEW_DATA,3.4291,77.2813,139.93
2026-06-01 08:36:39.405,NEW_DATA,3.4284,77.3231,139.93
2026-06-01 08:36:39.438,NEW_DATA,3.4277,77.3648,139.93
2026-06-01 08:36:39.470,NEW_DATA,3.4294,77.4063,139.93
2026-06-01 08:36:39.500,NEW_DATA,3.4235,77.4478,139.93
2026-06-01 08:36:39.533,NEW_DATA,3.4235,77.4892,139.93
2026-06-01 08:36:39.563,NEW_DATA,3.4228,77.5305,139.93
2026-06-01 08:36:39.594,NEW_DATA,3.4194,77.5716,139.93
2026-06-01 08:36:39.626,NEW_DATA,3.4249,77.6127,139.93
2026-06-01 08:36:39.657,NEW_DATA,3.4239,77.6536,139.93
2026-06-01 08:36:39.689,NEW_DATA,3.4256,77.6945,139.93
2026-06-01 08:36:39.720,NEW_DATA,3.4291,77.7352,139.93
2026-06-01 08:36:39.750,NEW_DATA,3.4291,77.7758,139.93
2026-06-01 08:36:39.783,NEW_DATA,3.4249,77.8163,139.93
2026-06-01 08:36:39.814,NEW_DATA,3.4249,77.8567,139.93
2026-06-01 08:36:39.845,NEW_DATA,3.4214,77.897,139.93
2026-06-01 08:36:39.877,NEW_DATA,3.4173,77.9371,139.93
2026-06-01 08:36:39.908,NEW_DATA,3.4173,77.9772,139.93
2026-06-01 08:36:39.939,NEW_DATA,3.4235,78.0171,139.93
2026-06-01 08:36:39.971,NEW_DATA,3.4242,78.0569,139.93
2026-06-01 08:36:40.001,NEW_DATA,3.4235,78.0965,139.93
2026-06-01 08:36:40.032,NEW_DATA,3.4277,78.1361,139.93
2026-06-01 08:36:40.066,NEW_DATA,3.4253,78.1952,139.93
2026-06-01 08:36:40.096,NEW_DATA,3.4266,78.2148,139.93
2026-06-01 08:36:40.128,NEW_DATA,3.4249,78.254,139.93
2026-06-01 08:36:40.159,NEW_DATA,3.4194,78.293,139.93
2026-06-01 08:36:40.190,NEW_DATA,3.418,78.3319,139.93
2026-06-01 08:36:40.222,NEW_DATA,3.4235,78.3706,139.93
2026-06-01 08:36:40.252,NEW_DATA,3.4228,78.4093,139.93
2026-06-01 08:36:40.284,NEW_DATA,3.4221,78.4477,139.93
2026-06-01 08:36:40.315,NEW_DATA,3.4239,78.4861,139.93
2026-06-01 08:36:40.349,NEW_DATA,3.4273,78.5243,139.93
2026-06-01 08:36:40.379,NEW_DATA,3.4253,78.5624,139.93
2026-06-01 08:36:40.410,NEW_DATA,3.4239,78.6003,139.93
2026-06-01 08:36:40.442,NEW_DATA,3.4207,78.6381,139.93
2026-06-01 08:36:40.474,NEW_DATA,3.42,78.6757,139.93
2026-06-01 08:36:40.505,NEW_DATA,3.4194,78.7132,139.93
2026-06-01 08:36:40.535,NEW_DATA,3.4221,78.7505,139.93
2026-06-01 08:36:40.569,NEW_DATA,3.4225,78.8062,139.93
2026-06-01 08:36:40.597,NEW_DATA,3.4246,78.8247,139.93
2026-06-01 08:36:40.628,NEW_DATA,3.4239,78.8616,139.93
2026-06-01 08:36:40.660,NEW_DATA,3.4256,78.8983,139.93
2026-06-01 08:36:40.692,NEW_DATA,3.427,78.9349,139.93
2026-06-01 08:36:40.723,NEW_DATA,3.4239,78.9713,139.93
2026-06-01 08:36:40.754,NEW_DATA,3.4235,79.0075,139.93
2026-06-01 08:36:40.786,NEW_DATA,3.4221,79.0436,139.93
2026-06-01 08:36:40.818,NEW_DATA,3.4235,79.0795,139.93
2026-06-01 08:36:40.849,NEW_DATA,3.4235,79.1331,139.93
2026-06-01 08:36:40.881,NEW_DATA,3.4221,79.1509,139.93
2026-06-01 08:36:40.912,NEW_DATA,3.4235,79.1863,139.93
2026-06-01 08:36:40.944,NEW_DATA,3.4263,79.2215,139.93
2026-06-01 08:36:40.974,NEW_DATA,3.4242,79.2566,139.93
2026-06-01 08:36:41.007,NEW_DATA,3.4277,79.2915,139.93
2026-06-01 08:36:41.036,NEW_DATA,3.4256,79.3262,139.93
2026-06-01 08:36:41.068,NEW_DATA,3.4242,79.3608,139.93
2026-06-01 08:36:41.100,NEW_DATA,3.4187,79.4122,139.93
2026-06-01 08:36:41.131,NEW_DATA,3.4194,79.4293,139.93
2026-06-01 08:36:41.161,NEW_DATA,3.4194,79.4633,139.93
2026-06-01 08:36:41.194,NEW_DATA,3.4221,79.4972,139.93
2026-06-01 08:36:41.226,NEW_DATA,3.4235,79.5308,139.93
2026-06-01 08:36:41.258,NEW_DATA,3.4263,79.5642,139.93
2026-06-01 08:36:41.290,NEW_DATA,3.4277,79.5975,139.93
2026-06-01 08:36:41.320,NEW_DATA,3.4298,79.6306,139.93
2026-06-01 08:36:41.350,NEW_DATA,3.4266,79.6635,139.93
2026-06-01 08:36:41.382,NEW_DATA,3.427,79.6962,139.93
2026-06-01 08:36:41.414,NEW_DATA,3.4256,79.7287,139.93
2026-06-01 08:36:41.444,NEW_DATA,3.4242,79.761,139.93
2026-06-01 08:36:41.475,NEW_DATA,3.4249,79.7931,139.93
2026-06-01 08:36:41.507,NEW_DATA,3.4291,79.825,139.93
2026-06-01 08:36:41.538,NEW_DATA,3.4291,79.8567,139.93
2026-06-01 08:36:41.572,NEW_DATA,3.4332,79.8882,139.93
2026-06-01 08:36:41.600,NEW_DATA,3.4311,79.9195,139.93
2026-06-01 08:36:41.630,NEW_DATA,3.4322,79.9506,139.93
2026-06-01 08:36:41.661,NEW_DATA,3.4308,79.9815,139.93
2026-06-01 08:36:41.692,NEW_DATA,3.428,80.0122,139.93
2026-06-01 08:36:41.722,NEW_DATA,3.4235,80.0426,139.93
2026-06-01 08:36:41.758,NEW_DATA,3.4221,80.0879,139.93
2026-06-01 08:36:41.785,NEW_DATA,3.4228,80.1029,139.93
2026-06-01 08:36:41.816,NEW_DATA,3.428,80.1328,139.93
2026-06-01 08:36:41.847,NEW_DATA,3.4277,80.1624,139.93
2026-06-01 08:36:41.878,NEW_DATA,3.4266,80.1918,139.93
2026-06-01 08:36:41.908,NEW_DATA,3.4277,80.2209,139.93
2026-06-01 08:36:41.941,NEW_DATA,3.4318,80.2499,139.93
2026-06-01 08:36:41.972,NEW_DATA,3.4277,80.2786,139.93
2026-06-01 08:36:42.003,NEW_DATA,3.4266,80.3071,139.93
2026-06-01 08:36:42.036,NEW_DATA,3.4225,80.3495,141.1129
2026-06-01 08:36:42.068,NEW_DATA,3.4221,80.3636,141.1129
2026-06-01 08:36:42.098,NEW_DATA,3.4221,80.3918,141.1129
2026-06-01 08:36:42.133,NEW_DATA,3.4263,80.4339,141.1129
2026-06-01 08:36:42.162,NEW_DATA,3.4263,80.4479,141.1129
2026-06-01 08:36:42.193,NEW_DATA,3.4277,80.4759,141.1129
2026-06-01 08:36:42.225,NEW_DATA,3.4291,80.5038,141.1129
2026-06-01 08:36:42.255,NEW_DATA,3.4291,80.5317,141.1129
2026-06-01 08:36:42.288,NEW_DATA,3.4263,80.5595,141.1129
2026-06-01 08:36:42.319,NEW_DATA,3.427,80.5872,141.1129
2026-06-01 08:36:42.349,NEW_DATA,3.4235,80.6149,141.1129
2026-06-01 08:36:42.381,NEW_DATA,3.4242,80.6425,141.1129
2026-06-01 08:36:42.412,NEW_DATA,3.4207,80.6701,141.1129
2026-06-01 08:36:42.443,NEW_DATA,3.4239,80.6976,141.1129
2026-06-01 08:36:42.476,NEW_DATA,3.428,80.7251,141.1129
2026-06-01 08:36:42.506,NEW_DATA,3.4277,80.7525,141.1129
2026-06-01 08:36:42.538,NEW_DATA,3.427,80.7798,141.1129
2026-06-01 08:36:42.570,NEW_DATA,3.427,80.8071,141.1129
2026-06-01 08:36:42.600,NEW_DATA,3.4214,80.8343,141.1129
2026-06-01 08:36:42.632,NEW_DATA,3.4228,80.8615,141.1129
2026-06-01 08:36:42.665,NEW_DATA,3.4242,80.8886,141.1129
2026-06-01 08:36:42.694,NEW_DATA,3.4207,80.9156,141.1129
2026-06-01 08:36:42.728,NEW_DATA,3.4207,80.9426,141.1129
2026-06-01 08:36:42.761,NEW_DATA,3.4235,80.9695,141.1129
2026-06-01 08:36:42.789,NEW_DATA,3.4266,80.9964,141.1129
2026-06-01 08:36:42.820,NEW_DATA,3.4249,81.0232,141.1129
2026-06-01 08:36:42.851,NEW_DATA,3.4287,81.05,141.1129
2026-06-01 08:36:42.882,NEW_DATA,3.4263,81.0767,141.1129
2026-06-01 08:36:42.913,NEW_DATA,3.4256,81.1034,141.1129
2026-06-01 08:36:42.946,NEW_DATA,3.4249,81.13,141.1129
2026-06-01 08:36:42.976,NEW_DATA,3.4235,81.1565,141.1129
2026-06-01 08:36:43.009,NEW_DATA,3.4225,81.183,141.1129
2026-06-01 08:36:43.039,NEW_DATA,3.4211,81.2227,141.1129
2026-06-01 08:36:43.072,NEW_DATA,3.4253,81.2358,141.1129
2026-06-01 08:36:43.103,NEW_DATA,3.4242,81.2622,141.1129
2026-06-01 08:36:43.135,NEW_DATA,3.427,81.2884,141.1129
2026-06-01 08:36:43.165,NEW_DATA,3.4263,81.3147,141.1129
2026-06-01 08:36:43.196,NEW_DATA,3.4284,81.3408,141.1129
2026-06-01 08:36:43.229,NEW_DATA,3.4249,81.3669,141.1129
2026-06-01 08:36:43.260,NEW_DATA,3.4235,81.393,141.1129
2026-06-01 08:36:43.292,NEW_DATA,3.4173,81.419,141.1129
2026-06-01 08:36:43.325,NEW_DATA,3.4228,81.4579,141.1129
2026-06-01 08:36:43.354,NEW_DATA,3.4273,81.4837,141.1129
2026-06-01 08:36:43.387,NEW_DATA,3.4221,81.4967,141.1129
2026-06-01 08:36:43.418,NEW_DATA,3.4266,81.5225,141.1129
2026-06-01 08:36:43.448,NEW_DATA,3.4291,81.5482,141.1129
2026-06-01 08:36:43.480,NEW_DATA,3.4256,81.5739,141.1129
2026-06-01 08:36:43.512,NEW_DATA,3.4266,81.5995,141.1129
2026-06-01 08:36:43.544,NEW_DATA,3.427,81.6251,141.1129
2026-06-01 08:36:43.576,NEW_DATA,3.4239,81.6506,141.1129
2026-06-01 08:36:43.606,NEW_DATA,3.4211,81.6761,141.1129
2026-06-01 08:36:43.640,NEW_DATA,3.42,81.7015,141.1129
2026-06-01 08:36:43.670,NEW_DATA,3.4207,81.7269,141.1129
2026-06-01 08:36:43.702,NEW_DATA,3.4263,81.7648,141.1129
2026-06-01 08:36:43.731,NEW_DATA,3.4263,81.7774,141.1129
2026-06-01 08:36:43.763,NEW_DATA,3.4263,81.8027,141.1129
2026-06-01 08:36:43.795,NEW_DATA,3.427,81.8278,141.1129
2026-06-01 08:36:43.826,NEW_DATA,3.4253,81.8529,141.1129
2026-06-01 08:36:43.856,NEW_DATA,3.4263,81.878,141.1129
2026-06-01 08:36:43.888,NEW_DATA,3.4239,81.903,141.1129
2026-06-01 08:36:43.918,NEW_DATA,3.418,81.928,141.1129
2026-06-01 08:36:43.949,NEW_DATA,3.4207,81.9529,141.1129
2026-06-01 08:36:43.981,NEW_DATA,3.4207,81.9778,141.1129
2026-06-01 08:36:44.014,NEW_DATA,3.4204,82.0026,141.1129
2026-06-01 08:36:44.048,NEW_DATA,3.4263,82.0273,141.1129
2026-06-01 08:36:44.076,NEW_DATA,3.4249,82.052,141.1129
2026-06-01 08:36:44.109,NEW_DATA,3.4263,82.0767,141.1129
2026-06-01 08:36:44.139,NEW_DATA,3.4249,82.1013,141.1129
2026-06-01 08:36:44.172,NEW_DATA,3.4256,82.1259,141.1129
2026-06-01 08:36:44.202,NEW_DATA,3.4246,82.1504,141.1129
2026-06-01 08:36:44.233,NEW_DATA,3.4221,82.1749,141.1129
2026-06-01 08:36:44.266,NEW_DATA,3.4207,82.1993,141.1129
2026-06-01 08:36:44.298,NEW_DATA,3.4225,82.2237,141.1129
2026-06-01 08:36:44.330,NEW_DATA,3.4221,82.248,141.1129
2026-06-01 08:36:44.363,NEW_DATA,3.4263,82.2723,141.1129
2026-06-01 08:36:44.394,NEW_DATA,3.4284,82.2965,141.1129
2026-06-01 08:36:44.424,NEW_DATA,3.4256,82.3207,141.1129
2026-06-01 08:36:44.454,NEW_DATA,3.4277,82.3448,141.1129
2026-06-01 08:36:44.486,NEW_DATA,3.4235,82.3689,141.1129
2026-06-01 08:36:44.519,NEW_DATA,3.4242,82.393,141.1129
2026-06-01 08:36:44.551,NEW_DATA,3.4214,82.417,141.1129
2026-06-01 08:36:44.581,NEW_DATA,3.4214,82.4409,141.1129
2026-06-01 08:36:44.615,NEW_DATA,3.4197,82.4649,141.1129
2026-06-01 08:36:44.646,NEW_DATA,3.4221,82.4887,141.1129
2026-06-01 08:36:44.676,NEW_DATA,3.4242,82.5125,141.1129
2026-06-01 08:36:44.708,NEW_DATA,3.4249,82.5363,141.1129
2026-06-01 08:36:44.739,NEW_DATA,3.4266,82.56,141.1129
2026-06-01 08:36:44.770,NEW_DATA,3.4249,82.5955,141.1129
2026-06-01 08:36:44.801,NEW_DATA,3.4235,82.6073,141.1129
2026-06-01 08:36:44.832,NEW_DATA,3.42,82.6427,141.1129
2026-06-01 08:36:44.864,NEW_DATA,3.4235,82.6545,141.1129
2026-06-01 08:36:44.897,NEW_DATA,3.4235,82.678,141.1129
2026-06-01 08:36:44.927,NEW_DATA,3.4221,82.7014,141.1129
2026-06-01 08:36:44.957,NEW_DATA,3.4228,82.7249,141.1129
2026-06-01 08:36:44.990,NEW_DATA,3.4214,82.7482,141.1129
2026-06-01 08:36:45.021,NEW_DATA,3.4277,82.7716,141.1129
2026-06-01 08:36:45.051,NEW_DATA,3.4263,82.7949,141.1129
2026-06-01 08:36:45.083,NEW_DATA,3.4235,82.8181,141.1129
2026-06-01 08:36:45.115,NEW_DATA,3.4242,82.8413,141.1129
2026-06-01 08:36:45.146,NEW_DATA,3.4221,82.8645,141.1129
2026-06-01 08:36:45.176,NEW_DATA,3.4183,82.8876,141.1129
2026-06-01 08:36:45.207,NEW_DATA,3.4194,82.9107,141.1129
2026-06-01 08:36:45.239,NEW_DATA,3.4207,82.9337,141.1129
2026-06-01 08:36:45.270,NEW_DATA,3.4235,82.9682,141.1129
2026-06-01 08:36:45.302,NEW_DATA,3.427,82.9796,141.1129
2026-06-01 08:36:45.332,NEW_DATA,3.4263,83.0026,141.1129
2026-06-01 08:36:45.363,NEW_DATA,3.4266,83.0254,141.1129
2026-06-01 08:36:45.396,NEW_DATA,3.4253,83.0483,141.1129
2026-06-01 08:36:45.427,NEW_DATA,3.4232,83.0824,141.1129
2026-06-01 08:36:45.457,NEW_DATA,3.4249,83.0938,141.1129
2026-06-01 08:36:45.489,NEW_DATA,3.4211,83.1165,141.1129
2026-06-01 08:36:45.519,NEW_DATA,3.4225,83.1392,141.1129
2026-06-01 08:36:45.551,NEW_DATA,3.42,83.1618,141.1129
2026-06-01 08:36:45.585,NEW_DATA,3.4221,83.1844,141.1129
2026-06-01 08:36:45.616,NEW_DATA,3.4228,83.207,141.1129
2026-06-01 08:36:45.649,NEW_DATA,3.4249,83.2295,141.1129
2026-06-01 08:36:45.679,NEW_DATA,3.4256,83.2519,141.1129
2026-06-01 08:36:45.711,NEW_DATA,3.4239,83.2744,141.1129
2026-06-01 08:36:45.742,NEW_DATA,3.4239,83.2968,141.1129
2026-06-01 08:36:45.774,NEW_DATA,3.4239,83.3192,141.1129
2026-06-01 08:36:45.804,NEW_DATA,3.4187,83.3415,141.1129
2026-06-01 08:36:45.836,NEW_DATA,3.4194,83.3638,141.1129
2026-06-01 08:36:45.868,NEW_DATA,3.4211,83.386,141.1129
2026-06-01 08:36:45.899,NEW_DATA,3.4218,83.4082,141.1129
2026-06-01 08:36:45.930,NEW_DATA,3.4263,83.4304,141.1129
2026-06-01 08:36:45.963,NEW_DATA,3.4291,83.4525,141.1129
2026-06-01 08:36:45.993,NEW_DATA,3.4253,83.4746,141.1129
2026-06-01 08:36:46.025,NEW_DATA,3.4239,83.4967,141.1129
2026-06-01 08:36:46.056,NEW_DATA,3.4221,83.5298,141.1129
2026-06-01 08:36:46.089,NEW_DATA,3.4214,83.5407,141.1129
2026-06-01 08:36:46.120,NEW_DATA,3.4194,83.5627,141.1129
2026-06-01 08:36:46.151,NEW_DATA,3.418,83.5846,141.1129
2026-06-01 08:36:46.184,NEW_DATA,3.4187,83.6065,141.1129
2026-06-01 08:36:46.214,NEW_DATA,3.4249,83.6284,141.1129
2026-06-01 08:36:46.246,NEW_DATA,3.4207,83.6502,141.1129
2026-06-01 08:36:46.277,NEW_DATA,3.4228,83.672,141.1129
2026-06-01 08:36:46.308,NEW_DATA,3.4235,83.6938,141.1129
2026-06-01 08:36:46.342,NEW_DATA,3.4277,83.7155,141.1129
2026-06-01 08:36:46.369,NEW_DATA,3.4239,83.7372,141.1129
2026-06-01 08:36:46.401,NEW_DATA,3.4207,83.7697,141.1129
2026-06-01 08:36:46.432,NEW_DATA,3.4152,83.7805,141.1129
2026-06-01 08:36:46.465,NEW_DATA,3.4159,83.8128,141.1129
2026-06-01 08:36:46.495,NEW_DATA,3.418,83.8236,141.1129
2026-06-01 08:36:46.524,NEW_DATA,3.42,83.8452,141.1129
2026-06-01 08:36:46.557,NEW_DATA,3.4235,83.8666,141.1129
2026-06-01 08:36:46.588,NEW_DATA,3.4249,83.8881,141.1129
2026-06-01 08:36:46.618,NEW_DATA,3.4235,83.9095,141.1129
2026-06-01 08:36:46.651,NEW_DATA,3.4235,83.931,141.1129
2026-06-01 08:36:46.683,NEW_DATA,3.4221,83.9523,141.1129
2026-06-01 08:36:46.714,NEW_DATA,3.4221,83.9737,141.1129
2026-06-01 08:36:46.746,NEW_DATA,3.4166,83.995,141.1129
2026-06-01 08:36:46.774,NEW_DATA,3.418,84.0163,141.1129
2026-06-01 08:36:46.806,NEW_DATA,3.4187,84.0375,141.1129
2026-06-01 08:36:46.836,NEW_DATA,3.4235,84.0693,141.1129
2026-06-01 08:36:46.869,NEW_DATA,3.4242,84.0799,141.1129
2026-06-01 08:36:46.899,NEW_DATA,3.4228,84.1011,141.1129
2026-06-01 08:36:46.932,NEW_DATA,3.4228,84.1222,141.1129
2026-06-01 08:36:46.963,NEW_DATA,3.4225,84.1433,141.1129
2026-06-01 08:36:46.993,NEW_DATA,3.42,84.175,141.1129
2026-06-01 08:36:47.024,NEW_DATA,3.42,84.1855,141.1129
2026-06-01 08:36:47.055,NEW_DATA,3.4211,84.2065,141.1129
2026-06-01 08:36:47.086,NEW_DATA,3.4166,84.2275,141.1129
2026-06-01 08:36:47.117,NEW_DATA,3.4152,84.2485,141.1129
2026-06-01 08:36:47.148,NEW_DATA,3.4194,84.2694,141.1129
2026-06-01 08:36:47.180,NEW_DATA,3.4221,84.2903,141.1129
2026-06-01 08:36:47.210,NEW_DATA,3.4228,84.3112,141.1129
2026-06-01 08:36:47.243,NEW_DATA,3.4256,84.3321,141.1129
2026-06-01 08:36:47.273,NEW_DATA,3.4242,84.3529,141.1129
2026-06-01 08:36:47.304,NEW_DATA,3.4228,84.3737,141.1129
2026-06-01 08:36:47.336,NEW_DATA,3.4256,84.3945,141.1129
2026-06-01 08:36:47.368,NEW_DATA,3.4166,84.4153,141.1129
2026-06-01 08:36:47.400,NEW_DATA,3.4173,84.436,141.1129
2026-06-01 08:36:47.432,NEW_DATA,3.418,84.4567,141.1129
2026-06-01 08:36:47.466,NEW_DATA,3.4194,84.4774,141.1129
2026-06-01 08:36:47.494,NEW_DATA,3.4218,84.4981,141.1129
2026-06-01 08:36:47.525,NEW_DATA,3.4235,84.5187,141.1129
2026-06-01 08:36:47.557,NEW_DATA,3.4228,84.5394,141.1129
2026-06-01 08:36:47.588,NEW_DATA,3.4235,84.56,141.1129
2026-06-01 08:36:47.619,NEW_DATA,3.42,84.5805,141.1129
2026-06-01 08:36:47.651,NEW_DATA,3.4235,84.6011,141.1129
2026-06-01 08:36:47.683,NEW_DATA,3.418,84.6216,141.1129
2026-06-01 08:36:47.714,NEW_DATA,3.4152,84.6421,141.1129
2026-06-01 08:36:47.746,NEW_DATA,3.4173,84.6626,141.1129
2026-06-01 08:36:47.776,NEW_DATA,3.4214,84.6831,141.1129
2026-06-01 08:36:47.805,NEW_DATA,3.4214,84.7035,141.1129
2026-06-01 08:36:47.836,NEW_DATA,3.4284,84.7239,141.1129
2026-06-01 08:36:47.870,NEW_DATA,3.4221,84.7443,141.1129
2026-06-01 08:36:47.900,NEW_DATA,3.4291,84.7647,141.1129
2026-06-01 08:36:47.932,NEW_DATA,3.4221,84.7851,141.1129
2026-06-01 08:36:47.963,NEW_DATA,3.4228,84.8054,141.1129
2026-06-01 08:36:47.994,NEW_DATA,3.4187,84.8257,141.1129
2026-06-01 08:36:48.027,NEW_DATA,3.4173,84.846,141.1129
2026-06-01 08:36:48.058,NEW_DATA,3.4162,84.8663,141.1129
2026-06-01 08:36:48.089,NEW_DATA,3.4204,84.8866,141.1129
2026-06-01 08:36:48.120,NEW_DATA,3.4221,84.9068,141.1129
2026-06-01 08:36:48.152,NEW_DATA,3.4249,84.9271,141.1129
2026-06-01 08:36:48.183,NEW_DATA,3.4259,84.9473,141.1129
2026-06-01 08:36:48.216,NEW_DATA,3.4246,84.9675,141.1129
2026-06-01 08:36:48.246,NEW_DATA,3.4253,84.9876,141.1129
2026-06-01 08:36:48.278,NEW_DATA,3.4207,85.0078,141.1129
2026-06-01 08:36:48.308,NEW_DATA,3.4194,85.0279,141.1129
2026-06-01 08:36:48.339,NEW_DATA,3.4173,85.0481,141.1129
2026-06-01 08:36:48.370,NEW_DATA,3.418,85.0682,141.1129
2026-06-01 08:36:48.403,NEW_DATA,3.4214,85.0983,141.1129
2026-06-01 08:36:48.433,NEW_DATA,3.4207,85.1084,141.1129
2026-06-01 08:36:48.465,NEW_DATA,3.4232,85.1284,141.1129
2026-06-01 08:36:48.497,NEW_DATA,3.4266,85.1485,141.1129
2026-06-01 08:36:48.528,NEW_DATA,3.4235,85.1785,141.1129
2026-06-01 08:36:48.560,NEW_DATA,3.4242,85.1885,141.1129
2026-06-01 08:36:48.589,NEW_DATA,3.42,85.2085,141.1129
2026-06-01 08:36:48.620,NEW_DATA,3.4166,85.2285,141.1129
2026-06-01 08:36:48.652,NEW_DATA,3.4155,85.2485,141.1129
2026-06-01 08:36:48.683,NEW_DATA,3.4187,85.2685,141.1129
2026-06-01 08:36:48.716,NEW_DATA,3.4235,85.2884,141.1129
2026-06-01 08:36:48.746,NEW_DATA,3.4228,85.3083,141.1129
2026-06-01 08:36:48.778,NEW_DATA,3.4214,85.3283,141.1129
2026-06-01 08:36:48.810,NEW_DATA,3.427,85.3482,141.1129
2026-06-01 08:36:48.841,NEW_DATA,3.4221,85.3681,141.1129
2026-06-01 08:36:48.872,NEW_DATA,3.4228,85.388,141.1129
2026-06-01 08:36:48.902,NEW_DATA,3.418,85.4079,141.1129
2026-06-01 08:36:48.935,NEW_DATA,3.4166,85.4277,141.1129
2026-06-01 08:36:48.965,NEW_DATA,3.4169,85.4476,141.1129
2026-06-01 08:36:48.996,NEW_DATA,3.4214,85.4674,141.1129
2026-06-01 08:36:49.029,NEW_DATA,3.42,85.4873,141.1129
2026-06-01 08:36:49.061,NEW_DATA,3.4187,85.5071,141.1129
2026-06-01 08:36:49.091,NEW_DATA,3.4214,85.5269,141.1129
2026-06-01 08:36:49.122,NEW_DATA,3.4235,85.5467,141.1129
2026-06-01 08:36:49.153,NEW_DATA,3.4235,85.5666,141.1129
2026-06-01 08:36:49.184,NEW_DATA,3.4221,85.5863,141.1129
2026-06-01 08:36:49.219,NEW_DATA,3.4204,85.6061,141.1129
2026-06-01 08:36:49.247,NEW_DATA,3.4187,85.6259,141.1129
2026-06-01 08:36:49.279,NEW_DATA,3.418,85.6457,141.1129
2026-06-01 08:36:49.310,NEW_DATA,3.419,85.6654,141.1129
2026-06-01 08:36:49.340,NEW_DATA,3.4194,85.6852,141.1129
2026-06-01 08:36:49.370,NEW_DATA,3.4207,85.705,141.1129
2026-06-01 08:36:49.401,NEW_DATA,3.4256,85.7247,141.1129
2026-06-01 08:36:49.432,NEW_DATA,3.4218,85.7444,141.1129
2026-06-01 08:36:49.464,NEW_DATA,3.4207,85.7642,141.1129
2026-06-01 08:36:49.496,NEW_DATA,3.4207,85.7938,141.1129
2026-06-01 08:36:49.527,NEW_DATA,3.4207,85.8036,141.1129
2026-06-01 08:36:49.558,NEW_DATA,3.4166,85.8233,141.1129
2026-06-01 08:36:49.590,NEW_DATA,3.4183,85.843,141.1129
2026-06-01 08:36:49.621,NEW_DATA,3.4194,85.8628,141.1129
2026-06-01 08:36:49.653,NEW_DATA,3.4152,85.8825,141.1129
2026-06-01 08:36:49.687,NEW_DATA,3.42,85.9022,141.1129
2026-06-01 08:36:49.717,NEW_DATA,3.4214,85.9219,141.1129
2026-06-01 08:36:49.746,NEW_DATA,3.4242,85.9416,141.1129
2026-06-01 08:36:49.779,NEW_DATA,3.4239,85.9613,141.1129
2026-06-01 08:36:49.809,NEW_DATA,3.4183,85.9809,141.1129
2026-06-01 08:36:49.840,NEW_DATA,3.42,86.0006,141.1129
2026-06-01 08:36:49.871,NEW_DATA,3.418,86.0203,141.1129
2026-06-01 08:36:49.903,NEW_DATA,3.4152,86.04,141.1129
2026-06-01 08:36:49.936,NEW_DATA,3.4187,86.0695,141.1129
2026-06-01 08:36:49.967,NEW_DATA,3.4169,86.0794,141.1129
2026-06-01 08:36:49.997,NEW_DATA,3.4235,86.0991,141.1129
2026-06-01 08:36:50.028,NEW_DATA,3.4225,86.1187,141.1129
2026-06-01 08:36:50.059,NEW_DATA,3.4242,86.1384,141.1129
2026-06-01 08:36:50.091,NEW_DATA,3.4235,86.1581,141.1129
2026-06-01 08:36:50.125,NEW_DATA,3.4187,86.1876,141.1129
2026-06-01 08:36:50.155,NEW_DATA,3.4221,86.1975,141.1129
2026-06-01 08:36:50.186,NEW_DATA,3.4166,86.2172,141.1129
2026-06-01 08:36:50.216,NEW_DATA,3.4204,86.2369,141.1129
2026-06-01 08:36:50.249,NEW_DATA,3.4183,86.2664,141.1129
2026-06-01 08:36:50.280,NEW_DATA,3.418,86.2762,141.1129
2026-06-01 08:36:50.311,NEW_DATA,3.4239,86.2959,141.1129
2026-06-01 08:36:50.343,NEW_DATA,3.4253,86.3156,141.1129
2026-06-01 08:36:50.373,NEW_DATA,3.4207,86.3353,141.1129
2026-06-01 08:36:50.405,NEW_DATA,3.4214,86.355,141.1129
2026-06-01 08:36:50.436,NEW_DATA,3.4228,86.3748,141.1129
2026-06-01 08:36:50.466,NEW_DATA,3.418,86.3945,141.1129
2026-06-01 08:36:50.498,NEW_DATA,3.4197,86.4142,141.1129
2026-06-01 08:36:50.530,NEW_DATA,3.4187,86.4339,141.1129
2026-06-01 08:36:50.561,NEW_DATA,3.4155,86.4537,141.1129
2026-06-01 08:36:50.591,NEW_DATA,3.4194,86.4734,141.1129
2026-06-01 08:36:50.623,NEW_DATA,3.4239,86.4931,141.1129
2026-06-01 08:36:50.656,NEW_DATA,3.4214,86.5129,141.1129
2026-06-01 08:36:50.685,NEW_DATA,3.4277,86.5326,141.1129
2026-06-01 08:36:50.716,NEW_DATA,3.4207,86.5524,141.1129
2026-06-01 08:36:50.749,NEW_DATA,3.418,86.5722,141.1129
2026-06-01 08:36:50.780,NEW_DATA,3.4183,86.592,141.1129
2026-06-01 08:36:50.812,NEW_DATA,3.4169,86.6118,141.1129
2026-06-01 08:36:50.844,NEW_DATA,3.4169,86.6315,141.1129
2026-06-01 08:36:50.874,NEW_DATA,3.4159,86.6514,141.1129
2026-06-01 08:36:50.907,NEW_DATA,3.418,86.6712,141.1129
2026-06-01 08:36:50.939,NEW_DATA,3.4207,86.691,141.1129
2026-06-01 08:36:50.969,NEW_DATA,3.4228,86.7108,141.1129
2026-06-01 08:36:51.000,NEW_DATA,3.4194,86.7406,141.1129
2026-06-01 08:36:51.031,NEW_DATA,3.4211,86.7505,141.1129
2026-06-01 08:36:51.062,NEW_DATA,3.4207,86.7704,141.1129
2026-06-01 08:36:51.095,NEW_DATA,3.4197,86.7903,141.1129
2026-06-01 08:36:51.127,NEW_DATA,3.4155,86.8102,141.1129
2026-06-01 08:36:51.156,NEW_DATA,3.4145,86.83,141.1129
2026-06-01 08:36:51.190,NEW_DATA,3.4173,86.85,141.1129
2026-06-01 08:36:51.220,NEW_DATA,3.4214,86.8699,141.1129
2026-06-01 08:36:51.250,NEW_DATA,3.42,86.8898,141.1129
2026-06-01 08:36:51.281,NEW_DATA,3.4207,86.9098,141.1129
2026-06-01 08:36:51.312,NEW_DATA,3.4221,86.9297,141.1129
2026-06-01 08:36:51.344,NEW_DATA,3.4263,86.9497,141.1129
2026-06-01 08:36:51.374,NEW_DATA,3.42,86.9697,141.1129
2026-06-01 08:36:51.406,NEW_DATA,3.4187,86.9897,141.1129
2026-06-01 08:36:51.439,NEW_DATA,3.4207,87.0097,141.1129
2026-06-01 08:36:51.469,NEW_DATA,3.4142,87.0298,141.1129
2026-06-01 08:36:51.501,NEW_DATA,3.4169,87.0498,141.1129
2026-06-01 08:36:51.535,NEW_DATA,3.4166,87.0799,141.1129
2026-06-01 08:36:51.565,NEW_DATA,3.418,87.09,141.1129
2026-06-01 08:36:51.599,NEW_DATA,3.4228,87.1101,141.1129
2026-06-01 08:36:51.626,NEW_DATA,3.4211,87.1302,141.1129
2026-06-01 08:36:51.658,NEW_DATA,3.4235,87.1503,141.1129
2026-06-01 08:36:51.691,NEW_DATA,3.4197,87.1705,141.1129
2026-06-01 08:36:51.721,NEW_DATA,3.4207,87.1906,141.1129
2026-06-01 08:36:51.751,NEW_DATA,3.4173,87.2108,141.1129
2026-06-01 08:36:51.783,NEW_DATA,3.4152,87.231,141.1129
2026-06-01 08:36:51.813,NEW_DATA,3.4166,87.2513,141.1129
2026-06-01 08:36:51.845,NEW_DATA,3.4228,87.2715,141.1129
2026-06-01 08:36:51.876,NEW_DATA,3.4173,87.2918,141.1129
2026-06-01 08:36:51.907,NEW_DATA,3.4211,87.3121,141.1129
2026-06-01 08:36:51.939,NEW_DATA,3.4235,87.3324,141.1129
2026-06-01 08:36:51.971,NEW_DATA,3.4249,87.3527,141.1129
2026-06-01 08:36:52.002,NEW_DATA,3.4204,87.373,141.1129
2026-06-01 08:36:52.034,NEW_DATA,3.4207,87.3934,141.1129
2026-06-01 08:36:52.068,NEW_DATA,3.4169,87.4138,141.1129
2026-06-01 08:36:52.099,NEW_DATA,3.418,87.4444,141.1129
2026-06-01 08:36:52.128,NEW_DATA,3.42,87.4547,141.1129
2026-06-01 08:36:52.160,NEW_DATA,3.4235,87.4751,141.1129
2026-06-01 08:36:52.192,NEW_DATA,3.4242,87.4956,141.1129
2026-06-01 08:36:52.223,NEW_DATA,3.4277,87.5161,141.1129
2026-06-01 08:36:52.254,NEW_DATA,3.4318,87.5469,141.1129
2026-06-01 08:36:52.284,NEW_DATA,3.4294,87.5572,141.1129
2026-06-01 08:36:52.317,NEW_DATA,3.4263,87.5778,141.1129
2026-06-01 08:36:52.348,NEW_DATA,3.427,87.5984,141.1129
2026-06-01 08:36:52.378,NEW_DATA,3.4242,87.619,141.1129
2026-06-01 08:36:52.410,NEW_DATA,3.4207,87.6397,141.1129
2026-06-01 08:36:52.441,NEW_DATA,3.4221,87.6603,141.1129
2026-06-01 08:36:52.472,NEW_DATA,3.4228,87.6811,141.1129
2026-06-01 08:36:52.503,NEW_DATA,3.4239,87.7018,141.1129
2026-06-01 08:36:52.534,NEW_DATA,3.4225,87.7225,141.1129
2026-06-01 08:36:52.569,NEW_DATA,3.4235,87.7433,141.1129
2026-06-01 08:36:52.597,NEW_DATA,3.4235,87.7642,141.1129
2026-06-01 08:36:52.629,NEW_DATA,3.42,87.785,141.1129
2026-06-01 08:36:52.662,NEW_DATA,3.4228,87.8059,141.1129
2026-06-01 08:36:52.698,NEW_DATA,3.4166,87.8268,141.1129
2026-06-01 08:36:52.722,NEW_DATA,3.4194,87.8477,139.0217
2026-06-01 08:36:52.754,NEW_DATA,3.4187,87.8687,139.0217
2026-06-01 08:36:52.785,NEW_DATA,3.4214,87.8898,139.0217
2026-06-01 08:36:52.817,NEW_DATA,3.4249,87.911,139.0217
2026-06-01 08:36:52.849,NEW_DATA,3.4253,87.9323,139.0217
2026-06-01 08:36:52.880,NEW_DATA,3.4204,87.9537,139.0217
2026-06-01 08:36:52.911,NEW_DATA,3.4221,87.9752,139.0217
2026-06-01 08:36:52.944,NEW_DATA,3.4207,87.9967,139.0217
2026-06-01 08:36:52.980,NEW_DATA,3.4187,88.0184,139.0217
2026-06-01 08:36:53.005,NEW_DATA,3.418,88.0401,139.0217
2026-06-01 08:36:53.036,NEW_DATA,3.4194,88.0619,139.0217
2026-06-01 08:36:53.068,NEW_DATA,3.418,88.0839,139.0217
2026-06-01 08:36:53.098,NEW_DATA,3.4173,88.1059,139.0217
2026-06-01 08:36:53.129,NEW_DATA,3.4211,88.128,139.0217
2026-06-01 08:36:53.162,NEW_DATA,3.4235,88.1502,139.0217
2026-06-01 08:36:53.194,NEW_DATA,3.4221,88.1724,139.0217
2026-06-01 08:36:53.224,NEW_DATA,3.42,88.1948,139.0217
2026-06-01 08:36:53.254,NEW_DATA,3.4194,88.2172,139.0217
2026-06-01 08:36:53.288,NEW_DATA,3.4214,88.2397,139.0217
2026-06-01 08:36:53.319,NEW_DATA,3.4148,88.2623,139.0217
2026-06-01 08:36:53.349,NEW_DATA,3.4145,88.285,139.0217
2026-06-01 08:36:53.382,NEW_DATA,3.4166,88.3078,139.0217
2026-06-01 08:36:53.414,NEW_DATA,3.4187,88.3306,139.0217
2026-06-01 08:36:53.445,NEW_DATA,3.4173,88.3535,139.0217
2026-06-01 08:36:53.478,NEW_DATA,3.4214,88.3765,139.0217
2026-06-01 08:36:53.509,NEW_DATA,3.4249,88.3996,139.0217
2026-06-01 08:36:53.540,NEW_DATA,3.4221,88.4227,139.0217
2026-06-01 08:36:53.571,NEW_DATA,3.4173,88.446,139.0217
2026-06-01 08:36:53.605,NEW_DATA,3.4194,88.4693,139.0217
2026-06-01 08:36:53.636,NEW_DATA,3.418,88.4926,139.0217
2026-06-01 08:36:53.666,NEW_DATA,3.4155,88.5161,139.0217
2026-06-01 08:36:53.698,NEW_DATA,3.4152,88.5396,139.0217
2026-06-01 08:36:53.739,NEW_DATA,3.418,88.5632,139.0217
2026-06-01 08:36:53.785,NEW_DATA,3.4194,88.5868,139.0217
2026-06-01 08:36:53.820,NEW_DATA,3.4239,88.6105,139.0217
2026-06-01 08:36:53.851,NEW_DATA,3.4207,88.6343,139.0217
2026-06-01 08:36:53.873,NEW_DATA,3.4214,88.6701,139.0217
2026-06-01 08:36:53.901,NEW_DATA,3.4169,88.6821,139.0217
2026-06-01 08:36:53.932,NEW_DATA,3.418,88.7061,139.0217
2026-06-01 08:36:53.962,NEW_DATA,3.4148,88.7301,139.0217
2026-06-01 08:36:53.995,NEW_DATA,3.4138,88.7543,139.0217
2026-06-01 08:36:54.028,NEW_DATA,3.4152,88.7784,139.0217
2026-06-01 08:36:54.063,NEW_DATA,3.4169,88.8027,139.0217
2026-06-01 08:36:54.088,NEW_DATA,3.4173,88.827,139.0217
2026-06-01 08:36:54.120,NEW_DATA,3.4221,88.8513,139.0217
2026-06-01 08:36:54.152,NEW_DATA,3.4211,88.8758,139.0217
2026-06-01 08:36:54.182,NEW_DATA,3.4197,88.9002,139.0217
2026-06-01 08:36:54.214,NEW_DATA,3.4197,88.9248,139.0217
2026-06-01 08:36:54.245,NEW_DATA,3.4207,88.9494,139.0217
2026-06-01 08:36:54.278,NEW_DATA,3.4169,88.974,139.0217
2026-06-01 08:36:54.309,NEW_DATA,3.4117,88.9987,139.0217
2026-06-01 08:36:54.339,NEW_DATA,3.4187,89.0235,139.0217
2026-06-01 08:36:54.372,NEW_DATA,3.4173,89.0483,139.0217
2026-06-01 08:36:54.403,NEW_DATA,3.419,89.0732,139.0217
2026-06-01 08:36:54.435,NEW_DATA,3.42,89.0981,139.0217
2026-06-01 08:36:54.466,NEW_DATA,3.4221,89.123,139.0217
2026-06-01 08:36:54.498,NEW_DATA,3.4204,89.148,139.0217
2026-06-01 08:36:54.530,NEW_DATA,3.4173,89.1731,139.0217
2026-06-01 08:36:54.562,NEW_DATA,3.4183,89.1982,139.0217
2026-06-01 08:36:54.594,NEW_DATA,3.4152,89.2234,139.0217
2026-06-01 08:36:54.625,NEW_DATA,3.4148,89.2486,139.0217
2026-06-01 08:36:54.655,NEW_DATA,3.4152,89.2738,139.0217
2026-06-01 08:36:54.685,NEW_DATA,3.4166,89.2991,139.0217
2026-06-01 08:36:54.716,NEW_DATA,3.4173,89.3244,139.0217
2026-06-01 08:36:54.749,NEW_DATA,3.4207,89.3498,139.0217
2026-06-01 08:36:54.780,NEW_DATA,3.4204,89.3752,139.0217
2026-06-01 08:36:54.812,NEW_DATA,3.4194,89.4007,139.0217
2026-06-01 08:36:54.843,NEW_DATA,3.4166,89.4261,139.0217
2026-06-01 08:36:54.873,NEW_DATA,3.4166,89.4517,139.0217
2026-06-01 08:36:54.905,NEW_DATA,3.4155,89.4772,139.0217
2026-06-01 08:36:54.936,NEW_DATA,3.4131,89.5028,139.0217
2026-06-01 08:36:54.968,NEW_DATA,3.4173,89.5285,139.0217
2026-06-01 08:36:55.000,NEW_DATA,3.4207,89.5541,139.0217
2026-06-01 08:36:55.031,NEW_DATA,3.4169,89.5798,139.0217
2026-06-01 08:36:55.064,NEW_DATA,3.4221,89.6056,139.0217
2026-06-01 08:36:55.093,NEW_DATA,3.4194,89.6314,139.0217
2026-06-01 08:36:55.125,NEW_DATA,3.4207,89.6572,139.0217
2026-06-01 08:36:55.156,NEW_DATA,3.4221,89.683,139.0217
2026-06-01 08:36:55.188,NEW_DATA,3.4176,89.7088,139.0217
2026-06-01 08:36:55.219,NEW_DATA,3.4138,89.7347,139.0217
2026-06-01 08:36:55.250,NEW_DATA,3.4138,89.7606,139.0217
2026-06-01 08:36:55.282,NEW_DATA,3.4169,89.7866,139.0217
2026-06-01 08:36:55.313,NEW_DATA,3.4211,89.8125,139.0217
2026-06-01 08:36:55.346,NEW_DATA,3.4194,89.8385,139.0217
2026-06-01 08:36:55.377,NEW_DATA,3.4197,89.8645,139.0217
2026-06-01 08:36:55.409,NEW_DATA,3.419,89.8906,139.0217
2026-06-01 08:36:55.439,NEW_DATA,3.42,89.9166,139.0217
2026-06-01 08:36:55.474,NEW_DATA,3.42,89.9427,139.0217
2026-06-01 08:36:55.504,NEW_DATA,3.4166,89.9688,139.0217
2026-06-01 08:36:55.533,NEW_DATA,3.4166,89.9949,139.0217
2026-06-01 08:36:55.565,NEW_DATA,3.4159,90.021,139.0217
2026-06-01 08:36:55.597,NEW_DATA,3.4166,90.0471,139.0217
2026-06-01 08:36:55.626,NEW_DATA,3.4159,90.0733,139.0217
2026-06-01 08:36:55.658,NEW_DATA,3.4187,90.0994,139.0217
2026-06-01 08:36:55.687,NEW_DATA,3.4207,90.1256,139.0217
2026-06-01 08:36:55.718,NEW_DATA,3.42,90.1518,139.0217
2026-06-01 08:36:55.749,NEW_DATA,3.4194,90.178,139.0217
2026-06-01 08:36:55.779,NEW_DATA,3.4159,90.2042,139.0217
2026-06-01 08:36:55.813,NEW_DATA,3.4152,90.2305,139.0217
2026-06-01 08:36:55.842,NEW_DATA,3.4152,90.2567,139.0217
2026-06-01 08:36:55.872,NEW_DATA,3.4131,90.2829,139.0217
2026-06-01 08:36:55.904,NEW_DATA,3.4152,90.3092,139.0217
2026-06-01 08:36:55.935,NEW_DATA,3.42,90.3354,139.0217
2026-06-01 08:36:55.966,NEW_DATA,3.418,90.3617,139.0217
2026-06-01 08:36:55.998,NEW_DATA,3.4256,90.3879,139.0217
2026-06-01 08:36:56.030,NEW_DATA,3.419,90.4142,139.0217
2026-06-01 08:36:56.061,NEW_DATA,3.4183,90.4404,139.0217
2026-06-01 08:36:56.092,NEW_DATA,3.4187,90.4667,139.0217
2026-06-01 08:36:56.125,NEW_DATA,3.4169,90.5061,139.0217
2026-06-01 08:36:56.155,NEW_DATA,3.4138,90.5323,139.0217
2026-06-01 08:36:56.186,NEW_DATA,3.4142,90.5454,139.0217
2026-06-01 08:36:56.218,NEW_DATA,3.4145,90.5717,139.0217
2026-06-01 08:36:56.250,NEW_DATA,3.4166,90.5979,139.0217
2026-06-01 08:36:56.280,NEW_DATA,3.4194,90.6241,139.0217
2026-06-01 08:36:56.312,NEW_DATA,3.4187,90.6504,139.0217
2026-06-01 08:36:56.342,NEW_DATA,3.4194,90.6897,139.0217
2026-06-01 08:36:56.375,NEW_DATA,3.4173,90.7028,139.0217
2026-06-01 08:36:56.406,NEW_DATA,3.4169,90.729,139.0217
2026-06-01 08:36:56.438,NEW_DATA,3.4142,90.7551,139.0217
2026-06-01 08:36:56.468,NEW_DATA,3.4152,90.7813,139.0217
2026-06-01 08:36:56.499,NEW_DATA,3.4114,90.8075,139.0217
2026-06-01 08:36:56.530,NEW_DATA,3.4138,90.8336,139.0217
2026-06-01 08:36:56.562,NEW_DATA,3.4166,90.8597,139.0217
2026-06-01 08:36:56.592,NEW_DATA,3.418,90.8858,139.0217
2026-06-01 08:36:56.624,NEW_DATA,3.4169,90.9119,139.0217
2026-06-01 08:36:56.654,NEW_DATA,3.4173,90.938,139.0217
2026-06-01 08:36:56.686,NEW_DATA,3.4187,90.964,139.0217
2026-06-01 08:36:56.717,NEW_DATA,3.418,90.9901,139.0217
2026-06-01 08:36:56.748,NEW_DATA,3.4138,91.0161,139.0217
2026-06-01 08:36:56.780,NEW_DATA,3.411,91.0421,139.0217
2026-06-01 08:36:56.811,NEW_DATA,3.41,91.068,139.0217
2026-06-01 08:36:56.844,NEW_DATA,3.4124,91.0939,139.0217
2026-06-01 08:36:56.873,NEW_DATA,3.4155,91.1328,139.0217
2026-06-01 08:36:56.903,NEW_DATA,3.4183,91.1457,139.0217
2026-06-01 08:36:56.937,NEW_DATA,3.4166,91.1716,139.0217
2026-06-01 08:36:56.969,NEW_DATA,3.4155,91.1974,139.0217
2026-06-01 08:36:57.000,NEW_DATA,3.4166,91.2232,139.0217
2026-06-01 08:36:57.033,NEW_DATA,3.4148,91.2489,139.0217
2026-06-01 08:36:57.063,NEW_DATA,3.4142,91.2746,139.0217
2026-06-01 08:36:57.096,NEW_DATA,3.4124,91.3003,139.0217
2026-06-01 08:36:57.125,NEW_DATA,3.4128,91.326,139.0217
2026-06-01 08:36:57.158,NEW_DATA,3.4114,91.3516,139.0217
2026-06-01 08:36:57.188,NEW_DATA,3.4166,91.3772,139.0217
2026-06-01 08:36:57.221,NEW_DATA,3.4166,91.4027,139.0217
2026-06-01 08:36:57.251,NEW_DATA,3.4103,91.4282,139.0217
2026-06-01 08:36:57.281,NEW_DATA,3.4166,91.4536,139.0217
2026-06-01 08:36:57.313,NEW_DATA,3.4166,91.479,139.0217
2026-06-01 08:36:57.345,NEW_DATA,3.4187,91.5044,139.0217
2026-06-01 08:36:57.376,NEW_DATA,3.4145,91.5297,139.0217
2026-06-01 08:36:57.406,NEW_DATA,3.411,91.555,139.0217
2026-06-01 08:36:57.436,NEW_DATA,3.4096,91.5802,139.0217
2026-06-01 08:36:57.468,NEW_DATA,3.4096,91.6054,139.0217
2026-06-01 08:36:57.499,NEW_DATA,3.4124,91.6306,139.0217
2026-06-01 08:36:57.530,NEW_DATA,3.4162,91.6556,139.0217
2026-06-01 08:36:57.561,NEW_DATA,3.4225,91.6807,139.0217
2026-06-01 08:36:57.592,NEW_DATA,3.4214,91.7181,139.0217
2026-06-01 08:36:57.622,NEW_DATA,3.418,91.7306,139.0217
2026-06-01 08:36:57.653,NEW_DATA,3.4166,91.7555,139.0217
2026-06-01 08:36:57.686,NEW_DATA,3.4145,91.7803,139.0217
2026-06-01 08:36:57.716,NEW_DATA,3.411,91.805,139.0217
2026-06-01 08:36:57.747,NEW_DATA,3.409,91.8297,139.0217
2026-06-01 08:36:57.783,NEW_DATA,3.4138,91.8544,139.0217
2026-06-01 08:36:57.809,NEW_DATA,3.4128,91.8789,139.0217
2026-06-01 08:36:57.842,NEW_DATA,3.4152,91.9035,139.0217
2026-06-01 08:36:57.872,NEW_DATA,3.4173,91.9279,139.0217
2026-06-01 08:36:57.903,NEW_DATA,3.4211,91.9523,139.0217
2026-06-01 08:36:57.935,NEW_DATA,3.4166,91.9766,139.0217
2026-06-01 08:36:57.968,NEW_DATA,3.4159,92.0009,139.0217
2026-06-01 08:36:57.998,NEW_DATA,3.4103,92.0251,139.0217
2026-06-01 08:36:58.029,NEW_DATA,3.411,92.0492,139.0217
2026-06-01 08:36:58.059,NEW_DATA,3.41,92.0733,139.0217
2026-06-01 08:36:58.092,NEW_DATA,3.4138,92.0973,139.0217
2026-06-01 08:36:58.125,NEW_DATA,3.4152,92.1212,139.0217
2026-06-01 08:36:58.156,NEW_DATA,3.4159,92.145,139.0217
2026-06-01 08:36:58.187,NEW_DATA,3.4159,92.1688,139.0217
2026-06-01 08:36:58.221,NEW_DATA,3.4218,92.1924,139.0217
2026-06-01 08:36:58.251,NEW_DATA,3.4152,92.2161,139.0217
2026-06-01 08:36:58.282,NEW_DATA,3.4152,92.2396,139.0217
2026-06-01 08:36:58.313,NEW_DATA,3.4124,92.263,139.0217
2026-06-01 08:36:58.348,NEW_DATA,3.4124,92.2864,139.0217
2026-06-01 08:36:58.376,NEW_DATA,3.4124,92.3097,139.0217
2026-06-01 08:36:58.408,NEW_DATA,3.411,92.3329,139.0217
2026-06-01 08:36:58.440,NEW_DATA,3.4148,92.3676,139.0217
2026-06-01 08:36:58.470,NEW_DATA,3.4145,92.3791,139.0217
2026-06-01 08:36:58.501,NEW_DATA,3.4169,92.402,139.0217
2026-06-01 08:36:58.534,NEW_DATA,3.4176,92.4249,139.0217
2026-06-01 08:36:58.565,NEW_DATA,3.418,92.4477,139.0217
2026-06-01 08:36:58.594,NEW_DATA,3.4128,92.4703,139.0217
2026-06-01 08:36:58.626,NEW_DATA,3.4124,92.4929,139.0217
2026-06-01 08:36:58.661,NEW_DATA,3.4114,92.5154,139.0217
2026-06-01 08:36:58.689,NEW_DATA,3.4096,92.5378,139.0217
2026-06-01 08:36:58.719,NEW_DATA,3.4152,92.5602,139.0217
2026-06-01 08:36:58.750,NEW_DATA,3.4117,92.5824,139.0217
2026-06-01 08:36:58.783,NEW_DATA,3.418,92.6045,139.0217
2026-06-01 08:36:58.814,NEW_DATA,3.4152,92.6265,139.0217
2026-06-01 08:36:58.843,NEW_DATA,3.4187,92.6484,139.0217
2026-06-01 08:36:58.875,NEW_DATA,3.418,92.6702,139.0217
2026-06-01 08:36:58.906,NEW_DATA,3.4142,92.7028,139.0217
2026-06-01 08:36:58.936,NEW_DATA,3.4142,92.7136,139.0217
2026-06-01 08:36:58.968,NEW_DATA,3.4103,92.7351,139.0217
2026-06-01 08:36:59.000,NEW_DATA,3.4103,92.7565,139.0217
2026-06-01 08:36:59.032,NEW_DATA,3.4124,92.7778,139.0217
2026-06-01 08:36:59.064,NEW_DATA,3.4152,92.8095,139.0217
2026-06-01 08:36:59.096,NEW_DATA,3.4138,92.8201,139.0217
2026-06-01 08:36:59.125,NEW_DATA,3.4152,92.841,139.0217
2026-06-01 08:36:59.156,NEW_DATA,3.4242,92.8619,139.0217
2026-06-01 08:36:59.192,NEW_DATA,3.418,92.8826,139.0217
2026-06-01 08:36:59.218,NEW_DATA,3.4152,92.9033,139.0217
2026-06-01 08:36:59.251,NEW_DATA,3.4131,92.9238,139.0217
2026-06-01 08:36:59.281,NEW_DATA,3.4124,92.9543,139.0217
2026-06-01 08:36:59.311,NEW_DATA,3.4124,92.9644,139.0217
2026-06-01 08:36:59.344,NEW_DATA,3.4159,92.9946,139.0217
2026-06-01 08:36:59.376,NEW_DATA,3.4138,93.0046,139.0217
2026-06-01 08:36:59.408,NEW_DATA,3.4131,93.0246,139.0217
2026-06-01 08:36:59.440,NEW_DATA,3.4166,93.0443,139.0217
2026-06-01 08:36:59.471,NEW_DATA,3.4239,93.064,139.0217
2026-06-01 08:36:59.502,NEW_DATA,3.4166,93.0836,139.0217
2026-06-01 08:36:59.534,NEW_DATA,3.4142,93.103,139.0217
2026-06-01 08:36:59.566,NEW_DATA,3.4152,93.1223,139.0217
2026-06-01 08:36:59.599,NEW_DATA,3.4124,93.1414,139.0217
2026-06-01 08:36:59.630,NEW_DATA,3.411,93.1605,139.0217
2026-06-01 08:36:59.661,NEW_DATA,3.4124,93.1794,139.0217
2026-06-01 08:36:59.693,NEW_DATA,3.4152,93.1981,139.0217
2026-06-01 08:36:59.723,NEW_DATA,3.4169,93.2168,139.0217
2026-06-01 08:36:59.758,NEW_DATA,3.4197,93.2352,139.0217
2026-06-01 08:36:59.789,NEW_DATA,3.4187,93.2627,139.0217
2026-06-01 08:36:59.820,NEW_DATA,3.4187,93.2718,139.0217
2026-06-01 08:36:59.852,NEW_DATA,3.4152,93.2899,139.0217
2026-06-01 08:36:59.883,NEW_DATA,3.4152,93.3078,139.0217
2026-06-01 08:36:59.915,NEW_DATA,3.4194,93.3256,139.0217
2026-06-01 08:36:59.946,NEW_DATA,3.4131,93.3433,139.0217
2026-06-01 08:36:59.978,NEW_DATA,3.4145,93.3608,139.0217
2026-06-01 08:37:00.009,NEW_DATA,3.4187,93.3782,139.0217
2026-06-01 08:37:00.040,NEW_DATA,3.418,93.3954,139.0217
2026-06-01 08:37:00.070,NEW_DATA,3.4173,93.4125,139.0217
2026-06-01 08:37:00.102,NEW_DATA,3.4173,93.4294,139.0217
2026-06-01 08:37:00.133,NEW_DATA,3.418,93.4462,139.0217
2026-06-01 08:37:00.166,NEW_DATA,3.418,93.4628,139.0217
2026-06-01 08:37:00.200,NEW_DATA,3.4155,93.4792,139.0217
2026-06-01 08:37:00.229,NEW_DATA,3.4124,93.4956,139.0217
2026-06-01 08:37:00.260,NEW_DATA,3.4117,93.5197,139.0217
2026-06-01 08:37:00.289,NEW_DATA,3.4152,93.5277,139.0217
2026-06-01 08:37:00.320,NEW_DATA,3.4152,93.5436,139.0217
2026-06-01 08:37:00.352,NEW_DATA,3.4155,93.5592,139.0217
2026-06-01 08:37:00.383,NEW_DATA,3.42,93.5748,139.0217
2026-06-01 08:37:00.415,NEW_DATA,3.42,93.5901,139.0217
2026-06-01 08:37:00.446,NEW_DATA,3.4173,93.6053,139.0217
2026-06-01 08:37:00.478,NEW_DATA,3.4155,93.6204,139.0217
2026-06-01 08:37:00.510,NEW_DATA,3.4128,93.6426,139.0217
2026-06-01 08:37:00.539,NEW_DATA,3.4124,93.6499,139.0217
2026-06-01 08:37:00.571,NEW_DATA,3.4124,93.6645,139.0217
2026-06-01 08:37:00.602,NEW_DATA,3.4138,93.6788,139.0217
2026-06-01 08:37:00.634,NEW_DATA,3.4124,93.693,139.0217
2026-06-01 08:37:00.666,NEW_DATA,3.4187,93.7071,139.0217
2026-06-01 08:37:00.696,NEW_DATA,3.4159,93.7209,139.0217
2026-06-01 08:37:00.727,NEW_DATA,3.418,93.7346,139.0217
2026-06-01 08:37:00.759,NEW_DATA,3.4169,93.7481,139.0217
2026-06-01 08:37:00.793,NEW_DATA,3.4145,93.7614,139.0217
2026-06-01 08:37:00.821,NEW_DATA,3.4131,93.7746,139.0217
2026-06-01 08:37:00.853,NEW_DATA,3.4121,93.7875,139.0217
2026-06-01 08:37:00.884,NEW_DATA,3.4124,93.8003,139.0217
2026-06-01 08:37:00.915,NEW_DATA,3.4117,93.8129,139.0217
2026-06-01 08:37:00.950,NEW_DATA,3.4138,93.8253,139.0217
2026-06-01 08:37:00.979,NEW_DATA,3.4173,93.8376,139.0217
2026-06-01 08:37:01.010,NEW_DATA,3.4166,93.8496,139.0217
2026-06-01 08:37:01.040,NEW_DATA,3.418,93.8615,139.0217
2026-06-01 08:37:01.072,NEW_DATA,3.418,93.8732,139.0217
2026-06-01 08:37:01.103,NEW_DATA,3.4159,93.8847,139.0217
2026-06-01 08:37:01.134,NEW_DATA,3.4131,93.896,139.0217
2026-06-01 08:37:01.165,NEW_DATA,3.4138,93.9071,139.0217
2026-06-01 08:37:01.195,NEW_DATA,3.4096,93.918,139.0217
2026-06-01 08:37:01.228,NEW_DATA,3.4145,93.9287,139.0217
2026-06-01 08:37:01.258,NEW_DATA,3.418,93.9392,139.0217
2026-06-01 08:37:01.290,NEW_DATA,3.418,93.9496,139.0217
2026-06-01 08:37:01.321,NEW_DATA,3.4183,93.9597,139.0217
2026-06-01 08:37:01.352,NEW_DATA,3.4169,93.9696,139.0217
2026-06-01 08:37:01.385,NEW_DATA,3.4155,93.9794,139.0217
2026-06-01 08:37:01.417,NEW_DATA,3.4176,93.9889,139.0217
2026-06-01 08:37:01.448,NEW_DATA,3.4128,93.9982,139.0217
2026-06-01 08:37:01.480,NEW_DATA,3.4124,94.0073,139.0217
2026-06-01 08:37:01.511,NEW_DATA,3.4131,94.0206,139.0217
2026-06-01 08:37:01.543,NEW_DATA,3.4166,94.025,139.0217
2026-06-01 08:37:01.575,NEW_DATA,3.4138,94.0335,139.0217
2026-06-01 08:37:01.607,NEW_DATA,3.4145,94.0418,139.0217
2026-06-01 08:37:01.639,NEW_DATA,3.4187,94.0499,139.0217
2026-06-01 08:37:01.670,NEW_DATA,3.418,94.0577,139.0217
2026-06-01 08:37:01.703,NEW_DATA,3.4211,94.0654,139.0217
2026-06-01 08:37:01.735,NEW_DATA,3.4152,94.0729,139.0217
2026-06-01 08:37:01.765,NEW_DATA,3.4166,94.0801,139.0217
2026-06-01 08:37:01.799,NEW_DATA,3.4131,94.0871,139.0217
2026-06-01 08:37:01.828,NEW_DATA,3.411,94.0939,139.0217
2026-06-01 08:37:01.858,NEW_DATA,3.4142,94.1005,139.0217
2026-06-01 08:37:01.889,NEW_DATA,3.4138,94.1069,139.0217
2026-06-01 08:37:01.922,NEW_DATA,3.418,94.113,139.0217
2026-06-01 08:37:01.955,NEW_DATA,3.4207,94.1189,139.0217
2026-06-01 08:37:01.985,NEW_DATA,3.4183,94.1246,139.0217
2026-06-01 08:37:02.018,NEW_DATA,3.4214,94.1301,139.0217
2026-06-01 08:37:02.048,NEW_DATA,3.4218,94.1354,139.0217
2026-06-01 08:37:02.082,NEW_DATA,3.4194,94.1404,139.0217
2026-06-01 08:37:02.111,NEW_DATA,3.4169,94.1452,139.0217
2026-06-01 08:37:02.142,NEW_DATA,3.4138,94.1497,139.0217
2026-06-01 08:37:02.180,NEW_DATA,3.4194,94.1541,139.0217
2026-06-01 08:37:02.204,NEW_DATA,3.4228,94.1582,139.0217
2026-06-01 08:37:02.235,NEW_DATA,3.4249,94.1621,139.0217
2026-06-01 08:37:02.266,NEW_DATA,3.4253,94.1674,139.0217
2026-06-01 08:37:02.296,NEW_DATA,3.4239,94.1691,139.0217
2026-06-01 08:37:02.329,NEW_DATA,3.427,94.1723,139.0217
2026-06-01 08:37:02.360,NEW_DATA,3.4277,94.1752,139.0217
2026-06-01 08:37:02.391,NEW_DATA,3.418,94.1779,139.0217
2026-06-01 08:37:02.424,NEW_DATA,3.418,94.1804,139.0217
2026-06-01 08:37:02.452,NEW_DATA,3.4152,94.1826,139.0217
2026-06-01 08:37:02.483,NEW_DATA,3.42,94.1854,139.0217
2026-06-01 08:37:02.517,NEW_DATA,3.4197,94.187,139.0217
2026-06-01 08:37:02.546,NEW_DATA,3.4211,94.1878,139.0217
2026-06-01 08:37:02.578,NEW_DATA,3.4194,94.189,139.0217
2026-06-01 08:37:02.608,NEW_DATA,3.4211,94.19,139.0217
2026-06-01 08:37:02.640,NEW_DATA,3.4214,94.1907,139.0217
2026-06-01 08:37:02.672,NEW_DATA,3.4194,94.1912,139.0217
2026-06-01 08:37:02.704,NEW_DATA,3.4159,94.1915,139.0217
2026-06-01 08:37:02.734,NEW_DATA,3.4173,94.1915,136.7931
2026-06-01 08:37:02.766,NEW_DATA,3.4187,94.1915,136.7931
2026-06-01 08:37:02.797,NEW_DATA,3.42,94.1914,136.7931
2026-06-01 08:37:02.829,NEW_DATA,3.4214,94.1913,136.7931
2026-06-01 08:37:02.861,NEW_DATA,3.4211,94.1911,136.7931
2026-06-01 08:37:02.895,NEW_DATA,3.4249,94.1908,136.7931
2026-06-01 08:37:02.923,NEW_DATA,3.4246,94.1907,136.7931
2026-06-01 08:37:02.956,NEW_DATA,3.4239,94.1905,136.7931
2026-06-01 08:37:02.986,NEW_DATA,3.4221,94.1902,136.7931
2026-06-01 08:37:03.016,NEW_DATA,3.4166,94.1898,136.7931
2026-06-01 08:37:03.048,NEW_DATA,3.4166,94.1894,136.7931
2026-06-01 08:37:03.079,NEW_DATA,3.4183,94.189,136.7931
2026-06-01 08:37:03.112,NEW_DATA,3.4176,94.1886,136.7931
2026-06-01 08:37:03.142,NEW_DATA,3.4211,94.1881,136.7931
2026-06-01 08:37:03.175,NEW_DATA,3.4221,94.1875,136.7931
2026-06-01 08:37:03.202,NEW_DATA,3.4228,94.187,136.7931
2026-06-01 08:37:03.233,NEW_DATA,3.4235,94.1864,136.7931
2026-06-01 08:37:03.266,NEW_DATA,3.4235,94.1857,136.7931
2026-06-01 08:37:03.295,NEW_DATA,3.4211,94.1851,136.7931
2026-06-01 08:37:03.327,NEW_DATA,3.4194,94.1844,136.7931
2026-06-01 08:37:03.359,NEW_DATA,3.4169,94.1836,136.7931
2026-06-01 08:37:03.390,NEW_DATA,3.418,94.1828,136.7931
2026-06-01 08:37:03.423,NEW_DATA,3.4218,94.182,136.7931
2026-06-01 08:37:03.456,NEW_DATA,3.4235,94.1811,136.7931
2026-06-01 08:37:03.486,NEW_DATA,3.4225,94.1802,136.7931
2026-06-01 08:37:03.516,NEW_DATA,3.4221,94.1793,136.7931
2026-06-01 08:37:03.549,NEW_DATA,3.4221,94.1783,136.7931
2026-06-01 08:37:03.579,NEW_DATA,3.4256,94.1773,136.7931
2026-06-01 08:37:03.610,NEW_DATA,3.4218,94.1763,136.7931
2026-06-01 08:37:03.641,NEW_DATA,3.4194,94.1752,136.7931
2026-06-01 08:37:03.683,NEW_DATA,3.418,94.1741,136.7931
2026-06-01 08:37:03.702,NEW_DATA,3.4166,94.1724,136.7931
2026-06-01 08:37:03.731,NEW_DATA,3.4187,94.1718,136.7931
2026-06-01 08:37:03.763,NEW_DATA,3.4225,94.1705,136.7931
2026-06-01 08:37:03.796,NEW_DATA,3.4235,94.1693,136.7931
2026-06-01 08:37:03.825,NEW_DATA,3.4235,94.168,136.7931
2026-06-01 08:37:03.857,NEW_DATA,3.4235,94.1667,136.7931
2026-06-01 08:37:03.889,NEW_DATA,3.4246,94.1646,136.7931
2026-06-01 08:37:03.920,NEW_DATA,3.4242,94.1639,136.7931
2026-06-01 08:37:03.950,NEW_DATA,3.4194,94.1625,136.7931
2026-06-01 08:37:03.981,NEW_DATA,3.4232,94.161,136.7931
2026-06-01 08:37:04.013,NEW_DATA,3.4173,94.1595,136.7931
2026-06-01 08:37:04.046,NEW_DATA,3.4207,94.158,136.7931
2026-06-01 08:37:04.077,NEW_DATA,3.4211,94.1564,136.7931
2026-06-01 08:37:04.110,NEW_DATA,3.4221,94.1548,136.7931
2026-06-01 08:37:04.142,NEW_DATA,3.4253,94.1523,136.7931
2026-06-01 08:37:04.173,NEW_DATA,3.4228,94.1514,136.7931
2026-06-01 08:37:04.200,NEW_DATA,3.4249,94.1497,136.7931
2026-06-01 08:37:04.233,NEW_DATA,3.4214,94.148,136.7931
2026-06-01 08:37:04.263,NEW_DATA,3.4207,94.1462,136.7931
2026-06-01 08:37:04.296,NEW_DATA,3.42,94.1444,136.7931
2026-06-01 08:37:04.330,NEW_DATA,3.4207,94.1416,136.7931
2026-06-01 08:37:04.360,NEW_DATA,3.4197,94.1406,136.7931
2026-06-01 08:37:04.390,NEW_DATA,3.4235,94.1387,136.7931
2026-06-01 08:37:04.420,NEW_DATA,3.4242,94.1367,136.7931
2026-06-01 08:37:04.453,NEW_DATA,3.4273,94.1347,136.7931
2026-06-01 08:37:04.484,NEW_DATA,3.4263,94.1327,136.7931
2026-06-01 08:37:04.517,NEW_DATA,3.4249,94.1306,136.7931
2026-06-01 08:37:04.548,NEW_DATA,3.4256,94.1285,136.7931
2026-06-01 08:37:04.579,NEW_DATA,3.4214,94.1264,136.7931
2026-06-01 08:37:04.612,NEW_DATA,3.4221,94.1242,136.7931
2026-06-01 08:37:04.643,NEW_DATA,3.4207,94.122,136.7931
2026-06-01 08:37:04.673,NEW_DATA,3.4225,94.1198,136.7931
2026-06-01 08:37:04.704,NEW_DATA,3.4235,94.1175,136.7931
2026-06-01 08:37:04.740,NEW_DATA,3.4277,94.1152,136.7931
2026-06-01 08:37:04.768,NEW_DATA,3.4249,94.1129,136.7931
2026-06-01 08:37:04.799,NEW_DATA,3.4305,94.1105,136.7931
2026-06-01 08:37:04.832,NEW_DATA,3.4249,94.1081,136.7931
2026-06-01 08:37:04.864,NEW_DATA,3.4256,94.1057,136.7931
2026-06-01 08:37:04.896,NEW_DATA,3.42,94.1032,136.7931
2026-06-01 08:37:04.925,NEW_DATA,3.4228,94.1007,136.7931
2026-06-01 08:37:04.957,NEW_DATA,3.4207,94.0982,136.7931
2026-06-01 08:37:04.989,NEW_DATA,3.4225,94.0956,136.7931
2026-06-01 08:37:05.019,NEW_DATA,3.4277,94.093,136.7931
2026-06-01 08:37:05.051,NEW_DATA,3.4277,94.0904,136.7931
2026-06-01 08:37:05.081,NEW_DATA,3.4298,94.0877,136.7931
2026-06-01 08:37:05.114,NEW_DATA,3.4291,94.085,136.7931
2026-06-01 08:37:05.145,NEW_DATA,3.4277,94.0823,136.7931
2026-06-01 08:37:05.175,NEW_DATA,3.4263,94.0795,136.7931
2026-06-01 08:37:05.206,NEW_DATA,3.4273,94.0767,136.7931
2026-06-01 08:37:05.238,NEW_DATA,3.4235,94.0739,136.7931
2026-06-01 08:37:05.269,NEW_DATA,3.4207,94.0696,136.7931
2026-06-01 08:37:05.300,NEW_DATA,3.4263,94.0681,136.7931
2026-06-01 08:37:05.333,NEW_DATA,3.4263,94.0652,136.7931
2026-06-01 08:37:05.363,NEW_DATA,3.4277,94.0622,136.7931
2026-06-01 08:37:05.395,NEW_DATA,3.4284,94.0592,136.7931
2026-06-01 08:37:05.428,NEW_DATA,3.4311,94.0562,136.7931
2026-06-01 08:37:05.460,NEW_DATA,3.4284,94.0532,136.7931
2026-06-01 08:37:05.490,NEW_DATA,3.4277,94.0501,136.7931
2026-06-01 08:37:05.521,NEW_DATA,3.4266,94.047,136.7931
2026-06-01 08:37:05.555,NEW_DATA,3.4266,94.0422,136.7931
2026-06-01 08:37:05.585,NEW_DATA,3.4239,94.0406,136.7931
2026-06-01 08:37:05.616,NEW_DATA,3.4273,94.0374,136.7931
2026-06-01 08:37:05.648,NEW_DATA,3.4277,94.0342,136.7931
2026-06-01 08:37:05.680,NEW_DATA,3.4311,94.0309,136.7931
2026-06-01 08:37:05.709,NEW_DATA,3.4339,94.0276,136.7931
2026-06-01 08:37:05.741,NEW_DATA,3.4325,94.0242,136.7931
2026-06-01 08:37:05.772,NEW_DATA,3.4311,94.0208,136.7931
2026-06-01 08:37:05.803,NEW_DATA,3.4284,94.0174,136.7931
2026-06-01 08:37:05.833,NEW_DATA,3.4277,94.014,136.7931
2026-06-01 08:37:05.864,NEW_DATA,3.4263,94.0105,136.7931
2026-06-01 08:37:05.896,NEW_DATA,3.4266,94.007,136.7931
2026-06-01 08:37:05.928,NEW_DATA,3.4294,94.0035,136.7931
2026-06-01 08:37:05.959,NEW_DATA,3.4298,93.9999,136.7931
2026-06-01 08:37:05.993,NEW_DATA,3.4332,93.9945,136.7931
2026-06-01 08:37:06.020,NEW_DATA,3.4336,93.9909,136.7931
2026-06-01 08:37:06.050,NEW_DATA,3.435,93.9891,136.7931
2026-06-01 08:37:06.083,NEW_DATA,3.4325,93.9854,136.7931
2026-06-01 08:37:06.115,NEW_DATA,3.4305,93.9817,136.7931
2026-06-01 08:37:06.148,NEW_DATA,3.4291,93.9779,136.7931
2026-06-01 08:37:06.180,NEW_DATA,3.4294,93.9741,136.7931
2026-06-01 08:37:06.211,NEW_DATA,3.427,93.9684,136.7931
2026-06-01 08:37:06.243,NEW_DATA,3.4291,93.9665,136.7931
2026-06-01 08:37:06.273,NEW_DATA,3.4318,93.9626,136.7931
2026-06-01 08:37:06.304,NEW_DATA,3.4346,93.9587,136.7931
2026-06-01 08:37:06.335,NEW_DATA,3.4329,93.9548,136.7931
2026-06-01 08:37:06.366,NEW_DATA,3.4332,93.9509,136.7931
2026-06-01 08:37:06.398,NEW_DATA,3.4318,93.9469,136.7931
2026-06-01 08:37:06.430,NEW_DATA,3.4311,93.9428,136.7931
2026-06-01 08:37:06.462,NEW_DATA,3.4301,93.9388,136.7931
2026-06-01 08:37:06.493,NEW_DATA,3.4284,93.9347,136.7931
2026-06-01 08:37:06.524,NEW_DATA,3.4277,93.9306,136.7931
2026-06-01 08:37:06.557,NEW_DATA,3.4305,93.9265,136.7931
2026-06-01 08:37:06.589,NEW_DATA,3.4277,93.9202,136.7931
2026-06-01 08:37:06.619,NEW_DATA,3.4311,93.916,136.7931
2026-06-01 08:37:06.650,NEW_DATA,3.4346,93.9139,136.7931
2026-06-01 08:37:06.682,NEW_DATA,3.4332,93.9096,136.7931
2026-06-01 08:37:06.714,NEW_DATA,3.4322,93.9054,136.7931
2026-06-01 08:37:06.745,NEW_DATA,3.4318,93.901,136.7931
2026-06-01 08:37:06.777,NEW_DATA,3.4253,93.8967,136.7931
2026-06-01 08:37:06.807,NEW_DATA,3.428,93.8923,136.7931
2026-06-01 08:37:06.840,NEW_DATA,3.4277,93.8879,136.7931
2026-06-01 08:37:06.872,NEW_DATA,3.4291,93.8835,136.7931
2026-06-01 08:37:06.903,NEW_DATA,3.4332,93.8791,136.7931
2026-06-01 08:37:06.936,NEW_DATA,3.436,93.8746,136.7931
2026-06-01 08:37:06.966,NEW_DATA,3.4339,93.8701,136.7931
2026-06-01 08:37:06.998,NEW_DATA,3.436,93.8655,136.7931
2026-06-01 08:37:07.029,NEW_DATA,3.4346,93.8609,136.7931
2026-06-01 08:37:07.060,NEW_DATA,3.4325,93.8563,136.7931
2026-06-01 08:37:07.093,NEW_DATA,3.4318,93.8517,136.7931
2026-06-01 08:37:07.122,NEW_DATA,3.4325,93.8471,136.7931
2026-06-01 08:37:07.154,NEW_DATA,3.4298,93.8424,136.7931
2026-06-01 08:37:07.186,NEW_DATA,3.4311,93.8377,136.7931
2026-06-01 08:37:07.218,NEW_DATA,3.4325,93.8305,136.7931
2026-06-01 08:37:07.248,NEW_DATA,3.4346,93.8282,136.7931
2026-06-01 08:37:07.279,NEW_DATA,3.4353,93.8234,136.7931
2026-06-01 08:37:07.311,NEW_DATA,3.4374,93.8185,136.7931
2026-06-01 08:37:07.341,NEW_DATA,3.4363,93.8137,136.7931
2026-06-01 08:37:07.373,NEW_DATA,3.4346,93.8088,136.7931
2026-06-01 08:37:07.405,NEW_DATA,3.4322,93.8039,136.7931
2026-06-01 08:37:07.436,NEW_DATA,3.4318,93.799,136.7931
2026-06-01 08:37:07.468,NEW_DATA,3.4301,93.794,136.7931
2026-06-01 08:37:07.499,NEW_DATA,3.436,93.789,136.7931
2026-06-01 08:37:07.530,NEW_DATA,3.4357,93.784,136.7931
2026-06-01 08:37:07.562,NEW_DATA,3.436,93.779,136.7931
2026-06-01 08:37:07.594,NEW_DATA,3.4422,93.7739,136.7931
2026-06-01 08:37:07.623,NEW_DATA,3.4384,93.7688,136.7931
2026-06-01 08:37:07.656,NEW_DATA,3.4374,93.7637,136.7931
2026-06-01 08:37:07.688,NEW_DATA,3.4346,93.7585,136.7931
2026-06-01 08:37:07.718,NEW_DATA,3.436,93.7533,136.7931
2026-06-01 08:37:07.749,NEW_DATA,3.4322,93.7481,136.7931
2026-06-01 08:37:07.780,NEW_DATA,3.4391,93.7429,136.7931
2026-06-01 08:37:07.811,NEW_DATA,3.4374,93.7376,136.7931
2026-06-01 08:37:07.843,NEW_DATA,3.4402,93.7324,136.7931
2026-06-01 08:37:07.875,NEW_DATA,3.4381,93.727,136.7931
2026-06-01 08:37:07.911,NEW_DATA,3.4381,93.7217,136.7931
2026-06-01 08:37:07.937,NEW_DATA,3.4384,93.7163,136.7931
2026-06-01 08:37:07.968,NEW_DATA,3.4391,93.711,136.7931
2026-06-01 08:37:07.999,NEW_DATA,3.4402,93.7055,136.7931
2026-06-01 08:37:08.029,NEW_DATA,3.4374,93.7001,136.7931
2026-06-01 08:37:08.061,NEW_DATA,3.4346,93.6946,136.7931
2026-06-01 08:37:08.091,NEW_DATA,3.4346,93.6891,136.7931
2026-06-01 08:37:08.121,NEW_DATA,3.4381,93.6836,136.7931
2026-06-01 08:37:08.153,NEW_DATA,3.4388,93.6781,136.7931
2026-06-01 08:37:08.187,NEW_DATA,3.4388,93.6725,136.7931
2026-06-01 08:37:08.216,NEW_DATA,3.4419,93.6669,136.7931
2026-06-01 08:37:08.249,NEW_DATA,3.4429,93.6613,136.7931
2026-06-01 08:37:08.280,NEW_DATA,3.4409,93.6556,136.7931
2026-06-01 08:37:08.310,NEW_DATA,3.4374,93.6499,136.7931
2026-06-01 08:37:08.342,NEW_DATA,3.4388,93.6442,136.7931
2026-06-01 08:37:08.373,NEW_DATA,3.4416,93.6385,136.7931
2026-06-01 08:37:08.406,NEW_DATA,3.4353,93.6328,136.7931
2026-06-01 08:37:08.436,NEW_DATA,3.4402,93.627,136.7931
2026-06-01 08:37:08.466,NEW_DATA,3.4402,93.6212,136.7931
2026-06-01 08:37:08.497,NEW_DATA,3.4429,93.6154,136.7931
2026-06-01 08:37:08.529,NEW_DATA,3.4443,93.6095,136.7931
2026-06-01 08:37:08.561,NEW_DATA,3.444,93.6037,136.7931
2026-06-01 08:37:08.593,NEW_DATA,3.4429,93.5977,136.7931
2026-06-01 08:37:08.623,NEW_DATA,3.4419,93.5918,136.7931
2026-06-01 08:37:08.654,NEW_DATA,3.4388,93.5859,136.7931
2026-06-01 08:37:08.685,NEW_DATA,3.4402,93.5799,136.7931
2026-06-01 08:37:08.715,NEW_DATA,3.4363,93.5739,136.7931
2026-06-01 08:37:08.746,NEW_DATA,3.4388,93.5679,136.7931
2026-06-01 08:37:08.778,NEW_DATA,3.4429,93.5588,136.7931
2026-06-01 08:37:08.810,NEW_DATA,3.4443,93.5558,136.7931
2026-06-01 08:37:08.841,NEW_DATA,3.445,93.5497,136.7931
2026-06-01 08:37:08.871,NEW_DATA,3.4464,93.5436,136.7931
2026-06-01 08:37:08.904,NEW_DATA,3.445,93.5374,136.7931
2026-06-01 08:37:08.935,NEW_DATA,3.4429,93.5312,136.7931
2026-06-01 08:37:08.966,NEW_DATA,3.4402,93.5251,136.7931
2026-06-01 08:37:08.999,NEW_DATA,3.4402,93.5188,136.7931
2026-06-01 08:37:09.035,NEW_DATA,3.4409,93.5126,136.7931
2026-06-01 08:37:09.061,NEW_DATA,3.4395,93.5063,136.7931
2026-06-01 08:37:09.091,NEW_DATA,3.4419,93.5001,136.7931
2026-06-01 08:37:09.125,NEW_DATA,3.4436,93.4938,136.7931
2026-06-01 08:37:09.156,NEW_DATA,3.4461,93.4874,136.7931
2026-06-01 08:37:09.189,NEW_DATA,3.4443,93.4811,136.7931
2026-06-01 08:37:09.219,NEW_DATA,3.4454,93.4747,136.7931
2026-06-01 08:37:09.249,NEW_DATA,3.4447,93.4683,136.7931
2026-06-01 08:37:09.279,NEW_DATA,3.4405,93.4619,136.7931
2026-06-01 08:37:09.310,NEW_DATA,3.4429,93.4554,136.7931
2026-06-01 08:37:09.342,NEW_DATA,3.4429,93.4489,136.7931
2026-06-01 08:37:09.372,NEW_DATA,3.445,93.4424,136.7931
2026-06-01 08:37:09.403,NEW_DATA,3.4422,93.4359,136.7931
2026-06-01 08:37:09.434,NEW_DATA,3.4436,93.4294,136.7931
2026-06-01 08:37:09.467,NEW_DATA,3.4471,93.4195,136.7931
2026-06-01 08:37:09.495,NEW_DATA,3.4464,93.4162,136.7931
2026-06-01 08:37:09.525,NEW_DATA,3.4443,93.4096,136.7931
2026-06-01 08:37:09.556,NEW_DATA,3.4429,93.403,136.7931
2026-06-01 08:37:09.589,NEW_DATA,3.4443,93.3964,136.7931
2026-06-01 08:37:09.619,NEW_DATA,3.4416,93.3897,136.7931
2026-06-01 08:37:09.650,NEW_DATA,3.4391,93.383,136.7931
2026-06-01 08:37:09.681,NEW_DATA,3.4422,93.3763,136.7931
2026-06-01 08:37:09.713,NEW_DATA,3.4464,93.3695,136.7931
2026-06-01 08:37:09.745,NEW_DATA,3.4457,93.3628,136.7931
2026-06-01 08:37:09.776,NEW_DATA,3.4478,93.356,136.7931
2026-06-01 08:37:09.808,NEW_DATA,3.452,93.3492,136.7931
2026-06-01 08:37:09.838,NEW_DATA,3.4485,93.3423,136.7931
2026-06-01 08:37:09.867,NEW_DATA,3.4488,93.3355,136.7931
2026-06-01 08:37:09.901,NEW_DATA,3.4457,93.3286,136.7931
2026-06-01 08:37:09.931,NEW_DATA,3.4436,93.3183,136.7931
2026-06-01 08:37:09.963,NEW_DATA,3.4443,93.3148,136.7931
2026-06-01 08:37:09.993,NEW_DATA,3.4457,93.3079,136.7931
2026-06-01 08:37:10.026,NEW_DATA,3.4464,93.3009,136.7931
2026-06-01 08:37:10.055,NEW_DATA,3.4485,93.294,136.7931
2026-06-01 08:37:10.086,NEW_DATA,3.452,93.2834,136.7931
2026-06-01 08:37:10.119,NEW_DATA,3.4526,93.2799,136.7931
2026-06-01 08:37:10.151,NEW_DATA,3.4485,93.2694,136.7931
2026-06-01 08:37:10.180,NEW_DATA,3.4488,93.2658,136.7931
2026-06-01 08:37:10.213,NEW_DATA,3.4461,93.2587,136.7931
2026-06-01 08:37:10.244,NEW_DATA,3.4461,93.2516,136.7931
2026-06-01 08:37:10.274,NEW_DATA,3.4464,93.2445,136.7931
2026-06-01 08:37:10.306,NEW_DATA,3.4461,93.2374,136.7931
2026-06-01 08:37:10.339,NEW_DATA,3.4485,93.2266,136.7931
2026-06-01 08:37:10.370,NEW_DATA,3.4461,93.223,136.7931
2026-06-01 08:37:10.401,NEW_DATA,3.4499,93.2158,136.7931
2026-06-01 08:37:10.432,NEW_DATA,3.4513,93.2086,136.7931
2026-06-01 08:37:10.463,NEW_DATA,3.4502,93.2013,136.7931
2026-06-01 08:37:10.494,NEW_DATA,3.4471,93.1904,136.7931
2026-06-01 08:37:10.525,NEW_DATA,3.4464,93.1868,136.7931
2026-06-01 08:37:10.556,NEW_DATA,3.4436,93.1795,136.7931
2026-06-01 08:37:10.590,NEW_DATA,3.4485,93.1721,136.7931
2026-06-01 08:37:10.620,NEW_DATA,3.4474,93.1648,136.7931
2026-06-01 08:37:10.651,NEW_DATA,3.4506,93.1574,136.7931
2026-06-01 08:37:10.684,NEW_DATA,3.4513,93.15,136.7931
2026-06-01 08:37:10.711,NEW_DATA,3.4513,93.1426,136.7931
2026-06-01 08:37:10.743,NEW_DATA,3.4499,93.1352,136.7931
2026-06-01 08:37:10.774,NEW_DATA,3.4499,93.1278,136.7931
2026-06-01 08:37:10.805,NEW_DATA,3.4485,93.1203,136.7931
2026-06-01 08:37:10.835,NEW_DATA,3.4457,93.1128,136.7931
2026-06-01 08:37:10.867,NEW_DATA,3.4436,93.1053,136.7931
2026-06-01 08:37:10.899,NEW_DATA,3.4464,93.0978,136.7931
2026-06-01 08:37:10.929,NEW_DATA,3.4471,93.0902,136.7931
2026-06-01 08:37:10.961,NEW_DATA,3.4474,93.0827,136.7931
2026-06-01 08:37:10.994,NEW_DATA,3.4502,93.0751,136.7931
2026-06-01 08:37:11.028,NEW_DATA,3.4513,93.0675,136.7931
2026-06-01 08:37:11.058,NEW_DATA,3.4499,93.0599,136.7931
2026-06-01 08:37:11.090,NEW_DATA,3.4516,93.0523,136.7931
2026-06-01 08:37:11.121,NEW_DATA,3.4506,93.0446,136.7931
2026-06-01 08:37:11.154,NEW_DATA,3.4457,93.0369,136.7931
2026-06-01 08:37:11.185,NEW_DATA,3.4447,93.0292,136.7931
2026-06-01 08:37:11.216,NEW_DATA,3.4457,93.0215,136.7931
2026-06-01 08:37:11.247,NEW_DATA,3.4464,93.0138,136.7931
2026-06-01 08:37:11.279,NEW_DATA,3.4513,93.006,136.7931
2026-06-01 08:37:11.310,NEW_DATA,3.4506,92.9983,136.7931
2026-06-01 08:37:11.341,NEW_DATA,3.452,92.9905,136.7931
2026-06-01 08:37:11.371,NEW_DATA,3.454,92.9827,136.7931
2026-06-01 08:37:11.406,NEW_DATA,3.452,92.9749,136.7931
2026-06-01 08:37:11.434,NEW_DATA,3.4499,92.967,136.7931
2026-06-01 08:37:11.464,NEW_DATA,3.4478,92.9592,136.7931
2026-06-01 08:37:11.495,NEW_DATA,3.4471,92.9513,136.7931
2026-06-01 08:37:11.526,NEW_DATA,3.4464,92.9434,136.7931
2026-06-01 08:37:11.556,NEW_DATA,3.4471,92.9355,136.7931
2026-06-01 08:37:11.588,NEW_DATA,3.4478,92.9276,136.7931
2026-06-01 08:37:11.620,NEW_DATA,3.4513,92.9196,136.7931
2026-06-01 08:37:11.652,NEW_DATA,3.4513,92.9117,136.7931
2026-06-01 08:37:11.681,NEW_DATA,3.4516,92.9037,136.7931
2026-06-01 08:37:11.714,NEW_DATA,3.4495,92.8957,136.7931
2026-06-01 08:37:11.745,NEW_DATA,3.4499,92.8877,136.7931
2026-06-01 08:37:11.776,NEW_DATA,3.4471,92.8796,136.7931
2026-06-01 08:37:11.808,NEW_DATA,3.4485,92.8716,136.7931
2026-06-01 08:37:11.840,NEW_DATA,3.445,92.8635,136.7931
2026-06-01 08:37:11.870,NEW_DATA,3.4471,92.8554,136.7931
2026-06-01 08:37:11.902,NEW_DATA,3.4513,92.8433,136.7931
2026-06-01 08:37:11.931,NEW_DATA,3.4506,92.8392,136.7931
2026-06-01 08:37:11.961,NEW_DATA,3.4526,92.8311,136.7931
2026-06-01 08:37:11.995,NEW_DATA,3.4499,92.8229,136.7931
2026-06-01 08:37:12.027,NEW_DATA,3.4513,92.8148,136.7931
2026-06-01 08:37:12.058,NEW_DATA,3.4513,92.8066,136.7931
2026-06-01 08:37:12.089,NEW_DATA,3.4485,92.7984,136.7931
2026-06-01 08:37:12.122,NEW_DATA,3.4471,92.7902,136.7931
2026-06-01 08:37:12.153,NEW_DATA,3.4464,92.782,136.7931
2026-06-01 08:37:12.186,NEW_DATA,3.4513,92.7737,136.7931
2026-06-01 08:37:12.219,NEW_DATA,3.4523,92.7654,136.7931
2026-06-01 08:37:12.250,NEW_DATA,3.4568,92.7572,136.7931
2026-06-01 08:37:12.281,NEW_DATA,3.4582,92.7489,136.7931
2026-06-01 08:37:12.312,NEW_DATA,3.461,92.7406,136.7931
2026-06-01 08:37:12.344,NEW_DATA,3.4637,92.7322,136.7931
2026-06-01 08:37:12.374,NEW_DATA,3.4568,92.7239,136.7931
2026-06-01 08:37:12.407,NEW_DATA,3.4568,92.7155,136.7931
2026-06-01 08:37:12.438,NEW_DATA,3.4544,92.7071,136.7931
2026-06-01 08:37:12.471,NEW_DATA,3.4513,92.6988,136.7931
2026-06-01 08:37:12.502,NEW_DATA,3.4547,92.6904,136.7931
2026-06-01 08:37:12.533,NEW_DATA,3.4547,92.6819,136.7931
2026-06-01 08:37:12.564,NEW_DATA,3.4565,92.6693,136.7931
2026-06-01 08:37:12.598,NEW_DATA,3.4596,92.665,136.7931
2026-06-01 08:37:12.628,NEW_DATA,3.4554,92.6566,136.7931
2026-06-01 08:37:12.658,NEW_DATA,3.4526,92.6481,136.7931
2026-06-01 08:37:12.690,NEW_DATA,3.4506,92.6396,136.7931
2026-06-01 08:37:12.722,NEW_DATA,3.4492,92.6311,136.7931
2026-06-01 08:37:12.753,NEW_DATA,3.4488,92.6226,136.7931
2026-06-01 08:37:12.784,NEW_DATA,3.4499,92.614,136.7931
2026-06-01 08:37:12.816,NEW_DATA,3.4526,92.6055,136.7931
2026-06-01 08:37:12.848,NEW_DATA,3.454,92.5969,136.7931
2026-06-01 08:37:12.879,NEW_DATA,3.4547,92.5881,134.4294
2026-06-01 08:37:12.911,NEW_DATA,3.454,92.5783,134.4294
2026-06-01 08:37:12.941,NEW_DATA,3.4575,92.5672,134.4294
2026-06-01 08:37:12.974,NEW_DATA,3.4554,92.5549,134.4294
2026-06-01 08:37:13.006,NEW_DATA,3.452,92.5414,134.4294
2026-06-01 08:37:13.036,NEW_DATA,3.4523,92.5266,134.4294
2026-06-01 08:37:13.068,NEW_DATA,3.4492,92.5107,134.4294
2026-06-01 08:37:13.102,NEW_DATA,3.4492,92.4935,134.4294
2026-06-01 08:37:13.130,NEW_DATA,3.4485,92.4751,134.4294
2026-06-01 08:37:13.161,NEW_DATA,3.4513,92.4555,134.4294
2026-06-01 08:37:13.194,NEW_DATA,3.4544,92.4347,134.4294
2026-06-01 08:37:13.226,NEW_DATA,3.4547,92.4127,134.4294
2026-06-01 08:37:13.257,NEW_DATA,3.454,92.3896,134.4294
2026-06-01 08:37:13.289,NEW_DATA,3.4582,92.3652,134.4294
2026-06-01 08:37:13.320,NEW_DATA,3.4537,92.3397,134.4294
2026-06-01 08:37:13.352,NEW_DATA,3.4499,92.313,134.4294
2026-06-01 08:37:13.383,NEW_DATA,3.4478,92.2852,134.4294
2026-06-01 08:37:13.415,NEW_DATA,3.4485,92.2562,134.4294
2026-06-01 08:37:13.445,NEW_DATA,3.4499,92.2261,134.4294
2026-06-01 08:37:13.478,NEW_DATA,3.4533,92.1788,134.4294
2026-06-01 08:37:13.508,NEW_DATA,3.454,92.1624,134.4294
2026-06-01 08:37:13.538,NEW_DATA,3.454,92.1289,134.4294
2026-06-01 08:37:13.570,NEW_DATA,3.4544,92.0942,134.4294
2026-06-01 08:37:13.601,NEW_DATA,3.4523,92.0585,134.4294
2026-06-01 08:37:13.631,NEW_DATA,3.453,92.0216,134.4294
2026-06-01 08:37:13.664,NEW_DATA,3.4533,91.9837,134.4294
2026-06-01 08:37:13.695,NEW_DATA,3.4492,91.9446,134.4294
2026-06-01 08:37:13.727,NEW_DATA,3.4485,91.9045,134.4294
2026-06-01 08:37:13.758,NEW_DATA,3.4526,91.8632,134.4294
2026-06-01 08:37:13.790,NEW_DATA,3.4547,91.821,134.4294
2026-06-01 08:37:13.822,NEW_DATA,3.4551,91.7776,134.4294
2026-06-01 08:37:13.852,NEW_DATA,3.4575,91.7332,134.4294
2026-06-01 08:37:13.884,NEW_DATA,3.4554,91.6878,134.4294
2026-06-01 08:37:13.915,NEW_DATA,3.452,91.6413,134.4294
2026-06-01 08:37:13.945,NEW_DATA,3.4526,91.5937,134.4294
2026-06-01 08:37:13.976,NEW_DATA,3.454,91.5452,134.4294
2026-06-01 08:37:14.008,NEW_DATA,3.4492,91.4956,134.4294
2026-06-01 08:37:14.040,NEW_DATA,3.4509,91.445,134.4294
2026-06-01 08:37:14.071,NEW_DATA,3.4516,91.3935,134.4294
2026-06-01 08:37:14.102,NEW_DATA,3.4526,91.3409,134.4294
2026-06-01 08:37:14.133,NEW_DATA,3.4565,91.2873,134.4294
2026-06-01 08:37:14.163,NEW_DATA,3.454,91.2328,134.4294
2026-06-01 08:37:14.194,NEW_DATA,3.4561,91.1773,134.4294
2026-06-01 08:37:14.227,NEW_DATA,3.4533,91.1208,134.4294
2026-06-01 08:37:14.257,NEW_DATA,3.4499,91.0633,134.4294
2026-06-01 08:37:14.288,NEW_DATA,3.4485,91.005,134.4294
2026-06-01 08:37:14.321,NEW_DATA,3.4533,90.9456,134.4294
2026-06-01 08:37:14.350,NEW_DATA,3.4506,90.8854,134.4294
2026-06-01 08:37:14.381,NEW_DATA,3.454,90.8242,134.4294
2026-06-01 08:37:14.413,NEW_DATA,3.453,90.7621,134.4294
2026-06-01 08:37:14.445,NEW_DATA,3.4575,90.6991,134.4294
2026-06-01 08:37:14.477,NEW_DATA,3.4572,90.6352,134.4294
2026-06-01 08:37:14.508,NEW_DATA,3.4572,90.5704,134.4294
2026-06-01 08:37:14.540,NEW_DATA,3.4547,90.5047,134.4294
2026-06-01 08:37:14.572,NEW_DATA,3.4565,90.4382,134.4294
2026-06-01 08:37:14.604,NEW_DATA,3.4513,90.3707,134.4294
2026-06-01 08:37:14.635,NEW_DATA,3.4513,90.3025,134.4294
2026-06-01 08:37:14.668,NEW_DATA,3.4513,90.2333,134.4294
2026-06-01 08:37:14.695,NEW_DATA,3.454,90.1634,134.4294
2026-06-01 08:37:14.727,NEW_DATA,3.4568,90.0925,134.4294
2026-06-01 08:37:14.759,NEW_DATA,3.4547,90.0209,134.4294
2026-06-01 08:37:14.790,NEW_DATA,3.4582,89.9485,134.4294
2026-06-01 08:37:14.822,NEW_DATA,3.4582,89.8752,134.4294
2026-06-01 08:37:14.853,NEW_DATA,3.4544,89.8011,134.4294
2026-06-01 08:37:14.884,NEW_DATA,3.454,89.7263,134.4294
2026-06-01 08:37:14.916,NEW_DATA,3.4533,89.6506,134.4294
2026-06-01 08:37:14.946,NEW_DATA,3.4513,89.5742,134.4294
2026-06-01 08:37:14.977,NEW_DATA,3.4485,89.497,134.4294
2026-06-01 08:37:15.008,NEW_DATA,3.4506,89.4191,134.4294
2026-06-01 08:37:15.041,NEW_DATA,3.4575,89.3008,134.4294
2026-06-01 08:37:15.070,NEW_DATA,3.4582,89.261,134.4294
2026-06-01 08:37:15.101,NEW_DATA,3.4568,89.1808,134.4294
2026-06-01 08:37:15.132,NEW_DATA,3.4589,89.0592,134.4294
2026-06-01 08:37:15.164,NEW_DATA,3.454,89.0183,134.4294
2026-06-01 08:37:15.195,NEW_DATA,3.4561,88.936,134.4294
2026-06-01 08:37:15.226,NEW_DATA,3.4513,88.8529,134.4294
2026-06-01 08:37:15.258,NEW_DATA,3.452,88.7692,134.4294
2026-06-01 08:37:15.290,NEW_DATA,3.452,88.6848,134.4294
2026-06-01 08:37:15.321,NEW_DATA,3.4554,88.5997,134.4294
2026-06-01 08:37:15.353,NEW_DATA,3.4596,88.514,134.4294
2026-06-01 08:37:15.385,NEW_DATA,3.4568,88.4276,134.4294
2026-06-01 08:37:15.417,NEW_DATA,3.4582,88.3405,134.4294
2026-06-01 08:37:15.446,NEW_DATA,3.4596,88.2528,134.4294
2026-06-01 08:37:15.479,NEW_DATA,3.4554,88.1645,134.4294
2026-06-01 08:37:15.510,NEW_DATA,3.4561,88.0755,134.4294
2026-06-01 08:37:15.543,NEW_DATA,3.454,87.9859,134.4294
2026-06-01 08:37:15.574,NEW_DATA,3.4554,87.8957,134.4294
2026-06-01 08:37:15.605,NEW_DATA,3.454,87.8049,134.4294
2026-06-01 08:37:15.636,NEW_DATA,3.4575,87.7135,134.4294
2026-06-01 08:37:15.669,NEW_DATA,3.4568,87.6216,134.4294
2026-06-01 08:37:15.700,NEW_DATA,3.4561,87.529,134.4294
2026-06-01 08:37:15.732,NEW_DATA,3.4585,87.4359,134.4294
2026-06-01 08:37:15.762,NEW_DATA,3.4575,87.3422,134.4294
2026-06-01 08:37:15.792,NEW_DATA,3.4592,87.248,134.4294
2026-06-01 08:37:15.823,NEW_DATA,3.4547,87.1532,134.4294
2026-06-01 08:37:15.855,NEW_DATA,3.4537,87.0579,134.4294
2026-06-01 08:37:15.887,NEW_DATA,3.454,86.962,134.4294
2026-06-01 08:37:15.918,NEW_DATA,3.4554,86.8657,134.4294
2026-06-01 08:37:15.950,NEW_DATA,3.4533,86.7688,134.4294
2026-06-01 08:37:15.982,NEW_DATA,3.4582,86.6714,134.4294
2026-06-01 08:37:16.014,NEW_DATA,3.4585,86.5735,134.4294
2026-06-01 08:37:16.044,NEW_DATA,3.4589,86.4752,134.4294
2026-06-01 08:37:16.075,NEW_DATA,3.4624,86.3763,134.4294
2026-06-01 08:37:16.106,NEW_DATA,3.4575,86.277,134.4294
2026-06-01 08:37:16.137,NEW_DATA,3.461,86.1772,134.4294
2026-06-01 08:37:16.166,NEW_DATA,3.4568,86.0769,134.4294
2026-06-01 08:37:16.199,NEW_DATA,3.4547,85.9762,134.4294
2026-06-01 08:37:16.229,NEW_DATA,3.454,85.8751,134.4294
2026-06-01 08:37:16.261,NEW_DATA,3.4568,85.7735,134.4294
2026-06-01 08:37:16.291,NEW_DATA,3.4568,85.6715,134.4294
2026-06-01 08:37:16.322,NEW_DATA,3.461,85.5691,134.4294
2026-06-01 08:37:16.354,NEW_DATA,3.461,85.4662,134.4294
2026-06-01 08:37:16.386,NEW_DATA,3.4613,85.363,134.4294
2026-06-01 08:37:16.416,NEW_DATA,3.4575,85.2594,134.4294
2026-06-01 08:37:16.448,NEW_DATA,3.4558,85.1553,134.4294
2026-06-01 08:37:16.479,NEW_DATA,3.4568,85.0509,134.4294
2026-06-01 08:37:16.511,NEW_DATA,3.4526,84.9461,134.4294
2026-06-01 08:37:16.541,NEW_DATA,3.4582,84.841,134.4294
2026-06-01 08:37:16.574,NEW_DATA,3.4547,84.7355,134.4294
2026-06-01 08:37:16.606,NEW_DATA,3.4572,84.6296,134.4294
2026-06-01 08:37:16.635,NEW_DATA,3.4603,84.5234,134.4294
2026-06-01 08:37:16.668,NEW_DATA,3.4617,84.4168,134.4294
2026-06-01 08:37:16.698,NEW_DATA,3.4582,84.3099,134.4294
2026-06-01 08:37:16.730,NEW_DATA,3.4582,84.2027,134.4294
2026-06-01 08:37:16.761,NEW_DATA,3.4554,84.0952,134.4294
2026-06-01 08:37:16.793,NEW_DATA,3.4544,83.9874,134.4294
2026-06-01 08:37:16.825,NEW_DATA,3.4554,83.8792,134.4294
2026-06-01 08:37:16.857,NEW_DATA,3.4523,83.7708,134.4294
2026-06-01 08:37:16.888,NEW_DATA,3.4554,83.6621,134.4294
2026-06-01 08:37:16.917,NEW_DATA,3.4544,83.5531,134.4294
2026-06-01 08:37:16.950,NEW_DATA,3.4603,83.4438,134.4294
2026-06-01 08:37:16.981,NEW_DATA,3.4589,83.3342,134.4294
2026-06-01 08:37:17.011,NEW_DATA,3.4599,83.2244,134.4294
2026-06-01 08:37:17.043,NEW_DATA,3.4568,83.1143,134.4294
2026-06-01 08:37:17.076,NEW_DATA,3.4599,83.004,134.4294
2026-06-01 08:37:17.104,NEW_DATA,3.4561,82.8934,134.4294
2026-06-01 08:37:17.135,NEW_DATA,3.4554,82.7827,134.4294
2026-06-01 08:37:17.166,NEW_DATA,3.4544,82.6716,134.4294
2026-06-01 08:37:17.198,NEW_DATA,3.4561,82.5604,134.4294
2026-06-01 08:37:17.228,NEW_DATA,3.4568,82.4489,134.4294
2026-06-01 08:37:17.259,NEW_DATA,3.4554,82.3372,134.4294
2026-06-01 08:37:17.291,NEW_DATA,3.4582,82.2254,134.4294
2026-06-01 08:37:17.322,NEW_DATA,3.4589,82.1133,134.4294
2026-06-01 08:37:17.354,NEW_DATA,3.4585,82.001,134.4294
2026-06-01 08:37:17.384,NEW_DATA,3.4575,81.8886,134.4294
2026-06-01 08:37:17.416,NEW_DATA,3.4533,81.7759,134.4294
2026-06-01 08:37:17.449,NEW_DATA,3.4513,81.6631,134.4294
2026-06-01 08:37:17.480,NEW_DATA,3.4526,81.5501,134.4294
2026-06-01 08:37:17.512,NEW_DATA,3.4547,81.437,134.4294
2026-06-01 08:37:17.542,NEW_DATA,3.4558,81.3237,134.4294
2026-06-01 08:37:17.574,NEW_DATA,3.4582,81.2103,134.4294
2026-06-01 08:37:17.607,NEW_DATA,3.4582,81.0967,134.4294
2026-06-01 08:37:17.640,NEW_DATA,3.4582,80.983,134.4294
2026-06-01 08:37:17.670,NEW_DATA,3.4572,80.8692,134.4294
2026-06-01 08:37:17.701,NEW_DATA,3.4568,80.7552,134.4294
2026-06-01 08:37:17.733,NEW_DATA,3.4547,80.6411,134.4294
2026-06-01 08:37:17.764,NEW_DATA,3.4526,80.5269,134.4294
2026-06-01 08:37:17.795,NEW_DATA,3.4533,80.4126,134.4294
2026-06-01 08:37:17.825,NEW_DATA,3.4544,80.2982,134.4294
2026-06-01 08:37:17.858,NEW_DATA,3.4589,80.1836,134.4294
2026-06-01 08:37:17.890,NEW_DATA,3.4631,80.069,134.4294
2026-06-01 08:37:17.920,NEW_DATA,3.4606,79.9543,134.4294
2026-06-01 08:37:17.951,NEW_DATA,3.461,79.8396,134.4294
2026-06-01 08:37:17.982,NEW_DATA,3.4582,79.7247,134.4294
2026-06-01 08:37:18.016,NEW_DATA,3.4582,79.6098,134.4294
2026-06-01 08:37:18.045,NEW_DATA,3.4603,79.4948,134.4294
2026-06-01 08:37:18.078,NEW_DATA,3.4547,79.3798,134.4294
2026-06-01 08:37:18.109,NEW_DATA,3.4544,79.2647,134.4294
2026-06-01 08:37:18.142,NEW_DATA,3.4558,79.1495,134.4294
2026-06-01 08:37:18.175,NEW_DATA,3.4596,78.9767,134.4294
2026-06-01 08:37:18.206,NEW_DATA,3.4596,78.9191,134.4294
2026-06-01 08:37:18.238,NEW_DATA,3.4596,78.8038,134.4294
2026-06-01 08:37:18.270,NEW_DATA,3.4603,78.6885,134.4294
2026-06-01 08:37:18.301,NEW_DATA,3.4599,78.5732,134.4294
2026-06-01 08:37:18.332,NEW_DATA,3.4554,78.4002,134.4294
2026-06-01 08:37:18.362,NEW_DATA,3.4547,78.3425,134.4294
2026-06-01 08:37:18.394,NEW_DATA,3.454,78.2271,134.4294
2026-06-01 08:37:18.425,NEW_DATA,3.4533,78.1117,134.4294
2026-06-01 08:37:18.457,NEW_DATA,3.4568,77.9963,134.4294
2026-06-01 08:37:18.489,NEW_DATA,3.4578,77.881,134.4294
2026-06-01 08:37:18.521,NEW_DATA,3.4568,77.7656,134.4294
2026-06-01 08:37:18.551,NEW_DATA,3.4596,77.6502,134.4294
2026-06-01 08:37:18.582,NEW_DATA,3.4603,77.5349,134.4294
2026-06-01 08:37:18.612,NEW_DATA,3.4606,77.4196,134.4294
2026-06-01 08:37:18.643,NEW_DATA,3.4568,77.3043,134.4294
2026-06-01 08:37:18.675,NEW_DATA,3.4585,77.189,134.4294
2026-06-01 08:37:18.706,NEW_DATA,3.454,77.0738,134.4294
2026-06-01 08:37:18.737,NEW_DATA,3.4558,76.9586,134.4294
2026-06-01 08:37:18.768,NEW_DATA,3.454,76.8434,134.4294
2026-06-01 08:37:18.800,NEW_DATA,3.4558,76.7283,134.4294
2026-06-01 08:37:18.832,NEW_DATA,3.4589,76.5557,134.4294
2026-06-01 08:37:18.865,NEW_DATA,3.461,76.4983,134.4294
2026-06-01 08:37:18.894,NEW_DATA,3.4589,76.3833,134.4294
2026-06-01 08:37:18.927,NEW_DATA,3.4568,76.2684,134.4294
2026-06-01 08:37:18.958,NEW_DATA,3.4568,76.1536,134.4294
2026-06-01 08:37:18.990,NEW_DATA,3.453,76.0389,134.4294
2026-06-01 08:37:19.021,NEW_DATA,3.4554,75.9242,134.4294
2026-06-01 08:37:19.054,NEW_DATA,3.4582,75.8096,134.4294
2026-06-01 08:37:19.084,NEW_DATA,3.4568,75.6951,134.4294
2026-06-01 08:37:19.116,NEW_DATA,3.4568,75.5807,134.4294
2026-06-01 08:37:19.148,NEW_DATA,3.4627,75.4663,134.4294
2026-06-01 08:37:19.181,NEW_DATA,3.4603,75.3521,134.4294
2026-06-01 08:37:19.211,NEW_DATA,3.4624,75.2379,134.4294
2026-06-01 08:37:19.244,NEW_DATA,3.4585,75.1239,134.4294
2026-06-01 08:37:19.275,NEW_DATA,3.4582,75.0099,134.4294
2026-06-01 08:37:19.308,NEW_DATA,3.4558,74.8961,134.4294
2026-06-01 08:37:19.338,NEW_DATA,3.4554,74.7823,134.4294
2026-06-01 08:37:19.369,NEW_DATA,3.4554,74.6687,134.4294
2026-06-01 08:37:19.404,NEW_DATA,3.4575,74.4985,134.4294
2026-06-01 08:37:19.430,NEW_DATA,3.4599,74.4418,134.4294
2026-06-01 08:37:19.462,NEW_DATA,3.4599,74.3286,134.4294
2026-06-01 08:37:19.494,NEW_DATA,3.461,74.2155,134.4294
2026-06-01 08:37:19.526,NEW_DATA,3.4627,74.1024,134.4294
2026-06-01 08:37:19.558,NEW_DATA,3.461,73.9896,134.4294
2026-06-01 08:37:19.588,NEW_DATA,3.4599,73.8768,134.4294
2026-06-01 08:37:19.620,NEW_DATA,3.4568,73.7643,134.4294
2026-06-01 08:37:19.652,NEW_DATA,3.4582,73.6518,134.4294
2026-06-01 08:37:19.683,NEW_DATA,3.4568,73.5395,134.4294
2026-06-01 08:37:19.714,NEW_DATA,3.4582,73.3713,134.4294
2026-06-01 08:37:19.747,NEW_DATA,3.4624,73.2594,134.4294
2026-06-01 08:37:19.778,NEW_DATA,3.4599,73.2035,134.4294
2026-06-01 08:37:19.809,NEW_DATA,3.4617,73.0918,134.4294
2026-06-01 08:37:19.840,NEW_DATA,3.4637,72.9802,134.4294
2026-06-01 08:37:19.870,NEW_DATA,3.4603,72.8689,134.4294
2026-06-01 08:37:19.903,NEW_DATA,3.4575,72.7021,134.4294
2026-06-01 08:37:19.935,NEW_DATA,3.4547,72.6466,134.4294
2026-06-01 08:37:19.966,NEW_DATA,3.4558,72.5357,134.4294
2026-06-01 08:37:19.998,NEW_DATA,3.454,72.425,134.4294
2026-06-01 08:37:20.028,NEW_DATA,3.4561,72.3145,134.4294
2026-06-01 08:37:20.059,NEW_DATA,3.4603,72.2042,134.4294
2026-06-01 08:37:20.091,NEW_DATA,3.461,72.094,134.4294
2026-06-01 08:37:20.121,NEW_DATA,3.4606,71.984,134.4294
2026-06-01 08:37:20.154,NEW_DATA,3.4624,71.8194,134.4294
2026-06-01 08:37:20.184,NEW_DATA,3.4603,71.7646,134.4294
2026-06-01 08:37:20.217,NEW_DATA,3.4599,71.6552,134.4294
2026-06-01 08:37:20.249,NEW_DATA,3.4585,71.546,134.4294
2026-06-01 08:37:20.278,NEW_DATA,3.4568,71.4369,134.4294
2026-06-01 08:37:20.309,NEW_DATA,3.4565,71.3281,134.4294
2026-06-01 08:37:20.340,NEW_DATA,3.4558,71.2195,134.4294
2026-06-01 08:37:20.370,NEW_DATA,3.4596,71.111,134.4294
2026-06-01 08:37:20.403,NEW_DATA,3.4624,71.0028,134.4294
2026-06-01 08:37:20.433,NEW_DATA,3.461,70.8948,134.4294
2026-06-01 08:37:20.469,NEW_DATA,3.461,70.787,134.4294
2026-06-01 08:37:20.496,NEW_DATA,3.461,70.6794,134.4294
2026-06-01 08:37:20.527,NEW_DATA,3.4606,70.572,134.4294
2026-06-01 08:37:20.557,NEW_DATA,3.4551,70.4648,134.4294
2026-06-01 08:37:20.588,NEW_DATA,3.4547,70.3579,134.4294
2026-06-01 08:37:20.619,NEW_DATA,3.4554,70.2511,134.4294
2026-06-01 08:37:20.650,NEW_DATA,3.4578,70.1446,134.4294
2026-06-01 08:37:20.683,NEW_DATA,3.4613,70.0383,134.4294
2026-06-01 08:37:20.713,NEW_DATA,3.4613,69.9323,134.4294
2026-06-01 08:37:20.747,NEW_DATA,3.4624,69.8264,134.4294
2026-06-01 08:37:20.777,NEW_DATA,3.4644,69.7208,134.4294
2026-06-01 08:37:20.806,NEW_DATA,3.4599,69.6154,134.4294
2026-06-01 08:37:20.842,NEW_DATA,3.462,69.5103,134.4294
2026-06-01 08:37:20.870,NEW_DATA,3.4544,69.4053,134.4294
2026-06-01 08:37:20.902,NEW_DATA,3.4547,69.3007,134.4294
2026-06-01 08:37:20.934,NEW_DATA,3.4568,69.1962,134.4294
2026-06-01 08:37:20.965,NEW_DATA,3.4582,69.092,134.4294
2026-06-01 08:37:20.998,NEW_DATA,3.4596,68.988,134.4294
2026-06-01 08:37:21.030,NEW_DATA,3.4644,68.8843,134.4294
2026-06-01 08:37:21.061,NEW_DATA,3.4617,68.7808,134.4294
2026-06-01 08:37:21.091,NEW_DATA,3.4637,68.6776,134.4294
2026-06-01 08:37:21.124,NEW_DATA,3.461,68.5746,134.4294
2026-06-01 08:37:21.154,NEW_DATA,3.4589,68.4719,134.4294
2026-06-01 08:37:21.186,NEW_DATA,3.461,68.3694,134.4294
2026-06-01 08:37:21.218,NEW_DATA,3.4603,68.2671,134.4294
2026-06-01 08:37:21.248,NEW_DATA,3.4589,68.1651,134.4294
2026-06-01 08:37:21.283,NEW_DATA,3.4561,68.0634,134.4294
2026-06-01 08:37:21.314,NEW_DATA,3.461,67.9113,134.4294
2026-06-01 08:37:21.349,NEW_DATA,3.4627,67.8102,134.4294
2026-06-01 08:37:21.376,NEW_DATA,3.461,67.7598,134.4294
2026-06-01 08:37:21.415,NEW_DATA,3.4651,67.6591,134.4294
2026-06-01 08:37:21.437,NEW_DATA,3.4585,67.5586,134.4294
2026-06-01 08:37:21.466,NEW_DATA,3.4589,67.4585,134.4294
2026-06-01 08:37:21.499,NEW_DATA,3.4582,67.3585,134.4294
2026-06-01 08:37:21.530,NEW_DATA,3.4554,67.2589,134.4294
2026-06-01 08:37:21.561,NEW_DATA,3.4568,67.1595,134.4294
2026-06-01 08:37:21.591,NEW_DATA,3.4589,67.0109,134.4294
2026-06-01 08:37:21.622,NEW_DATA,3.4592,66.9616,134.4294
2026-06-01 08:37:21.653,NEW_DATA,3.4641,66.863,134.4294
2026-06-01 08:37:21.685,NEW_DATA,3.461,66.7647,134.4294
2026-06-01 08:37:21.717,NEW_DATA,3.4637,66.6666,134.4294
2026-06-01 08:37:21.747,NEW_DATA,3.4627,66.5689,134.4294
2026-06-01 08:37:21.780,NEW_DATA,3.4603,66.4714,134.4294
2026-06-01 08:37:21.810,NEW_DATA,3.4596,66.3742,134.4294
2026-06-01 08:37:21.842,NEW_DATA,3.4582,66.2773,134.4294
2026-06-01 08:37:21.870,NEW_DATA,3.4561,66.1806,134.4294
2026-06-01 08:37:21.903,NEW_DATA,3.4582,66.0842,134.4294
2026-06-01 08:37:21.933,NEW_DATA,3.4596,65.9881,134.4294
2026-06-01 08:37:21.964,NEW_DATA,3.4624,65.8923,134.4294
2026-06-01 08:37:21.996,NEW_DATA,3.4637,65.7968,134.4294
2026-06-01 08:37:22.025,NEW_DATA,3.4637,65.7015,134.4294
2026-06-01 08:37:22.056,NEW_DATA,3.461,65.5592,134.4294
2026-06-01 08:37:22.088,NEW_DATA,3.4613,65.4646,134.4294
2026-06-01 08:37:22.119,NEW_DATA,3.4603,65.4175,134.4294
2026-06-01 08:37:22.150,NEW_DATA,3.4561,65.3234,134.4294
2026-06-01 08:37:22.183,NEW_DATA,3.4603,65.2295,134.4294
2026-06-01 08:37:22.216,NEW_DATA,3.4568,65.136,134.4294
2026-06-01 08:37:22.245,NEW_DATA,3.4585,65.0428,134.4294
2026-06-01 08:37:22.275,NEW_DATA,3.4644,64.9498,134.4294
2026-06-01 08:37:22.306,NEW_DATA,3.4627,64.8571,134.4294
2026-06-01 08:37:22.335,NEW_DATA,3.4617,64.7647,134.4294
2026-06-01 08:37:22.373,NEW_DATA,3.4599,64.6727,134.4294
2026-06-01 08:37:22.400,NEW_DATA,3.4613,64.5809,134.4294
2026-06-01 08:37:22.432,NEW_DATA,3.4582,64.4893,134.4294
2026-06-01 08:37:22.463,NEW_DATA,3.4558,64.3981,134.4294
2026-06-01 08:37:22.498,NEW_DATA,3.4582,64.2619,134.4294
2026-06-01 08:37:22.526,NEW_DATA,3.4624,64.2166,134.4294
2026-06-01 08:37:22.557,NEW_DATA,3.4599,64.1263,134.4294
2026-06-01 08:37:22.587,NEW_DATA,3.4631,64.0363,134.4294
2026-06-01 08:37:22.620,NEW_DATA,3.4634,63.9018,134.4294
2026-06-01 08:37:22.650,NEW_DATA,3.4617,63.8571,134.4294
2026-06-01 08:37:22.681,NEW_DATA,3.4603,63.768,134.4294
2026-06-01 08:37:22.715,NEW_DATA,3.4624,63.6791,134.4294
2026-06-01 08:37:22.745,NEW_DATA,3.4585,63.5906,134.4294
2026-06-01 08:37:22.776,NEW_DATA,3.4585,63.4583,134.4294
2026-06-01 08:37:22.808,NEW_DATA,3.4554,63.4144,134.4294
2026-06-01 08:37:22.839,NEW_DATA,3.4582,63.3268,134.4294
2026-06-01 08:37:22.873,NEW_DATA,3.4617,63.1959,134.4294
2026-06-01 08:37:22.901,NEW_DATA,3.4624,63.1524,134.4294
2026-06-01 08:37:22.934,NEW_DATA,3.4637,63.0657,134.4294
2026-06-01 08:37:22.966,NEW_DATA,3.4624,62.9793,134.4294
2026-06-01 08:37:22.997,NEW_DATA,3.461,62.8931,134.4294
2026-06-01 08:37:23.028,NEW_DATA,3.4624,62.8073,134.4294
2026-06-01 08:37:23.059,NEW_DATA,3.4582,62.7218,134.4294
2026-06-01 08:37:23.090,NEW_DATA,3.4565,62.6366,134.4294
2026-06-01 08:37:23.121,NEW_DATA,3.4592,62.5517,134.4294
2026-06-01 08:37:23.153,NEW_DATA,3.4592,62.4671,134.4294
2026-06-01 08:37:23.185,NEW_DATA,3.4631,62.3828,134.4294
2026-06-01 08:37:23.216,NEW_DATA,3.461,62.2988,134.4294
2026-06-01 08:37:23.246,NEW_DATA,3.4634,62.2151,134.4294
2026-06-01 08:37:23.280,NEW_DATA,3.4672,62.1318,134.4294
2026-06-01 08:37:23.310,NEW_DATA,3.4651,62.0487,134.4294
2026-06-01 08:37:23.341,NEW_DATA,3.4596,61.966,134.4294
2026-06-01 08:37:23.371,NEW_DATA,3.4568,61.8835,134.4294
2026-06-01 08:37:23.402,NEW_DATA,3.4589,61.8014,134.4294
2026-06-01 08:37:23.434,NEW_DATA,3.4575,61.7196,134.4294
2026-06-01 08:37:23.464,NEW_DATA,3.4627,61.638,134.4294
2026-06-01 08:37:23.496,NEW_DATA,3.4592,61.5568,134.4294
2026-06-01 08:37:23.528,NEW_DATA,3.461,61.4759,134.4294
2026-06-01 08:37:23.558,NEW_DATA,3.4631,61.3954,134.4294
2026-06-01 08:37:23.589,NEW_DATA,3.4631,61.3151,134.4294
2026-06-01 08:37:23.619,NEW_DATA,3.4613,61.2351,134.4294
2026-06-01 08:37:23.651,NEW_DATA,3.4617,61.1555,134.4294
2026-06-01 08:37:23.683,NEW_DATA,3.4551,61.0761,134.4294
2026-06-01 08:37:23.715,NEW_DATA,3.4568,60.9971,134.4294
2026-06-01 08:37:23.745,NEW_DATA,3.4582,60.9184,134.4294
2026-06-01 08:37:23.775,NEW_DATA,3.4572,60.84,134.4294
2026-06-01 08:37:23.806,NEW_DATA,3.4651,60.7619,134.4294
2026-06-01 08:37:23.839,NEW_DATA,3.4617,60.6841,134.4294
2026-06-01 08:37:23.868,NEW_DATA,3.4655,60.6066,134.4294
2026-06-01 08:37:23.901,NEW_DATA,3.4617,60.5295,134.4294
2026-06-01 08:37:23.966,NEW_DATA,3.461,60.4526,134.4294
2026-06-01 08:37:23.990,NEW_DATA,3.4637,60.4143,134.4294
2026-06-01 08:37:24.030,NEW_DATA,3.4613,60.3761,134.4294
2026-06-01 08:37:24.061,NEW_DATA,3.454,60.2999,134.4294
2026-06-01 08:37:24.090,NEW_DATA,3.4582,60.224,134.4294
2026-06-01 08:37:24.121,NEW_DATA,3.4575,60.1484,134.4294
2026-06-01 08:37:24.152,NEW_DATA,3.4596,60.0732,134.4294
2026-06-01 08:37:24.184,NEW_DATA,3.4613,59.9982,134.4294
2026-06-01 08:37:24.214,NEW_DATA,3.4624,59.9236,134.4294
2026-06-01 08:37:24.246,NEW_DATA,3.4624,59.8492,134.4294
2026-06-01 08:37:24.275,NEW_DATA,3.4651,59.7752,134.4294
2026-06-01 08:37:24.306,NEW_DATA,3.4644,59.7015,134.4294
2026-06-01 08:37:24.339,NEW_DATA,3.461,59.6282,134.4294
2026-06-01 08:37:24.369,NEW_DATA,3.4589,59.5551,134.4294
2026-06-01 08:37:24.401,NEW_DATA,3.4561,59.4823,134.4294
2026-06-01 08:37:24.431,NEW_DATA,3.4578,59.4099,134.4294
2026-06-01 08:37:24.463,NEW_DATA,3.4596,59.3378,134.4294
2026-06-01 08:37:24.494,NEW_DATA,3.4624,59.2302,134.4294
2026-06-01 08:37:24.525,NEW_DATA,3.4624,59.1945,134.4294
2026-06-01 08:37:24.557,NEW_DATA,3.4651,59.1233,134.4294
2026-06-01 08:37:24.589,NEW_DATA,3.4617,59.0525,134.4294
2026-06-01 08:37:24.619,NEW_DATA,3.4617,58.982,134.4294
2026-06-01 08:37:24.651,NEW_DATA,3.461,58.9117,134.4294
2026-06-01 08:37:24.682,NEW_DATA,3.461,58.8418,134.4294
2026-06-01 08:37:24.714,NEW_DATA,3.461,58.7722,134.4294
2026-06-01 08:37:24.746,NEW_DATA,3.4613,58.703,134.4294
2026-06-01 08:37:24.776,NEW_DATA,3.4603,58.634,134.4294
2026-06-01 08:37:24.809,NEW_DATA,3.4599,58.5654,134.4294
2026-06-01 08:37:24.839,NEW_DATA,3.4582,58.4971,134.4294
2026-06-01 08:37:24.871,NEW_DATA,3.4679,58.4291,134.4294
2026-06-01 08:37:24.903,NEW_DATA,3.4651,58.3614,134.4294
2026-06-01 08:37:24.934,NEW_DATA,3.4613,58.294,134.4294
2026-06-01 08:37:24.965,NEW_DATA,3.4617,58.227,134.4294
2026-06-01 08:37:24.995,NEW_DATA,3.4596,58.1602,134.4294
2026-06-01 08:37:25.026,NEW_DATA,3.4582,58.0607,134.4294
2026-06-01 08:37:25.058,NEW_DATA,3.4554,58.0277,134.4294
2026-06-01 08:37:25.089,NEW_DATA,3.4617,57.9619,134.4294
2026-06-01 08:37:25.120,NEW_DATA,3.4596,57.8965,134.4294
2026-06-01 08:37:25.151,NEW_DATA,3.4599,57.8313,134.4294
2026-06-01 08:37:25.182,NEW_DATA,3.4655,57.7665,134.4294
2026-06-01 08:37:25.214,NEW_DATA,3.4627,57.702,134.4294
2026-06-01 08:37:25.246,NEW_DATA,3.4627,57.6378,134.4294
2026-06-01 08:37:25.274,NEW_DATA,3.461,57.5739,134.4294
2026-06-01 08:37:25.307,NEW_DATA,3.4637,57.5103,134.4294
2026-06-01 08:37:25.336,NEW_DATA,3.4603,57.4471,134.4294
2026-06-01 08:37:25.369,NEW_DATA,3.4582,57.3842,134.4294
2026-06-01 08:37:25.399,NEW_DATA,3.4613,57.3216,134.4294
2026-06-01 08:37:25.430,NEW_DATA,3.4603,57.2593,134.4294
2026-06-01 08:37:25.461,NEW_DATA,3.4658,57.1973,134.4294
2026-06-01 08:37:25.494,NEW_DATA,3.4651,57.1357,134.4294
2026-06-01 08:37:25.524,NEW_DATA,3.4655,57.0743,134.4294
2026-06-01 08:37:25.556,NEW_DATA,3.4637,57.0133,134.4294
2026-06-01 08:37:25.589,NEW_DATA,3.4624,56.9224,134.4294
2026-06-01 08:37:25.620,NEW_DATA,3.4582,56.8922,134.4294
2026-06-01 08:37:25.651,NEW_DATA,3.4596,56.8322,134.4294
2026-06-01 08:37:25.684,NEW_DATA,3.4561,56.7724,134.4294
2026-06-01 08:37:25.716,NEW_DATA,3.4582,56.713,134.4294
2026-06-01 08:37:25.749,NEW_DATA,3.4606,56.6539,134.4294
2026-06-01 08:37:25.779,NEW_DATA,3.4648,56.5951,134.4294
2026-06-01 08:37:25.811,NEW_DATA,3.4631,56.5366,134.4294
2026-06-01 08:37:25.842,NEW_DATA,3.4624,56.4785,134.4294
2026-06-01 08:37:25.873,NEW_DATA,3.4624,56.4206,134.4294
2026-06-01 08:37:25.905,NEW_DATA,3.4596,56.3631,134.4294
2026-06-01 08:37:25.936,NEW_DATA,3.4582,56.3059,134.4294
2026-06-01 08:37:25.968,NEW_DATA,3.4568,56.249,134.4294
2026-06-01 08:37:26.000,NEW_DATA,3.4558,56.1924,134.4294
2026-06-01 08:37:26.031,NEW_DATA,3.4596,56.1082,134.4294
2026-06-01 08:37:26.063,NEW_DATA,3.4624,56.0803,134.4294
2026-06-01 08:37:26.094,NEW_DATA,3.4637,55.997,134.4294
2026-06-01 08:37:26.124,NEW_DATA,3.4624,55.9694,134.4294
2026-06-01 08:37:26.157,NEW_DATA,3.4631,55.9144,134.4294
2026-06-01 08:37:26.188,NEW_DATA,3.4585,55.8325,134.4294
2026-06-01 08:37:26.218,NEW_DATA,3.4596,55.8054,134.4294
2026-06-01 08:37:26.251,NEW_DATA,3.4582,55.7514,134.4294
2026-06-01 08:37:26.282,NEW_DATA,3.4568,55.6977,134.4294
2026-06-01 08:37:26.315,NEW_DATA,3.4596,55.6443,134.4294
2026-06-01 08:37:26.345,NEW_DATA,3.4599,55.5912,134.4294
2026-06-01 08:37:26.376,NEW_DATA,3.4603,55.5385,134.4294
2026-06-01 08:37:26.408,NEW_DATA,3.4613,55.486,134.4294
2026-06-01 08:37:26.439,NEW_DATA,3.4644,55.4339,134.4294
2026-06-01 08:37:26.471,NEW_DATA,3.4624,55.3821,134.4294
2026-06-01 08:37:26.503,NEW_DATA,3.4624,55.3307,134.4294
2026-06-01 08:37:26.536,NEW_DATA,3.4582,55.2795,134.4294
2026-06-01 08:37:26.566,NEW_DATA,3.4603,55.2034,134.4294
2026-06-01 08:37:26.599,NEW_DATA,3.4603,55.1781,134.4294
2026-06-01 08:37:26.629,NEW_DATA,3.4568,55.1279,134.4294
2026-06-01 08:37:26.661,NEW_DATA,3.4613,55.0781,134.4294
2026-06-01 08:37:26.692,NEW_DATA,3.4624,55.0285,134.4294
2026-06-01 08:37:26.723,NEW_DATA,3.4641,54.9793,134.4294
2026-06-01 08:37:26.754,NEW_DATA,3.4624,54.9303,134.4294
2026-06-01 08:37:26.785,NEW_DATA,3.4669,54.8817,134.4294
2026-06-01 08:37:26.816,NEW_DATA,3.4624,54.8334,134.4294
2026-06-01 08:37:26.846,NEW_DATA,3.4599,54.7855,134.4294
2026-06-01 08:37:26.879,NEW_DATA,3.4582,54.7378,134.4294
2026-06-01 08:37:26.913,NEW_DATA,3.4596,54.6905,134.4294
2026-06-01 08:37:26.940,NEW_DATA,3.4568,54.6435,134.4294
2026-06-01 08:37:26.971,NEW_DATA,3.4624,54.5968,134.4294
2026-06-01 08:37:27.002,NEW_DATA,3.4627,54.5273,134.4294
2026-06-01 08:37:27.033,NEW_DATA,3.4627,54.5043,134.4294
2026-06-01 08:37:27.064,NEW_DATA,3.4658,54.4586,134.4294
2026-06-01 08:37:27.096,NEW_DATA,3.4617,54.4132,134.4294
2026-06-01 08:37:27.128,NEW_DATA,3.4637,54.3681,134.4294
2026-06-01 08:37:27.161,NEW_DATA,3.4603,54.3233,134.4294
2026-06-01 08:37:27.192,NEW_DATA,3.4582,54.2568,134.4294
2026-06-01 08:37:27.222,NEW_DATA,3.4582,54.2347,134.4294
2026-06-01 08:37:27.252,NEW_DATA,3.4575,54.1909,134.4294
2026-06-01 08:37:27.285,NEW_DATA,3.4606,54.1474,134.4294
2026-06-01 08:37:27.314,NEW_DATA,3.4613,54.1042,134.4294
2026-06-01 08:37:27.348,NEW_DATA,3.4624,54.0614,134.4294
2026-06-01 08:37:27.376,NEW_DATA,3.4679,54.0189,134.4294
2026-06-01 08:37:27.406,NEW_DATA,3.4655,53.9766,134.4294
2026-06-01 08:37:27.438,NEW_DATA,3.461,53.9347,134.4294
2026-06-01 08:37:27.469,NEW_DATA,3.4617,53.8932,134.4294
2026-06-01 08:37:27.500,NEW_DATA,3.4589,53.8519,134.4294
2026-06-01 08:37:27.531,NEW_DATA,3.4568,53.811,134.4294
2026-06-01 08:37:27.562,NEW_DATA,3.4568,53.7704,134.4294
2026-06-01 08:37:27.594,NEW_DATA,3.461,53.7101,134.4294
2026-06-01 08:37:27.623,NEW_DATA,3.461,53.6901,134.4294
2026-06-01 08:37:27.655,NEW_DATA,3.4637,53.6505,134.4294
2026-06-01 08:37:27.685,NEW_DATA,3.4651,53.6112,134.4294
2026-06-01 08:37:27.719,NEW_DATA,3.4637,53.5722,134.4294
2026-06-01 08:37:27.750,NEW_DATA,3.4603,53.5335,134.4294
2026-06-01 08:37:27.780,NEW_DATA,3.4582,53.4951,134.4294
2026-06-01 08:37:27.813,NEW_DATA,3.4596,53.4571,134.4294
2026-06-01 08:37:27.846,NEW_DATA,3.4585,53.4194,134.4294
2026-06-01 08:37:27.877,NEW_DATA,3.4582,53.382,134.4294
2026-06-01 08:37:27.907,NEW_DATA,3.4568,53.3449,134.4294
2026-06-01 08:37:27.939,NEW_DATA,3.4631,53.3082,134.4294
2026-06-01 08:37:27.969,NEW_DATA,3.4641,53.2717,134.4294
2026-06-01 08:37:28.001,NEW_DATA,3.4658,53.2356,134.4294
2026-06-01 08:37:28.032,NEW_DATA,3.4627,53.1999,134.4294
2026-06-01 08:37:28.065,NEW_DATA,3.4589,53.1644,134.4294
2026-06-01 08:37:28.096,NEW_DATA,3.4582,53.1293,134.4294
2026-06-01 08:37:28.128,NEW_DATA,3.4582,53.0945,134.4294
2026-06-01 08:37:28.159,NEW_DATA,3.4554,53.06,134.4294
2026-06-01 08:37:28.189,NEW_DATA,3.4572,53.0259,134.4294
2026-06-01 08:37:28.220,NEW_DATA,3.4568,52.992,134.4294
2026-06-01 08:37:28.252,NEW_DATA,3.4624,52.9585,134.4294
2026-06-01 08:37:28.284,NEW_DATA,3.4627,52.9254,134.4294
2026-06-01 08:37:28.315,NEW_DATA,3.4624,52.8925,134.4294
2026-06-01 08:37:28.346,NEW_DATA,3.4644,52.86,134.4294
2026-06-01 08:37:28.379,NEW_DATA,3.4627,52.8278,134.4294
2026-06-01 08:37:28.409,NEW_DATA,3.4651,52.7959,134.4294
2026-06-01 08:37:28.440,NEW_DATA,3.4582,52.7644,134.4294
2026-06-01 08:37:28.471,NEW_DATA,3.4585,52.7332,134.4294
2026-06-01 08:37:28.503,NEW_DATA,3.4603,52.7023,134.4294
2026-06-01 08:37:28.534,NEW_DATA,3.4624,52.6717,134.4294
2026-06-01 08:37:28.565,NEW_DATA,3.4627,52.6415,134.4294
2026-06-01 08:37:28.596,NEW_DATA,3.4624,52.6116,134.4294
2026-06-01 08:37:28.627,NEW_DATA,3.4637,52.582,134.4294
2026-06-01 08:37:28.661,NEW_DATA,3.4634,52.5383,134.4294
2026-06-01 08:37:28.689,NEW_DATA,3.461,52.5239,134.4294
2026-06-01 08:37:28.720,NEW_DATA,3.4599,52.4953,134.4294
2026-06-01 08:37:28.751,NEW_DATA,3.4589,52.467,134.4294
2026-06-01 08:37:28.783,NEW_DATA,3.4554,52.4391,134.4294
2026-06-01 08:37:28.814,NEW_DATA,3.4575,52.4115,134.4294
2026-06-01 08:37:28.846,NEW_DATA,3.4606,52.3843,134.4294
2026-06-01 08:37:28.878,NEW_DATA,3.4617,52.3573,134.4294
2026-06-01 08:37:28.909,NEW_DATA,3.4617,52.3307,134.4294
2026-06-01 08:37:28.939,NEW_DATA,3.4624,52.3045,134.4294
2026-06-01 08:37:28.971,NEW_DATA,3.4644,52.2786,134.4294
2026-06-01 08:37:29.004,NEW_DATA,3.4624,52.253,134.4294
2026-06-01 08:37:29.034,NEW_DATA,3.4603,52.2277,134.4294
2026-06-01 08:37:29.065,NEW_DATA,3.4596,52.2028,134.4294
2026-06-01 08:37:29.098,NEW_DATA,3.4582,52.1782,134.4294
2026-06-01 08:37:29.129,NEW_DATA,3.4575,52.1539,134.4294
2026-06-01 08:37:29.160,NEW_DATA,3.4606,52.1182,134.4294
2026-06-01 08:37:29.192,NEW_DATA,3.4624,52.1064,134.4294
2026-06-01 08:37:29.222,NEW_DATA,3.4637,52.0832,134.4294
2026-06-01 08:37:29.253,NEW_DATA,3.4641,52.0603,134.4294
2026-06-01 08:37:29.284,NEW_DATA,3.4617,52.0377,134.4294
2026-06-01 08:37:29.317,NEW_DATA,3.461,52.0154,134.4294
2026-06-01 08:37:29.348,NEW_DATA,3.4596,51.9936,134.4294
2026-06-01 08:37:29.379,NEW_DATA,3.4568,51.972,134.4294
2026-06-01 08:37:29.411,NEW_DATA,3.4561,51.9508,134.4294
2026-06-01 08:37:29.441,NEW_DATA,3.4582,51.9196,134.4294
2026-06-01 08:37:29.472,NEW_DATA,3.4582,51.9094,134.4294
2026-06-01 08:37:29.503,NEW_DATA,3.4644,51.8892,134.4294
2026-06-01 08:37:29.535,NEW_DATA,3.4624,51.8693,134.4294
2026-06-01 08:37:29.566,NEW_DATA,3.461,51.8498,134.4294
2026-06-01 08:37:29.598,NEW_DATA,3.4644,51.8307,134.4294
2026-06-01 08:37:29.629,NEW_DATA,3.4631,51.8118,134.4294
2026-06-01 08:37:29.660,NEW_DATA,3.4603,51.7934,134.4294
2026-06-01 08:37:29.692,NEW_DATA,3.4572,51.7752,134.4294
2026-06-01 08:37:29.722,NEW_DATA,3.4554,51.7574,134.4294
2026-06-01 08:37:29.753,NEW_DATA,3.4582,51.74,134.4294
2026-06-01 08:37:29.784,NEW_DATA,3.4589,51.7229,134.4294
2026-06-01 08:37:29.818,NEW_DATA,3.4613,51.7062,134.4294
2026-06-01 08:37:29.849,NEW_DATA,3.4651,51.6898,134.4294
2026-06-01 08:37:29.880,NEW_DATA,3.4627,51.6737,134.4294
2026-06-01 08:37:29.911,NEW_DATA,3.4624,51.658,134.4294
2026-06-01 08:37:29.942,NEW_DATA,3.4603,51.6427,134.4294
2026-06-01 08:37:29.972,NEW_DATA,3.461,51.6277,134.4294
2026-06-01 08:37:30.004,NEW_DATA,3.4568,51.613,134.4294
2026-06-01 08:37:30.036,NEW_DATA,3.4585,51.5988,134.4294
2026-06-01 08:37:30.068,NEW_DATA,3.4561,51.5848,134.4294
2026-06-01 08:37:30.100,NEW_DATA,3.4578,51.5712,134.4294
2026-06-01 08:37:30.130,NEW_DATA,3.4603,51.558,134.4294
2026-06-01 08:37:30.163,NEW_DATA,3.4637,51.5451,134.4294
2026-06-01 08:37:30.196,NEW_DATA,3.4624,51.5326,134.4294
2026-06-01 08:37:30.226,NEW_DATA,3.4627,51.5145,134.4294
2026-06-01 08:37:30.255,NEW_DATA,3.461,51.5087,134.4294
2026-06-01 08:37:30.286,NEW_DATA,3.461,51.4972,134.4294
2026-06-01 08:37:30.319,NEW_DATA,3.4596,51.4862,134.4294
2026-06-01 08:37:30.350,NEW_DATA,3.454,51.4754,134.4294
2026-06-01 08:37:30.382,NEW_DATA,3.4599,51.4651,134.4294
2026-06-01 08:37:30.413,NEW_DATA,3.4589,51.4551,134.4294
2026-06-01 08:37:30.444,NEW_DATA,3.4651,51.4455,134.4294
2026-06-01 08:37:30.476,NEW_DATA,3.4631,51.4362,134.4294
2026-06-01 08:37:30.508,NEW_DATA,3.4651,51.4273,134.4294
2026-06-01 08:37:30.538,NEW_DATA,3.4686,51.4188,134.4294
2026-06-01 08:37:30.569,NEW_DATA,3.4644,51.4106,134.4294
2026-06-01 08:37:30.601,NEW_DATA,3.4651,51.4028,134.4294
2026-06-01 08:37:30.633,NEW_DATA,3.4624,51.3954,134.4294
2026-06-01 08:37:30.665,NEW_DATA,3.4617,51.3883,134.4294
2026-06-01 08:37:30.694,NEW_DATA,3.4631,51.3816,134.4294
2026-06-01 08:37:30.728,NEW_DATA,3.4669,51.3723,134.4294
2026-06-01 08:37:30.763,NEW_DATA,3.47,51.3694,134.4294
2026-06-01 08:37:30.791,NEW_DATA,3.4724,51.3638,134.4294
2026-06-01 08:37:30.822,NEW_DATA,3.4658,51.3586,134.4294
2026-06-01 08:37:30.853,NEW_DATA,3.4651,51.3538,134.4294
2026-06-01 08:37:30.885,NEW_DATA,3.4707,51.3494,134.4294
2026-06-01 08:37:30.917,NEW_DATA,3.4641,51.3453,134.4294
2026-06-01 08:37:30.948,NEW_DATA,3.4637,51.3417,134.4294
2026-06-01 08:37:30.981,NEW_DATA,3.4624,51.3384,134.4294
2026-06-01 08:37:31.012,NEW_DATA,3.4603,51.3355,134.4294
2026-06-01 08:37:31.045,NEW_DATA,3.4589,51.3329,134.4294
2026-06-01 08:37:31.077,NEW_DATA,3.4617,51.3308,134.4294
2026-06-01 08:37:31.109,NEW_DATA,3.4627,51.329,134.4294
2026-06-01 08:37:31.139,NEW_DATA,3.4648,51.3277,134.4294
2026-06-01 08:37:31.170,NEW_DATA,3.4651,51.3267,134.4294
2026-06-01 08:37:31.202,NEW_DATA,3.4637,51.3261,134.4294
2026-06-01 08:37:31.234,NEW_DATA,3.4589,51.3259,162.8402
2026-06-01 08:37:31.268,NEW_DATA,3.4568,51.326,162.8402
2026-06-01 08:37:31.296,NEW_DATA,3.4596,51.3264,162.8402
2026-06-01 08:37:31.328,NEW_DATA,3.461,51.3271,162.8402
2026-06-01 08:37:31.360,NEW_DATA,3.4624,51.328,162.8402
2026-06-01 08:37:31.390,NEW_DATA,3.4596,51.3291,162.8402
2026-06-01 08:37:31.421,NEW_DATA,3.4637,51.3305,162.8402
2026-06-01 08:37:31.452,NEW_DATA,3.4624,51.3322,162.8402
2026-06-01 08:37:31.484,NEW_DATA,3.4631,51.3352,162.8402
2026-06-01 08:37:31.516,NEW_DATA,3.4651,51.3363,162.8402
2026-06-01 08:37:31.548,NEW_DATA,3.4617,51.3387,162.8402
2026-06-01 08:37:31.578,NEW_DATA,3.4596,51.3414,162.8402
2026-06-01 08:37:31.610,NEW_DATA,3.4568,51.3443,162.8402
2026-06-01 08:37:31.641,NEW_DATA,3.4617,51.3474,162.8402
2026-06-01 08:37:31.673,NEW_DATA,3.4651,51.3508,162.8402
2026-06-01 08:37:31.702,NEW_DATA,3.4624,51.3545,162.8402
2026-06-01 08:37:31.733,NEW_DATA,3.4672,51.3584,162.8402
2026-06-01 08:37:31.765,NEW_DATA,3.4627,51.3625,162.8402
2026-06-01 08:37:31.797,NEW_DATA,3.4631,51.3669,162.8402
2026-06-01 08:37:31.828,NEW_DATA,3.4644,51.3715,162.8402
2026-06-01 08:37:31.860,NEW_DATA,3.4624,51.3763,162.8402
2026-06-01 08:37:31.891,NEW_DATA,3.4582,51.3814,162.8402
2026-06-01 08:37:31.921,NEW_DATA,3.461,51.3868,162.8402
2026-06-01 08:37:31.953,NEW_DATA,3.4596,51.3923,162.8402
2026-06-01 08:37:31.985,NEW_DATA,3.4624,51.3981,162.8402
2026-06-01 08:37:32.016,NEW_DATA,3.4603,51.4042,162.8402
2026-06-01 08:37:32.048,NEW_DATA,3.4637,51.4104,162.8402
2026-06-01 08:37:32.077,NEW_DATA,3.4644,51.4169,162.8402
2026-06-01 08:37:32.110,NEW_DATA,3.4634,51.4237,162.8402
2026-06-01 08:37:32.140,NEW_DATA,3.4696,51.4306,162.8402
2026-06-01 08:37:32.171,NEW_DATA,3.461,51.4379,162.8402
2026-06-01 08:37:32.203,NEW_DATA,3.4596,51.4453,162.8402
2026-06-01 08:37:32.234,NEW_DATA,3.4617,51.4529,162.8402
2026-06-01 08:37:32.266,NEW_DATA,3.461,51.4608,162.8402
2026-06-01 08:37:32.301,NEW_DATA,3.4627,51.4731,162.8402
2026-06-01 08:37:32.330,NEW_DATA,3.4617,51.4773,162.8402
2026-06-01 08:37:32.361,NEW_DATA,3.4665,51.4902,162.8402
2026-06-01 08:37:32.393,NEW_DATA,3.4637,51.4946,162.8402
2026-06-01 08:37:32.425,NEW_DATA,3.4644,51.5036,162.8402
2026-06-01 08:37:32.455,NEW_DATA,3.4617,51.5129,162.8402
2026-06-01 08:37:32.488,NEW_DATA,3.4596,51.5223,162.8402
2026-06-01 08:37:32.519,NEW_DATA,3.4603,51.532,162.8402
2026-06-01 08:37:32.551,NEW_DATA,3.4582,51.5419,162.8402
2026-06-01 08:37:32.581,NEW_DATA,3.4575,51.552,162.8402
2026-06-01 08:37:32.614,NEW_DATA,3.4589,51.5623,162.8402
2026-06-01 08:37:32.643,NEW_DATA,3.4648,51.5729,162.8402
2026-06-01 08:37:32.675,NEW_DATA,3.4651,51.5836,162.8402
2026-06-01 08:37:32.706,NEW_DATA,3.4637,51.5946,162.8402
2026-06-01 08:37:32.738,NEW_DATA,3.4655,51.6058,162.8402
2026-06-01 08:37:32.769,NEW_DATA,3.4617,51.6172,162.8402
2026-06-01 08:37:32.801,NEW_DATA,3.4617,51.6288,162.8402
2026-06-01 08:37:32.833,NEW_DATA,3.4596,51.6407,162.8402
2026-06-01 08:37:32.862,NEW_DATA,3.4582,51.6527,162.8402
2026-06-01 08:37:32.894,NEW_DATA,3.4589,51.665,162.8402
2026-06-01 08:37:32.926,NEW_DATA,3.4596,51.6774,162.8402
2026-06-01 08:37:32.955,NEW_DATA,3.4599,51.6901,162.8402
2026-06-01 08:37:32.986,NEW_DATA,3.4648,51.703,162.8402
2026-06-01 08:37:33.018,NEW_DATA,3.4637,51.7161,162.8402
2026-06-01 08:37:33.048,NEW_DATA,3.4627,51.7294,162.8402
2026-06-01 08:37:33.082,NEW_DATA,3.4637,51.7429,162.8402
2026-06-01 08:37:33.111,NEW_DATA,3.4627,51.7566,162.8402
2026-06-01 08:37:33.144,NEW_DATA,3.4596,51.7705,162.8402
2026-06-01 08:37:33.174,NEW_DATA,3.4568,51.7846,162.8402
2026-06-01 08:37:33.204,NEW_DATA,3.4599,51.7989,162.8402
2026-06-01 08:37:33.235,NEW_DATA,3.4637,51.8134,162.8402
2026-06-01 08:37:33.267,NEW_DATA,3.4617,51.8281,162.8402
2026-06-01 08:37:33.298,NEW_DATA,3.4651,51.8431,162.8402
2026-06-01 08:37:33.330,NEW_DATA,3.4655,51.8582,162.8402
2026-06-01 08:37:33.361,NEW_DATA,3.4651,51.8735,162.8402
2026-06-01 08:37:33.390,NEW_DATA,3.4631,51.889,162.8402
2026-06-01 08:37:33.424,NEW_DATA,3.4617,51.9047,162.8402
2026-06-01 08:37:33.454,NEW_DATA,3.4644,51.9206,162.8402
2026-06-01 08:37:33.485,NEW_DATA,3.461,51.9367,162.8402
2026-06-01 08:37:33.517,NEW_DATA,3.461,51.953,162.8402
2026-06-01 08:37:33.548,NEW_DATA,3.4603,51.9695,162.8402
2026-06-01 08:37:33.578,NEW_DATA,3.4637,51.9862,162.8402
2026-06-01 08:37:33.611,NEW_DATA,3.4651,52.0031,162.8402
2026-06-01 08:37:33.643,NEW_DATA,3.4641,52.0202,162.8402
2026-06-01 08:37:33.675,NEW_DATA,3.4617,52.0374,162.8402
2026-06-01 08:37:33.704,NEW_DATA,3.4627,52.0549,162.8402
2026-06-01 08:37:33.735,NEW_DATA,3.4637,52.0725,162.8402
2026-06-01 08:37:33.766,NEW_DATA,3.461,52.0904,162.8402
2026-06-01 08:37:33.799,NEW_DATA,3.4599,52.1084,162.8402
2026-06-01 08:37:33.830,NEW_DATA,3.4624,52.1266,162.8402
2026-06-01 08:37:33.862,NEW_DATA,3.462,52.145,162.8402
2026-06-01 08:37:33.893,NEW_DATA,3.4679,52.1729,162.8402
2026-06-01 08:37:33.923,NEW_DATA,3.4637,52.1823,162.8402
2026-06-01 08:37:33.954,NEW_DATA,3.4655,52.2013,162.8402
2026-06-01 08:37:33.985,NEW_DATA,3.4651,52.2204,162.8402
2026-06-01 08:37:34.019,NEW_DATA,3.4651,52.2397,162.8402
2026-06-01 08:37:34.049,NEW_DATA,3.4624,52.2592,162.8402
2026-06-01 08:37:34.083,NEW_DATA,3.461,52.2789,162.8402
2026-06-01 08:37:34.112,NEW_DATA,3.4631,52.2987,162.8402
2026-06-01 08:37:34.143,NEW_DATA,3.4592,52.3188,162.8402
2026-06-01 08:37:34.174,NEW_DATA,3.4637,52.339,162.8402
2026-06-01 08:37:34.206,NEW_DATA,3.4651,52.3594,162.8402
2026-06-01 08:37:34.237,NEW_DATA,3.4651,52.38,162.8402
2026-06-01 08:37:34.268,NEW_DATA,3.4665,52.4007,162.8402
2026-06-01 08:37:34.300,NEW_DATA,3.4648,52.4216,162.8402
2026-06-01 08:37:34.331,NEW_DATA,3.4637,52.4427,162.8402
2026-06-01 08:37:34.363,NEW_DATA,3.4644,52.464,162.8402
2026-06-01 08:37:34.393,NEW_DATA,3.4624,52.4855,162.8402
2026-06-01 08:37:34.424,NEW_DATA,3.4599,52.518,162.8402
2026-06-01 08:37:34.456,NEW_DATA,3.4596,52.5289,162.8402
2026-06-01 08:37:34.486,NEW_DATA,3.4637,52.5508,162.8402
2026-06-01 08:37:34.519,NEW_DATA,3.4627,52.573,162.8402
2026-06-01 08:37:34.548,NEW_DATA,3.4679,52.5953,162.8402
2026-06-01 08:37:34.581,NEW_DATA,3.4658,52.6178,162.8402
2026-06-01 08:37:34.613,NEW_DATA,3.4651,52.6518,162.8402
2026-06-01 08:37:34.643,NEW_DATA,3.4641,52.6632,162.8402
2026-06-01 08:37:34.675,NEW_DATA,3.4651,52.6862,162.8402
2026-06-01 08:37:34.706,NEW_DATA,3.4596,52.7094,162.8402
2026-06-01 08:37:34.737,NEW_DATA,3.4603,52.7327,162.8402
2026-06-01 08:37:34.767,NEW_DATA,3.461,52.7561,162.8402
2026-06-01 08:37:34.798,NEW_DATA,3.4631,52.7917,162.8402
2026-06-01 08:37:34.830,NEW_DATA,3.4627,52.8036,162.8402
2026-06-01 08:37:34.861,NEW_DATA,3.4651,52.8276,162.8402
2026-06-01 08:37:34.893,NEW_DATA,3.4707,52.8517,162.8402
2026-06-01 08:37:34.925,NEW_DATA,3.4658,52.876,162.8402
2026-06-01 08:37:34.956,NEW_DATA,3.4606,52.9004,162.8402
2026-06-01 08:37:34.988,NEW_DATA,3.4599,52.925,162.8402
2026-06-01 08:37:35.019,NEW_DATA,3.4627,52.9498,162.8402
2026-06-01 08:37:35.049,NEW_DATA,3.461,52.9748,162.8402
2026-06-01 08:37:35.081,NEW_DATA,3.4589,52.9998,162.8402
2026-06-01 08:37:35.114,NEW_DATA,3.4644,53.0251,162.8402
2026-06-01 08:37:35.145,NEW_DATA,3.4637,53.0505,162.8402
2026-06-01 08:37:35.175,NEW_DATA,3.4669,53.076,162.8402
2026-06-01 08:37:35.207,NEW_DATA,3.4679,53.1018,162.8402
2026-06-01 08:37:35.238,NEW_DATA,3.4679,53.1276,162.8402
2026-06-01 08:37:35.268,NEW_DATA,3.4669,53.1536,162.8402
2026-06-01 08:37:35.299,NEW_DATA,3.4617,53.1798,162.8402
2026-06-01 08:37:35.331,NEW_DATA,3.4624,53.2061,162.8402
2026-06-01 08:37:35.363,NEW_DATA,3.4603,53.2326,162.8402
2026-06-01 08:37:35.398,NEW_DATA,3.461,53.2592,162.8402
2026-06-01 08:37:35.426,NEW_DATA,3.4631,53.2994,162.8402
2026-06-01 08:37:35.456,NEW_DATA,3.4651,53.3129,162.8402
2026-06-01 08:37:35.488,NEW_DATA,3.4665,53.34,162.8402
2026-06-01 08:37:35.520,NEW_DATA,3.4672,53.3808,162.8402
2026-06-01 08:37:35.552,NEW_DATA,3.4669,53.3945,162.8402
2026-06-01 08:37:35.582,NEW_DATA,3.4624,53.4221,162.8402
2026-06-01 08:37:35.614,NEW_DATA,3.4575,53.4636,162.8402
2026-06-01 08:37:35.646,NEW_DATA,3.4599,53.4775,162.8402
2026-06-01 08:37:35.678,NEW_DATA,3.4568,53.5054,162.8402
2026-06-01 08:37:35.708,NEW_DATA,3.4589,53.5335,162.8402
2026-06-01 08:37:35.739,NEW_DATA,3.4641,53.5617,162.8402
2026-06-01 08:37:35.771,NEW_DATA,3.4641,53.5901,162.8402
2026-06-01 08:37:35.802,NEW_DATA,3.4679,53.6186,162.8402
2026-06-01 08:37:35.832,NEW_DATA,3.4665,53.6472,162.8402
2026-06-01 08:37:35.864,NEW_DATA,3.4624,53.6905,162.8402
2026-06-01 08:37:35.896,NEW_DATA,3.4637,53.7049,162.8402
2026-06-01 08:37:35.926,NEW_DATA,3.4624,53.734,162.8402
2026-06-01 08:37:35.958,NEW_DATA,3.4624,53.7632,162.8402
2026-06-01 08:37:35.990,NEW_DATA,3.462,53.7925,162.8402
2026-06-01 08:37:36.021,NEW_DATA,3.4589,53.8219,162.8402
2026-06-01 08:37:36.050,NEW_DATA,3.4613,53.8515,162.8402
2026-06-01 08:37:36.081,NEW_DATA,3.4665,53.8813,162.8402
2026-06-01 08:37:36.113,NEW_DATA,3.4651,53.9111,162.8402
2026-06-01 08:37:36.145,NEW_DATA,3.4665,53.9411,162.8402
2026-06-01 08:37:36.175,NEW_DATA,3.4658,53.9712,162.8402
2026-06-01 08:37:36.206,NEW_DATA,3.4672,54.0015,162.8402
2026-06-01 08:37:36.239,NEW_DATA,3.4655,54.0471,162.8402
2026-06-01 08:37:36.274,NEW_DATA,3.461,54.0623,162.8402
2026-06-01 08:37:36.302,NEW_DATA,3.461,54.093,162.8402
2026-06-01 08:37:36.333,NEW_DATA,3.4631,54.1237,162.8402
2026-06-01 08:37:36.363,NEW_DATA,3.4644,54.1546,162.8402
2026-06-01 08:37:36.396,NEW_DATA,3.4655,54.1856,162.8402
2026-06-01 08:37:36.427,NEW_DATA,3.4683,54.2167,162.8402
2026-06-01 08:37:36.458,NEW_DATA,3.4655,54.248,162.8402
2026-06-01 08:37:36.491,NEW_DATA,3.4679,54.2793,162.8402
2026-06-01 08:37:36.520,NEW_DATA,3.4641,54.3108,162.8402
2026-06-01 08:37:36.553,NEW_DATA,3.4669,54.3424,162.8402
2026-06-01 08:37:36.583,NEW_DATA,3.4631,54.3742,162.8402
2026-06-01 08:37:36.614,NEW_DATA,3.4665,54.406,162.8402
2026-06-01 08:37:36.645,NEW_DATA,3.461,54.438,162.8402
2026-06-01 08:37:36.675,NEW_DATA,3.4651,54.4701,162.8402
2026-06-01 08:37:36.706,NEW_DATA,3.4651,54.5023,162.8402
2026-06-01 08:37:36.737,NEW_DATA,3.4696,54.5346,162.8402
2026-06-01 08:37:36.769,NEW_DATA,3.4693,54.567,162.8402
2026-06-01 08:37:36.801,NEW_DATA,3.4679,54.5995,162.8402
2026-06-01 08:37:36.832,NEW_DATA,3.4679,54.6322,162.8402
2026-06-01 08:37:36.864,NEW_DATA,3.461,54.6814,162.8402
2026-06-01 08:37:36.896,NEW_DATA,3.4631,54.6978,162.8402
2026-06-01 08:37:36.928,NEW_DATA,3.4644,54.7308,162.8402
2026-06-01 08:37:36.959,NEW_DATA,3.4644,54.7639,162.8402
2026-06-01 08:37:36.994,NEW_DATA,3.4672,54.8137,162.8402
2026-06-01 08:37:37.026,NEW_DATA,3.4655,54.8304,162.8402
2026-06-01 08:37:37.051,NEW_DATA,3.4686,54.8638,162.8402
2026-06-01 08:37:37.083,NEW_DATA,3.4679,54.8973,162.8402
2026-06-01 08:37:37.113,NEW_DATA,3.4683,54.9309,162.8402
2026-06-01 08:37:37.144,NEW_DATA,3.4651,54.9647,162.8402
2026-06-01 08:37:37.175,NEW_DATA,3.4658,54.9985,162.8402
2026-06-01 08:37:37.211,NEW_DATA,3.4651,55.0324,162.8402
2026-06-01 08:37:37.236,NEW_DATA,3.4637,55.0664,162.8402
2026-06-01 08:37:37.268,NEW_DATA,3.4651,55.1005,162.8402
2026-06-01 08:37:37.301,NEW_DATA,3.4665,55.1348,162.8402
2026-06-01 08:37:37.332,NEW_DATA,3.4686,55.1691,162.8402
2026-06-01 08:37:37.364,NEW_DATA,3.47,55.2035,162.8402
2026-06-01 08:37:37.395,NEW_DATA,3.4665,55.238,162.8402
2026-06-01 08:37:37.426,NEW_DATA,3.4707,55.2726,162.8402
2026-06-01 08:37:37.461,NEW_DATA,3.4735,55.3073,162.8402
2026-06-01 08:37:37.491,NEW_DATA,3.4665,55.3421,162.8402
2026-06-01 08:37:37.520,NEW_DATA,3.4689,55.3769,162.8402
2026-06-01 08:37:37.551,NEW_DATA,3.4627,55.4119,162.8402
2026-06-01 08:37:37.584,NEW_DATA,3.4662,55.447,162.8402
2026-06-01 08:37:37.616,NEW_DATA,3.4651,55.4821,162.8402
2026-06-01 08:37:37.649,NEW_DATA,3.4679,55.5173,162.8402
2026-06-01 08:37:37.681,NEW_DATA,3.4728,55.5526,162.8402
2026-06-01 08:37:37.711,NEW_DATA,3.47,55.588,162.8402
2026-06-01 08:37:37.744,NEW_DATA,3.4693,55.6235,162.8402
2026-06-01 08:37:37.776,NEW_DATA,3.4665,55.6591,162.8402
2026-06-01 08:37:37.806,NEW_DATA,3.4707,55.6947,162.8402
2026-06-01 08:37:37.838,NEW_DATA,3.4679,55.7305,162.8402
2026-06-01 08:37:37.870,NEW_DATA,3.4655,55.7842,162.8402
2026-06-01 08:37:37.900,NEW_DATA,3.4665,55.8021,162.8402
2026-06-01 08:37:37.930,NEW_DATA,3.4707,55.8381,162.8402
2026-06-01 08:37:37.963,NEW_DATA,3.4686,55.8741,162.8402
2026-06-01 08:37:37.994,NEW_DATA,3.47,55.9103,162.8402
2026-06-01 08:37:38.024,NEW_DATA,3.4721,55.9464,162.8402
2026-06-01 08:37:38.055,NEW_DATA,3.471,55.9827,162.8402
2026-06-01 08:37:38.085,NEW_DATA,3.4665,56.019,162.8402
2026-06-01 08:37:38.118,NEW_DATA,3.4686,56.0554,162.8402
2026-06-01 08:37:38.149,NEW_DATA,3.4686,56.0919,162.8402
2026-06-01 08:37:38.180,NEW_DATA,3.4658,56.1285,162.8402
2026-06-01 08:37:38.211,NEW_DATA,3.4648,56.1651,162.8402
2026-06-01 08:37:38.241,NEW_DATA,3.4693,56.2017,162.8402
2026-06-01 08:37:38.274,NEW_DATA,3.4735,56.2385,162.8402
2026-06-01 08:37:38.304,NEW_DATA,3.4714,56.2753,162.8402
2026-06-01 08:37:38.334,NEW_DATA,3.4752,56.3121,162.8402
2026-06-01 08:37:38.366,NEW_DATA,3.4714,56.3491,162.8402
2026-06-01 08:37:38.396,NEW_DATA,3.4696,56.3861,162.8402
2026-06-01 08:37:38.428,NEW_DATA,3.4693,56.4231,162.8402
2026-06-01 08:37:38.458,NEW_DATA,3.4665,56.4602,162.8402
2026-06-01 08:37:38.489,NEW_DATA,3.4686,56.516,162.8402
2026-06-01 08:37:38.520,NEW_DATA,3.4651,56.5346,162.8402
2026-06-01 08:37:38.551,NEW_DATA,3.4693,56.5905,162.8402
2026-06-01 08:37:38.581,NEW_DATA,3.4721,56.6092,162.8402
2026-06-01 08:37:38.612,NEW_DATA,3.4707,56.6466,162.8402
2026-06-01 08:37:38.645,NEW_DATA,3.4693,56.684,162.8402
2026-06-01 08:37:38.676,NEW_DATA,3.4714,56.7215,162.8402
2026-06-01 08:37:38.709,NEW_DATA,3.4748,56.759,162.8402
2026-06-01 08:37:38.739,NEW_DATA,3.4696,56.7966,162.8402
2026-06-01 08:37:38.770,NEW_DATA,3.4696,56.8342,162.8402
2026-06-01 08:37:38.802,NEW_DATA,3.4679,56.8718,162.8402
2026-06-01 08:37:38.833,NEW_DATA,3.47,56.9095,162.8402
2026-06-01 08:37:38.865,NEW_DATA,3.4693,56.9473,162.8402
2026-06-01 08:37:38.896,NEW_DATA,3.471,56.9851,162.8402
2026-06-01 08:37:38.928,NEW_DATA,3.4728,57.0229,162.8402
2026-06-01 08:37:38.958,NEW_DATA,3.4728,57.0608,162.8402
2026-06-01 08:37:38.990,NEW_DATA,3.4735,57.0987,162.8402
2026-06-01 08:37:39.023,NEW_DATA,3.4707,57.1366,162.8402
2026-06-01 08:37:39.052,NEW_DATA,3.4686,57.1746,162.8402
2026-06-01 08:37:39.084,NEW_DATA,3.4696,57.2126,162.8402
2026-06-01 08:37:39.114,NEW_DATA,3.4672,57.2506,162.8402
2026-06-01 08:37:39.146,NEW_DATA,3.4669,57.2887,162.8402
2026-06-01 08:37:39.177,NEW_DATA,3.4689,57.3268,162.8402
2026-06-01 08:37:39.208,NEW_DATA,3.4735,57.3649,162.8402
2026-06-01 08:37:39.240,NEW_DATA,3.4728,57.4031,162.8402
2026-06-01 08:37:39.269,NEW_DATA,3.4735,57.4412,162.8402
2026-06-01 08:37:39.301,NEW_DATA,3.4724,57.4794,162.8402
2026-06-01 08:37:39.333,NEW_DATA,3.4714,57.5176,162.8402
2026-06-01 08:37:39.366,NEW_DATA,3.4721,57.5559,162.8402
2026-06-01 08:37:39.397,NEW_DATA,3.4693,57.5941,162.8402
2026-06-01 08:37:39.428,NEW_DATA,3.4672,57.6324,162.8402
2026-06-01 08:37:39.460,NEW_DATA,3.4665,57.6707,162.8402
2026-06-01 08:37:39.492,NEW_DATA,3.4707,57.7282,162.8402
2026-06-01 08:37:39.523,NEW_DATA,3.4707,57.7473,162.8402
2026-06-01 08:37:39.553,NEW_DATA,3.478,57.7857,162.8402
2026-06-01 08:37:39.586,NEW_DATA,3.4728,57.824,162.8402
2026-06-01 08:37:39.615,NEW_DATA,3.4741,57.8624,162.8402
2026-06-01 08:37:39.648,NEW_DATA,3.4707,57.9007,162.8402
2026-06-01 08:37:39.679,NEW_DATA,3.471,57.9391,162.8402
2026-06-01 08:37:39.711,NEW_DATA,3.4679,57.9775,162.8402
2026-06-01 08:37:39.742,NEW_DATA,3.4651,58.0159,162.8402
2026-06-01 08:37:39.775,NEW_DATA,3.4686,58.0542,162.8402
2026-06-01 08:37:39.806,NEW_DATA,3.4696,58.0926,162.8402
2026-06-01 08:37:39.837,NEW_DATA,3.4721,58.131,162.8402
2026-06-01 08:37:39.868,NEW_DATA,3.471,58.1694,162.8402
2026-06-01 08:37:39.899,NEW_DATA,3.4738,58.2077,162.8402
2026-06-01 08:37:39.930,NEW_DATA,3.4748,58.2461,162.8402
2026-06-01 08:37:39.962,NEW_DATA,3.4735,58.2845,162.8402
2026-06-01 08:37:39.994,NEW_DATA,3.4693,58.3228,162.8402
2026-06-01 08:37:40.026,NEW_DATA,3.4717,58.3611,162.8402
2026-06-01 08:37:40.056,NEW_DATA,3.4693,58.3995,162.8402
2026-06-01 08:37:40.086,NEW_DATA,3.4707,58.4378,162.8402
2026-06-01 08:37:40.116,NEW_DATA,3.4735,58.4952,162.8402
2026-06-01 08:37:40.148,NEW_DATA,3.4707,58.5335,162.8402
2026-06-01 08:37:40.178,NEW_DATA,3.4738,58.5526,162.8402
2026-06-01 08:37:40.211,NEW_DATA,3.4735,58.5909,162.8402
2026-06-01 08:37:40.242,NEW_DATA,3.4741,58.6291,162.8402
2026-06-01 08:37:40.274,NEW_DATA,3.4748,58.6673,162.8402
2026-06-01 08:37:40.305,NEW_DATA,3.4707,58.7055,162.8402
2026-06-01 08:37:40.336,NEW_DATA,3.4686,58.7436,162.8402
2026-06-01 08:37:40.368,NEW_DATA,3.4679,58.7817,162.8402
2026-06-01 08:37:40.400,NEW_DATA,3.4679,58.8198,162.8402
2026-06-01 08:37:40.431,NEW_DATA,3.4707,58.8579,162.8402
2026-06-01 08:37:40.462,NEW_DATA,3.4707,58.8959,162.8402
2026-06-01 08:37:40.495,NEW_DATA,3.4741,58.9339,162.8402
2026-06-01 08:37:40.526,NEW_DATA,3.4762,58.9719,162.8402
2026-06-01 08:37:40.558,NEW_DATA,3.4776,59.0098,162.8402
2026-06-01 08:37:40.588,NEW_DATA,3.4735,59.0477,162.8402
2026-06-01 08:37:40.621,NEW_DATA,3.4714,59.0855,162.8402
2026-06-01 08:37:40.651,NEW_DATA,3.4693,59.1233,162.8402
2026-06-01 08:37:40.683,NEW_DATA,3.4693,59.161,162.8402
2026-06-01 08:37:40.714,NEW_DATA,3.4696,59.1987,162.8402
2026-06-01 08:37:40.745,NEW_DATA,3.4728,59.2364,162.8402
2026-06-01 08:37:40.776,NEW_DATA,3.4735,59.274,162.8402
2026-06-01 08:37:40.807,NEW_DATA,3.4773,59.3116,162.8402
2026-06-01 08:37:40.838,NEW_DATA,3.4794,59.3491,162.8402
2026-06-01 08:37:40.871,NEW_DATA,3.4787,59.3865,162.8402
2026-06-01 08:37:40.901,NEW_DATA,3.4755,59.4426,162.8402
2026-06-01 08:37:40.934,NEW_DATA,3.4735,59.4612,162.8402
2026-06-01 08:37:40.967,NEW_DATA,3.4714,59.4985,162.8402
2026-06-01 08:37:40.998,NEW_DATA,3.4693,59.5357,162.8402
2026-06-01 08:37:41.030,NEW_DATA,3.47,59.5729,162.8402
2026-06-01 08:37:41.060,NEW_DATA,3.4721,59.6099,162.8402
2026-06-01 08:37:41.092,NEW_DATA,3.4721,59.647,162.8402
2026-06-01 08:37:41.122,NEW_DATA,3.4748,59.6839,162.8402
2026-06-01 08:37:41.153,NEW_DATA,3.4755,59.7392,162.8402
2026-06-01 08:37:41.183,NEW_DATA,3.4752,59.7576,162.8402
2026-06-01 08:37:41.216,NEW_DATA,3.4735,59.7943,162.8402
2026-06-01 08:37:41.247,NEW_DATA,3.4741,59.8309,162.8402
2026-06-01 08:37:41.279,NEW_DATA,3.4707,59.8675,162.8402
2026-06-01 08:37:41.310,NEW_DATA,3.4707,59.904,162.8402
2026-06-01 08:37:41.341,NEW_DATA,3.4714,59.9404,162.8402
2026-06-01 08:37:41.374,NEW_DATA,3.4748,59.9767,162.8402
2026-06-01 08:37:41.404,NEW_DATA,3.4748,60.013,162.8402
2026-06-01 08:37:41.435,NEW_DATA,3.4769,60.0491,162.8402
2026-06-01 08:37:41.468,NEW_DATA,3.4755,60.0852,162.8402
2026-06-01 08:37:41.498,NEW_DATA,3.4762,60.1211,162.8402
2026-06-01 08:37:41.529,NEW_DATA,3.4766,60.157,162.8402
2026-06-01 08:37:41.561,NEW_DATA,3.4741,60.1928,162.8402
2026-06-01 08:37:41.593,NEW_DATA,3.4721,60.2285,162.8402
2026-06-01 08:37:41.625,NEW_DATA,3.4721,60.264,162.8402
2026-06-01 08:37:41.658,NEW_DATA,3.4693,60.2995,162.8402
2026-06-01 08:37:41.689,NEW_DATA,3.4741,60.3349,162.8402
2026-06-01 08:37:41.720,NEW_DATA,3.4787,60.3702,162.8402
2026-06-01 08:37:41.750,NEW_DATA,3.4769,60.4053,162.8402
2026-06-01 08:37:41.781,NEW_DATA,3.4776,60.4404,162.8402
2026-06-01 08:37:41.812,NEW_DATA,3.4769,60.4753,162.8402
2026-06-01 08:37:41.845,NEW_DATA,3.4724,60.5102,162.8402
2026-06-01 08:37:41.876,NEW_DATA,3.4755,60.5449,162.8402
2026-06-01 08:37:41.908,NEW_DATA,3.4707,60.5795,162.8402
2026-06-01 08:37:41.938,NEW_DATA,3.4728,60.614,162.8402
2026-06-01 08:37:41.971,NEW_DATA,3.4721,60.6483,162.8402
2026-06-01 08:37:42.002,NEW_DATA,3.4762,60.6996,162.8402
2026-06-01 08:37:42.034,NEW_DATA,3.4769,60.7167,162.8402
2026-06-01 08:37:42.064,NEW_DATA,3.479,60.7506,162.8402
2026-06-01 08:37:42.096,NEW_DATA,3.4797,60.7845,162.8402
2026-06-01 08:37:42.128,NEW_DATA,3.479,60.8182,162.8402
2026-06-01 08:37:42.161,NEW_DATA,3.4762,60.8518,162.8402
2026-06-01 08:37:42.191,NEW_DATA,3.4769,60.8853,162.8402
2026-06-01 08:37:42.223,NEW_DATA,3.4762,60.9186,162.8402
2026-06-01 08:37:42.255,NEW_DATA,3.4721,60.9518,162.8402
2026-06-01 08:37:42.286,NEW_DATA,3.4776,61.0013,162.8402
2026-06-01 08:37:42.318,NEW_DATA,3.4811,61.0177,162.8402
2026-06-01 08:37:42.349,NEW_DATA,3.4769,61.0504,162.8402
2026-06-01 08:37:42.380,NEW_DATA,3.4797,61.083,162.8402
2026-06-01 08:37:42.413,NEW_DATA,3.4794,61.1155,162.8402
2026-06-01 08:37:42.447,NEW_DATA,3.4797,61.1478,162.8402
2026-06-01 08:37:42.475,NEW_DATA,3.4776,61.1799,162.8402
2026-06-01 08:37:42.507,NEW_DATA,3.4748,61.2119,162.8402
2026-06-01 08:37:42.539,NEW_DATA,3.4735,61.2438,162.8402
2026-06-01 08:37:42.569,NEW_DATA,3.4752,61.2754,162.8402
2026-06-01 08:37:42.602,NEW_DATA,3.4735,61.3069,162.8402
2026-06-01 08:37:42.634,NEW_DATA,3.4752,61.3383,162.8402
2026-06-01 08:37:42.666,NEW_DATA,3.4794,61.3695,162.8402
2026-06-01 08:37:42.698,NEW_DATA,3.4776,61.4005,162.8402
2026-06-01 08:37:42.729,NEW_DATA,3.4783,61.4313,162.8402
2026-06-01 08:37:42.761,NEW_DATA,3.479,61.462,162.8402
2026-06-01 08:37:42.791,NEW_DATA,3.4762,61.4925,162.8402
2026-06-01 08:37:42.823,NEW_DATA,3.4762,61.5228,162.8402
2026-06-01 08:37:42.854,NEW_DATA,3.4769,61.5529,162.8402
2026-06-01 08:37:42.886,NEW_DATA,3.4738,61.5829,162.8402
2026-06-01 08:37:42.916,NEW_DATA,3.4735,61.6126,162.8402
2026-06-01 08:37:42.948,NEW_DATA,3.4755,61.6422,162.8402
2026-06-01 08:37:42.980,NEW_DATA,3.4776,61.6716,162.8402
2026-06-01 08:37:43.012,NEW_DATA,3.4811,61.7008,162.8402
2026-06-01 08:37:43.043,NEW_DATA,3.4807,61.7298,162.8402
2026-06-01 08:37:43.072,NEW_DATA,3.4787,61.7587,162.8402
2026-06-01 08:37:43.104,NEW_DATA,3.4776,61.8015,162.8402
2026-06-01 08:37:43.135,NEW_DATA,3.4748,61.8157,162.8402
2026-06-01 08:37:43.166,NEW_DATA,3.4776,61.8439,162.8402
2026-06-01 08:37:43.198,NEW_DATA,3.4752,61.872,162.8402
2026-06-01 08:37:43.229,NEW_DATA,3.4748,61.8998,162.8402
2026-06-01 08:37:43.263,NEW_DATA,3.4818,61.9411,162.8402
2026-06-01 08:37:43.295,NEW_DATA,3.479,61.9548,162.8402
2026-06-01 08:37:43.326,NEW_DATA,3.4804,61.982,162.8402
2026-06-01 08:37:43.358,NEW_DATA,3.4811,62.0089,162.8402
2026-06-01 08:37:43.388,NEW_DATA,3.4818,62.0357,162.8402
2026-06-01 08:37:43.416,NEW_DATA,3.4839,62.0622,162.8402
2026-06-01 08:37:43.448,NEW_DATA,3.4804,62.0886,162.8402
2026-06-01 08:37:43.480,NEW_DATA,3.4766,62.1146,162.8402
2026-06-01 08:37:43.512,NEW_DATA,3.479,62.1405,162.8402
2026-06-01 08:37:43.542,NEW_DATA,3.4755,62.1662,162.8402
2026-06-01 08:37:43.573,NEW_DATA,3.4804,62.1916,162.8402
2026-06-01 08:37:43.604,NEW_DATA,3.4797,62.2168,162.8402
2026-06-01 08:37:43.636,NEW_DATA,3.4818,62.2417,162.8402
2026-06-01 08:37:43.668,NEW_DATA,3.4832,62.2664,162.8402
2026-06-01 08:37:43.698,NEW_DATA,3.4818,62.2909,162.8402
2026-06-01 08:37:43.728,NEW_DATA,3.4797,62.3151,162.8402
2026-06-01 08:37:43.759,NEW_DATA,3.479,62.3391,162.8402
2026-06-01 08:37:43.791,NEW_DATA,3.4769,62.3629,162.8402
2026-06-01 08:37:43.822,NEW_DATA,3.4752,62.3864,162.8402
2026-06-01 08:37:43.854,NEW_DATA,3.4762,62.4096,162.8402
2026-06-01 08:37:43.885,NEW_DATA,3.4748,62.4326,162.8402
2026-06-01 08:37:43.915,NEW_DATA,3.479,62.4554,162.8402
2026-06-01 08:37:43.946,NEW_DATA,3.4839,62.4779,162.8402
2026-06-01 08:37:43.978,NEW_DATA,3.4811,62.5001,162.8402
2026-06-01 08:37:44.010,NEW_DATA,3.4839,62.5221,162.8402
2026-06-01 08:37:44.041,NEW_DATA,3.479,62.5438,162.8402
2026-06-01 08:37:44.072,NEW_DATA,3.4811,62.5652,162.8402
2026-06-01 08:37:44.104,NEW_DATA,3.4755,62.5864,162.8402
2026-06-01 08:37:44.137,NEW_DATA,3.4762,62.6073,162.8402
2026-06-01 08:37:44.169,NEW_DATA,3.4787,62.628,162.8402
2026-06-01 08:37:44.201,NEW_DATA,3.4797,62.6483,162.8402
2026-06-01 08:37:44.233,NEW_DATA,3.4804,62.6684,162.8402
2026-06-01 08:37:44.266,NEW_DATA,3.4794,62.6981,162.8402
2026-06-01 08:37:44.297,NEW_DATA,3.4849,62.7078,162.8402
2026-06-01 08:37:44.329,NEW_DATA,3.4811,62.727,162.8402
2026-06-01 08:37:44.362,NEW_DATA,3.4811,62.746,162.8402
2026-06-01 08:37:44.392,NEW_DATA,3.4794,62.7647,162.8402
2026-06-01 08:37:44.423,NEW_DATA,3.478,62.7831,162.8402
2026-06-01 08:37:44.454,NEW_DATA,3.4811,62.8012,162.8402
2026-06-01 08:37:44.487,NEW_DATA,3.4804,62.8278,162.8402
2026-06-01 08:37:44.516,NEW_DATA,3.479,62.8365,162.8402
2026-06-01 08:37:44.548,NEW_DATA,3.4818,62.8538,162.8402
2026-06-01 08:37:44.581,NEW_DATA,3.4804,62.8707,162.8402
2026-06-01 08:37:44.611,NEW_DATA,3.4846,62.8873,162.8402
2026-06-01 08:37:44.643,NEW_DATA,3.4825,62.9036,162.8402
2026-06-01 08:37:44.675,NEW_DATA,3.4804,62.9196,162.8402
2026-06-01 08:37:44.706,NEW_DATA,3.4797,62.9353,162.8402
2026-06-01 08:37:44.736,NEW_DATA,3.4766,62.9507,162.8402
2026-06-01 08:37:44.767,NEW_DATA,3.4766,62.9658,162.8402
2026-06-01 08:37:44.800,NEW_DATA,3.4769,62.9806,162.8402
2026-06-01 08:37:44.831,NEW_DATA,3.4825,62.995,162.8402
2026-06-01 08:37:44.867,NEW_DATA,3.4825,63.0161,162.8402
2026-06-01 08:37:44.893,NEW_DATA,3.4825,63.023,162.8402
2026-06-01 08:37:44.925,NEW_DATA,3.4821,63.0365,162.8402
2026-06-01 08:37:44.957,NEW_DATA,3.4839,63.0497,162.8402
2026-06-01 08:37:44.990,NEW_DATA,3.478,63.0688,162.8402
2026-06-01 08:37:45.019,NEW_DATA,3.4804,63.0812,162.8402
2026-06-01 08:37:45.049,NEW_DATA,3.479,63.0872,162.8402
2026-06-01 08:37:45.080,NEW_DATA,3.4804,63.0991,162.8402
2026-06-01 08:37:45.112,NEW_DATA,3.4811,63.1106,162.8402
2026-06-01 08:37:45.144,NEW_DATA,3.479,63.1218,162.8402
2026-06-01 08:37:45.176,NEW_DATA,3.4821,63.1326,162.8402
2026-06-01 08:37:45.206,NEW_DATA,3.4818,63.1431,162.8402
2026-06-01 08:37:45.238,NEW_DATA,3.4859,63.1582,162.8402
2026-06-01 08:37:45.270,NEW_DATA,3.488,63.1631,162.8402
2026-06-01 08:37:45.301,NEW_DATA,3.4859,63.1726,162.8402
2026-06-01 08:37:45.331,NEW_DATA,3.4832,63.1817,162.8402
2026-06-01 08:37:45.364,NEW_DATA,3.4818,63.1905,162.8402
2026-06-01 08:37:45.396,NEW_DATA,3.4818,63.1989,162.8402
2026-06-01 08:37:45.428,NEW_DATA,3.4839,63.2069,162.8402
2026-06-01 08:37:45.458,NEW_DATA,3.4832,63.2146,162.8402
2026-06-01 08:37:45.490,NEW_DATA,3.4873,63.222,162.8402
2026-06-01 08:37:45.521,NEW_DATA,3.4915,63.229,162.8402
2026-06-01 08:37:45.556,NEW_DATA,3.4908,63.2356,162.8402
2026-06-01 08:37:45.582,NEW_DATA,3.4922,63.2419,162.8402
2026-06-01 08:37:45.614,NEW_DATA,3.4932,63.2478,162.8402
2026-06-01 08:37:45.646,NEW_DATA,3.4887,63.2533,162.8402
2026-06-01 08:37:45.678,NEW_DATA,3.4887,63.2585,162.8402
2026-06-01 08:37:45.710,NEW_DATA,3.4849,63.2633,162.8402
2026-06-01 08:37:45.740,NEW_DATA,3.4825,63.2677,162.8402
2026-06-01 08:37:45.772,NEW_DATA,3.4821,63.2736,162.8402
2026-06-01 08:37:45.802,NEW_DATA,3.4859,63.2754,162.8402
2026-06-01 08:37:45.833,NEW_DATA,3.4863,63.2787,162.8402
2026-06-01 08:37:45.864,NEW_DATA,3.4873,63.2816,162.8402
2026-06-01 08:37:45.895,NEW_DATA,3.4866,63.2841,162.8402
2026-06-01 08:37:45.929,NEW_DATA,3.4832,63.2862,162.8402
2026-06-01 08:37:45.958,NEW_DATA,3.4818,63.288,162.8402
2026-06-01 08:37:45.991,NEW_DATA,3.4846,63.2894,162.8402
2026-06-01 08:37:46.023,NEW_DATA,3.4811,63.2907,162.8402
2026-06-01 08:37:46.058,NEW_DATA,3.4804,63.2909,162.8402
2026-06-01 08:37:46.085,NEW_DATA,3.4852,63.2911,165.0366
2026-06-01 08:37:46.116,NEW_DATA,3.4832,63.2911,165.0366
2026-06-01 08:37:46.148,NEW_DATA,3.4873,63.291,165.0366
2026-06-01 08:37:46.179,NEW_DATA,3.4887,63.2909,165.0366
2026-06-01 08:37:46.210,NEW_DATA,3.4873,63.2908,165.0366
2026-06-01 08:37:46.242,NEW_DATA,3.4887,63.2906,165.0366
2026-06-01 08:37:46.273,NEW_DATA,3.4832,63.2902,165.0366
2026-06-01 08:37:46.305,NEW_DATA,3.4818,63.2901,165.0366
2026-06-01 08:37:46.336,NEW_DATA,3.4846,63.2897,165.0366
2026-06-01 08:37:46.366,NEW_DATA,3.4846,63.2894,165.0366
2026-06-01 08:37:46.399,NEW_DATA,3.4859,63.2888,165.0366
2026-06-01 08:37:46.428,NEW_DATA,3.488,63.2885,165.0366
2026-06-01 08:37:46.460,NEW_DATA,3.4877,63.288,165.0366
2026-06-01 08:37:46.490,NEW_DATA,3.4901,63.2875,165.0366
2026-06-01 08:37:46.520,NEW_DATA,3.4877,63.2869,165.0366
2026-06-01 08:37:46.553,NEW_DATA,3.4866,63.2863,165.0366
2026-06-01 08:37:46.583,NEW_DATA,3.4846,63.2856,165.0366
2026-06-01 08:37:46.612,NEW_DATA,3.4807,63.2846,165.0366
2026-06-01 08:37:46.644,NEW_DATA,3.4828,63.2842,165.0366
2026-06-01 08:37:46.675,NEW_DATA,3.4839,63.2834,165.0366
2026-06-01 08:37:46.707,NEW_DATA,3.4849,63.2826,165.0366
2026-06-01 08:37:46.740,NEW_DATA,3.4894,63.2817,165.0366
2026-06-01 08:37:46.771,NEW_DATA,3.4894,63.2808,165.0366
2026-06-01 08:37:46.802,NEW_DATA,3.4922,63.2799,165.0366
2026-06-01 08:37:46.833,NEW_DATA,3.4887,63.2789,165.0366
2026-06-01 08:37:46.864,NEW_DATA,3.4859,63.2779,165.0366
2026-06-01 08:37:46.896,NEW_DATA,3.4859,63.2768,165.0366
2026-06-01 08:37:46.926,NEW_DATA,3.4818,63.2757,165.0366
2026-06-01 08:37:46.956,NEW_DATA,3.4846,63.2746,165.0366
2026-06-01 08:37:46.988,NEW_DATA,3.4846,63.2734,165.0366
2026-06-01 08:37:47.020,NEW_DATA,3.4859,63.2722,165.0366
2026-06-01 08:37:47.050,NEW_DATA,3.4887,63.2709,165.0366
2026-06-01 08:37:47.081,NEW_DATA,3.4866,63.2696,165.0366
2026-06-01 08:37:47.112,NEW_DATA,3.4891,63.2683,165.0366
2026-06-01 08:37:47.145,NEW_DATA,3.4904,63.2669,165.0366
2026-06-01 08:37:47.176,NEW_DATA,3.4877,63.2655,165.0366
2026-06-01 08:37:47.206,NEW_DATA,3.4891,63.2641,165.0366
2026-06-01 08:37:47.239,NEW_DATA,3.4832,63.2626,165.0366
2026-06-01 08:37:47.270,NEW_DATA,3.4842,63.2611,165.0366
2026-06-01 08:37:47.302,NEW_DATA,3.4832,63.2595,165.0366
2026-06-01 08:37:47.332,NEW_DATA,3.487,63.2579,165.0366
2026-06-01 08:37:47.363,NEW_DATA,3.4901,63.2563,165.0366
2026-06-01 08:37:47.393,NEW_DATA,3.4887,63.2547,165.0366
2026-06-01 08:37:47.425,NEW_DATA,3.4901,63.253,165.0366
2026-06-01 08:37:47.457,NEW_DATA,3.488,63.2512,165.0366
2026-06-01 08:37:47.488,NEW_DATA,3.4887,63.2494,165.0366
2026-06-01 08:37:47.519,NEW_DATA,3.4873,63.2476,165.0366
2026-06-01 08:37:47.553,NEW_DATA,3.4849,63.2458,165.0366
2026-06-01 08:37:47.582,NEW_DATA,3.4852,63.2439,165.0366
2026-06-01 08:37:47.612,NEW_DATA,3.4849,63.242,165.0366
2026-06-01 08:37:47.641,NEW_DATA,3.4873,63.24,165.0366
2026-06-01 08:37:47.671,NEW_DATA,3.4894,63.2381,165.0366
2026-06-01 08:37:47.704,NEW_DATA,3.4901,63.236,165.0366
2026-06-01 08:37:47.735,NEW_DATA,3.4911,63.234,165.0366
2026-06-01 08:37:47.766,NEW_DATA,3.4929,63.2319,165.0366
2026-06-01 08:37:47.799,NEW_DATA,3.4891,63.2298,165.0366
2026-06-01 08:37:47.829,NEW_DATA,3.4901,63.2276,165.0366
2026-06-01 08:37:47.860,NEW_DATA,3.4873,63.2254,165.0366
2026-06-01 08:37:47.891,NEW_DATA,3.4859,63.2232,165.0366
2026-06-01 08:37:47.922,NEW_DATA,3.4839,63.221,165.0366
2026-06-01 08:37:47.953,NEW_DATA,3.4877,63.2175,165.0366
2026-06-01 08:37:47.984,NEW_DATA,3.4894,63.2163,165.0366
2026-06-01 08:37:48.016,NEW_DATA,3.4929,63.214,165.0366
2026-06-01 08:37:48.049,NEW_DATA,3.4929,63.2116,165.0366
2026-06-01 08:37:48.078,NEW_DATA,3.4922,63.2092,165.0366
2026-06-01 08:37:48.111,NEW_DATA,3.4894,63.2055,165.0366
2026-06-01 08:37:48.140,NEW_DATA,3.4894,63.2043,165.0366
2026-06-01 08:37:48.170,NEW_DATA,3.4846,63.2017,165.0366
2026-06-01 08:37:48.203,NEW_DATA,3.4849,63.1992,165.0366
2026-06-01 08:37:48.233,NEW_DATA,3.4873,63.1966,165.0366
2026-06-01 08:37:48.265,NEW_DATA,3.4873,63.194,165.0366
2026-06-01 08:37:48.296,NEW_DATA,3.4922,63.1914,165.0366
2026-06-01 08:37:48.328,NEW_DATA,3.4915,63.1887,165.0366
2026-06-01 08:37:48.360,NEW_DATA,3.4932,63.186,165.0366
2026-06-01 08:37:48.391,NEW_DATA,3.4922,63.1833,165.0366
2026-06-01 08:37:48.421,NEW_DATA,3.4915,63.1805,165.0366
2026-06-01 08:37:48.452,NEW_DATA,3.4922,63.1777,165.0366
2026-06-01 08:37:48.484,NEW_DATA,3.4866,63.1749,165.0366
2026-06-01 08:37:48.514,NEW_DATA,3.488,63.172,165.0366
2026-06-01 08:37:48.544,NEW_DATA,3.4884,63.1692,165.0366
2026-06-01 08:37:48.576,NEW_DATA,3.4901,63.1663,165.0366
2026-06-01 08:37:48.607,NEW_DATA,3.4936,63.1633,165.0366
2026-06-01 08:37:48.637,NEW_DATA,3.4925,63.1603,165.0366
2026-06-01 08:37:48.670,NEW_DATA,3.495,63.1573,165.0366
2026-06-01 08:37:48.701,NEW_DATA,3.4929,63.1543,165.0366
2026-06-01 08:37:48.732,NEW_DATA,3.4922,63.1513,165.0366
2026-06-01 08:37:48.765,NEW_DATA,3.4908,63.1482,165.0366
2026-06-01 08:37:48.796,NEW_DATA,3.4887,63.1451,165.0366
2026-06-01 08:37:48.827,NEW_DATA,3.4901,63.1419,165.0366
2026-06-01 08:37:48.858,NEW_DATA,3.4873,63.1388,165.0366
2026-06-01 08:37:48.888,NEW_DATA,3.4915,63.1356,165.0366
2026-06-01 08:37:48.920,NEW_DATA,3.4932,63.1324,165.0366
2026-06-01 08:37:48.951,NEW_DATA,3.495,63.1291,165.0366
2026-06-01 08:37:48.982,NEW_DATA,3.497,63.1258,165.0366
2026-06-01 08:37:49.015,NEW_DATA,3.497,63.1225,165.0366
2026-06-01 08:37:49.045,NEW_DATA,3.4932,63.1192,165.0366
2026-06-01 08:37:49.078,NEW_DATA,3.4901,63.1142,165.0366
2026-06-01 08:37:49.109,NEW_DATA,3.4866,63.1125,165.0366
2026-06-01 08:37:49.141,NEW_DATA,3.4915,63.1091,165.0366
2026-06-01 08:37:49.172,NEW_DATA,3.4915,63.1056,165.0366
2026-06-01 08:37:49.203,NEW_DATA,3.4908,63.1022,165.0366
2026-06-01 08:37:49.235,NEW_DATA,3.4943,63.0987,165.0366
2026-06-01 08:37:49.266,NEW_DATA,3.4998,63.0934,165.0366
2026-06-01 08:37:49.296,NEW_DATA,3.497,63.0917,165.0366
2026-06-01 08:37:49.326,NEW_DATA,3.4963,63.0881,165.0366
2026-06-01 08:37:49.357,NEW_DATA,3.4977,63.0845,165.0366
2026-06-01 08:37:49.389,NEW_DATA,3.4915,63.0809,165.0366
2026-06-01 08:37:49.422,NEW_DATA,3.488,63.0773,165.0366
2026-06-01 08:37:49.453,NEW_DATA,3.4922,63.0736,165.0366
2026-06-01 08:37:49.485,NEW_DATA,3.4915,63.07,165.0366
2026-06-01 08:37:49.517,NEW_DATA,3.4901,63.0663,165.0366
2026-06-01 08:37:49.547,NEW_DATA,3.4929,63.0625,165.0366
2026-06-01 08:37:49.578,NEW_DATA,3.4956,63.0588,165.0366
2026-06-01 08:37:49.611,NEW_DATA,3.4967,63.055,165.0366
2026-06-01 08:37:49.640,NEW_DATA,3.4943,63.0512,165.0366
2026-06-01 08:37:49.672,NEW_DATA,3.496,63.0474,165.0366
2026-06-01 08:37:49.704,NEW_DATA,3.4904,63.0436,165.0366
2026-06-01 08:37:49.736,NEW_DATA,3.4918,63.0397,165.0366
2026-06-01 08:37:49.766,NEW_DATA,3.4908,63.0358,165.0366
2026-06-01 08:37:49.799,NEW_DATA,3.4929,63.0319,165.0366
2026-06-01 08:37:49.830,NEW_DATA,3.4918,63.028,165.0366
2026-06-01 08:37:49.862,NEW_DATA,3.4984,63.0221,165.0366
2026-06-01 08:37:49.891,NEW_DATA,3.495,63.0201,165.0366
2026-06-01 08:37:49.924,NEW_DATA,3.4936,63.0161,165.0366
2026-06-01 08:37:49.955,NEW_DATA,3.497,63.0121,165.0366
2026-06-01 08:37:49.988,NEW_DATA,3.4943,63.008,165.0366
2026-06-01 08:37:50.019,NEW_DATA,3.4932,63.004,165.0366
2026-06-01 08:37:50.051,NEW_DATA,3.4904,62.9999,165.0366
2026-06-01 08:37:50.083,NEW_DATA,3.4894,62.9958,165.0366
2026-06-01 08:37:50.114,NEW_DATA,3.4877,62.9917,165.0366
2026-06-01 08:37:50.145,NEW_DATA,3.495,62.9876,165.0366
2026-06-01 08:37:50.176,NEW_DATA,3.4956,62.9834,165.0366
2026-06-01 08:37:50.208,NEW_DATA,3.4963,62.9792,165.0366
2026-06-01 08:37:50.241,NEW_DATA,3.497,62.975,165.0366
2026-06-01 08:37:50.271,NEW_DATA,3.4984,62.9708,165.0366
2026-06-01 08:37:50.303,NEW_DATA,3.495,62.9645,165.0366
2026-06-01 08:37:50.335,NEW_DATA,3.495,62.9623,165.0366
2026-06-01 08:37:50.364,NEW_DATA,3.4887,62.9581,165.0366
2026-06-01 08:37:50.395,NEW_DATA,3.4904,62.9538,165.0366
2026-06-01 08:37:50.426,NEW_DATA,3.4904,62.9495,165.0366
2026-06-01 08:37:50.459,NEW_DATA,3.4943,62.9452,165.0366
2026-06-01 08:37:50.489,NEW_DATA,3.4963,62.9408,165.0366
2026-06-01 08:37:50.521,NEW_DATA,3.4956,62.9365,165.0366
2026-06-01 08:37:50.552,NEW_DATA,3.4977,62.9321,165.0366
2026-06-01 08:37:50.584,NEW_DATA,3.4974,62.9277,165.0366
2026-06-01 08:37:50.614,NEW_DATA,3.495,62.9233,165.0366
2026-06-01 08:37:50.645,NEW_DATA,3.4936,62.9188,165.0366
2026-06-01 08:37:50.678,NEW_DATA,3.4943,62.9144,165.0366
2026-06-01 08:37:50.709,NEW_DATA,3.4922,62.9077,165.0366
2026-06-01 08:37:50.741,NEW_DATA,3.4877,62.9055,165.0366
2026-06-01 08:37:50.771,NEW_DATA,3.4943,62.901,165.0366
2026-06-01 08:37:50.802,NEW_DATA,3.4956,62.8965,165.0366
2026-06-01 08:37:50.835,NEW_DATA,3.497,62.8919,165.0366
2026-06-01 08:37:50.867,NEW_DATA,3.5002,62.8874,165.0366
2026-06-01 08:37:50.896,NEW_DATA,3.4977,62.8828,165.0366
2026-06-01 08:37:50.928,NEW_DATA,3.4974,62.8783,165.0366
2026-06-01 08:37:50.960,NEW_DATA,3.4943,62.8737,165.0366
2026-06-01 08:37:50.991,NEW_DATA,3.4911,62.8691,165.0366
2026-06-01 08:37:51.020,NEW_DATA,3.4915,62.8645,165.0366
2026-06-01 08:37:51.052,NEW_DATA,3.4943,62.8598,165.0366
2026-06-01 08:37:51.085,NEW_DATA,3.4956,62.8529,165.0366
2026-06-01 08:37:51.114,NEW_DATA,3.4956,62.8505,165.0366
2026-06-01 08:37:51.147,NEW_DATA,3.497,62.8458,165.0366
2026-06-01 08:37:51.179,NEW_DATA,3.4984,62.8388,165.0366
2026-06-01 08:37:51.209,NEW_DATA,3.5002,62.8365,165.0366
2026-06-01 08:37:51.240,NEW_DATA,3.4984,62.8317,165.0366
2026-06-01 08:37:51.271,NEW_DATA,3.4953,62.827,165.0366
2026-06-01 08:37:51.302,NEW_DATA,3.4943,62.8223,165.0366
2026-06-01 08:37:51.333,NEW_DATA,3.4925,62.8175,165.0366
2026-06-01 08:37:51.364,NEW_DATA,3.4929,62.8128,165.0366
2026-06-01 08:37:51.395,NEW_DATA,3.495,62.808,165.0366
2026-06-01 08:37:51.426,NEW_DATA,3.496,62.8032,165.0366
2026-06-01 08:37:51.457,NEW_DATA,3.4977,62.7984,165.0366
2026-06-01 08:37:51.489,NEW_DATA,3.4977,62.7936,165.0366
2026-06-01 08:37:51.521,NEW_DATA,3.4995,62.7887,165.0366
2026-06-01 08:37:51.550,NEW_DATA,3.497,62.7839,165.0366
2026-06-01 08:37:51.581,NEW_DATA,3.4929,62.779,165.0366
2026-06-01 08:37:51.612,NEW_DATA,3.4943,62.7742,165.0366
2026-06-01 08:37:51.645,NEW_DATA,3.4939,62.7693,165.0366
2026-06-01 08:37:51.675,NEW_DATA,3.4977,62.7644,165.0366
2026-06-01 08:37:51.706,NEW_DATA,3.4963,62.7595,165.0366
2026-06-01 08:37:51.738,NEW_DATA,3.496,62.7546,165.0366
2026-06-01 08:37:51.769,NEW_DATA,3.4998,62.7497,165.0366
2026-06-01 08:37:51.802,NEW_DATA,3.5012,62.7448,165.0366
2026-06-01 08:37:51.833,NEW_DATA,3.5002,62.7399,165.0366
2026-06-01 08:37:51.864,NEW_DATA,3.4998,62.7349,165.0366
2026-06-01 08:37:51.895,NEW_DATA,3.4974,62.73,165.0366
2026-06-01 08:37:51.926,NEW_DATA,3.4915,62.725,165.0366
2026-06-01 08:37:51.958,NEW_DATA,3.4936,62.72,165.0366
2026-06-01 08:37:51.989,NEW_DATA,3.4967,62.715,165.0366
2026-06-01 08:37:52.020,NEW_DATA,3.4977,62.71,165.0366
2026-06-01 08:37:52.055,NEW_DATA,3.5005,62.705,165.0366
2026-06-01 08:37:52.083,NEW_DATA,3.5019,62.7,165.0366
2026-06-01 08:37:52.114,NEW_DATA,3.5005,62.695,165.0366
2026-06-01 08:37:52.145,NEW_DATA,3.5002,62.69,165.0366
2026-06-01 08:37:52.176,NEW_DATA,3.497,62.685,165.0366
2026-06-01 08:37:52.208,NEW_DATA,3.5005,62.6799,165.0366
2026-06-01 08:37:52.238,NEW_DATA,3.4967,62.6749,165.0366
2026-06-01 08:37:52.271,NEW_DATA,3.4956,62.6673,165.0366
2026-06-01 08:37:52.373,NEW_DATA,3.4984,62.6622,165.0366
2026-06-01 08:37:52.397,NEW_DATA,3.5005,62.6597,165.0366
2026-06-01 08:37:52.402,NEW_DATA,3.4984,62.6571,165.0366
2026-06-01 08:37:52.441,NEW_DATA,3.4991,62.6546,165.0366
2026-06-01 08:37:52.476,NEW_DATA,3.5005,62.647,165.0366
2026-06-01 08:37:52.508,NEW_DATA,3.504,62.6419,165.0366
2026-06-01 08:37:52.539,NEW_DATA,3.5026,62.6368,165.0366
2026-06-01 08:37:52.569,NEW_DATA,3.5019,62.6291,165.0366
2026-06-01 08:37:52.602,NEW_DATA,3.4991,62.6266,165.0366
2026-06-01 08:37:52.631,NEW_DATA,3.4956,62.6215,165.0366
2026-06-01 08:37:52.662,NEW_DATA,3.4977,62.6163,165.0366
2026-06-01 08:37:52.694,NEW_DATA,3.4988,62.6086,165.0366
2026-06-01 08:37:52.725,NEW_DATA,3.4995,62.6061,165.0366
2026-06-01 08:37:52.756,NEW_DATA,3.504,62.6009,165.0366
2026-06-01 08:37:52.788,NEW_DATA,3.5019,62.5958,165.0366
2026-06-01 08:37:52.819,NEW_DATA,3.5019,62.5881,165.0366
2026-06-01 08:37:52.850,NEW_DATA,3.5026,62.5855,165.0366
2026-06-01 08:37:52.882,NEW_DATA,3.5033,62.5778,165.0366
2026-06-01 08:37:52.913,NEW_DATA,3.5005,62.5752,165.0366
2026-06-01 08:37:52.944,NEW_DATA,3.4998,62.57,165.0366
2026-06-01 08:37:52.976,NEW_DATA,3.4991,62.5648,165.0366
2026-06-01 08:37:53.010,NEW_DATA,3.5005,62.5597,165.0366
2026-06-01 08:37:53.039,NEW_DATA,3.5012,62.5545,165.0366
2026-06-01 08:37:53.071,NEW_DATA,3.5061,62.5493,165.0366
2026-06-01 08:37:53.103,NEW_DATA,3.5067,62.5415,165.0366
2026-06-01 08:37:53.135,NEW_DATA,3.5043,62.539,165.0366
2026-06-01 08:37:53.166,NEW_DATA,3.5057,62.5312,165.0366
2026-06-01 08:37:53.196,NEW_DATA,3.5054,62.5286,165.0366
2026-06-01 08:37:53.230,NEW_DATA,3.5012,62.5234,165.0366
2026-06-01 08:37:53.260,NEW_DATA,3.5012,62.5182,165.0366
2026-06-01 08:37:53.289,NEW_DATA,3.4998,62.513,165.0366
2026-06-01 08:37:53.322,NEW_DATA,3.504,62.5078,165.0366
2026-06-01 08:37:53.353,NEW_DATA,3.5022,62.5026,165.0366
2026-06-01 08:37:53.384,NEW_DATA,3.5081,62.4974,165.0366
2026-06-01 08:37:53.415,NEW_DATA,3.5071,62.4922,165.0366
2026-06-01 08:37:53.446,NEW_DATA,3.5061,62.487,165.0366
2026-06-01 08:37:53.478,NEW_DATA,3.5067,62.4818,165.0366
2026-06-01 08:37:53.509,NEW_DATA,3.504,62.4766,165.0366
2026-06-01 08:37:53.539,NEW_DATA,3.5026,62.4714,165.0366
2026-06-01 08:37:53.570,NEW_DATA,3.4995,62.4662,165.0366
2026-06-01 08:37:53.602,NEW_DATA,3.5026,62.461,165.0366
2026-06-01 08:37:53.634,NEW_DATA,3.5019,62.4558,165.0366
2026-06-01 08:37:53.664,NEW_DATA,3.5054,62.4506,165.0366
2026-06-01 08:37:53.698,NEW_DATA,3.5067,62.4428,165.0366
2026-06-01 08:37:53.725,NEW_DATA,3.5085,62.4402,165.0366
2026-06-01 08:37:53.758,NEW_DATA,3.5074,62.435,165.0366
2026-06-01 08:37:53.789,NEW_DATA,3.5102,62.4298,165.0366
2026-06-01 08:37:53.819,NEW_DATA,3.5047,62.4246,165.0366
2026-06-01 08:37:53.850,NEW_DATA,3.5026,62.4194,165.0366
2026-06-01 08:37:53.879,NEW_DATA,3.5026,62.4142,165.0366
2026-06-01 08:37:53.910,NEW_DATA,3.504,62.409,165.0366
2026-06-01 08:37:53.941,NEW_DATA,3.5067,62.4038,165.0366
2026-06-01 08:37:53.972,NEW_DATA,3.5057,62.3986,165.0366
2026-06-01 08:37:54.004,NEW_DATA,3.513,62.3934,165.0366
2026-06-01 08:37:54.052,NEW_DATA,3.5116,62.3882,165.0366
2026-06-01 08:37:54.081,NEW_DATA,3.5081,62.3856,165.0366
2026-06-01 08:37:54.110,NEW_DATA,3.5095,62.3778,165.0366
2026-06-01 08:37:54.144,NEW_DATA,3.5067,62.3752,165.0366
2026-06-01 08:37:54.177,NEW_DATA,3.5061,62.3701,165.0366
2026-06-01 08:37:54.223,NEW_DATA,3.5029,62.3649,165.0366
2026-06-01 08:37:54.239,NEW_DATA,3.504,62.3597,165.0366
2026-06-01 08:37:54.270,NEW_DATA,3.5029,62.3545,165.0366
2026-06-01 08:37:54.296,NEW_DATA,3.5074,62.3494,165.0366
2026-06-01 08:37:54.329,NEW_DATA,3.5074,62.3442,165.0366
2026-06-01 08:37:54.363,NEW_DATA,3.5071,62.339,165.0366
2026-06-01 08:37:54.390,NEW_DATA,3.5095,62.3339,165.0366
2026-06-01 08:37:54.474,NEW_DATA,3.5088,62.3287,165.0366
2026-06-01 08:37:54.508,NEW_DATA,3.5109,62.3262,165.0366
2026-06-01 08:37:54.531,NEW_DATA,3.5109,62.3185,165.0366
2026-06-01 08:37:54.588,HOLD_LAST,3.5109,62.3185,165.0366
2026-06-01 08:37:54.627,NEW_DATA,3.5071,62.3107,165.0366
2026-06-01 08:37:54.656,NEW_DATA,3.5047,62.3031,165.0366
2026-06-01 08:37:54.688,NEW_DATA,3.5071,62.3005,165.0366
2026-06-01 08:37:54.721,NEW_DATA,3.5102,62.2954,165.0366
2026-06-01 08:37:54.751,NEW_DATA,3.5123,62.2903,165.0366
2026-06-01 08:37:54.781,NEW_DATA,3.5095,62.2852,165.0366
2026-06-01 08:37:54.814,NEW_DATA,3.5113,62.2775,165.0366
2026-06-01 08:37:54.844,NEW_DATA,3.5109,62.2724,165.0366
2026-06-01 08:37:54.875,NEW_DATA,3.5102,62.2699,165.0366
2026-06-01 08:37:54.905,NEW_DATA,3.5095,62.2648,165.0366
2026-06-01 08:37:54.938,NEW_DATA,3.5067,62.2597,165.0366
2026-06-01 08:37:54.968,NEW_DATA,3.5085,62.2546,165.0366
2026-06-01 08:37:55.006,NEW_DATA,3.5074,62.2496,165.0366
2026-06-01 08:37:55.030,NEW_DATA,3.5113,62.2445,165.0366
2026-06-01 08:37:55.061,NEW_DATA,3.5109,62.2395,165.0366
2026-06-01 08:37:55.089,NEW_DATA,3.5119,62.2344,165.0366
2026-06-01 08:37:55.122,NEW_DATA,3.5137,62.2294,165.0366
2026-06-01 08:37:55.155,NEW_DATA,3.5113,62.2244,165.0366
2026-06-01 08:37:55.195,NEW_DATA,3.5109,62.2169,165.0366
2026-06-01 08:37:55.219,NEW_DATA,3.5088,62.2143,165.0366
2026-06-01 08:37:55.248,NEW_DATA,3.5081,62.2093,165.0366
2026-06-01 08:37:55.278,NEW_DATA,3.5061,62.2044,165.0366
2026-06-01 08:37:55.309,NEW_DATA,3.5109,62.1994,165.0366
2026-06-01 08:37:55.341,NEW_DATA,3.5137,62.1919,165.0366
2026-06-01 08:37:55.381,NEW_DATA,3.513,62.1721,165.0366
2026-06-01 08:37:55.403,HOLD_LAST,3.513,62.1721,165.0366
2026-06-01 08:37:55.425,NEW_DATA,3.5095,62.1623,165.0366
2026-06-01 08:37:55.454,NEW_DATA,3.5095,62.15,165.0366
2026-06-01 08:37:55.473,NEW_DATA,3.5116,62.1427,165.0366
2026-06-01 08:37:55.495,NEW_DATA,3.5144,62.1282,165.0366
2026-06-01 08:37:55.527,NEW_DATA,3.5067,62.1089,165.0366
2026-06-01 08:37:55.551,NEW_DATA,3.5206,62.0899,165.0366
2026-06-01 08:37:55.574,NEW_DATA,3.5178,62.0804,165.0366
2026-06-01 08:37:55.598,NEW_DATA,3.513,62.0617,165.0366
2026-06-01 08:37:55.621,NEW_DATA,3.5151,62.0501,165.0366
2026-06-01 08:37:55.648,NEW_DATA,3.5199,62.0363,165.0366
2026-06-01 08:37:55.702,NEW_DATA,3.5192,62.034,165.0366
2026-06-01 08:37:55.726,NEW_DATA,3.5172,62.0317,165.0366
2026-06-01 08:37:55.770,NEW_DATA,3.5151,62.0203,165.0366
2026-06-01 08:37:55.790,NEW_DATA,3.5199,61.9956,165.0366
2026-06-01 08:37:55.811,NEW_DATA,3.5189,61.9736,165.0366
2026-06-01 08:37:55.840,NEW_DATA,3.5237,61.9499,165.0366
2026-06-01 08:37:55.858,NEW_DATA,3.5165,61.9288,165.0366
2026-06-01 08:37:55.876,NEW_DATA,3.5241,61.9122,165.0366
2026-06-01 08:37:55.901,NEW_DATA,3.5199,61.89,165.0366
2026-06-01 08:37:55.919,NEW_DATA,3.5293,61.8645,165.0366
2026-06-01 08:37:55.944,NEW_DATA,3.5265,61.8398,165.0366
2026-06-01 08:37:55.966,NEW_DATA,3.5345,61.8306,165.0366
2026-06-01 08:37:55.987,NEW_DATA,3.5265,61.8091,165.0366
2026-06-01 08:37:56.008,NEW_DATA,3.5303,61.785,165.0366
2026-06-01 08:37:56.037,NEW_DATA,3.5248,61.7784,165.0366
2026-06-01 08:37:56.064,NEW_DATA,3.5293,61.7751,165.0366
2026-06-01 08:37:56.095,NEW_DATA,3.5303,61.7718,165.0366
2026-06-01 08:37:56.126,NEW_DATA,3.5303,61.7686,165.0366
2026-06-01 08:37:56.159,NEW_DATA,3.5331,61.7654,165.0366
2026-06-01 08:37:56.191,NEW_DATA,3.5331,61.7622,165.0366
2026-06-01 08:37:56.221,NEW_DATA,3.5324,61.759,165.0366
2026-06-01 08:37:56.255,NEW_DATA,3.5331,61.7559,165.0366
2026-06-01 08:37:56.284,NEW_DATA,3.5303,61.7528,165.0366
2026-06-01 08:37:56.316,NEW_DATA,3.5269,61.7497,165.0366
2026-06-01 08:37:56.348,NEW_DATA,3.5289,61.7452,165.0366
2026-06-01 08:37:56.379,NEW_DATA,3.5293,61.7436,165.0366
2026-06-01 08:37:56.411,NEW_DATA,3.531,61.7406,165.0366
2026-06-01 08:37:56.440,NEW_DATA,3.531,61.7377,165.0366
2026-06-01 08:37:56.472,NEW_DATA,3.5352,61.7347,165.0366
2026-06-01 08:37:56.504,NEW_DATA,3.5376,61.7318,165.0366
2026-06-01 08:37:56.537,NEW_DATA,3.5355,61.7289,165.0366
2026-06-01 08:37:56.568,NEW_DATA,3.5348,61.7261,165.0366
2026-06-01 08:37:56.600,NEW_DATA,3.5352,61.7232,165.0366
2026-06-01 08:37:56.633,NEW_DATA,3.5324,61.719,165.0366
2026-06-01 08:37:56.662,NEW_DATA,3.5331,61.7176,165.0366
2026-06-01 08:37:56.695,NEW_DATA,3.5307,61.7149,165.0366
2026-06-01 08:37:56.725,NEW_DATA,3.5345,61.7122,165.0366
2026-06-01 08:37:56.756,NEW_DATA,3.5373,61.7095,165.0366
2026-06-01 08:37:56.789,NEW_DATA,3.5383,61.7068,165.0366
2026-06-01 08:37:56.822,NEW_DATA,3.5407,61.7042,165.0366
2026-06-01 08:37:56.852,NEW_DATA,3.54,61.7016,165.0366
2026-06-01 08:37:56.883,NEW_DATA,3.5366,61.699,165.0366
2026-06-01 08:37:56.915,NEW_DATA,3.5362,61.6965,165.0366
2026-06-01 08:37:56.945,NEW_DATA,3.5338,61.6939,165.0366
2026-06-01 08:37:56.978,NEW_DATA,3.5335,61.6914,165.0366
2026-06-01 08:37:57.010,NEW_DATA,3.5387,61.689,165.0366
2026-06-01 08:37:57.041,NEW_DATA,3.5366,61.6866,165.0366
2026-06-01 08:37:57.072,NEW_DATA,3.5393,61.6842,165.0366
2026-06-01 08:37:57.104,NEW_DATA,3.5428,61.6806,165.0366
2026-06-01 08:37:57.136,NEW_DATA,3.5393,61.6783,165.0366
2026-06-01 08:37:57.169,NEW_DATA,3.5387,61.676,165.0366
2026-06-01 08:37:57.199,NEW_DATA,3.5359,61.6749,165.0366
2026-06-01 08:37:57.236,NEW_DATA,3.538,61.6727,165.0366
2026-06-01 08:37:57.260,NEW_DATA,3.5345,61.6694,165.0366
2026-06-01 08:37:57.294,NEW_DATA,3.5359,61.6683,165.0366
2026-06-01 08:37:57.319,NEW_DATA,3.5404,61.6661,165.0366
2026-06-01 08:37:57.358,NEW_DATA,3.5407,61.663,165.0366
2026-06-01 08:37:57.383,NEW_DATA,3.5404,61.6619,165.0366
2026-06-01 08:37:57.415,NEW_DATA,3.5414,61.6599,165.0366
2026-06-01 08:37:57.443,NEW_DATA,3.5425,61.6579,165.0366
2026-06-01 08:37:57.474,NEW_DATA,3.5463,61.6559,165.0366
2026-06-01 08:37:57.505,NEW_DATA,3.5407,61.6539,165.0366
2026-06-01 08:37:57.538,NEW_DATA,3.5352,61.6511,165.0366
2026-06-01 08:37:57.568,NEW_DATA,3.5407,61.6501,165.0366
2026-06-01 08:37:57.598,NEW_DATA,3.538,61.6483,165.0366
2026-06-01 08:37:57.631,NEW_DATA,3.5407,61.6465,165.0366
2026-06-01 08:37:57.663,NEW_DATA,3.54,61.6447,165.0366
2026-06-01 08:37:57.695,NEW_DATA,3.5435,61.6429,165.0366
2026-06-01 08:37:57.725,NEW_DATA,3.5442,61.6412,165.0366
2026-06-01 08:37:57.758,NEW_DATA,3.5442,61.6395,165.0366
2026-06-01 08:37:57.789,NEW_DATA,3.5428,61.637,165.0366
2026-06-01 08:37:57.819,NEW_DATA,3.5439,61.6354,165.0366
2026-06-01 08:37:57.850,NEW_DATA,3.5442,61.6347,165.0366
2026-06-01 08:37:57.881,NEW_DATA,3.5414,61.6331,165.0366
2026-06-01 08:37:57.914,NEW_DATA,3.54,61.6316,165.0366
2026-06-01 08:37:57.945,NEW_DATA,3.5411,61.6301,165.0366
2026-06-01 08:37:57.979,NEW_DATA,3.5428,61.6287,165.0366
2026-06-01 08:37:58.009,NEW_DATA,3.5463,61.6273,165.0366
2026-06-01 08:37:58.041,NEW_DATA,3.547,61.6259,165.0366
2026-06-01 08:37:58.071,NEW_DATA,3.5484,61.6246,165.0366
2026-06-01 08:37:58.103,NEW_DATA,3.548,61.6233,165.0366
2026-06-01 08:37:58.134,NEW_DATA,3.5459,61.622,165.0366
2026-06-01 08:37:58.164,NEW_DATA,3.5445,61.6208,165.0366
2026-06-01 08:37:58.196,NEW_DATA,3.5432,61.6196,165.0366
2026-06-01 08:37:58.230,NEW_DATA,3.5435,61.6184,165.0366
2026-06-01 08:37:58.260,NEW_DATA,3.5442,61.6168,165.0366
2026-06-01 08:37:58.290,NEW_DATA,3.5456,61.6162,165.0366
2026-06-01 08:37:58.320,NEW_DATA,3.5484,61.6152,165.0366
2026-06-01 08:37:58.352,NEW_DATA,3.5515,61.6142,165.0366
2026-06-01 08:37:58.383,NEW_DATA,3.5477,61.6132,165.0366
2026-06-01 08:37:58.414,NEW_DATA,3.5501,61.6123,165.0366
2026-06-01 08:37:58.448,NEW_DATA,3.5525,61.6114,165.0366
2026-06-01 08:37:58.476,NEW_DATA,3.5497,61.6106,165.0366
2026-06-01 08:37:58.508,NEW_DATA,3.5504,61.6097,165.0366
2026-06-01 08:37:58.540,NEW_DATA,3.5511,61.609,165.0366
2026-06-01 08:37:58.572,NEW_DATA,3.5525,61.6082,165.0366
2026-06-01 08:37:58.602,NEW_DATA,3.5525,61.6075,165.0366
2026-06-01 08:37:58.633,NEW_DATA,3.556,61.6068,165.0366
2026-06-01 08:37:58.664,NEW_DATA,3.5584,61.6062,165.0366
2026-06-01 08:37:58.696,NEW_DATA,3.5626,61.6056,165.0366
2026-06-01 08:37:58.725,NEW_DATA,3.5577,61.6051,165.0366
2026-06-01 08:37:58.757,NEW_DATA,3.5556,61.6046,165.0366
2026-06-01 08:37:58.787,NEW_DATA,3.5487,61.6039,165.0366
2026-06-01 08:37:58.819,NEW_DATA,3.5473,61.6037,165.0366
2026-06-01 08:37:58.849,NEW_DATA,3.547,61.6033,165.0366
2026-06-01 08:37:58.883,NEW_DATA,3.5491,61.6028,165.0366
2026-06-01 08:37:58.913,NEW_DATA,3.5518,61.6027,165.0366
2026-06-01 08:37:58.944,NEW_DATA,3.5539,61.6024,165.0366
2026-06-01 08:37:58.975,NEW_DATA,3.5511,61.6022,165.0366
2026-06-01 08:37:59.006,NEW_DATA,3.5567,61.6019,165.0366
2026-06-01 08:37:59.038,NEW_DATA,3.555,61.6018,165.0366
2026-06-01 08:37:59.068,NEW_DATA,3.5553,61.6017,165.0366
2026-06-01 08:37:59.101,NEW_DATA,3.5574,61.6017,165.0366
2026-06-01 08:37:59.132,NEW_DATA,3.5518,61.6016,162.5024
2026-06-01 08:37:59.164,NEW_DATA,3.5477,61.6019,162.5024
2026-06-01 08:37:59.196,NEW_DATA,3.5504,61.6025,162.5024
2026-06-01 08:37:59.226,NEW_DATA,3.5525,61.6036,162.5024
2026-06-01 08:37:59.258,NEW_DATA,3.5567,61.6051,162.5024
2026-06-01 08:37:59.290,NEW_DATA,3.5553,61.607,162.5024
2026-06-01 08:37:59.320,NEW_DATA,3.5581,61.6093,162.5024
2026-06-01 08:37:59.351,NEW_DATA,3.5588,61.6121,162.5024
2026-06-01 08:37:59.383,NEW_DATA,3.5553,61.6153,162.5024
2026-06-01 08:37:59.415,NEW_DATA,3.5539,61.6189,162.5024
2026-06-01 08:37:59.448,NEW_DATA,3.5529,61.6229,162.5024
2026-06-01 08:37:59.477,NEW_DATA,3.5525,61.6273,162.5024
2026-06-01 08:37:59.508,NEW_DATA,3.5543,61.6321,162.5024
2026-06-01 08:37:59.540,NEW_DATA,3.5581,61.6373,162.5024
2026-06-01 08:37:59.571,NEW_DATA,3.5574,61.646,162.5024
2026-06-01 08:37:59.602,NEW_DATA,3.5598,61.649,162.5024
2026-06-01 08:37:59.635,NEW_DATA,3.5608,61.6555,162.5024
2026-06-01 08:37:59.665,NEW_DATA,3.5615,61.6623,162.5024
2026-06-01 08:37:59.696,NEW_DATA,3.556,61.6696,162.5024
2026-06-01 08:37:59.727,NEW_DATA,3.555,61.6772,162.5024
2026-06-01 08:37:59.758,NEW_DATA,3.5532,61.6853,162.5024
2026-06-01 08:37:59.789,NEW_DATA,3.5543,61.6981,162.5024
2026-06-01 08:37:59.821,NEW_DATA,3.5511,61.7025,162.5024
2026-06-01 08:37:59.852,NEW_DATA,3.5553,61.7117,162.5024
2026-06-01 08:37:59.884,NEW_DATA,3.556,61.7213,162.5024
2026-06-01 08:37:59.915,NEW_DATA,3.5595,61.7313,162.5024
2026-06-01 08:37:59.946,NEW_DATA,3.5615,61.7417,162.5024
2026-06-01 08:37:59.978,NEW_DATA,3.5595,61.7525,162.5024
2026-06-01 08:38:00.008,NEW_DATA,3.5581,61.7693,162.5024
2026-06-01 08:38:00.040,NEW_DATA,3.5567,61.7751,162.5024
2026-06-01 08:38:00.072,NEW_DATA,3.5546,61.787,162.5024
2026-06-01 08:38:00.103,NEW_DATA,3.5553,61.7993,162.5024
2026-06-01 08:38:00.134,NEW_DATA,3.5556,61.812,162.5024
2026-06-01 08:38:00.167,NEW_DATA,3.5602,61.825,162.5024
2026-06-01 08:38:00.199,NEW_DATA,3.5612,61.8384,162.5024
2026-06-01 08:38:00.231,NEW_DATA,3.5608,61.8521,162.5024
2026-06-01 08:38:00.261,NEW_DATA,3.5636,61.8663,162.5024
2026-06-01 08:38:00.291,NEW_DATA,3.5622,61.8808,162.5024
2026-06-01 08:38:00.323,NEW_DATA,3.5553,61.9032,162.5024
2026-06-01 08:38:00.355,NEW_DATA,3.5612,61.9109,162.5024
2026-06-01 08:38:00.386,NEW_DATA,3.5602,61.9265,162.5024
2026-06-01 08:38:00.418,NEW_DATA,3.5584,61.9424,162.5024
2026-06-01 08:38:00.451,NEW_DATA,3.5588,61.967,162.5024
2026-06-01 08:38:00.480,NEW_DATA,3.5602,61.9754,162.5024
2026-06-01 08:38:00.513,NEW_DATA,3.5588,61.9924,162.5024
2026-06-01 08:38:00.543,NEW_DATA,3.5615,62.0098,162.5024
2026-06-01 08:38:00.576,NEW_DATA,3.5622,62.0276,162.5024
2026-06-01 08:38:00.608,NEW_DATA,3.5629,62.0456,162.5024
2026-06-01 08:38:00.639,NEW_DATA,3.5619,62.0641,162.5024
2026-06-01 08:38:00.671,NEW_DATA,3.5605,62.0829,162.5024
2026-06-01 08:38:00.702,NEW_DATA,3.5577,62.102,162.5024
2026-06-01 08:38:00.734,NEW_DATA,3.5577,62.1215,162.5024
2026-06-01 08:38:00.766,NEW_DATA,3.5584,62.1413,162.5024
2026-06-01 08:38:00.798,NEW_DATA,3.5608,62.1615,162.5024
2026-06-01 08:38:00.829,NEW_DATA,3.5626,62.182,162.5024
2026-06-01 08:38:00.859,NEW_DATA,3.5626,62.2029,162.5024
2026-06-01 08:38:00.891,NEW_DATA,3.565,62.2241,162.5024
2026-06-01 08:38:00.924,NEW_DATA,3.5657,62.2456,162.5024
2026-06-01 08:38:00.954,NEW_DATA,3.5671,62.2675,162.5024
2026-06-01 08:38:00.986,NEW_DATA,3.5629,62.2897,162.5024
2026-06-01 08:38:01.019,NEW_DATA,3.5588,62.3122,162.5024
2026-06-01 08:38:01.049,NEW_DATA,3.5581,62.3351,162.5024
2026-06-01 08:38:01.080,NEW_DATA,3.5588,62.3582,162.5024
2026-06-01 08:38:01.111,NEW_DATA,3.5636,62.3818,162.5024
2026-06-01 08:38:01.142,NEW_DATA,3.5622,62.4056,162.5024
2026-06-01 08:38:01.173,NEW_DATA,3.5622,62.4298,162.5024
2026-06-01 08:38:01.204,NEW_DATA,3.5664,62.4543,162.5024
2026-06-01 08:38:01.235,NEW_DATA,3.5664,62.4791,162.5024
2026-06-01 08:38:01.268,NEW_DATA,3.5685,62.5043,162.5024
2026-06-01 08:38:01.298,NEW_DATA,3.5629,62.5426,162.5024
2026-06-01 08:38:01.331,NEW_DATA,3.5598,62.5686,162.5024
2026-06-01 08:38:01.361,NEW_DATA,3.5608,62.5817,162.5024
2026-06-01 08:38:01.392,NEW_DATA,3.5608,62.6081,162.5024
2026-06-01 08:38:01.424,NEW_DATA,3.5643,62.6349,162.5024
2026-06-01 08:38:01.454,NEW_DATA,3.5695,62.6619,162.5024
2026-06-01 08:38:01.488,NEW_DATA,3.5667,62.6893,162.5024
2026-06-01 08:38:01.519,NEW_DATA,3.5664,62.717,162.5024
2026-06-01 08:38:01.550,NEW_DATA,3.5654,62.745,162.5024
2026-06-01 08:38:01.582,NEW_DATA,3.5643,62.7733,162.5024
2026-06-01 08:38:01.612,NEW_DATA,3.5622,62.8019,162.5024
2026-06-01 08:38:01.644,NEW_DATA,3.5629,62.8308,162.5024
2026-06-01 08:38:01.674,NEW_DATA,3.5615,62.86,162.5024
2026-06-01 08:38:01.706,NEW_DATA,3.5622,62.8895,162.5024
2026-06-01 08:38:01.738,NEW_DATA,3.5626,62.9194,162.5024
2026-06-01 08:38:01.770,NEW_DATA,3.5664,62.9495,162.5024
2026-06-01 08:38:01.802,NEW_DATA,3.5671,62.9799,162.5024
2026-06-01 08:38:01.833,NEW_DATA,3.5678,63.0107,162.5024
2026-06-01 08:38:01.868,NEW_DATA,3.5702,63.0417,162.5024
2026-06-01 08:38:01.896,NEW_DATA,3.5636,63.073,162.5024
2026-06-01 08:38:01.926,NEW_DATA,3.5667,63.1046,162.5024
2026-06-01 08:38:01.960,NEW_DATA,3.5626,63.1365,162.5024
2026-06-01 08:38:01.992,NEW_DATA,3.5612,63.1687,162.5024
2026-06-01 08:38:02.023,NEW_DATA,3.5602,63.2012,162.5024
2026-06-01 08:38:02.054,NEW_DATA,3.5643,63.234,162.5024
2026-06-01 08:38:02.084,NEW_DATA,3.5671,63.2671,162.5024
2026-06-01 08:38:02.116,NEW_DATA,3.5657,63.3004,162.5024
2026-06-01 08:38:02.149,NEW_DATA,3.5678,63.3341,162.5024
2026-06-01 08:38:02.179,NEW_DATA,3.5692,63.368,162.5024
2026-06-01 08:38:02.209,NEW_DATA,3.5654,63.4022,162.5024
2026-06-01 08:38:02.240,NEW_DATA,3.5678,63.4367,162.5024
2026-06-01 08:38:02.271,NEW_DATA,3.5633,63.4714,162.5024
2026-06-01 08:38:02.302,NEW_DATA,3.5636,63.5065,162.5024
2026-06-01 08:38:02.334,NEW_DATA,3.5657,63.5418,162.5024
2026-06-01 08:38:02.366,NEW_DATA,3.5671,63.5774,162.5024
2026-06-01 08:38:02.396,NEW_DATA,3.5695,63.6133,162.5024
2026-06-01 08:38:02.428,NEW_DATA,3.5678,63.6494,162.5024
2026-06-01 08:38:02.459,NEW_DATA,3.5674,63.6859,162.5024
2026-06-01 08:38:02.491,NEW_DATA,3.5699,63.7226,162.5024
2026-06-01 08:38:02.521,NEW_DATA,3.5664,63.7595,162.5024
2026-06-01 08:38:02.552,NEW_DATA,3.565,63.7967,162.5024
2026-06-01 08:38:02.583,NEW_DATA,3.5636,63.8342,162.5024
2026-06-01 08:38:02.615,NEW_DATA,3.5615,63.872,162.5024
2026-06-01 08:38:02.645,NEW_DATA,3.5643,63.91,162.5024
2026-06-01 08:38:02.676,NEW_DATA,3.5629,63.9483,162.5024
2026-06-01 08:38:02.707,NEW_DATA,3.5664,63.9869,162.5024
2026-06-01 08:38:02.738,NEW_DATA,3.5699,64.0257,162.5024
2026-06-01 08:38:02.771,NEW_DATA,3.5688,64.0648,162.5024
2026-06-01 08:38:02.803,NEW_DATA,3.5643,64.1041,162.5024
2026-06-01 08:38:02.835,NEW_DATA,3.5678,64.1437,162.5024
2026-06-01 08:38:02.865,NEW_DATA,3.5647,64.1835,162.5024
2026-06-01 08:38:02.896,NEW_DATA,3.5664,64.2236,162.5024
2026-06-01 08:38:02.928,NEW_DATA,3.565,64.2639,162.5024
2026-06-01 08:38:02.959,NEW_DATA,3.5629,64.3045,162.5024
2026-06-01 08:38:02.989,NEW_DATA,3.5657,64.3454,162.5024
2026-06-01 08:38:03.021,NEW_DATA,3.5692,64.3865,162.5024
2026-06-01 08:38:03.052,NEW_DATA,3.5678,64.4278,162.5024
2026-06-01 08:38:03.084,NEW_DATA,3.5685,64.4694,162.5024
2026-06-01 08:38:03.114,NEW_DATA,3.5685,64.5112,162.5024
2026-06-01 08:38:03.146,NEW_DATA,3.5678,64.5533,162.5024
2026-06-01 08:38:03.178,NEW_DATA,3.5671,64.5956,162.5024
2026-06-01 08:38:03.207,NEW_DATA,3.5654,64.6595,162.5024
2026-06-01 08:38:03.240,NEW_DATA,3.5612,64.6809,162.5024
2026-06-01 08:38:03.270,NEW_DATA,3.5671,64.7239,162.5024
2026-06-01 08:38:03.302,NEW_DATA,3.5664,64.7672,162.5024
2026-06-01 08:38:03.332,NEW_DATA,3.5664,64.8107,162.5024
2026-06-01 08:38:03.365,NEW_DATA,3.5671,64.8544,162.5024
2026-06-01 08:38:03.395,NEW_DATA,3.5692,64.8984,162.5024
2026-06-01 08:38:03.426,NEW_DATA,3.5692,64.9426,162.5024
2026-06-01 08:38:03.460,NEW_DATA,3.5706,64.987,162.5024
2026-06-01 08:38:03.489,NEW_DATA,3.5657,65.0316,162.5024
2026-06-01 08:38:03.521,NEW_DATA,3.5622,65.0765,162.5024
2026-06-01 08:38:03.552,NEW_DATA,3.5664,65.1216,162.5024
2026-06-01 08:38:03.584,NEW_DATA,3.5671,65.1896,162.5024
2026-06-01 08:38:03.617,NEW_DATA,3.5671,65.2352,162.5024
2026-06-01 08:38:03.646,NEW_DATA,3.5678,65.2581,162.5024
2026-06-01 08:38:03.678,NEW_DATA,3.5706,65.3272,162.5024
2026-06-01 08:38:03.709,NEW_DATA,3.5681,65.3503,162.5024
2026-06-01 08:38:03.740,NEW_DATA,3.5699,65.3967,162.5024
2026-06-01 08:38:03.771,NEW_DATA,3.5678,65.4433,162.5024
2026-06-01 08:38:03.804,NEW_DATA,3.5671,65.4901,162.5024
2026-06-01 08:38:03.836,NEW_DATA,3.5636,65.5371,162.5024
2026-06-01 08:38:03.866,NEW_DATA,3.5636,65.5844,162.5024
2026-06-01 08:38:03.899,NEW_DATA,3.564,65.6318,162.5024
2026-06-01 08:38:03.929,NEW_DATA,3.5664,65.6795,162.5024
2026-06-01 08:38:03.963,NEW_DATA,3.5699,65.7273,162.5024
2026-06-01 08:38:03.990,NEW_DATA,3.5706,65.7754,162.5024
2026-06-01 08:38:04.021,NEW_DATA,3.5706,65.8236,162.5024
2026-06-01 08:38:04.054,NEW_DATA,3.5706,65.8721,162.5024
2026-06-01 08:38:04.085,NEW_DATA,3.5678,65.9207,162.5024
2026-06-01 08:38:04.117,NEW_DATA,3.5664,65.9696,162.5024
2026-06-01 08:38:04.149,NEW_DATA,3.5657,66.0186,162.5024
2026-06-01 08:38:04.180,NEW_DATA,3.5647,66.0679,162.5024
2026-06-01 08:38:04.211,NEW_DATA,3.565,66.1421,162.5024
2026-06-01 08:38:04.241,NEW_DATA,3.5664,66.1669,162.5024
2026-06-01 08:38:04.274,NEW_DATA,3.5685,66.2167,162.5024
2026-06-01 08:38:04.304,NEW_DATA,3.5699,66.2667,162.5024
2026-06-01 08:38:04.336,NEW_DATA,3.5747,66.342,162.5024
2026-06-01 08:38:04.367,NEW_DATA,3.5692,66.3924,162.5024
2026-06-01 08:38:04.398,NEW_DATA,3.5678,66.4177,162.5024
2026-06-01 08:38:04.429,NEW_DATA,3.5678,66.4684,162.5024
2026-06-01 08:38:04.464,NEW_DATA,3.5643,66.5448,162.5024
2026-06-01 08:38:04.491,NEW_DATA,3.5657,66.5704,162.5024
2026-06-01 08:38:04.521,NEW_DATA,3.5695,66.6216,162.5024
2026-06-01 08:38:04.555,NEW_DATA,3.5664,66.6988,162.5024
2026-06-01 08:38:04.583,NEW_DATA,3.5716,66.7246,162.5024
2026-06-01 08:38:04.615,NEW_DATA,3.5737,66.7763,162.5024
2026-06-01 08:38:04.646,NEW_DATA,3.5713,66.8282,162.5024
2026-06-01 08:38:04.679,NEW_DATA,3.5733,66.8803,162.5024
2026-06-01 08:38:04.711,NEW_DATA,3.5706,66.9326,162.5024
2026-06-01 08:38:04.741,NEW_DATA,3.5681,66.9849,162.5024
2026-06-01 08:38:04.773,NEW_DATA,3.5664,67.0375,162.5024
2026-06-01 08:38:04.804,NEW_DATA,3.5664,67.0902,162.5024
2026-06-01 08:38:04.836,NEW_DATA,3.5671,67.1431,162.5024
2026-06-01 08:38:04.866,NEW_DATA,3.5657,67.1961,162.5024
2026-06-01 08:38:04.896,NEW_DATA,3.5713,67.2493,162.5024
2026-06-01 08:38:04.929,NEW_DATA,3.5713,67.3026,162.5024
2026-06-01 08:38:04.960,NEW_DATA,3.5719,67.3561,162.5024
2026-06-01 08:38:04.990,NEW_DATA,3.5719,67.4097,162.5024
2026-06-01 08:38:05.021,NEW_DATA,3.5695,67.4634,162.5024
2026-06-01 08:38:05.053,NEW_DATA,3.5692,67.5173,162.5024
2026-06-01 08:38:05.085,NEW_DATA,3.5681,67.5714,162.5024
2026-06-01 08:38:05.116,NEW_DATA,3.5671,67.6255,162.5024
2026-06-01 08:38:05.147,NEW_DATA,3.5685,67.707,162.5024
2026-06-01 08:38:05.179,NEW_DATA,3.5706,67.7343,162.5024
2026-06-01 08:38:05.209,NEW_DATA,3.5706,67.7889,162.5024
2026-06-01 08:38:05.240,NEW_DATA,3.5726,67.8436,162.5024
2026-06-01 08:38:05.272,NEW_DATA,3.5706,67.8984,162.5024
2026-06-01 08:38:05.305,NEW_DATA,3.5706,67.9533,162.5024
2026-06-01 08:38:05.336,NEW_DATA,3.5699,68.0084,162.5024
2026-06-01 08:38:05.366,NEW_DATA,3.5695,68.0636,162.5024
2026-06-01 08:38:05.400,NEW_DATA,3.5681,68.1189,162.5024
2026-06-01 08:38:05.430,NEW_DATA,3.5667,68.1744,162.5024
2026-06-01 08:38:05.462,NEW_DATA,3.5657,68.2299,162.5024
2026-06-01 08:38:05.494,NEW_DATA,3.5692,68.2856,162.5024
2026-06-01 08:38:05.526,NEW_DATA,3.566,68.3413,162.5024
2026-06-01 08:38:05.557,NEW_DATA,3.574,68.3972,162.5024
2026-06-01 08:38:05.589,NEW_DATA,3.5723,68.4532,162.5024
2026-06-01 08:38:05.619,NEW_DATA,3.5726,68.5093,162.5024
2026-06-01 08:38:05.651,NEW_DATA,3.5706,68.5655,162.5024
2026-06-01 08:38:05.681,NEW_DATA,3.5713,68.6218,162.5024
2026-06-01 08:38:05.713,NEW_DATA,3.5671,68.6781,162.5024
2026-06-01 08:38:05.745,NEW_DATA,3.5678,68.7346,162.5024
2026-06-01 08:38:05.776,NEW_DATA,3.5678,68.7912,162.5024
2026-06-01 08:38:05.807,NEW_DATA,3.5692,68.8479,162.5024
2026-06-01 08:38:05.838,NEW_DATA,3.5733,68.9046,162.5024
2026-06-01 08:38:05.869,NEW_DATA,3.5719,68.9899,162.5024
2026-06-01 08:38:05.901,NEW_DATA,3.5709,69.0183,162.5024
2026-06-01 08:38:05.931,NEW_DATA,3.5733,69.0753,162.5024
2026-06-01 08:38:05.962,NEW_DATA,3.5713,69.1324,162.5024
2026-06-01 08:38:05.994,NEW_DATA,3.5685,69.1896,162.5024
2026-06-01 08:38:06.029,NEW_DATA,3.5706,69.2468,162.5024
2026-06-01 08:38:06.056,NEW_DATA,3.5692,69.3041,162.5024
2026-06-01 08:38:06.088,NEW_DATA,3.5678,69.3614,162.5024
2026-06-01 08:38:06.120,NEW_DATA,3.5719,69.4188,162.5024
2026-06-01 08:38:06.151,NEW_DATA,3.5726,69.4763,162.5024
2026-06-01 08:38:06.181,NEW_DATA,3.5723,69.5339,162.5024
2026-06-01 08:38:06.215,NEW_DATA,3.574,69.5915,162.5024
2026-06-01 08:38:06.247,NEW_DATA,3.5761,69.6491,162.5024
2026-06-01 08:38:06.276,NEW_DATA,3.573,69.7068,162.5024
2026-06-01 08:38:06.308,NEW_DATA,3.5681,69.7646,162.5024
2026-06-01 08:38:06.340,NEW_DATA,3.5678,69.8224,162.5024
2026-06-01 08:38:06.371,NEW_DATA,3.5671,69.8803,162.5024
2026-06-01 08:38:06.403,NEW_DATA,3.5699,69.9382,162.5024
2026-06-01 08:38:06.434,NEW_DATA,3.5709,69.9961,162.5024
2026-06-01 08:38:06.465,NEW_DATA,3.5768,70.0541,162.5024
2026-06-01 08:38:06.498,NEW_DATA,3.5737,70.1121,162.5024
2026-06-01 08:38:06.529,NEW_DATA,3.5733,70.1701,162.5024
2026-06-01 08:38:06.563,NEW_DATA,3.5747,70.2282,162.5024
2026-06-01 08:38:06.590,NEW_DATA,3.5733,70.2863,162.5024
2026-06-01 08:38:06.621,NEW_DATA,3.5706,70.3444,162.5024
2026-06-01 08:38:06.654,NEW_DATA,3.5678,70.4025,162.5024
2026-06-01 08:38:06.686,NEW_DATA,3.5678,70.4607,162.5024
2026-06-01 08:38:06.717,NEW_DATA,3.5706,70.5479,162.5024
2026-06-01 08:38:06.747,NEW_DATA,3.5699,70.577,162.5024
2026-06-01 08:38:06.778,NEW_DATA,3.5713,70.6352,162.5024
2026-06-01 08:38:06.810,NEW_DATA,3.5737,70.6934,162.5024
2026-06-01 08:38:06.841,NEW_DATA,3.574,70.7516,162.5024
2026-06-01 08:38:06.871,NEW_DATA,3.574,70.8098,162.5024
2026-06-01 08:38:06.903,NEW_DATA,3.5733,70.868,162.5024
2026-06-01 08:38:06.934,NEW_DATA,3.5719,70.9261,162.5024
2026-06-01 08:38:06.966,NEW_DATA,3.5706,70.9843,162.5024
2026-06-01 08:38:06.999,NEW_DATA,3.5692,71.0425,162.5024
2026-06-01 08:38:07.030,NEW_DATA,3.5719,71.1006,162.5024
2026-06-01 08:38:07.061,NEW_DATA,3.5706,71.1588,162.5024
2026-06-01 08:38:07.094,NEW_DATA,3.5713,71.2169,162.5024
2026-06-01 08:38:07.123,NEW_DATA,3.5713,71.275,162.5024
2026-06-01 08:38:07.155,NEW_DATA,3.5751,71.333,162.5024
2026-06-01 08:38:07.193,NEW_DATA,3.5737,71.4201,162.5024
2026-06-01 08:38:07.218,NEW_DATA,3.5751,71.4491,162.5024
2026-06-01 08:38:07.249,NEW_DATA,3.5706,71.507,162.5024
2026-06-01 08:38:07.280,NEW_DATA,3.5692,71.5649,162.5024
2026-06-01 08:38:07.312,NEW_DATA,3.5695,71.6228,162.5024
2026-06-01 08:38:07.345,NEW_DATA,3.5692,71.6806,162.5024
2026-06-01 08:38:07.378,NEW_DATA,3.5716,71.7384,162.5024
2026-06-01 08:38:07.408,NEW_DATA,3.5754,71.7962,162.5024
2026-06-01 08:38:07.438,NEW_DATA,3.5747,71.8538,162.5024
2026-06-01 08:38:07.470,NEW_DATA,3.5747,71.9114,162.5024
2026-06-01 08:38:07.501,NEW_DATA,3.5713,71.969,162.5024
2026-06-01 08:38:07.532,NEW_DATA,3.574,72.0265,162.5024
2026-06-01 08:38:07.564,NEW_DATA,3.5706,72.0839,162.5024
2026-06-01 08:38:07.594,NEW_DATA,3.5671,72.1413,162.5024
2026-06-01 08:38:07.626,NEW_DATA,3.5671,72.1985,162.5024
2026-06-01 08:38:07.655,NEW_DATA,3.5716,72.2557,162.5024
2026-06-01 08:38:07.687,NEW_DATA,3.5716,72.3128,162.5024
2026-06-01 08:38:07.719,NEW_DATA,3.574,72.3698,162.5024
2026-06-01 08:38:07.750,NEW_DATA,3.5747,72.4268,162.5024
2026-06-01 08:38:07.781,NEW_DATA,3.5765,72.4836,162.5024
2026-06-01 08:38:07.810,NEW_DATA,3.5726,72.5404,162.5024
2026-06-01 08:38:07.840,NEW_DATA,3.5719,72.6253,162.5024
2026-06-01 08:38:07.871,NEW_DATA,3.5733,72.6535,162.5024
2026-06-01 08:38:07.903,NEW_DATA,3.5692,72.71,162.5024
2026-06-01 08:38:07.933,NEW_DATA,3.5706,72.7663,162.5024
2026-06-01 08:38:07.964,NEW_DATA,3.5702,72.8225,162.5024
2026-06-01 08:38:07.996,NEW_DATA,3.5719,72.8786,162.5024
2026-06-01 08:38:08.026,NEW_DATA,3.5719,72.9345,162.5024
2026-06-01 08:38:08.058,NEW_DATA,3.5751,72.9904,162.5024
2026-06-01 08:38:08.088,NEW_DATA,3.5761,73.0461,162.5024
2026-06-01 08:38:08.120,NEW_DATA,3.5719,73.1017,162.5024
2026-06-01 08:38:08.152,NEW_DATA,3.5719,73.1848,162.5024
2026-06-01 08:38:08.184,NEW_DATA,3.5723,73.2124,162.5024
2026-06-01 08:38:08.214,NEW_DATA,3.5706,73.2676,162.5024
2026-06-01 08:38:08.245,NEW_DATA,3.5695,73.3226,162.5024
2026-06-01 08:38:08.277,NEW_DATA,3.5713,73.4049,162.5024
2026-06-01 08:38:08.308,NEW_DATA,3.5719,73.4322,162.5024
2026-06-01 08:38:08.341,NEW_DATA,3.5765,73.4867,162.5024
2026-06-01 08:38:08.369,NEW_DATA,3.574,73.5411,162.5024
2026-06-01 08:38:08.400,NEW_DATA,3.5768,73.5954,162.5024
2026-06-01 08:38:08.431,NEW_DATA,3.5775,73.6494,162.5024
2026-06-01 08:38:08.463,NEW_DATA,3.5706,73.7033,162.5024
2026-06-01 08:38:08.493,NEW_DATA,3.5706,73.757,162.5024
2026-06-01 08:38:08.525,NEW_DATA,3.5699,73.8105,162.5024
2026-06-01 08:38:08.557,NEW_DATA,3.5699,73.8638,162.5024
2026-06-01 08:38:08.588,NEW_DATA,3.5706,73.917,162.5024
2026-06-01 08:38:08.620,NEW_DATA,3.5726,73.9963,162.5024
2026-06-01 08:38:08.650,NEW_DATA,3.5775,74.0227,162.5024
2026-06-01 08:38:08.682,NEW_DATA,3.5747,74.0752,162.5024
2026-06-01 08:38:08.714,NEW_DATA,3.5747,74.1276,162.5024
2026-06-01 08:38:08.746,NEW_DATA,3.5782,74.1797,162.5024
2026-06-01 08:38:08.778,NEW_DATA,3.5733,74.2316,162.5024
2026-06-01 08:38:08.809,NEW_DATA,3.5719,74.2833,162.5024
2026-06-01 08:38:08.839,NEW_DATA,3.5681,74.3348,162.5024
2026-06-01 08:38:08.870,NEW_DATA,3.5706,74.3861,162.5024
2026-06-01 08:38:08.899,NEW_DATA,3.573,74.4371,162.5024
2026-06-01 08:38:08.931,NEW_DATA,3.5719,74.4879,162.5024
2026-06-01 08:38:08.962,NEW_DATA,3.5733,74.5385,162.5024
2026-06-01 08:38:08.994,NEW_DATA,3.5761,74.5888,162.5024
2026-06-01 08:38:09.024,NEW_DATA,3.5733,74.6389,162.5024
2026-06-01 08:38:09.055,NEW_DATA,3.5754,74.6887,162.5024
2026-06-01 08:38:09.086,NEW_DATA,3.573,74.7383,162.5024
2026-06-01 08:38:09.117,NEW_DATA,3.5733,74.7876,162.5024
2026-06-01 08:38:09.149,NEW_DATA,3.5688,74.8366,162.5024
2026-06-01 08:38:09.181,NEW_DATA,3.5685,74.8854,162.5024
2026-06-01 08:38:09.213,NEW_DATA,3.5706,74.9339,162.5024
2026-06-01 08:38:09.246,NEW_DATA,3.5726,74.9821,162.5024
2026-06-01 08:38:09.276,NEW_DATA,3.5737,75.0301,162.5024
2026-06-01 08:38:09.306,NEW_DATA,3.574,75.0778,162.5024
2026-06-01 08:38:09.339,NEW_DATA,3.5803,75.1251,162.5024
2026-06-01 08:38:09.369,NEW_DATA,3.5758,75.1722,162.5024
2026-06-01 08:38:09.399,NEW_DATA,3.5723,75.219,162.5024
2026-06-01 08:38:09.431,NEW_DATA,3.5713,75.2655,162.5024
2026-06-01 08:38:09.464,NEW_DATA,3.5692,75.3347,162.5024
2026-06-01 08:38:09.494,NEW_DATA,3.5695,75.3576,162.5024
2026-06-01 08:38:09.527,NEW_DATA,3.5706,75.4258,162.5024
2026-06-01 08:38:09.559,NEW_DATA,3.5706,75.4484,162.5024
2026-06-01 08:38:09.586,NEW_DATA,3.5719,75.4933,162.5024
2026-06-01 08:38:09.618,NEW_DATA,3.5747,75.5379,162.5024
2026-06-01 08:38:09.650,NEW_DATA,3.5754,75.5822,162.5024
2026-06-01 08:38:09.682,NEW_DATA,3.5733,75.6261,162.5024
2026-06-01 08:38:09.713,NEW_DATA,3.5723,75.6697,162.5024
2026-06-01 08:38:09.745,NEW_DATA,3.5737,75.713,162.5024
2026-06-01 08:38:09.776,NEW_DATA,3.5699,75.7559,162.5024
2026-06-01 08:38:09.806,NEW_DATA,3.5719,75.7984,162.5024
2026-06-01 08:38:09.837,NEW_DATA,3.5726,75.8406,162.5024
2026-06-01 08:38:09.868,NEW_DATA,3.5664,75.8825,162.5024
2026-06-01 08:38:09.900,NEW_DATA,3.5768,75.9239,162.5024
2026-06-01 08:38:09.929,NEW_DATA,3.5761,75.965,162.5024
2026-06-01 08:38:09.963,NEW_DATA,3.5765,76.0057,162.5024
2026-06-01 08:38:10.008,NEW_DATA,3.5761,76.0661,162.5024
2026-06-01 08:38:10.048,NEW_DATA,3.5719,76.1059,162.5024
2026-06-01 08:38:10.071,NEW_DATA,3.5747,76.1452,162.5024
2026-06-01 08:38:10.102,NEW_DATA,3.5706,76.1842,162.5024
2026-06-01 08:38:10.133,NEW_DATA,3.5685,76.2228,162.5024
2026-06-01 08:38:10.162,NEW_DATA,3.5754,76.261,162.5024
2026-06-01 08:38:10.194,NEW_DATA,3.5719,76.2988,162.5024
2026-06-01 08:38:10.227,NEW_DATA,3.5775,76.3361,162.5024
2026-06-01 08:38:10.258,NEW_DATA,3.5751,76.3731,162.5024
2026-06-01 08:38:10.289,NEW_DATA,3.5775,76.4096,162.5024
2026-06-01 08:38:10.320,NEW_DATA,3.5747,76.4457,162.5024
2026-06-01 08:38:10.350,NEW_DATA,3.5719,76.4813,162.5024
2026-06-01 08:38:10.381,NEW_DATA,3.5716,76.5166,162.5024
2026-06-01 08:38:10.413,NEW_DATA,3.5706,76.5514,162.5024
2026-06-01 08:38:10.446,NEW_DATA,3.5706,76.5857,162.5024
2026-06-01 08:38:10.476,NEW_DATA,3.5737,76.6196,162.5024
2026-06-01 08:38:10.507,NEW_DATA,3.5761,76.6531,162.5024
2026-06-01 08:38:10.537,NEW_DATA,3.5751,76.6861,162.5024
2026-06-01 08:38:10.568,NEW_DATA,3.5768,76.7186,162.5024
2026-06-01 08:38:10.599,NEW_DATA,3.581,76.7507,162.5024
2026-06-01 08:38:10.631,NEW_DATA,3.5789,76.7979,162.5024
2026-06-01 08:38:10.663,NEW_DATA,3.5789,76.8134,162.5024
2026-06-01 08:38:10.694,NEW_DATA,3.5761,76.8592,162.5024
2026-06-01 08:38:10.728,NEW_DATA,3.5758,76.8742,162.5024
2026-06-01 08:38:10.757,NEW_DATA,3.5778,76.9039,162.5024
2026-06-01 08:38:10.786,NEW_DATA,3.5796,76.9331,162.5024
2026-06-01 08:38:10.816,NEW_DATA,3.5817,76.9618,162.5024
2026-06-01 08:38:10.850,NEW_DATA,3.5817,76.99,162.5024
2026-06-01 08:38:10.880,NEW_DATA,3.5841,77.0177,162.5024
2026-06-01 08:38:10.910,NEW_DATA,3.5844,77.0449,162.5024
2026-06-01 08:38:10.941,NEW_DATA,3.5775,77.0716,162.5024
2026-06-01 08:38:10.972,NEW_DATA,3.5761,77.0977,162.5024
2026-06-01 08:38:11.004,NEW_DATA,3.5747,77.1234,162.5024
2026-06-01 08:38:11.035,NEW_DATA,3.5747,77.1608,162.5024
2026-06-01 08:38:11.066,NEW_DATA,3.5775,77.173,162.5024
2026-06-01 08:38:11.096,NEW_DATA,3.5747,77.1971,162.5024
2026-06-01 08:38:11.127,NEW_DATA,3.5792,77.2206,162.5024
2026-06-01 08:38:11.160,NEW_DATA,3.5789,77.2548,162.5024
2026-06-01 08:38:11.190,NEW_DATA,3.5806,77.266,162.5024
2026-06-01 08:38:11.221,NEW_DATA,3.5806,77.2878,162.5024
2026-06-01 08:38:11.251,NEW_DATA,3.5775,77.3091,162.5024
2026-06-01 08:38:11.283,NEW_DATA,3.5761,77.33,163.6912
2026-06-01 08:38:11.313,NEW_DATA,3.5733,77.3506,163.6912
2026-06-01 08:38:11.344,NEW_DATA,3.5733,77.3712,163.6912
2026-06-01 08:38:11.373,NEW_DATA,3.5761,77.3917,163.6912
2026-06-01 08:38:11.498,NEW_DATA,3.5761,77.4122,163.6912
2026-06-01 08:38:11.514,NEW_DATA,3.5782,77.4224,163.6912
2026-06-01 08:38:11.553,NEW_DATA,3.5768,77.4325,163.6912
2026-06-01 08:38:11.579,NEW_DATA,3.5789,77.4528,163.6912
2026-06-01 08:38:11.608,NEW_DATA,3.5751,77.4831,163.6912
2026-06-01 08:38:11.645,NEW_DATA,3.5817,77.4932,163.6912
2026-06-01 08:38:11.674,NEW_DATA,3.5775,77.5132,163.6912
2026-06-01 08:38:11.700,NEW_DATA,3.5761,77.5332,163.6912
2026-06-01 08:38:11.731,NEW_DATA,3.5747,77.5531,163.6912
2026-06-01 08:38:11.763,NEW_DATA,3.5747,77.5729,163.6912
2026-06-01 08:38:11.794,NEW_DATA,3.5761,77.5927,163.6912
2026-06-01 08:38:11.826,NEW_DATA,3.5747,77.6123,163.6912
2026-06-01 08:38:11.857,NEW_DATA,3.5761,77.6319,163.6912
2026-06-01 08:38:11.887,NEW_DATA,3.5789,77.6612,163.6912
2026-06-01 08:38:11.919,NEW_DATA,3.5778,77.6709,163.6912
2026-06-01 08:38:11.951,NEW_DATA,3.5796,77.6903,163.6912
2026-06-01 08:38:11.981,NEW_DATA,3.5775,77.7096,163.6912
2026-06-01 08:38:12.011,NEW_DATA,3.5775,77.7288,163.6912
2026-06-01 08:38:12.043,NEW_DATA,3.5747,77.748,163.6912
2026-06-01 08:38:12.074,NEW_DATA,3.5719,77.7766,163.6912
2026-06-01 08:38:12.105,NEW_DATA,3.5719,77.7861,163.6912
2026-06-01 08:38:12.136,NEW_DATA,3.5751,77.805,163.6912
2026-06-01 08:38:12.168,NEW_DATA,3.5754,77.8239,163.6912
2026-06-01 08:38:12.198,NEW_DATA,3.5789,77.8427,163.6912
2026-06-01 08:38:12.230,NEW_DATA,3.5796,77.8614,163.6912
2026-06-01 08:38:12.262,NEW_DATA,3.581,77.88,163.6912
2026-06-01 08:38:12.293,NEW_DATA,3.5761,77.9079,163.6912
2026-06-01 08:38:12.325,NEW_DATA,3.5754,77.9171,163.6912
2026-06-01 08:38:12.356,NEW_DATA,3.5719,77.9355,163.6912
2026-06-01 08:38:12.387,NEW_DATA,3.5733,77.9539,163.6912
2026-06-01 08:38:12.417,NEW_DATA,3.5733,77.9722,163.6912
2026-06-01 08:38:12.449,NEW_DATA,3.5747,77.9995,163.6912
2026-06-01 08:38:12.480,NEW_DATA,3.5761,78.0086,163.6912
2026-06-01 08:38:12.513,NEW_DATA,3.5823,78.0267,163.6912
2026-06-01 08:38:12.541,NEW_DATA,3.5796,78.0447,163.6912
2026-06-01 08:38:12.580,NEW_DATA,3.5782,78.0716,163.6912
2026-06-01 08:38:12.603,NEW_DATA,3.5789,78.0806,163.6912
2026-06-01 08:38:12.639,NEW_DATA,3.5733,78.1073,163.6912
2026-06-01 08:38:12.667,NEW_DATA,3.5713,78.1161,163.6912
2026-06-01 08:38:12.703,NEW_DATA,3.5692,78.1338,163.6912
2026-06-01 08:38:12.730,NEW_DATA,3.5737,78.1514,163.6912
2026-06-01 08:38:12.762,NEW_DATA,3.5747,78.169,163.6912
2026-06-01 08:38:12.792,NEW_DATA,3.5751,78.1865,163.6912
2026-06-01 08:38:12.825,NEW_DATA,3.5803,78.2126,163.6912
2026-06-01 08:38:12.854,NEW_DATA,3.5789,78.2212,163.6912
2026-06-01 08:38:12.884,NEW_DATA,3.5803,78.2385,163.6912
2026-06-01 08:38:12.918,NEW_DATA,3.5747,78.2557,163.6912
2026-06-01 08:38:12.946,NEW_DATA,3.5706,78.2815,163.6912
2026-06-01 08:38:12.977,NEW_DATA,3.5737,78.29,163.6912
2026-06-01 08:38:13.008,NEW_DATA,3.5737,78.307,163.6912
2026-06-01 08:38:13.041,NEW_DATA,3.5747,78.3325,163.6912
2026-06-01 08:38:13.070,NEW_DATA,3.5726,78.3409,163.6912
2026-06-01 08:38:13.102,NEW_DATA,3.5747,78.3577,163.6912
2026-06-01 08:38:13.133,NEW_DATA,3.5765,78.3745,163.6912
2026-06-01 08:38:13.163,NEW_DATA,3.582,78.3912,163.6912
2026-06-01 08:38:13.195,NEW_DATA,3.5782,78.4079,163.6912
2026-06-01 08:38:13.226,NEW_DATA,3.5761,78.4245,163.6912
2026-06-01 08:38:13.256,NEW_DATA,3.5775,78.441,163.6912
2026-06-01 08:38:13.287,NEW_DATA,3.574,78.4575,163.6912
2026-06-01 08:38:13.318,NEW_DATA,3.5747,78.4739,163.6912
2026-06-01 08:38:13.349,NEW_DATA,3.5737,78.4902,163.6912
2026-06-01 08:38:13.380,NEW_DATA,3.5761,78.5065,163.6912
2026-06-01 08:38:13.410,NEW_DATA,3.5747,78.5228,163.6912
2026-06-01 08:38:13.442,NEW_DATA,3.5792,78.5389,163.6912
2026-06-01 08:38:13.474,NEW_DATA,3.5782,78.555,163.6912
2026-06-01 08:38:13.503,NEW_DATA,3.5778,78.5711,163.6912
2026-06-01 08:38:13.535,NEW_DATA,3.5761,78.5871,163.6912
2026-06-01 08:38:13.566,NEW_DATA,3.5747,78.603,163.6912
2026-06-01 08:38:13.597,NEW_DATA,3.574,78.6189,163.6912
2026-06-01 08:38:13.628,NEW_DATA,3.5713,78.6347,163.6912
2026-06-01 08:38:13.660,NEW_DATA,3.5709,78.6505,163.6912
2026-06-01 08:38:13.690,NEW_DATA,3.5747,78.6662,163.6912
2026-06-01 08:38:13.721,NEW_DATA,3.5747,78.6818,163.6912
2026-06-01 08:38:13.751,NEW_DATA,3.5782,78.6974,163.6912
2026-06-01 08:38:13.783,NEW_DATA,3.5778,78.713,163.6912
2026-06-01 08:38:13.814,NEW_DATA,3.5778,78.7285,163.6912
2026-06-01 08:38:13.846,NEW_DATA,3.5778,78.7439,163.6912
2026-06-01 08:38:13.878,NEW_DATA,3.5768,78.7593,163.6912
2026-06-01 08:38:13.910,NEW_DATA,3.5768,78.7746,163.6912
2026-06-01 08:38:13.940,NEW_DATA,3.5723,78.7899,163.6912
2026-06-01 08:38:13.970,NEW_DATA,3.5719,78.8051,163.6912
2026-06-01 08:38:14.001,NEW_DATA,3.5726,78.8202,163.6912
2026-06-01 08:38:14.032,NEW_DATA,3.5754,78.8353,163.6912
2026-06-01 08:38:14.063,NEW_DATA,3.5803,78.8504,163.6912
2026-06-01 08:38:14.094,NEW_DATA,3.5768,78.8654,163.6912
2026-06-01 08:38:14.126,NEW_DATA,3.5803,78.8803,163.6912
2026-06-01 08:38:14.156,NEW_DATA,3.5796,78.8952,163.6912
2026-06-01 08:38:14.187,NEW_DATA,3.5754,78.9101,163.6912
2026-06-01 08:38:14.219,NEW_DATA,3.5726,78.9249,163.6912
2026-06-01 08:38:14.249,NEW_DATA,3.5737,78.9396,163.6912
2026-06-01 08:38:14.281,NEW_DATA,3.5719,78.9543,163.6912
2026-06-01 08:38:14.312,NEW_DATA,3.5775,78.969,163.6912
2026-06-01 08:38:14.343,NEW_DATA,3.5761,78.9836,163.6912
2026-06-01 08:38:14.374,NEW_DATA,3.5796,78.9981,163.6912
2026-06-01 08:38:14.405,NEW_DATA,3.5789,79.0126,163.6912
2026-06-01 08:38:14.436,NEW_DATA,3.5789,79.0271,163.6912
2026-06-01 08:38:14.468,NEW_DATA,3.5789,79.0415,163.6912
2026-06-01 08:38:14.500,NEW_DATA,3.5747,79.0558,163.6912
2026-06-01 08:38:14.531,NEW_DATA,3.574,79.0701,163.6912
2026-06-01 08:38:14.563,NEW_DATA,3.5737,79.0844,163.6912
2026-06-01 08:38:14.595,NEW_DATA,3.5747,79.1057,163.6912
2026-06-01 08:38:14.625,NEW_DATA,3.5782,79.1128,163.6912
2026-06-01 08:38:14.656,NEW_DATA,3.5754,79.1269,163.6912
2026-06-01 08:38:14.687,NEW_DATA,3.5789,79.141,163.6912
2026-06-01 08:38:14.718,NEW_DATA,3.5761,79.155,163.6912
2026-06-01 08:38:14.749,NEW_DATA,3.5789,79.169,163.6912
2026-06-01 08:38:14.780,NEW_DATA,3.5747,79.183,163.6912
2026-06-01 08:38:14.811,NEW_DATA,3.5737,79.1969,163.6912
2026-06-01 08:38:14.843,NEW_DATA,3.5751,79.2107,163.6912
2026-06-01 08:38:14.874,NEW_DATA,3.5709,79.2245,163.6912
2026-06-01 08:38:14.905,NEW_DATA,3.5716,79.2383,163.6912
2026-06-01 08:38:14.937,NEW_DATA,3.5737,79.252,163.6912
2026-06-01 08:38:14.968,NEW_DATA,3.5733,79.2657,163.6912
2026-06-01 08:38:15.001,NEW_DATA,3.5761,79.2794,163.6912
2026-06-01 08:38:15.033,NEW_DATA,3.5775,79.293,163.6912
2026-06-01 08:38:15.064,NEW_DATA,3.5775,79.3065,163.6912
2026-06-01 08:38:15.095,NEW_DATA,3.5765,79.3201,163.6912
2026-06-01 08:38:15.127,NEW_DATA,3.5789,79.3335,163.6912
2026-06-01 08:38:15.157,NEW_DATA,3.5733,79.347,163.6912
2026-06-01 08:38:15.188,NEW_DATA,3.5723,79.3604,163.6912
2026-06-01 08:38:15.220,NEW_DATA,3.5747,79.3737,163.6912
2026-06-01 08:38:15.251,NEW_DATA,3.5747,79.3871,163.6912
2026-06-01 08:38:15.282,NEW_DATA,3.5737,79.4004,163.6912
2026-06-01 08:38:15.312,NEW_DATA,3.5775,79.4136,163.6912
2026-06-01 08:38:15.343,NEW_DATA,3.5803,79.4268,163.6912
2026-06-01 08:38:15.374,NEW_DATA,3.5782,79.44,163.6912
2026-06-01 08:38:15.406,NEW_DATA,3.5733,79.4531,163.6912
2026-06-01 08:38:15.437,NEW_DATA,3.5709,79.4662,163.6912
2026-06-01 08:38:15.468,NEW_DATA,3.5716,79.4793,163.6912
2026-06-01 08:38:15.499,NEW_DATA,3.5699,79.4923,163.6912
2026-06-01 08:38:15.530,NEW_DATA,3.5719,79.5053,163.6912
2026-06-01 08:38:15.562,NEW_DATA,3.5719,79.5183,163.6912
2026-06-01 08:38:15.594,NEW_DATA,3.5751,79.5312,163.6912
2026-06-01 08:38:15.625,NEW_DATA,3.5768,79.5441,163.6912
2026-06-01 08:38:15.656,NEW_DATA,3.5751,79.557,163.6912
2026-06-01 08:38:15.687,NEW_DATA,3.5765,79.5698,163.6912
2026-06-01 08:38:15.718,NEW_DATA,3.5782,79.5826,163.6912
2026-06-01 08:38:15.750,NEW_DATA,3.5737,79.6017,163.6912
2026-06-01 08:38:15.780,NEW_DATA,3.5768,79.608,163.6912
2026-06-01 08:38:15.811,NEW_DATA,3.5706,79.6207,163.6912
2026-06-01 08:38:15.843,NEW_DATA,3.5733,79.6334,163.6912
2026-06-01 08:38:15.874,NEW_DATA,3.574,79.646,163.6912
2026-06-01 08:38:15.906,NEW_DATA,3.5747,79.6649,163.6912
2026-06-01 08:38:15.936,NEW_DATA,3.5782,79.6712,163.6912
2026-06-01 08:38:15.967,NEW_DATA,3.5796,79.6838,163.6912
2026-06-01 08:38:15.998,NEW_DATA,3.5775,79.6963,163.6912
2026-06-01 08:38:16.031,NEW_DATA,3.5782,79.7087,163.6912
2026-06-01 08:38:16.060,NEW_DATA,3.5733,79.7212,163.6912
2026-06-01 08:38:16.091,NEW_DATA,3.5719,79.7336,163.6912
2026-06-01 08:38:16.123,NEW_DATA,3.5706,79.746,163.6912
2026-06-01 08:38:16.155,NEW_DATA,3.5726,79.7646,163.6912
2026-06-01 08:38:16.185,NEW_DATA,3.5733,79.7707,163.6912
2026-06-01 08:38:16.216,NEW_DATA,3.5733,79.7831,163.6912
2026-06-01 08:38:16.247,NEW_DATA,3.5775,79.7953,163.6912
2026-06-01 08:38:16.278,NEW_DATA,3.5775,79.8076,163.6912
2026-06-01 08:38:16.310,NEW_DATA,3.574,79.8198,163.6912
2026-06-01 08:38:16.341,NEW_DATA,3.574,79.8321,163.6912
2026-06-01 08:38:16.372,NEW_DATA,3.5733,79.8442,163.6912
2026-06-01 08:38:16.403,NEW_DATA,3.5692,79.8564,163.6912
2026-06-01 08:38:16.434,NEW_DATA,3.5719,79.8686,163.6912
2026-06-01 08:38:16.465,NEW_DATA,3.5706,79.8807,163.6912
2026-06-01 08:38:16.496,NEW_DATA,3.5719,79.8928,163.6912
2026-06-01 08:38:16.527,NEW_DATA,3.5761,79.9048,163.6912
2026-06-01 08:38:16.560,NEW_DATA,3.5771,79.9169,163.6912
2026-06-01 08:38:16.590,NEW_DATA,3.5761,79.9289,163.6912
2026-06-01 08:38:16.621,NEW_DATA,3.5775,79.9409,163.6912
2026-06-01 08:38:16.652,NEW_DATA,3.5761,79.9529,163.6912
2026-06-01 08:38:16.683,NEW_DATA,3.5765,79.9649,163.6912
2026-06-01 08:38:16.714,NEW_DATA,3.5726,79.9768,163.6912
2026-06-01 08:38:16.745,NEW_DATA,3.5699,79.9887,163.6912
2026-06-01 08:38:16.776,NEW_DATA,3.5695,80.0006,163.6912
2026-06-01 08:38:16.807,NEW_DATA,3.5719,80.0125,163.6912
2026-06-01 08:38:16.839,NEW_DATA,3.574,80.0244,163.6912
2026-06-01 08:38:16.869,NEW_DATA,3.5768,80.0362,163.6912
2026-06-01 08:38:16.900,NEW_DATA,3.574,80.0481,163.6912
2026-06-01 08:38:16.931,NEW_DATA,3.5775,80.0599,163.6912
2026-06-01 08:38:16.963,NEW_DATA,3.5747,80.0717,163.6912
2026-06-01 08:38:16.995,NEW_DATA,3.5747,80.0835,163.6912
2026-06-01 08:38:17.024,NEW_DATA,3.5709,80.0952,163.6912
2026-06-01 08:38:17.055,NEW_DATA,3.5709,80.107,163.6912
2026-06-01 08:38:17.085,NEW_DATA,3.5685,80.1187,163.6912
2026-06-01 08:38:17.118,NEW_DATA,3.5737,80.1304,163.6912
2026-06-01 08:38:17.150,NEW_DATA,3.5758,80.1421,163.6912
2026-06-01 08:38:17.181,NEW_DATA,3.5758,80.1538,163.6912
2026-06-01 08:38:17.211,NEW_DATA,3.5792,80.1655,163.6912
2026-06-01 08:38:17.243,NEW_DATA,3.5768,80.1771,163.6912
2026-06-01 08:38:17.274,NEW_DATA,3.5744,80.1888,163.6912
2026-06-01 08:38:17.305,NEW_DATA,3.5778,80.2004,163.6912
2026-06-01 08:38:17.335,NEW_DATA,3.5719,80.2121,163.6912
2026-06-01 08:38:17.368,NEW_DATA,3.5706,80.2237,163.6912
2026-06-01 08:38:17.399,NEW_DATA,3.5713,80.2353,163.6912
2026-06-01 08:38:17.430,NEW_DATA,3.5733,80.2469,163.6912
2026-06-01 08:38:17.461,NEW_DATA,3.5761,80.2584,163.6912
2026-06-01 08:38:17.492,NEW_DATA,3.5733,80.27,163.6912
2026-06-01 08:38:17.523,NEW_DATA,3.5768,80.2816,163.6912
2026-06-01 08:38:17.556,NEW_DATA,3.5761,80.2931,163.6912
2026-06-01 08:38:17.585,NEW_DATA,3.5758,80.3047,163.6912
2026-06-01 08:38:17.618,NEW_DATA,3.5733,80.3162,163.6912
2026-06-01 08:38:17.649,NEW_DATA,3.573,80.3277,163.6912
2026-06-01 08:38:17.680,NEW_DATA,3.5706,80.3392,163.6912
2026-06-01 08:38:17.712,NEW_DATA,3.5699,80.3565,163.6912
2026-06-01 08:38:17.742,NEW_DATA,3.5709,80.3623,163.6912
2026-06-01 08:38:17.773,NEW_DATA,3.5761,80.3738,163.6912
2026-06-01 08:38:17.805,NEW_DATA,3.5754,80.391,163.6912
2026-06-01 08:38:17.835,NEW_DATA,3.5761,80.3967,163.6912
2026-06-01 08:38:17.866,NEW_DATA,3.5761,80.4082,163.6912
2026-06-01 08:38:17.897,NEW_DATA,3.5775,80.4197,163.6912
2026-06-01 08:38:17.929,NEW_DATA,3.5744,80.4312,163.6912
2026-06-01 08:38:17.959,NEW_DATA,3.5726,80.4426,163.6912
2026-06-01 08:38:17.990,NEW_DATA,3.5733,80.4541,163.6912
2026-06-01 08:38:18.022,NEW_DATA,3.5688,80.4656,163.6912
2026-06-01 08:38:18.053,NEW_DATA,3.5737,80.477,163.6912
2026-06-01 08:38:18.084,NEW_DATA,3.5719,80.4885,163.6912
2026-06-01 08:38:18.115,NEW_DATA,3.5761,80.5,163.6912
2026-06-01 08:38:18.146,NEW_DATA,3.5775,80.5114,163.6912
2026-06-01 08:38:18.176,NEW_DATA,3.5765,80.5229,163.6912
2026-06-01 08:38:18.207,NEW_DATA,3.5737,80.5343,163.6912
2026-06-01 08:38:18.239,NEW_DATA,3.5723,80.5458,163.6912
2026-06-01 08:38:18.270,NEW_DATA,3.5695,80.5572,163.6912
2026-06-01 08:38:18.302,NEW_DATA,3.5678,80.5687,163.6912
2026-06-01 08:38:18.333,NEW_DATA,3.5709,80.5802,163.6912
2026-06-01 08:38:18.365,NEW_DATA,3.5726,80.5916,163.6912
2026-06-01 08:38:18.395,NEW_DATA,3.5726,80.6031,163.6912
2026-06-01 08:38:18.425,NEW_DATA,3.5747,80.6146,163.6912
2026-06-01 08:38:18.456,NEW_DATA,3.5803,80.626,163.6912
2026-06-01 08:38:18.489,NEW_DATA,3.5768,80.6375,163.6912
2026-06-01 08:38:18.520,NEW_DATA,3.574,80.649,163.6912
2026-06-01 08:38:18.552,NEW_DATA,3.5737,80.6605,163.6912
2026-06-01 08:38:18.583,NEW_DATA,3.5709,80.672,163.6912
2026-06-01 08:38:18.615,NEW_DATA,3.5706,80.6834,163.6912
2026-06-01 08:38:18.646,NEW_DATA,3.5706,80.6949,163.6912
2026-06-01 08:38:18.676,NEW_DATA,3.5713,80.7064,163.6912
2026-06-01 08:38:18.706,NEW_DATA,3.5747,80.718,163.6912
2026-06-01 08:38:18.738,NEW_DATA,3.5768,80.7295,163.6912
2026-06-01 08:38:18.770,NEW_DATA,3.5761,80.741,163.6912
2026-06-01 08:38:18.800,NEW_DATA,3.581,80.7525,163.6912
2026-06-01 08:38:18.831,NEW_DATA,3.5765,80.7641,163.6912
2026-06-01 08:38:18.863,NEW_DATA,3.5747,80.7756,163.6912
2026-06-01 08:38:18.893,NEW_DATA,3.5692,80.7872,163.6912
2026-06-01 08:38:18.925,NEW_DATA,3.5695,80.7988,163.6912
2026-06-01 08:38:18.955,NEW_DATA,3.5699,80.8103,163.6912
2026-06-01 08:38:18.987,NEW_DATA,3.573,80.8219,163.6912
2026-06-01 08:38:19.018,NEW_DATA,3.574,80.8335,163.6912
2026-06-01 08:38:19.050,NEW_DATA,3.5761,80.8452,163.6912
2026-06-01 08:38:19.081,NEW_DATA,3.5747,80.8568,163.6912
2026-06-01 08:38:19.113,NEW_DATA,3.5782,80.8684,163.6912
2026-06-01 08:38:19.143,NEW_DATA,3.5751,80.8801,163.6912
2026-06-01 08:38:19.175,NEW_DATA,3.5719,80.8917,163.6912
2026-06-01 08:38:19.206,NEW_DATA,3.5706,80.9034,163.6912
2026-06-01 08:38:19.237,NEW_DATA,3.5733,80.9151,163.6912
2026-06-01 08:38:19.269,NEW_DATA,3.5706,80.9268,163.6912
2026-06-01 08:38:19.300,NEW_DATA,3.5719,80.9385,163.6912
2026-06-01 08:38:19.331,NEW_DATA,3.5747,80.9503,163.6912
2026-06-01 08:38:19.363,NEW_DATA,3.5775,80.962,163.6912
2026-06-01 08:38:19.394,NEW_DATA,3.5765,80.9738,163.6912
2026-06-01 08:38:19.424,NEW_DATA,3.5792,80.9856,163.6912
2026-06-01 08:38:19.456,NEW_DATA,3.5768,80.9974,163.6912
2026-06-01 08:38:19.486,NEW_DATA,3.5713,81.0092,163.6912
2026-06-01 08:38:19.520,NEW_DATA,3.5706,81.0211,163.6912
2026-06-01 08:38:19.551,NEW_DATA,3.5719,81.0329,163.6912
2026-06-01 08:38:19.582,NEW_DATA,3.5685,81.0448,163.6912
2026-06-01 08:38:19.613,NEW_DATA,3.5713,81.0567,163.6912
2026-06-01 08:38:19.646,NEW_DATA,3.574,81.0686,163.6912
2026-06-01 08:38:19.675,NEW_DATA,3.574,81.0806,163.6912
2026-06-01 08:38:19.706,NEW_DATA,3.5761,81.0925,163.6912
2026-06-01 08:38:19.738,NEW_DATA,3.5789,81.1045,163.6912
2026-06-01 08:38:19.769,NEW_DATA,3.5747,81.1165,163.6912
2026-06-01 08:38:19.800,NEW_DATA,3.5747,81.1285,163.6912
2026-06-01 08:38:19.831,NEW_DATA,3.5726,81.1406,163.6912
2026-06-01 08:38:19.863,NEW_DATA,3.5688,81.1526,163.6912
2026-06-01 08:38:19.893,NEW_DATA,3.5706,81.1647,163.6912
2026-06-01 08:38:19.925,NEW_DATA,3.5726,81.1768,163.6912
2026-06-01 08:38:19.955,NEW_DATA,3.5688,81.189,163.6912
2026-06-01 08:38:19.985,NEW_DATA,3.5754,81.2012,163.6912
2026-06-01 08:38:20.016,NEW_DATA,3.5782,81.2134,163.6912
2026-06-01 08:38:20.047,NEW_DATA,3.5765,81.2256,163.6912
2026-06-01 08:38:20.077,NEW_DATA,3.5761,81.2378,163.6912
2026-06-01 08:38:20.110,NEW_DATA,3.5747,81.2501,163.6912
2026-06-01 08:38:20.140,NEW_DATA,3.5699,81.2624,163.6912
2026-06-01 08:38:20.171,NEW_DATA,3.5716,81.2747,163.6912
2026-06-01 08:38:20.202,NEW_DATA,3.5706,81.2871,163.6912
2026-06-01 08:38:20.233,NEW_DATA,3.5726,81.2995,163.6912
2026-06-01 08:38:20.264,NEW_DATA,3.574,81.3119,163.6912
2026-06-01 08:38:20.296,NEW_DATA,3.574,81.3243,163.6912
2026-06-01 08:38:20.326,NEW_DATA,3.5782,81.3368,163.6912
2026-06-01 08:38:20.357,NEW_DATA,3.5768,81.3493,163.6912
2026-06-01 08:38:20.389,NEW_DATA,3.5747,81.3618,163.6912
2026-06-01 08:38:20.419,NEW_DATA,3.5733,81.3744,163.6912
2026-06-01 08:38:20.452,NEW_DATA,3.5699,81.387,163.6912
2026-06-01 08:38:20.483,NEW_DATA,3.5733,81.3996,163.6912
2026-06-01 08:38:20.514,NEW_DATA,3.5699,81.4123,163.6912
2026-06-01 08:38:20.545,NEW_DATA,3.5719,81.425,163.6912
2026-06-01 08:38:20.577,NEW_DATA,3.5719,81.4377,163.6912
2026-06-01 08:38:20.607,NEW_DATA,3.5803,81.4505,163.6912
2026-06-01 08:38:20.639,NEW_DATA,3.5761,81.4633,163.6912
2026-06-01 08:38:20.671,NEW_DATA,3.5789,81.4762,163.6912
2026-06-01 08:38:20.702,NEW_DATA,3.574,81.489,163.6912
2026-06-01 08:38:20.732,NEW_DATA,3.5758,81.5019,163.6912
2026-06-01 08:38:20.764,NEW_DATA,3.5706,81.5149,163.6912
2026-06-01 08:38:20.796,NEW_DATA,3.5685,81.5279,163.6912
2026-06-01 08:38:20.826,NEW_DATA,3.5706,81.5409,163.6912
2026-06-01 08:38:20.857,NEW_DATA,3.5706,81.5539,163.6912
2026-06-01 08:38:20.888,NEW_DATA,3.574,81.567,163.6912
2026-06-01 08:38:20.919,NEW_DATA,3.5768,81.5802,163.6912
2026-06-01 08:38:20.952,NEW_DATA,3.5747,81.5933,163.6912
2026-06-01 08:38:20.983,NEW_DATA,3.5761,81.6066,163.6912
2026-06-01 08:38:21.014,NEW_DATA,3.5737,81.6198,163.6912
2026-06-01 08:38:21.045,NEW_DATA,3.5737,81.6331,163.6912
2026-06-01 08:38:21.076,NEW_DATA,3.5723,81.6465,163.6912
2026-06-01 08:38:21.107,NEW_DATA,3.5692,81.6598,163.6912
2026-06-01 08:38:21.140,NEW_DATA,3.5709,81.68,163.6912
2026-06-01 08:38:21.171,NEW_DATA,3.5719,81.6867,163.6912
2026-06-01 08:38:21.203,NEW_DATA,3.5733,81.7002,163.6912
2026-06-01 08:38:21.234,NEW_DATA,3.5737,81.7138,163.6912
2026-06-01 08:38:21.265,NEW_DATA,3.5765,81.7274,163.6912
2026-06-01 08:38:21.296,NEW_DATA,3.5761,81.741,163.6912
2026-06-01 08:38:21.329,NEW_DATA,3.5719,81.7547,163.6912
2026-06-01 08:38:21.359,NEW_DATA,3.5733,81.7685,163.6912
2026-06-01 08:38:21.390,NEW_DATA,3.5713,81.7822,163.6912
2026-06-01 08:38:21.421,NEW_DATA,3.5699,81.7961,163.6912
2026-06-01 08:38:21.452,NEW_DATA,3.5706,81.8099,163.6912
2026-06-01 08:38:21.483,NEW_DATA,3.574,81.8239,163.6912
2026-06-01 08:38:21.514,NEW_DATA,3.5751,81.8378,163.6912
2026-06-01 08:38:21.545,NEW_DATA,3.574,81.8519,163.6912
2026-06-01 08:38:21.576,NEW_DATA,3.5803,81.8659,163.6912
2026-06-01 08:38:21.607,NEW_DATA,3.5747,81.88,163.6912
2026-06-01 08:38:21.639,NEW_DATA,3.5761,81.8942,163.6912
2026-06-01 08:38:21.671,NEW_DATA,3.5733,81.9084,163.6912
2026-06-01 08:38:21.704,NEW_DATA,3.5699,81.9299,163.6912
2026-06-01 08:38:21.736,NEW_DATA,3.5706,81.937,163.6912
2026-06-01 08:38:21.769,NEW_DATA,3.5688,81.9514,163.6912
2026-06-01 08:38:21.799,NEW_DATA,3.5723,81.9658,163.6912
2026-06-01 08:38:21.831,NEW_DATA,3.5723,81.9803,163.6912
2026-06-01 08:38:21.861,NEW_DATA,3.5761,81.9948,163.6912
2026-06-01 08:38:21.893,NEW_DATA,3.5754,82.0094,163.6912
2026-06-01 08:38:21.924,NEW_DATA,3.5747,82.0241,163.6912
2026-06-01 08:38:21.955,NEW_DATA,3.5768,82.0388,163.6912
2026-06-01 08:38:21.986,NEW_DATA,3.5765,82.0535,163.6912
2026-06-01 08:38:22.015,NEW_DATA,3.5737,82.0683,163.6912
2026-06-01 08:38:22.047,NEW_DATA,3.5719,82.0832,163.6912
2026-06-01 08:38:22.078,NEW_DATA,3.5792,82.0981,163.6912
2026-06-01 08:38:22.108,NEW_DATA,3.5775,82.1131,163.6912
2026-06-01 08:38:22.141,NEW_DATA,3.5782,82.1282,163.6912
2026-06-01 08:38:22.172,NEW_DATA,3.582,82.1433,163.6912
2026-06-01 08:38:22.203,NEW_DATA,3.583,82.1584,163.6912
2026-06-01 08:38:22.234,NEW_DATA,3.5834,82.1736,163.6912
2026-06-01 08:38:22.264,NEW_DATA,3.5806,82.1889,163.6912
2026-06-01 08:38:22.296,NEW_DATA,3.583,82.2043,163.6912
2026-06-01 08:38:22.326,NEW_DATA,3.5778,82.2197,163.6912
2026-06-01 08:38:22.358,NEW_DATA,3.5792,82.2351,163.6912
2026-06-01 08:38:22.389,NEW_DATA,3.5761,82.2584,163.6912
2026-06-01 08:38:22.419,NEW_DATA,3.5789,82.2662,163.6912
2026-06-01 08:38:22.451,NEW_DATA,3.5778,82.2819,163.6912
2026-06-01 08:38:22.482,NEW_DATA,3.5796,82.2976,163.6912
2026-06-01 08:38:22.513,NEW_DATA,3.5823,82.3134,163.6912
2026-06-01 08:38:22.545,NEW_DATA,3.5817,82.3292,163.6912
2026-06-01 08:38:22.576,NEW_DATA,3.5768,82.3452,163.6912
2026-06-01 08:38:22.607,NEW_DATA,3.5751,82.3611,163.6912
2026-06-01 08:38:22.638,NEW_DATA,3.5747,82.3772,163.6912
2026-06-01 08:38:22.669,NEW_DATA,3.5747,82.3933,163.6912
2026-06-01 08:38:22.700,NEW_DATA,3.5733,82.4095,163.6912
2026-06-01 08:38:22.732,NEW_DATA,3.5737,82.4257,161.476
2026-06-01 08:38:22.762,NEW_DATA,3.5775,82.4421,161.476
2026-06-01 08:38:22.793,NEW_DATA,3.5789,82.4586,161.476
2026-06-01 08:38:22.824,NEW_DATA,3.5775,82.4752,161.476
2026-06-01 08:38:22.856,NEW_DATA,3.581,82.492,161.476
2026-06-01 08:38:22.887,NEW_DATA,3.5765,82.5089,161.476
2026-06-01 08:38:22.921,NEW_DATA,3.5789,82.5259,161.476
2026-06-01 08:38:22.952,NEW_DATA,3.574,82.543,161.476
2026-06-01 08:38:22.982,NEW_DATA,3.5733,82.5603,161.476
2026-06-01 08:38:23.013,NEW_DATA,3.5733,82.5777,161.476
2026-06-01 08:38:23.045,NEW_DATA,3.5775,82.5952,161.476
2026-06-01 08:38:23.076,NEW_DATA,3.5761,82.6128,161.476
2026-06-01 08:38:23.107,NEW_DATA,3.5754,82.6305,161.476
2026-06-01 08:38:23.139,NEW_DATA,3.5792,82.6484,161.476
2026-06-01 08:38:23.169,NEW_DATA,3.5792,82.6664,161.476
2026-06-01 08:38:23.200,NEW_DATA,3.5768,82.6845,161.476
2026-06-01 08:38:23.232,NEW_DATA,3.5751,82.7027,161.476
2026-06-01 08:38:23.262,NEW_DATA,3.5768,82.721,161.476
2026-06-01 08:38:23.292,NEW_DATA,3.5723,82.7395,161.476
2026-06-01 08:38:23.323,NEW_DATA,3.5719,82.758,161.476
2026-06-01 08:38:23.355,NEW_DATA,3.5723,82.7767,161.476
2026-06-01 08:38:23.387,NEW_DATA,3.5761,82.7955,161.476
2026-06-01 08:38:23.420,NEW_DATA,3.5775,82.8144,161.476
2026-06-01 08:38:23.452,NEW_DATA,3.5789,82.8334,161.476
2026-06-01 08:38:23.482,NEW_DATA,3.5789,82.8525,161.476
2026-06-01 08:38:23.513,NEW_DATA,3.5775,82.8717,161.476
2026-06-01 08:38:23.544,NEW_DATA,3.5765,82.8911,161.476
2026-06-01 08:38:23.575,NEW_DATA,3.5733,82.9105,161.476
2026-06-01 08:38:23.606,NEW_DATA,3.5723,82.93,161.476
2026-06-01 08:38:23.638,NEW_DATA,3.5733,82.9497,161.476
2026-06-01 08:38:23.669,NEW_DATA,3.5765,82.9694,161.476
2026-06-01 08:38:23.701,NEW_DATA,3.5754,82.9893,161.476
2026-06-01 08:38:23.731,NEW_DATA,3.5751,83.0092,161.476
2026-06-01 08:38:23.762,NEW_DATA,3.5775,83.0293,161.476
2026-06-01 08:38:23.793,NEW_DATA,3.5789,83.0495,161.476
2026-06-01 08:38:23.824,NEW_DATA,3.5789,83.0697,161.476
2026-06-01 08:38:23.855,NEW_DATA,3.5765,83.0901,161.476
2026-06-01 08:38:23.886,NEW_DATA,3.5726,83.1105,161.476
2026-06-01 08:38:23.917,NEW_DATA,3.5747,83.1311,161.476
2026-06-01 08:38:23.949,NEW_DATA,3.5706,83.1621,161.476
2026-06-01 08:38:23.980,NEW_DATA,3.5765,83.1725,161.476
2026-06-01 08:38:24.012,NEW_DATA,3.5782,83.1933,161.476
2026-06-01 08:38:24.044,NEW_DATA,3.5796,83.2142,161.476
2026-06-01 08:38:24.074,NEW_DATA,3.5823,83.2353,161.476
2026-06-01 08:38:24.105,NEW_DATA,3.5823,83.2564,161.476
2026-06-01 08:38:24.136,NEW_DATA,3.5768,83.2776,161.476
2026-06-01 08:38:24.167,NEW_DATA,3.5761,83.2989,161.476
2026-06-01 08:38:24.198,NEW_DATA,3.5768,83.3203,161.476
2026-06-01 08:38:24.229,NEW_DATA,3.5706,83.3417,161.476
2026-06-01 08:38:24.260,NEW_DATA,3.5713,83.3633,161.476
2026-06-01 08:38:24.290,NEW_DATA,3.5737,83.3849,161.476
2026-06-01 08:38:24.322,NEW_DATA,3.5775,83.4067,161.476
2026-06-01 08:38:24.354,NEW_DATA,3.5782,83.4285,161.476
2026-06-01 08:38:24.385,NEW_DATA,3.5817,83.4504,161.476
2026-06-01 08:38:24.414,NEW_DATA,3.5782,83.4724,161.476
2026-06-01 08:38:24.446,NEW_DATA,3.5775,83.4944,161.476
2026-06-01 08:38:24.477,NEW_DATA,3.5754,83.5166,161.476
2026-06-01 08:38:24.508,NEW_DATA,3.5737,83.5388,161.476
2026-06-01 08:38:24.539,NEW_DATA,3.5719,83.5611,161.476
2026-06-01 08:38:24.571,NEW_DATA,3.5754,83.5835,161.476
2026-06-01 08:38:24.602,NEW_DATA,3.5754,83.6059,161.476
2026-06-01 08:38:24.633,NEW_DATA,3.5799,83.6284,161.476
2026-06-01 08:38:24.663,NEW_DATA,3.5817,83.651,161.476
2026-06-01 08:38:24.696,NEW_DATA,3.5785,83.6737,161.476
2026-06-01 08:38:24.726,NEW_DATA,3.5796,83.6965,161.476
2026-06-01 08:38:24.757,NEW_DATA,3.5775,83.7193,161.476
2026-06-01 08:38:24.788,NEW_DATA,3.5782,83.7422,161.476
2026-06-01 08:38:24.818,NEW_DATA,3.574,83.7652,161.476
2026-06-01 08:38:24.849,NEW_DATA,3.5733,83.7882,161.476
2026-06-01 08:38:24.881,NEW_DATA,3.574,83.8113,161.476
2026-06-01 08:38:24.911,NEW_DATA,3.5768,83.8345,161.476
2026-06-01 08:38:24.942,NEW_DATA,3.5775,83.8577,161.476
2026-06-01 08:38:24.973,NEW_DATA,3.5796,83.881,161.476
2026-06-01 08:38:25.004,NEW_DATA,3.5792,83.9044,161.476
2026-06-01 08:38:25.036,NEW_DATA,3.5803,83.9278,161.476
2026-06-01 08:38:25.068,NEW_DATA,3.5775,83.9631,161.476
2026-06-01 08:38:25.099,NEW_DATA,3.5768,83.9749,161.476
2026-06-01 08:38:25.131,NEW_DATA,3.5744,83.9985,161.476
2026-06-01 08:38:25.161,NEW_DATA,3.5747,84.0221,161.476
2026-06-01 08:38:25.191,NEW_DATA,3.574,84.0459,161.476
2026-06-01 08:38:25.223,NEW_DATA,3.5775,84.0697,161.476
2026-06-01 08:38:25.254,NEW_DATA,3.5796,84.0935,161.476
2026-06-01 08:38:25.286,NEW_DATA,3.5796,84.1174,161.476
2026-06-01 08:38:25.316,NEW_DATA,3.5803,84.1414,161.476
2026-06-01 08:38:25.348,NEW_DATA,3.5796,84.1654,161.476
2026-06-01 08:38:25.379,NEW_DATA,3.5789,84.1895,161.476
2026-06-01 08:38:25.410,NEW_DATA,3.5792,84.2136,161.476
2026-06-01 08:38:25.441,NEW_DATA,3.5754,84.2378,161.476
2026-06-01 08:38:25.471,NEW_DATA,3.5751,84.262,161.476
2026-06-01 08:38:25.504,NEW_DATA,3.5751,84.2984,161.476
2026-06-01 08:38:25.535,NEW_DATA,3.5737,84.3106,161.476
2026-06-01 08:38:25.564,NEW_DATA,3.5803,84.3349,161.476
2026-06-01 08:38:25.597,NEW_DATA,3.5792,84.3593,161.476
2026-06-01 08:38:25.628,NEW_DATA,3.5803,84.3838,161.476
2026-06-01 08:38:25.658,NEW_DATA,3.583,84.4083,161.476
2026-06-01 08:38:25.690,NEW_DATA,3.5778,84.4328,161.476
2026-06-01 08:38:25.721,NEW_DATA,3.5782,84.4574,161.476
2026-06-01 08:38:25.751,NEW_DATA,3.5761,84.482,161.476
2026-06-01 08:38:25.782,NEW_DATA,3.5747,84.5067,161.476
2026-06-01 08:38:25.813,NEW_DATA,3.5754,84.5314,161.476
2026-06-01 08:38:25.844,NEW_DATA,3.5733,84.5561,161.476
2026-06-01 08:38:25.875,NEW_DATA,3.5782,84.5809,161.476
2026-06-01 08:38:25.907,NEW_DATA,3.5844,84.6057,161.476
2026-06-01 08:38:25.938,NEW_DATA,3.5803,84.6306,161.476
2026-06-01 08:38:25.969,NEW_DATA,3.583,84.6554,161.476
2026-06-01 08:38:26.001,NEW_DATA,3.5796,84.6804,161.476
2026-06-01 08:38:26.033,NEW_DATA,3.5803,84.7053,161.476
2026-06-01 08:38:26.062,NEW_DATA,3.5782,84.7303,161.476
2026-06-01 08:38:26.094,NEW_DATA,3.5751,84.7553,161.476
2026-06-01 08:38:26.125,NEW_DATA,3.5782,84.7803,161.476
2026-06-01 08:38:26.156,NEW_DATA,3.5775,84.8054,161.476
2026-06-01 08:38:26.186,NEW_DATA,3.5775,84.8305,161.476
2026-06-01 08:38:26.217,NEW_DATA,3.5803,84.8556,161.476
2026-06-01 08:38:26.247,NEW_DATA,3.5803,84.8807,161.476
2026-06-01 08:38:26.278,NEW_DATA,3.582,84.9059,161.476
2026-06-01 08:38:26.309,NEW_DATA,3.5817,84.9311,161.476
2026-06-01 08:38:26.340,NEW_DATA,3.5789,84.9563,161.476
2026-06-01 08:38:26.371,NEW_DATA,3.5751,84.9815,161.476
2026-06-01 08:38:26.402,NEW_DATA,3.574,85.0068,161.476
2026-06-01 08:38:26.433,NEW_DATA,3.5761,85.032,161.476
2026-06-01 08:38:26.463,NEW_DATA,3.5778,85.0573,161.476
2026-06-01 08:38:26.494,NEW_DATA,3.5796,85.0826,161.476
2026-06-01 08:38:26.525,NEW_DATA,3.5817,85.1079,161.476
2026-06-01 08:38:26.558,NEW_DATA,3.5834,85.1459,161.476
2026-06-01 08:38:26.589,NEW_DATA,3.5851,85.1586,161.476
2026-06-01 08:38:26.621,NEW_DATA,3.5817,85.1839,161.476
2026-06-01 08:38:26.652,NEW_DATA,3.5789,85.2093,161.476
2026-06-01 08:38:26.685,NEW_DATA,3.5761,85.2347,161.476
2026-06-01 08:38:26.715,NEW_DATA,3.5789,85.2601,161.476
2026-06-01 08:38:26.746,NEW_DATA,3.573,85.2854,161.476
2026-06-01 08:38:26.777,NEW_DATA,3.5775,85.3108,161.476
2026-06-01 08:38:26.809,NEW_DATA,3.5796,85.3362,161.476
2026-06-01 08:38:26.838,NEW_DATA,3.581,85.3616,161.476
2026-06-01 08:38:26.870,NEW_DATA,3.5789,85.387,161.476
2026-06-01 08:38:26.901,NEW_DATA,3.5799,85.4125,161.476
2026-06-01 08:38:26.931,NEW_DATA,3.5796,85.4379,161.476
2026-06-01 08:38:26.963,NEW_DATA,3.5796,85.4633,161.476
2026-06-01 08:38:26.994,NEW_DATA,3.5782,85.4887,161.476
2026-06-01 08:38:27.025,NEW_DATA,3.5761,85.5141,161.476
2026-06-01 08:38:27.058,NEW_DATA,3.5751,85.5522,161.476
2026-06-01 08:38:27.089,NEW_DATA,3.5765,85.5649,161.476
2026-06-01 08:38:27.119,NEW_DATA,3.5775,85.5903,161.476
2026-06-01 08:38:27.150,NEW_DATA,3.5761,85.6156,161.476
2026-06-01 08:38:27.182,NEW_DATA,3.5817,85.641,161.476
2026-06-01 08:38:27.211,NEW_DATA,3.5823,85.6664,161.476
2026-06-01 08:38:27.242,NEW_DATA,3.5792,85.6917,161.476
2026-06-01 08:38:27.274,NEW_DATA,3.5775,85.7171,161.476
2026-06-01 08:38:27.305,NEW_DATA,3.5789,85.7424,161.476
2026-06-01 08:38:27.337,NEW_DATA,3.5761,85.7677,161.476
2026-06-01 08:38:27.369,NEW_DATA,3.5733,85.793,161.476
2026-06-01 08:38:27.400,NEW_DATA,3.5768,85.8183,161.476
2026-06-01 08:38:27.430,NEW_DATA,3.5778,85.8436,161.476
2026-06-01 08:38:27.461,NEW_DATA,3.5858,85.8689,161.476
2026-06-01 08:38:27.492,NEW_DATA,3.5817,85.8941,161.476
2026-06-01 08:38:27.524,NEW_DATA,3.5796,85.9193,161.476
2026-06-01 08:38:27.555,NEW_DATA,3.5803,85.9445,161.476
2026-06-01 08:38:27.587,NEW_DATA,3.5834,85.9697,161.476
2026-06-01 08:38:27.619,NEW_DATA,3.5792,85.9948,161.476
2026-06-01 08:38:27.649,NEW_DATA,3.5758,86.0199,161.476
2026-06-01 08:38:27.679,NEW_DATA,3.5744,86.045,161.476
2026-06-01 08:38:27.711,NEW_DATA,3.5775,86.0701,161.476
2026-06-01 08:38:27.742,NEW_DATA,3.5803,86.0951,161.476
2026-06-01 08:38:27.773,NEW_DATA,3.5796,86.1201,161.476
2026-06-01 08:38:27.805,NEW_DATA,3.5844,86.1451,161.476
2026-06-01 08:38:27.839,NEW_DATA,3.5813,86.17,161.476
2026-06-01 08:38:27.869,NEW_DATA,3.582,86.1949,161.476
2026-06-01 08:38:27.902,NEW_DATA,3.5761,86.2198,161.476
2026-06-01 08:38:27.930,NEW_DATA,3.5768,86.2446,161.476
2026-06-01 08:38:27.962,NEW_DATA,3.5768,86.2694,161.476
2026-06-01 08:38:27.993,NEW_DATA,3.5747,86.2942,161.476
2026-06-01 08:38:28.024,NEW_DATA,3.5758,86.3189,161.476
2026-06-01 08:38:28.056,NEW_DATA,3.5806,86.3436,161.476
2026-06-01 08:38:28.086,NEW_DATA,3.581,86.3682,161.476
2026-06-01 08:38:28.117,NEW_DATA,3.5844,86.3928,161.476
2026-06-01 08:38:28.151,NEW_DATA,3.5823,86.4174,161.476
2026-06-01 08:38:28.181,NEW_DATA,3.5796,86.4419,161.476
2026-06-01 08:38:28.212,NEW_DATA,3.5796,86.4664,161.476
2026-06-01 08:38:28.241,NEW_DATA,3.5775,86.4908,161.476
2026-06-01 08:38:28.274,NEW_DATA,3.5789,86.5151,161.476
2026-06-01 08:38:28.305,NEW_DATA,3.5761,86.5395,161.476
2026-06-01 08:38:28.336,NEW_DATA,3.5803,86.5637,161.476
2026-06-01 08:38:28.368,NEW_DATA,3.5799,86.6,161.476
2026-06-01 08:38:28.399,NEW_DATA,3.5848,86.6121,161.476
2026-06-01 08:38:28.431,NEW_DATA,3.5775,86.6362,161.476
2026-06-01 08:38:28.463,NEW_DATA,3.583,86.6602,161.476
2026-06-01 08:38:28.493,NEW_DATA,3.5823,86.6842,161.476
2026-06-01 08:38:28.524,NEW_DATA,3.5778,86.7081,161.476
2026-06-01 08:38:28.557,NEW_DATA,3.5751,86.732,161.476
2026-06-01 08:38:28.588,NEW_DATA,3.5775,86.7558,161.476
2026-06-01 08:38:28.619,NEW_DATA,3.5768,86.7914,161.476
2026-06-01 08:38:28.652,NEW_DATA,3.5803,86.8032,161.476
2026-06-01 08:38:28.682,NEW_DATA,3.5789,86.8268,161.476
2026-06-01 08:38:28.714,NEW_DATA,3.5817,86.8504,161.476
2026-06-01 08:38:28.744,NEW_DATA,3.581,86.8739,161.476
2026-06-01 08:38:28.775,NEW_DATA,3.5834,86.909,161.476
2026-06-01 08:38:28.806,NEW_DATA,3.5803,86.9206,161.476
2026-06-01 08:38:28.836,NEW_DATA,3.5806,86.9439,161.476
2026-06-01 08:38:28.869,NEW_DATA,3.5782,86.9671,161.476
2026-06-01 08:38:28.900,NEW_DATA,3.5768,86.9902,161.476
2026-06-01 08:38:28.940,NEW_DATA,3.5768,87.0133,161.476
2026-06-01 08:38:28.963,NEW_DATA,3.5789,87.0477,161.476
2026-06-01 08:38:28.992,NEW_DATA,3.5834,87.0705,161.476
2026-06-01 08:38:29.023,NEW_DATA,3.5817,87.0819,161.476
2026-06-01 08:38:29.054,NEW_DATA,3.5837,87.116,161.476
2026-06-01 08:38:29.085,NEW_DATA,3.5817,87.1273,161.476
2026-06-01 08:38:29.118,NEW_DATA,3.5803,87.1499,161.476
2026-06-01 08:38:29.150,NEW_DATA,3.5806,87.1724,161.476
2026-06-01 08:38:29.180,NEW_DATA,3.5775,87.1948,161.476
2026-06-01 08:38:29.210,NEW_DATA,3.5775,87.2171,161.476
2026-06-01 08:38:29.242,NEW_DATA,3.5792,87.2393,161.476
2026-06-01 08:38:29.272,NEW_DATA,3.5775,87.2615,161.476
2026-06-01 08:38:29.304,NEW_DATA,3.5817,87.2835,161.476
2026-06-01 08:38:29.335,NEW_DATA,3.5823,87.3055,161.476
2026-06-01 08:38:29.366,NEW_DATA,3.5858,87.3274,161.476
2026-06-01 08:38:29.399,NEW_DATA,3.5837,87.3491,161.476
2026-06-01 08:38:29.430,NEW_DATA,3.5817,87.3708,161.476
2026-06-01 08:38:29.462,NEW_DATA,3.5796,87.3924,161.476
2026-06-01 08:38:29.491,NEW_DATA,3.5848,87.4139,161.476
2026-06-01 08:38:29.522,NEW_DATA,3.5803,87.4352,161.476
2026-06-01 08:38:29.554,NEW_DATA,3.5789,87.4565,161.476
2026-06-01 08:38:29.584,NEW_DATA,3.5778,87.4777,161.476
2026-06-01 08:38:29.616,NEW_DATA,3.582,87.4988,161.476
2026-06-01 08:38:29.646,NEW_DATA,3.583,87.5197,161.476
2026-06-01 08:38:29.678,NEW_DATA,3.5837,87.5406,161.476
2026-06-01 08:38:29.710,NEW_DATA,3.583,87.5614,161.476
2026-06-01 08:38:29.740,NEW_DATA,3.5837,87.582,161.476
2026-06-01 08:38:29.771,NEW_DATA,3.5771,87.6128,161.476
2026-06-01 08:38:29.804,NEW_DATA,3.5803,87.623,161.476
2026-06-01 08:38:29.834,NEW_DATA,3.5782,87.6433,161.476
2026-06-01 08:38:29.866,NEW_DATA,3.5789,87.6635,161.476
2026-06-01 08:38:29.897,NEW_DATA,3.5792,87.6836,161.476
2026-06-01 08:38:29.939,NEW_DATA,3.583,87.7035,161.476
2026-06-01 08:38:29.975,NEW_DATA,3.583,87.7234,161.476
2026-06-01 08:38:30.012,NEW_DATA,3.5837,87.7431,161.476
2026-06-01 08:38:30.066,NEW_DATA,3.5851,87.7627,161.476
2026-06-01 08:38:30.126,NEW_DATA,3.583,87.7725,161.476
2026-06-01 08:38:30.207,NEW_DATA,3.5837,87.7822,161.476
2026-06-01 08:38:30.243,NEW_DATA,3.5806,87.8112,161.476
2026-06-01 08:38:30.275,NEW_DATA,3.5796,87.8304,161.476
2026-06-01 08:38:30.313,NEW_DATA,3.5775,87.8589,161.476
2026-06-01 08:38:30.335,NEW_DATA,3.5782,87.8778,161.476
2026-06-01 08:38:30.371,NEW_DATA,3.5796,87.8872,161.476
2026-06-01 08:38:30.396,NEW_DATA,3.5834,87.9058,161.476
2026-06-01 08:38:30.427,NEW_DATA,3.5858,87.9244,161.476
2026-06-01 08:38:30.458,NEW_DATA,3.5844,87.9428,161.476
2026-06-01 08:38:30.489,NEW_DATA,3.5858,87.9611,161.476
2026-06-01 08:38:30.520,NEW_DATA,3.5837,87.9882,161.476
2026-06-01 08:38:30.551,NEW_DATA,3.5803,87.9972,161.476
2026-06-01 08:38:30.583,NEW_DATA,3.5792,88.015,161.476
2026-06-01 08:38:30.612,NEW_DATA,3.5796,88.0328,161.476
2026-06-01 08:38:30.644,NEW_DATA,3.5803,88.0503,161.476
2026-06-01 08:38:30.673,NEW_DATA,3.583,88.0678,161.476
2026-06-01 08:38:30.704,NEW_DATA,3.5837,88.0851,161.476
2026-06-01 08:38:30.736,NEW_DATA,3.5844,88.1022,161.476
2026-06-01 08:38:30.768,NEW_DATA,3.5851,88.1192,161.476
2026-06-01 08:38:30.797,NEW_DATA,3.5848,88.136,161.476
2026-06-01 08:38:30.828,NEW_DATA,3.582,88.1527,161.476
2026-06-01 08:38:30.859,NEW_DATA,3.5827,88.1693,161.476
2026-06-01 08:38:30.888,NEW_DATA,3.5858,88.1857,161.476
2026-06-01 08:38:30.920,NEW_DATA,3.5789,88.2019,161.476
2026-06-01 08:38:30.952,NEW_DATA,3.583,88.218,161.476
2026-06-01 08:38:30.984,NEW_DATA,3.5792,88.234,161.476
2026-06-01 08:38:31.016,NEW_DATA,3.583,88.2498,161.476
2026-06-01 08:38:31.045,NEW_DATA,3.5844,88.2654,161.476
2026-06-01 08:38:31.076,NEW_DATA,3.5844,88.2808,161.476
2026-06-01 08:38:31.106,NEW_DATA,3.583,88.2961,161.476
2026-06-01 08:38:31.138,NEW_DATA,3.5823,88.3113,161.476
2026-06-01 08:38:31.171,NEW_DATA,3.5827,88.3263,161.476
2026-06-01 08:38:31.201,NEW_DATA,3.5761,88.3411,161.476
2026-06-01 08:38:31.233,NEW_DATA,3.5768,88.3557,161.476
2026-06-01 08:38:31.263,NEW_DATA,3.5799,88.3702,161.476
2026-06-01 08:38:31.293,NEW_DATA,3.5803,88.3845,161.476
2026-06-01 08:38:31.324,NEW_DATA,3.5848,88.3986,161.476
2026-06-01 08:38:31.355,NEW_DATA,3.5858,88.4126,161.476
2026-06-01 08:38:31.387,NEW_DATA,3.5848,88.4264,161.476
2026-06-01 08:38:31.418,NEW_DATA,3.5817,88.4467,161.476
2026-06-01 08:38:31.449,NEW_DATA,3.583,88.4534,161.476
2026-06-01 08:38:31.479,NEW_DATA,3.5806,88.4667,161.476
2026-06-01 08:38:31.511,NEW_DATA,3.5789,88.4798,161.476
2026-06-01 08:38:31.542,NEW_DATA,3.5782,88.4927,161.476
2026-06-01 08:38:31.573,NEW_DATA,3.583,88.5054,161.476
2026-06-01 08:38:31.605,NEW_DATA,3.5817,88.518,161.476
2026-06-01 08:38:31.636,NEW_DATA,3.583,88.5303,161.476
2026-06-01 08:38:31.667,NEW_DATA,3.5817,88.5425,161.476
2026-06-01 08:38:31.697,NEW_DATA,3.5837,88.5545,161.476
2026-06-01 08:38:31.728,NEW_DATA,3.5844,88.5663,161.476
2026-06-01 08:38:31.760,NEW_DATA,3.5803,88.5779,161.476
2026-06-01 08:38:31.790,NEW_DATA,3.581,88.5893,161.476
2026-06-01 08:38:31.821,NEW_DATA,3.582,88.6005,161.476
2026-06-01 08:38:31.854,NEW_DATA,3.5789,88.617,161.476
2026-06-01 08:38:31.884,NEW_DATA,3.5817,88.6224,161.476
2026-06-01 08:38:31.914,NEW_DATA,3.5837,88.6331,161.476
2026-06-01 08:38:31.945,NEW_DATA,3.5823,88.6435,161.476
2026-06-01 08:38:31.977,NEW_DATA,3.5848,88.6538,161.476
2026-06-01 08:38:32.008,NEW_DATA,3.5848,88.6638,161.476
2026-06-01 08:38:32.041,NEW_DATA,3.5827,88.6737,161.476
2026-06-01 08:38:32.074,NEW_DATA,3.5817,88.6833,161.476
2026-06-01 08:38:32.104,NEW_DATA,3.5813,88.6928,161.476
2026-06-01 08:38:32.134,NEW_DATA,3.5792,88.702,161.476
2026-06-01 08:38:32.167,NEW_DATA,3.5789,88.711,161.476
2026-06-01 08:38:32.196,NEW_DATA,3.5778,88.7199,161.476
2026-06-01 08:38:32.227,NEW_DATA,3.581,88.7285,161.476
2026-06-01 08:38:32.258,NEW_DATA,3.5837,88.7369,161.476
2026-06-01 08:38:32.291,NEW_DATA,3.5865,88.7451,161.476
2026-06-01 08:38:32.324,NEW_DATA,3.5844,88.7531,161.476
2026-06-01 08:38:32.355,NEW_DATA,3.5844,88.7608,161.476
2026-06-01 08:38:32.386,NEW_DATA,3.581,88.7684,161.476
2026-06-01 08:38:32.417,NEW_DATA,3.5817,88.7757,161.476
2026-06-01 08:38:32.448,NEW_DATA,3.5796,88.7828,161.476
2026-06-01 08:38:32.478,NEW_DATA,3.5789,88.7897,161.476
2026-06-01 08:38:32.509,NEW_DATA,3.5796,88.7964,161.476
2026-06-01 08:38:32.540,NEW_DATA,3.583,88.8029,161.476
2026-06-01 08:38:32.571,NEW_DATA,3.5823,88.8091,161.476
2026-06-01 08:38:32.602,NEW_DATA,3.5862,88.8151,161.476
2026-06-01 08:38:32.634,NEW_DATA,3.5889,88.8209,161.476
2026-06-01 08:38:32.665,NEW_DATA,3.59,88.8265,161.476
2026-06-01 08:38:32.695,NEW_DATA,3.5858,88.8318,161.476
2026-06-01 08:38:32.727,NEW_DATA,3.5837,88.8369,161.476
2026-06-01 08:38:32.758,NEW_DATA,3.5851,88.8418,161.476
2026-06-01 08:38:32.791,NEW_DATA,3.583,88.8464,161.476
2026-06-01 08:38:32.823,NEW_DATA,3.5879,88.8508,161.476
2026-06-01 08:38:32.854,NEW_DATA,3.5865,88.855,161.476
2026-06-01 08:38:32.886,NEW_DATA,3.5931,88.8589,161.476
2026-06-01 08:38:32.918,NEW_DATA,3.5941,88.8626,161.476
2026-06-01 08:38:32.950,NEW_DATA,3.5928,88.8677,161.476
2026-06-01 08:38:32.981,NEW_DATA,3.5945,88.8693,161.476
2026-06-01 08:38:33.011,NEW_DATA,3.5872,88.8723,161.476
2026-06-01 08:38:33.042,NEW_DATA,3.5823,88.875,161.476
2026-06-01 08:38:33.074,NEW_DATA,3.5837,88.8775,161.476
2026-06-01 08:38:33.105,NEW_DATA,3.581,88.8798,161.476
2026-06-01 08:38:33.136,NEW_DATA,3.5844,88.8818,161.476
2026-06-01 08:38:33.167,NEW_DATA,3.5851,88.8835,161.476
2026-06-01 08:38:33.197,NEW_DATA,3.5872,88.8851,161.476
2026-06-01 08:38:33.228,NEW_DATA,3.5865,88.8863,161.476
2026-06-01 08:38:33.259,NEW_DATA,3.5886,88.8873,161.476
2026-06-01 08:38:33.290,NEW_DATA,3.5872,88.8881,161.476
2026-06-01 08:38:33.321,NEW_DATA,3.5844,88.8886,161.476
2026-06-01 08:38:33.352,NEW_DATA,3.5872,88.8889,161.476
2026-06-01 08:38:33.383,NEW_DATA,3.5806,88.8888,159.4044
2026-06-01 08:38:33.413,NEW_DATA,3.583,88.8879,159.4044
2026-06-01 08:38:33.444,NEW_DATA,3.583,88.8873,159.4044
2026-06-01 08:38:33.474,NEW_DATA,3.5889,88.8858,159.4044
2026-06-01 08:38:33.506,NEW_DATA,3.5872,88.8838,159.4044
2026-06-01 08:38:33.536,NEW_DATA,3.5886,88.8813,159.4044
2026-06-01 08:38:33.568,NEW_DATA,3.59,88.8783,159.4044
2026-06-01 08:38:33.600,NEW_DATA,3.59,88.8748,159.4044
2026-06-01 08:38:33.631,NEW_DATA,3.5837,88.8708,159.4044
2026-06-01 08:38:33.661,NEW_DATA,3.5827,88.8664,159.4044
2026-06-01 08:38:33.692,NEW_DATA,3.5817,88.8614,159.4044
2026-06-01 08:38:33.725,NEW_DATA,3.5817,88.8559,159.4044
2026-06-01 08:38:33.755,NEW_DATA,3.5834,88.85,159.4044
2026-06-01 08:38:33.786,NEW_DATA,3.5872,88.8436,159.4044
2026-06-01 08:38:33.818,NEW_DATA,3.5862,88.8367,159.4044
2026-06-01 08:38:33.849,NEW_DATA,3.5879,88.8294,159.4044
2026-06-01 08:38:33.879,NEW_DATA,3.5889,88.8215,159.4044
2026-06-01 08:38:33.910,NEW_DATA,3.5879,88.8132,159.4044
2026-06-01 08:38:33.942,NEW_DATA,3.5851,88.8044,159.4044
2026-06-01 08:38:33.973,NEW_DATA,3.583,88.7952,159.4044
2026-06-01 08:38:34.005,NEW_DATA,3.5844,88.7854,159.4044
2026-06-01 08:38:34.036,NEW_DATA,3.5817,88.7752,159.4044
2026-06-01 08:38:34.067,NEW_DATA,3.5841,88.7646,159.4044
2026-06-01 08:38:34.099,NEW_DATA,3.5851,88.7535,159.4044
2026-06-01 08:38:34.130,NEW_DATA,3.59,88.7419,159.4044
2026-06-01 08:38:34.161,NEW_DATA,3.59,88.7299,159.4044
2026-06-01 08:38:34.191,NEW_DATA,3.5872,88.7174,159.4044
2026-06-01 08:38:34.224,NEW_DATA,3.5875,88.7045,159.4044
2026-06-01 08:38:34.255,NEW_DATA,3.5858,88.6911,159.4044
2026-06-01 08:38:34.287,NEW_DATA,3.5848,88.6773,159.4044
2026-06-01 08:38:34.319,NEW_DATA,3.583,88.663,159.4044
2026-06-01 08:38:34.348,NEW_DATA,3.5858,88.6483,159.4044
2026-06-01 08:38:34.380,NEW_DATA,3.5886,88.6254,159.4044
2026-06-01 08:38:34.410,NEW_DATA,3.59,88.6175,159.4044
2026-06-01 08:38:34.441,NEW_DATA,3.5851,88.6015,159.4044
2026-06-01 08:38:34.475,NEW_DATA,3.5862,88.585,159.4044
2026-06-01 08:38:34.506,NEW_DATA,3.5907,88.5681,159.4044
2026-06-01 08:38:34.538,NEW_DATA,3.5865,88.5508,159.4044
2026-06-01 08:38:34.568,NEW_DATA,3.5889,88.533,159.4044
2026-06-01 08:38:34.600,NEW_DATA,3.5862,88.5148,159.4044
2026-06-01 08:38:34.631,NEW_DATA,3.5844,88.4962,159.4044
2026-06-01 08:38:34.661,NEW_DATA,3.5834,88.4772,159.4044
2026-06-01 08:38:34.692,NEW_DATA,3.5858,88.4578,159.4044
2026-06-01 08:38:34.723,NEW_DATA,3.5872,88.4379,159.4044
2026-06-01 08:38:34.754,NEW_DATA,3.5886,88.4176,159.4044
2026-06-01 08:38:34.786,NEW_DATA,3.59,88.397,159.4044
2026-06-01 08:38:34.817,NEW_DATA,3.59,88.3759,159.4044
2026-06-01 08:38:34.850,NEW_DATA,3.5875,88.3544,159.4044
2026-06-01 08:38:34.878,NEW_DATA,3.5879,88.3325,159.4044
2026-06-01 08:38:34.909,NEW_DATA,3.5879,88.3102,159.4044
2026-06-01 08:38:34.940,NEW_DATA,3.5865,88.2875,159.4044
2026-06-01 08:38:34.972,NEW_DATA,3.5813,88.2527,159.4044
2026-06-01 08:38:35.002,NEW_DATA,3.5872,88.2409,159.4044
2026-06-01 08:38:35.034,NEW_DATA,3.5893,88.217,159.4044
2026-06-01 08:38:35.066,NEW_DATA,3.5921,88.1927,159.4044
2026-06-01 08:38:35.096,NEW_DATA,3.5893,88.1681,159.4044
2026-06-01 08:38:35.127,NEW_DATA,3.5914,88.143,159.4044
2026-06-01 08:38:35.158,NEW_DATA,3.5903,88.1176,159.4044
2026-06-01 08:38:35.189,NEW_DATA,3.5886,88.0918,159.4044
2026-06-01 08:38:35.220,NEW_DATA,3.5851,88.0656,159.4044
2026-06-01 08:38:35.251,NEW_DATA,3.5841,88.0391,159.4044
2026-06-01 08:38:35.283,NEW_DATA,3.5886,88.0121,159.4044
2026-06-01 08:38:35.313,NEW_DATA,3.5858,87.9848,159.4044
2026-06-01 08:38:35.344,NEW_DATA,3.5907,87.9572,159.4044
2026-06-01 08:38:35.375,NEW_DATA,3.5907,87.9291,159.4044
2026-06-01 08:38:35.405,NEW_DATA,3.5903,87.9007,159.4044
2026-06-01 08:38:35.436,NEW_DATA,3.5938,87.872,159.4044
2026-06-01 08:38:35.468,NEW_DATA,3.5907,87.8429,159.4044
2026-06-01 08:38:35.500,NEW_DATA,3.5928,87.8134,159.4044
2026-06-01 08:38:35.531,NEW_DATA,3.5872,87.7836,159.4044
2026-06-01 08:38:35.561,NEW_DATA,3.5886,87.7534,159.4044
2026-06-01 08:38:35.592,NEW_DATA,3.5875,87.7229,159.4044
2026-06-01 08:38:35.625,NEW_DATA,3.5858,87.692,159.4044
2026-06-01 08:38:35.655,NEW_DATA,3.59,87.6608,159.4044
2026-06-01 08:38:35.686,NEW_DATA,3.5907,87.6293,159.4044
2026-06-01 08:38:35.718,NEW_DATA,3.5948,87.5974,159.4044
2026-06-01 08:38:35.750,NEW_DATA,3.5941,87.5652,159.4044
2026-06-01 08:38:35.782,NEW_DATA,3.599,87.5327,159.4044
2026-06-01 08:38:35.811,NEW_DATA,3.5941,87.4998,159.4044
2026-06-01 08:38:35.842,NEW_DATA,3.5914,87.4666,159.4044
2026-06-01 08:38:35.873,NEW_DATA,3.5882,87.4331,159.4044
2026-06-01 08:38:35.904,NEW_DATA,3.5862,87.3992,159.4044
2026-06-01 08:38:35.935,NEW_DATA,3.5872,87.365,159.4044
2026-06-01 08:38:35.968,NEW_DATA,3.5914,87.3306,159.4044
2026-06-01 08:38:35.998,NEW_DATA,3.5914,87.2957,159.4044
2026-06-01 08:38:36.030,NEW_DATA,3.5928,87.2606,159.4044
2026-06-01 08:38:36.061,NEW_DATA,3.5917,87.2252,159.4044
2026-06-01 08:38:36.092,NEW_DATA,3.5928,87.1895,159.4044
2026-06-01 08:38:36.124,NEW_DATA,3.5917,87.1535,159.4044
2026-06-01 08:38:36.155,NEW_DATA,3.5875,87.1171,159.4044
2026-06-01 08:38:36.187,NEW_DATA,3.5903,87.0805,159.4044
2026-06-01 08:38:36.216,NEW_DATA,3.5886,87.0435,159.4044
2026-06-01 08:38:36.246,NEW_DATA,3.5893,87.0063,159.4044
2026-06-01 08:38:36.278,NEW_DATA,3.5914,86.9688,159.4044
2026-06-01 08:38:36.309,NEW_DATA,3.5914,86.931,159.4044
2026-06-01 08:38:36.340,NEW_DATA,3.5921,86.8929,159.4044
2026-06-01 08:38:36.372,NEW_DATA,3.5952,86.8545,159.4044
2026-06-01 08:38:36.404,NEW_DATA,3.5934,86.8158,159.4044
2026-06-01 08:38:36.435,NEW_DATA,3.5955,86.7769,159.4044
2026-06-01 08:38:36.467,NEW_DATA,3.5917,86.7377,159.4044
2026-06-01 08:38:36.497,NEW_DATA,3.5875,86.6982,159.4044
2026-06-01 08:38:36.527,NEW_DATA,3.5886,86.6385,159.4044
2026-06-01 08:38:36.559,NEW_DATA,3.5872,86.6184,159.4044
2026-06-01 08:38:36.589,NEW_DATA,3.5948,86.5781,159.4044
2026-06-01 08:38:36.620,NEW_DATA,3.5969,86.5375,159.4044
2026-06-01 08:38:36.651,NEW_DATA,3.5962,86.4967,159.4044
2026-06-01 08:38:36.684,NEW_DATA,3.5973,86.4556,159.4044
2026-06-01 08:38:36.715,NEW_DATA,3.5928,86.4143,159.4044
2026-06-01 08:38:36.744,NEW_DATA,3.5914,86.3727,159.4044
2026-06-01 08:38:36.775,NEW_DATA,3.5928,86.3308,159.4044
2026-06-01 08:38:36.807,NEW_DATA,3.5893,86.2888,159.4044
2026-06-01 08:38:36.838,NEW_DATA,3.5914,86.2464,159.4044
2026-06-01 08:38:36.869,NEW_DATA,3.5938,86.2038,159.4044
2026-06-01 08:38:36.901,NEW_DATA,3.5907,86.161,159.4044
2026-06-01 08:38:36.932,NEW_DATA,3.5941,86.1179,159.4044
2026-06-01 08:38:36.963,NEW_DATA,3.5931,86.0746,159.4044
2026-06-01 08:38:36.994,NEW_DATA,3.6,86.0311,159.4044
2026-06-01 08:38:37.025,NEW_DATA,3.5952,85.9873,159.4044
2026-06-01 08:38:37.056,NEW_DATA,3.5928,85.9433,159.4044
2026-06-01 08:38:37.087,NEW_DATA,3.5928,85.8991,159.4044
2026-06-01 08:38:37.119,NEW_DATA,3.5921,85.8546,159.4044
2026-06-01 08:38:37.149,NEW_DATA,3.5889,85.81,159.4044
2026-06-01 08:38:37.180,NEW_DATA,3.5917,85.7651,159.4044
2026-06-01 08:38:37.211,NEW_DATA,3.5948,85.6973,159.4044
2026-06-01 08:38:37.243,NEW_DATA,3.5945,85.6746,159.4044
2026-06-01 08:38:37.275,NEW_DATA,3.5945,85.6291,159.4044
2026-06-01 08:38:37.308,NEW_DATA,3.5941,85.5834,159.4044
2026-06-01 08:38:37.339,NEW_DATA,3.5917,85.5374,159.4044
2026-06-01 08:38:37.371,NEW_DATA,3.5914,85.4912,159.4044
2026-06-01 08:38:37.403,NEW_DATA,3.5921,85.4449,159.4044
2026-06-01 08:38:37.433,NEW_DATA,3.5875,85.3983,159.4044
2026-06-01 08:38:37.465,NEW_DATA,3.5886,85.3516,159.4044
2026-06-01 08:38:37.495,NEW_DATA,3.5896,85.3046,159.4044
2026-06-01 08:38:37.525,NEW_DATA,3.5941,85.2574,159.4044
2026-06-01 08:38:37.557,NEW_DATA,3.5941,85.2101,159.4044
2026-06-01 08:38:37.588,NEW_DATA,3.5969,85.1626,159.4044
2026-06-01 08:38:37.619,NEW_DATA,3.5983,85.1149,159.4044
2026-06-01 08:38:37.651,NEW_DATA,3.5969,85.067,159.4044
2026-06-01 08:38:37.681,NEW_DATA,3.5928,85.0189,159.4044
2026-06-01 08:38:37.713,NEW_DATA,3.5907,84.9706,159.4044
2026-06-01 08:38:37.743,NEW_DATA,3.5914,84.9222,159.4044
2026-06-01 08:38:37.775,NEW_DATA,3.5907,84.8736,159.4044
2026-06-01 08:38:37.808,NEW_DATA,3.5886,84.8248,159.4044
2026-06-01 08:38:37.839,NEW_DATA,3.5928,84.7759,159.4044
2026-06-01 08:38:37.871,NEW_DATA,3.5955,84.7268,159.4044
2026-06-01 08:38:37.903,NEW_DATA,3.5993,84.6775,159.4044
2026-06-01 08:38:37.933,NEW_DATA,3.5986,84.628,159.4044
2026-06-01 08:38:37.965,NEW_DATA,3.5955,84.5784,159.4044
2026-06-01 08:38:37.995,NEW_DATA,3.5941,84.5287,159.4044
2026-06-01 08:38:38.027,NEW_DATA,3.5914,84.4788,159.4044
2026-06-01 08:38:38.059,NEW_DATA,3.5914,84.4287,159.4044
2026-06-01 08:38:38.090,NEW_DATA,3.59,84.3533,159.4044
2026-06-01 08:38:38.121,NEW_DATA,3.5914,84.3281,159.4044
2026-06-01 08:38:38.151,NEW_DATA,3.5955,84.2776,159.4044
2026-06-01 08:38:38.184,NEW_DATA,3.5962,84.2269,159.4044
2026-06-01 08:38:38.216,NEW_DATA,3.5997,84.1761,159.4044
2026-06-01 08:38:38.245,NEW_DATA,3.5945,84.1252,159.4044
2026-06-01 08:38:38.276,NEW_DATA,3.5983,84.0741,159.4044
2026-06-01 08:38:38.307,NEW_DATA,3.5928,84.0229,159.4044
2026-06-01 08:38:38.338,NEW_DATA,3.5948,83.9716,159.4044
2026-06-01 08:38:38.370,NEW_DATA,3.5907,83.9201,159.4044
2026-06-01 08:38:38.401,NEW_DATA,3.5955,83.8685,159.4044
2026-06-01 08:38:38.433,NEW_DATA,3.5928,83.8167,159.4044
2026-06-01 08:38:38.463,NEW_DATA,3.5931,83.7649,159.4044
2026-06-01 08:38:38.494,NEW_DATA,3.5986,83.7129,159.4044
2026-06-01 08:38:38.526,NEW_DATA,3.6004,83.6608,159.4044
2026-06-01 08:38:38.557,NEW_DATA,3.5969,83.6086,159.4044
2026-06-01 08:38:38.587,NEW_DATA,3.599,83.5563,159.4044
2026-06-01 08:38:38.619,NEW_DATA,3.5955,83.5038,159.4044
2026-06-01 08:38:38.650,NEW_DATA,3.5941,83.4513,159.4044
2026-06-01 08:38:38.681,NEW_DATA,3.5914,83.3986,159.4044
2026-06-01 08:38:38.713,NEW_DATA,3.5969,83.3194,159.4044
2026-06-01 08:38:38.742,NEW_DATA,3.5948,83.293,159.4044
2026-06-01 08:38:38.775,NEW_DATA,3.5962,83.24,159.4044
2026-06-01 08:38:38.806,NEW_DATA,3.5986,83.1869,159.4044
2026-06-01 08:38:38.836,NEW_DATA,3.599,83.1337,159.4044
2026-06-01 08:38:38.867,NEW_DATA,3.6011,83.0804,159.4044
2026-06-01 08:38:38.899,NEW_DATA,3.6018,83.0271,159.4044
2026-06-01 08:38:38.930,NEW_DATA,3.5969,82.9468,159.4044
2026-06-01 08:38:38.960,NEW_DATA,3.5955,82.9201,159.4044
2026-06-01 08:38:38.991,NEW_DATA,3.5941,82.8664,159.4044
2026-06-01 08:38:39.021,NEW_DATA,3.5955,82.8127,159.4044
2026-06-01 08:38:39.052,NEW_DATA,3.5945,82.7589,159.4044
2026-06-01 08:38:39.083,NEW_DATA,3.5962,82.705,159.4044
2026-06-01 08:38:39.115,NEW_DATA,3.6011,82.651,159.4044
2026-06-01 08:38:39.145,NEW_DATA,3.6014,82.597,159.4044
2026-06-01 08:38:39.176,NEW_DATA,3.6025,82.5428,159.4044
2026-06-01 08:38:39.208,NEW_DATA,3.6087,82.4886,159.4044
2026-06-01 08:38:39.239,NEW_DATA,3.5973,82.4344,159.4044
2026-06-01 08:38:39.270,NEW_DATA,3.5945,82.38,159.4044
2026-06-01 08:38:39.303,NEW_DATA,3.5941,82.3256,159.4044
2026-06-01 08:38:39.334,NEW_DATA,3.5969,82.2711,159.4044
2026-06-01 08:38:39.366,NEW_DATA,3.5941,82.2166,159.4044
2026-06-01 08:38:39.396,NEW_DATA,3.5986,82.1347,159.4044
2026-06-01 08:38:39.428,NEW_DATA,3.5983,82.1073,159.4044
2026-06-01 08:38:39.458,NEW_DATA,3.6038,82.0526,159.4044
2026-06-01 08:38:39.491,NEW_DATA,3.6038,81.9978,159.4044
2026-06-01 08:38:39.521,NEW_DATA,3.6025,81.943,159.4044
2026-06-01 08:38:39.553,NEW_DATA,3.598,81.8881,159.4044
2026-06-01 08:38:39.585,NEW_DATA,3.6,81.8332,159.4044
2026-06-01 08:38:39.615,NEW_DATA,3.5959,81.7782,159.4044
2026-06-01 08:38:39.649,NEW_DATA,3.5976,81.6956,159.4044
2026-06-01 08:38:39.677,NEW_DATA,3.5973,81.6681,159.4044
2026-06-01 08:38:39.707,NEW_DATA,3.5983,81.613,159.4044
2026-06-01 08:38:39.739,NEW_DATA,3.5997,81.5578,159.4044
2026-06-01 08:38:39.770,NEW_DATA,3.6025,81.5026,159.4044
2026-06-01 08:38:39.802,NEW_DATA,3.6007,81.4473,159.4044
2026-06-01 08:38:39.835,NEW_DATA,3.6025,81.3921,159.4044
2026-06-01 08:38:39.865,NEW_DATA,3.5997,81.3368,159.4044
2026-06-01 08:38:39.896,NEW_DATA,3.5962,81.2537,159.4044
2026-06-01 08:38:39.926,NEW_DATA,3.5969,81.226,159.4044
2026-06-01 08:38:39.958,NEW_DATA,3.5962,81.1706,159.4044
2026-06-01 08:38:39.989,NEW_DATA,3.5976,81.1152,159.4044
2026-06-01 08:38:40.020,NEW_DATA,3.5997,81.0598,159.4044
2026-06-01 08:38:40.050,NEW_DATA,3.6025,81.0043,159.4044
2026-06-01 08:38:40.081,NEW_DATA,3.6038,80.9488,159.4044
2026-06-01 08:38:40.113,NEW_DATA,3.6035,80.8933,159.4044
2026-06-01 08:38:40.143,NEW_DATA,3.6007,80.8377,159.4044
2026-06-01 08:38:40.175,NEW_DATA,3.6011,80.7822,159.4044
2026-06-01 08:38:40.206,NEW_DATA,3.6011,80.7266,159.4044
2026-06-01 08:38:40.238,NEW_DATA,3.5948,80.671,159.4044
2026-06-01 08:38:40.269,NEW_DATA,3.598,80.6154,159.4044
2026-06-01 08:38:40.300,NEW_DATA,3.5983,80.5598,159.4044
2026-06-01 08:38:40.332,NEW_DATA,3.6018,80.5042,159.4044
2026-06-01 08:38:40.364,NEW_DATA,3.6038,80.4486,159.4044
2026-06-01 08:38:40.395,NEW_DATA,3.6049,80.393,159.4044
2026-06-01 08:38:40.424,NEW_DATA,3.6038,80.3373,159.4044
2026-06-01 08:38:40.455,NEW_DATA,3.6032,80.2817,159.4044
2026-06-01 08:38:40.486,NEW_DATA,3.6025,80.2261,159.4044
2026-06-01 08:38:40.519,NEW_DATA,3.5997,80.1705,159.4044
2026-06-01 08:38:40.548,NEW_DATA,3.6004,80.1148,159.4044
2026-06-01 08:38:40.580,NEW_DATA,3.6011,80.0314,159.4044
2026-06-01 08:38:40.611,NEW_DATA,3.6,79.9758,159.4044
2026-06-01 08:38:40.642,NEW_DATA,3.6032,79.948,159.4044
2026-06-01 08:38:40.672,NEW_DATA,3.6025,79.8924,159.4044
2026-06-01 08:38:40.704,NEW_DATA,3.6059,79.8368,159.4044
2026-06-01 08:38:40.735,NEW_DATA,3.6056,79.7813,159.4044
2026-06-01 08:38:40.765,NEW_DATA,3.6052,79.7257,159.4044
2026-06-01 08:38:40.797,NEW_DATA,3.6025,79.6702,159.4044
2026-06-01 08:38:40.828,NEW_DATA,3.6,79.6147,159.4044
2026-06-01 08:38:40.859,NEW_DATA,3.5997,79.5592,159.4044
2026-06-01 08:38:40.889,NEW_DATA,3.5983,79.5037,159.4044
2026-06-01 08:38:40.920,NEW_DATA,3.6011,79.4482,159.4044
2026-06-01 08:38:40.951,NEW_DATA,3.6038,79.3928,159.4044
2026-06-01 08:38:40.981,NEW_DATA,3.6059,79.3374,159.4044
2026-06-01 08:38:41.013,NEW_DATA,3.6073,79.282,159.4044
2026-06-01 08:38:41.044,NEW_DATA,3.6084,79.199,159.4044
2026-06-01 08:38:41.075,NEW_DATA,3.6066,79.1713,159.4044
2026-06-01 08:38:41.109,NEW_DATA,3.6052,79.116,159.4044
2026-06-01 08:38:41.140,NEW_DATA,3.6011,79.0608,159.4044
2026-06-01 08:38:41.171,NEW_DATA,3.6011,79.0056,159.4044
2026-06-01 08:38:41.203,NEW_DATA,3.6018,78.9228,159.4044
2026-06-01 08:38:41.234,NEW_DATA,3.6007,78.8952,159.4044
2026-06-01 08:38:41.265,NEW_DATA,3.6028,78.8401,159.4044
2026-06-01 08:38:41.295,NEW_DATA,3.608,78.785,159.4044
2026-06-01 08:38:41.325,NEW_DATA,3.607,78.73,159.4044
2026-06-01 08:38:41.357,NEW_DATA,3.6066,78.675,159.4044
2026-06-01 08:38:41.388,NEW_DATA,3.6091,78.62,159.4044
2026-06-01 08:38:41.420,NEW_DATA,3.6052,78.5651,159.4044
2026-06-01 08:38:41.450,NEW_DATA,3.6038,78.5103,159.4044
2026-06-01 08:38:41.481,NEW_DATA,3.6018,78.4555,159.4044
2026-06-01 08:38:41.513,NEW_DATA,3.6032,78.4007,159.4044
2026-06-01 08:38:41.543,NEW_DATA,3.6035,78.346,159.4044
2026-06-01 08:38:41.574,NEW_DATA,3.6066,78.2914,159.4044
2026-06-01 08:38:41.605,NEW_DATA,3.6063,78.2368,159.4044
2026-06-01 08:38:41.638,NEW_DATA,3.6073,78.1822,159.4044
2026-06-01 08:38:41.669,NEW_DATA,3.6077,78.1277,159.4044
2026-06-01 08:38:41.699,NEW_DATA,3.6104,78.0733,159.4044
2026-06-01 08:38:41.731,NEW_DATA,3.6052,78.0189,159.4044
2026-06-01 08:38:41.761,NEW_DATA,3.6038,77.9646,159.4044
2026-06-01 08:38:41.792,NEW_DATA,3.6025,77.9104,159.4044
2026-06-01 08:38:41.823,NEW_DATA,3.6052,77.8562,159.4044
2026-06-01 08:38:41.854,NEW_DATA,3.6097,77.8021,159.4044
2026-06-01 08:38:41.885,NEW_DATA,3.6045,77.748,159.4044
2026-06-01 08:38:41.917,NEW_DATA,3.608,77.694,159.4044
2026-06-01 08:38:41.948,NEW_DATA,3.6087,77.6401,159.4044
2026-06-01 08:38:41.980,NEW_DATA,3.6094,77.5862,159.4044
2026-06-01 08:38:42.013,NEW_DATA,3.6101,77.5324,159.4044
2026-06-01 08:38:42.044,NEW_DATA,3.6059,77.4787,159.4044
2026-06-01 08:38:42.075,NEW_DATA,3.6066,77.4251,159.4044
2026-06-01 08:38:42.108,NEW_DATA,3.6032,77.3715,159.4044
2026-06-01 08:38:42.140,NEW_DATA,3.6032,77.318,159.4044
2026-06-01 08:38:42.171,NEW_DATA,3.6052,77.2646,159.4044
2026-06-01 08:38:42.202,NEW_DATA,3.6011,77.2113,159.4044
2026-06-01 08:38:42.234,NEW_DATA,3.6094,77.158,159.4044
2026-06-01 08:38:42.265,NEW_DATA,3.6108,77.1048,159.4044
2026-06-01 08:38:42.297,NEW_DATA,3.6097,77.0517,159.4044
2026-06-01 08:38:42.326,NEW_DATA,3.6073,76.9987,159.4044
2026-06-01 08:38:42.359,NEW_DATA,3.6073,76.9458,159.4044
2026-06-01 08:38:42.393,NEW_DATA,3.6045,76.8666,159.4044
2026-06-01 08:38:42.424,NEW_DATA,3.6038,76.8402,159.4044
2026-06-01 08:38:42.454,NEW_DATA,3.6025,76.7875,159.4044
2026-06-01 08:38:42.484,NEW_DATA,3.6042,76.7349,159.4044
2026-06-01 08:38:42.515,NEW_DATA,3.6084,76.6824,159.4044
2026-06-01 08:38:42.547,NEW_DATA,3.608,76.63,159.4044
2026-06-01 08:38:42.578,NEW_DATA,3.6108,76.5777,159.4044
2026-06-01 08:38:42.611,NEW_DATA,3.6094,76.5255,159.4044
2026-06-01 08:38:42.643,NEW_DATA,3.6087,76.4734,159.4044
2026-06-01 08:38:42.674,NEW_DATA,3.6108,76.4213,159.4044
2026-06-01 08:38:42.705,NEW_DATA,3.608,76.3694,159.4044
2026-06-01 08:38:42.737,NEW_DATA,3.6056,76.3176,159.4044
2026-06-01 08:38:42.769,NEW_DATA,3.6063,76.24,159.4044
2026-06-01 08:38:42.801,NEW_DATA,3.6052,76.2142,159.4044
2026-06-01 08:38:42.831,NEW_DATA,3.6087,76.1626,159.4044
2026-06-01 08:38:42.863,NEW_DATA,3.6108,76.1112,159.4044
2026-06-01 08:38:42.894,NEW_DATA,3.6101,76.0598,159.4044
2026-06-01 08:38:42.924,NEW_DATA,3.6115,76.0086,159.4044
2026-06-01 08:38:42.956,NEW_DATA,3.6094,75.9575,159.4044
2026-06-01 08:38:42.986,NEW_DATA,3.6111,75.9064,159.4044
2026-06-01 08:38:43.017,NEW_DATA,3.6073,75.8555,159.4044
2026-06-01 08:38:43.048,NEW_DATA,3.6052,75.8047,159.4044
2026-06-01 08:38:43.080,NEW_DATA,3.6094,75.754,159.4044
2026-06-01 08:38:43.113,NEW_DATA,3.6101,75.6782,159.4044
2026-06-01 08:38:43.142,NEW_DATA,3.6115,75.6529,159.4044
2026-06-01 08:38:43.173,NEW_DATA,3.6108,75.6026,159.4044
2026-06-01 08:38:43.205,NEW_DATA,3.6122,75.5523,159.4044
2026-06-01 08:38:43.235,NEW_DATA,3.6136,75.5022,159.4044
2026-06-01 08:38:43.267,NEW_DATA,3.6122,75.4521,159.4044
2026-06-01 08:38:43.298,NEW_DATA,3.6125,75.4022,159.4044
2026-06-01 08:38:43.330,NEW_DATA,3.6094,75.3524,159.4044
2026-06-01 08:38:43.361,NEW_DATA,3.6066,75.3027,159.4044
2026-06-01 08:38:43.393,NEW_DATA,3.6066,75.2532,159.4044
2026-06-01 08:38:43.424,NEW_DATA,3.608,75.2037,159.4044
2026-06-01 08:38:43.455,NEW_DATA,3.6125,75.1544,159.4044
2026-06-01 08:38:43.486,NEW_DATA,3.6136,75.1052,159.4044
2026-06-01 08:38:43.517,NEW_DATA,3.6156,75.0561,159.4044
2026-06-01 08:38:43.548,NEW_DATA,3.6156,75.0071,159.4044
2026-06-01 08:38:43.580,NEW_DATA,3.6149,74.9583,159.4044
2026-06-01 08:38:43.610,NEW_DATA,3.6122,74.9096,159.4044
2026-06-01 08:38:43.641,NEW_DATA,3.6115,74.861,159.4044
2026-06-01 08:38:43.672,NEW_DATA,3.607,74.8126,159.4044
2026-06-01 08:38:43.702,NEW_DATA,3.6097,74.7642,159.4044
2026-06-01 08:38:43.732,NEW_DATA,3.6101,74.716,159.4044
2026-06-01 08:38:43.763,NEW_DATA,3.6129,74.668,159.4044
2026-06-01 08:38:43.795,NEW_DATA,3.6143,74.62,159.4044
2026-06-01 08:38:43.826,NEW_DATA,3.6143,74.5722,159.4044
2026-06-01 08:38:43.858,NEW_DATA,3.6143,74.5245,159.4044
2026-06-01 08:38:43.889,NEW_DATA,3.6163,74.477,159.4044
2026-06-01 08:38:43.921,NEW_DATA,3.6122,74.4296,159.4044
2026-06-01 08:38:43.953,NEW_DATA,3.6094,74.3823,159.4044
2026-06-01 08:38:43.984,NEW_DATA,3.6087,74.3352,159.4044
2026-06-01 08:38:44.015,NEW_DATA,3.6084,74.2881,159.4044
2026-06-01 08:38:44.045,NEW_DATA,3.6101,74.2413,159.4044
2026-06-01 08:38:44.078,NEW_DATA,3.6129,74.1946,159.4044
2026-06-01 08:38:44.108,NEW_DATA,3.6143,74.148,159.4044
2026-06-01 08:38:44.139,NEW_DATA,3.617,74.1015,159.4044
2026-06-01 08:38:44.171,NEW_DATA,3.6163,74.0552,159.4044
2026-06-01 08:38:44.201,NEW_DATA,3.6191,74.009,159.4044
2026-06-01 08:38:44.232,NEW_DATA,3.6136,73.963,159.4044
2026-06-01 08:38:44.263,NEW_DATA,3.6129,73.9171,159.4044
2026-06-01 08:38:44.295,NEW_DATA,3.6097,73.8714,159.4044
2026-06-01 08:38:44.326,NEW_DATA,3.6108,73.8258,159.4044
2026-06-01 08:38:44.357,NEW_DATA,3.6125,73.7804,159.4044
2026-06-01 08:38:44.388,NEW_DATA,3.6132,73.7351,159.4044
2026-06-01 08:38:44.419,NEW_DATA,3.6149,73.6899,159.4044
2026-06-01 08:38:44.449,NEW_DATA,3.6156,73.6449,159.4044
2026-06-01 08:38:44.481,NEW_DATA,3.6181,73.6,159.4044
2026-06-01 08:38:44.512,NEW_DATA,3.617,73.5553,159.4044
2026-06-01 08:38:44.545,NEW_DATA,3.6149,73.5108,159.4044
2026-06-01 08:38:44.576,NEW_DATA,3.6153,73.4664,159.4044
2026-06-01 08:38:44.607,NEW_DATA,3.6094,73.4221,159.4044
2026-06-01 08:38:44.638,NEW_DATA,3.6122,73.378,159.4044
2026-06-01 08:38:44.669,NEW_DATA,3.6149,73.3341,159.4044
2026-06-01 08:38:44.700,NEW_DATA,3.6163,73.2903,159.4044
2026-06-01 08:38:44.731,NEW_DATA,3.6163,73.2467,159.4044
2026-06-01 08:38:44.762,NEW_DATA,3.6177,73.1815,159.4044
2026-06-01 08:38:44.795,NEW_DATA,3.617,73.1599,159.4044
2026-06-01 08:38:44.825,NEW_DATA,3.6163,73.1167,159.4044
2026-06-01 08:38:44.856,NEW_DATA,3.6167,73.0737,159.4044
2026-06-01 08:38:44.887,NEW_DATA,3.6163,73.0308,159.4044
2026-06-01 08:38:44.920,NEW_DATA,3.6129,72.9881,159.4044
2026-06-01 08:38:44.949,NEW_DATA,3.6143,72.9456,159.4044
2026-06-01 08:38:44.980,NEW_DATA,3.6129,72.9032,159.4044
2026-06-01 08:38:45.011,NEW_DATA,3.6163,72.861,159.4044
2026-06-01 08:38:45.044,NEW_DATA,3.6177,72.819,159.4044
2026-06-01 08:38:45.074,NEW_DATA,3.6184,72.7771,159.4044
2026-06-01 08:38:45.105,NEW_DATA,3.6191,72.7354,159.4044
2026-06-01 08:38:45.137,NEW_DATA,3.6205,72.6938,159.4044
2026-06-01 08:38:45.167,NEW_DATA,3.6177,72.6525,159.4044
2026-06-01 08:38:45.199,NEW_DATA,3.6149,72.6112,159.4044
2026-06-01 08:38:45.231,NEW_DATA,3.6136,72.5702,159.4044
2026-06-01 08:38:45.263,NEW_DATA,3.6143,72.5293,159.4044
2026-06-01 08:38:45.293,NEW_DATA,3.6177,72.4886,159.4044
2026-06-01 08:38:45.323,NEW_DATA,3.6205,72.448,159.4044
2026-06-01 08:38:45.353,NEW_DATA,3.6233,72.4077,159.4044
2026-06-01 08:38:45.385,NEW_DATA,3.6198,72.3674,159.4044
2026-06-01 08:38:45.416,NEW_DATA,3.6316,72.3274,159.4044
2026-06-01 08:38:45.448,NEW_DATA,3.6226,72.2875,159.4044
2026-06-01 08:38:45.479,NEW_DATA,3.6198,72.2478,159.4044
2026-06-01 08:38:45.510,NEW_DATA,3.6191,72.2083,159.4044
2026-06-01 08:38:45.540,NEW_DATA,3.6156,72.169,159.4044
2026-06-01 08:38:45.571,NEW_DATA,3.6181,72.1298,159.4044
2026-06-01 08:38:45.603,NEW_DATA,3.6191,72.0908,159.4044
2026-06-01 08:38:45.634,NEW_DATA,3.6205,72.052,159.4044
2026-06-01 08:38:45.665,NEW_DATA,3.625,72.0134,159.4044
2026-06-01 08:38:45.696,NEW_DATA,3.624,71.9749,159.4044
2026-06-01 08:38:45.728,NEW_DATA,3.625,71.9366,159.4044
2026-06-01 08:38:45.761,NEW_DATA,3.6236,71.8985,159.4044
2026-06-01 08:38:45.791,NEW_DATA,3.6253,71.8606,159.4044
2026-06-01 08:38:45.822,NEW_DATA,3.6205,71.8228,159.4044
2026-06-01 08:38:45.853,NEW_DATA,3.6219,71.7853,159.4044
2026-06-01 08:38:45.887,NEW_DATA,3.624,71.7293,159.4044
2026-06-01 08:38:45.916,NEW_DATA,3.6233,71.7107,159.4044
2026-06-01 08:38:45.947,NEW_DATA,3.6267,71.6737,159.4044
2026-06-01 08:38:45.978,NEW_DATA,3.6302,71.6368,159.4044
2026-06-01 08:38:46.010,NEW_DATA,3.6302,71.6002,159.4044
2026-06-01 08:38:46.041,NEW_DATA,3.6309,71.5637,159.4044
2026-06-01 08:38:46.073,NEW_DATA,3.6302,71.5274,159.4044
2026-06-01 08:38:46.103,NEW_DATA,3.6288,71.4913,159.4044
2026-06-01 08:38:46.136,NEW_DATA,3.626,71.4554,159.4044
2026-06-01 08:38:46.166,NEW_DATA,3.6226,71.4197,159.4044
2026-06-01 08:38:46.197,NEW_DATA,3.6233,71.3842,159.4044
2026-06-01 08:38:46.228,NEW_DATA,3.626,71.3488,159.4044
2026-06-01 08:38:46.261,NEW_DATA,3.626,71.3137,159.4044
2026-06-01 08:38:46.293,NEW_DATA,3.6292,71.2787,159.4044
2026-06-01 08:38:46.322,NEW_DATA,3.6302,71.2439,159.4044
2026-06-01 08:38:46.355,NEW_DATA,3.6295,71.2094,159.4044
2026-06-01 08:38:46.386,NEW_DATA,3.626,71.175,159.4044
2026-06-01 08:38:46.417,NEW_DATA,3.6278,71.1408,159.4044
2026-06-01 08:38:46.448,NEW_DATA,3.624,71.1068,159.4044
2026-06-01 08:38:46.481,NEW_DATA,3.6212,71.073,159.4044
2026-06-01 08:38:46.511,NEW_DATA,3.6243,71.0393,159.4044
2026-06-01 08:38:46.544,NEW_DATA,3.625,71.0059,159.7082
2026-06-01 08:38:46.574,NEW_DATA,3.6264,70.9558,159.7082
2026-06-01 08:38:46.605,NEW_DATA,3.6292,70.9391,159.7082
2026-06-01 08:38:46.637,NEW_DATA,3.6309,70.9055,159.7082
2026-06-01 08:38:46.667,NEW_DATA,3.6295,70.8719,159.7082
2026-06-01 08:38:46.699,NEW_DATA,3.6288,70.8382,159.7082
2026-06-01 08:38:46.731,NEW_DATA,3.6281,70.8044,159.7082
2026-06-01 08:38:46.761,NEW_DATA,3.626,70.7705,159.7082
2026-06-01 08:38:46.795,NEW_DATA,3.6247,70.7365,159.7082
2026-06-01 08:38:46.825,NEW_DATA,3.625,70.7025,159.7082
2026-06-01 08:38:46.855,NEW_DATA,3.6288,70.6684,159.7082
2026-06-01 08:38:46.887,NEW_DATA,3.626,70.6342,159.7082
2026-06-01 08:38:46.918,NEW_DATA,3.6278,70.5999,159.7082
2026-06-01 08:38:46.949,NEW_DATA,3.6302,70.5655,159.7082
2026-06-01 08:38:46.980,NEW_DATA,3.6288,70.5311,159.7082
2026-06-01 08:38:47.011,NEW_DATA,3.6281,70.4965,159.7082
2026-06-01 08:38:47.041,NEW_DATA,3.6267,70.4619,159.7082
2026-06-01 08:38:47.072,NEW_DATA,3.6264,70.4273,159.7082
2026-06-01 08:38:47.104,NEW_DATA,3.624,70.3925,159.7082
2026-06-01 08:38:47.135,NEW_DATA,3.6267,70.3577,159.7082
2026-06-01 08:38:47.166,NEW_DATA,3.6274,70.3228,159.7082
2026-06-01 08:38:47.197,NEW_DATA,3.6274,70.2879,159.7082
2026-06-01 08:38:47.228,NEW_DATA,3.6302,70.2528,159.7082
2026-06-01 08:38:47.260,NEW_DATA,3.633,70.2178,159.7082
2026-06-01 08:38:47.290,NEW_DATA,3.6316,70.1826,159.7082
2026-06-01 08:38:47.322,NEW_DATA,3.633,70.1474,159.7082
2026-06-01 08:38:47.353,NEW_DATA,3.6288,70.1121,159.7082
2026-06-01 08:38:47.384,NEW_DATA,3.6281,70.0767,159.7082
2026-06-01 08:38:47.416,NEW_DATA,3.626,70.0413,159.7082
2026-06-01 08:38:47.447,NEW_DATA,3.6253,69.988,159.7082
2026-06-01 08:38:47.478,NEW_DATA,3.6323,69.9525,159.7082
2026-06-01 08:38:47.510,NEW_DATA,3.6344,69.9346,159.7082
2026-06-01 08:38:47.539,NEW_DATA,3.6337,69.8811,159.7082
2026-06-01 08:38:47.571,NEW_DATA,3.6323,69.8632,159.7082
2026-06-01 08:38:47.603,NEW_DATA,3.6316,69.8275,159.7082
2026-06-01 08:38:47.633,NEW_DATA,3.6316,69.7916,159.7082
2026-06-01 08:38:47.664,NEW_DATA,3.6312,69.7557,159.7082
2026-06-01 08:38:47.696,NEW_DATA,3.6288,69.7198,159.7082
2026-06-01 08:38:47.727,NEW_DATA,3.626,69.6838,159.7082
2026-06-01 08:38:47.756,NEW_DATA,3.626,69.6477,159.7082
2026-06-01 08:38:47.788,NEW_DATA,3.6281,69.6116,159.7082
2026-06-01 08:38:47.821,NEW_DATA,3.6306,69.5754,159.7082
2026-06-01 08:38:47.849,NEW_DATA,3.6323,69.5392,159.7082
2026-06-01 08:38:47.881,NEW_DATA,3.6358,69.5029,159.7082
2026-06-01 08:38:47.912,NEW_DATA,3.6344,69.4666,159.7082
2026-06-01 08:38:47.944,NEW_DATA,3.6333,69.4302,159.7082
2026-06-01 08:38:47.977,NEW_DATA,3.6316,69.3938,159.7082
2026-06-01 08:38:48.008,NEW_DATA,3.6288,69.3574,159.7082
2026-06-01 08:38:48.038,NEW_DATA,3.6274,69.3209,159.7082
2026-06-01 08:38:48.068,NEW_DATA,3.6285,69.2843,159.7082
2026-06-01 08:38:48.099,NEW_DATA,3.6316,69.2477,159.7082
2026-06-01 08:38:48.131,NEW_DATA,3.6337,69.2111,159.7082
2026-06-01 08:38:48.162,NEW_DATA,3.6337,69.1744,159.7082
2026-06-01 08:38:48.194,NEW_DATA,3.6358,69.1377,159.7082
2026-06-01 08:38:48.224,NEW_DATA,3.6344,69.1009,159.7082
2026-06-01 08:38:48.255,NEW_DATA,3.6344,69.0641,159.7082
2026-06-01 08:38:48.285,NEW_DATA,3.6344,69.0273,159.7082
2026-06-01 08:38:48.316,NEW_DATA,3.6309,68.9904,159.7082
2026-06-01 08:38:48.348,NEW_DATA,3.6302,68.9535,159.7082
2026-06-01 08:38:48.379,NEW_DATA,3.6309,68.9165,159.7082
2026-06-01 08:38:48.411,NEW_DATA,3.633,68.8795,159.7082
2026-06-01 08:38:48.443,NEW_DATA,3.6319,68.8425,159.7082
2026-06-01 08:38:48.474,NEW_DATA,3.6347,68.8055,159.7082
2026-06-01 08:38:48.504,NEW_DATA,3.6361,68.7684,159.7082
2026-06-01 08:38:48.536,NEW_DATA,3.6378,68.7313,159.7082
2026-06-01 08:38:48.567,NEW_DATA,3.633,68.6941,159.7082
2026-06-01 08:38:48.599,NEW_DATA,3.6337,68.6569,159.7082
2026-06-01 08:38:48.630,NEW_DATA,3.6323,68.6197,159.7082
2026-06-01 08:38:48.661,NEW_DATA,3.6323,68.5825,159.7082
2026-06-01 08:38:48.692,NEW_DATA,3.6316,68.5452,159.7082
2026-06-01 08:38:48.722,NEW_DATA,3.6344,68.5079,159.7082
2026-06-01 08:38:48.753,NEW_DATA,3.6333,68.4706,159.7082
2026-06-01 08:38:48.784,NEW_DATA,3.633,68.4333,159.7082
2026-06-01 08:38:48.815,NEW_DATA,3.6392,68.3959,159.7082
2026-06-01 08:38:48.847,NEW_DATA,3.6371,68.3585,159.7082
2026-06-01 08:38:48.879,NEW_DATA,3.6371,68.3211,159.7082
2026-06-01 08:38:48.911,NEW_DATA,3.6361,68.2836,159.7082
2026-06-01 08:38:48.943,NEW_DATA,3.6316,68.2462,159.7082
2026-06-01 08:38:48.973,NEW_DATA,3.6316,68.2087,159.7082
2026-06-01 08:38:49.005,NEW_DATA,3.6351,68.1524,159.7082
2026-06-01 08:38:49.036,NEW_DATA,3.6344,68.1337,159.7082
2026-06-01 08:38:49.066,NEW_DATA,3.6371,68.0961,159.7082
2026-06-01 08:38:49.097,NEW_DATA,3.6403,68.0586,159.7082
2026-06-01 08:38:49.130,NEW_DATA,3.6399,68.021,159.7082
2026-06-01 08:38:49.161,NEW_DATA,3.6385,67.9834,159.7082
2026-06-01 08:38:49.191,NEW_DATA,3.6389,67.9458,159.7082
2026-06-01 08:38:49.222,NEW_DATA,3.6385,67.9082,159.7082
2026-06-01 08:38:49.254,NEW_DATA,3.6364,67.8706,159.7082
2026-06-01 08:38:49.284,NEW_DATA,3.634,67.8329,159.7082
2026-06-01 08:38:49.315,NEW_DATA,3.633,67.7953,159.7082
