timestamp,phase,smooth_eda,smooth_hr,smooth_hrv
2026-06-01 17:48:13.621,IDLE,8.8751,nan,nan
2026-06-01 17:48:13.642,IDLE,8.875,nan,nan
2026-06-01 17:48:13.662,IDLE,8.8748,nan,nan
2026-06-01 17:48:13.682,IDLE,8.8746,nan,nan
2026-06-01 17:48:13.702,IDLE,8.8742,nan,nan
2026-06-01 17:48:13.724,IDLE,8.8741,nan,nan
2026-06-01 17:48:13.744,IDLE,8.874,nan,nan
2026-06-01 17:48:13.765,IDLE,8.8736,nan,nan
2026-06-01 17:48:13.786,IDLE,8.8733,nan,nan
2026-06-01 17:48:13.806,IDLE,8.8729,nan,nan
2026-06-01 17:48:13.826,IDLE,8.8726,nan,nan
2026-06-01 17:48:13.847,IDLE,8.8721,nan,nan
2026-06-01 17:48:13.867,IDLE,8.8715,nan,nan
2026-06-01 17:48:13.888,IDLE,8.8709,nan,nan
2026-06-01 17:48:13.908,IDLE,8.8702,nan,nan
2026-06-01 17:48:13.929,IDLE,8.8696,nan,nan
2026-06-01 17:48:13.949,IDLE,8.8689,nan,nan
2026-06-01 17:48:13.970,IDLE,8.8684,nan,nan
2026-06-01 17:48:13.991,IDLE,8.8679,nan,nan
2026-06-01 17:48:14.011,IDLE,8.8674,nan,nan
2026-06-01 17:48:14.032,IDLE,8.8669,nan,nan
2026-06-01 17:48:14.052,IDLE,8.8664,nan,nan
2026-06-01 17:48:14.073,IDLE,8.8659,nan,nan
2026-06-01 17:48:14.093,IDLE,8.8657,nan,nan
2026-06-01 17:48:14.114,IDLE,8.8653,nan,nan
2026-06-01 17:48:14.134,IDLE,8.8653,nan,nan
2026-06-01 17:48:14.154,IDLE,8.8652,nan,nan
2026-06-01 17:48:14.175,IDLE,8.8651,nan,nan
2026-06-01 17:48:14.195,IDLE,8.8647,nan,nan
2026-06-01 17:48:14.216,IDLE,8.8647,nan,nan
2026-06-01 17:48:14.237,IDLE,8.8651,nan,nan
2026-06-01 17:48:14.257,IDLE,8.8661,nan,nan
2026-06-01 17:48:14.278,IDLE,8.8663,nan,nan
2026-06-01 17:48:14.298,IDLE,8.8666,nan,nan
2026-06-01 17:48:14.319,IDLE,8.867,nan,nan
2026-06-01 17:48:14.340,IDLE,8.8674,nan,nan
2026-06-01 17:48:14.360,IDLE,8.8679,nan,nan
2026-06-01 17:48:14.381,IDLE,8.8685,nan,nan
2026-06-01 17:48:14.402,IDLE,8.869,nan,nan
2026-06-01 17:48:14.422,IDLE,8.8698,nan,nan
2026-06-01 17:48:14.442,IDLE,8.8707,nan,nan
2026-06-01 17:48:14.462,IDLE,8.8716,nan,nan
2026-06-01 17:48:14.483,IDLE,8.8724,nan,nan
2026-06-01 17:48:14.503,IDLE,8.8732,nan,nan
2026-06-01 17:48:14.523,IDLE,8.874,nan,nan
2026-06-01 17:48:14.544,IDLE,8.8745,nan,nan
2026-06-01 17:48:14.565,IDLE,8.8749,nan,nan
2026-06-01 17:48:14.586,IDLE,8.8752,nan,nan
2026-06-01 17:48:14.606,IDLE,8.8757,nan,nan
2026-06-01 17:48:14.626,IDLE,8.8757,nan,nan
2026-06-01 17:48:14.646,IDLE,8.876,nan,nan
2026-06-01 17:48:14.666,IDLE,8.8762,nan,nan
2026-06-01 17:48:14.686,IDLE,8.8764,nan,nan
2026-06-01 17:48:14.707,IDLE,8.8765,nan,nan
2026-06-01 17:48:14.728,IDLE,8.8767,nan,nan
2026-06-01 17:48:14.749,IDLE,8.8769,nan,nan
2026-06-01 17:48:14.769,IDLE,8.877,nan,nan
2026-06-01 17:48:14.790,IDLE,8.8768,nan,nan
2026-06-01 17:48:14.811,IDLE,8.8767,nan,nan
2026-06-01 17:48:14.831,IDLE,8.8766,nan,nan
2026-06-01 17:48:14.852,IDLE,8.8765,nan,nan
2026-06-01 17:48:14.873,IDLE,8.8764,nan,nan
2026-06-01 17:48:14.894,IDLE,8.8762,nan,nan
2026-06-01 17:48:14.914,IDLE,8.876,nan,nan
2026-06-01 17:48:14.934,IDLE,8.8757,nan,nan
2026-06-01 17:48:14.954,IDLE,8.8755,nan,nan
2026-06-01 17:48:14.974,IDLE,8.8754,nan,nan
2026-06-01 17:48:14.995,IDLE,8.876,nan,nan
2026-06-01 17:48:15.015,IDLE,8.8753,nan,nan
2026-06-01 17:48:15.037,IDLE,8.8751,nan,nan
2026-06-01 17:48:15.058,IDLE,8.8748,nan,nan
2026-06-01 17:48:15.079,IDLE,8.8742,nan,nan
2026-06-01 17:48:15.100,IDLE,8.8739,nan,nan
2026-06-01 17:48:15.120,IDLE,8.8738,nan,nan
2026-06-01 17:48:15.140,IDLE,8.8735,nan,nan
2026-06-01 17:48:15.160,IDLE,8.8733,nan,nan
2026-06-01 17:48:15.181,IDLE,8.8731,nan,nan
2026-06-01 17:48:15.202,IDLE,8.873,nan,nan
2026-06-01 17:48:15.222,IDLE,8.8729,nan,nan
2026-06-01 17:48:15.242,IDLE,8.8729,nan,nan
2026-06-01 17:48:15.262,IDLE,8.8728,nan,nan
2026-06-01 17:48:15.283,IDLE,8.8727,nan,nan
2026-06-01 17:48:15.303,IDLE,8.8726,nan,nan
2026-06-01 17:48:15.323,IDLE,8.8725,nan,nan
2026-06-01 17:48:15.343,IDLE,8.8724,nan,nan
2026-06-01 17:48:15.364,IDLE,8.8723,nan,nan
2026-06-01 17:48:15.385,IDLE,8.8724,nan,nan
2026-06-01 17:48:15.405,IDLE,8.8724,nan,nan
2026-06-01 17:48:15.426,IDLE,8.8724,nan,nan
2026-06-01 17:48:15.447,IDLE,8.8723,nan,nan
2026-06-01 17:48:15.467,IDLE,8.8724,nan,nan
2026-06-01 17:48:15.488,IDLE,8.8724,nan,nan
2026-06-01 17:48:15.508,IDLE,8.8725,nan,nan
2026-06-01 17:48:15.528,IDLE,8.8725,nan,nan
2026-06-01 17:48:15.548,IDLE,8.8727,nan,nan
2026-06-01 17:48:15.568,IDLE,8.8728,nan,nan
2026-06-01 17:48:15.588,IDLE,8.8728,nan,nan
2026-06-01 17:48:15.609,IDLE,8.8727,nan,nan
2026-06-01 17:48:15.629,IDLE,8.8725,nan,nan
2026-06-01 17:48:15.650,IDLE,8.8725,nan,nan
2026-06-01 17:48:15.671,IDLE,8.8727,nan,nan
2026-06-01 17:48:15.691,IDLE,8.8731,nan,nan
2026-06-01 17:48:15.712,IDLE,8.873,nan,nan
2026-06-01 17:48:15.732,IDLE,8.873,nan,nan
2026-06-01 17:48:15.752,IDLE,8.8729,nan,nan
2026-06-01 17:48:15.772,IDLE,8.873,nan,nan
2026-06-01 17:48:15.793,IDLE,8.873,nan,nan
2026-06-01 17:48:15.814,IDLE,8.8732,nan,nan
2026-06-01 17:48:15.835,IDLE,8.8734,nan,nan
2026-06-01 17:48:15.855,IDLE,8.8735,nan,nan
2026-06-01 17:48:15.876,IDLE,8.8737,nan,nan
2026-06-01 17:48:15.897,IDLE,8.8739,nan,nan
2026-06-01 17:48:15.917,IDLE,8.8736,nan,nan
2026-06-01 17:48:15.938,IDLE,8.8737,nan,nan
2026-06-01 17:48:15.959,IDLE,8.8739,nan,nan
2026-06-01 17:48:15.980,IDLE,8.8742,nan,nan
2026-06-01 17:48:16.000,IDLE,8.8743,nan,nan
2026-06-01 17:48:16.020,IDLE,8.8743,nan,nan
2026-06-01 17:48:16.040,IDLE,8.8744,nan,nan
2026-06-01 17:48:16.060,IDLE,8.8745,nan,nan
2026-06-01 17:48:16.081,IDLE,8.8744,nan,nan
2026-06-01 17:48:16.101,IDLE,8.8746,84.4267,nan
2026-06-01 17:48:16.121,IDLE,8.8747,84.4267,nan
2026-06-01 17:48:16.142,IDLE,8.8747,84.4267,nan
2026-06-01 17:48:16.162,IDLE,8.8748,84.4267,nan
2026-06-01 17:48:16.183,IDLE,8.875,84.4267,nan
2026-06-01 17:48:16.204,IDLE,8.875,84.4267,nan
2026-06-01 17:48:16.224,IDLE,8.8751,84.4267,nan
2026-06-01 17:48:16.244,IDLE,8.8754,84.4267,nan
2026-06-01 17:48:16.265,IDLE,8.8756,84.4267,nan
2026-06-01 17:48:16.285,IDLE,8.8758,84.4267,nan
2026-06-01 17:48:16.306,IDLE,8.8759,84.4267,nan
2026-06-01 17:48:16.326,IDLE,8.8761,84.4267,nan
2026-06-01 17:48:16.348,IDLE,8.8763,84.4267,nan
2026-06-01 17:48:16.367,IDLE,8.8766,84.4267,nan
2026-06-01 17:48:16.388,IDLE,8.8774,84.4267,nan
2026-06-01 17:48:16.409,IDLE,8.8777,84.4267,nan
2026-06-01 17:48:16.429,IDLE,8.8779,84.4267,nan
2026-06-01 17:48:16.449,IDLE,8.8781,84.4267,nan
2026-06-01 17:48:16.469,IDLE,8.8782,84.4267,nan
2026-06-01 17:48:16.490,IDLE,8.8782,84.4267,nan
2026-06-01 17:48:16.511,IDLE,8.8783,84.4267,nan
2026-06-01 17:48:16.532,IDLE,8.8784,84.4267,nan
2026-06-01 17:48:16.552,IDLE,8.8785,84.4267,nan
2026-06-01 17:48:16.573,IDLE,8.8787,84.4267,nan
2026-06-01 17:48:16.593,IDLE,8.8791,84.4267,nan
2026-06-01 17:48:16.614,IDLE,8.8795,84.5247,nan
2026-06-01 17:48:16.634,IDLE,8.88,84.6128,nan
2026-06-01 17:48:16.654,IDLE,8.8804,84.6922,nan
2026-06-01 17:48:16.674,IDLE,8.8806,84.7636,nan
2026-06-01 17:48:16.695,IDLE,8.8807,84.8279,nan
2026-06-01 17:48:16.716,IDLE,8.8809,84.8858,nan
2026-06-01 17:48:16.737,IDLE,8.8811,84.9378,nan
2026-06-01 17:48:16.758,IDLE,8.8813,84.9847,nan
2026-06-01 17:48:16.778,IDLE,8.8814,85.0269,nan
2026-06-01 17:48:16.799,IDLE,8.8817,85.0648,nan
2026-06-01 17:48:16.819,IDLE,8.8819,85.099,nan
2026-06-01 17:48:16.839,IDLE,8.8821,85.1297,nan
2026-06-01 17:48:16.860,IDLE,8.8823,85.1574,nan
2026-06-01 17:48:16.880,IDLE,8.8824,85.1823,nan
2026-06-01 17:48:16.901,BASELINE,8.8825,85.2047,nan
2026-06-01 17:48:16.922,BASELINE,8.8826,85.2249,nan
2026-06-01 17:48:16.942,BASELINE,8.8828,85.2431,nan
2026-06-01 17:48:16.963,BASELINE,8.883,85.2594,nan
2026-06-01 17:48:16.984,BASELINE,8.8833,85.2741,nan
2026-06-01 17:48:17.005,BASELINE,8.8834,85.2873,nan
2026-06-01 17:48:17.025,BASELINE,8.8835,85.2993,nan
2026-06-01 17:48:17.045,BASELINE,8.8837,85.31,nan
2026-06-01 17:48:17.066,BASELINE,8.8846,85.3196,nan
2026-06-01 17:48:17.086,BASELINE,8.8846,85.3283,nan
2026-06-01 17:48:17.107,BASELINE,8.8846,85.3361,nan
2026-06-01 17:48:17.127,BASELINE,8.8844,85.3432,nan
2026-06-01 17:48:17.148,BASELINE,8.8842,85.3495,nan
2026-06-01 17:48:17.168,BASELINE,8.884,85.3552,nan
2026-06-01 17:48:17.189,BASELINE,8.8838,85.3603,nan
2026-06-01 17:48:17.209,BASELINE,8.8835,85.3649,nan
2026-06-01 17:48:17.229,BASELINE,8.8833,85.3691,nan
2026-06-01 17:48:17.250,BASELINE,8.8832,85.3728,nan
2026-06-01 17:48:17.270,BASELINE,8.883,85.3762,nan
2026-06-01 17:48:17.290,BASELINE,8.8828,85.3792,nan
2026-06-01 17:48:17.311,BASELINE,8.8827,85.3819,nan
2026-06-01 17:48:17.331,BASELINE,8.8826,85.3844,nan
2026-06-01 17:48:17.351,BASELINE,8.8824,85.3866,nan
2026-06-01 17:48:17.372,BASELINE,8.8823,85.3886,nan
2026-06-01 17:48:17.392,BASELINE,8.8822,85.3904,nan
2026-06-01 17:48:17.413,BASELINE,8.882,85.392,nan
2026-06-01 17:48:17.433,BASELINE,8.882,85.3934,nan
2026-06-01 17:48:17.454,BASELINE,8.8817,85.3947,nan
2026-06-01 17:48:17.474,BASELINE,8.8814,85.3959,nan
2026-06-01 17:48:17.494,BASELINE,8.8812,85.397,nan
2026-06-01 17:48:17.515,BASELINE,8.881,85.3979,nan
2026-06-01 17:48:17.535,BASELINE,8.8806,85.3988,nan
2026-06-01 17:48:17.555,BASELINE,8.8803,85.3995,nan
2026-06-01 17:48:17.576,BASELINE,8.8799,85.4002,nan
2026-06-01 17:48:17.596,BASELINE,8.8792,85.4008,nan
2026-06-01 17:48:17.617,BASELINE,8.8787,85.4502,nan
2026-06-01 17:48:17.637,BASELINE,8.8782,85.4947,nan
2026-06-01 17:48:17.658,BASELINE,8.8775,85.5347,nan
2026-06-01 17:48:17.678,BASELINE,8.8768,85.5707,nan
2026-06-01 17:48:17.699,BASELINE,8.876,85.6031,nan
2026-06-01 17:48:17.719,BASELINE,8.8751,85.6323,nan
2026-06-01 17:48:17.740,BASELINE,8.8748,85.6585,nan
2026-06-01 17:48:17.760,BASELINE,8.8744,85.6821,nan
2026-06-01 17:48:17.781,BASELINE,8.8737,85.7034,nan
2026-06-01 17:48:17.801,BASELINE,8.8729,85.7225,nan
2026-06-01 17:48:17.821,BASELINE,8.872,85.7397,nan
2026-06-01 17:48:17.841,BASELINE,8.8713,85.7552,nan
2026-06-01 17:48:17.862,BASELINE,8.8708,85.7692,nan
2026-06-01 17:48:17.882,BASELINE,8.8701,85.7818,nan
2026-06-01 17:48:17.902,BASELINE,8.8694,85.793,nan
2026-06-01 17:48:17.922,BASELINE,8.8687,85.8032,nan
2026-06-01 17:48:17.942,BASELINE,8.868,85.8124,nan
2026-06-01 17:48:17.962,BASELINE,8.8674,85.8206,nan
2026-06-01 17:48:17.982,BASELINE,8.8666,85.828,nan
2026-06-01 17:48:18.002,BASELINE,8.8663,85.8347,nan
2026-06-01 17:48:18.023,BASELINE,8.8658,85.8407,nan
2026-06-01 17:48:18.044,BASELINE,8.8653,85.8461,nan
2026-06-01 17:48:18.065,BASELINE,8.8648,85.851,nan
2026-06-01 17:48:18.086,BASELINE,8.864,85.8553,nan
2026-06-01 17:48:18.106,BASELINE,8.8635,85.8813,nan
2026-06-01 17:48:18.126,BASELINE,8.8631,85.9046,nan
2026-06-01 17:48:18.147,BASELINE,8.8626,85.9256,nan
2026-06-01 17:48:18.168,BASELINE,8.8619,85.9446,nan
2026-06-01 17:48:18.188,BASELINE,8.8615,85.9616,nan
2026-06-01 17:48:18.208,BASELINE,8.861,85.9769,nan
2026-06-01 17:48:18.228,BASELINE,8.8607,85.9907,nan
2026-06-01 17:48:18.248,BASELINE,8.8602,86.0031,nan
2026-06-01 17:48:18.269,BASELINE,8.8598,86.0143,nan
2026-06-01 17:48:18.290,BASELINE,8.8593,86.0243,nan
2026-06-01 17:48:18.310,BASELINE,8.8589,86.0334,nan
2026-06-01 17:48:18.330,BASELINE,8.8586,86.0415,nan
2026-06-01 17:48:18.351,BASELINE,8.8582,86.0488,nan
2026-06-01 17:48:18.372,BASELINE,8.8578,86.0554,nan
2026-06-01 17:48:18.393,BASELINE,8.8573,86.0614,nan
2026-06-01 17:48:18.414,BASELINE,8.857,86.0667,nan
2026-06-01 17:48:18.434,BASELINE,8.8573,86.0715,nan
2026-06-01 17:48:18.454,BASELINE,8.857,86.0758,nan
2026-06-01 17:48:18.474,BASELINE,8.8566,86.0797,nan
2026-06-01 17:48:18.495,BASELINE,8.8561,86.0832,nan
2026-06-01 17:48:18.515,BASELINE,8.8557,86.0864,nan
2026-06-01 17:48:18.535,BASELINE,8.8552,86.0892,nan
2026-06-01 17:48:18.556,BASELINE,8.8548,86.0918,nan
2026-06-01 17:48:18.576,BASELINE,8.8547,86.0941,nan
2026-06-01 17:48:18.597,BASELINE,8.8542,86.0962,nan
2026-06-01 17:48:18.618,BASELINE,8.854,86.098,nan
2026-06-01 17:48:18.638,BASELINE,8.8538,86.0997,nan
2026-06-01 17:48:18.658,BASELINE,8.8536,86.1012,nan
2026-06-01 17:48:18.678,BASELINE,8.8534,86.1026,nan
2026-06-01 17:48:18.699,BASELINE,8.8533,86.1038,nan
2026-06-01 17:48:18.723,BASELINE,8.8531,86.1049,nan
2026-06-01 17:48:18.741,BASELINE,8.8528,86.1059,nan
2026-06-01 17:48:18.761,BASELINE,8.8525,86.1068,nan
2026-06-01 17:48:18.782,BASELINE,8.8521,86.1076,nan
2026-06-01 17:48:18.802,BASELINE,8.8519,86.1083,nan
2026-06-01 17:48:18.823,BASELINE,8.8515,86.1089,nan
2026-06-01 17:48:18.843,BASELINE,8.851,86.1095,nan
2026-06-01 17:48:18.864,BASELINE,8.8504,86.11,nan
2026-06-01 17:48:18.885,BASELINE,8.85,86.1105,nan
2026-06-01 17:48:18.905,BASELINE,8.8497,86.1109,nan
2026-06-01 17:48:18.925,BASELINE,8.8492,86.1113,nan
2026-06-01 17:48:18.946,BASELINE,8.8487,86.1117,nan
2026-06-01 17:48:18.967,BASELINE,8.8484,86.112,nan
2026-06-01 17:48:18.987,BASELINE,8.8481,86.1123,nan
2026-06-01 17:48:19.008,BASELINE,8.8476,86.1125,nan
2026-06-01 17:48:19.028,BASELINE,8.8471,86.1127,nan
2026-06-01 17:48:19.049,BASELINE,8.8468,86.1129,nan
2026-06-01 17:48:19.069,BASELINE,8.8463,86.1131,nan
2026-06-01 17:48:19.090,BASELINE,8.8458,86.1133,nan
2026-06-01 17:48:19.111,BASELINE,8.8458,86.1328,nan
2026-06-01 17:48:19.131,BASELINE,8.8458,86.1503,nan
2026-06-01 17:48:19.151,BASELINE,8.8453,86.1661,nan
2026-06-01 17:48:19.172,BASELINE,8.845,86.1803,nan
2026-06-01 17:48:19.192,BASELINE,8.8447,86.193,nan
2026-06-01 17:48:19.213,BASELINE,8.8445,86.2045,nan
2026-06-01 17:48:19.238,BASELINE,8.8441,86.2149,nan
2026-06-01 17:48:19.255,BASELINE,8.844,86.2242,nan
2026-06-01 17:48:19.276,BASELINE,8.8439,86.2326,nan
2026-06-01 17:48:19.297,BASELINE,8.8438,86.2401,nan
2026-06-01 17:48:19.317,BASELINE,8.8435,86.2469,nan
2026-06-01 17:48:19.337,BASELINE,8.8434,86.253,nan
2026-06-01 17:48:19.357,BASELINE,8.8434,86.2585,nan
2026-06-01 17:48:19.377,BASELINE,8.8434,86.2635,nan
2026-06-01 17:48:19.398,BASELINE,8.8433,86.2679,nan
2026-06-01 17:48:19.418,BASELINE,8.8432,86.272,nan
2026-06-01 17:48:19.438,BASELINE,8.843,86.2756,nan
2026-06-01 17:48:19.458,BASELINE,8.8428,86.2788,nan
2026-06-01 17:48:19.479,BASELINE,8.8426,86.2817,nan
2026-06-01 17:48:19.499,BASELINE,8.8425,86.2844,nan
2026-06-01 17:48:19.520,BASELINE,8.8423,86.2867,nan
2026-06-01 17:48:19.540,BASELINE,8.8422,86.2889,nan
2026-06-01 17:48:19.561,BASELINE,8.8418,86.2908,nan
2026-06-01 17:48:19.581,BASELINE,8.8415,86.2925,nan
2026-06-01 17:48:19.601,BASELINE,8.8413,86.2941,nan
2026-06-01 17:48:19.621,BASELINE,8.8412,86.3736,nan
2026-06-01 17:48:19.642,BASELINE,8.841,86.4451,nan
2026-06-01 17:48:19.663,BASELINE,8.8403,86.5095,nan
2026-06-01 17:48:19.683,BASELINE,8.84,86.5674,nan
2026-06-01 17:48:19.703,BASELINE,8.8398,86.6196,nan
2026-06-01 17:48:19.723,BASELINE,8.8396,86.6665,nan
2026-06-01 17:48:19.749,BASELINE,8.8393,86.7088,nan
2026-06-01 17:48:19.764,BASELINE,8.8395,86.7468,nan
2026-06-01 17:48:19.784,BASELINE,8.8396,86.781,nan
2026-06-01 17:48:19.805,BASELINE,8.8394,86.8118,nan
2026-06-01 17:48:19.825,BASELINE,8.8392,86.8395,nan
2026-06-01 17:48:19.845,BASELINE,8.839,86.8645,nan
2026-06-01 17:48:19.866,BASELINE,8.8389,86.8869,nan
2026-06-01 17:48:19.887,BASELINE,8.8387,86.9071,nan
2026-06-01 17:48:19.908,BASELINE,8.8387,86.9253,nan
2026-06-01 17:48:19.928,BASELINE,8.8388,86.9417,nan
2026-06-01 17:48:19.949,BASELINE,8.8391,86.9564,nan
2026-06-01 17:48:19.970,BASELINE,8.8393,86.9697,nan
2026-06-01 17:48:19.990,BASELINE,8.8396,86.9816,nan
2026-06-01 17:48:20.011,BASELINE,8.8401,86.9923,nan
2026-06-01 17:48:20.031,BASELINE,8.8405,87.002,nan
2026-06-01 17:48:20.051,BASELINE,8.8409,87.0107,nan
2026-06-01 17:48:20.072,BASELINE,8.8414,87.0185,nan
2026-06-01 17:48:20.092,BASELINE,8.8419,87.0256,nan
2026-06-01 17:48:20.113,BASELINE,8.8423,87.0404,nan
2026-06-01 17:48:20.133,BASELINE,8.8427,87.0538,nan
2026-06-01 17:48:20.154,BASELINE,8.8429,87.0658,nan
2026-06-01 17:48:20.175,BASELINE,8.8432,87.0767,nan
2026-06-01 17:48:20.196,BASELINE,8.8436,87.0864,nan
2026-06-01 17:48:20.216,BASELINE,8.8438,87.0952,nan
2026-06-01 17:48:20.236,BASELINE,8.8441,87.1031,nan
2026-06-01 17:48:20.259,BASELINE,8.8444,87.1102,nan
2026-06-01 17:48:20.278,BASELINE,8.8447,87.1166,nan
2026-06-01 17:48:20.298,BASELINE,8.8451,87.1223,nan
2026-06-01 17:48:20.318,BASELINE,8.8454,87.1275,nan
2026-06-01 17:48:20.338,BASELINE,8.8456,87.1322,nan
2026-06-01 17:48:20.358,BASELINE,8.8458,87.1364,nan
2026-06-01 17:48:20.379,BASELINE,8.8459,87.1402,nan
2026-06-01 17:48:20.400,BASELINE,8.8461,87.1436,nan
2026-06-01 17:48:20.421,BASELINE,8.8461,87.1466,nan
2026-06-01 17:48:20.441,BASELINE,8.8464,87.1494,nan
2026-06-01 17:48:20.461,BASELINE,8.847,87.1518,nan
2026-06-01 17:48:20.481,BASELINE,8.8469,87.1541,nan
2026-06-01 17:48:20.502,BASELINE,8.8469,87.1561,nan
2026-06-01 17:48:20.523,BASELINE,8.8468,87.1579,nan
2026-06-01 17:48:20.544,BASELINE,8.8468,87.1595,nan
2026-06-01 17:48:20.564,BASELINE,8.8466,87.161,nan
2026-06-01 17:48:20.584,BASELINE,8.8466,87.1623,nan
2026-06-01 17:48:20.605,BASELINE,8.8465,87.1635,nan
2026-06-01 17:48:20.626,BASELINE,8.8465,87.1645,nan
2026-06-01 17:48:20.646,BASELINE,8.8466,87.1655,nan
2026-06-01 17:48:20.666,BASELINE,8.8468,87.1664,nan
2026-06-01 17:48:20.687,BASELINE,8.8469,87.1672,nan
2026-06-01 17:48:20.708,BASELINE,8.8469,87.1679,nan
2026-06-01 17:48:20.729,BASELINE,8.8469,87.1685,nan
2026-06-01 17:48:20.750,BASELINE,8.8471,87.169,nan
2026-06-01 17:48:20.774,BASELINE,8.847,87.1696,nan
2026-06-01 17:48:20.792,BASELINE,8.8469,87.17,nan
2026-06-01 17:48:20.813,BASELINE,8.8468,87.1704,nan
2026-06-01 17:48:20.834,BASELINE,8.8467,87.1708,nan
2026-06-01 17:48:20.854,BASELINE,8.8466,87.1711,nan
2026-06-01 17:48:20.875,BASELINE,8.8464,87.1714,nan
2026-06-01 17:48:20.895,BASELINE,8.8463,87.1717,nan
2026-06-01 17:48:20.916,BASELINE,8.8462,87.172,nan
2026-06-01 17:48:20.936,BASELINE,8.8459,87.1722,nan
2026-06-01 17:48:20.957,BASELINE,8.8459,87.1724,nan
2026-06-01 17:48:20.978,BASELINE,8.8458,87.1725,nan
2026-06-01 17:48:20.998,BASELINE,8.8457,87.1727,nan
2026-06-01 17:48:21.018,BASELINE,8.8455,87.1729,nan
2026-06-01 17:48:21.038,BASELINE,8.8452,87.173,nan
2026-06-01 17:48:21.059,BASELINE,8.845,87.1731,nan
2026-06-01 17:48:21.080,BASELINE,8.8449,87.1732,nan
2026-06-01 17:48:21.101,BASELINE,8.8451,87.1733,nan
2026-06-01 17:48:21.121,BASELINE,8.8455,87.2134,nan
2026-06-01 17:48:21.141,BASELINE,8.8452,87.2495,nan
2026-06-01 17:48:21.161,BASELINE,8.8452,87.282,nan
2026-06-01 17:48:21.182,BASELINE,8.8451,87.3113,nan
2026-06-01 17:48:21.202,BASELINE,8.8449,87.3376,nan
2026-06-01 17:48:21.222,BASELINE,8.8449,87.3613,nan
2026-06-01 17:48:21.242,BASELINE,8.845,87.3826,nan
2026-06-01 17:48:21.262,BASELINE,8.8452,87.4018,nan
2026-06-01 17:48:21.285,BASELINE,8.8455,87.419,nan
2026-06-01 17:48:21.303,BASELINE,8.8458,87.4346,nan
2026-06-01 17:48:21.324,BASELINE,8.8462,87.4486,nan
2026-06-01 17:48:21.344,BASELINE,8.8467,87.4612,nan
2026-06-01 17:48:21.364,BASELINE,8.8469,87.4725,nan
2026-06-01 17:48:21.384,BASELINE,8.8471,87.4827,nan
2026-06-01 17:48:21.404,BASELINE,8.8473,87.4919,nan
2026-06-01 17:48:21.425,BASELINE,8.8476,87.5001,nan
2026-06-01 17:48:21.445,BASELINE,8.8475,87.5076,nan
2026-06-01 17:48:21.465,BASELINE,8.8475,87.5143,nan
2026-06-01 17:48:21.486,BASELINE,8.8474,87.5203,nan
2026-06-01 17:48:21.507,BASELINE,8.8474,87.5257,nan
2026-06-01 17:48:21.528,BASELINE,8.8475,87.5306,nan
2026-06-01 17:48:21.549,BASELINE,8.8475,87.535,nan
2026-06-01 17:48:21.570,BASELINE,8.8474,87.5389,nan
2026-06-01 17:48:21.590,BASELINE,8.8474,87.5425,nan
2026-06-01 17:48:21.611,BASELINE,8.8474,87.5541,nan
2026-06-01 17:48:21.631,BASELINE,8.8475,87.5646,nan
2026-06-01 17:48:21.651,BASELINE,8.8476,87.574,nan
2026-06-01 17:48:21.672,BASELINE,8.8476,87.5825,nan
2026-06-01 17:48:21.692,BASELINE,8.8475,87.5901,nan
2026-06-01 17:48:21.713,BASELINE,8.8473,87.597,nan
2026-06-01 17:48:21.733,BASELINE,8.8471,87.6031,nan
2026-06-01 17:48:21.754,BASELINE,8.8468,87.6087,nan
2026-06-01 17:48:21.774,BASELINE,8.8468,87.6137,nan
2026-06-01 17:48:21.799,BASELINE,8.8472,87.6182,nan
2026-06-01 17:48:21.816,BASELINE,8.8469,87.6223,nan
2026-06-01 17:48:21.836,BASELINE,8.8465,87.6259,nan
2026-06-01 17:48:21.856,BASELINE,8.846,87.6292,nan
2026-06-01 17:48:21.876,BASELINE,8.8453,87.6322,nan
2026-06-01 17:48:21.896,BASELINE,8.8448,87.6348,nan
2026-06-01 17:48:21.917,BASELINE,8.8443,87.6372,nan
2026-06-01 17:48:21.938,BASELINE,8.844,87.6394,nan
2026-06-01 17:48:21.958,BASELINE,8.8436,87.6413,nan
2026-06-01 17:48:21.978,BASELINE,8.8432,87.6431,nan
2026-06-01 17:48:21.999,BASELINE,8.843,87.6446,nan
2026-06-01 17:48:22.019,BASELINE,8.8428,87.646,nan
2026-06-01 17:48:22.039,BASELINE,8.8424,87.6473,nan
2026-06-01 17:48:22.060,BASELINE,8.8422,87.6485,nan
2026-06-01 17:48:22.080,BASELINE,8.842,87.6495,nan
2026-06-01 17:48:22.101,BASELINE,8.8417,87.6504,nan
2026-06-01 17:48:22.121,BASELINE,8.8414,87.6876,nan
2026-06-01 17:48:22.141,BASELINE,8.841,87.721,nan
2026-06-01 17:48:22.161,BASELINE,8.8408,87.7511,nan
2026-06-01 17:48:22.181,BASELINE,8.8405,87.7782,nan
2026-06-01 17:48:22.202,BASELINE,8.8401,87.8025,nan
2026-06-01 17:48:22.222,BASELINE,8.8399,87.8244,nan
2026-06-01 17:48:22.242,BASELINE,8.8396,87.8442,nan
2026-06-01 17:48:22.262,BASELINE,8.8392,87.862,nan
2026-06-01 17:48:22.282,BASELINE,8.8387,87.8779,nan
2026-06-01 17:48:22.306,BASELINE,8.8385,87.8923,nan
2026-06-01 17:48:22.325,BASELINE,8.838,87.9053,nan
2026-06-01 17:48:22.346,BASELINE,8.8376,87.9169,nan
2026-06-01 17:48:22.366,BASELINE,8.8373,87.9274,nan
2026-06-01 17:48:22.386,BASELINE,8.8369,87.9369,nan
2026-06-01 17:48:22.406,BASELINE,8.8362,87.9454,nan
2026-06-01 17:48:22.427,BASELINE,8.836,87.953,nan
2026-06-01 17:48:22.448,BASELINE,8.836,87.9599,nan
2026-06-01 17:48:22.469,BASELINE,8.8356,87.9661,nan
2026-06-01 17:48:22.490,BASELINE,8.8352,87.9717,nan
2026-06-01 17:48:22.511,BASELINE,8.8345,87.9767,nan
2026-06-01 17:48:22.531,BASELINE,8.8339,87.9812,nan
2026-06-01 17:48:22.551,BASELINE,8.8333,87.9853,nan
2026-06-01 17:48:22.572,BASELINE,8.8327,87.9889,nan
2026-06-01 17:48:22.593,BASELINE,8.8324,87.9922,nan
2026-06-01 17:48:22.613,BASELINE,8.832,87.9952,nan
2026-06-01 17:48:22.633,BASELINE,8.8318,87.9978,nan
2026-06-01 17:48:22.654,BASELINE,8.8314,88.0002,nan
2026-06-01 17:48:22.675,BASELINE,8.8313,88.0024,nan
2026-06-01 17:48:22.696,BASELINE,8.8312,88.0043,nan
2026-06-01 17:48:22.717,BASELINE,8.8308,88.0061,nan
2026-06-01 17:48:22.737,BASELINE,8.8306,88.0077,nan
2026-06-01 17:48:22.758,BASELINE,8.8304,88.0091,nan
2026-06-01 17:48:22.778,BASELINE,8.83,88.0104,nan
2026-06-01 17:48:22.798,BASELINE,8.8297,88.0115,nan
2026-06-01 17:48:22.821,BASELINE,8.8294,88.0125,nan
2026-06-01 17:48:22.839,BASELINE,8.8289,88.0135,nan
2026-06-01 17:48:22.859,BASELINE,8.8285,88.0143,nan
2026-06-01 17:48:22.879,BASELINE,8.8281,88.0151,nan
2026-06-01 17:48:22.899,BASELINE,8.8278,88.0157,nan
2026-06-01 17:48:22.920,BASELINE,8.8275,88.0163,nan
2026-06-01 17:48:22.940,BASELINE,8.8271,88.0169,nan
2026-06-01 17:48:22.960,BASELINE,8.8266,88.0174,nan
2026-06-01 17:48:22.981,BASELINE,8.8262,88.0178,nan
2026-06-01 17:48:23.001,BASELINE,8.8259,88.0182,nan
2026-06-01 17:48:23.022,BASELINE,8.8256,88.0186,nan
2026-06-01 17:48:23.042,BASELINE,8.8251,88.0189,nan
2026-06-01 17:48:23.062,BASELINE,8.8247,88.0192,nan
2026-06-01 17:48:23.082,BASELINE,8.8242,88.0195,nan
2026-06-01 17:48:23.103,BASELINE,8.8236,88.0096,nan
2026-06-01 17:48:23.124,BASELINE,8.8235,88.0007,nan
2026-06-01 17:48:23.144,BASELINE,8.8235,87.9928,nan
2026-06-01 17:48:23.164,BASELINE,8.823,87.9856,nan
2026-06-01 17:48:23.185,BASELINE,8.8226,87.9791,nan
2026-06-01 17:48:23.205,BASELINE,8.822,87.9733,nan
2026-06-01 17:48:23.225,BASELINE,8.8213,87.9681,nan
2026-06-01 17:48:23.245,BASELINE,8.8208,87.9634,nan
2026-06-01 17:48:23.266,BASELINE,8.8202,87.9591,nan
2026-06-01 17:48:23.289,BASELINE,8.8196,87.9553,nan
2026-06-01 17:48:23.311,BASELINE,8.819,87.9519,nan
2026-06-01 17:48:23.342,BASELINE,8.8186,87.9488,nan
2026-06-01 17:48:23.353,BASELINE,8.8182,87.946,nan
2026-06-01 17:48:23.374,BASELINE,8.8181,87.9435,nan
2026-06-01 17:48:23.395,BASELINE,8.8179,87.9412,nan
2026-06-01 17:48:23.415,BASELINE,8.8177,87.9392,nan
2026-06-01 17:48:23.435,BASELINE,8.8173,87.9374,nan
2026-06-01 17:48:23.456,BASELINE,8.8171,87.9357,nan
2026-06-01 17:48:23.478,BASELINE,8.8167,87.9343,nan
2026-06-01 17:48:23.498,BASELINE,8.816,87.9329,nan
2026-06-01 17:48:23.519,BASELINE,8.8157,87.9317,nan
2026-06-01 17:48:23.539,BASELINE,8.8157,87.9306,nan
2026-06-01 17:48:23.559,BASELINE,8.8156,87.9297,nan
2026-06-01 17:48:23.579,BASELINE,8.8154,87.9288,nan
2026-06-01 17:48:23.599,BASELINE,8.8155,87.928,nan
2026-06-01 17:48:23.620,BASELINE,8.8154,87.9142,nan
2026-06-01 17:48:23.640,BASELINE,8.8154,87.9018,nan
2026-06-01 17:48:23.660,BASELINE,8.8153,87.8906,nan
2026-06-01 17:48:23.680,BASELINE,8.8153,87.8805,nan
2026-06-01 17:48:23.700,BASELINE,8.8154,87.8715,nan
2026-06-01 17:48:23.720,BASELINE,8.8154,87.8633,nan
2026-06-01 17:48:23.740,BASELINE,8.8154,87.856,nan
2026-06-01 17:48:23.760,BASELINE,8.8153,87.8494,nan
2026-06-01 17:48:23.781,BASELINE,8.8153,87.8434,nan
2026-06-01 17:48:23.802,BASELINE,8.8154,87.8381,nan
2026-06-01 17:48:23.823,BASELINE,8.8159,87.8333,nan
2026-06-01 17:48:23.849,BASELINE,8.8163,87.8289,nan
2026-06-01 17:48:23.865,BASELINE,8.816,87.825,nan
2026-06-01 17:48:23.886,BASELINE,8.8157,87.8215,nan
2026-06-01 17:48:23.907,BASELINE,8.8155,87.8184,nan
2026-06-01 17:48:23.927,BASELINE,8.815,87.8155,nan
2026-06-01 17:48:23.947,BASELINE,8.8146,87.8129,nan
2026-06-01 17:48:23.967,BASELINE,8.8139,87.8106,nan
2026-06-01 17:48:23.987,BASELINE,8.8133,87.8086,nan
2026-06-01 17:48:24.007,BASELINE,8.8125,87.8067,nan
2026-06-01 17:48:24.028,BASELINE,8.8118,87.805,nan
2026-06-01 17:48:24.049,BASELINE,8.8111,87.8035,nan
2026-06-01 17:48:24.069,BASELINE,8.8104,87.8022,nan
2026-06-01 17:48:24.090,BASELINE,8.8094,87.8009,nan
2026-06-01 17:48:24.111,BASELINE,8.8085,87.7836,nan
2026-06-01 17:48:24.132,BASELINE,8.8074,87.7679,nan
2026-06-01 17:48:24.152,BASELINE,8.8061,87.7539,nan
2026-06-01 17:48:24.172,BASELINE,8.8048,87.7412,nan
2026-06-01 17:48:24.193,BASELINE,8.8034,87.7298,nan
2026-06-01 17:48:24.213,BASELINE,8.802,87.7195,nan
2026-06-01 17:48:24.233,BASELINE,8.8004,87.7103,nan
2026-06-01 17:48:24.253,BASELINE,8.7987,87.702,nan
2026-06-01 17:48:24.273,BASELINE,8.7972,87.6945,nan
2026-06-01 17:48:24.294,BASELINE,8.7956,87.6878,nan
2026-06-01 17:48:24.314,BASELINE,8.7942,87.6817,nan
2026-06-01 17:48:24.334,BASELINE,8.7923,87.6763,nan
2026-06-01 17:48:24.358,BASELINE,8.7909,87.6714,nan
2026-06-01 17:48:24.377,BASELINE,8.7893,87.667,nan
2026-06-01 17:48:24.397,BASELINE,8.7877,87.663,nan
2026-06-01 17:48:24.418,BASELINE,8.7864,87.6594,nan
2026-06-01 17:48:24.438,BASELINE,8.7849,87.6562,nan
2026-06-01 17:48:24.458,BASELINE,8.7835,87.6533,nan
2026-06-01 17:48:24.479,BASELINE,8.782,87.6507,nan
2026-06-01 17:48:24.499,BASELINE,8.7807,87.6484,nan
2026-06-01 17:48:24.519,BASELINE,8.7794,87.6462,nan
2026-06-01 17:48:24.539,BASELINE,8.7785,87.6443,nan
2026-06-01 17:48:24.560,BASELINE,8.7775,87.6426,nan
2026-06-01 17:48:24.581,BASELINE,8.7762,87.6411,nan
2026-06-01 17:48:24.601,BASELINE,8.7749,87.6397,nan
2026-06-01 17:48:24.621,BASELINE,8.7738,87.6385,nan
2026-06-01 17:48:24.641,BASELINE,8.7727,87.6373,nan
2026-06-01 17:48:24.661,BASELINE,8.7717,87.6363,nan
2026-06-01 17:48:24.682,BASELINE,8.7707,87.6354,nan
2026-06-01 17:48:24.702,BASELINE,8.7698,87.6346,nan
2026-06-01 17:48:24.722,BASELINE,8.7692,87.6339,nan
2026-06-01 17:48:24.742,BASELINE,8.7682,87.6332,nan
2026-06-01 17:48:24.763,BASELINE,8.7673,87.6326,nan
2026-06-01 17:48:24.784,BASELINE,8.766,87.6321,nan
2026-06-01 17:48:24.805,BASELINE,8.7646,87.6316,nan
2026-06-01 17:48:24.826,BASELINE,8.7631,87.6311,nan
2026-06-01 17:48:24.846,BASELINE,8.7616,87.6308,nan
2026-06-01 17:48:24.870,BASELINE,8.7598,87.6304,nan
2026-06-01 17:48:24.889,BASELINE,8.758,87.6301,nan
2026-06-01 17:48:24.910,BASELINE,8.7562,87.6298,nan
2026-06-01 17:48:24.931,BASELINE,8.7542,87.6295,nan
2026-06-01 17:48:24.951,BASELINE,8.752,87.6293,nan
2026-06-01 17:48:24.972,BASELINE,8.7501,87.6291,nan
2026-06-01 17:48:24.993,BASELINE,8.7483,87.6289,nan
2026-06-01 17:48:25.014,BASELINE,8.7465,87.6288,nan
2026-06-01 17:48:25.034,BASELINE,8.7447,87.6286,nan
2026-06-01 17:48:25.054,BASELINE,8.7428,87.6285,nan
2026-06-01 17:48:25.075,BASELINE,8.7409,87.6283,nan
2026-06-01 17:48:25.096,BASELINE,8.7392,87.6282,nan
2026-06-01 17:48:25.116,BASELINE,8.7374,87.5969,nan
2026-06-01 17:48:25.136,BASELINE,8.7356,87.5687,nan
2026-06-01 17:48:25.157,BASELINE,8.734,87.5434,nan
2026-06-01 17:48:25.177,BASELINE,8.7323,87.5205,nan
2026-06-01 17:48:25.197,BASELINE,8.7307,87.5,nan
2026-06-01 17:48:25.218,BASELINE,8.7288,87.4815,nan
2026-06-01 17:48:25.238,BASELINE,8.7272,87.4649,nan
2026-06-01 17:48:25.258,BASELINE,8.726,87.4499,nan
2026-06-01 17:48:25.279,BASELINE,8.7242,87.4364,nan
2026-06-01 17:48:25.299,BASELINE,8.7223,87.4243,nan
2026-06-01 17:48:25.320,BASELINE,8.7203,87.4134,nan
2026-06-01 17:48:25.340,BASELINE,8.7184,87.4035,nan
2026-06-01 17:48:25.361,BASELINE,8.7165,87.3947,nan
2026-06-01 17:48:25.384,BASELINE,8.7143,87.3867,nan
2026-06-01 17:48:25.402,BASELINE,8.7124,87.3796,nan
2026-06-01 17:48:25.423,BASELINE,8.7103,87.3731,nan
2026-06-01 17:48:25.444,BASELINE,8.7083,87.3673,nan
2026-06-01 17:48:25.464,BASELINE,8.7064,87.3621,nan
2026-06-01 17:48:25.484,BASELINE,8.7044,87.3574,nan
2026-06-01 17:48:25.504,BASELINE,8.7024,87.3532,nan
2026-06-01 17:48:25.525,BASELINE,8.7004,87.3494,nan
2026-06-01 17:48:25.545,BASELINE,8.6983,87.3459,nan
2026-06-01 17:48:25.565,BASELINE,8.6961,87.3429,nan
2026-06-01 17:48:25.586,BASELINE,8.694,87.3401,nan
2026-06-01 17:48:25.606,BASELINE,8.6919,87.3015,nan
2026-06-01 17:48:25.626,BASELINE,8.6896,87.2667,nan
2026-06-01 17:48:25.646,BASELINE,8.6872,87.2354,nan
2026-06-01 17:48:25.666,BASELINE,8.6848,87.2072,nan
2026-06-01 17:48:25.687,BASELINE,8.6823,87.1819,nan
2026-06-01 17:48:25.708,BASELINE,8.6798,87.1591,nan
2026-06-01 17:48:25.728,BASELINE,8.6775,87.1385,nan
2026-06-01 17:48:25.748,BASELINE,8.6751,87.1201,nan
2026-06-01 17:48:25.769,BASELINE,8.6727,87.1034,nan
2026-06-01 17:48:25.790,BASELINE,8.6704,87.0885,nan
2026-06-01 17:48:25.811,BASELINE,8.6681,87.075,nan
2026-06-01 17:48:25.832,BASELINE,8.6661,87.0629,nan
2026-06-01 17:48:25.852,BASELINE,8.6639,87.052,nan
2026-06-01 17:48:25.872,BASELINE,8.6619,87.0422,nan
2026-06-01 17:48:25.914,BASELINE,8.6601,87.0333,nan
2026-06-01 17:48:25.934,BASELINE,8.6582,87.0254,nan
2026-06-01 17:48:25.954,BASELINE,8.6563,87.0182,nan
2026-06-01 17:48:25.974,BASELINE,8.6544,87.0118,nan
2026-06-01 17:48:25.995,BASELINE,8.6532,87.006,nan
2026-06-01 17:48:26.015,BASELINE,8.6516,87.0007,nan
2026-06-01 17:48:26.036,BASELINE,8.6497,86.9961,nan
2026-06-01 17:48:26.056,BASELINE,8.6481,86.9918,nan
2026-06-01 17:48:26.076,BASELINE,8.6464,86.988,nan
2026-06-01 17:48:26.097,BASELINE,8.6447,86.9846,nan
2026-06-01 17:48:26.118,BASELINE,8.6431,86.9815,nan
2026-06-01 17:48:26.138,BASELINE,8.6416,86.9787,nan
2026-06-01 17:48:26.159,BASELINE,8.6406,86.9762,nan
2026-06-01 17:48:26.180,BASELINE,8.6398,86.974,nan
2026-06-01 17:48:26.200,BASELINE,8.6395,86.972,nan
2026-06-01 17:48:26.220,BASELINE,8.6401,86.9702,nan
2026-06-01 17:48:26.240,BASELINE,8.6412,86.9685,nan
2026-06-01 17:48:26.260,BASELINE,8.6426,86.967,nan
2026-06-01 17:48:26.280,BASELINE,8.6445,86.9657,nan
2026-06-01 17:48:26.300,BASELINE,8.6466,86.9645,nan
2026-06-01 17:48:26.320,BASELINE,8.6489,86.9635,nan
2026-06-01 17:48:26.340,BASELINE,8.6514,86.9625,nan
2026-06-01 17:48:26.360,BASELINE,8.6541,86.9616,nan
2026-06-01 17:48:26.380,BASELINE,8.657,86.9608,nan
2026-06-01 17:48:26.401,BASELINE,8.6597,86.9601,nan
2026-06-01 17:48:26.424,BASELINE,8.6624,86.9595,nan
2026-06-01 17:48:26.442,BASELINE,8.6649,86.9589,nan
2026-06-01 17:48:26.462,BASELINE,8.6673,86.9584,nan
2026-06-01 17:48:26.483,BASELINE,8.6695,86.9579,nan
2026-06-01 17:48:26.503,BASELINE,8.6718,86.9575,nan
2026-06-01 17:48:26.523,BASELINE,8.674,86.9572,nan
2026-06-01 17:48:26.543,BASELINE,8.6762,86.9568,nan
2026-06-01 17:48:26.564,BASELINE,8.6785,86.9565,nan
2026-06-01 17:48:26.584,BASELINE,8.6807,86.9562,nan
2026-06-01 17:48:26.604,BASELINE,8.6827,86.9505,nan
2026-06-01 17:48:26.625,BASELINE,8.6848,86.9453,nan
2026-06-01 17:48:26.645,BASELINE,8.6868,86.9407,nan
2026-06-01 17:48:26.666,BASELINE,8.6888,86.9365,nan
2026-06-01 17:48:26.686,BASELINE,8.6913,86.9327,nan
2026-06-01 17:48:26.706,BASELINE,8.694,86.9294,nan
2026-06-01 17:48:26.726,BASELINE,8.6964,86.9263,nan
2026-06-01 17:48:26.747,BASELINE,8.6986,86.9236,nan
2026-06-01 17:48:26.767,BASELINE,8.7008,86.9211,nan
2026-06-01 17:48:26.787,BASELINE,8.7032,86.9189,nan
2026-06-01 17:48:26.808,BASELINE,8.7056,86.9169,nan
2026-06-01 17:48:26.829,BASELINE,8.708,86.9151,nan
2026-06-01 17:48:26.849,BASELINE,8.7102,86.9134,nan
2026-06-01 17:48:26.869,BASELINE,8.7125,86.912,nan
2026-06-01 17:48:26.890,BASELINE,8.7146,86.9107,nan
2026-06-01 17:48:26.911,BASELINE,8.717,86.9095,nan
2026-06-01 17:48:26.935,BASELINE,8.7192,86.9084,nan
2026-06-01 17:48:26.954,BASELINE,8.7213,86.9075,nan
2026-06-01 17:48:26.975,BASELINE,8.7234,86.9066,nan
2026-06-01 17:48:26.996,BASELINE,8.7253,86.9058,nan
2026-06-01 17:48:27.017,BASELINE,8.727,86.9051,nan
2026-06-01 17:48:27.037,BASELINE,8.7285,86.9045,nan
2026-06-01 17:48:27.057,BASELINE,8.7301,86.9039,nan
2026-06-01 17:48:27.078,BASELINE,8.7316,86.9034,nan
2026-06-01 17:48:27.098,BASELINE,8.7331,86.903,nan
2026-06-01 17:48:27.119,BASELINE,8.7347,86.8944,nan
2026-06-01 17:48:27.139,BASELINE,8.736,86.8867,nan
2026-06-01 17:48:27.159,BASELINE,8.7374,86.8798,nan
2026-06-01 17:48:27.180,BASELINE,8.7387,86.8736,nan
2026-06-01 17:48:27.201,BASELINE,8.74,86.868,nan
2026-06-01 17:48:27.221,BASELINE,8.7414,86.8629,nan
2026-06-01 17:48:27.242,BASELINE,8.7425,86.8584,nan
2026-06-01 17:48:27.263,BASELINE,8.7437,86.8543,nan
2026-06-01 17:48:27.283,BASELINE,8.7448,86.8506,nan
2026-06-01 17:48:27.304,BASELINE,8.7457,86.8473,nan
2026-06-01 17:48:27.324,BASELINE,8.7466,86.8443,nan
2026-06-01 17:48:27.344,BASELINE,8.7474,86.8416,nan
2026-06-01 17:48:27.364,BASELINE,8.7483,86.8392,nan
2026-06-01 17:48:27.385,BASELINE,8.7495,86.837,nan
2026-06-01 17:48:27.406,BASELINE,8.7514,86.8351,nan
2026-06-01 17:48:27.426,BASELINE,8.7527,86.8333,nan
2026-06-01 17:48:27.448,BASELINE,8.7539,86.8317,nan
2026-06-01 17:48:27.467,BASELINE,8.7552,86.8303,nan
2026-06-01 17:48:27.487,BASELINE,8.7561,86.829,nan
2026-06-01 17:48:27.508,BASELINE,8.7573,86.8279,nan
2026-06-01 17:48:27.528,BASELINE,8.7584,86.8268,nan
2026-06-01 17:48:27.549,BASELINE,8.7594,86.8259,nan
2026-06-01 17:48:27.570,BASELINE,8.7606,86.825,nan
2026-06-01 17:48:27.591,BASELINE,8.7618,86.8243,nan
2026-06-01 17:48:27.611,BASELINE,8.763,86.8236,nan
2026-06-01 17:48:27.632,BASELINE,8.7641,86.823,nan
2026-06-01 17:48:27.653,BASELINE,8.7651,86.8224,nan
2026-06-01 17:48:27.674,BASELINE,8.7662,86.8219,nan
2026-06-01 17:48:27.695,BASELINE,8.767,86.8215,nan
2026-06-01 17:48:27.716,BASELINE,8.768,86.8211,nan
2026-06-01 17:48:27.736,BASELINE,8.7688,86.8207,nan
2026-06-01 17:48:27.756,BASELINE,8.7694,86.8204,nan
2026-06-01 17:48:27.776,BASELINE,8.7697,86.8201,nan
2026-06-01 17:48:27.797,BASELINE,8.7695,86.8198,nan
2026-06-01 17:48:27.817,BASELINE,8.7695,86.8196,nan
2026-06-01 17:48:27.838,BASELINE,8.7696,86.8194,nan
2026-06-01 17:48:27.858,BASELINE,8.7695,86.8192,nan
2026-06-01 17:48:27.879,BASELINE,8.7694,86.819,nan
2026-06-01 17:48:27.900,BASELINE,8.7691,86.8189,nan
2026-06-01 17:48:27.920,BASELINE,8.7687,86.8187,nan
2026-06-01 17:48:27.940,BASELINE,8.7683,86.8186,nan
2026-06-01 17:48:27.964,BASELINE,8.768,86.8185,nan
2026-06-01 17:48:27.982,BASELINE,8.7678,86.8184,nan
2026-06-01 17:48:28.003,BASELINE,8.7676,86.8183,nan
2026-06-01 17:48:28.024,BASELINE,8.7676,86.8182,nan
2026-06-01 17:48:28.044,BASELINE,8.7676,86.8181,nan
2026-06-01 17:48:28.064,BASELINE,8.7677,86.8181,nan
2026-06-01 17:48:28.084,BASELINE,8.7683,86.818,nan
2026-06-01 17:48:28.105,BASELINE,8.7682,86.8225,nan
2026-06-01 17:48:28.125,BASELINE,8.7683,86.8265,nan
2026-06-01 17:48:28.145,BASELINE,8.7681,86.8301,nan
2026-06-01 17:48:28.166,BASELINE,8.7679,86.8334,nan
2026-06-01 17:48:28.186,BASELINE,8.7677,86.8363,nan
2026-06-01 17:48:28.207,BASELINE,8.7673,86.839,nan
2026-06-01 17:48:28.227,BASELINE,8.7669,86.8414,nan
2026-06-01 17:48:28.247,BASELINE,8.7664,86.8435,nan
2026-06-01 17:48:28.267,BASELINE,8.7658,86.8454,nan
2026-06-01 17:48:28.287,BASELINE,8.7648,86.8472,nan
2026-06-01 17:48:28.308,BASELINE,8.7639,86.8487,nan
2026-06-01 17:48:28.328,BASELINE,8.7629,86.8501,nan
2026-06-01 17:48:28.349,BASELINE,8.7618,86.8514,nan
2026-06-01 17:48:28.369,BASELINE,8.7607,86.8525,nan
2026-06-01 17:48:28.389,BASELINE,8.7594,86.8536,nan
2026-06-01 17:48:28.410,BASELINE,8.7579,86.8545,nan
2026-06-01 17:48:28.430,BASELINE,8.7566,86.8553,nan
2026-06-01 17:48:28.450,BASELINE,8.7554,86.8561,nan
2026-06-01 17:48:28.473,BASELINE,8.7546,86.8567,nan
2026-06-01 17:48:28.492,BASELINE,8.7541,86.8573,nan
2026-06-01 17:48:28.513,BASELINE,8.7538,86.8579,nan
2026-06-01 17:48:28.533,BASELINE,8.7539,86.8584,nan
2026-06-01 17:48:28.554,BASELINE,8.7541,86.8588,nan
2026-06-01 17:48:28.574,BASELINE,8.7543,86.8592,nan
2026-06-01 17:48:28.595,BASELINE,8.7546,86.8596,nan
2026-06-01 17:48:28.616,BASELINE,8.755,86.8708,nan
2026-06-01 17:48:28.636,BASELINE,8.7555,86.8809,nan
2026-06-01 17:48:28.656,BASELINE,8.7561,86.89,nan
2026-06-01 17:48:28.676,BASELINE,8.7566,86.8982,nan
2026-06-01 17:48:28.696,BASELINE,8.757,86.9056,nan
2026-06-01 17:48:28.716,BASELINE,8.7574,86.9122,nan
2026-06-01 17:48:28.737,BASELINE,8.758,86.9182,nan
2026-06-01 17:48:28.758,BASELINE,8.759,86.9235,nan
2026-06-01 17:48:28.778,BASELINE,8.7595,86.9284,nan
2026-06-01 17:48:28.798,BASELINE,8.7602,86.9327,nan
2026-06-01 17:48:28.818,BASELINE,8.7606,86.9366,nan
2026-06-01 17:48:28.839,BASELINE,8.7611,86.9402,nan
2026-06-01 17:48:28.859,BASELINE,8.7617,86.9433,nan
2026-06-01 17:48:28.879,BASELINE,8.7622,86.9462,nan
2026-06-01 17:48:28.900,BASELINE,8.7628,86.9488,nan
2026-06-01 17:48:28.920,BASELINE,8.7635,86.9511,nan
2026-06-01 17:48:28.941,BASELINE,8.764,86.9532,nan
2026-06-01 17:48:28.962,BASELINE,8.7647,86.955,nan
2026-06-01 17:48:28.987,BASELINE,8.7655,86.9567,nan
2026-06-01 17:48:29.004,BASELINE,8.7666,86.9582,nan
2026-06-01 17:48:29.025,BASELINE,8.7677,86.9596,nan
2026-06-01 17:48:29.045,BASELINE,8.7686,86.9608,nan
2026-06-01 17:48:29.065,BASELINE,8.7698,86.9619,nan
2026-06-01 17:48:29.085,BASELINE,8.7708,86.9629,nan
2026-06-01 17:48:29.106,BASELINE,8.7718,86.9762,nan
2026-06-01 17:48:29.127,BASELINE,8.7728,86.9881,nan
2026-06-01 17:48:29.147,BASELINE,8.7737,86.9988,nan
2026-06-01 17:48:29.168,BASELINE,8.7743,87.0085,nan
2026-06-01 17:48:29.189,BASELINE,8.7748,87.0171,nan
2026-06-01 17:48:29.209,BASELINE,8.7755,87.025,nan
2026-06-01 17:48:29.229,BASELINE,8.7762,87.032,nan
2026-06-01 17:48:29.249,BASELINE,8.7768,87.0383,nan
2026-06-01 17:48:29.269,BASELINE,8.7775,87.044,nan
2026-06-01 17:48:29.290,BASELINE,8.7782,87.0491,nan
2026-06-01 17:48:29.310,BASELINE,8.7787,87.0538,nan
2026-06-01 17:48:29.331,BASELINE,8.7792,87.0579,nan
2026-06-01 17:48:29.351,BASELINE,8.7799,87.0616,nan
2026-06-01 17:48:29.371,BASELINE,8.7804,87.065,nan
2026-06-01 17:48:29.392,BASELINE,8.7809,87.068,nan
2026-06-01 17:48:29.412,BASELINE,8.7816,87.0708,nan
2026-06-01 17:48:29.433,BASELINE,8.7826,87.0732,nan
2026-06-01 17:48:29.453,BASELINE,8.783,87.0754,nan
2026-06-01 17:48:29.473,BASELINE,8.7835,87.0774,nan
2026-06-01 17:48:29.497,BASELINE,8.784,87.0792,nan
2026-06-01 17:48:29.515,BASELINE,8.7848,87.0808,nan
2026-06-01 17:48:29.535,BASELINE,8.7857,87.0823,nan
2026-06-01 17:48:29.556,BASELINE,8.7864,87.0836,nan
2026-06-01 17:48:29.577,BASELINE,8.7875,87.0847,nan
2026-06-01 17:48:29.597,BASELINE,8.7886,87.0858,nan
2026-06-01 17:48:29.618,BASELINE,8.7897,87.0867,nan
2026-06-01 17:48:29.639,BASELINE,8.7909,87.0876,nan
2026-06-01 17:48:29.660,BASELINE,8.7918,87.0884,nan
2026-06-01 17:48:29.680,BASELINE,8.7931,87.0891,nan
2026-06-01 17:48:29.701,BASELINE,8.7941,87.0897,nan
2026-06-01 17:48:29.722,BASELINE,8.7949,87.0902,nan
2026-06-01 17:48:29.742,BASELINE,8.7956,87.0907,nan
2026-06-01 17:48:29.762,BASELINE,8.7966,87.0912,nan
2026-06-01 17:48:29.783,BASELINE,8.7975,87.0916,nan
2026-06-01 17:48:29.804,BASELINE,8.7984,87.092,nan
2026-06-01 17:48:29.825,BASELINE,8.7992,87.0923,nan
2026-06-01 17:48:29.845,BASELINE,8.8,87.0926,nan
2026-06-01 17:48:29.866,BASELINE,8.8007,87.0929,nan
2026-06-01 17:48:29.887,BASELINE,8.8015,87.0931,nan
2026-06-01 17:48:29.908,BASELINE,8.8021,87.0933,nan
2026-06-01 17:48:29.929,BASELINE,8.8027,87.0935,nan
2026-06-01 17:48:29.949,BASELINE,8.8033,87.0937,nan
2026-06-01 17:48:29.969,BASELINE,8.8039,87.0939,nan
2026-06-01 17:48:29.989,BASELINE,8.8044,87.094,nan
2026-06-01 17:48:30.012,BASELINE,8.8047,87.0941,nan
2026-06-01 17:48:30.030,BASELINE,8.805,87.0943,nan
2026-06-01 17:48:30.050,BASELINE,8.8054,87.0944,nan
2026-06-01 17:48:30.071,BASELINE,8.8064,87.0944,nan
2026-06-01 17:48:30.091,BASELINE,8.8071,87.0945,nan
2026-06-01 17:48:30.112,BASELINE,8.8072,87.1142,nan
2026-06-01 17:48:30.132,BASELINE,8.8074,87.1319,nan
2026-06-01 17:48:30.152,BASELINE,8.8077,87.1478,nan
2026-06-01 17:48:30.172,BASELINE,8.8081,87.1621,nan
2026-06-01 17:48:30.193,BASELINE,8.8084,87.175,nan
2026-06-01 17:48:30.213,BASELINE,8.8087,87.1866,nan
2026-06-01 17:48:30.233,BASELINE,8.809,87.1971,nan
2026-06-01 17:48:30.253,BASELINE,8.8093,87.2065,nan
2026-06-01 17:48:30.274,BASELINE,8.8098,87.2149,nan
2026-06-01 17:48:30.294,BASELINE,8.8102,87.2225,nan
2026-06-01 17:48:30.314,BASELINE,8.8107,87.2294,nan
2026-06-01 17:48:30.335,BASELINE,8.8108,87.2356,nan
2026-06-01 17:48:30.356,BASELINE,8.8113,87.2411,nan
2026-06-01 17:48:30.376,BASELINE,8.8118,87.2461,nan
2026-06-01 17:48:30.397,BASELINE,8.8123,87.2506,nan
2026-06-01 17:48:30.417,BASELINE,8.8127,87.2546,nan
2026-06-01 17:48:30.438,BASELINE,8.8131,87.2583,nan
2026-06-01 17:48:30.458,BASELINE,8.8133,87.2616,nan
2026-06-01 17:48:30.478,BASELINE,8.8133,87.2645,nan
2026-06-01 17:48:30.499,BASELINE,8.8132,87.2672,nan
2026-06-01 17:48:30.522,BASELINE,8.813,87.2696,nan
2026-06-01 17:48:30.540,BASELINE,8.8125,87.2717,nan
2026-06-01 17:48:30.561,BASELINE,8.8123,87.2736,nan
2026-06-01 17:48:30.581,BASELINE,8.8121,87.2754,nan
2026-06-01 17:48:30.602,BASELINE,8.8117,87.3056,nan
2026-06-01 17:48:30.622,BASELINE,8.8115,87.3329,nan
2026-06-01 17:48:30.642,BASELINE,8.8113,87.3574,nan
2026-06-01 17:48:30.662,BASELINE,8.8108,87.3794,nan
2026-06-01 17:48:30.683,BASELINE,8.8105,87.3993,nan
2026-06-01 17:48:30.704,BASELINE,8.8105,87.4171,nan
2026-06-01 17:48:30.725,BASELINE,8.8107,87.4332,nan
2026-06-01 17:48:30.745,BASELINE,8.8106,87.4477,nan
2026-06-01 17:48:30.765,BASELINE,8.8103,87.4607,nan
2026-06-01 17:48:30.786,BASELINE,8.81,87.4724,nan
2026-06-01 17:48:30.807,BASELINE,8.8096,87.483,nan
2026-06-01 17:48:30.827,BASELINE,8.8093,87.4925,nan
2026-06-01 17:48:30.847,BASELINE,8.8091,87.501,nan
2026-06-01 17:48:30.867,BASELINE,8.8089,87.5087,nan
2026-06-01 17:48:30.887,BASELINE,8.8087,87.5156,nan
2026-06-01 17:48:30.907,BASELINE,8.8085,87.5218,nan
2026-06-01 17:48:30.928,BASELINE,8.8084,87.5275,nan
2026-06-01 17:48:30.948,BASELINE,8.8083,87.5325,nan
2026-06-01 17:48:30.969,BASELINE,8.8081,87.537,nan
2026-06-01 17:48:30.990,BASELINE,8.8081,87.5411,nan
2026-06-01 17:48:31.010,BASELINE,8.808,87.5448,nan
2026-06-01 17:48:31.035,BASELINE,8.808,87.5481,nan
2026-06-01 17:48:31.052,BASELINE,8.8078,87.5511,nan
2026-06-01 17:48:31.072,BASELINE,8.8078,87.5538,nan
2026-06-01 17:48:31.093,BASELINE,8.8077,87.5562,nan
2026-06-01 17:48:31.113,BASELINE,8.8075,87.5807,nan
2026-06-01 17:48:31.133,BASELINE,8.8074,87.6027,nan
2026-06-01 17:48:31.153,BASELINE,8.8072,87.6226,nan
2026-06-01 17:48:31.174,BASELINE,8.807,87.6404,nan
2026-06-01 17:48:31.195,BASELINE,8.8069,87.6565,nan
2026-06-01 17:48:31.215,BASELINE,8.8069,87.671,nan
2026-06-01 17:48:31.235,BASELINE,8.8068,87.684,nan
2026-06-01 17:48:31.255,BASELINE,8.8068,87.6957,nan
2026-06-01 17:48:31.275,BASELINE,8.8065,87.7062,nan
2026-06-01 17:48:31.295,BASELINE,8.8065,87.7157,nan
2026-06-01 17:48:31.315,BASELINE,8.8065,87.7243,nan
2026-06-01 17:48:31.336,BASELINE,8.8066,87.732,nan
2026-06-01 17:48:31.357,BASELINE,8.8075,87.7389,nan
2026-06-01 17:48:31.377,BASELINE,8.8075,87.7451,nan
2026-06-01 17:48:31.397,BASELINE,8.8074,87.7507,nan
2026-06-01 17:48:31.418,BASELINE,8.8071,87.7558,nan
2026-06-01 17:48:31.438,BASELINE,8.8071,87.7603,nan
2026-06-01 17:48:31.459,BASELINE,8.807,87.7644,nan
2026-06-01 17:48:31.479,BASELINE,8.8069,87.7681,nan
2026-06-01 17:48:31.500,BASELINE,8.8067,87.7714,nan
2026-06-01 17:48:31.521,BASELINE,8.8067,87.7744,nan
2026-06-01 17:48:31.544,BASELINE,8.8067,87.777,nan
2026-06-01 17:48:31.562,BASELINE,8.8068,87.7794,nan
2026-06-01 17:48:31.583,BASELINE,8.8071,87.7816,nan
2026-06-01 17:48:31.604,BASELINE,8.8072,87.807,nan
2026-06-01 17:48:31.624,BASELINE,8.8074,87.8298,nan
2026-06-01 17:48:31.644,BASELINE,8.8076,87.8503,nan
2026-06-01 17:48:31.665,BASELINE,8.8074,87.8688,nan
2026-06-01 17:48:31.685,BASELINE,8.8073,87.8855,nan
2026-06-01 17:48:31.707,BASELINE,8.8072,87.9004,nan
2026-06-01 17:48:31.728,BASELINE,8.8073,87.9139,nan
2026-06-01 17:48:31.748,BASELINE,8.8073,87.926,nan
2026-06-01 17:48:31.768,BASELINE,8.8073,87.937,nan
2026-06-01 17:48:31.788,BASELINE,8.8074,87.9468,nan
2026-06-01 17:48:31.809,BASELINE,8.8074,87.9556,nan
2026-06-01 17:48:31.829,BASELINE,8.8074,87.9636,nan
2026-06-01 17:48:31.849,BASELINE,8.8073,87.9707,nan
2026-06-01 17:48:31.869,BASELINE,8.8074,87.9772,nan
2026-06-01 17:48:31.889,BASELINE,8.8075,87.983,nan
2026-06-01 17:48:31.909,BASELINE,8.8075,87.9882,nan
2026-06-01 17:48:31.930,BASELINE,8.8074,87.9929,nan
2026-06-01 17:48:31.950,BASELINE,8.8072,87.9971,nan
2026-06-01 17:48:31.971,BASELINE,8.8071,88.001,nan
2026-06-01 17:48:31.992,BASELINE,8.8075,88.0044,nan
2026-06-01 17:48:32.013,BASELINE,8.8074,88.0075,nan
2026-06-01 17:48:32.033,BASELINE,8.8072,88.0102,nan
2026-06-01 17:48:32.058,BASELINE,8.8071,88.0127,nan
2026-06-01 17:48:32.074,BASELINE,8.8071,88.015,nan
2026-06-01 17:48:32.094,BASELINE,8.807,88.017,nan
2026-06-01 17:48:32.115,BASELINE,8.8069,88.0188,nan
2026-06-01 17:48:32.136,BASELINE,8.8069,88.0205,nan
2026-06-01 17:48:32.156,BASELINE,8.8068,88.0219,nan
2026-06-01 17:48:32.177,BASELINE,8.807,88.0233,nan
2026-06-01 17:48:32.197,BASELINE,8.807,88.0245,nan
2026-06-01 17:48:32.218,BASELINE,8.8072,88.0255,nan
2026-06-01 17:48:32.239,BASELINE,8.8075,88.0265,nan
2026-06-01 17:48:32.259,BASELINE,8.8076,88.0274,nan
2026-06-01 17:48:32.279,BASELINE,8.8078,88.0282,nan
2026-06-01 17:48:32.300,BASELINE,8.8077,88.0289,nan
2026-06-01 17:48:32.320,BASELINE,8.8078,88.0295,nan
2026-06-01 17:48:32.341,BASELINE,8.8078,88.0301,nan
2026-06-01 17:48:32.362,BASELINE,8.8079,88.0306,nan
2026-06-01 17:48:32.383,BASELINE,8.808,88.031,nan
2026-06-01 17:48:32.403,BASELINE,8.8081,88.0315,nan
2026-06-01 17:48:32.423,BASELINE,8.8082,88.0318,nan
2026-06-01 17:48:32.444,BASELINE,8.8085,88.0322,nan
2026-06-01 17:48:32.465,BASELINE,8.8087,88.0325,nan
2026-06-01 17:48:32.486,BASELINE,8.8087,88.0328,nan
2026-06-01 17:48:32.507,BASELINE,8.8089,88.033,nan
2026-06-01 17:48:32.527,BASELINE,8.8091,88.0332,nan
2026-06-01 17:48:32.547,BASELINE,8.8093,88.0334,nan
2026-06-01 17:48:32.570,BASELINE,8.8093,88.0336,nan
2026-06-01 17:48:32.588,BASELINE,8.8094,88.0338,nan
2026-06-01 17:48:32.609,BASELINE,8.8095,88.0685,nan
2026-06-01 17:48:32.629,BASELINE,8.8098,88.0998,nan
2026-06-01 17:48:32.649,BASELINE,8.8097,88.1279,nan
2026-06-01 17:48:32.670,BASELINE,8.8096,88.1532,nan
2026-06-01 17:48:32.691,BASELINE,8.8096,88.176,nan
2026-06-01 17:48:32.711,BASELINE,8.8096,88.1965,nan
2026-06-01 17:48:32.731,BASELINE,8.8095,88.215,nan
2026-06-01 17:48:32.752,BASELINE,8.8095,88.2316,nan
2026-06-01 17:48:32.772,BASELINE,8.8097,88.2466,nan
2026-06-01 17:48:32.792,BASELINE,8.8097,88.26,nan
2026-06-01 17:48:32.813,BASELINE,8.8099,88.2721,nan
2026-06-01 17:48:32.833,BASELINE,8.8101,88.283,nan
2026-06-01 17:48:32.853,BASELINE,8.8102,88.2928,nan
2026-06-01 17:48:32.874,BASELINE,8.8103,88.3017,nan
2026-06-01 17:48:32.894,BASELINE,8.8103,88.3096,nan
2026-06-01 17:48:32.915,BASELINE,8.8105,88.3168,nan
2026-06-01 17:48:32.935,BASELINE,8.8104,88.3232,nan
2026-06-01 17:48:32.955,BASELINE,8.8102,88.329,nan
2026-06-01 17:48:32.975,BASELINE,8.8103,88.3342,nan
2026-06-01 17:48:32.995,BASELINE,8.8104,88.3389,nan
2026-06-01 17:48:33.016,BASELINE,8.8103,88.3431,nan
2026-06-01 17:48:33.037,BASELINE,8.8102,88.3469,nan
2026-06-01 17:48:33.057,BASELINE,8.8101,88.3504,nan
2026-06-01 17:48:33.081,BASELINE,8.8102,88.3534,nan
2026-06-01 17:48:33.099,BASELINE,8.8102,88.3562,nan
2026-06-01 17:48:33.119,BASELINE,8.8103,88.3758,nan
2026-06-01 17:48:33.140,BASELINE,8.8101,88.3934,nan
2026-06-01 17:48:33.161,BASELINE,8.8102,88.4093,nan
2026-06-01 17:48:33.181,BASELINE,8.8101,88.4235,nan
2026-06-01 17:48:33.202,BASELINE,8.8101,88.4364,nan
2026-06-01 17:48:33.223,BASELINE,8.8099,88.4479,nan
2026-06-01 17:48:33.243,BASELINE,8.81,88.4583,nan
2026-06-01 17:48:33.263,BASELINE,8.8106,88.4677,nan
2026-06-01 17:48:33.284,BASELINE,8.8106,88.4761,nan
2026-06-01 17:48:33.304,BASELINE,8.8103,88.4837,nan
2026-06-01 17:48:33.325,BASELINE,8.8099,88.4905,nan
2026-06-01 17:48:33.345,BASELINE,8.8096,88.4967,nan
2026-06-01 17:48:33.365,BASELINE,8.8093,88.5022,nan
2026-06-01 17:48:33.386,BASELINE,8.8086,88.5072,nan
2026-06-01 17:48:33.406,BASELINE,8.8083,88.5117,nan
2026-06-01 17:48:33.427,BASELINE,8.8081,88.5157,nan
2026-06-01 17:48:33.447,BASELINE,8.808,88.5193,nan
2026-06-01 17:48:33.468,BASELINE,8.8081,88.5226,nan
2026-06-01 17:48:33.489,BASELINE,8.808,88.5255,nan
2026-06-01 17:48:33.510,BASELINE,8.8082,88.5282,nan
2026-06-01 17:48:33.531,BASELINE,8.8081,88.5306,nan
2026-06-01 17:48:33.551,BASELINE,8.8081,88.5327,nan
2026-06-01 17:48:33.572,BASELINE,8.808,88.5346,nan
2026-06-01 17:48:33.596,BASELINE,8.8079,88.5364,nan
2026-06-01 17:48:33.613,BASELINE,8.8078,88.5609,nan
2026-06-01 17:48:33.633,BASELINE,8.8077,88.5831,nan
2026-06-01 17:48:33.654,BASELINE,8.8074,88.603,nan
2026-06-01 17:48:33.674,BASELINE,8.8073,88.6209,nan
2026-06-01 17:48:33.694,BASELINE,8.8071,88.637,nan
2026-06-01 17:48:33.714,BASELINE,8.807,88.6515,nan
2026-06-01 17:48:33.734,BASELINE,8.807,88.6646,nan
2026-06-01 17:48:33.754,BASELINE,8.807,88.6764,nan
2026-06-01 17:48:33.775,BASELINE,8.8068,88.6869,nan
2026-06-01 17:48:33.796,BASELINE,8.8068,88.6965,nan
2026-06-01 17:48:33.816,BASELINE,8.8064,88.705,nan
2026-06-01 17:48:33.837,BASELINE,8.8062,88.7127,nan
2026-06-01 17:48:33.857,BASELINE,8.8059,88.7197,nan
2026-06-01 17:48:33.877,BASELINE,8.806,88.7259,nan
2026-06-01 17:48:33.898,BASELINE,8.8064,88.7316,nan
2026-06-01 17:48:33.918,BASELINE,8.8063,88.7366,nan
2026-06-01 17:48:33.939,BASELINE,8.8061,88.7412,nan
2026-06-01 17:48:33.960,BASELINE,8.8058,88.7453,nan
2026-06-01 17:48:33.980,BASELINE,8.8056,88.749,nan
2026-06-01 17:48:34.001,BASELINE,8.8053,88.7523,nan
2026-06-01 17:48:34.023,BASELINE,8.8048,88.7553,nan
2026-06-01 17:48:34.043,BASELINE,8.8047,88.758,nan
2026-06-01 17:48:34.064,BASELINE,8.8044,88.7604,nan
2026-06-01 17:48:34.085,BASELINE,8.8043,88.7626,nan
2026-06-01 17:48:34.112,BASELINE,8.8042,88.7689,nan
2026-06-01 17:48:34.127,BASELINE,8.8042,88.7746,nan
2026-06-01 17:48:34.147,BASELINE,8.8041,88.7797,nan
2026-06-01 17:48:34.167,BASELINE,8.8041,88.7844,nan
2026-06-01 17:48:34.188,BASELINE,8.8039,88.7885,nan
2026-06-01 17:48:34.209,BASELINE,8.8036,88.7923,nan
2026-06-01 17:48:34.229,BASELINE,8.8035,88.7956,nan
2026-06-01 17:48:34.249,BASELINE,8.8032,88.7986,nan
2026-06-01 17:48:34.270,BASELINE,8.8031,88.8014,nan
2026-06-01 17:48:34.291,BASELINE,8.8028,88.8038,nan
2026-06-01 17:48:34.311,BASELINE,8.8026,88.806,nan
2026-06-01 17:48:34.331,BASELINE,8.8021,88.808,nan
2026-06-01 17:48:34.351,BASELINE,8.8019,88.8098,nan
2026-06-01 17:48:34.371,BASELINE,8.8015,88.8114,nan
2026-06-01 17:48:34.391,BASELINE,8.801,88.8129,nan
2026-06-01 17:48:34.412,BASELINE,8.8006,88.8142,nan
2026-06-01 17:48:34.432,BASELINE,8.8001,88.8154,nan
2026-06-01 17:48:34.452,BASELINE,8.7997,88.8164,nan
2026-06-01 17:48:34.473,BASELINE,8.7991,88.8174,nan
2026-06-01 17:48:34.494,BASELINE,8.7985,88.8182,nan
2026-06-01 17:48:34.515,BASELINE,8.798,88.819,nan
2026-06-01 17:48:34.535,BASELINE,8.7976,88.8197,nan
2026-06-01 17:48:34.555,BASELINE,8.7979,88.8203,nan
2026-06-01 17:48:34.576,BASELINE,8.7976,88.8209,nan
2026-06-01 17:48:34.597,BASELINE,8.7971,88.8214,nan
2026-06-01 17:48:34.620,BASELINE,8.7966,88.8218,nan
2026-06-01 17:48:34.640,BASELINE,8.7961,88.8222,nan
2026-06-01 17:48:34.660,BASELINE,8.7958,88.8226,nan
2026-06-01 17:48:34.680,BASELINE,8.7953,88.8229,nan
2026-06-01 17:48:34.701,BASELINE,8.7951,88.8232,nan
2026-06-01 17:48:34.721,BASELINE,8.7949,88.8235,nan
2026-06-01 17:48:34.741,BASELINE,8.7946,88.8238,nan
2026-06-01 17:48:34.762,BASELINE,8.7945,88.824,nan
2026-06-01 17:48:34.782,BASELINE,8.7943,88.8242,nan
2026-06-01 17:48:34.803,BASELINE,8.7942,88.8243,nan
2026-06-01 17:48:34.824,BASELINE,8.794,88.8245,nan
2026-06-01 17:48:34.845,BASELINE,8.7937,88.8246,nan
2026-06-01 17:48:34.865,BASELINE,8.7932,88.8248,nan
2026-06-01 17:48:34.885,BASELINE,8.7927,88.8249,nan
2026-06-01 17:48:34.905,BASELINE,8.7923,88.825,nan
2026-06-01 17:48:34.926,BASELINE,8.7916,88.8251,nan
2026-06-01 17:48:34.946,BASELINE,8.7909,88.8252,nan
2026-06-01 17:48:34.967,BASELINE,8.7904,88.8252,nan
2026-06-01 17:48:34.988,BASELINE,8.79,88.8253,nan
2026-06-01 17:48:35.009,BASELINE,8.7894,88.8254,nan
2026-06-01 17:48:35.029,BASELINE,8.7889,88.8254,nan
2026-06-01 17:48:35.049,BASELINE,8.7884,88.8255,nan
2026-06-01 17:48:35.069,BASELINE,8.788,88.8255,nan
2026-06-01 17:48:35.090,BASELINE,8.7878,88.8256,nan
2026-06-01 17:48:35.110,BASELINE,8.7873,88.8109,nan
2026-06-01 17:48:35.133,BASELINE,8.7871,88.7977,nan
2026-06-01 17:48:35.151,BASELINE,8.787,88.7858,nan
2026-06-01 17:48:35.172,BASELINE,8.7868,88.7751,nan
2026-06-01 17:48:35.192,BASELINE,8.7866,88.7655,nan
2026-06-01 17:48:35.213,BASELINE,8.7866,88.7568,nan
2026-06-01 17:48:35.233,BASELINE,8.7865,88.7491,nan
2026-06-01 17:48:35.253,BASELINE,8.7869,88.742,nan
2026-06-01 17:48:35.276,BASELINE,8.7875,88.7357,nan
2026-06-01 17:48:35.296,BASELINE,8.7875,88.73,nan
2026-06-01 17:48:35.316,BASELINE,8.7875,88.7249,nan
2026-06-01 17:48:35.337,BASELINE,8.7874,88.7203,nan
2026-06-01 17:48:35.357,BASELINE,8.7875,88.7162,nan
2026-06-01 17:48:35.378,BASELINE,8.7874,88.7125,nan
2026-06-01 17:48:35.399,BASELINE,8.7876,88.7091,nan
2026-06-01 17:48:35.420,BASELINE,8.7877,88.7061,nan
2026-06-01 17:48:35.440,BASELINE,8.7878,88.7034,nan
2026-06-01 17:48:35.462,BASELINE,8.788,88.7009,nan
2026-06-01 17:48:35.482,BASELINE,8.7882,88.6987,nan
2026-06-01 17:48:35.502,BASELINE,8.7883,88.6967,nan
2026-06-01 17:48:35.523,BASELINE,8.7887,88.6949,nan
2026-06-01 17:48:35.543,BASELINE,8.7888,88.6933,nan
2026-06-01 17:48:35.563,BASELINE,8.7891,88.6919,nan
2026-06-01 17:48:35.583,BASELINE,8.7892,88.6906,nan
2026-06-01 17:48:35.604,BASELINE,8.7895,88.693,nan
2026-06-01 17:48:35.624,BASELINE,8.7896,88.6952,nan
2026-06-01 17:48:35.648,BASELINE,8.7897,88.6971,nan
2026-06-01 17:48:35.665,BASELINE,8.7898,88.6989,nan
2026-06-01 17:48:35.685,BASELINE,8.7897,88.7005,nan
2026-06-01 17:48:35.706,BASELINE,8.7896,88.7019,nan
2026-06-01 17:48:35.727,BASELINE,8.7892,88.7032,nan
2026-06-01 17:48:35.747,BASELINE,8.7887,88.7043,nan
2026-06-01 17:48:35.768,BASELINE,8.7882,88.7054,nan
2026-06-01 17:48:35.790,BASELINE,8.7875,88.7063,nan
2026-06-01 17:48:35.811,BASELINE,8.7869,88.7071,nan
2026-06-01 17:48:35.831,BASELINE,8.7862,88.7079,nan
2026-06-01 17:48:35.851,BASELINE,8.7857,88.7086,nan
2026-06-01 17:48:35.872,BASELINE,8.7849,88.7092,nan
2026-06-01 17:48:35.894,BASELINE,8.7844,88.7097,nan
2026-06-01 17:48:35.915,BASELINE,8.7838,88.7102,nan
2026-06-01 17:48:35.935,BASELINE,8.7838,88.7107,nan
2026-06-01 17:48:35.956,BASELINE,8.7832,88.7111,nan
2026-06-01 17:48:35.976,BASELINE,8.7828,88.7115,nan
2026-06-01 17:48:35.996,BASELINE,8.7823,88.7118,nan
2026-06-01 17:48:36.017,BASELINE,8.7818,88.7121,nan
2026-06-01 17:48:36.037,BASELINE,8.7814,88.7123,nan
2026-06-01 17:48:36.057,BASELINE,8.7809,88.7126,nan
2026-06-01 17:48:36.078,BASELINE,8.7806,88.7128,nan
2026-06-01 17:48:36.098,BASELINE,8.7802,88.713,nan
2026-06-01 17:48:36.120,BASELINE,8.7798,88.7132,nan
2026-06-01 17:48:36.141,BASELINE,8.7794,88.7133,nan
2026-06-01 17:48:36.164,BASELINE,8.7791,88.7135,nan
2026-06-01 17:48:36.181,BASELINE,8.7788,88.7136,nan
2026-06-01 17:48:36.201,BASELINE,8.7783,88.7137,nan
2026-06-01 17:48:36.222,BASELINE,8.7776,88.7138,nan
2026-06-01 17:48:36.243,BASELINE,8.777,88.7139,nan
2026-06-01 17:48:36.264,BASELINE,8.7764,88.714,nan
2026-06-01 17:48:36.286,BASELINE,8.7755,88.714,nan
2026-06-01 17:48:36.307,BASELINE,8.7748,88.7141,nan
2026-06-01 17:48:36.328,BASELINE,8.7743,88.7142,nan
2026-06-01 17:48:36.348,BASELINE,8.7738,88.7142,nan
2026-06-01 17:48:36.369,BASELINE,8.7732,88.7143,nan
2026-06-01 17:48:36.390,BASELINE,8.7729,88.7143,nan
2026-06-01 17:48:36.411,BASELINE,8.7726,88.7144,nan
2026-06-01 17:48:36.432,BASELINE,8.7725,88.7144,nan
2026-06-01 17:48:36.452,BASELINE,8.7726,88.7144,nan
2026-06-01 17:48:36.473,BASELINE,8.7728,88.7145,nan
2026-06-01 17:48:36.493,BASELINE,8.7731,88.7145,nan
2026-06-01 17:48:36.513,BASELINE,8.7733,88.7145,nan
2026-06-01 17:48:36.535,BASELINE,8.7734,88.7145,nan
2026-06-01 17:48:36.555,BASELINE,8.7735,88.7145,nan
2026-06-01 17:48:36.576,BASELINE,8.7737,88.7146,nan
2026-06-01 17:48:36.597,BASELINE,8.774,88.7146,nan
2026-06-01 17:48:36.617,BASELINE,8.7742,88.7029,nan
2026-06-01 17:48:36.638,BASELINE,8.775,88.6924,nan
2026-06-01 17:48:36.658,BASELINE,8.7754,88.683,nan
2026-06-01 17:48:36.681,BASELINE,8.7754,88.6745,nan
2026-06-01 17:48:36.699,BASELINE,8.7754,88.6669,nan
2026-06-01 17:48:36.720,BASELINE,8.7755,88.66,nan
2026-06-01 17:48:36.740,BASELINE,8.7757,88.6538,nan
2026-06-01 17:48:36.761,BASELINE,8.7758,88.6482,nan
2026-06-01 17:48:36.782,BASELINE,8.7759,88.6432,nan
2026-06-01 17:48:36.802,BASELINE,8.7761,88.6387,nan
2026-06-01 17:48:36.823,BASELINE,8.7761,88.6346,nan
2026-06-01 17:48:36.843,BASELINE,8.7765,88.631,nan
2026-06-01 17:48:36.863,BASELINE,8.7768,88.6277,nan
2026-06-01 17:48:36.883,BASELINE,8.7772,88.6247,nan
2026-06-01 17:48:36.905,BASELINE,8.7775,88.6221,nan
2026-06-01 17:48:36.925,BASELINE,8.7777,88.6197,nan
2026-06-01 17:48:36.945,BASELINE,8.778,88.6175,nan
2026-06-01 17:48:36.966,BASELINE,8.7782,88.6156,nan
2026-06-01 17:48:36.986,BASELINE,8.7782,88.6138,nan
2026-06-01 17:48:37.007,BASELINE,8.7783,88.6122,nan
2026-06-01 17:48:37.028,BASELINE,8.7783,88.6108,nan
2026-06-01 17:48:37.049,BASELINE,8.7784,88.6096,nan
2026-06-01 17:48:37.069,BASELINE,8.7783,88.6084,nan
2026-06-01 17:48:37.089,BASELINE,8.7782,88.6074,nan
2026-06-01 17:48:37.110,BASELINE,8.7782,88.6145,nan
2026-06-01 17:48:37.131,BASELINE,8.7779,88.6209,nan
2026-06-01 17:48:37.152,BASELINE,8.7779,88.6266,nan
2026-06-01 17:48:37.172,BASELINE,8.7778,88.6318,nan
2026-06-01 17:48:37.196,BASELINE,8.7777,88.6364,nan
2026-06-01 17:48:37.214,BASELINE,8.7775,88.6406,nan
2026-06-01 17:48:37.234,BASELINE,8.7775,88.6444,nan
2026-06-01 17:48:37.254,BASELINE,8.7774,88.6478,nan
2026-06-01 17:48:37.275,BASELINE,8.7773,88.6508,nan
2026-06-01 17:48:37.296,BASELINE,8.7775,88.6536,nan
2026-06-01 17:48:37.317,BASELINE,8.7773,88.6561,nan
2026-06-01 17:48:37.337,BASELINE,8.7767,88.6583,nan
2026-06-01 17:48:37.357,BASELINE,8.7761,88.6603,nan
2026-06-01 17:48:37.377,BASELINE,8.7758,88.6621,nan
2026-06-01 17:48:37.397,BASELINE,8.7755,88.6637,nan
2026-06-01 17:48:37.418,BASELINE,8.7752,88.6652,nan
2026-06-01 17:48:37.438,BASELINE,8.7749,88.6665,nan
2026-06-01 17:48:37.458,BASELINE,8.7746,88.6677,nan
2026-06-01 17:48:37.479,BASELINE,8.7744,88.6687,nan
2026-06-01 17:48:37.499,BASELINE,8.7744,88.6697,nan
2026-06-01 17:48:37.519,BASELINE,8.7744,88.6706,nan
2026-06-01 17:48:37.539,BASELINE,8.7745,88.6713,nan
2026-06-01 17:48:37.559,BASELINE,8.7746,88.672,nan
2026-06-01 17:48:37.580,BASELINE,8.7748,88.6727,nan
2026-06-01 17:48:37.601,BASELINE,8.7752,88.6732,nan
2026-06-01 17:48:37.621,BASELINE,8.7756,88.6714,nan
2026-06-01 17:48:37.641,BASELINE,8.7759,88.6697,nan
2026-06-01 17:48:37.661,BASELINE,8.7761,88.6682,nan
2026-06-01 17:48:37.681,BASELINE,8.7763,88.6669,nan
2026-06-01 17:48:37.706,BASELINE,8.7763,88.6657,nan
2026-06-01 17:48:37.722,BASELINE,8.7765,88.6646,nan
2026-06-01 17:48:37.743,BASELINE,8.7765,88.6636,nan
2026-06-01 17:48:37.764,BASELINE,8.7765,88.6627,nan
2026-06-01 17:48:37.784,BASELINE,8.7767,88.6619,nan
2026-06-01 17:48:37.805,BASELINE,8.7768,88.6612,nan
2026-06-01 17:48:37.826,BASELINE,8.7769,88.6605,nan
2026-06-01 17:48:37.846,BASELINE,8.777,88.66,nan
2026-06-01 17:48:37.866,BASELINE,8.777,88.6594,nan
2026-06-01 17:48:37.887,BASELINE,8.7772,88.659,nan
2026-06-01 17:48:37.907,BASELINE,8.7772,88.6585,nan
2026-06-01 17:48:37.928,BASELINE,8.7773,88.6582,nan
2026-06-01 17:48:37.949,BASELINE,8.7774,88.6578,nan
2026-06-01 17:48:37.969,BASELINE,8.7779,88.6575,nan
2026-06-01 17:48:37.989,BASELINE,8.7788,88.6572,nan
2026-06-01 17:48:38.009,BASELINE,8.7791,88.657,nan
2026-06-01 17:48:38.030,BASELINE,8.7791,88.6567,nan
2026-06-01 17:48:38.050,BASELINE,8.7792,88.6565,nan
2026-06-01 17:48:38.070,BASELINE,8.7795,88.6564,nan
2026-06-01 17:48:38.090,BASELINE,8.7795,88.6562,nan
2026-06-01 17:48:38.111,BASELINE,8.7796,88.6561,nan
2026-06-01 17:48:38.132,BASELINE,8.7796,88.6559,nan
2026-06-01 17:48:38.154,BASELINE,8.7795,88.6558,nan
2026-06-01 17:48:38.174,BASELINE,8.7793,88.6557,nan
2026-06-01 17:48:38.194,BASELINE,8.7792,88.6556,nan
2026-06-01 17:48:38.217,BASELINE,8.7791,88.6555,nan
2026-06-01 17:48:38.236,BASELINE,8.7793,88.6554,nan
2026-06-01 17:48:38.257,BASELINE,8.7793,88.6554,nan
2026-06-01 17:48:38.277,BASELINE,8.7795,88.6553,nan
2026-06-01 17:48:38.298,BASELINE,8.7796,88.6552,nan
2026-06-01 17:48:38.318,BASELINE,8.7799,88.6552,nan
2026-06-01 17:48:38.339,BASELINE,8.7801,88.6551,nan
2026-06-01 17:48:38.359,BASELINE,8.7804,88.6551,nan
2026-06-01 17:48:38.379,BASELINE,8.7806,88.6551,nan
2026-06-01 17:48:38.400,BASELINE,8.781,88.655,nan
2026-06-01 17:48:38.420,BASELINE,8.7812,88.655,nan
2026-06-01 17:48:38.445,BASELINE,8.7817,88.655,nan
2026-06-01 17:48:38.476,BASELINE,8.7823,88.6549,nan
2026-06-01 17:48:38.508,BASELINE,8.7827,88.6549,nan
2026-06-01 17:48:38.540,BASELINE,8.783,88.6549,nan
2026-06-01 17:48:38.573,BASELINE,8.783,88.6549,nan
2026-06-01 17:48:38.605,BASELINE,8.7829,88.6549,nan
2026-06-01 17:48:38.636,BASELINE,8.7834,88.6658,nan
2026-06-01 17:48:38.669,BASELINE,8.7837,88.6756,nan
2026-06-01 17:48:38.700,BASELINE,8.7844,88.6845,nan
2026-06-01 17:48:38.732,BASELINE,8.7848,88.6924,nan
2026-06-01 17:48:38.764,BASELINE,8.7855,88.6996,nan
2026-06-01 17:48:38.796,BASELINE,8.7861,88.7061,nan
2026-06-01 17:48:38.828,BASELINE,8.7869,88.7119,nan
2026-06-01 17:48:38.859,BASELINE,8.788,88.7171,nan
2026-06-01 17:48:38.893,BASELINE,8.7889,88.7218,nan
2026-06-01 17:48:38.922,BASELINE,8.7897,88.726,nan
2026-06-01 17:48:38.956,BASELINE,8.7905,88.7298,nan
2026-06-01 17:48:38.987,BASELINE,8.7912,88.7332,nan
2026-06-01 17:48:39.018,BASELINE,8.792,88.7363,nan
2026-06-01 17:48:39.049,BASELINE,8.7925,88.7391,nan
2026-06-01 17:48:39.081,BASELINE,8.7931,88.7416,nan
2026-06-01 17:48:39.112,BASELINE,8.7938,88.7439,nan
2026-06-01 17:48:39.143,BASELINE,8.7944,88.7586,nan
2026-06-01 17:48:39.174,BASELINE,8.7952,88.7718,nan
2026-06-01 17:48:39.206,BASELINE,8.7959,88.7837,nan
2026-06-01 17:48:39.238,BASELINE,8.7966,88.7944,nan
2026-06-01 17:48:39.270,BASELINE,8.7974,88.8041,nan
2026-06-01 17:48:39.301,BASELINE,8.7982,88.8128,nan
2026-06-01 17:48:39.332,BASELINE,8.7989,88.8206,nan
2026-06-01 17:48:39.362,BASELINE,8.7995,88.8276,nan
2026-06-01 17:48:39.394,BASELINE,8.8,88.8339,nan
2026-06-01 17:48:39.425,BASELINE,8.8006,88.8396,nan
2026-06-01 17:48:39.456,BASELINE,8.8013,88.8448,nan
2026-06-01 17:48:39.488,BASELINE,8.8019,88.8494,nan
2026-06-01 17:48:39.520,BASELINE,8.8025,88.8535,nan
2026-06-01 17:48:39.552,BASELINE,8.8031,88.8573,nan
2026-06-01 17:48:39.583,BASELINE,8.8035,88.8606,nan
2026-06-01 17:48:39.616,BASELINE,8.8041,88.8636,nan
2026-06-01 17:48:39.648,BASELINE,8.8046,88.8803,nan
2026-06-01 17:48:39.681,BASELINE,8.8048,88.8953,nan
2026-06-01 17:48:39.709,BASELINE,8.8053,88.9088,nan
2026-06-01 17:48:39.741,BASELINE,8.8057,88.921,nan
2026-06-01 17:48:39.773,BASELINE,8.8061,88.9319,nan
2026-06-01 17:48:39.806,BASELINE,8.8065,88.9417,nan
2026-06-01 17:48:39.838,BASELINE,8.807,88.9506,nan
2026-06-01 17:48:39.868,BASELINE,8.8075,88.9586,nan
2026-06-01 17:48:39.899,BASELINE,8.8079,88.9657,nan
2026-06-01 17:48:39.932,BASELINE,8.8089,88.9722,nan
2026-06-01 17:48:39.963,BASELINE,8.8093,88.978,nan
2026-06-01 17:48:39.995,BASELINE,8.8097,88.9832,nan
2026-06-01 17:48:40.026,BASELINE,8.8099,88.9879,nan
2026-06-01 17:48:40.058,BASELINE,8.8102,88.9922,nan
2026-06-01 17:48:40.089,BASELINE,8.8107,88.996,nan
2026-06-01 17:48:40.120,BASELINE,8.8111,89.0123,nan
2026-06-01 17:48:40.150,BASELINE,8.8116,89.0269,nan
2026-06-01 17:48:40.182,BASELINE,8.8119,89.0401,nan
2026-06-01 17:48:40.214,BASELINE,8.8122,89.052,nan
2026-06-01 17:48:40.246,BASELINE,8.8125,89.0626,nan
2026-06-01 17:48:40.277,BASELINE,8.8129,89.0723,nan
2026-06-01 17:48:40.308,BASELINE,8.8131,89.0809,nan
2026-06-01 17:48:40.339,BASELINE,8.8134,89.0887,nan
2026-06-01 17:48:40.372,BASELINE,8.8138,89.0957,nan
2026-06-01 17:48:40.404,BASELINE,8.814,89.102,nan
2026-06-01 17:48:40.436,BASELINE,8.8144,89.1077,nan
2026-06-01 17:48:40.472,BASELINE,8.8147,89.1128,nan
2026-06-01 17:48:40.498,BASELINE,8.8152,89.1174,nan
2026-06-01 17:48:40.530,BASELINE,8.8154,89.1215,nan
2026-06-01 17:48:40.562,BASELINE,8.8163,89.1253,nan
2026-06-01 17:48:40.595,BASELINE,8.8167,89.1286,nan
2026-06-01 17:48:40.627,BASELINE,8.8172,89.1316,nan
2026-06-01 17:48:40.658,BASELINE,8.8175,89.1343,nan
2026-06-01 17:48:40.690,BASELINE,8.8179,89.1368,nan
2026-06-01 17:48:40.711,BASELINE,8.8186,89.139,nan
2026-06-01 17:48:40.732,BASELINE,8.8192,89.141,nan
2026-06-01 17:48:40.754,BASELINE,8.8199,89.1427,nan
2026-06-01 17:48:40.774,BASELINE,8.8205,89.1443,nan
2026-06-01 17:48:40.794,BASELINE,8.8213,89.1458,nan
2026-06-01 17:48:40.814,BASELINE,8.822,89.1471,nan
2026-06-01 17:48:40.836,BASELINE,8.8227,89.1482,nan
2026-06-01 17:48:40.857,BASELINE,8.8234,89.1493,nan
2026-06-01 17:48:40.878,BASELINE,8.824,89.1502,nan
2026-06-01 17:48:40.898,BASELINE,8.8245,89.1511,nan
2026-06-01 17:48:40.919,BASELINE,8.8253,89.1519,nan
2026-06-01 17:48:40.940,BASELINE,8.8259,89.1526,nan
2026-06-01 17:48:40.960,BASELINE,8.8264,89.1532,nan
2026-06-01 17:48:40.980,BASELINE,8.827,89.1537,nan
2026-06-01 17:48:41.001,BASELINE,8.8277,89.1542,nan
2026-06-01 17:48:41.022,BASELINE,8.8284,89.1547,nan
2026-06-01 17:48:41.045,BASELINE,8.829,89.1551,nan
2026-06-01 17:48:41.067,BASELINE,8.8298,89.1555,nan
2026-06-01 17:48:41.087,BASELINE,8.8305,89.1558,nan
2026-06-01 17:48:41.107,BASELINE,8.831,89.1605,nan
2026-06-01 17:48:41.128,BASELINE,8.8318,89.1647,nan
2026-06-01 17:48:41.148,BASELINE,8.8324,89.1685,nan
2026-06-01 17:48:41.168,BASELINE,8.833,89.1719,nan
2026-06-01 17:48:41.188,BASELINE,8.8336,89.175,nan
2026-06-01 17:48:41.208,BASELINE,8.8347,89.1777,nan
2026-06-01 17:48:41.228,BASELINE,8.8352,89.1802,nan
2026-06-01 17:48:41.249,BASELINE,8.8358,89.1825,nan
2026-06-01 17:48:41.270,BASELINE,8.8362,89.1845,nan
2026-06-01 17:48:41.291,BASELINE,8.8368,89.1863,nan
2026-06-01 17:48:41.311,BASELINE,8.8373,89.1879,nan
2026-06-01 17:48:41.331,BASELINE,8.8379,89.1894,nan
2026-06-01 17:48:41.352,BASELINE,8.8386,89.1907,nan
2026-06-01 17:48:41.372,BASELINE,8.8393,89.1919,nan
2026-06-01 17:48:41.392,BASELINE,8.84,89.193,nan
2026-06-01 17:48:41.413,BASELINE,8.8408,89.1939,nan
2026-06-01 17:48:41.434,BASELINE,8.8416,89.1948,nan
2026-06-01 17:48:41.454,BASELINE,8.8425,89.1956,nan
2026-06-01 17:48:41.474,BASELINE,8.8433,89.1963,nan
2026-06-01 17:48:41.494,BASELINE,8.8441,89.1969,nan
2026-06-01 17:48:41.515,BASELINE,8.8449,89.1975,nan
2026-06-01 17:48:41.535,BASELINE,8.8455,89.198,nan
2026-06-01 17:48:41.556,BASELINE,8.8462,89.1985,nan
2026-06-01 17:48:41.583,BASELINE,8.8469,89.1989,nan
2026-06-01 17:48:41.598,BASELINE,8.8476,89.1992,nan
2026-06-01 17:48:41.620,BASELINE,8.8484,89.1957,nan
2026-06-01 17:48:41.641,BASELINE,8.8491,89.1924,nan
2026-06-01 17:48:41.661,BASELINE,8.8499,89.1895,nan
2026-06-01 17:48:41.683,BASELINE,8.8506,89.1869,nan
2026-06-01 17:48:41.716,BASELINE,8.8514,89.1846,nan
2026-06-01 17:48:41.748,BASELINE,8.8521,89.1824,nan
2026-06-01 17:48:41.781,BASELINE,8.8528,89.1805,nan
2026-06-01 17:48:41.811,BASELINE,8.8533,89.1788,nan
2026-06-01 17:48:41.841,BASELINE,8.854,89.1773,nan
2026-06-01 17:48:41.873,BASELINE,8.8545,89.1759,nan
2026-06-01 17:48:41.906,BASELINE,8.8558,89.1746,nan
2026-06-01 17:48:41.937,BASELINE,8.8565,89.1735,nan
2026-06-01 17:48:41.973,BASELINE,8.8572,89.1725,nan
2026-06-01 17:48:42.012,BASELINE,8.8579,89.1716,nan
2026-06-01 17:48:42.047,BASELINE,8.8586,89.1708,nan
2026-06-01 17:48:42.079,BASELINE,8.8594,89.17,nan
2026-06-01 17:48:42.111,BASELINE,8.86,89.1694,nan
2026-06-01 17:48:42.142,BASELINE,8.8608,89.1688,nan
2026-06-01 17:48:42.174,BASELINE,8.8616,89.1682,nan
2026-06-01 17:48:42.207,BASELINE,8.8622,89.1677,nan
2026-06-01 17:48:42.229,BASELINE,8.8627,89.1673,nan
2026-06-01 17:48:42.247,BASELINE,8.8632,89.1669,nan
2026-06-01 17:48:42.267,BASELINE,8.8638,89.1666,nan
2026-06-01 17:48:42.294,BASELINE,8.8644,89.1662,nan
2026-06-01 17:48:42.309,BASELINE,8.8649,89.166,nan
2026-06-01 17:48:42.329,BASELINE,8.8656,89.1657,nan
2026-06-01 17:48:42.350,BASELINE,8.8661,89.1655,nan
2026-06-01 17:48:42.372,BASELINE,8.8665,89.1653,nan
2026-06-01 17:48:42.392,BASELINE,8.867,89.1651,nan
2026-06-01 17:48:42.413,BASELINE,8.8673,89.1649,nan
2026-06-01 17:48:42.434,BASELINE,8.8675,89.1648,nan
2026-06-01 17:48:42.454,BASELINE,8.8678,89.1646,nan
2026-06-01 17:48:42.475,BASELINE,8.868,89.1645,nan
2026-06-01 17:48:42.495,BASELINE,8.8682,89.1644,nan
2026-06-01 17:48:42.515,BASELINE,8.8681,89.1643,nan
2026-06-01 17:48:42.536,BASELINE,8.868,89.1642,nan
2026-06-01 17:48:42.556,BASELINE,8.8679,89.1641,nan
2026-06-01 17:48:42.576,BASELINE,8.8677,89.164,nan
2026-06-01 17:48:42.596,BASELINE,8.8677,89.164,nan
2026-06-01 17:48:42.616,BASELINE,8.8685,89.1492,nan
2026-06-01 17:48:42.637,BASELINE,8.8685,89.1359,nan
2026-06-01 17:48:42.658,BASELINE,8.8683,89.1239,nan
2026-06-01 17:48:42.679,BASELINE,8.8682,89.1132,nan
2026-06-01 17:48:42.700,BASELINE,8.8681,89.1035,nan
2026-06-01 17:48:42.721,BASELINE,8.868,89.0947,nan
2026-06-01 17:48:42.742,BASELINE,8.8678,89.0869,nan
2026-06-01 17:48:42.762,BASELINE,8.8676,89.0798,nan
2026-06-01 17:48:42.782,BASELINE,8.8674,89.0734,nan
2026-06-01 17:48:42.809,BASELINE,8.8673,89.0677,nan
2026-06-01 17:48:42.824,BASELINE,8.8673,89.0626,nan
2026-06-01 17:48:42.846,BASELINE,8.8673,89.0579,nan
2026-06-01 17:48:42.869,BASELINE,8.8674,89.0538,nan
2026-06-01 17:48:42.897,BASELINE,8.8674,89.05,nan
2026-06-01 17:48:42.917,BASELINE,8.8673,89.0466,nan
2026-06-01 17:48:42.943,BASELINE,8.8671,89.0436,nan
2026-06-01 17:48:43.004,BASELINE,8.8668,89.0408,nan
2026-06-01 17:48:43.029,BASELINE,8.8666,89.0384,nan
2026-06-01 17:48:43.063,BASELINE,8.8663,89.0362,nan
2026-06-01 17:48:43.081,BASELINE,8.8661,89.0342,nan
2026-06-01 17:48:43.104,BASELINE,8.8659,89.0324,nan
2026-06-01 17:48:43.123,BASELINE,8.866,89.0087,nan
2026-06-01 17:48:43.144,BASELINE,8.8661,88.9875,nan
2026-06-01 17:48:43.164,BASELINE,8.8661,88.9684,nan
2026-06-01 17:48:43.186,BASELINE,8.866,88.9511,nan
2026-06-01 17:48:43.207,BASELINE,8.8661,88.9356,nan
2026-06-01 17:48:43.228,BASELINE,8.8661,88.9217,nan
2026-06-01 17:48:43.248,BASELINE,8.8663,88.9091,nan
2026-06-01 17:48:43.268,BASELINE,8.8662,88.8979,nan
2026-06-01 17:48:43.288,BASELINE,8.8662,88.8877,nan
2026-06-01 17:48:43.309,BASELINE,8.8663,88.8785,nan
2026-06-01 17:48:43.329,BASELINE,8.8663,88.8703,nan
2026-06-01 17:48:43.349,BASELINE,8.8663,88.8629,nan
2026-06-01 17:48:43.369,BASELINE,8.867,88.8562,nan
2026-06-01 17:48:43.393,BASELINE,8.8672,88.8502,nan
2026-06-01 17:48:43.410,BASELINE,8.8671,88.8448,nan
2026-06-01 17:48:43.430,BASELINE,8.8672,88.8399,nan
2026-06-01 17:48:43.452,BASELINE,8.8672,88.8356,nan
2026-06-01 17:48:43.473,BASELINE,8.8672,88.8316,nan
2026-06-01 17:48:43.493,BASELINE,8.8672,88.8281,nan
2026-06-01 17:48:43.514,BASELINE,8.8672,88.8249,nan
2026-06-01 17:48:43.535,BASELINE,8.8671,88.822,nan
2026-06-01 17:48:43.555,BASELINE,8.8672,88.8194,nan
2026-06-01 17:48:43.576,BASELINE,8.8673,88.8171,nan
2026-06-01 17:48:43.597,BASELINE,8.8675,88.815,nan
2026-06-01 17:48:43.619,BASELINE,8.8676,88.8131,nan
2026-06-01 17:48:43.639,BASELINE,8.8677,88.8114,nan
2026-06-01 17:48:43.659,BASELINE,8.8678,88.8099,nan
2026-06-01 17:48:43.679,BASELINE,8.8678,88.8085,nan
2026-06-01 17:48:43.699,BASELINE,8.8678,88.8073,nan
2026-06-01 17:48:43.719,BASELINE,8.8676,88.8062,nan
2026-06-01 17:48:43.739,BASELINE,8.8675,88.8052,nan
2026-06-01 17:48:43.760,BASELINE,8.8674,88.8043,nan
2026-06-01 17:48:43.780,BASELINE,8.8673,88.8035,nan
2026-06-01 17:48:43.801,BASELINE,8.8674,88.8027,nan
2026-06-01 17:48:43.820,BASELINE,8.8675,88.8021,nan
2026-06-01 17:48:43.842,BASELINE,8.8675,88.8015,nan
2026-06-01 17:48:43.862,BASELINE,8.8676,88.801,nan
2026-06-01 17:48:43.884,BASELINE,8.8674,88.8005,nan
2026-06-01 17:48:43.914,BASELINE,8.8675,88.8001,nan
2026-06-01 17:48:43.925,BASELINE,8.8675,88.7997,nan
2026-06-01 17:48:43.947,BASELINE,8.8676,88.7993,nan
2026-06-01 17:48:43.967,BASELINE,8.8677,88.799,nan
2026-06-01 17:48:43.987,BASELINE,8.8677,88.7987,nan
2026-06-01 17:48:44.007,BASELINE,8.8678,88.7985,nan
2026-06-01 17:48:44.028,BASELINE,8.8678,88.7982,nan
2026-06-01 17:48:44.048,BASELINE,8.8677,88.798,nan
2026-06-01 17:48:44.069,BASELINE,8.8677,88.7979,nan
2026-06-01 17:48:44.126,BASELINE,8.8677,88.7977,nan
2026-06-01 17:48:44.160,BASELINE,8.8675,88.7981,nan
2026-06-01 17:48:44.180,BASELINE,8.8675,88.7984,nan
2026-06-01 17:48:44.203,BASELINE,8.8676,88.7987,nan
2026-06-01 17:48:44.223,BASELINE,8.8675,88.799,nan
2026-06-01 17:48:44.244,BASELINE,8.8675,88.7992,nan
2026-06-01 17:48:44.264,BASELINE,8.8674,88.7994,nan
2026-06-01 17:48:44.285,BASELINE,8.8674,88.7996,nan
2026-06-01 17:48:44.304,BASELINE,8.8674,88.7998,nan
2026-06-01 17:48:44.325,BASELINE,8.8674,88.7999,nan
2026-06-01 17:48:44.345,BASELINE,8.8674,88.8001,nan
2026-06-01 17:48:44.365,BASELINE,8.8674,88.8002,nan
2026-06-01 17:48:44.385,BASELINE,8.8672,88.8003,nan
2026-06-01 17:48:44.405,BASELINE,8.8671,88.8004,nan
2026-06-01 17:48:44.426,BASELINE,8.8671,88.8005,nan
2026-06-01 17:48:44.447,BASELINE,8.8667,88.8006,nan
2026-06-01 17:48:44.474,BASELINE,8.8666,88.8007,nan
2026-06-01 17:48:44.489,BASELINE,8.8665,88.8008,nan
2026-06-01 17:48:44.509,BASELINE,8.8664,88.8008,nan
2026-06-01 17:48:44.530,BASELINE,8.8662,88.8009,nan
2026-06-01 17:48:44.551,BASELINE,8.8659,88.8009,nan
2026-06-01 17:48:44.571,BASELINE,8.8656,88.801,nan
2026-06-01 17:48:44.592,BASELINE,8.8653,88.801,nan
2026-06-01 17:48:44.613,BASELINE,8.865,88.7947,nan
2026-06-01 17:48:44.634,BASELINE,8.8647,88.789,nan
2026-06-01 17:48:44.655,BASELINE,8.8646,88.7838,nan
2026-06-01 17:48:44.675,BASELINE,8.8644,88.7792,nan
2026-06-01 17:48:44.695,BASELINE,8.8642,88.7751,nan
2026-06-01 17:48:44.716,BASELINE,8.864,88.7713,nan
2026-06-01 17:48:44.736,BASELINE,8.8638,88.7679,nan
2026-06-01 17:48:44.757,BASELINE,8.8636,88.7649,nan
2026-06-01 17:48:44.778,BASELINE,8.8635,88.7622,nan
2026-06-01 17:48:44.798,BASELINE,8.8632,88.7597,nan
2026-06-01 17:48:44.819,BASELINE,8.8635,88.7575,nan
2026-06-01 17:48:44.840,BASELINE,8.8636,88.7555,nan
2026-06-01 17:48:44.861,BASELINE,8.8634,88.7537,nan
2026-06-01 17:48:44.881,BASELINE,8.8632,88.7521,nan
2026-06-01 17:48:44.902,BASELINE,8.8628,88.7507,nan
2026-06-01 17:48:44.923,BASELINE,8.8625,88.7494,nan
2026-06-01 17:48:44.943,BASELINE,8.8622,88.7482,nan
2026-06-01 17:48:44.964,BASELINE,8.8619,88.7471,nan
2026-06-01 17:48:44.989,BASELINE,8.8617,88.7462,nan
2026-06-01 17:48:45.006,BASELINE,8.8614,88.7453,nan
2026-06-01 17:48:45.027,BASELINE,8.8612,88.7446,nan
2026-06-01 17:48:45.047,BASELINE,8.8611,88.7439,nan
2026-06-01 17:48:45.068,BASELINE,8.861,88.7432,nan
2026-06-01 17:48:45.087,BASELINE,8.8608,88.7427,nan
2026-06-01 17:48:45.107,BASELINE,8.8605,88.7315,nan
2026-06-01 17:48:45.128,BASELINE,8.8602,88.7214,nan
2026-06-01 17:48:45.148,BASELINE,8.8598,88.7123,nan
2026-06-01 17:48:45.169,BASELINE,8.8594,88.7042,nan
2026-06-01 17:48:45.190,BASELINE,8.8592,88.6968,nan
2026-06-01 17:48:45.211,BASELINE,8.8587,88.6902,nan
2026-06-01 17:48:45.231,BASELINE,8.8584,88.6843,nan
2026-06-01 17:48:45.252,BASELINE,8.8581,88.6789,nan
2026-06-01 17:48:45.272,BASELINE,8.8578,88.6741,nan
2026-06-01 17:48:45.292,BASELINE,8.8575,88.6697,nan
2026-06-01 17:48:45.312,BASELINE,8.8571,88.6658,nan
2026-06-01 17:48:45.334,BASELINE,8.8566,88.6623,nan
2026-06-01 17:48:45.354,BASELINE,8.8562,88.6592,nan
2026-06-01 17:48:45.374,BASELINE,8.8558,88.6563,nan
2026-06-01 17:48:45.395,BASELINE,8.8554,88.6538,nan
2026-06-01 17:48:45.415,BASELINE,8.855,88.6515,nan
2026-06-01 17:48:45.435,BASELINE,8.8548,88.6494,nan
2026-06-01 17:48:45.456,BASELINE,8.8545,88.6475,nan
2026-06-01 17:48:45.476,BASELINE,8.854,88.6458,nan
2026-06-01 17:48:45.501,BASELINE,8.8537,88.6443,nan
2026-06-01 17:48:45.518,BASELINE,8.8533,88.643,nan
2026-06-01 17:48:45.539,BASELINE,8.8538,88.6417,nan
2026-06-01 17:48:45.559,BASELINE,8.8536,88.6406,nan
2026-06-01 17:48:45.580,BASELINE,8.8534,88.6396,nan
2026-06-01 17:48:45.601,BASELINE,8.8531,88.6387,nan
2026-06-01 17:48:45.621,BASELINE,8.8528,88.6441,nan
2026-06-01 17:48:45.641,BASELINE,8.8525,88.649,nan
2026-06-01 17:48:45.662,BASELINE,8.8523,88.6534,nan
2026-06-01 17:48:45.682,BASELINE,8.852,88.6573,nan
2026-06-01 17:48:45.702,BASELINE,8.8515,88.6609,nan
2026-06-01 17:48:45.723,BASELINE,8.8514,88.664,nan
2026-06-01 17:48:45.743,BASELINE,8.8513,88.6669,nan
2026-06-01 17:48:45.763,BASELINE,8.8512,88.6695,nan
2026-06-01 17:48:45.783,BASELINE,8.8511,88.6718,nan
2026-06-01 17:48:45.804,BASELINE,8.851,88.6739,nan
2026-06-01 17:48:45.825,BASELINE,8.8508,88.6758,nan
2026-06-01 17:48:45.847,BASELINE,8.8506,88.6775,nan
2026-06-01 17:48:45.867,BASELINE,8.8503,88.679,nan
2026-06-01 17:48:45.889,BASELINE,8.8501,88.6804,nan
2026-06-01 17:48:45.909,BASELINE,8.8496,88.6816,nan
2026-06-01 17:48:45.929,BASELINE,8.8493,88.6827,nan
2026-06-01 17:48:45.951,BASELINE,8.849,88.6837,nan
2026-06-01 17:48:45.971,BASELINE,8.8488,88.6846,nan
2026-06-01 17:48:45.991,BASELINE,8.8484,88.6855,nan
2026-06-01 17:48:46.015,BASELINE,8.848,88.6862,nan
2026-06-01 17:48:46.031,BASELINE,8.8477,88.6868,nan
2026-06-01 17:48:46.052,BASELINE,8.8475,88.6874,nan
2026-06-01 17:48:46.072,BASELINE,8.8472,88.688,nan
2026-06-01 17:48:46.093,BASELINE,8.8469,88.6884,nan
2026-06-01 17:48:46.113,BASELINE,8.8466,88.6763,nan
2026-06-01 17:48:46.134,BASELINE,8.8465,88.6655,nan
2026-06-01 17:48:46.154,BASELINE,8.8463,88.6557,nan
2026-06-01 17:48:46.175,BASELINE,8.846,88.6468,nan
2026-06-01 17:48:46.195,BASELINE,8.8456,88.6389,nan
2026-06-01 17:48:46.216,BASELINE,8.8452,88.6318,nan
2026-06-01 17:48:46.236,BASELINE,8.8448,88.6253,nan
2026-06-01 17:48:46.256,BASELINE,8.845,88.6196,nan
2026-06-01 17:48:46.278,BASELINE,8.845,88.6144,nan
2026-06-01 17:48:46.298,BASELINE,8.8448,88.6097,nan
2026-06-01 17:48:46.319,BASELINE,8.8443,88.6055,nan
2026-06-01 17:48:46.340,BASELINE,8.8439,88.6017,nan
2026-06-01 17:48:46.360,BASELINE,8.8435,88.5982,nan
2026-06-01 17:48:46.380,BASELINE,8.8431,88.5952,nan
2026-06-01 17:48:46.400,BASELINE,8.8429,88.5924,nan
2026-06-01 17:48:46.421,BASELINE,8.8425,88.5899,nan
2026-06-01 17:48:46.441,BASELINE,8.8423,88.5877,nan
2026-06-01 17:48:46.462,BASELINE,8.8421,88.5857,nan
2026-06-01 17:48:46.484,BASELINE,8.8419,88.5838,nan
2026-06-01 17:48:46.504,BASELINE,8.8419,88.5822,nan
2026-06-01 17:48:46.529,BASELINE,8.8417,88.5807,nan
2026-06-01 17:48:46.547,BASELINE,8.8416,88.5794,nan
2026-06-01 17:48:46.568,BASELINE,8.8411,88.5782,nan
2026-06-01 17:48:46.588,BASELINE,8.8407,88.5771,nan
2026-06-01 17:48:46.608,BASELINE,8.8402,88.5678,nan
2026-06-01 17:48:46.628,BASELINE,8.8398,88.5595,nan
2026-06-01 17:48:46.649,BASELINE,8.8395,88.552,nan
2026-06-01 17:48:46.669,BASELINE,8.839,88.5452,nan
2026-06-01 17:48:46.690,BASELINE,8.8385,88.5391,nan
2026-06-01 17:48:46.711,BASELINE,8.8382,88.5336,nan
2026-06-01 17:48:46.732,BASELINE,8.8378,88.5286,nan
2026-06-01 17:48:46.753,BASELINE,8.8371,88.5242,nan
2026-06-01 17:48:46.773,BASELINE,8.8366,88.5202,nan
2026-06-01 17:48:46.794,BASELINE,8.8361,88.5166,nan
2026-06-01 17:48:46.814,BASELINE,8.8354,88.5134,nan
2026-06-01 17:48:46.835,BASELINE,8.8347,88.5104,nan
2026-06-01 17:48:46.855,BASELINE,8.8341,88.5078,nan
2026-06-01 17:48:46.875,BASELINE,8.8335,88.5055,nan
2026-06-01 17:48:46.895,BASELINE,8.833,88.5033,nan
2026-06-01 17:48:46.916,BASELINE,8.8323,88.5014,nan
2026-06-01 17:48:46.937,BASELINE,8.8316,88.4997,nan
2026-06-01 17:48:46.958,BASELINE,8.8313,88.4981,nan
2026-06-01 17:48:46.978,BASELINE,8.8315,88.4967,nan
2026-06-01 17:48:46.998,BASELINE,8.831,88.4955,nan
2026-06-01 17:48:47.018,BASELINE,8.8305,88.4944,nan
2026-06-01 17:48:47.044,BASELINE,8.8299,88.4933,nan
2026-06-01 17:48:47.059,BASELINE,8.8295,88.4924,nan
2026-06-01 17:48:47.080,BASELINE,8.8291,88.4916,nan
2026-06-01 17:48:47.100,BASELINE,8.8287,88.4909,nan
2026-06-01 17:48:47.121,BASELINE,8.8283,88.4902,nan
2026-06-01 17:48:47.141,BASELINE,8.8279,88.4896,nan
2026-06-01 17:48:47.162,BASELINE,8.8276,88.489,nan
2026-06-01 17:48:47.184,BASELINE,8.8273,88.4886,nan
2026-06-01 17:48:47.205,BASELINE,8.8271,88.4881,nan
2026-06-01 17:48:47.225,BASELINE,8.8269,88.4877,nan
2026-06-01 17:48:47.245,BASELINE,8.8265,88.4874,nan
2026-06-01 17:48:47.266,BASELINE,8.8261,88.4871,nan
2026-06-01 17:48:47.287,BASELINE,8.8255,88.4868,nan
2026-06-01 17:48:47.308,BASELINE,8.8249,88.4865,nan
2026-06-01 17:48:47.329,BASELINE,8.8244,88.4863,nan
2026-06-01 17:48:47.351,BASELINE,8.8238,88.4861,nan
2026-06-01 17:48:47.370,BASELINE,8.8233,88.4859,nan
2026-06-01 17:48:47.390,BASELINE,8.8225,88.4857,nan
2026-06-01 17:48:47.410,BASELINE,8.8219,88.4856,nan
2026-06-01 17:48:47.431,BASELINE,8.8214,88.4854,nan
2026-06-01 17:48:47.452,BASELINE,8.821,88.4853,nan
2026-06-01 17:48:47.472,BASELINE,8.8204,88.4852,nan
2026-06-01 17:48:47.492,BASELINE,8.8196,88.4851,nan
2026-06-01 17:48:47.512,BASELINE,8.8191,88.485,nan
2026-06-01 17:48:47.532,BASELINE,8.8184,88.4849,nan
2026-06-01 17:48:47.556,BASELINE,8.8177,88.4848,nan
2026-06-01 17:48:47.572,BASELINE,8.8172,88.4848,nan
2026-06-01 17:48:47.592,BASELINE,8.8166,88.4847,nan
2026-06-01 17:48:47.613,BASELINE,8.8158,88.4781,nan
2026-06-01 17:48:47.634,BASELINE,8.815,88.4721,nan
2026-06-01 17:48:47.654,BASELINE,8.814,88.4668,nan
2026-06-01 17:48:47.674,BASELINE,8.8134,88.4619,nan
2026-06-01 17:48:47.695,BASELINE,8.813,88.4576,nan
2026-06-01 17:48:47.715,BASELINE,8.8116,88.4537,nan
2026-06-01 17:48:47.735,BASELINE,8.8098,88.4502,nan
2026-06-01 17:48:47.755,BASELINE,8.8077,88.447,nan
2026-06-01 17:48:47.775,BASELINE,8.8052,88.4441,nan
2026-06-01 17:48:47.796,BASELINE,8.8017,88.4416,nan
2026-06-01 17:48:47.817,BASELINE,8.7973,88.4393,nan
2026-06-01 17:48:47.837,BASELINE,8.7921,88.4372,nan
2026-06-01 17:48:47.858,BASELINE,8.7862,88.4353,nan
2026-06-01 17:48:47.878,BASELINE,8.7798,88.4336,nan
2026-06-01 17:48:47.899,BASELINE,8.7729,88.4321,nan
2026-06-01 17:48:47.920,BASELINE,8.7657,88.4308,nan
2026-06-01 17:48:47.940,BASELINE,8.7581,88.4295,nan
2026-06-01 17:48:47.960,BASELINE,8.7504,88.4284,nan
2026-06-01 17:48:47.981,BASELINE,8.7428,88.4274,nan
2026-06-01 17:48:48.002,BASELINE,8.7353,88.4265,nan
2026-06-01 17:48:48.023,BASELINE,8.7287,88.4257,nan
2026-06-01 17:48:48.044,BASELINE,8.7226,88.425,nan
2026-06-01 17:48:48.068,BASELINE,8.717,88.4244,nan
2026-06-01 17:48:48.084,BASELINE,8.7123,88.4238,nan
2026-06-01 17:48:48.104,BASELINE,8.7085,88.4197,nan
2026-06-01 17:48:48.125,BASELINE,8.7056,88.4161,nan
2026-06-01 17:48:48.146,BASELINE,8.7034,88.4129,nan
2026-06-01 17:48:48.167,BASELINE,8.7017,88.4099,nan
2026-06-01 17:48:48.187,BASELINE,8.7004,88.4073,nan
2026-06-01 17:48:48.208,BASELINE,8.6993,88.4049,nan
2026-06-01 17:48:48.228,BASELINE,8.6984,88.4028,nan
2026-06-01 17:48:48.250,BASELINE,8.6975,88.4008,nan
2026-06-01 17:48:48.272,BASELINE,8.697,88.3991,nan
2026-06-01 17:48:48.292,BASELINE,8.6964,88.3975,nan
2026-06-01 17:48:48.314,BASELINE,8.6956,88.3961,nan
2026-06-01 17:48:48.334,BASELINE,8.6947,88.3949,nan
2026-06-01 17:48:48.355,BASELINE,8.6933,88.3937,nan
2026-06-01 17:48:48.375,BASELINE,8.6922,88.3927,nan
2026-06-01 17:48:48.395,BASELINE,8.6905,88.3918,nan
2026-06-01 17:48:48.415,BASELINE,8.6879,88.391,nan
2026-06-01 17:48:48.436,BASELINE,8.6849,88.3902,nan
2026-06-01 17:48:48.456,BASELINE,8.6816,88.3895,nan
2026-06-01 17:48:48.477,BASELINE,8.6779,88.3889,nan
2026-06-01 17:48:48.497,BASELINE,8.6743,88.3884,nan
2026-06-01 17:48:48.518,BASELINE,8.6708,88.3879,nan
2026-06-01 17:48:48.538,BASELINE,8.6675,88.3875,nan
2026-06-01 17:48:48.559,BASELINE,8.6642,88.3871,nan
2026-06-01 17:48:48.583,BASELINE,8.6611,88.3867,nan
2026-06-01 17:48:48.600,BASELINE,8.6584,88.3864,nan
2026-06-01 17:48:48.621,BASELINE,8.656,88.384,nan
2026-06-01 17:48:48.642,BASELINE,8.6542,88.3819,nan
2026-06-01 17:48:48.663,BASELINE,8.6529,88.38,nan
2026-06-01 17:48:48.683,BASELINE,8.6521,88.3782,nan
2026-06-01 17:48:48.704,BASELINE,8.6518,88.3767,nan
2026-06-01 17:48:48.725,BASELINE,8.6522,88.3753,nan
2026-06-01 17:48:48.746,BASELINE,8.6533,88.374,nan
2026-06-01 17:48:48.766,BASELINE,8.6547,88.3729,nan
2026-06-01 17:48:48.787,BASELINE,8.6565,88.3719,nan
2026-06-01 17:48:48.807,BASELINE,8.6587,88.371,nan
2026-06-01 17:48:48.828,BASELINE,8.6607,88.3701,nan
2026-06-01 17:48:48.849,BASELINE,8.6628,88.3694,nan
2026-06-01 17:48:48.869,BASELINE,8.6649,88.3687,nan
2026-06-01 17:48:48.889,BASELINE,8.667,88.3681,nan
2026-06-01 17:48:48.910,BASELINE,8.669,88.3676,nan
2026-06-01 17:48:48.930,BASELINE,8.6713,88.3671,nan
2026-06-01 17:48:48.951,BASELINE,8.6738,88.3666,nan
2026-06-01 17:48:48.971,BASELINE,8.6761,88.3662,nan
2026-06-01 17:48:48.992,BASELINE,8.6784,88.3659,nan
2026-06-01 17:48:49.013,BASELINE,8.6804,88.3656,nan
2026-06-01 17:48:49.034,BASELINE,8.6824,88.3653,nan
2026-06-01 17:48:49.055,BASELINE,8.6847,88.365,nan
2026-06-01 17:48:49.075,BASELINE,8.6873,88.3648,nan
2026-06-01 17:48:49.100,BASELINE,8.6891,88.3646,nan
2026-06-01 17:48:49.116,BASELINE,8.691,88.3546,nan
2026-06-01 17:48:49.136,BASELINE,8.6927,88.3455,nan
2026-06-01 17:48:49.156,BASELINE,8.6944,88.3374,nan
2026-06-01 17:48:49.176,BASELINE,8.6961,88.3301,nan
2026-06-01 17:48:49.197,BASELINE,8.6978,88.3235,nan
2026-06-01 17:48:49.218,BASELINE,8.6994,88.3176,nan
2026-06-01 17:48:49.238,BASELINE,8.7009,88.3123,nan
2026-06-01 17:48:49.259,BASELINE,8.7024,88.3075,nan
2026-06-01 17:48:49.279,BASELINE,8.7038,88.3032,nan
2026-06-01 17:48:49.299,BASELINE,8.7053,88.2993,nan
2026-06-01 17:48:49.320,BASELINE,8.7069,88.2958,nan
2026-06-01 17:48:49.341,BASELINE,8.7083,88.2926,nan
2026-06-01 17:48:49.361,BASELINE,8.7097,88.2898,nan
2026-06-01 17:48:49.382,BASELINE,8.7109,88.2873,nan
2026-06-01 17:48:49.403,BASELINE,8.712,88.285,nan
2026-06-01 17:48:49.423,BASELINE,8.7131,88.2829,nan
2026-06-01 17:48:49.443,BASELINE,8.7143,88.281,nan
2026-06-01 17:48:49.464,BASELINE,8.7154,88.2794,nan
2026-06-01 17:48:49.484,BASELINE,8.7164,88.2779,nan
2026-06-01 17:48:49.505,BASELINE,8.7174,88.2765,nan
2026-06-01 17:48:49.526,BASELINE,8.7185,88.2753,nan
2026-06-01 17:48:49.547,BASELINE,8.7194,88.2742,nan
2026-06-01 17:48:49.568,BASELINE,8.7201,88.2732,nan
2026-06-01 17:48:49.589,BASELINE,8.7208,88.2723,nan
2026-06-01 17:48:49.612,BASELINE,8.7215,88.2743,nan
2026-06-01 17:48:49.630,BASELINE,8.7223,88.276,nan
2026-06-01 17:48:49.651,BASELINE,8.7228,88.2775,nan
2026-06-01 17:48:49.671,BASELINE,8.7232,88.279,nan
2026-06-01 17:48:49.692,BASELINE,8.7238,88.2802,nan
2026-06-01 17:48:49.713,BASELINE,8.7244,88.2814,nan
2026-06-01 17:48:49.733,BASELINE,8.7252,88.2824,nan
2026-06-01 17:48:49.754,BASELINE,8.7261,88.2833,nan
2026-06-01 17:48:49.774,BASELINE,8.7266,88.2841,nan
2026-06-01 17:48:49.794,BASELINE,8.7268,88.2849,nan
2026-06-01 17:48:49.815,BASELINE,8.7272,88.2856,nan
2026-06-01 17:48:49.835,BASELINE,8.7274,88.2862,nan
2026-06-01 17:48:49.855,BASELINE,8.7277,88.2867,nan
2026-06-01 17:48:49.875,BASELINE,8.7281,88.2872,nan
2026-06-01 17:48:49.895,BASELINE,8.7285,88.2876,nan
2026-06-01 17:48:49.915,BASELINE,8.7288,88.288,nan
2026-06-01 17:48:49.936,BASELINE,8.7292,88.2884,nan
2026-06-01 17:48:49.957,BASELINE,8.7296,88.2887,nan
2026-06-01 17:48:49.977,BASELINE,8.7299,88.289,nan
2026-06-01 17:48:49.998,BASELINE,8.7302,88.2893,nan
2026-06-01 17:48:50.018,BASELINE,8.7304,88.2895,nan
2026-06-01 17:48:50.039,BASELINE,8.7307,88.2897,nan
2026-06-01 17:48:50.059,BASELINE,8.731,88.2899,nan
2026-06-01 17:48:50.079,BASELINE,8.7312,88.2901,nan
2026-06-01 17:48:50.099,BASELINE,8.7313,88.2902,nan
2026-06-01 17:48:50.122,BASELINE,8.7315,88.2907,nan
2026-06-01 17:48:50.142,BASELINE,8.7318,88.2911,nan
2026-06-01 17:48:50.162,BASELINE,8.7321,88.2915,nan
2026-06-01 17:48:50.183,BASELINE,8.7321,88.2918,nan
2026-06-01 17:48:50.204,BASELINE,8.7323,88.2921,nan
2026-06-01 17:48:50.224,BASELINE,8.7324,88.2924,nan
2026-06-01 17:48:50.245,BASELINE,8.7325,88.2926,nan
2026-06-01 17:48:50.266,BASELINE,8.7326,88.2928,nan
2026-06-01 17:48:50.287,BASELINE,8.7327,88.293,nan
2026-06-01 17:48:50.309,BASELINE,8.7327,88.2932,nan
2026-06-01 17:48:50.329,BASELINE,8.7329,88.2934,nan
2026-06-01 17:48:50.350,BASELINE,8.7328,88.2935,nan
2026-06-01 17:48:50.370,BASELINE,8.7329,88.2937,nan
2026-06-01 17:48:50.390,BASELINE,8.7334,88.2938,nan
2026-06-01 17:48:50.411,BASELINE,8.7339,88.2939,nan
2026-06-01 17:48:50.432,BASELINE,8.7337,88.294,nan
2026-06-01 17:48:50.453,BASELINE,8.7337,88.2941,nan
2026-06-01 17:48:50.473,BASELINE,8.7337,88.2941,nan
2026-06-01 17:48:50.493,BASELINE,8.7337,88.2942,nan
2026-06-01 17:48:50.513,BASELINE,8.7336,88.2943,nan
2026-06-01 17:48:50.534,BASELINE,8.7337,88.2943,nan
2026-06-01 17:48:50.555,BASELINE,8.7336,88.2944,nan
2026-06-01 17:48:50.575,BASELINE,8.7336,88.2944,nan
2026-06-01 17:48:50.596,BASELINE,8.7337,88.2945,nan
2026-06-01 17:48:50.617,BASELINE,8.7339,88.3039,nan
2026-06-01 17:48:50.640,BASELINE,8.7341,88.3125,nan
2026-06-01 17:48:50.658,BASELINE,8.7342,88.3201,nan
2026-06-01 17:48:50.678,BASELINE,8.7344,88.3271,nan
2026-06-01 17:48:50.699,BASELINE,8.7346,88.3333,nan
2026-06-01 17:48:50.720,BASELINE,8.7346,88.3389,nan
2026-06-01 17:48:50.740,BASELINE,8.7344,88.3439,nan
2026-06-01 17:48:50.761,BASELINE,8.7345,88.3484,nan
2026-06-01 17:48:50.782,BASELINE,8.7344,88.3525,nan
2026-06-01 17:48:50.803,BASELINE,8.7346,88.3562,nan
2026-06-01 17:48:50.824,BASELINE,8.7346,88.3595,nan
2026-06-01 17:48:50.844,BASELINE,8.7347,88.3625,nan
2026-06-01 17:48:50.865,BASELINE,8.7347,88.3652,nan
2026-06-01 17:48:50.885,BASELINE,8.7346,88.3676,nan
2026-06-01 17:48:50.906,BASELINE,8.7346,88.3697,nan
2026-06-01 17:48:50.926,BASELINE,8.7349,88.3717,nan
2026-06-01 17:48:50.948,BASELINE,8.7349,88.3734,nan
2026-06-01 17:48:50.967,BASELINE,8.7349,88.375,nan
2026-06-01 17:48:50.987,BASELINE,8.7348,88.3765,nan
2026-06-01 17:48:51.007,BASELINE,8.7347,88.3777,nan
2026-06-01 17:48:51.027,BASELINE,8.7344,88.3789,nan
2026-06-01 17:48:51.048,BASELINE,8.7347,88.3799,nan
2026-06-01 17:48:51.068,BASELINE,8.7343,88.3809,nan
2026-06-01 17:48:51.089,BASELINE,8.7342,88.3817,nan
2026-06-01 17:48:51.110,BASELINE,8.734,88.3822,nan
2026-06-01 17:48:51.131,BASELINE,8.7338,88.3826,nan
2026-06-01 17:48:51.156,BASELINE,8.7336,88.383,nan
2026-06-01 17:48:51.172,BASELINE,8.7335,88.3834,nan
2026-06-01 17:48:51.192,BASELINE,8.7333,88.3837,nan
2026-06-01 17:48:51.213,BASELINE,8.733,88.384,nan
2026-06-01 17:48:51.233,BASELINE,8.733,88.3843,nan
2026-06-01 17:48:51.254,BASELINE,8.7331,88.3845,nan
2026-06-01 17:48:51.275,BASELINE,8.7331,88.3847,nan
2026-06-01 17:48:51.295,BASELINE,8.7332,88.3849,nan
2026-06-01 17:48:51.315,BASELINE,8.7331,88.3851,nan
2026-06-01 17:48:51.335,BASELINE,8.733,88.3853,nan
2026-06-01 17:48:51.356,BASELINE,8.733,88.3854,nan
2026-06-01 17:48:51.376,BASELINE,8.7327,88.3855,nan
2026-06-01 17:48:51.398,BASELINE,8.7327,88.3857,nan
2026-06-01 17:48:51.418,BASELINE,8.7328,88.3858,nan
2026-06-01 17:48:51.438,BASELINE,8.7329,88.3858,nan
2026-06-01 17:48:51.459,BASELINE,8.7328,88.3859,nan
2026-06-01 17:48:51.479,BASELINE,8.7329,88.386,nan
2026-06-01 17:48:51.499,BASELINE,8.7331,88.3861,nan
2026-06-01 17:48:51.519,BASELINE,8.7331,88.3861,nan
2026-06-01 17:48:51.540,BASELINE,8.733,88.3862,nan
2026-06-01 17:48:51.560,BASELINE,8.7332,88.3862,nan
2026-06-01 17:48:51.582,BASELINE,8.7332,88.3863,nan
2026-06-01 17:48:51.602,BASELINE,8.7332,88.3931,nan
2026-06-01 17:48:51.623,BASELINE,8.7331,88.3992,nan
2026-06-01 17:48:51.644,BASELINE,8.733,88.4047,nan
2026-06-01 17:48:51.669,BASELINE,8.7333,88.4097,nan
2026-06-01 17:48:51.686,BASELINE,8.734,88.4141,nan
2026-06-01 17:48:51.707,BASELINE,8.734,88.4181,nan
2026-06-01 17:48:51.727,BASELINE,8.7337,88.4217,nan
2026-06-01 17:48:51.748,BASELINE,8.7336,88.425,nan
2026-06-01 17:48:51.768,BASELINE,8.7334,88.4279,nan
2026-06-01 17:48:51.789,BASELINE,8.7333,88.4305,nan
2026-06-01 17:48:51.809,BASELINE,8.7332,88.4329,nan
2026-06-01 17:48:51.829,BASELINE,8.733,88.435,nan
2026-06-01 17:48:51.850,BASELINE,8.7329,88.437,nan
2026-06-01 17:48:51.870,BASELINE,8.7329,88.4387,nan
2026-06-01 17:48:51.891,BASELINE,8.7329,88.4402,nan
2026-06-01 17:48:51.912,BASELINE,8.733,88.4416,nan
2026-06-01 17:48:51.932,BASELINE,8.7331,88.4429,nan
2026-06-01 17:48:51.953,BASELINE,8.7332,88.444,nan
2026-06-01 17:48:51.973,BASELINE,8.7331,88.4451,nan
2026-06-01 17:48:51.993,BASELINE,8.7329,88.446,nan
2026-06-01 17:48:52.015,BASELINE,8.7325,88.4468,nan
2026-06-01 17:48:52.035,BASELINE,8.7317,88.4475,nan
2026-06-01 17:48:52.056,BASELINE,8.7309,88.4482,nan
2026-06-01 17:48:52.076,BASELINE,8.73,88.4488,nan
2026-06-01 17:48:52.097,BASELINE,8.7289,88.4494,nan
2026-06-01 17:48:52.118,BASELINE,8.7278,88.474,nan
2026-06-01 17:48:52.138,BASELINE,8.7263,88.4961,nan
2026-06-01 17:48:52.159,BASELINE,8.7252,88.516,nan
2026-06-01 17:48:52.184,BASELINE,8.7239,88.5339,nan
2026-06-01 17:48:52.200,BASELINE,8.7226,88.5501,nan
2026-06-01 17:48:52.220,BASELINE,8.7216,88.5646,nan
2026-06-01 17:48:52.241,BASELINE,8.7207,88.5777,nan
2026-06-01 17:48:52.261,BASELINE,8.7196,88.5894,nan
2026-06-01 17:48:52.282,BASELINE,8.719,88.6,nan
2026-06-01 17:48:52.302,BASELINE,8.7191,88.6095,nan
2026-06-01 17:48:52.322,BASELINE,8.7189,88.6181,nan
2026-06-01 17:48:52.342,BASELINE,8.7181,88.6258,nan
2026-06-01 17:48:52.363,BASELINE,8.7175,88.6328,nan
2026-06-01 17:48:52.384,BASELINE,8.7172,88.639,nan
2026-06-01 17:48:52.404,BASELINE,8.7168,88.6446,nan
2026-06-01 17:48:52.424,BASELINE,8.7166,88.6497,nan
2026-06-01 17:48:52.445,BASELINE,8.7164,88.6543,nan
2026-06-01 17:48:52.465,BASELINE,8.7163,88.6584,nan
2026-06-01 17:48:52.485,BASELINE,8.7164,88.6621,nan
2026-06-01 17:48:52.506,BASELINE,8.7163,88.6654,nan
2026-06-01 17:48:52.527,BASELINE,8.7164,88.6684,nan
2026-06-01 17:48:52.547,BASELINE,8.7163,88.6711,nan
2026-06-01 17:48:52.568,BASELINE,8.7164,88.6735,nan
2026-06-01 17:48:52.588,BASELINE,8.7163,88.6757,nan
2026-06-01 17:48:52.608,BASELINE,8.7162,88.6992,nan
2026-06-01 17:48:52.629,BASELINE,8.7162,88.7204,nan
2026-06-01 17:48:52.650,BASELINE,8.716,88.7394,nan
2026-06-01 17:48:52.671,BASELINE,8.7159,88.7566,nan
2026-06-01 17:48:52.694,BASELINE,8.7158,88.772,nan
2026-06-01 17:48:52.712,BASELINE,8.7157,88.7859,nan
2026-06-01 17:48:52.733,BASELINE,8.7157,88.7984,nan
2026-06-01 17:48:52.754,BASELINE,8.7156,88.8097,nan
2026-06-01 17:48:52.774,BASELINE,8.7154,88.8198,nan
2026-06-01 17:48:52.795,BASELINE,8.7153,88.8289,nan
2026-06-01 17:48:52.815,BASELINE,8.7152,88.8371,nan
2026-06-01 17:48:52.836,BASELINE,8.7151,88.8445,nan
2026-06-01 17:48:52.856,BASELINE,8.715,88.8511,nan
2026-06-01 17:48:52.876,BASELINE,8.7148,88.8571,nan
2026-06-01 17:48:52.897,BASELINE,8.7151,88.8625,nan
2026-06-01 17:48:52.917,BASELINE,8.7154,88.8673,nan
2026-06-01 17:48:52.937,BASELINE,8.7152,88.8717,nan
2026-06-01 17:48:52.958,BASELINE,8.7151,88.8756,nan
2026-06-01 17:48:52.978,BASELINE,8.7149,88.8792,nan
2026-06-01 17:48:52.998,BASELINE,8.7148,88.8823,nan
2026-06-01 17:48:53.019,BASELINE,8.7147,88.8852,nan
2026-06-01 17:48:53.039,BASELINE,8.7144,88.8878,nan
2026-06-01 17:48:53.060,BASELINE,8.7145,88.8901,nan
2026-06-01 17:48:53.080,BASELINE,8.7144,88.8922,nan
2026-06-01 17:48:53.100,BASELINE,8.7144,88.894,nan
2026-06-01 17:48:53.120,BASELINE,8.7145,88.9258,nan
2026-06-01 17:48:53.140,BASELINE,8.7148,88.9544,nan
2026-06-01 17:48:53.161,BASELINE,8.7149,88.9801,nan
2026-06-01 17:48:53.181,BASELINE,8.7148,89.0033,nan
2026-06-01 17:48:53.205,BASELINE,8.7145,89.0241,nan
2026-06-01 17:48:53.223,BASELINE,8.7144,89.0429,nan
2026-06-01 17:48:53.244,BASELINE,8.7142,89.0597,nan
2026-06-01 17:48:53.265,BASELINE,8.7142,89.0749,nan
2026-06-01 17:48:53.286,BASELINE,8.7141,89.0886,nan
2026-06-01 17:48:53.307,BASELINE,8.7142,89.1009,nan
2026-06-01 17:48:53.327,BASELINE,8.7143,89.112,nan
2026-06-01 17:48:53.348,BASELINE,8.7145,89.1219,nan
2026-06-01 17:48:53.369,BASELINE,8.7146,89.1309,nan
2026-06-01 17:48:53.389,BASELINE,8.715,89.139,nan
2026-06-01 17:48:53.410,BASELINE,8.7152,89.1463,nan
2026-06-01 17:48:53.431,BASELINE,8.7154,89.1528,nan
2026-06-01 17:48:53.451,BASELINE,8.7152,89.1587,nan
2026-06-01 17:48:53.471,BASELINE,8.7148,89.164,nan
2026-06-01 17:48:53.491,BASELINE,8.7146,89.1687,nan
2026-06-01 17:48:53.511,BASELINE,8.7148,89.173,nan
2026-06-01 17:48:53.532,BASELINE,8.7142,89.1769,nan
2026-06-01 17:48:53.553,BASELINE,8.7132,89.1804,nan
2026-06-01 17:48:53.574,BASELINE,8.7122,89.1835,nan
2026-06-01 17:48:53.594,BASELINE,8.7108,89.1863,nan
2026-06-01 17:48:53.615,BASELINE,8.7093,89.1978,nan
2026-06-01 17:48:53.635,BASELINE,8.7076,89.2082,nan
2026-06-01 17:48:53.656,BASELINE,8.7056,89.2175,nan
2026-06-01 17:48:53.676,BASELINE,8.7031,89.2259,nan
2026-06-01 17:48:53.697,BASELINE,8.7011,89.2335,nan
2026-06-01 17:48:53.720,BASELINE,8.6985,89.2403,nan
2026-06-01 17:48:53.739,BASELINE,8.6958,89.2464,nan
2026-06-01 17:48:53.759,BASELINE,8.6928,89.2519,nan
2026-06-01 17:48:53.779,BASELINE,8.6898,89.2568,nan
2026-06-01 17:48:53.799,BASELINE,8.6864,89.2613,nan
2026-06-01 17:48:53.820,BASELINE,8.683,89.2653,nan
2026-06-01 17:48:53.840,BASELINE,8.6793,89.2689,nan
2026-06-01 17:48:53.861,BASELINE,8.6753,89.2722,nan
2026-06-01 17:48:53.881,BASELINE,8.6717,89.2751,nan
2026-06-01 17:48:53.902,BASELINE,8.6678,89.2777,nan
2026-06-01 17:48:53.923,BASELINE,8.664,89.2801,nan
2026-06-01 17:48:53.943,BASELINE,8.6599,89.2822,nan
2026-06-01 17:48:53.964,BASELINE,8.6555,89.2842,nan
2026-06-01 17:48:53.984,BASELINE,8.6512,89.2859,nan
2026-06-01 17:48:54.004,BASELINE,8.6465,89.2874,nan
2026-06-01 17:48:54.024,BASELINE,8.6417,89.2888,nan
2026-06-01 17:48:54.044,BASELINE,8.637,89.2901,nan
2026-06-01 17:48:54.064,BASELINE,8.632,89.2912,nan
2026-06-01 17:48:54.085,BASELINE,8.6271,89.2922,nan
2026-06-01 17:48:54.105,BASELINE,8.6221,89.3316,nan
2026-06-01 17:48:54.125,BASELINE,8.6178,89.367,nan
2026-06-01 17:48:54.145,BASELINE,8.6127,89.3988,nan
2026-06-01 17:48:54.165,BASELINE,8.6074,89.4275,nan
2026-06-01 17:48:54.185,BASELINE,8.6021,89.4533,nan
2026-06-01 17:48:54.206,BASELINE,8.5966,89.4765,nan
2026-06-01 17:48:54.230,BASELINE,8.5912,89.4974,nan
2026-06-01 17:48:54.248,BASELINE,8.5859,89.5163,nan
2026-06-01 17:48:54.269,BASELINE,8.5807,89.5332,nan
2026-06-01 17:48:54.290,BASELINE,8.5754,89.5484,nan
2026-06-01 17:48:54.310,BASELINE,8.5704,89.5621,nan
2026-06-01 17:48:54.331,BASELINE,8.5654,89.5745,nan
2026-06-01 17:48:54.351,BASELINE,8.5605,89.5856,nan
2026-06-01 17:48:54.372,BASELINE,8.5558,89.5956,nan
2026-06-01 17:48:54.392,BASELINE,8.551,89.6046,nan
2026-06-01 17:48:54.413,BASELINE,8.5463,89.6127,nan
2026-06-01 17:48:54.434,BASELINE,8.5415,89.62,nan
2026-06-01 17:48:54.454,BASELINE,8.5368,89.6265,nan
2026-06-01 17:48:54.474,BASELINE,8.5322,89.6324,nan
2026-06-01 17:48:54.494,BASELINE,8.5277,89.6377,nan
2026-06-01 17:48:54.514,BASELINE,8.5234,89.6425,nan
2026-06-01 17:48:54.534,BASELINE,8.5193,89.6468,nan
2026-06-01 17:48:54.555,BASELINE,8.515,89.6507,nan
2026-06-01 17:48:54.576,BASELINE,8.5112,89.6542,nan
2026-06-01 17:48:54.598,BASELINE,8.5076,89.6573,nan
2026-06-01 17:48:54.618,BASELINE,8.5043,89.6745,nan
2026-06-01 17:48:54.639,BASELINE,8.5011,89.6899,nan
2026-06-01 17:48:54.659,BASELINE,8.498,89.7038,nan
2026-06-01 17:48:54.681,BASELINE,8.495,89.7164,nan
2026-06-01 17:48:54.701,BASELINE,8.4921,89.7276,nan
2026-06-01 17:48:54.722,BASELINE,8.4892,89.7378,nan
2026-06-01 17:48:54.745,BASELINE,8.4873,89.7469,nan
2026-06-01 17:48:54.762,BASELINE,8.4853,89.7551,nan
2026-06-01 17:48:54.783,BASELINE,8.4828,89.7625,nan
2026-06-01 17:48:54.803,BASELINE,8.4808,89.7691,nan
2026-06-01 17:48:54.823,BASELINE,8.479,89.7751,nan
2026-06-01 17:48:54.843,BASELINE,8.4773,89.7805,nan
2026-06-01 17:48:54.864,BASELINE,8.4757,89.7854,nan
2026-06-01 17:48:54.884,BASELINE,8.4742,89.7897,nan
2026-06-01 17:48:54.904,BASELINE,8.473,89.7936,nan
2026-06-01 17:48:54.925,BASELINE,8.4719,89.7972,nan
2026-06-01 17:48:54.945,BASELINE,8.4708,89.8004,nan
2026-06-01 17:48:54.965,BASELINE,8.4698,89.8032,nan
2026-06-01 17:48:54.985,BASELINE,8.469,89.8058,nan
2026-06-01 17:48:55.006,BASELINE,8.4679,89.8081,nan
2026-06-01 17:48:55.027,BASELINE,8.4669,89.8102,nan
2026-06-01 17:48:55.048,BASELINE,8.4661,89.8121,nan
2026-06-01 17:48:55.068,BASELINE,8.4652,89.8138,nan
2026-06-01 17:48:55.088,BASELINE,8.4641,89.8153,nan
2026-06-01 17:48:55.109,BASELINE,8.4632,89.8443,nan
2026-06-01 17:48:55.129,BASELINE,8.4624,89.8703,nan
2026-06-01 17:48:55.150,BASELINE,8.4616,89.8938,nan
2026-06-01 17:48:55.171,BASELINE,8.4608,89.9149,nan
2026-06-01 17:48:55.192,BASELINE,8.46,89.9339,nan
2026-06-01 17:48:55.213,BASELINE,8.4591,89.951,nan
2026-06-01 17:48:55.234,BASELINE,8.4581,89.9664,nan
2026-06-01 17:48:55.257,BASELINE,8.4575,89.9802,nan
2026-06-01 17:48:55.275,BASELINE,8.4568,89.9927,nan
2026-06-01 17:48:55.297,BASELINE,8.4561,90.0039,nan
2026-06-01 17:48:55.316,BASELINE,8.455,90.014,nan
2026-06-01 17:48:55.337,BASELINE,8.4539,90.0231,nan
2026-06-01 17:48:55.357,BASELINE,8.4528,90.0313,nan
2026-06-01 17:48:55.377,BASELINE,8.452,90.0386,nan
2026-06-01 17:48:55.397,BASELINE,8.4512,90.0453,nan
2026-06-01 17:48:55.417,BASELINE,8.4498,90.0512,nan
2026-06-01 17:48:55.437,BASELINE,8.4482,90.0566,nan
2026-06-01 17:48:55.457,BASELINE,8.4464,90.0614,nan
2026-06-01 17:48:55.477,BASELINE,8.4445,90.0658,nan
2026-06-01 17:48:55.498,BASELINE,8.4421,90.0697,nan
2026-06-01 17:48:55.519,BASELINE,8.4397,90.0732,nan
2026-06-01 17:48:55.540,BASELINE,8.4372,90.0764,nan
2026-06-01 17:48:55.560,BASELINE,8.4347,90.0792,nan
2026-06-01 17:48:55.580,BASELINE,8.432,90.0818,nan
2026-06-01 17:48:55.601,BASELINE,8.4292,90.0841,nan
2026-06-01 17:48:55.622,BASELINE,8.4261,90.0916,nan
2026-06-01 17:48:55.642,BASELINE,8.4232,90.0984,nan
2026-06-01 17:48:55.664,BASELINE,8.4202,90.1046,nan
2026-06-01 17:48:55.684,BASELINE,8.4171,90.1101,nan
2026-06-01 17:48:55.705,BASELINE,8.4142,90.115,nan
2026-06-01 17:48:55.725,BASELINE,8.4112,90.1195,nan
2026-06-01 17:48:55.746,BASELINE,8.408,90.1235,nan
2026-06-01 17:48:55.771,BASELINE,8.405,90.1271,nan
2026-06-01 17:48:55.789,BASELINE,8.402,90.1304,nan
2026-06-01 17:48:55.809,BASELINE,8.3992,90.1333,nan
2026-06-01 17:48:55.829,BASELINE,8.3963,90.1359,nan
2026-06-01 17:48:55.850,BASELINE,8.3931,90.1383,nan
2026-06-01 17:48:55.871,BASELINE,8.3904,90.1404,nan
2026-06-01 17:48:55.891,BASELINE,8.3876,90.1423,nan
2026-06-01 17:48:55.912,BASELINE,8.3849,90.1441,nan
2026-06-01 17:48:55.933,BASELINE,8.3818,90.1456,nan
2026-06-01 17:48:55.953,BASELINE,8.3792,90.147,nan
2026-06-01 17:48:55.974,BASELINE,8.3767,90.1483,nan
2026-06-01 17:48:55.994,BASELINE,8.3737,90.1494,nan
2026-06-01 17:48:56.015,BASELINE,8.3708,90.1504,nan
2026-06-01 17:48:56.035,BASELINE,8.368,90.1514,nan
2026-06-01 17:48:56.056,BASELINE,8.3654,90.1522,nan
2026-06-01 17:48:56.076,BASELINE,8.3632,90.1529,nan
2026-06-01 17:48:56.097,BASELINE,8.3607,90.1536,nan
2026-06-01 17:48:56.117,BASELINE,8.3579,90.1542,nan
2026-06-01 17:48:56.137,BASELINE,8.3547,90.1547,nan
2026-06-01 17:48:56.157,BASELINE,8.3511,90.1552,nan
2026-06-01 17:48:56.178,BASELINE,8.348,90.1557,nan
2026-06-01 17:48:56.198,BASELINE,8.3449,90.1561,nan
2026-06-01 17:48:56.218,BASELINE,8.3417,90.1564,nan
2026-06-01 17:48:56.239,BASELINE,8.3386,90.1567,nan
2026-06-01 17:48:56.259,BASELINE,8.3356,90.157,nan
2026-06-01 17:48:56.283,BASELINE,8.3327,90.1573,nan
2026-06-01 17:48:56.301,BASELINE,8.3298,90.1575,nan
2026-06-01 17:48:56.322,BASELINE,8.3269,90.1577,nan
2026-06-01 17:48:56.342,BASELINE,8.3242,90.1579,nan
2026-06-01 17:48:56.363,BASELINE,8.3217,90.1581,nan
2026-06-01 17:48:56.383,BASELINE,8.3191,90.1582,nan
2026-06-01 17:48:56.403,BASELINE,8.3164,90.1584,nan
2026-06-01 17:48:56.423,BASELINE,8.3138,90.1585,nan
2026-06-01 17:48:56.444,BASELINE,8.3115,90.1586,nan
2026-06-01 17:48:56.464,BASELINE,8.3093,90.1587,nan
2026-06-01 17:48:56.484,BASELINE,8.3072,90.1588,nan
2026-06-01 17:48:56.505,BASELINE,8.3054,90.1589,nan
2026-06-01 17:48:56.526,BASELINE,8.3037,90.159,nan
2026-06-01 17:48:56.547,BASELINE,8.3022,90.159,nan
2026-06-01 17:48:56.568,BASELINE,8.301,90.1591,nan
2026-06-01 17:48:56.589,BASELINE,8.2996,90.1591,nan
2026-06-01 17:48:56.609,BASELINE,8.2985,90.1712,nan
2026-06-01 17:48:56.630,BASELINE,8.2976,90.1821,nan
2026-06-01 17:48:56.651,BASELINE,8.2969,90.1919,nan
2026-06-01 17:48:56.672,BASELINE,8.2965,90.2007,nan
2026-06-01 17:48:56.692,BASELINE,8.2962,90.2086,nan
2026-06-01 17:48:56.713,BASELINE,8.2958,90.2157,nan
2026-06-01 17:48:56.733,BASELINE,8.2962,90.2221,nan
2026-06-01 17:48:56.753,BASELINE,8.2961,90.2279,nan
2026-06-01 17:48:56.773,BASELINE,8.2959,90.2331,nan
2026-06-01 17:48:56.800,BASELINE,8.2954,90.2378,nan
2026-06-01 17:48:56.815,BASELINE,8.295,90.242,nan
2026-06-01 17:48:56.835,BASELINE,8.2946,90.2458,nan
2026-06-01 17:48:56.856,BASELINE,8.2947,90.2492,nan
2026-06-01 17:48:56.876,BASELINE,8.2947,90.2522,nan
2026-06-01 17:48:56.896,BASELINE,8.2948,90.255,nan
2026-06-01 17:48:56.916,BASELINE,8.2955,90.2575,nan
2026-06-01 17:48:56.936,BASELINE,8.2962,90.2597,nan
2026-06-01 17:48:56.956,BASELINE,8.2972,90.2617,nan
2026-06-01 17:48:56.977,BASELINE,8.2979,90.2636,nan
2026-06-01 17:48:56.998,BASELINE,8.2991,90.2652,nan
2026-06-01 17:48:57.019,BASELINE,8.3006,90.2667,nan
2026-06-01 17:48:57.040,BASELINE,8.3019,90.268,nan
2026-06-01 17:48:57.060,BASELINE,8.3033,90.2692,nan
2026-06-01 17:48:57.080,BASELINE,8.3047,90.2702,nan
2026-06-01 17:48:57.101,BASELINE,8.3059,90.2712,nan
2026-06-01 17:48:57.121,BASELINE,8.3071,90.2729,nan
2026-06-01 17:48:57.142,BASELINE,8.3084,90.2745,nan
2026-06-01 17:48:57.162,BASELINE,8.3097,90.2759,nan
2026-06-01 17:48:57.183,BASELINE,8.3109,90.2772,nan
2026-06-01 17:48:57.203,BASELINE,8.3122,90.2784,nan
2026-06-01 17:48:57.223,BASELINE,8.3132,90.2794,nan
2026-06-01 17:48:57.243,BASELINE,8.3147,90.2803,nan
2026-06-01 17:48:57.274,BASELINE,8.3158,90.2811,nan
2026-06-01 17:48:57.301,BASELINE,8.3168,90.2819,nan
2026-06-01 17:48:57.329,BASELINE,8.318,90.2826,nan
2026-06-01 17:48:57.342,BASELINE,8.3192,90.2832,nan
2026-06-01 17:48:57.363,BASELINE,8.3205,90.2837,nan
2026-06-01 17:48:57.383,BASELINE,8.3216,90.2842,nan
2026-06-01 17:48:57.403,BASELINE,8.323,90.2847,nan
2026-06-01 17:48:57.423,BASELINE,8.3242,90.2851,nan
2026-06-01 17:48:57.444,BASELINE,8.3254,90.2854,nan
2026-06-01 17:48:57.464,BASELINE,8.3265,90.2858,nan
2026-06-01 17:48:57.484,BASELINE,8.3276,90.286,nan
2026-06-01 17:48:57.505,BASELINE,8.3285,90.2863,nan
2026-06-01 17:48:57.526,BASELINE,8.3295,90.2865,nan
2026-06-01 17:48:57.547,BASELINE,8.3306,90.2868,nan
2026-06-01 17:48:57.567,BASELINE,8.3316,90.2869,nan
2026-06-01 17:48:57.587,BASELINE,8.3327,90.2871,nan
2026-06-01 17:48:57.607,BASELINE,8.334,90.2873,nan
2026-06-01 17:48:57.629,BASELINE,8.3352,90.2874,nan
2026-06-01 17:48:57.649,BASELINE,8.3365,90.2875,nan
2026-06-01 17:48:57.670,BASELINE,8.3377,90.2877,nan
2026-06-01 17:48:57.691,BASELINE,8.3388,90.2878,nan
2026-06-01 17:48:57.711,BASELINE,8.3397,90.2878,nan
2026-06-01 17:48:57.731,BASELINE,8.3405,90.2879,nan
2026-06-01 17:48:57.752,BASELINE,8.3411,90.288,nan
2026-06-01 17:48:57.773,BASELINE,8.3418,90.2881,nan
2026-06-01 17:48:57.793,BASELINE,8.3427,90.2881,nan
2026-06-01 17:48:57.813,BASELINE,8.3438,90.2882,nan
2026-06-01 17:48:57.837,BASELINE,8.3445,90.2882,nan
2026-06-01 17:48:57.855,BASELINE,8.3454,90.2883,nan
2026-06-01 17:48:57.875,BASELINE,8.3459,90.2883,nan
2026-06-01 17:48:57.896,BASELINE,8.3466,90.2883,nan
2026-06-01 17:48:57.916,BASELINE,8.3468,90.2884,nan
2026-06-01 17:48:57.937,BASELINE,8.3474,90.2884,nan
2026-06-01 17:48:57.957,BASELINE,8.348,90.2884,nan
2026-06-01 17:48:57.978,BASELINE,8.3483,90.2885,nan
2026-06-01 17:48:57.999,BASELINE,8.3481,90.2885,nan
2026-06-01 17:48:58.020,BASELINE,8.3481,90.2885,nan
2026-06-01 17:48:58.040,BASELINE,8.3478,90.2885,nan
2026-06-01 17:48:58.061,BASELINE,8.3476,90.2885,nan
2026-06-01 17:48:58.081,BASELINE,8.3476,90.2885,nan
2026-06-01 17:48:58.101,BASELINE,8.3481,90.2886,nan
2026-06-01 17:48:58.121,BASELINE,8.348,90.2824,nan
2026-06-01 17:48:58.142,BASELINE,8.3479,90.2769,nan
2026-06-01 17:48:58.162,BASELINE,8.3479,90.2719,nan
2026-06-01 17:48:58.182,BASELINE,8.3479,90.2675,nan
2026-06-01 17:48:58.203,BASELINE,8.348,90.2635,nan
2026-06-01 17:48:58.224,BASELINE,8.348,90.2598,nan
2026-06-01 17:48:58.245,BASELINE,8.3482,90.2566,nan
2026-06-01 17:48:58.265,BASELINE,8.3484,90.2537,nan
2026-06-01 17:48:58.285,BASELINE,8.3489,90.251,nan
2026-06-01 17:48:58.305,BASELINE,8.3491,90.2486,nan
2026-06-01 17:48:58.326,BASELINE,8.3497,90.2465,nan
2026-06-01 17:48:58.349,BASELINE,8.3503,90.2446,nan
2026-06-01 17:48:58.367,BASELINE,8.3509,90.2429,nan
2026-06-01 17:48:58.388,BASELINE,8.3515,90.2413,nan
2026-06-01 17:48:58.408,BASELINE,8.3521,90.2399,nan
2026-06-01 17:48:58.429,BASELINE,8.3525,90.2386,nan
2026-06-01 17:48:58.450,BASELINE,8.3527,90.2375,nan
2026-06-01 17:48:58.470,BASELINE,8.3533,90.2365,nan
2026-06-01 17:48:58.491,BASELINE,8.3539,90.2356,nan
2026-06-01 17:48:58.511,BASELINE,8.3542,90.2347,nan
2026-06-01 17:48:58.531,BASELINE,8.3548,90.234,nan
2026-06-01 17:48:58.552,BASELINE,8.3554,90.2333,nan
2026-06-01 17:48:58.572,BASELINE,8.356,90.2327,nan
2026-06-01 17:48:58.592,BASELINE,8.3566,90.2322,nan
2026-06-01 17:48:58.613,BASELINE,8.3574,90.2263,nan
2026-06-01 17:48:58.634,BASELINE,8.3582,90.2211,nan
2026-06-01 17:48:58.654,BASELINE,8.3591,90.2164,nan
2026-06-01 17:48:58.675,BASELINE,8.3599,90.2121,nan
2026-06-01 17:48:58.695,BASELINE,8.3607,90.2083,nan
2026-06-01 17:48:58.716,BASELINE,8.3613,90.2048,nan
2026-06-01 17:48:58.736,BASELINE,8.3622,90.2017,nan
2026-06-01 17:48:58.757,BASELINE,8.3631,90.1989,nan
2026-06-01 17:48:58.777,BASELINE,8.3641,90.1964,nan
2026-06-01 17:48:58.797,BASELINE,8.3654,90.1942,nan
2026-06-01 17:48:58.818,BASELINE,8.366,90.1921,nan
2026-06-01 17:48:58.838,BASELINE,8.3669,90.1903,nan
2026-06-01 17:48:58.864,BASELINE,8.3677,90.1887,nan
2026-06-01 17:48:58.880,BASELINE,8.3683,90.1872,nan
2026-06-01 17:48:58.900,BASELINE,8.3692,90.1858,nan
2026-06-01 17:48:58.921,BASELINE,8.37,90.1846,nan
2026-06-01 17:48:58.941,BASELINE,8.3707,90.1836,nan
2026-06-01 17:48:58.961,BASELINE,8.3714,90.1826,nan
2026-06-01 17:48:58.982,BASELINE,8.3721,90.1817,nan
2026-06-01 17:48:59.003,BASELINE,8.3731,90.1809,nan
2026-06-01 17:48:59.023,BASELINE,8.3739,90.1802,nan
2026-06-01 17:48:59.044,BASELINE,8.3747,90.1796,nan
2026-06-01 17:48:59.064,BASELINE,8.3754,90.179,nan
2026-06-01 17:48:59.084,BASELINE,8.3762,90.1785,nan
2026-06-01 17:48:59.104,BASELINE,8.3774,90.1689,nan
2026-06-01 17:48:59.125,BASELINE,8.3788,90.1603,nan
2026-06-01 17:48:59.146,BASELINE,8.3802,90.1525,nan
2026-06-01 17:48:59.167,BASELINE,8.3823,90.1455,nan
2026-06-01 17:48:59.187,BASELINE,8.385,90.1392,nan
2026-06-01 17:48:59.207,BASELINE,8.3883,90.1336,nan
2026-06-01 17:48:59.228,BASELINE,8.3923,90.1285,nan
2026-06-01 17:48:59.249,BASELINE,8.3971,90.1239,nan
2026-06-01 17:48:59.270,BASELINE,8.4023,90.1198,nan
2026-06-01 17:48:59.291,BASELINE,8.4079,90.1161,nan
2026-06-01 17:48:59.312,BASELINE,8.414,90.1127,nan
2026-06-01 17:48:59.334,BASELINE,8.4205,90.1097,nan
2026-06-01 17:48:59.354,BASELINE,8.4273,90.107,nan
2026-06-01 17:48:59.380,BASELINE,8.4341,90.1046,nan
2026-06-01 17:48:59.396,BASELINE,8.4411,90.1024,nan
2026-06-01 17:48:59.417,BASELINE,8.4479,90.1004,nan
2026-06-01 17:48:59.438,BASELINE,8.4546,90.0986,nan
2026-06-01 17:48:59.459,BASELINE,8.4617,90.097,nan
2026-06-01 17:48:59.480,BASELINE,8.4692,90.0956,nan
2026-06-01 17:48:59.501,BASELINE,8.4762,90.0943,nan
2026-06-01 17:48:59.521,BASELINE,8.4828,90.0931,nan
2026-06-01 17:48:59.542,BASELINE,8.4893,90.0921,nan
2026-06-01 17:48:59.563,BASELINE,8.4956,90.0911,nan
2026-06-01 17:48:59.583,BASELINE,8.5017,90.0903,nan
2026-06-01 17:48:59.603,BASELINE,8.5078,90.0895,nan
2026-06-01 17:48:59.623,BASELINE,8.5138,90.0888,nan
2026-06-01 17:48:59.645,BASELINE,8.5198,90.0882,nan
2026-06-01 17:48:59.665,BASELINE,8.5259,90.0877,nan
2026-06-01 17:48:59.685,BASELINE,8.5323,90.0872,nan
2026-06-01 17:48:59.706,BASELINE,8.5386,90.0867,nan
2026-06-01 17:48:59.727,BASELINE,8.5448,90.0863,nan
2026-06-01 17:48:59.748,BASELINE,8.5509,90.0859,nan
2026-06-01 17:48:59.768,BASELINE,8.557,90.0856,nan
2026-06-01 17:48:59.788,BASELINE,8.563,90.0853,nan
2026-06-01 17:48:59.808,BASELINE,8.5688,90.085,nan
2026-06-01 17:48:59.829,BASELINE,8.5745,90.0848,nan
2026-06-01 17:48:59.849,BASELINE,8.5804,90.0846,nan
2026-06-01 17:48:59.869,BASELINE,8.5862,90.0844,nan
2026-06-01 17:48:59.891,BASELINE,8.5918,90.0842,nan
2026-06-01 17:48:59.910,BASELINE,8.5975,90.0841,nan
2026-06-01 17:48:59.931,BASELINE,8.6029,90.0839,nan
2026-06-01 17:48:59.951,BASELINE,8.6083,90.0838,nan
2026-06-01 17:48:59.972,BASELINE,8.6135,90.0837,nan
2026-06-01 17:48:59.993,BASELINE,8.6189,90.0836,nan
2026-06-01 17:49:00.013,BASELINE,8.6243,90.0835,nan
2026-06-01 17:49:00.034,BASELINE,8.6295,90.0834,nan
2026-06-01 17:49:00.054,BASELINE,8.6345,90.0833,nan
2026-06-01 17:49:00.075,BASELINE,8.6394,90.0833,nan
2026-06-01 17:49:00.096,BASELINE,8.6441,90.0832,nan
2026-06-01 17:49:00.116,BASELINE,8.6491,90.0785,nan
2026-06-01 17:49:00.136,BASELINE,8.6538,90.0744,nan
2026-06-01 17:49:00.157,BASELINE,8.6582,90.0706,nan
2026-06-01 17:49:00.178,BASELINE,8.6622,90.0672,nan
2026-06-01 17:49:00.198,BASELINE,8.6659,90.0641,nan
2026-06-01 17:49:00.218,BASELINE,8.6695,90.0614,nan
2026-06-01 17:49:00.238,BASELINE,8.6729,90.0589,nan
2026-06-01 17:49:00.258,BASELINE,8.6761,90.0567,nan
2026-06-01 17:49:00.278,BASELINE,8.6793,90.0547,nan
2026-06-01 17:49:00.299,BASELINE,8.6826,90.0529,nan
2026-06-01 17:49:00.320,BASELINE,8.6854,90.0513,nan
2026-06-01 17:49:00.340,BASELINE,8.6885,90.0498,nan
2026-06-01 17:49:00.361,BASELINE,8.6917,90.0485,nan
2026-06-01 17:49:00.381,BASELINE,8.6948,90.0473,nan
2026-06-01 17:49:00.406,BASELINE,8.6978,90.0463,nan
2026-06-01 17:49:00.421,BASELINE,8.7008,90.0453,nan
2026-06-01 17:49:00.441,BASELINE,8.7036,90.0444,nan
2026-06-01 17:49:00.462,BASELINE,8.7064,90.0437,nan
2026-06-01 17:49:00.482,BASELINE,8.7091,90.043,nan
2026-06-01 17:49:00.503,BASELINE,8.7118,90.0423,nan
2026-06-01 17:49:00.524,BASELINE,8.7144,90.0418,nan
2026-06-01 17:49:00.544,BASELINE,8.7169,90.0413,nan
2026-06-01 17:49:00.565,BASELINE,8.7196,90.0408,nan
2026-06-01 17:49:00.585,BASELINE,8.7222,90.0404,nan
2026-06-01 17:49:00.605,BASELINE,8.7248,90.039,nan
2026-06-01 17:49:00.627,BASELINE,8.7272,90.0378,nan
2026-06-01 17:49:00.647,BASELINE,8.7296,90.0367,nan
2026-06-01 17:49:00.668,BASELINE,8.732,90.0357,nan
2026-06-01 17:49:00.688,BASELINE,8.7344,90.0349,nan
2026-06-01 17:49:00.709,BASELINE,8.7368,90.0341,nan
2026-06-01 17:49:00.729,BASELINE,8.7393,90.0333,nan
2026-06-01 17:49:00.750,BASELINE,8.7419,90.0327,nan
2026-06-01 17:49:00.770,BASELINE,8.7452,90.0321,nan
2026-06-01 17:49:00.790,BASELINE,8.7474,90.0316,nan
2026-06-01 17:49:00.812,BASELINE,8.7499,90.0311,nan
2026-06-01 17:49:00.832,BASELINE,8.7524,90.0307,nan
2026-06-01 17:49:00.852,BASELINE,8.7547,90.0303,nan
2026-06-01 17:49:00.874,BASELINE,8.7572,90.03,nan
2026-06-01 17:49:00.893,BASELINE,8.7595,90.0297,nan
2026-06-01 17:49:00.919,BASELINE,8.7619,90.0294,nan
2026-06-01 17:49:00.935,BASELINE,8.7644,90.0291,nan
2026-06-01 17:49:00.956,BASELINE,8.7668,90.0289,nan
2026-06-01 17:49:00.978,BASELINE,8.7693,90.0287,nan
2026-06-01 17:49:00.998,BASELINE,8.7717,90.0285,nan
2026-06-01 17:49:01.019,BASELINE,8.7742,90.0284,nan
2026-06-01 17:49:01.039,BASELINE,8.7768,90.0282,nan
2026-06-01 17:49:01.062,BASELINE,8.7792,90.0281,nan
2026-06-01 17:49:01.080,BASELINE,8.7817,90.028,nan
2026-06-01 17:49:01.100,BASELINE,8.7841,90.0278,nan
2026-06-01 17:49:01.121,BASELINE,8.7865,90.0386,nan
2026-06-01 17:49:01.143,BASELINE,8.789,90.0483,nan
2026-06-01 17:49:01.162,BASELINE,8.7913,90.057,nan
2026-06-01 17:49:01.182,BASELINE,8.7937,90.0648,nan
2026-06-01 17:49:01.203,BASELINE,8.7958,90.0719,nan
2026-06-01 17:49:01.223,BASELINE,8.798,90.0782,nan
2026-06-01 17:49:01.244,BASELINE,8.8004,90.0839,nan
2026-06-01 17:49:01.278,BASELINE,8.8026,90.0891,nan
2026-06-01 17:49:01.316,BASELINE,8.805,90.0937,nan
2026-06-01 17:49:01.339,BASELINE,8.8074,90.0979,nan
2026-06-01 17:49:01.359,BASELINE,8.8099,90.1016,nan
2026-06-01 17:49:01.379,BASELINE,8.8126,90.105,nan
2026-06-01 17:49:01.399,BASELINE,8.8151,90.108,nan
2026-06-01 17:49:01.419,BASELINE,8.8175,90.1108,nan
2026-06-01 17:49:01.439,BASELINE,8.8198,90.1132,nan
2026-06-01 17:49:01.465,BASELINE,8.8219,90.1155,nan
2026-06-01 17:49:01.481,BASELINE,8.8242,90.1174,nan
2026-06-01 17:49:01.501,BASELINE,8.8266,90.1192,nan
2026-06-01 17:49:01.522,BASELINE,8.8289,90.1209,nan
2026-06-01 17:49:01.544,BASELINE,8.8311,90.1223,nan
2026-06-01 17:49:01.564,BASELINE,8.8335,90.1236,nan
2026-06-01 17:49:01.584,BASELINE,8.8358,90.1248,nan
2026-06-01 17:49:01.606,BASELINE,8.838,90.1133,nan
2026-06-01 17:49:01.628,BASELINE,8.8402,90.103,nan
2026-06-01 17:49:01.649,BASELINE,8.8424,90.0937,nan
2026-06-01 17:49:01.670,BASELINE,8.8447,90.0854,nan
2026-06-01 17:49:01.690,BASELINE,8.8468,90.0779,nan
2026-06-01 17:49:01.711,BASELINE,8.8489,90.0711,nan
2026-06-01 17:49:01.731,BASELINE,8.8509,90.065,nan
2026-06-01 17:49:01.752,BASELINE,8.8529,90.0595,nan
2026-06-01 17:49:01.772,BASELINE,8.8549,90.0546,nan
2026-06-01 17:49:01.792,BASELINE,8.8568,90.0502,nan
2026-06-01 17:49:01.813,BASELINE,8.8589,90.0462,nan
2026-06-01 17:49:01.833,BASELINE,8.861,90.0426,nan
2026-06-01 17:49:01.854,BASELINE,8.863,90.0393,nan
2026-06-01 17:49:01.874,BASELINE,8.8649,90.0364,nan
2026-06-01 17:49:01.894,BASELINE,8.8669,90.0338,nan
2026-06-01 17:49:01.914,BASELINE,8.8688,90.0314,nan
2026-06-01 17:49:01.935,BASELINE,8.8705,90.0293,nan
2026-06-01 17:49:01.956,BASELINE,8.8722,90.0274,nan
2026-06-01 17:49:01.981,BASELINE,8.874,90.0257,nan
2026-06-01 17:49:01.998,BASELINE,8.8761,90.0241,nan
2026-06-01 17:49:02.018,BASELINE,8.8784,90.0228,nan
2026-06-01 17:49:02.038,BASELINE,8.8807,90.0215,nan
2026-06-01 17:49:02.058,BASELINE,8.8828,90.0204,nan
2026-06-01 17:49:02.079,BASELINE,8.8849,90.0194,nan
2026-06-01 17:49:02.100,BASELINE,8.8872,90.0184,nan
2026-06-01 17:49:02.122,BASELINE,8.8895,90.0176,nan
2026-06-01 17:49:02.144,BASELINE,8.8921,90.0169,nan
2026-06-01 17:49:02.164,BASELINE,8.8948,90.0162,nan
2026-06-01 17:49:02.184,BASELINE,8.8974,90.0156,nan
2026-06-01 17:49:02.204,BASELINE,8.9001,90.0151,nan
2026-06-01 17:49:02.225,BASELINE,8.9028,90.0146,nan
2026-06-01 17:49:02.245,BASELINE,8.9052,90.0141,nan
2026-06-01 17:49:02.265,BASELINE,8.9075,90.0138,nan
2026-06-01 17:49:02.286,BASELINE,8.9097,90.0134,nan
2026-06-01 17:49:02.307,BASELINE,8.912,90.0131,nan
2026-06-01 17:49:02.327,BASELINE,8.9141,90.0128,nan
2026-06-01 17:49:02.347,BASELINE,8.9162,90.0125,nan
2026-06-01 17:49:02.368,BASELINE,8.9185,90.0123,nan
2026-06-01 17:49:02.388,BASELINE,8.9206,90.0121,nan
2026-06-01 17:49:02.408,BASELINE,8.9227,90.0119,nan
2026-06-01 17:49:02.429,BASELINE,8.9249,90.0117,nan
2026-06-01 17:49:02.449,BASELINE,8.927,90.0116,nan
2026-06-01 17:49:02.470,BASELINE,8.9292,90.0115,nan
2026-06-01 17:49:02.495,BASELINE,8.9317,90.0113,nan
2026-06-01 17:49:02.511,BASELINE,8.9335,90.0112,nan
2026-06-01 17:49:02.531,BASELINE,8.9356,90.0111,nan
2026-06-01 17:49:02.551,BASELINE,8.9377,90.011,nan
2026-06-01 17:49:02.572,BASELINE,8.9399,90.0109,nan
2026-06-01 17:49:02.594,BASELINE,8.9422,90.0109,nan
2026-06-01 17:49:02.614,BASELINE,8.9453,90.0301,nan
2026-06-01 17:49:02.635,BASELINE,8.9481,90.0474,nan
2026-06-01 17:49:02.656,BASELINE,8.9507,90.063,nan
2026-06-01 17:49:02.676,BASELINE,8.9533,90.0771,nan
2026-06-01 17:49:02.698,BASELINE,8.9559,90.0897,nan
2026-06-01 17:49:02.718,BASELINE,8.9585,90.1011,nan
2026-06-01 17:49:02.738,BASELINE,8.9611,90.1113,nan
2026-06-01 17:49:02.760,BASELINE,8.9636,90.1205,nan
2026-06-01 17:49:02.779,BASELINE,8.9661,90.1288,nan
2026-06-01 17:49:02.800,BASELINE,8.9684,90.1363,nan
2026-06-01 17:49:02.821,BASELINE,8.971,90.143,nan
2026-06-01 17:49:02.841,BASELINE,8.9736,90.149,nan
2026-06-01 17:49:02.862,BASELINE,8.9761,90.1544,nan
2026-06-01 17:49:02.882,BASELINE,8.9784,90.1593,nan
2026-06-01 17:49:02.902,BASELINE,8.9806,90.1637,nan
2026-06-01 17:49:02.922,BASELINE,8.9826,90.1677,nan
2026-06-01 17:49:02.944,BASELINE,8.9847,90.1713,nan
2026-06-01 17:49:02.964,BASELINE,8.9866,90.1745,nan
2026-06-01 17:49:02.984,BASELINE,8.9884,90.1774,nan
2026-06-01 17:49:03.010,BASELINE,8.9902,90.18,nan
2026-06-01 17:49:03.027,BASELINE,8.9921,90.1823,nan
2026-06-01 17:49:03.047,BASELINE,8.9938,90.1844,nan
2026-06-01 17:49:03.068,BASELINE,8.9959,90.1863,nan
2026-06-01 17:49:03.088,BASELINE,8.998,90.188,nan
2026-06-01 17:49:03.108,BASELINE,9.0002,90.1985,nan
2026-06-01 17:49:03.129,BASELINE,9.0024,90.2079,nan
2026-06-01 17:49:03.149,BASELINE,9.0046,90.2163,nan
2026-06-01 17:49:03.170,BASELINE,9.0066,90.224,nan
2026-06-01 17:49:03.190,BASELINE,9.0087,90.2308,nan
2026-06-01 17:49:03.210,BASELINE,9.0112,90.237,nan
2026-06-01 17:49:03.231,BASELINE,9.0142,90.2425,nan
2026-06-01 17:49:03.252,BASELINE,9.0163,90.2475,nan
2026-06-01 17:49:03.272,BASELINE,9.0182,90.252,nan
2026-06-01 17:49:03.292,BASELINE,9.0205,90.2561,nan
2026-06-01 17:49:03.313,BASELINE,9.0228,90.2597,nan
2026-06-01 17:49:03.333,BASELINE,9.0249,90.263,nan
2026-06-01 17:49:03.353,BASELINE,9.0271,90.266,nan
2026-06-01 17:49:03.373,BASELINE,9.0291,90.2686,nan
2026-06-01 17:49:03.393,BASELINE,9.0312,90.271,nan
2026-06-01 17:49:03.413,BASELINE,9.0331,90.2732,nan
2026-06-01 17:49:03.434,BASELINE,9.0352,90.2751,nan
2026-06-01 17:49:03.454,BASELINE,9.0373,90.2768,nan
2026-06-01 17:49:03.475,BASELINE,9.0393,90.2784,nan
2026-06-01 17:49:03.495,BASELINE,9.0413,90.2798,nan
2026-06-01 17:49:03.519,BASELINE,9.0431,90.2811,nan
2026-06-01 17:49:03.536,BASELINE,9.0448,90.2822,nan
2026-06-01 17:49:03.556,BASELINE,9.0465,90.2833,nan
2026-06-01 17:49:03.577,BASELINE,9.0482,90.2842,nan
2026-06-01 17:49:03.598,BASELINE,9.0498,90.285,nan
2026-06-01 17:49:03.618,BASELINE,9.0516,90.3094,nan
2026-06-01 17:49:03.639,BASELINE,9.0534,90.3313,nan
2026-06-01 17:49:03.660,BASELINE,9.0551,90.351,nan
2026-06-01 17:49:03.680,BASELINE,9.057,90.3688,nan
2026-06-01 17:49:03.701,BASELINE,9.0587,90.3848,nan
2026-06-01 17:49:03.721,BASELINE,9.0606,90.3992,nan
2026-06-01 17:49:03.742,BASELINE,9.0623,90.4121,nan
2026-06-01 17:49:03.764,BASELINE,9.064,90.4238,nan
2026-06-01 17:49:03.784,BASELINE,9.0658,90.4343,nan
2026-06-01 17:49:03.804,BASELINE,9.0676,90.4437,nan
2026-06-01 17:49:03.824,BASELINE,9.0699,90.4522,nan
2026-06-01 17:49:03.844,BASELINE,9.0716,90.4598,nan
2026-06-01 17:49:03.864,BASELINE,9.0734,90.4667,nan
2026-06-01 17:49:03.884,BASELINE,9.075,90.4729,nan
2026-06-01 17:49:03.905,BASELINE,9.0767,90.4785,nan
2026-06-01 17:49:03.925,BASELINE,9.0784,90.4835,nan
2026-06-01 17:49:03.945,BASELINE,9.0799,90.488,nan
2026-06-01 17:49:03.966,BASELINE,9.0817,90.4921,nan
2026-06-01 17:49:03.987,BASELINE,9.0834,90.4957,nan
2026-06-01 17:49:04.007,BASELINE,9.0851,90.499,nan
2026-06-01 17:49:04.031,BASELINE,9.0868,90.502,nan
2026-06-01 17:49:04.049,BASELINE,9.0885,90.5047,nan
2026-06-01 17:49:04.069,BASELINE,9.0901,90.507,nan
2026-06-01 17:49:04.089,BASELINE,9.0917,90.5092,nan
2026-06-01 17:49:04.110,BASELINE,9.0931,90.5324,nan
2026-06-01 17:49:04.130,BASELINE,9.0945,90.5532,nan
2026-06-01 17:49:04.151,BASELINE,9.0958,90.572,nan
2026-06-01 17:49:04.172,BASELINE,9.0972,90.5889,nan
2026-06-01 17:49:04.192,BASELINE,9.0984,90.6041,nan
2026-06-01 17:49:04.212,BASELINE,9.0996,90.6178,nan
2026-06-01 17:49:04.233,BASELINE,9.101,90.6301,nan
2026-06-01 17:49:04.254,BASELINE,9.1022,90.6412,nan
2026-06-01 17:49:04.274,BASELINE,9.1033,90.6512,nan
2026-06-01 17:49:04.294,BASELINE,9.1045,90.6601,nan
2026-06-01 17:49:04.314,BASELINE,9.1056,90.6682,nan
2026-06-01 17:49:04.335,BASELINE,9.1067,90.6755,nan
2026-06-01 17:49:04.355,BASELINE,9.1079,90.682,nan
2026-06-01 17:49:04.376,BASELINE,9.109,90.6879,nan
2026-06-01 17:49:04.396,BASELINE,9.1101,90.6932,nan
2026-06-01 17:49:04.416,BASELINE,9.1111,90.698,nan
2026-06-01 17:49:04.436,BASELINE,9.1122,90.7023,nan
2026-06-01 17:49:04.457,BASELINE,9.1137,90.7062,nan
2026-06-01 17:49:04.477,BASELINE,9.1153,90.7096,nan
2026-06-01 17:49:04.497,BASELINE,9.1164,90.7128,nan
2026-06-01 17:49:04.518,BASELINE,9.1176,90.7156,nan
2026-06-01 17:49:04.543,BASELINE,9.1185,90.7181,nan
2026-06-01 17:49:04.561,BASELINE,9.1196,90.7204,nan
2026-06-01 17:49:04.581,BASELINE,9.1205,90.7225,nan
2026-06-01 17:49:04.602,BASELINE,9.1216,90.7243,nan
2026-06-01 17:49:04.623,BASELINE,9.1226,90.726,nan
2026-06-01 17:49:04.643,BASELINE,9.1237,90.7275,nan
2026-06-01 17:49:04.663,BASELINE,9.1248,90.7288,nan
2026-06-01 17:49:04.684,BASELINE,9.1259,90.73,nan
2026-06-01 17:49:04.704,BASELINE,9.127,90.7311,nan
2026-06-01 17:49:04.726,BASELINE,9.1279,90.7321,nan
2026-06-01 17:49:04.746,BASELINE,9.1289,90.733,nan
2026-06-01 17:49:04.766,BASELINE,9.1298,90.7338,nan
2026-06-01 17:49:04.787,BASELINE,9.1308,90.7345,nan
2026-06-01 17:49:04.807,BASELINE,9.1318,90.7351,nan
2026-06-01 17:49:04.828,BASELINE,9.1327,90.7357,nan
2026-06-01 17:49:04.848,BASELINE,9.1337,90.7362,nan
2026-06-01 17:49:04.869,BASELINE,9.1346,90.7367,nan
2026-06-01 17:49:04.889,BASELINE,9.1356,90.7371,nan
2026-06-01 17:49:04.911,BASELINE,9.1367,90.7375,nan
2026-06-01 17:49:04.931,BASELINE,9.1376,90.7379,nan
2026-06-01 17:49:04.952,BASELINE,9.1385,90.7382,nan
2026-06-01 17:49:04.973,BASELINE,9.1395,90.7384,nan
2026-06-01 17:49:04.993,BASELINE,9.1405,90.7387,nan
2026-06-01 17:49:05.014,BASELINE,9.1414,90.7389,nan
2026-06-01 17:49:05.035,BASELINE,9.1424,90.7391,nan
2026-06-01 17:49:05.061,BASELINE,9.1432,90.7393,nan
2026-06-01 17:49:05.077,BASELINE,9.1442,90.7395,nan
2026-06-01 17:49:05.099,BASELINE,9.1457,90.7396,nan
2026-06-01 17:49:05.118,BASELINE,9.1463,90.7524,nan
2026-06-01 17:49:05.139,BASELINE,9.147,90.7639,nan
2026-06-01 17:49:05.159,BASELINE,9.1476,90.7742,nan
2026-06-01 17:49:05.180,BASELINE,9.1481,90.7835,nan
2026-06-01 17:49:05.201,BASELINE,9.1489,90.7919,nan
2026-06-01 17:49:05.221,BASELINE,9.1496,90.7995,nan
2026-06-01 17:49:05.242,BASELINE,9.1503,90.8063,nan
2026-06-01 17:49:05.263,BASELINE,9.1512,90.8124,nan
2026-06-01 17:49:05.284,BASELINE,9.1521,90.8179,nan
2026-06-01 17:49:05.304,BASELINE,9.153,90.8228,nan
2026-06-01 17:49:05.324,BASELINE,9.154,90.8273,nan
2026-06-01 17:49:05.344,BASELINE,9.1549,90.8313,nan
2026-06-01 17:49:05.364,BASELINE,9.1559,90.8349,nan
2026-06-01 17:49:05.384,BASELINE,9.1567,90.8381,nan
2026-06-01 17:49:05.405,BASELINE,9.1576,90.8411,nan
2026-06-01 17:49:05.425,BASELINE,9.1583,90.8437,nan
2026-06-01 17:49:05.446,BASELINE,9.1592,90.8461,nan
2026-06-01 17:49:05.466,BASELINE,9.1601,90.8482,nan
2026-06-01 17:49:05.486,BASELINE,9.1609,90.8501,nan
2026-06-01 17:49:05.507,BASELINE,9.1619,90.8518,nan
2026-06-01 17:49:05.528,BASELINE,9.1628,90.8534,nan
2026-06-01 17:49:05.548,BASELINE,9.1637,90.8548,nan
2026-06-01 17:49:05.572,BASELINE,9.1646,90.8561,nan
2026-06-01 17:49:05.590,BASELINE,9.1656,90.8572,nan
2026-06-01 17:49:05.610,BASELINE,9.1665,90.8745,nan
2026-06-01 17:49:05.630,BASELINE,9.1675,90.8901,nan
2026-06-01 17:49:05.651,BASELINE,9.1684,90.9041,nan
2026-06-01 17:49:05.671,BASELINE,9.1693,90.9167,nan
2026-06-01 17:49:05.691,BASELINE,9.1702,90.9281,nan
2026-06-01 17:49:05.711,BASELINE,9.171,90.9383,nan
2026-06-01 17:49:05.732,BASELINE,9.172,90.9475,nan
2026-06-01 17:49:05.753,BASELINE,9.1736,90.9558,nan
2026-06-01 17:49:05.773,BASELINE,9.1743,90.9632,nan
2026-06-01 17:49:05.793,BASELINE,9.1752,90.9699,nan
2026-06-01 17:49:05.813,BASELINE,9.1758,90.976,nan
2026-06-01 17:49:05.833,BASELINE,9.1766,90.9814,nan
2026-06-01 17:49:05.855,BASELINE,9.1772,90.9863,nan
2026-06-01 17:49:05.876,BASELINE,9.178,90.9907,nan
2026-06-01 17:49:05.896,BASELINE,9.1788,90.9946,nan
2026-06-01 17:49:05.917,BASELINE,9.1797,90.9982,nan
2026-06-01 17:49:05.937,BASELINE,9.1806,91.0014,nan
2026-06-01 17:49:05.958,BASELINE,9.1815,91.0043,nan
2026-06-01 17:49:05.978,BASELINE,9.1824,91.0069,nan
2026-06-01 17:49:05.998,BASELINE,9.1832,91.0092,nan
2026-06-01 17:49:06.018,BASELINE,9.184,91.0113,nan
2026-06-01 17:49:06.038,BASELINE,9.1847,91.0132,nan
2026-06-01 17:49:06.059,BASELINE,9.1853,91.0149,nan
2026-06-01 17:49:06.083,BASELINE,9.186,91.0165,nan
2026-06-01 17:49:06.101,BASELINE,9.1864,91.0178,nan
2026-06-01 17:49:06.121,BASELINE,9.187,91.0089,nan
2026-06-01 17:49:06.142,BASELINE,9.1874,91.0009,nan
2026-06-01 17:49:06.162,BASELINE,9.188,90.9937,nan
2026-06-01 17:49:06.183,BASELINE,9.1886,90.9872,nan
2026-06-01 17:49:06.203,BASELINE,9.1892,90.9813,nan
2026-06-01 17:49:06.224,BASELINE,9.1899,90.9761,nan
2026-06-01 17:49:06.244,BASELINE,9.1904,90.9713,nan
2026-06-01 17:49:06.264,BASELINE,9.191,90.9671,nan
2026-06-01 17:49:06.285,BASELINE,9.1916,90.9632,nan
2026-06-01 17:49:06.306,BASELINE,9.1924,90.9598,nan
2026-06-01 17:49:06.326,BASELINE,9.1931,90.9566,nan
2026-06-01 17:49:06.347,BASELINE,9.1938,90.9539,nan
2026-06-01 17:49:06.367,BASELINE,9.1945,90.9513,nan
2026-06-01 17:49:06.387,BASELINE,9.1952,90.9491,nan
2026-06-01 17:49:06.407,BASELINE,9.1958,90.947,nan
2026-06-01 17:49:06.428,BASELINE,9.1968,90.9452,nan
2026-06-01 17:49:06.448,BASELINE,9.1982,90.9435,nan
2026-06-01 17:49:06.469,BASELINE,9.1987,90.942,nan
2026-06-01 17:49:06.489,BASELINE,9.1991,90.9407,nan
2026-06-01 17:49:06.509,BASELINE,9.1996,90.9395,nan
2026-06-01 17:49:06.530,BASELINE,9.2,90.9384,nan
2026-06-01 17:49:06.551,BASELINE,9.2003,90.9374,nan
2026-06-01 17:49:06.571,BASELINE,9.2007,90.9366,nan
2026-06-01 17:49:06.595,BASELINE,9.2012,90.9358,nan
2026-06-01 17:49:06.612,BASELINE,9.2017,90.9342,nan
2026-06-01 17:49:06.632,BASELINE,9.2022,90.9327,nan
2026-06-01 17:49:06.653,BASELINE,9.2027,90.9314,nan
2026-06-01 17:49:06.675,BASELINE,9.2032,90.9302,nan
2026-06-01 17:49:06.695,BASELINE,9.2037,90.9291,nan
2026-06-01 17:49:06.715,BASELINE,9.2041,90.9282,nan
2026-06-01 17:49:06.735,BASELINE,9.2043,90.9273,nan
2026-06-01 17:49:06.756,BASELINE,9.2046,90.9265,nan
2026-06-01 17:49:06.776,BASELINE,9.2048,90.9258,nan
2026-06-01 17:49:06.797,BASELINE,9.2049,90.9252,nan
2026-06-01 17:49:06.817,BASELINE,9.2051,90.9246,nan
2026-06-01 17:49:06.837,BASELINE,9.2053,90.9241,nan
2026-06-01 17:49:06.859,BASELINE,9.2054,90.9236,nan
2026-06-01 17:49:06.878,BASELINE,9.2055,90.9232,nan
2026-06-01 17:49:06.898,BASELINE,9.2056,90.9229,nan
2026-06-01 17:49:06.918,BASELINE,9.2058,90.9225,nan
2026-06-01 17:49:06.939,BASELINE,9.2058,90.9222,nan
2026-06-01 17:49:06.959,BASELINE,9.2059,90.922,nan
2026-06-01 17:49:06.980,BASELINE,9.2059,90.9217,nan
2026-06-01 17:49:07.000,BASELINE,9.2059,90.9215,nan
2026-06-01 17:49:07.020,BASELINE,9.206,90.9213,nan
2026-06-01 17:49:07.040,BASELINE,9.206,90.9211,nan
2026-06-01 17:49:07.060,BASELINE,9.2061,90.921,nan
2026-06-01 17:49:07.080,BASELINE,9.2061,90.9208,nan
2026-06-01 17:49:07.103,BASELINE,9.2062,90.9207,nan
2026-06-01 17:49:07.120,BASELINE,9.2061,90.9041,nan
2026-06-01 17:49:07.142,BASELINE,9.206,90.8892,nan
2026-06-01 17:49:07.162,BASELINE,9.2061,90.8758,nan
2026-06-01 17:49:07.182,BASELINE,9.2071,90.8638,nan
2026-06-01 17:49:07.203,BASELINE,9.2072,90.8529,nan
2026-06-01 17:49:07.223,BASELINE,9.2071,90.8432,nan
2026-06-01 17:49:07.243,BASELINE,9.2071,90.8344,nan
2026-06-01 17:49:07.264,BASELINE,9.2071,90.8265,nan
2026-06-01 17:49:07.285,BASELINE,9.2071,90.8193,nan
2026-06-01 17:49:07.305,BASELINE,9.207,90.8129,nan
2026-06-01 17:49:07.326,BASELINE,9.2068,90.8072,nan
2026-06-01 17:49:07.346,BASELINE,9.2067,90.802,nan
2026-06-01 17:49:07.366,BASELINE,9.2066,90.7973,nan
2026-06-01 17:49:07.386,BASELINE,9.2065,90.7931,nan
2026-06-01 17:49:07.407,BASELINE,9.2065,90.7893,nan
2026-06-01 17:49:07.428,BASELINE,9.2065,90.7859,nan
2026-06-01 17:49:07.448,BASELINE,9.2063,90.7828,nan
2026-06-01 17:49:07.469,BASELINE,9.2062,90.7801,nan
2026-06-01 17:49:07.489,BASELINE,9.2059,90.7776,nan
2026-06-01 17:49:07.509,BASELINE,9.2058,90.7754,nan
2026-06-01 17:49:07.529,BASELINE,9.2054,90.7734,nan
2026-06-01 17:49:07.550,BASELINE,9.2051,90.7715,nan
2026-06-01 17:49:07.571,BASELINE,9.2048,90.7699,nan
2026-06-01 17:49:07.592,BASELINE,9.2044,90.7684,nan
2026-06-01 17:49:07.618,BASELINE,9.2039,90.7301,nan
2026-06-01 17:49:07.635,BASELINE,9.2035,90.6955,nan
2026-06-01 17:49:07.655,BASELINE,9.2031,90.6644,nan
2026-06-01 17:49:07.676,BASELINE,9.2027,90.6364,nan
2026-06-01 17:49:07.696,BASELINE,9.2023,90.6112,nan
2026-06-01 17:49:07.716,BASELINE,9.2018,90.5886,nan
2026-06-01 17:49:07.736,BASELINE,9.2014,90.5682,nan
2026-06-01 17:49:07.756,BASELINE,9.2011,90.5498,nan
2026-06-01 17:49:07.776,BASELINE,9.2006,90.5333,nan
2026-06-01 17:49:07.797,BASELINE,9.2004,90.5184,nan
2026-06-01 17:49:07.817,BASELINE,9.2,90.505,nan
2026-06-01 17:49:07.837,BASELINE,9.1997,90.493,nan
2026-06-01 17:49:07.858,BASELINE,9.1995,90.4821,nan
2026-06-01 17:49:07.878,BASELINE,9.1992,90.4724,nan
2026-06-01 17:49:07.898,BASELINE,9.1989,90.4636,nan
2026-06-01 17:49:07.918,BASELINE,9.1985,90.4557,nan
2026-06-01 17:49:07.939,BASELINE,9.198,90.4486,nan
2026-06-01 17:49:07.959,BASELINE,9.198,90.4422,nan
2026-06-01 17:49:07.980,BASELINE,9.1982,90.4364,nan
2026-06-01 17:49:08.000,BASELINE,9.1977,90.4312,nan
2026-06-01 17:49:08.021,BASELINE,9.1973,90.4266,nan
2026-06-01 17:49:08.042,BASELINE,9.1969,90.4223,nan
2026-06-01 17:49:08.062,BASELINE,9.1964,90.4186,nan
2026-06-01 17:49:08.082,BASELINE,9.196,90.4152,nan
2026-06-01 17:49:08.103,BASELINE,9.1957,90.4121,nan
2026-06-01 17:49:08.128,BASELINE,9.1953,90.4093,nan
2026-06-01 17:49:08.144,BASELINE,9.195,90.4069,nan
2026-06-01 17:49:08.165,BASELINE,9.1947,90.4046,nan
2026-06-01 17:49:08.186,BASELINE,9.1944,90.4026,nan
2026-06-01 17:49:08.206,BASELINE,9.1942,90.4008,nan
2026-06-01 17:49:08.226,BASELINE,9.194,90.3992,nan
2026-06-01 17:49:08.247,BASELINE,9.1936,90.3977,nan
2026-06-01 17:49:08.268,BASELINE,9.1933,90.3964,nan
2026-06-01 17:49:08.288,BASELINE,9.193,90.3952,nan
2026-06-01 17:49:08.308,BASELINE,9.1927,90.3942,nan
2026-06-01 17:49:08.328,BASELINE,9.1923,90.3932,nan
2026-06-01 17:49:08.348,BASELINE,9.1919,90.3923,nan
2026-06-01 17:49:08.369,BASELINE,9.1915,90.3915,nan
2026-06-01 17:49:08.389,BASELINE,9.1911,90.3908,nan
2026-06-01 17:49:08.409,BASELINE,9.1906,90.3902,nan
2026-06-01 17:49:08.429,BASELINE,9.19,90.3897,nan
2026-06-01 17:49:08.449,BASELINE,9.1895,90.3891,nan
2026-06-01 17:49:08.470,BASELINE,9.1889,90.3887,nan
2026-06-01 17:49:08.490,BASELINE,9.1885,90.3883,nan
2026-06-01 17:49:08.511,BASELINE,9.188,90.3879,nan
2026-06-01 17:49:08.531,BASELINE,9.1876,90.3876,nan
2026-06-01 17:49:08.552,BASELINE,9.1871,90.3873,nan
2026-06-01 17:49:08.572,BASELINE,9.1868,90.387,nan
2026-06-01 17:49:08.592,BASELINE,9.1865,90.3867,nan
2026-06-01 17:49:08.612,BASELINE,9.186,90.3471,nan
2026-06-01 17:49:08.636,BASELINE,9.1857,90.3113,nan
2026-06-01 17:49:08.654,BASELINE,9.1854,90.2792,nan
2026-06-01 17:49:08.675,BASELINE,9.1852,90.2502,nan
2026-06-01 17:49:08.695,BASELINE,9.1849,90.2242,nan
2026-06-01 17:49:08.716,BASELINE,9.1846,90.2008,nan
2026-06-01 17:49:08.736,BASELINE,9.1845,90.1797,nan
2026-06-01 17:49:08.756,BASELINE,9.1846,90.1607,nan
2026-06-01 17:49:08.777,BASELINE,9.1845,90.1436,nan
2026-06-01 17:49:08.797,BASELINE,9.1842,90.1282,nan
2026-06-01 17:49:08.818,BASELINE,9.184,90.1144,nan
2026-06-01 17:49:08.838,BASELINE,9.1838,90.1019,nan
2026-06-01 17:49:08.858,BASELINE,9.1835,90.0907,nan
2026-06-01 17:49:08.880,BASELINE,9.1832,90.0806,nan
2026-06-01 17:49:08.901,BASELINE,9.183,90.0716,nan
2026-06-01 17:49:08.921,BASELINE,9.1828,90.0634,nan
2026-06-01 17:49:08.942,BASELINE,9.1828,90.056,nan
2026-06-01 17:49:08.963,BASELINE,9.1826,90.0494,nan
2026-06-01 17:49:08.983,BASELINE,9.1827,90.0435,nan
2026-06-01 17:49:09.004,BASELINE,9.1827,90.0381,nan
2026-06-01 17:49:09.025,BASELINE,9.1825,90.0333,nan
2026-06-01 17:49:09.046,BASELINE,9.1824,90.0289,nan
2026-06-01 17:49:09.066,BASELINE,9.1823,90.025,nan
2026-06-01 17:49:09.087,BASELINE,9.1821,90.0215,nan
2026-06-01 17:49:09.108,BASELINE,9.182,89.975,nan
2026-06-01 17:49:09.128,BASELINE,9.1819,89.9332,nan
2026-06-01 17:49:09.152,BASELINE,9.1816,89.8956,nan
2026-06-01 17:49:09.170,BASELINE,9.1816,89.8617,nan
2026-06-01 17:49:09.191,BASELINE,9.1814,89.8312,nan
2026-06-01 17:49:09.212,BASELINE,9.1813,89.8037,nan
2026-06-01 17:49:09.234,BASELINE,9.1811,89.779,nan
2026-06-01 17:49:09.255,BASELINE,9.181,89.7568,nan
2026-06-01 17:49:09.276,BASELINE,9.1808,89.7368,nan
2026-06-01 17:49:09.296,BASELINE,9.1805,89.7188,nan
2026-06-01 17:49:09.317,BASELINE,9.1803,89.7026,nan
2026-06-01 17:49:09.337,BASELINE,9.18,89.688,nan
2026-06-01 17:49:09.357,BASELINE,9.1798,89.6749,nan
2026-06-01 17:49:09.378,BASELINE,9.1796,89.6631,nan
2026-06-01 17:49:09.398,BASELINE,9.1794,89.6524,nan
2026-06-01 17:49:09.418,BASELINE,9.1793,89.6429,nan
2026-06-01 17:49:09.438,BASELINE,9.1791,89.6342,nan
2026-06-01 17:49:09.459,BASELINE,9.1789,89.6265,nan
2026-06-01 17:49:09.479,BASELINE,9.1786,89.6195,nan
2026-06-01 17:49:09.499,BASELINE,9.1782,89.6132,nan
2026-06-01 17:49:09.519,BASELINE,9.1779,89.6076,nan
2026-06-01 17:49:09.540,BASELINE,9.1777,89.6025,nan
2026-06-01 17:49:09.560,BASELINE,9.178,89.5979,nan
2026-06-01 17:49:09.581,BASELINE,9.1777,89.5938,nan
2026-06-01 17:49:09.601,BASELINE,9.1774,89.5901,nan
2026-06-01 17:49:09.622,BASELINE,9.1769,89.5763,nan
2026-06-01 17:49:09.642,BASELINE,9.1765,89.5639,nan
2026-06-01 17:49:09.666,BASELINE,9.1761,89.5527,nan
2026-06-01 17:49:09.685,BASELINE,9.1757,89.5427,nan
2026-06-01 17:49:09.706,BASELINE,9.1753,89.5337,nan
2026-06-01 17:49:09.727,BASELINE,9.175,89.5255,nan
2026-06-01 17:49:09.747,BASELINE,9.1746,89.5182,nan
2026-06-01 17:49:09.767,BASELINE,9.1744,89.5116,nan
2026-06-01 17:49:09.788,BASELINE,9.1741,89.5057,nan
2026-06-01 17:49:09.808,BASELINE,9.174,89.5003,nan
2026-06-01 17:49:09.828,BASELINE,9.1737,89.4955,nan
2026-06-01 17:49:09.849,BASELINE,9.1735,89.4912,nan
2026-06-01 17:49:09.869,BASELINE,9.1732,89.4873,nan
2026-06-01 17:49:09.890,BASELINE,9.1729,89.4838,nan
2026-06-01 17:49:09.911,BASELINE,9.1724,89.4806,nan
2026-06-01 17:49:09.932,BASELINE,9.172,89.4778,nan
2026-06-01 17:49:09.952,BASELINE,9.1716,89.4753,nan
2026-06-01 17:49:09.973,BASELINE,9.1712,89.473,nan
2026-06-01 17:49:09.993,BASELINE,9.1708,89.4709,nan
2026-06-01 17:49:10.013,BASELINE,9.1704,89.469,nan
2026-06-01 17:49:10.033,BASELINE,9.17,89.4673,nan
2026-06-01 17:49:10.053,BASELINE,9.1691,89.4658,nan
2026-06-01 17:49:10.074,BASELINE,9.1686,89.4645,nan
2026-06-01 17:49:10.094,BASELINE,9.1683,89.4633,nan
2026-06-01 17:49:10.115,BASELINE,9.1679,89.4302,nan
2026-06-01 17:49:10.135,BASELINE,9.1675,89.4005,nan
2026-06-01 17:49:10.156,BASELINE,9.1672,89.3738,nan
2026-06-01 17:49:10.180,BASELINE,9.1669,89.3497,nan
2026-06-01 17:49:10.197,BASELINE,9.1666,89.328,nan
2026-06-01 17:49:10.217,BASELINE,9.1664,89.3085,nan
2026-06-01 17:49:10.238,BASELINE,9.1661,89.291,nan
2026-06-01 17:49:10.258,BASELINE,9.1657,89.2752,nan
2026-06-01 17:49:10.279,BASELINE,9.1654,89.261,nan
2026-06-01 17:49:10.299,BASELINE,9.1651,89.2482,nan
2026-06-01 17:49:10.319,BASELINE,9.1651,89.2367,nan
2026-06-01 17:49:10.340,BASELINE,9.1654,89.2263,nan
2026-06-01 17:49:10.360,BASELINE,9.165,89.217,nan
2026-06-01 17:49:10.380,BASELINE,9.1646,89.2086,nan
2026-06-01 17:49:10.400,BASELINE,9.1642,89.201,nan
2026-06-01 17:49:10.421,BASELINE,9.1638,89.1942,nan
2026-06-01 17:49:10.442,BASELINE,9.1634,89.1881,nan
2026-06-01 17:49:10.462,BASELINE,9.163,89.1826,nan
2026-06-01 17:49:10.483,BASELINE,9.1626,89.1776,nan
2026-06-01 17:49:10.503,BASELINE,9.1623,89.1732,nan
2026-06-01 17:49:10.524,BASELINE,9.162,89.1692,nan
2026-06-01 17:49:10.545,BASELINE,9.1617,89.1655,nan
2026-06-01 17:49:10.566,BASELINE,9.1615,89.1623,nan
2026-06-01 17:49:10.586,BASELINE,9.1614,89.1594,nan
2026-06-01 17:49:10.606,BASELINE,9.1612,89.1567,nan
2026-06-01 17:49:10.626,BASELINE,9.1609,89.1544,nan
2026-06-01 17:49:10.647,BASELINE,9.1607,89.1522,nan
2026-06-01 17:49:10.667,BASELINE,9.1603,89.1503,nan
2026-06-01 17:49:10.692,BASELINE,9.1599,89.1486,nan
2026-06-01 17:49:10.709,BASELINE,9.1596,89.147,nan
2026-06-01 17:49:10.729,BASELINE,9.1594,89.1456,nan
2026-06-01 17:49:10.750,BASELINE,9.1591,89.1444,nan
2026-06-01 17:49:10.770,BASELINE,9.1589,89.1432,nan
2026-06-01 17:49:10.791,BASELINE,9.1587,89.1422,nan
2026-06-01 17:49:10.812,BASELINE,9.1583,89.1413,nan
2026-06-01 17:49:10.832,BASELINE,9.1581,89.1405,nan
2026-06-01 17:49:10.852,BASELINE,9.1575,89.1397,nan
2026-06-01 17:49:10.873,BASELINE,9.1574,89.1391,nan
2026-06-01 17:49:10.893,BASELINE,9.1572,89.1384,nan
2026-06-01 17:49:10.913,BASELINE,9.1571,89.1379,nan
2026-06-01 17:49:10.933,BASELINE,9.1569,89.1374,nan
2026-06-01 17:49:10.953,BASELINE,9.1569,89.137,nan
2026-06-01 17:49:10.974,BASELINE,9.1568,89.1366,nan
2026-06-01 17:49:10.995,BASELINE,9.1567,89.1362,nan
2026-06-01 17:49:11.015,BASELINE,9.1567,89.1359,nan
2026-06-01 17:49:11.036,BASELINE,9.1569,89.1356,nan
2026-06-01 17:49:11.057,BASELINE,9.1568,89.1354,nan
2026-06-01 17:49:11.078,BASELINE,9.1564,89.1351,nan
2026-06-01 17:49:11.098,BASELINE,9.1562,89.1349,nan
2026-06-01 17:49:11.119,BASELINE,9.1557,89.1025,nan
2026-06-01 17:49:11.140,BASELINE,9.156,89.0733,nan
2026-06-01 17:49:11.160,BASELINE,9.1559,89.0471,nan
2026-06-01 17:49:11.180,BASELINE,9.1554,89.0235,nan
2026-06-01 17:49:11.203,BASELINE,9.1548,89.0022,nan
2026-06-01 17:49:11.222,BASELINE,9.1538,88.983,nan
2026-06-01 17:49:11.243,BASELINE,9.1526,88.9658,nan
2026-06-01 17:49:11.264,BASELINE,9.1513,88.9503,nan
2026-06-01 17:49:11.285,BASELINE,9.1499,88.9364,nan
2026-06-01 17:49:11.305,BASELINE,9.1482,88.9238,nan
2026-06-01 17:49:11.325,BASELINE,9.1464,88.9125,nan
2026-06-01 17:49:11.346,BASELINE,9.1445,88.9023,nan
2026-06-01 17:49:11.366,BASELINE,9.1426,88.8932,nan
2026-06-01 17:49:11.387,BASELINE,9.1403,88.8849,nan
2026-06-01 17:49:11.408,BASELINE,9.1385,88.8775,nan
2026-06-01 17:49:11.428,BASELINE,9.1367,88.8709,nan
2026-06-01 17:49:11.449,BASELINE,9.1349,88.8649,nan
2026-06-01 17:49:11.470,BASELINE,9.1332,88.8594,nan
2026-06-01 17:49:11.491,BASELINE,9.1315,88.8546,nan
2026-06-01 17:49:11.511,BASELINE,9.13,88.8502,nan
2026-06-01 17:49:11.531,BASELINE,9.1285,88.8463,nan
2026-06-01 17:49:11.552,BASELINE,9.1271,88.8427,nan
2026-06-01 17:49:11.573,BASELINE,9.1258,88.8395,nan
2026-06-01 17:49:11.593,BASELINE,9.1246,88.8367,nan
2026-06-01 17:49:11.614,BASELINE,9.1232,88.8268,nan
2026-06-01 17:49:11.635,BASELINE,9.1221,88.818,nan
2026-06-01 17:49:11.656,BASELINE,9.1209,88.8101,nan
2026-06-01 17:49:11.676,BASELINE,9.12,88.8029,nan
2026-06-01 17:49:11.696,BASELINE,9.119,88.7965,nan
2026-06-01 17:49:11.719,BASELINE,9.1182,88.7907,nan
2026-06-01 17:49:11.738,BASELINE,9.1173,88.7855,nan
2026-06-01 17:49:11.759,BASELINE,9.1166,88.7808,nan
2026-06-01 17:49:11.780,BASELINE,9.1158,88.7766,nan
2026-06-01 17:49:11.800,BASELINE,9.1148,88.7728,nan
2026-06-01 17:49:11.820,BASELINE,9.1143,88.7693,nan
2026-06-01 17:49:11.841,BASELINE,9.1139,88.7663,nan
2026-06-01 17:49:11.862,BASELINE,9.1135,88.7635,nan
2026-06-01 17:49:11.883,BASELINE,9.113,88.761,nan
2026-06-01 17:49:11.903,BASELINE,9.1129,88.7588,nan
2026-06-01 17:49:11.924,BASELINE,9.1117,88.7567,nan
2026-06-01 17:49:11.944,BASELINE,9.1105,88.7549,nan
2026-06-01 17:49:11.964,BASELINE,9.1092,88.7533,nan
2026-06-01 17:49:11.985,BASELINE,9.108,88.7518,nan
2026-06-01 17:49:12.005,BASELINE,9.1064,88.7505,nan
2026-06-01 17:49:12.025,BASELINE,9.1051,88.7493,nan
2026-06-01 17:49:12.046,BASELINE,9.1038,88.7482,nan
2026-06-01 17:49:12.066,BASELINE,9.103,88.7473,nan
2026-06-01 17:49:12.087,BASELINE,9.1024,88.7464,nan
2026-06-01 17:49:12.108,BASELINE,9.1021,88.7456,nan
2026-06-01 17:49:12.128,BASELINE,9.1021,88.7449,nan
2026-06-01 17:49:12.149,BASELINE,9.1022,88.7443,nan
2026-06-01 17:49:12.169,BASELINE,9.1024,88.7437,nan
2026-06-01 17:49:12.191,BASELINE,9.1027,88.7432,nan
2026-06-01 17:49:12.211,BASELINE,9.1029,88.7427,nan
2026-06-01 17:49:12.236,BASELINE,9.1031,88.7423,nan
2026-06-01 17:49:12.252,BASELINE,9.1034,88.7419,nan
2026-06-01 17:49:12.273,BASELINE,9.1037,88.7416,nan
2026-06-01 17:49:12.293,BASELINE,9.104,88.7413,nan
2026-06-01 17:49:12.313,BASELINE,9.1043,88.741,nan
2026-06-01 17:49:12.333,BASELINE,9.1047,88.7408,nan
2026-06-01 17:49:12.354,BASELINE,9.105,88.7406,nan
2026-06-01 17:49:12.374,BASELINE,9.1054,88.7404,nan
2026-06-01 17:49:12.394,BASELINE,9.1055,88.7402,nan
2026-06-01 17:49:12.414,BASELINE,9.1057,88.74,nan
2026-06-01 17:49:12.435,BASELINE,9.1055,88.7399,nan
2026-06-01 17:49:12.456,BASELINE,9.1054,88.7397,nan
2026-06-01 17:49:12.476,BASELINE,9.1054,88.7396,nan
2026-06-01 17:49:12.496,BASELINE,9.1053,88.7395,nan
2026-06-01 17:49:12.517,BASELINE,9.105,88.7394,nan
2026-06-01 17:49:12.537,BASELINE,9.1045,88.7393,nan
2026-06-01 17:49:12.558,BASELINE,9.104,88.7393,nan
2026-06-01 17:49:12.579,BASELINE,9.1036,88.7392,nan
2026-06-01 17:49:12.599,BASELINE,9.1031,88.7391,nan
2026-06-01 17:49:12.619,BASELINE,9.1032,88.7476,nan
2026-06-01 17:49:12.639,BASELINE,9.1029,88.7552,nan
2026-06-01 17:49:12.660,BASELINE,9.1023,88.762,nan
2026-06-01 17:49:12.680,BASELINE,9.1017,88.7682,nan
2026-06-01 17:49:12.700,BASELINE,9.101,88.7737,nan
2026-06-01 17:49:12.721,BASELINE,9.1003,88.7787,nan
2026-06-01 17:49:12.744,BASELINE,9.0996,88.7832,nan
2026-06-01 17:49:12.763,BASELINE,9.0991,88.7872,nan
2026-06-01 17:49:12.784,BASELINE,9.0986,88.7909,nan
2026-06-01 17:49:12.806,BASELINE,9.0981,88.7941,nan
2026-06-01 17:49:12.827,BASELINE,9.0976,88.7971,nan
2026-06-01 17:49:12.848,BASELINE,9.0973,88.7997,nan
2026-06-01 17:49:12.868,BASELINE,9.0969,88.8021,nan
2026-06-01 17:49:12.889,BASELINE,9.0965,88.8043,nan
2026-06-01 17:49:12.910,BASELINE,9.096,88.8062,nan
2026-06-01 17:49:12.930,BASELINE,9.0956,88.8079,nan
2026-06-01 17:49:12.951,BASELINE,9.0954,88.8095,nan
2026-06-01 17:49:12.973,BASELINE,9.095,88.8109,nan
2026-06-01 17:49:12.994,BASELINE,9.0945,88.8122,nan
2026-06-01 17:49:13.014,BASELINE,9.0941,88.8133,nan
2026-06-01 17:49:13.034,BASELINE,9.0937,88.8144,nan
2026-06-01 17:49:13.056,BASELINE,9.0932,88.8153,nan
2026-06-01 17:49:13.077,BASELINE,9.0926,88.8161,nan
2026-06-01 17:49:13.097,BASELINE,9.0921,88.8169,nan
2026-06-01 17:49:13.118,BASELINE,9.0916,88.8251,25.7849
2026-06-01 17:49:13.139,BASELINE,9.091,88.8325,25.7849
2026-06-01 17:49:13.159,BASELINE,9.0905,88.8392,25.7849
2026-06-01 17:49:13.179,BASELINE,9.0902,88.8452,25.7849
2026-06-01 17:49:13.199,BASELINE,9.0898,88.8506,25.7849
2026-06-01 17:49:13.219,BASELINE,9.0895,88.8554,25.7849
2026-06-01 17:49:13.239,BASELINE,9.0891,88.8598,25.7849
2026-06-01 17:49:13.262,BASELINE,9.0886,88.8638,25.7849
2026-06-01 17:49:13.281,BASELINE,9.0882,88.8673,25.7849
2026-06-01 17:49:13.301,BASELINE,9.0878,88.8705,25.7849
2026-06-01 17:49:13.322,BASELINE,9.0879,88.8734,25.7849
2026-06-01 17:49:13.342,BASELINE,9.0878,88.8759,25.7849
2026-06-01 17:49:13.363,BASELINE,9.0875,88.8783,25.7849
2026-06-01 17:49:13.384,BASELINE,9.0874,88.8804,25.7849
2026-06-01 17:49:13.404,BASELINE,9.0872,88.8822,25.7849
2026-06-01 17:49:13.425,BASELINE,9.0871,88.8839,25.7849
2026-06-01 17:49:13.446,BASELINE,9.087,88.8855,25.7849
2026-06-01 17:49:13.466,BASELINE,9.087,88.8868,25.7849
2026-06-01 17:49:13.486,BASELINE,9.087,88.8881,25.7849
2026-06-01 17:49:13.506,BASELINE,9.087,88.8892,25.7849
2026-06-01 17:49:13.526,BASELINE,9.087,88.8902,25.7849
2026-06-01 17:49:13.546,BASELINE,9.0871,88.8911,25.7849
2026-06-01 17:49:13.566,BASELINE,9.0872,88.8919,25.7849
2026-06-01 17:49:13.586,BASELINE,9.0871,88.8926,25.7849
2026-06-01 17:49:13.606,BASELINE,9.087,88.8869,25.7784
2026-06-01 17:49:13.626,BASELINE,9.0868,88.8818,25.7722
2026-06-01 17:49:13.647,BASELINE,9.0867,88.8771,25.7663
2026-06-01 17:49:13.668,BASELINE,9.0865,88.873,25.7607
2026-06-01 17:49:13.689,BASELINE,9.0863,88.8692,25.7554
2026-06-01 17:49:13.709,BASELINE,9.0861,88.8659,25.7503
2026-06-01 17:49:13.730,BASELINE,9.0859,88.8628,25.7455
2026-06-01 17:49:13.751,BASELINE,9.0857,88.8601,25.741
2026-06-01 17:49:13.775,BASELINE,9.0856,88.8576,25.7366
2026-06-01 17:49:13.794,BASELINE,9.0854,88.8554,25.7325
2026-06-01 17:49:13.814,BASELINE,9.0852,88.8534,25.7286
2026-06-01 17:49:13.834,BASELINE,9.0851,88.8516,25.7249
2026-06-01 17:49:13.855,BASELINE,9.0849,88.85,25.7214
2026-06-01 17:49:13.876,BASELINE,9.0846,88.8486,25.718
2026-06-01 17:49:13.896,BASELINE,9.0845,88.8473,25.7149
2026-06-01 17:49:13.917,BASELINE,9.0843,88.8461,25.7118
2026-06-01 17:49:13.938,BASELINE,9.0841,88.845,25.709
2026-06-01 17:49:13.959,BASELINE,9.0839,88.8441,25.7062
2026-06-01 17:49:13.980,BASELINE,9.0834,88.8432,25.7037
2026-06-01 17:49:14.000,BASELINE,9.0832,88.8424,25.7012
2026-06-01 17:49:14.020,BASELINE,9.0835,88.8417,25.6989
2026-06-01 17:49:14.040,BASELINE,9.0836,88.8411,25.6966
2026-06-01 17:49:14.061,BASELINE,9.0833,88.8406,25.6945
2026-06-01 17:49:14.081,BASELINE,9.083,88.84,25.6925
2026-06-01 17:49:14.101,BASELINE,9.0828,88.8529,25.6825
2026-06-01 17:49:14.121,BASELINE,9.0825,88.8645,25.673
2026-06-01 17:49:14.142,BASELINE,9.0823,88.8749,25.664
2026-06-01 17:49:14.162,BASELINE,9.0821,88.8843,25.6555
2026-06-01 17:49:14.183,BASELINE,9.082,88.8927,25.6473
2026-06-01 17:49:14.203,BASELINE,9.082,88.9003,25.6396
2026-06-01 17:49:14.224,BASELINE,9.0821,88.9071,25.6323
2026-06-01 17:49:14.244,BASELINE,9.0822,88.9133,25.6253
2026-06-01 17:49:14.265,BASELINE,9.0823,88.9188,25.6187
2026-06-01 17:49:14.290,BASELINE,9.0822,88.9238,25.6124
2026-06-01 17:49:14.306,BASELINE,9.0823,88.9283,25.6064
2026-06-01 17:49:14.327,BASELINE,9.0823,88.9323,25.6007
2026-06-01 17:49:14.347,BASELINE,9.0822,88.936,25.5953
2026-06-01 17:49:14.368,BASELINE,9.0819,88.9392,25.5902
2026-06-01 17:49:14.388,BASELINE,9.082,88.9422,25.5853
2026-06-01 17:49:14.409,BASELINE,9.0818,88.9448,25.5807
2026-06-01 17:49:14.429,BASELINE,9.0818,88.9472,25.5763
2026-06-01 17:49:14.450,BASELINE,9.0818,88.9494,25.5721
2026-06-01 17:49:14.470,BASELINE,9.0818,88.9513,25.5682
2026-06-01 17:49:14.491,BASELINE,9.0818,88.953,25.5644
2026-06-01 17:49:14.512,BASELINE,9.0819,88.9546,25.5608
2026-06-01 17:49:14.533,BASELINE,9.0819,88.956,25.5574
2026-06-01 17:49:14.554,BASELINE,9.0819,88.9573,25.5542
2026-06-01 17:49:14.575,BASELINE,9.082,88.9584,25.5511
2026-06-01 17:49:14.595,BASELINE,9.0821,88.9594,25.5482
2026-06-01 17:49:14.616,BASELINE,9.082,88.971,25.55
2026-06-01 17:49:14.637,BASELINE,9.0819,88.9815,25.5517
2026-06-01 17:49:14.658,BASELINE,9.0819,88.9909,25.5533
2026-06-01 17:49:14.679,BASELINE,9.082,88.9994,25.5548
2026-06-01 17:49:14.699,BASELINE,9.0827,89.007,25.5562
2026-06-01 17:49:14.719,BASELINE,9.083,89.0139,25.5576
2026-06-01 17:49:14.740,BASELINE,9.083,89.02,25.5589
2026-06-01 17:49:14.760,BASELINE,9.083,89.0256,25.5601
2026-06-01 17:49:14.781,BASELINE,9.0828,89.0306,25.5613
2026-06-01 17:49:14.805,BASELINE,9.0829,89.0351,25.5624
2026-06-01 17:49:14.822,BASELINE,9.0828,89.0391,25.5635
2026-06-01 17:49:14.842,BASELINE,9.0829,89.0428,25.5645
2026-06-01 17:49:14.864,BASELINE,9.0829,89.0461,25.5655
2026-06-01 17:49:14.884,BASELINE,9.0829,89.049,25.5664
2026-06-01 17:49:14.904,BASELINE,9.0831,89.0517,25.5672
2026-06-01 17:49:14.925,BASELINE,9.0833,89.0541,25.5681
2026-06-01 17:49:14.946,BASELINE,9.0836,89.0562,25.5688
2026-06-01 17:49:14.967,BASELINE,9.0837,89.0582,25.5696
2026-06-01 17:49:14.988,BASELINE,9.0838,89.0599,25.5703
2026-06-01 17:49:15.008,BASELINE,9.0838,89.0615,25.5709
2026-06-01 17:49:15.028,BASELINE,9.0838,89.0629,25.5716
2026-06-01 17:49:15.049,BASELINE,9.0838,89.0642,25.5722
2026-06-01 17:49:15.069,BASELINE,9.0839,89.0653,25.5728
2026-06-01 17:49:15.090,BASELINE,9.0839,89.0663,25.5733
2026-06-01 17:49:15.111,BASELINE,9.0839,89.0876,25.5724
2026-06-01 17:49:15.131,BASELINE,9.0839,89.1068,25.5716
2026-06-01 17:49:15.151,BASELINE,9.0838,89.1241,25.5708
2026-06-01 17:49:15.172,BASELINE,9.0837,89.1396,25.57
2026-06-01 17:49:15.192,BASELINE,9.0837,89.1536,25.5693
2026-06-01 17:49:15.212,BASELINE,9.0837,89.1661,25.5686
2026-06-01 17:49:15.232,BASELINE,9.0837,89.1775,25.5679
2026-06-01 17:49:15.253,BASELINE,9.0836,89.1877,25.5673
2026-06-01 17:49:15.274,BASELINE,9.0835,89.1968,25.5667
2026-06-01 17:49:15.293,BASELINE,9.0834,89.2051,25.5661
2026-06-01 17:49:15.316,BASELINE,9.0832,89.2125,25.5656
2026-06-01 17:49:15.334,BASELINE,9.0833,89.2192,25.5651
2026-06-01 17:49:15.355,BASELINE,9.084,89.2252,25.5646
2026-06-01 17:49:15.375,BASELINE,9.0839,89.2306,25.5642
2026-06-01 17:49:15.396,BASELINE,9.0836,89.2355,25.5637
2026-06-01 17:49:15.417,BASELINE,9.0833,89.2399,25.5633
2026-06-01 17:49:15.437,BASELINE,9.0831,89.2438,25.5629
2026-06-01 17:49:15.458,BASELINE,9.083,89.2474,25.5625
2026-06-01 17:49:15.478,BASELINE,9.0829,89.2506,25.5622
2026-06-01 17:49:15.499,BASELINE,9.0828,89.2535,25.5618
2026-06-01 17:49:15.520,BASELINE,9.0827,89.256,25.5615
2026-06-01 17:49:15.541,BASELINE,9.0827,89.2584,25.5612
2026-06-01 17:49:15.561,BASELINE,9.0828,89.2605,25.5609
2026-06-01 17:49:15.582,BASELINE,9.0828,89.2624,25.5607
2026-06-01 17:49:15.603,BASELINE,9.0829,89.2629,25.5618
2026-06-01 17:49:15.623,BASELINE,9.0828,89.2634,25.5628
2026-06-01 17:49:15.644,BASELINE,9.0826,89.2638,25.5639
2026-06-01 17:49:15.665,BASELINE,9.0824,89.2642,25.5648
2026-06-01 17:49:15.685,BASELINE,9.0821,89.2646,25.5657
2026-06-01 17:49:15.705,BASELINE,9.0819,89.2649,25.5666
2026-06-01 17:49:15.725,BASELINE,9.0816,89.2652,25.5674
2026-06-01 17:49:15.745,BASELINE,9.0814,89.2655,25.5682
2026-06-01 17:49:15.765,BASELINE,9.081,89.2657,25.5689
2026-06-01 17:49:15.785,BASELINE,9.0809,89.2659,25.5697
2026-06-01 17:49:15.805,BASELINE,9.0807,89.2661,25.5703
2026-06-01 17:49:15.830,BASELINE,9.0805,89.2663,25.571
2026-06-01 17:49:15.847,BASELINE,9.0802,89.2664,25.5716
2026-06-01 17:49:15.868,BASELINE,9.0799,89.2665,25.5721
2026-06-01 17:49:15.889,BASELINE,9.0798,89.2667,25.5727
2026-06-01 17:49:15.909,BASELINE,9.0795,89.2668,25.5732
2026-06-01 17:49:15.929,BASELINE,9.0793,89.2669,25.5737
2026-06-01 17:49:15.950,BASELINE,9.079,89.267,25.5742
2026-06-01 17:49:15.971,BASELINE,9.0786,89.2671,25.5746
2026-06-01 17:49:15.991,BASELINE,9.0783,89.2671,25.575
2026-06-01 17:49:16.012,BASELINE,9.0781,89.2672,25.5754
2026-06-01 17:49:16.032,BASELINE,9.0784,89.2673,25.5758
2026-06-01 17:49:16.052,BASELINE,9.0779,89.2673,25.5762
2026-06-01 17:49:16.073,BASELINE,9.0774,89.2674,25.5765
2026-06-01 17:49:16.095,BASELINE,9.0769,89.2674,25.5769
2026-06-01 17:49:16.115,BASELINE,9.0763,89.279,25.5844
2026-06-01 17:49:16.136,BASELINE,9.0757,89.2895,25.5916
2026-06-01 17:49:16.156,BASELINE,9.0752,89.299,25.5984
2026-06-01 17:49:16.177,BASELINE,9.0747,89.3074,25.6049
2026-06-01 17:49:16.197,BASELINE,9.0743,89.3151,25.611
2026-06-01 17:49:16.218,BASELINE,9.0739,89.322,25.6168
2026-06-01 17:49:16.238,BASELINE,9.0735,89.3281,25.6224
2026-06-01 17:49:16.259,BASELINE,9.0731,89.3337,25.6277
2026-06-01 17:49:16.280,BASELINE,9.0726,89.3387,25.6327
2026-06-01 17:49:16.300,BASELINE,9.072,89.3432,25.6374
2026-06-01 17:49:16.320,BASELINE,9.0713,89.3473,25.6419
2026-06-01 17:49:16.344,BASELINE,9.0706,89.351,25.6462
2026-06-01 17:49:16.360,BASELINE,9.0701,89.3542,25.6503
2026-06-01 17:49:16.381,BASELINE,9.0696,89.3572,25.6542
2026-06-01 17:49:16.401,BASELINE,9.0693,89.3599,25.6579
2026-06-01 17:49:16.422,BASELINE,9.0691,89.3623,25.6614
2026-06-01 17:49:16.442,BASELINE,9.0691,89.3644,25.6647
2026-06-01 17:49:16.462,BASELINE,9.0691,89.3664,25.6678
2026-06-01 17:49:16.482,BASELINE,9.0688,89.3681,25.6708
2026-06-01 17:49:16.502,BASELINE,9.0684,89.3697,25.6737
2026-06-01 17:49:16.523,BASELINE,9.0679,89.3711,25.6764
2026-06-01 17:49:16.544,BASELINE,9.0674,89.3724,25.679
2026-06-01 17:49:16.564,BASELINE,9.0668,89.3735,25.6814
2026-06-01 17:49:16.585,BASELINE,9.0663,89.3746,25.6837
2026-06-01 17:49:16.605,BASELINE,9.0659,89.3728,25.7083
2026-06-01 17:49:16.625,BASELINE,9.0655,89.3711,25.7317
2026-06-01 17:49:16.645,BASELINE,9.0651,89.3697,25.7539
2026-06-01 17:49:16.665,BASELINE,9.0645,89.3684,25.775
2026-06-01 17:49:16.686,BASELINE,9.0642,89.3672,25.795
2026-06-01 17:49:16.706,BASELINE,9.0638,89.3661,25.8141
2026-06-01 17:49:16.727,BASELINE,9.0635,89.3652,25.8322
2026-06-01 17:49:16.748,BASELINE,9.0637,89.3643,25.8494
2026-06-01 17:49:16.769,BASELINE,9.0632,89.3635,25.8657
2026-06-01 17:49:16.789,BASELINE,9.0626,89.3628,25.8812
2026-06-01 17:49:16.809,BASELINE,9.0622,89.3622,25.8959
2026-06-01 17:49:16.830,BASELINE,9.0619,89.3616,25.9099
2026-06-01 17:49:16.855,BASELINE,9.0616,89.3611,25.9232
2026-06-01 17:49:16.873,BASELINE,9.0614,89.3607,25.9358
2026-06-01 17:49:16.893,BASELINE,9.061,89.3603,25.9478
2026-06-01 17:49:16.913,BASELINE,9.0605,89.3599,25.9592
2026-06-01 17:49:16.933,BASELINE,9.0599,89.3595,25.9701
2026-06-01 17:49:16.954,BASELINE,9.0595,89.3592,25.9804
2026-06-01 17:49:16.974,BASELINE,9.059,89.359,25.9901
2026-06-01 17:49:16.995,BASELINE,9.0588,89.3587,25.9994
2026-06-01 17:49:17.016,BASELINE,9.0585,89.3585,26.0082
2026-06-01 17:49:17.037,BASELINE,9.0582,89.3583,26.0166
2026-06-01 17:49:17.057,BASELINE,9.058,89.3581,26.0246
2026-06-01 17:49:17.077,BASELINE,9.0577,89.358,26.0321
2026-06-01 17:49:17.097,BASELINE,9.0574,89.3578,26.0393
2026-06-01 17:49:17.118,BASELINE,9.0572,89.3333,26.0579
2026-06-01 17:49:17.139,BASELINE,9.057,89.3112,26.0756
2026-06-01 17:49:17.159,BASELINE,9.0567,89.2914,26.0924
2026-06-01 17:49:17.180,BASELINE,9.0565,89.2735,26.1084
2026-06-01 17:49:17.200,BASELINE,9.056,89.2574,26.1236
2026-06-01 17:49:17.221,BASELINE,9.0547,89.2429,26.138
2026-06-01 17:49:17.241,BASELINE,9.0539,89.2299,26.1516
2026-06-01 17:49:17.261,BASELINE,9.053,89.2182,26.1646
2026-06-01 17:49:17.281,BASELINE,9.0521,89.2076,26.177
2026-06-01 17:49:17.303,BASELINE,9.0512,89.1981,26.1887
2026-06-01 17:49:17.322,BASELINE,9.0502,89.1895,26.1999
2026-06-01 17:49:17.342,BASELINE,9.0493,89.1818,26.2105
2026-06-01 17:49:17.366,BASELINE,9.0483,89.1749,26.2205
2026-06-01 17:49:17.384,BASELINE,9.0473,89.1687,26.2301
2026-06-01 17:49:17.404,BASELINE,9.0463,89.1631,26.2392
2026-06-01 17:49:17.425,BASELINE,9.0453,89.158,26.2478
2026-06-01 17:49:17.445,BASELINE,9.0442,89.1535,26.256
2026-06-01 17:49:17.466,BASELINE,9.043,89.1494,26.2638
2026-06-01 17:49:17.486,BASELINE,9.0417,89.1457,26.2711
2026-06-01 17:49:17.506,BASELINE,9.041,89.1424,26.2782
2026-06-01 17:49:17.526,BASELINE,9.0405,89.1394,26.2848
2026-06-01 17:49:17.546,BASELINE,9.0395,89.1367,26.2912
2026-06-01 17:49:17.567,BASELINE,9.0385,89.1343,26.2972
2026-06-01 17:49:17.587,BASELINE,9.0375,89.1321,26.3029
2026-06-01 17:49:17.607,BASELINE,9.0364,89.1375,26.316
2026-06-01 17:49:17.628,BASELINE,9.0354,89.1423,26.3284
2026-06-01 17:49:17.649,BASELINE,9.0348,89.1466,26.3401
2026-06-01 17:49:17.669,BASELINE,9.0344,89.1505,26.3513
2026-06-01 17:49:17.689,BASELINE,9.0341,89.154,26.362
2026-06-01 17:49:17.709,BASELINE,9.0337,89.1572,26.3721
2026-06-01 17:49:17.730,BASELINE,9.0334,89.16,26.3816
2026-06-01 17:49:17.751,BASELINE,9.0331,89.1626,26.3908
2026-06-01 17:49:17.771,BASELINE,9.033,89.1649,26.3994
2026-06-01 17:49:17.792,BASELINE,9.0329,89.167,26.4076
2026-06-01 17:49:17.812,BASELINE,9.0328,89.1688,26.4154
2026-06-01 17:49:17.832,BASELINE,9.0329,89.1705,26.4229
2026-06-01 17:49:17.853,BASELINE,9.033,89.172,26.4299
2026-06-01 17:49:17.877,BASELINE,9.0333,89.1734,26.4366
2026-06-01 17:49:17.894,BASELINE,9.0333,89.1746,26.443
2026-06-01 17:49:17.915,BASELINE,9.0333,89.1757,26.449
2026-06-01 17:49:17.935,BASELINE,9.0335,89.1767,26.4548
2026-06-01 17:49:17.955,BASELINE,9.0339,89.1776,26.4602
2026-06-01 17:49:17.976,BASELINE,9.0344,89.1784,26.4654
2026-06-01 17:49:17.997,BASELINE,9.0349,89.1791,26.4703
2026-06-01 17:49:18.018,BASELINE,9.0354,89.1798,26.475
2026-06-01 17:49:18.039,BASELINE,9.0359,89.1803,26.4795
2026-06-01 17:49:18.059,BASELINE,9.0366,89.1809,26.4837
2026-06-01 17:49:18.081,BASELINE,9.0376,89.1814,26.4877
2026-06-01 17:49:18.101,BASELINE,9.0386,89.1818,26.4915
2026-06-01 17:49:18.121,BASELINE,9.0393,89.1691,26.4891
2026-06-01 17:49:18.142,BASELINE,9.0395,89.1577,26.4869
2026-06-01 17:49:18.162,BASELINE,9.0397,89.1474,26.4848
2026-06-01 17:49:18.183,BASELINE,9.0395,89.1381,26.4828
2026-06-01 17:49:18.204,BASELINE,9.0392,89.1298,26.4809
2026-06-01 17:49:18.225,BASELINE,9.0387,89.1223,26.4791
2026-06-01 17:49:18.245,BASELINE,9.0383,89.1156,26.4773
2026-06-01 17:49:18.266,BASELINE,9.0375,89.1095,26.4757
2026-06-01 17:49:18.287,BASELINE,9.0362,89.1041,26.4741
2026-06-01 17:49:18.307,BASELINE,9.0349,89.0991,26.4727
2026-06-01 17:49:18.327,BASELINE,9.0334,89.0947,26.4712
2026-06-01 17:49:18.348,BASELINE,9.0317,89.0907,26.4699
2026-06-01 17:49:18.369,BASELINE,9.0301,89.0872,26.4686
2026-06-01 17:49:18.394,BASELINE,9.0282,89.0839,26.4674
2026-06-01 17:49:18.410,BASELINE,9.0263,89.081,26.4663
2026-06-01 17:49:18.431,BASELINE,9.0242,89.0784,26.4652
2026-06-01 17:49:18.451,BASELINE,9.0223,89.0761,26.4642
2026-06-01 17:49:18.471,BASELINE,9.0205,89.074,26.4632
2026-06-01 17:49:18.492,BASELINE,9.0186,89.0721,26.4623
2026-06-01 17:49:18.512,BASELINE,9.0168,89.0703,26.4614
2026-06-01 17:49:18.532,BASELINE,9.0148,89.0688,26.4605
2026-06-01 17:49:18.553,BASELINE,9.0129,89.0674,26.4597
2026-06-01 17:49:18.573,BASELINE,9.0109,89.0662,26.459
2026-06-01 17:49:18.593,BASELINE,9.0092,89.065,26.4583
2026-06-01 17:49:18.613,BASELINE,9.0073,89.073,26.5302
2026-06-01 17:49:18.634,BASELINE,9.0056,89.0801,26.5986
2026-06-01 17:49:18.655,BASELINE,9.0039,89.0866,26.6635
2026-06-01 17:49:18.675,BASELINE,9.0021,89.0924,26.7252
2026-06-01 17:49:18.696,BASELINE,9.0005,89.0976,26.7839
2026-06-01 17:49:18.716,BASELINE,8.9991,89.1023,26.8395
2026-06-01 17:49:18.736,BASELINE,8.9976,89.1065,26.8924
2026-06-01 17:49:18.756,BASELINE,8.9961,89.1103,26.9427
2026-06-01 17:49:18.777,BASELINE,8.9948,89.1137,26.9905
2026-06-01 17:49:18.798,BASELINE,8.9935,89.1168,27.0358
2026-06-01 17:49:18.820,BASELINE,8.9922,89.1196,27.0789
2026-06-01 17:49:18.840,BASELINE,8.9909,89.1221,27.1198
2026-06-01 17:49:18.860,BASELINE,8.9895,89.1243,27.1587
2026-06-01 17:49:18.881,BASELINE,8.9885,89.1264,27.1957
2026-06-01 17:49:18.906,BASELINE,8.988,89.1282,27.2308
2026-06-01 17:49:18.922,BASELINE,8.9871,89.1298,27.2641
2026-06-01 17:49:18.944,BASELINE,8.986,89.1313,27.2958
2026-06-01 17:49:18.964,BASELINE,8.9849,89.1326,27.3259
2026-06-01 17:49:18.986,BASELINE,8.9838,89.1338,27.3545
2026-06-01 17:49:19.006,BASELINE,8.9828,89.1349,27.3816
2026-06-01 17:49:19.027,BASELINE,8.9818,89.1358,27.4074
2026-06-01 17:49:19.047,BASELINE,8.981,89.1367,27.4319
2026-06-01 17:49:19.069,BASELINE,8.9802,89.1375,27.4552
2026-06-01 17:49:19.089,BASELINE,8.9795,89.1382,27.4773
2026-06-01 17:49:19.109,BASELINE,8.9788,89.1388,27.4937
2026-06-01 17:49:19.129,BASELINE,8.978,89.1394,27.5092
2026-06-01 17:49:19.149,BASELINE,8.9774,89.1399,27.524
2026-06-01 17:49:19.170,BASELINE,8.9769,89.1404,27.538
2026-06-01 17:49:19.190,BASELINE,8.9763,89.1408,27.5513
2026-06-01 17:49:19.210,BASELINE,8.9757,89.1412,27.564
2026-06-01 17:49:19.232,BASELINE,8.9752,89.1415,27.576
2026-06-01 17:49:19.253,BASELINE,8.9748,89.1418,27.5874
2026-06-01 17:49:19.273,BASELINE,8.9742,89.1421,27.5982
2026-06-01 17:49:19.293,BASELINE,8.9739,89.1423,27.6085
2026-06-01 17:49:19.313,BASELINE,8.9736,89.1425,27.6183
2026-06-01 17:49:19.334,BASELINE,8.9731,89.1427,27.6276
2026-06-01 17:49:19.355,BASELINE,8.9728,89.1429,27.6365
2026-06-01 17:49:19.375,BASELINE,8.9724,89.1431,27.6449
2026-06-01 17:49:19.396,BASELINE,8.9722,89.1432,27.6528
2026-06-01 17:49:19.421,BASELINE,8.9718,89.1434,27.6604
2026-06-01 17:49:19.437,BASELINE,8.9716,89.1435,27.6676
2026-06-01 17:49:19.458,BASELINE,8.9715,89.1436,27.6744
2026-06-01 17:49:19.478,BASELINE,8.9713,89.1437,27.6809
2026-06-01 17:49:19.499,BASELINE,8.9712,89.1438,27.6871
2026-06-01 17:49:19.519,BASELINE,8.9713,89.1438,27.693
2026-06-01 17:49:19.539,BASELINE,8.9712,89.1439,27.6985
2026-06-01 17:49:19.560,BASELINE,8.9711,89.144,27.7038
2026-06-01 17:49:19.580,BASELINE,8.971,89.144,27.7089
2026-06-01 17:49:19.601,BASELINE,8.9711,89.1441,27.7136
2026-06-01 17:49:19.621,BASELINE,8.9717,89.1239,27.7773
2026-06-01 17:49:19.641,BASELINE,8.9719,89.1058,27.8378
2026-06-01 17:49:19.664,BASELINE,8.9719,89.0895,27.8952
2026-06-01 17:49:19.686,BASELINE,8.972,89.0748,27.9498
2026-06-01 17:49:19.706,BASELINE,8.9721,89.0615,28.0016
2026-06-01 17:49:19.727,BASELINE,8.9722,89.0496,28.0509
2026-06-01 17:49:19.747,BASELINE,8.9723,89.0389,28.0977
2026-06-01 17:49:19.767,BASELINE,8.9725,89.0293,28.1421
2026-06-01 17:49:19.788,BASELINE,8.9729,89.0206,28.1844
2026-06-01 17:49:19.808,BASELINE,8.9732,89.0128,28.2245
2026-06-01 17:49:19.828,BASELINE,8.9737,89.0058,28.2626
2026-06-01 17:49:19.849,BASELINE,8.9743,88.9995,28.2988
2026-06-01 17:49:19.869,BASELINE,8.9747,88.9938,28.3332
2026-06-01 17:49:19.890,BASELINE,8.9751,88.9886,28.3659
2026-06-01 17:49:19.910,BASELINE,8.9753,88.984,28.3969
2026-06-01 17:49:19.934,BASELINE,8.9753,88.9799,28.4264
2026-06-01 17:49:19.953,BASELINE,8.9753,88.9761,28.4544
2026-06-01 17:49:19.973,BASELINE,8.9754,88.9728,28.4811
2026-06-01 17:49:19.994,BASELINE,8.9753,88.9698,28.5063
2026-06-01 17:49:20.014,BASELINE,8.975,88.967,28.5304
2026-06-01 17:49:20.036,BASELINE,8.975,88.9646,28.5532
2026-06-01 17:49:20.055,BASELINE,8.9747,88.9624,28.5749
2026-06-01 17:49:20.076,BASELINE,8.9743,88.9604,28.5955
2026-06-01 17:49:20.097,BASELINE,8.9738,88.9586,28.615
2026-06-01 17:49:20.118,BASELINE,8.9734,88.9222,28.6526
2026-06-01 17:49:20.138,BASELINE,8.9728,88.8895,28.6883
2026-06-01 17:49:20.159,BASELINE,8.9723,88.86,28.7222
2026-06-01 17:49:20.179,BASELINE,8.9716,88.8334,28.7544
2026-06-01 17:49:20.199,BASELINE,8.9711,88.8096,28.7849
2026-06-01 17:49:20.219,BASELINE,8.9704,88.7881,28.814
2026-06-01 17:49:20.240,BASELINE,8.9698,88.7687,28.8416
2026-06-01 17:49:20.261,BASELINE,8.9692,88.7513,28.8678
2026-06-01 17:49:20.282,BASELINE,8.9684,88.7356,28.8928
2026-06-01 17:49:20.302,BASELINE,8.9678,88.7215,28.9164
2026-06-01 17:49:20.323,BASELINE,8.9671,88.7089,28.9389
2026-06-01 17:49:20.343,BASELINE,8.9663,88.6974,28.9603
2026-06-01 17:49:20.364,BASELINE,8.9653,88.6872,28.9806
2026-06-01 17:49:20.384,BASELINE,8.9644,88.6779,28.9999
2026-06-01 17:49:20.405,BASELINE,8.9635,88.6696,29.0182
2026-06-01 17:49:20.425,BASELINE,8.9629,88.6621,29.0356
2026-06-01 17:49:20.448,BASELINE,8.9628,88.6553,29.0521
2026-06-01 17:49:20.466,BASELINE,8.9621,88.6493,29.0678
2026-06-01 17:49:20.487,BASELINE,8.9612,88.6438,29.0827
2026-06-01 17:49:20.507,BASELINE,8.9601,88.6389,29.0969
2026-06-01 17:49:20.528,BASELINE,8.959,88.6345,29.1104
2026-06-01 17:49:20.549,BASELINE,8.9579,88.6305,29.1232
2026-06-01 17:49:20.570,BASELINE,8.957,88.6269,29.1353
2026-06-01 17:49:20.591,BASELINE,8.956,88.6237,29.1468
2026-06-01 17:49:20.611,BASELINE,8.9551,88.6057,29.1578
2026-06-01 17:49:20.631,BASELINE,8.9542,88.5895,29.1682
2026-06-01 17:49:20.652,BASELINE,8.9531,88.5749,29.1781
2026-06-01 17:49:20.673,BASELINE,8.9524,88.5617,29.1875
2026-06-01 17:49:20.694,BASELINE,8.9516,88.5499,29.1965
2026-06-01 17:49:20.714,BASELINE,8.9507,88.5393,29.2049
2026-06-01 17:49:20.734,BASELINE,8.9499,88.5297,29.213
2026-06-01 17:49:20.755,BASELINE,8.949,88.5211,29.2207
2026-06-01 17:49:20.776,BASELINE,8.9481,88.5133,29.2279
2026-06-01 17:49:20.797,BASELINE,8.9471,88.5064,29.2349
2026-06-01 17:49:20.817,BASELINE,8.9463,88.5001,29.2414
2026-06-01 17:49:20.837,BASELINE,8.9455,88.4944,29.2477
2026-06-01 17:49:20.857,BASELINE,8.9446,88.4893,29.2536
2026-06-01 17:49:20.877,BASELINE,8.9438,88.4848,29.2592
2026-06-01 17:49:20.898,BASELINE,8.943,88.4806,29.2646
2026-06-01 17:49:20.918,BASELINE,8.9424,88.4769,29.2696
2026-06-01 17:49:20.938,BASELINE,8.9419,88.4736,29.2745
2026-06-01 17:49:20.962,BASELINE,8.9415,88.4706,29.2791
2026-06-01 17:49:20.980,BASELINE,8.9411,88.4679,29.2834
2026-06-01 17:49:21.002,BASELINE,8.9412,88.4655,29.2875
2026-06-01 17:49:21.022,BASELINE,8.9415,88.4633,29.2915
2026-06-01 17:49:21.043,BASELINE,8.9422,88.4613,29.2952
2026-06-01 17:49:21.064,BASELINE,8.9429,88.4595,29.2988
2026-06-01 17:49:21.084,BASELINE,8.9433,88.4579,29.3021
2026-06-01 17:49:21.104,BASELINE,8.9438,88.4308,29.2986
2026-06-01 17:49:21.124,BASELINE,8.9443,88.4064,29.2953
2026-06-01 17:49:21.145,BASELINE,8.9446,88.3845,29.2922
2026-06-01 17:49:21.165,BASELINE,8.9453,88.3647,29.2892
2026-06-01 17:49:21.186,BASELINE,8.9453,88.3469,29.2863
2026-06-01 17:49:21.206,BASELINE,8.9452,88.3309,29.2836
2026-06-01 17:49:21.227,BASELINE,8.9451,88.3165,29.281
2026-06-01 17:49:21.248,BASELINE,8.9452,88.3035,29.2786
2026-06-01 17:49:21.269,BASELINE,8.9453,88.2919,29.2763
2026-06-01 17:49:21.289,BASELINE,8.9454,88.2814,29.2741
2026-06-01 17:49:21.309,BASELINE,8.9454,88.2719,29.272
2026-06-01 17:49:21.330,BASELINE,8.9456,88.2634,29.27
2026-06-01 17:49:21.350,BASELINE,8.9457,88.2557,29.2681
2026-06-01 17:49:21.371,BASELINE,8.9458,88.2489,29.2663
2026-06-01 17:49:21.392,BASELINE,8.9461,88.2427,29.2646
2026-06-01 17:49:21.413,BASELINE,8.9465,88.2371,29.263
2026-06-01 17:49:21.435,BASELINE,8.9468,88.232,29.2615
2026-06-01 17:49:21.455,BASELINE,8.9473,88.2275,29.26
2026-06-01 17:49:21.480,BASELINE,8.9477,88.2235,29.2586
2026-06-01 17:49:21.497,BASELINE,8.9481,88.2198,29.2573
2026-06-01 17:49:21.519,BASELINE,8.9486,88.2165,29.256
2026-06-01 17:49:21.539,BASELINE,8.949,88.2135,29.2548
2026-06-01 17:49:21.560,BASELINE,8.9494,88.2109,29.2537
2026-06-01 17:49:21.581,BASELINE,8.9497,88.2085,29.2526
2026-06-01 17:49:21.601,BASELINE,8.9501,88.2063,29.2516
2026-06-01 17:49:21.622,BASELINE,8.9504,88.1768,29.2845
2026-06-01 17:49:21.642,BASELINE,8.9507,88.1503,29.3157
2026-06-01 17:49:21.662,BASELINE,8.9511,88.1264,29.3453
2026-06-01 17:49:21.682,BASELINE,8.9514,88.1049,29.3735
2026-06-01 17:49:21.703,BASELINE,8.9518,88.0856,29.4003
2026-06-01 17:49:21.723,BASELINE,8.9523,88.0682,29.4257
2026-06-01 17:49:21.743,BASELINE,8.9531,88.0525,29.4499
2026-06-01 17:49:21.764,BASELINE,8.9539,88.0384,29.4728
2026-06-01 17:49:21.785,BASELINE,8.9547,88.0257,29.4946
2026-06-01 17:49:21.806,BASELINE,8.9557,88.0143,29.5153
2026-06-01 17:49:21.827,BASELINE,8.9567,88.004,29.535
2026-06-01 17:49:21.847,BASELINE,8.9578,87.9948,29.5537
2026-06-01 17:49:21.868,BASELINE,8.9593,87.9864,29.5714
2026-06-01 17:49:21.888,BASELINE,8.9602,87.9789,29.5883
2026-06-01 17:49:21.908,BASELINE,8.9609,87.9722,29.6043
2026-06-01 17:49:21.928,BASELINE,8.9614,87.9661,29.6195
2026-06-01 17:49:21.949,BASELINE,8.9618,87.9607,29.634
2026-06-01 17:49:21.969,BASELINE,8.9624,87.9557,29.6477
2026-06-01 17:49:21.995,BASELINE,8.963,87.9513,29.6608
2026-06-01 17:49:22.010,BASELINE,8.9638,87.9473,29.6732
2026-06-01 17:49:22.030,BASELINE,8.9649,87.9438,29.685
2026-06-01 17:49:22.051,BASELINE,8.9662,87.9405,29.6962
2026-06-01 17:49:22.071,BASELINE,8.9675,87.9376,29.7068
2026-06-01 17:49:22.091,BASELINE,8.969,87.935,29.7169
2026-06-01 17:49:22.111,BASELINE,8.9705,87.9082,29.735
2026-06-01 17:49:22.132,BASELINE,8.9721,87.8841,29.7522
2026-06-01 17:49:22.152,BASELINE,8.9735,87.8623,29.7686
2026-06-01 17:49:22.173,BASELINE,8.9746,87.8428,29.7841
2026-06-01 17:49:22.194,BASELINE,8.9758,87.8252,29.7989
2026-06-01 17:49:22.215,BASELINE,8.977,87.8094,29.8129
2026-06-01 17:49:22.235,BASELINE,8.9781,87.7951,29.8262
2026-06-01 17:49:22.256,BASELINE,8.9793,87.7823,29.8389
2026-06-01 17:49:22.276,BASELINE,8.9805,87.7708,29.8509
2026-06-01 17:49:22.296,BASELINE,8.9819,87.7604,29.8623
2026-06-01 17:49:22.316,BASELINE,8.9832,87.751,29.8732
2026-06-01 17:49:22.337,BASELINE,8.9845,87.7426,29.8835
2026-06-01 17:49:22.358,BASELINE,8.9859,87.735,29.8933
2026-06-01 17:49:22.378,BASELINE,8.9872,87.7282,29.9026
2026-06-01 17:49:22.399,BASELINE,8.9886,87.7221,29.9114
2026-06-01 17:49:22.419,BASELINE,8.99,87.7166,29.9198
2026-06-01 17:49:22.439,BASELINE,8.9914,87.7116,29.9278
2026-06-01 17:49:22.459,BASELINE,8.9929,87.7071,29.9354
2026-06-01 17:49:22.479,BASELINE,8.9944,87.7031,29.9425
2026-06-01 17:49:22.504,BASELINE,8.9959,87.6995,29.9494
2026-06-01 17:49:22.520,BASELINE,8.9973,87.6962,29.9559
2026-06-01 17:49:22.541,BASELINE,8.9988,87.6933,29.9621
2026-06-01 17:49:22.562,BASELINE,9.0005,87.6906,29.9679
2026-06-01 17:49:22.582,BASELINE,9.0024,87.6883,29.9735
2026-06-01 17:49:22.602,BASELINE,9.0035,87.6526,29.97
2026-06-01 17:49:22.622,BASELINE,9.0049,87.6205,29.9667
2026-06-01 17:49:22.642,BASELINE,9.0062,87.5916,29.9636
2026-06-01 17:49:22.663,BASELINE,9.0075,87.5657,29.9606
2026-06-01 17:49:22.684,BASELINE,9.0089,87.5423,29.9577
2026-06-01 17:49:22.705,BASELINE,9.0103,87.5212,29.9551
2026-06-01 17:49:22.725,BASELINE,9.0119,87.5023,29.9525
2026-06-01 17:49:22.746,BASELINE,9.0134,87.4852,29.9501
2026-06-01 17:49:22.767,BASELINE,9.0149,87.4699,29.9478
2026-06-01 17:49:22.787,BASELINE,9.0165,87.4561,29.9456
2026-06-01 17:49:22.807,BASELINE,9.0178,87.4436,29.9435
2026-06-01 17:49:22.828,BASELINE,9.0193,87.4324,29.9415
2026-06-01 17:49:22.848,BASELINE,9.0208,87.4224,29.9396
2026-06-01 17:49:22.868,BASELINE,9.0222,87.4133,29.9378
2026-06-01 17:49:22.889,BASELINE,9.0234,87.4052,29.9361
2026-06-01 17:49:22.909,BASELINE,9.0247,87.3978,29.9345
2026-06-01 17:49:22.929,BASELINE,9.0259,87.3912,29.933
2026-06-01 17:49:22.950,BASELINE,9.0273,87.3853,29.9316
2026-06-01 17:49:22.970,BASELINE,9.0285,87.3799,29.9302
2026-06-01 17:49:22.992,BASELINE,9.0299,87.3751,29.9289
2026-06-01 17:49:23.014,BASELINE,9.031,87.3708,29.9276
2026-06-01 17:49:23.033,BASELINE,9.0322,87.3669,29.9264
2026-06-01 17:49:23.053,BASELINE,9.0335,87.3634,29.9253
2026-06-01 17:49:23.073,BASELINE,9.0345,87.3602,29.9242
2026-06-01 17:49:23.094,BASELINE,9.0357,87.3573,29.9232
2026-06-01 17:49:23.114,BASELINE,9.0368,87.3211,29.9219
2026-06-01 17:49:23.134,BASELINE,9.0378,87.2885,29.9207
2026-06-01 17:49:23.154,BASELINE,9.0388,87.2591,29.9196
2026-06-01 17:49:23.174,BASELINE,9.0398,87.2327,29.9185
2026-06-01 17:49:23.194,BASELINE,9.0407,87.2089,29.9174
2026-06-01 17:49:23.216,BASELINE,9.0417,87.1875,29.9165
2026-06-01 17:49:23.237,BASELINE,9.0426,87.1682,29.9155
2026-06-01 17:49:23.257,BASELINE,9.0437,87.1509,29.9146
2026-06-01 17:49:23.278,BASELINE,9.0451,87.1353,29.9138
2026-06-01 17:49:23.298,BASELINE,9.0463,87.1212,29.913
2026-06-01 17:49:23.318,BASELINE,9.0471,87.1086,29.9122
2026-06-01 17:49:23.339,BASELINE,9.0479,87.0972,29.9115
2026-06-01 17:49:23.360,BASELINE,9.0488,87.087,29.9108
2026-06-01 17:49:23.381,BASELINE,9.0496,87.0778,29.9101
2026-06-01 17:49:23.401,BASELINE,9.0505,87.0695,29.9095
2026-06-01 17:49:23.421,BASELINE,9.0515,87.062,29.9089
2026-06-01 17:49:23.441,BASELINE,9.0524,87.0553,29.9084
2026-06-01 17:49:23.461,BASELINE,9.0534,87.0492,29.9078
2026-06-01 17:49:23.482,BASELINE,9.0544,87.0438,29.9073
2026-06-01 17:49:23.502,BASELINE,9.0554,87.0389,29.9068
2026-06-01 17:49:23.525,BASELINE,9.0563,87.0345,29.9064
2026-06-01 17:49:23.542,BASELINE,9.0573,87.0305,29.906
2026-06-01 17:49:23.563,BASELINE,9.0581,87.027,29.9055
2026-06-01 17:49:23.584,BASELINE,9.0588,87.0237,29.9051
2026-06-01 17:49:23.604,BASELINE,9.0595,87.017,29.8997
2026-06-01 17:49:23.626,BASELINE,9.0602,87.011,29.8945
2026-06-01 17:49:23.646,BASELINE,9.0609,87.0056,29.8896
2026-06-01 17:49:23.667,BASELINE,9.0615,87.0007,29.885
2026-06-01 17:49:23.688,BASELINE,9.062,86.9963,29.8805
2026-06-01 17:49:23.708,BASELINE,9.0627,86.9924,29.8763
2026-06-01 17:49:23.728,BASELINE,9.0632,86.9888,29.8723
2026-06-01 17:49:23.749,BASELINE,9.0638,86.9856,29.8685
2026-06-01 17:49:23.770,BASELINE,9.0645,86.9828,29.8649
2026-06-01 17:49:23.791,BASELINE,9.0654,86.9802,29.8615
2026-06-01 17:49:23.811,BASELINE,9.0662,86.9778,29.8583
2026-06-01 17:49:23.831,BASELINE,9.0669,86.9757,29.8552
2026-06-01 17:49:23.852,BASELINE,9.0677,86.9738,29.8522
2026-06-01 17:49:23.872,BASELINE,9.0688,86.9721,29.8494
2026-06-01 17:49:23.892,BASELINE,9.0697,86.9706,29.8468
2026-06-01 17:49:23.912,BASELINE,9.0706,86.9692,29.8443
2026-06-01 17:49:23.933,BASELINE,9.0715,86.968,29.8419
2026-06-01 17:49:23.953,BASELINE,9.0724,86.9669,29.8396
2026-06-01 17:49:23.974,BASELINE,9.0739,86.9659,29.8374
2026-06-01 17:49:23.995,BASELINE,9.0754,86.965,29.8354
2026-06-01 17:49:24.015,BASELINE,9.0766,86.9642,29.8334
2026-06-01 17:49:24.038,BASELINE,9.0777,86.9634,29.8316
2026-06-01 17:49:24.057,BASELINE,9.0789,86.9628,29.8298
2026-06-01 17:49:24.077,BASELINE,9.0801,86.9622,29.8282
2026-06-01 17:49:24.097,BASELINE,9.0815,86.9616,29.8266
2026-06-01 17:49:24.118,BASELINE,9.083,86.9397,29.8321
2026-06-01 17:49:24.139,BASELINE,9.0844,86.9199,29.8374
2026-06-01 17:49:24.160,BASELINE,9.0859,86.9021,29.8425
2026-06-01 17:49:24.181,BASELINE,9.0872,86.886,29.8472
2026-06-01 17:49:24.202,BASELINE,9.0886,86.8716,29.8518
2026-06-01 17:49:24.222,BASELINE,9.0901,86.8586,29.8561
2026-06-01 17:49:24.242,BASELINE,9.0916,86.8469,29.8602
2026-06-01 17:49:24.262,BASELINE,9.0934,86.8364,29.8641
2026-06-01 17:49:24.284,BASELINE,9.095,86.8269,29.8678
2026-06-01 17:49:24.304,BASELINE,9.0965,86.8184,29.8713
2026-06-01 17:49:24.325,BASELINE,9.098,86.8108,29.8746
2026-06-01 17:49:24.346,BASELINE,9.0992,86.8039,29.8778
2026-06-01 17:49:24.368,BASELINE,9.1004,86.7976,29.8808
2026-06-01 17:49:24.388,BASELINE,9.1016,86.7921,29.8836
2026-06-01 17:49:24.409,BASELINE,9.1028,86.787,29.8864
2026-06-01 17:49:24.430,BASELINE,9.1039,86.7825,29.8889
2026-06-01 17:49:24.452,BASELINE,9.1051,86.7784,29.8914
2026-06-01 17:49:24.472,BASELINE,9.1061,86.7748,29.8937
2026-06-01 17:49:24.492,BASELINE,9.1071,86.7715,29.8959
2026-06-01 17:49:24.512,BASELINE,9.1079,86.7685,29.898
2026-06-01 17:49:24.532,BASELINE,9.1088,86.7658,29.9
2026-06-01 17:49:24.555,BASELINE,9.1096,86.7634,29.9019
2026-06-01 17:49:24.573,BASELINE,9.1105,86.7612,29.9037
2026-06-01 17:49:24.593,BASELINE,9.111,86.7593,29.9054
2026-06-01 17:49:24.613,BASELINE,9.1115,86.7377,29.8984
2026-06-01 17:49:24.635,BASELINE,9.112,86.7183,29.8918
2026-06-01 17:49:24.655,BASELINE,9.1122,86.7009,29.8854
2026-06-01 17:49:24.675,BASELINE,9.1127,86.6852,29.8794
2026-06-01 17:49:24.696,BASELINE,9.1134,86.671,29.8737
2026-06-01 17:49:24.717,BASELINE,9.1136,86.6583,29.8683
2026-06-01 17:49:24.737,BASELINE,9.1136,86.6469,29.8631
2026-06-01 17:49:24.757,BASELINE,9.1139,86.6366,29.8582
2026-06-01 17:49:24.777,BASELINE,9.1142,86.6273,29.8536
2026-06-01 17:49:24.798,BASELINE,9.1144,86.6189,29.8492
2026-06-01 17:49:24.818,BASELINE,9.1147,86.6114,29.845
2026-06-01 17:49:24.838,BASELINE,9.1149,86.6047,29.841
2026-06-01 17:49:24.859,BASELINE,9.1149,86.5986,29.8372
2026-06-01 17:49:24.879,BASELINE,9.115,86.5931,29.8336
2026-06-01 17:49:24.899,BASELINE,9.1154,86.5882,29.8302
2026-06-01 17:49:24.919,BASELINE,9.1158,86.5837,29.8269
2026-06-01 17:49:24.940,BASELINE,9.1162,86.5797,29.8238
2026-06-01 17:49:24.960,BASELINE,9.1166,86.5761,29.8209
2026-06-01 17:49:24.981,BASELINE,9.1169,86.5729,29.8181
2026-06-01 17:49:25.001,BASELINE,9.1172,86.57,29.8155
2026-06-01 17:49:25.021,BASELINE,9.1176,86.5674,29.8129
2026-06-01 17:49:25.041,BASELINE,9.1179,86.565,29.8106
2026-06-01 17:49:25.067,BASELINE,9.1184,86.5629,29.8083
2026-06-01 17:49:25.084,BASELINE,9.1187,86.561,29.8061
2026-06-01 17:49:25.104,BASELINE,9.119,86.5541,29.7886
2026-06-01 17:49:25.125,BASELINE,9.1194,86.548,29.7719
2026-06-01 17:49:25.145,BASELINE,9.1198,86.5424,29.756
2026-06-01 17:49:25.167,BASELINE,9.1203,86.5374,29.7409
2026-06-01 17:49:25.187,BASELINE,9.1208,86.5329,29.7266
2026-06-01 17:49:25.207,BASELINE,9.1214,86.5289,29.713
2026-06-01 17:49:25.227,BASELINE,9.1219,86.5252,29.7001
2026-06-01 17:49:25.247,BASELINE,9.1224,86.522,29.6879
2026-06-01 17:49:25.268,BASELINE,9.123,86.519,29.6762
2026-06-01 17:49:25.289,BASELINE,9.1235,86.5163,29.6651
2026-06-01 17:49:25.309,BASELINE,9.124,86.514,29.6546
2026-06-01 17:49:25.330,BASELINE,9.1243,86.5118,29.6446
2026-06-01 17:49:25.351,BASELINE,9.1248,86.5099,29.6351
2026-06-01 17:49:25.371,BASELINE,9.1253,86.5081,29.6261
2026-06-01 17:49:25.391,BASELINE,9.1263,86.5066,29.6175
2026-06-01 17:49:25.411,BASELINE,9.1267,86.5051,29.6094
2026-06-01 17:49:25.431,BASELINE,9.1271,86.5039,29.6017
2026-06-01 17:49:25.452,BASELINE,9.1276,86.5027,29.5943
2026-06-01 17:49:25.472,BASELINE,9.128,86.5017,29.5873
2026-06-01 17:49:25.493,BASELINE,9.1285,86.5008,29.5807
2026-06-01 17:49:25.513,BASELINE,9.1289,86.4999,29.5744
2026-06-01 17:49:25.534,BASELINE,9.1295,86.4992,29.5684
2026-06-01 17:49:25.553,BASELINE,9.1299,86.4985,29.5627
2026-06-01 17:49:25.576,BASELINE,9.1305,86.4979,29.5573
2026-06-01 17:49:25.594,BASELINE,9.1311,86.4974,29.5522
2026-06-01 17:49:25.614,BASELINE,9.1316,86.4868,29.5557
2026-06-01 17:49:25.635,BASELINE,9.132,86.4772,29.5591
2026-06-01 17:49:25.656,BASELINE,9.1324,86.4686,29.5622
2026-06-01 17:49:25.677,BASELINE,9.1329,86.4609,29.5653
2026-06-01 17:49:25.698,BASELINE,9.1332,86.4539,29.5681
2026-06-01 17:49:25.718,BASELINE,9.1334,86.4476,29.5708
2026-06-01 17:49:25.738,BASELINE,9.1337,86.442,29.5734
2026-06-01 17:49:25.759,BASELINE,9.1341,86.4369,29.5759
2026-06-01 17:49:25.780,BASELINE,9.1343,86.4324,29.5782
2026-06-01 17:49:25.800,BASELINE,9.1345,86.4283,29.5804
2026-06-01 17:49:25.820,BASELINE,9.1349,86.4246,29.5825
2026-06-01 17:49:25.841,BASELINE,9.1352,86.4212,29.5845
2026-06-01 17:49:25.862,BASELINE,9.1356,86.4182,29.5864
2026-06-01 17:49:25.883,BASELINE,9.1358,86.4155,29.5882
2026-06-01 17:49:25.904,BASELINE,9.1362,86.4131,29.5899
2026-06-01 17:49:25.924,BASELINE,9.1367,86.4109,29.5916
2026-06-01 17:49:25.944,BASELINE,9.1372,86.4089,29.5931
2026-06-01 17:49:25.965,BASELINE,9.1377,86.4072,29.5946
2026-06-01 17:49:25.985,BASELINE,9.1379,86.4056,29.596
2026-06-01 17:49:26.006,BASELINE,9.1382,86.4042,29.5973
2026-06-01 17:49:26.027,BASELINE,9.1384,86.4029,29.5986
2026-06-01 17:49:26.047,BASELINE,9.1386,86.4017,29.5998
2026-06-01 17:49:26.067,BASELINE,9.1392,86.4007,29.6009
2026-06-01 17:49:26.091,BASELINE,9.1395,86.3997,29.602
2026-06-01 17:49:26.108,BASELINE,9.1392,86.4005,29.5949
2026-06-01 17:49:26.128,BASELINE,9.139,86.4013,29.5881
2026-06-01 17:49:26.150,BASELINE,9.1389,86.402,29.5817
2026-06-01 17:49:26.170,BASELINE,9.1388,86.4026,29.5756
2026-06-01 17:49:26.191,BASELINE,9.1387,86.4031,29.5698
2026-06-01 17:49:26.211,BASELINE,9.1386,86.4036,29.5642
2026-06-01 17:49:26.232,BASELINE,9.1385,86.404,29.559
2026-06-01 17:49:26.251,BASELINE,9.1387,86.4044,29.554
2026-06-01 17:49:26.271,BASELINE,9.1388,86.4048,29.5493
2026-06-01 17:49:26.292,BASELINE,9.139,86.4051,29.5448
2026-06-01 17:49:26.312,BASELINE,9.1392,86.4054,29.5405
2026-06-01 17:49:26.334,BASELINE,9.1394,86.4057,29.5365
2026-06-01 17:49:26.354,BASELINE,9.1393,86.4059,29.5326
2026-06-01 17:49:26.375,BASELINE,9.1392,86.4061,29.529
2026-06-01 17:49:26.396,BASELINE,9.139,86.4063,29.5255
2026-06-01 17:49:26.416,BASELINE,9.1387,86.4065,29.5222
2026-06-01 17:49:26.437,BASELINE,9.1385,86.4066,29.5191
2026-06-01 17:49:26.458,BASELINE,9.1382,86.4068,29.5161
2026-06-01 17:49:26.478,BASELINE,9.1378,86.4069,29.5133
2026-06-01 17:49:26.500,BASELINE,9.1376,86.407,29.5106
2026-06-01 17:49:26.520,BASELINE,9.1373,86.4071,29.508
2026-06-01 17:49:26.540,BASELINE,9.1367,86.4072,29.5056
2026-06-01 17:49:26.560,BASELINE,9.1364,86.4073,29.5033
2026-06-01 17:49:26.581,BASELINE,9.1361,86.4073,29.5011
2026-06-01 17:49:26.606,BASELINE,9.1362,86.4074,29.499
2026-06-01 17:49:26.623,BASELINE,9.1357,86.4059,29.4936
2026-06-01 17:49:26.644,BASELINE,9.135,86.4046,29.4884
2026-06-01 17:49:26.664,BASELINE,9.1344,86.4034,29.4834
2026-06-01 17:49:26.685,BASELINE,9.1341,86.4024,29.4788
2026-06-01 17:49:26.705,BASELINE,9.134,86.4014,29.4743
2026-06-01 17:49:26.725,BASELINE,9.1341,86.4005,29.4701
2026-06-01 17:49:26.745,BASELINE,9.1345,86.3998,29.4661
2026-06-01 17:49:26.766,BASELINE,9.1353,86.399,29.4623
2026-06-01 17:49:26.786,BASELINE,9.1353,86.3984,29.4587
2026-06-01 17:49:26.807,BASELINE,9.1355,86.3978,29.4552
2026-06-01 17:49:26.827,BASELINE,9.1356,86.3973,29.452
2026-06-01 17:49:26.847,BASELINE,9.1357,86.3969,29.4489
2026-06-01 17:49:26.868,BASELINE,9.1358,86.3965,29.4459
2026-06-01 17:49:26.888,BASELINE,9.1358,86.3961,29.4431
2026-06-01 17:49:26.909,BASELINE,9.1359,86.3958,29.4405
2026-06-01 17:49:26.929,BASELINE,9.1359,86.3955,29.4379
2026-06-01 17:49:26.950,BASELINE,9.1361,86.3952,29.4355
2026-06-01 17:49:26.971,BASELINE,9.1364,86.3949,29.4333
2026-06-01 17:49:26.992,BASELINE,9.1366,86.3947,29.4311
2026-06-01 17:49:27.013,BASELINE,9.1368,86.3945,29.429
2026-06-01 17:49:27.034,BASELINE,9.137,86.3943,29.4271
2026-06-01 17:49:27.055,BASELINE,9.1372,86.3942,29.4252
2026-06-01 17:49:27.076,BASELINE,9.137,86.394,29.4234
2026-06-01 17:49:27.097,BASELINE,9.1366,86.3939,29.4218
2026-06-01 17:49:27.121,BASELINE,9.1363,86.3977,29.4192
2026-06-01 17:49:27.139,BASELINE,9.136,86.4011,29.4168
2026-06-01 17:49:27.160,BASELINE,9.1356,86.4042,29.4145
2026-06-01 17:49:27.180,BASELINE,9.1352,86.407,29.4123
2026-06-01 17:49:27.201,BASELINE,9.1346,86.4095,29.4103
2026-06-01 17:49:27.221,BASELINE,9.134,86.4118,29.4083
2026-06-01 17:49:27.241,BASELINE,9.1333,86.4138,29.4064
2026-06-01 17:49:27.262,BASELINE,9.1325,86.4156,29.4047
2026-06-01 17:49:27.284,BASELINE,9.1315,86.4172,29.403
2026-06-01 17:49:27.305,BASELINE,9.1305,86.4187,29.4014
2026-06-01 17:49:27.325,BASELINE,9.1288,86.42,29.3998
2026-06-01 17:49:27.346,BASELINE,9.1269,86.4212,29.3984
2026-06-01 17:49:27.367,BASELINE,9.1256,86.4223,29.397
2026-06-01 17:49:27.387,BASELINE,9.1249,86.4233,29.3957
2026-06-01 17:49:27.408,BASELINE,9.1246,86.4242,29.3945
2026-06-01 17:49:27.428,BASELINE,9.1249,86.4249,29.3933
2026-06-01 17:49:27.449,BASELINE,9.1259,86.4256,29.3922
2026-06-01 17:49:27.469,BASELINE,9.1265,86.4263,29.3911
2026-06-01 17:49:27.490,BASELINE,9.1267,86.4269,29.3901
2026-06-01 17:49:27.510,BASELINE,9.1269,86.4274,29.3892
2026-06-01 17:49:27.532,BASELINE,9.1273,86.4278,29.3882
2026-06-01 17:49:27.552,BASELINE,9.1276,86.4282,29.3874
2026-06-01 17:49:27.572,BASELINE,9.128,86.4286,29.3866
2026-06-01 17:49:27.592,BASELINE,9.1283,86.429,29.3858
2026-06-01 17:49:27.612,BASELINE,9.1285,86.4293,29.385
2026-06-01 17:49:27.637,BASELINE,9.1289,86.4295,29.3843
2026-06-01 17:49:27.655,BASELINE,9.1293,86.4298,29.3837
2026-06-01 17:49:27.675,BASELINE,9.1296,86.43,29.383
2026-06-01 17:49:27.696,BASELINE,9.1299,86.4302,29.3824
2026-06-01 17:49:27.716,BASELINE,9.1304,86.4304,29.3818
2026-06-01 17:49:27.736,BASELINE,9.1307,86.4305,29.3813
2026-06-01 17:49:27.757,BASELINE,9.1309,86.4307,29.3808
2026-06-01 17:49:27.778,BASELINE,9.1313,86.4308,29.3803
2026-06-01 17:49:27.799,BASELINE,9.1314,86.4309,29.3798
2026-06-01 17:49:27.819,BASELINE,9.1314,86.431,29.3794
2026-06-01 17:49:27.839,BASELINE,9.1315,86.4311,29.3789
2026-06-01 17:49:27.860,BASELINE,9.1316,86.4312,29.3785
2026-06-01 17:49:27.880,BASELINE,9.1317,86.4313,29.3782
2026-06-01 17:49:27.901,BASELINE,9.1318,86.4314,29.3778
2026-06-01 17:49:27.922,BASELINE,9.1316,86.4314,29.3775
2026-06-01 17:49:27.943,BASELINE,9.1315,86.4315,29.3771
2026-06-01 17:49:27.963,BASELINE,9.1314,86.4315,29.3768
2026-06-01 17:49:27.984,BASELINE,9.1313,86.4316,29.3765
2026-06-01 17:49:28.004,BASELINE,9.1313,86.4316,29.3762
2026-06-01 17:49:28.024,BASELINE,9.1315,86.4317,29.376
2026-06-01 17:49:28.044,BASELINE,9.1314,86.4317,29.3757
2026-06-01 17:49:28.065,BASELINE,9.1314,86.4317,29.3755
2026-06-01 17:49:28.085,BASELINE,9.1314,86.4318,29.3753
2026-06-01 17:49:28.105,BASELINE,9.1319,86.4361,29.3755
2026-06-01 17:49:28.125,BASELINE,9.1324,86.44,29.3758
2026-06-01 17:49:28.151,BASELINE,9.1325,86.4435,29.376
2026-06-01 17:49:28.167,BASELINE,9.1326,86.4467,29.3762
2026-06-01 17:49:28.187,BASELINE,9.1324,86.4495,29.3764
2026-06-01 17:49:28.207,BASELINE,9.1323,86.4521,29.3766
2026-06-01 17:49:28.228,BASELINE,9.1322,86.4544,29.3768
2026-06-01 17:49:28.248,BASELINE,9.132,86.4565,29.377
2026-06-01 17:49:28.268,BASELINE,9.1317,86.4584,29.3772
2026-06-01 17:49:28.289,BASELINE,9.1316,86.4601,29.3773
2026-06-01 17:49:28.309,BASELINE,9.1312,86.4616,29.3775
2026-06-01 17:49:28.329,BASELINE,9.131,86.4629,29.3776
2026-06-01 17:49:28.350,BASELINE,9.1306,86.4642,29.3778
2026-06-01 17:49:28.371,BASELINE,9.1302,86.4653,29.3779
2026-06-01 17:49:28.392,BASELINE,9.1299,86.4663,29.378
2026-06-01 17:49:28.413,BASELINE,9.1295,86.4672,29.3782
2026-06-01 17:49:28.433,BASELINE,9.1291,86.468,29.3783
2026-06-01 17:49:28.454,BASELINE,9.1286,86.4687,29.3784
2026-06-01 17:49:28.475,BASELINE,9.1281,86.4693,29.3785
2026-06-01 17:49:28.495,BASELINE,9.1279,86.4699,29.3786
2026-06-01 17:49:28.515,BASELINE,9.1279,86.4705,29.3787
2026-06-01 17:49:28.536,BASELINE,9.128,86.4709,29.3788
2026-06-01 17:49:28.557,BASELINE,9.1284,86.4714,29.3788
2026-06-01 17:49:28.577,BASELINE,9.129,86.4717,29.3789
2026-06-01 17:49:28.598,BASELINE,9.1297,86.4721,29.379
2026-06-01 17:49:28.618,BASELINE,9.1301,86.4806,29.3791
2026-06-01 17:49:28.639,BASELINE,9.1306,86.4883,29.3791
2026-06-01 17:49:28.665,BASELINE,9.131,86.4952,29.3792
2026-06-01 17:49:28.682,BASELINE,9.1309,86.5014,29.3793
2026-06-01 17:49:28.702,BASELINE,9.1308,86.507,29.3793
2026-06-01 17:49:28.722,BASELINE,9.1308,86.512,29.3794
2026-06-01 17:49:28.742,BASELINE,9.1308,86.5166,29.3794
2026-06-01 17:49:28.762,BASELINE,9.1308,86.5206,29.3795
2026-06-01 17:49:28.783,BASELINE,9.131,86.5243,29.3795
2026-06-01 17:49:28.804,BASELINE,9.1308,86.5276,29.3796
2026-06-01 17:49:28.824,BASELINE,9.1304,86.5306,29.3796
2026-06-01 17:49:28.844,BASELINE,9.1301,86.5333,29.3797
2026-06-01 17:49:28.865,BASELINE,9.1297,86.5357,29.3797
2026-06-01 17:49:28.885,BASELINE,9.1293,86.5378,29.3797
2026-06-01 17:49:28.905,BASELINE,9.1289,86.5398,29.3798
2026-06-01 17:49:28.925,BASELINE,9.1286,86.5415,29.3798
2026-06-01 17:49:28.946,BASELINE,9.1284,86.5431,29.3798
2026-06-01 17:49:28.966,BASELINE,9.1282,86.5445,29.3799
2026-06-01 17:49:28.987,BASELINE,9.1283,86.5458,29.3799
2026-06-01 17:49:29.007,BASELINE,9.1284,86.547,29.3799
2026-06-01 17:49:29.027,BASELINE,9.1285,86.548,29.3799
2026-06-01 17:49:29.047,BASELINE,9.1285,86.5489,29.38
2026-06-01 17:49:29.067,BASELINE,9.1284,86.5498,29.38
2026-06-01 17:49:29.087,BASELINE,9.1284,86.5505,29.38
2026-06-01 17:49:29.107,BASELINE,9.1283,86.5519,29.3778
2026-06-01 17:49:29.127,BASELINE,9.1283,86.5531,29.3757
2026-06-01 17:49:29.148,BASELINE,9.1282,86.5542,29.3737
2026-06-01 17:49:29.171,BASELINE,9.1281,86.5552,29.3719
2026-06-01 17:49:29.189,BASELINE,9.1279,86.5561,29.3701
2026-06-01 17:49:29.210,BASELINE,9.1278,86.5569,29.3684
2026-06-01 17:49:29.230,BASELINE,9.1275,86.5576,29.3668
2026-06-01 17:49:29.250,BASELINE,9.1273,86.5583,29.3652
2026-06-01 17:49:29.272,BASELINE,9.1271,86.5588,29.3638
2026-06-01 17:49:29.292,BASELINE,9.1268,86.5594,29.3624
2026-06-01 17:49:29.313,BASELINE,9.1268,86.5598,29.3611
2026-06-01 17:49:29.335,BASELINE,9.1264,86.5603,29.3598
2026-06-01 17:49:29.356,BASELINE,9.1262,86.5606,29.3586
2026-06-01 17:49:29.376,BASELINE,9.1258,86.561,29.3575
2026-06-01 17:49:29.397,BASELINE,9.1255,86.5613,29.3564
2026-06-01 17:49:29.417,BASELINE,9.1258,86.5616,29.3554
2026-06-01 17:49:29.437,BASELINE,9.1257,86.5618,29.3544
2026-06-01 17:49:29.458,BASELINE,9.1252,86.5621,29.3535
2026-06-01 17:49:29.479,BASELINE,9.1249,86.5623,29.3526
2026-06-01 17:49:29.500,BASELINE,9.1244,86.5624,29.3518
2026-06-01 17:49:29.520,BASELINE,9.1241,86.5626,29.351
2026-06-01 17:49:29.540,BASELINE,9.1239,86.5628,29.3503
2026-06-01 17:49:29.560,BASELINE,9.1236,86.5629,29.3496
2026-06-01 17:49:29.581,BASELINE,9.1232,86.563,29.3489
2026-06-01 17:49:29.601,BASELINE,9.1229,86.5631,29.3483
2026-06-01 17:49:29.622,BASELINE,9.1226,86.5776,29.3392
2026-06-01 17:49:29.643,BASELINE,9.1222,86.5906,29.3307
2026-06-01 17:49:29.664,BASELINE,9.1219,86.6023,29.3225
2026-06-01 17:49:29.690,BASELINE,9.1217,86.6128,29.3148
2026-06-01 17:49:29.706,BASELINE,9.1214,86.6223,29.3074
2026-06-01 17:49:29.727,BASELINE,9.121,86.6308,29.3004
2026-06-01 17:49:29.748,BASELINE,9.1208,86.6385,29.2938
2026-06-01 17:49:29.768,BASELINE,9.1209,86.6454,29.2875
2026-06-01 17:49:29.788,BASELINE,9.1209,86.6517,29.2815
2026-06-01 17:49:29.810,BASELINE,9.1213,86.6573,29.2758
2026-06-01 17:49:29.831,BASELINE,9.1219,86.6623,29.2704
2026-06-01 17:49:29.851,BASELINE,9.1228,86.6668,29.2653
2026-06-01 17:49:29.871,BASELINE,9.1233,86.6709,29.2604
2026-06-01 17:49:29.892,BASELINE,9.1237,86.6746,29.2558
2026-06-01 17:49:29.912,BASELINE,9.1237,86.6779,29.2514
2026-06-01 17:49:29.933,BASELINE,9.1236,86.6809,29.2472
2026-06-01 17:49:29.953,BASELINE,9.1233,86.6835,29.2432
2026-06-01 17:49:29.974,BASELINE,9.1231,86.686,29.2395
2026-06-01 17:49:29.995,BASELINE,9.1232,86.6881,29.2359
2026-06-01 17:49:30.016,BASELINE,9.123,86.6901,29.2325
2026-06-01 17:49:30.036,BASELINE,9.1224,86.6918,29.2292
2026-06-01 17:49:30.057,BASELINE,9.1227,86.6934,29.2262
2026-06-01 17:49:30.078,BASELINE,9.1235,86.6948,29.2232
2026-06-01 17:49:30.099,BASELINE,9.1233,86.6961,29.2205
2026-06-01 17:49:30.119,BASELINE,9.1229,86.6829,29.2258
2026-06-01 17:49:30.140,BASELINE,9.1222,86.671,29.2309
2026-06-01 17:49:30.160,BASELINE,9.1216,86.6603,29.2357
2026-06-01 17:49:30.180,BASELINE,9.1208,86.6507,29.2403
2026-06-01 17:49:30.203,BASELINE,9.1202,86.6421,29.2446
2026-06-01 17:49:30.221,BASELINE,9.1197,86.6343,29.2487
2026-06-01 17:49:30.242,BASELINE,9.1191,86.6272,29.2526
2026-06-01 17:49:30.262,BASELINE,9.1184,86.6209,29.2564
2026-06-01 17:49:30.283,BASELINE,9.1176,86.6152,29.2599
2026-06-01 17:49:30.304,BASELINE,9.1169,86.6101,29.2633
2026-06-01 17:49:30.324,BASELINE,9.1162,86.6055,29.2665
2026-06-01 17:49:30.344,BASELINE,9.1157,86.6014,29.2695
2026-06-01 17:49:30.365,BASELINE,9.1153,86.5976,29.2724
2026-06-01 17:49:30.386,BASELINE,9.1148,86.5943,29.2751
2026-06-01 17:49:30.406,BASELINE,9.1141,86.5913,29.2777
2026-06-01 17:49:30.426,BASELINE,9.1137,86.5886,29.2802
2026-06-01 17:49:30.447,BASELINE,9.1133,86.5861,29.2825
2026-06-01 17:49:30.467,BASELINE,9.113,86.5839,29.2848
2026-06-01 17:49:30.488,BASELINE,9.113,86.5819,29.2869
2026-06-01 17:49:30.508,BASELINE,9.113,86.5801,29.2889
2026-06-01 17:49:30.528,BASELINE,9.113,86.5785,29.2908
2026-06-01 17:49:30.549,BASELINE,9.1127,86.5771,29.2926
2026-06-01 17:49:30.569,BASELINE,9.1121,86.5758,29.2944
2026-06-01 17:49:30.590,BASELINE,9.1115,86.5746,29.296
2026-06-01 17:49:30.610,BASELINE,9.1108,86.5622,29.2979
2026-06-01 17:49:30.630,BASELINE,9.1099,86.5511,29.2998
2026-06-01 17:49:30.651,BASELINE,9.1088,86.541,29.3015
2026-06-01 17:49:30.672,BASELINE,9.1081,86.532,29.3032
2026-06-01 17:49:30.693,BASELINE,9.1076,86.5238,29.3048
2026-06-01 17:49:30.718,BASELINE,9.1076,86.5165,29.3063
2026-06-01 17:49:30.735,BASELINE,9.1068,86.5099,29.3077
2026-06-01 17:49:30.756,BASELINE,9.1064,86.504,29.3091
2026-06-01 17:49:30.776,BASELINE,9.1061,86.4987,29.3104
2026-06-01 17:49:30.797,BASELINE,9.1056,86.4939,29.3116
2026-06-01 17:49:30.817,BASELINE,9.1056,86.4895,29.3128
2026-06-01 17:49:30.838,BASELINE,9.1056,86.4857,29.3139
2026-06-01 17:49:30.859,BASELINE,9.1056,86.4822,29.3149
2026-06-01 17:49:30.879,BASELINE,9.1058,86.479,29.3159
2026-06-01 17:49:30.900,BASELINE,9.1061,86.4762,29.3169
2026-06-01 17:49:30.920,BASELINE,9.1068,86.4736,29.3178
2026-06-01 17:49:30.940,BASELINE,9.1073,86.4713,29.3186
2026-06-01 17:49:30.960,BASELINE,9.1076,86.4692,29.3194
2026-06-01 17:49:30.981,BASELINE,9.1076,86.4674,29.3202
2026-06-01 17:49:31.001,BASELINE,9.1076,86.4657,29.3209
2026-06-01 17:49:31.022,BASELINE,9.1076,86.4642,29.3216
2026-06-01 17:49:31.042,BASELINE,9.1077,86.4628,29.3223
2026-06-01 17:49:31.063,BASELINE,9.1076,86.4616,29.3229
2026-06-01 17:49:31.084,BASELINE,9.1073,86.4605,29.3235
2026-06-01 17:49:31.104,BASELINE,9.1072,86.4836,29.3445
2026-06-01 17:49:31.125,BASELINE,9.1071,86.5044,29.3644
2026-06-01 17:49:31.146,BASELINE,9.1068,86.5231,29.3833
2026-06-01 17:49:31.166,BASELINE,9.1068,86.5399,29.4013
2026-06-01 17:49:31.187,BASELINE,9.1066,86.555,29.4183
2026-06-01 17:49:31.207,BASELINE,9.1067,86.5687,29.4346
2026-06-01 17:49:31.231,BASELINE,9.1068,86.5809,29.45
2026-06-01 17:49:31.248,BASELINE,9.1069,86.592,29.4646
2026-06-01 17:49:31.268,BASELINE,9.1069,86.6019,29.4785
2026-06-01 17:49:31.289,BASELINE,9.1068,86.6108,29.4917
2026-06-01 17:49:31.310,BASELINE,9.1067,86.6189,29.5043
2026-06-01 17:49:31.330,BASELINE,9.1066,86.6261,29.5162
2026-06-01 17:49:31.352,BASELINE,9.1069,86.6326,29.5275
2026-06-01 17:49:31.373,BASELINE,9.1076,86.6385,29.5383
2026-06-01 17:49:31.393,BASELINE,9.1076,86.6438,29.5485
2026-06-01 17:49:31.415,BASELINE,9.1075,86.6485,29.5582
2026-06-01 17:49:31.435,BASELINE,9.1075,86.6528,29.5674
2026-06-01 17:49:31.455,BASELINE,9.1072,86.6566,29.5762
2026-06-01 17:49:31.476,BASELINE,9.107,86.6601,29.5845
2026-06-01 17:49:31.497,BASELINE,9.1067,86.6632,29.5924
2026-06-01 17:49:31.516,BASELINE,9.1063,86.666,29.5999
2026-06-01 17:49:31.537,BASELINE,9.106,86.6686,29.6071
2026-06-01 17:49:31.558,BASELINE,9.1056,86.6708,29.6139
2026-06-01 17:49:31.578,BASELINE,9.1056,86.6729,29.6203
2026-06-01 17:49:31.599,BASELINE,9.1054,86.6747,29.6264
2026-06-01 17:49:31.620,BASELINE,9.1054,86.6399,29.6332
2026-06-01 17:49:31.641,BASELINE,9.1052,86.6085,29.6397
2026-06-01 17:49:31.661,BASELINE,9.105,86.5803,29.6458
2026-06-01 17:49:31.682,BASELINE,9.1048,86.5549,29.6517
2026-06-01 17:49:31.702,BASELINE,9.1045,86.5321,29.6572
2026-06-01 17:49:31.723,BASELINE,9.1044,86.5115,29.6625
2026-06-01 17:49:31.748,BASELINE,9.1043,86.493,29.6675
2026-06-01 17:49:31.764,BASELINE,9.1041,86.4764,29.6723
2026-06-01 17:49:31.784,BASELINE,9.104,86.4614,29.6768
2026-06-01 17:49:31.805,BASELINE,9.1039,86.4479,29.6811
2026-06-01 17:49:31.825,BASELINE,9.1038,86.4357,29.6851
2026-06-01 17:49:31.846,BASELINE,9.1036,86.4248,29.689
2026-06-01 17:49:31.867,BASELINE,9.1035,86.415,29.6927
2026-06-01 17:49:31.887,BASELINE,9.1035,86.4061,29.6962
2026-06-01 17:49:31.907,BASELINE,9.1034,86.3981,29.6995
2026-06-01 17:49:31.927,BASELINE,9.1034,86.391,29.7027
2026-06-01 17:49:31.947,BASELINE,9.1034,86.3845,29.7057
2026-06-01 17:49:31.968,BASELINE,9.1033,86.3787,29.7085
2026-06-01 17:49:31.989,BASELINE,9.1033,86.3735,29.7112
2026-06-01 17:49:32.009,BASELINE,9.1031,86.3688,29.7138
2026-06-01 17:49:32.029,BASELINE,9.1028,86.3645,29.7162
2026-06-01 17:49:32.050,BASELINE,9.1027,86.3607,29.7185
2026-06-01 17:49:32.070,BASELINE,9.103,86.3573,29.7207
2026-06-01 17:49:32.090,BASELINE,9.103,86.3542,29.7228
2026-06-01 17:49:32.111,BASELINE,9.1028,86.329,30.0423
2026-06-01 17:49:32.131,BASELINE,9.1026,86.3063,30.3459
2026-06-01 17:49:32.152,BASELINE,9.1022,86.2859,30.6343
2026-06-01 17:49:32.172,BASELINE,9.102,86.2676,30.9082
2026-06-01 17:49:32.192,BASELINE,9.1018,86.251,31.1685
2026-06-01 17:49:32.212,BASELINE,9.1015,86.2362,31.4157
2026-06-01 17:49:32.233,BASELINE,9.1014,86.2228,31.6506
2026-06-01 17:49:32.256,BASELINE,9.1014,86.2107,31.8737
2026-06-01 17:49:32.274,BASELINE,9.1014,86.1999,32.0857
2026-06-01 17:49:32.295,BASELINE,9.1013,86.1901,32.287
2026-06-01 17:49:32.315,BASELINE,9.1015,86.1813,32.4784
2026-06-01 17:49:32.336,BASELINE,9.1015,86.1734,32.6601
2026-06-01 17:49:32.357,BASELINE,9.1014,86.1663,32.8328
2026-06-01 17:49:32.377,BASELINE,9.1014,86.1599,32.9968
2026-06-01 17:49:32.398,BASELINE,9.1013,86.1541,33.1526
2026-06-01 17:49:32.418,BASELINE,9.1011,86.149,33.3006
2026-06-01 17:49:32.439,BASELINE,9.1009,86.1443,33.4413
2026-06-01 17:49:32.459,BASELINE,9.1008,86.1401,33.5748
2026-06-01 17:49:32.481,BASELINE,9.1005,86.1363,33.7018
2026-06-01 17:49:32.500,BASELINE,9.1003,86.1329,33.8223
2026-06-01 17:49:32.521,BASELINE,9.1002,86.1298,33.9369
2026-06-01 17:49:32.541,BASELINE,9.1001,86.1271,34.0457
2026-06-01 17:49:32.561,BASELINE,9.0998,86.1246,34.1491
2026-06-01 17:49:32.582,BASELINE,9.0996,86.1224,34.2473
2026-06-01 17:49:32.603,BASELINE,9.0995,86.0656,34.3395
2026-06-01 17:49:32.623,BASELINE,9.0993,86.0145,34.4271
2026-06-01 17:49:32.643,BASELINE,9.0992,85.9684,34.5104
2026-06-01 17:49:32.664,BASELINE,9.099,85.927,34.5895
2026-06-01 17:49:32.684,BASELINE,9.0989,85.8898,34.6646
2026-06-01 17:49:32.705,BASELINE,9.0989,85.8562,34.7359
2026-06-01 17:49:32.725,BASELINE,9.0988,85.8261,34.8037
2026-06-01 17:49:32.747,BASELINE,9.0988,85.7989,34.8682
2026-06-01 17:49:32.771,BASELINE,9.0986,85.7744,34.9293
2026-06-01 17:49:32.790,BASELINE,9.0985,85.7524,34.9875
2026-06-01 17:49:32.810,BASELINE,9.0983,85.7326,35.0427
2026-06-01 17:49:32.830,BASELINE,9.0983,85.7148,35.0952
2026-06-01 17:49:32.851,BASELINE,9.0989,85.6988,35.145
2026-06-01 17:49:32.871,BASELINE,9.0992,85.6843,35.1923
2026-06-01 17:49:32.891,BASELINE,9.0991,85.6713,35.2373
2026-06-01 17:49:32.912,BASELINE,9.099,85.6596,35.2801
2026-06-01 17:49:32.933,BASELINE,9.0989,85.6491,35.3206
2026-06-01 17:49:32.953,BASELINE,9.0988,85.6396,35.3592
2026-06-01 17:49:32.974,BASELINE,9.0986,85.6311,35.3958
2026-06-01 17:49:32.995,BASELINE,9.0986,85.6234,35.4307
2026-06-01 17:49:33.016,BASELINE,9.0985,85.6165,35.4637
2026-06-01 17:49:33.036,BASELINE,9.0984,85.6103,35.4951
2026-06-01 17:49:33.056,BASELINE,9.0984,85.6047,35.525
2026-06-01 17:49:33.076,BASELINE,9.0986,85.5997,35.5533
2026-06-01 17:49:33.096,BASELINE,9.0986,85.5952,35.5802
2026-06-01 17:49:33.117,BASELINE,9.0986,85.5547,35.6059
2026-06-01 17:49:33.137,BASELINE,9.0986,85.5183,35.6302
2026-06-01 17:49:33.158,BASELINE,9.0987,85.4856,35.6534
2026-06-01 17:49:33.179,BASELINE,9.0987,85.4561,35.6754
2026-06-01 17:49:33.200,BASELINE,9.0984,85.4296,35.6962
2026-06-01 17:49:33.221,BASELINE,9.0981,85.4057,35.7161
2026-06-01 17:49:33.241,BASELINE,9.0978,85.3843,35.7349
2026-06-01 17:49:33.262,BASELINE,9.0974,85.3649,35.7528
2026-06-01 17:49:33.285,BASELINE,9.0972,85.3475,35.7698
2026-06-01 17:49:33.304,BASELINE,9.0969,85.3319,35.786
2026-06-01 17:49:33.324,BASELINE,9.0967,85.3178,35.8014
2026-06-01 17:49:33.344,BASELINE,9.0964,85.3051,35.8159
2026-06-01 17:49:33.365,BASELINE,9.0963,85.2937,35.8298
2026-06-01 17:49:33.387,BASELINE,9.0961,85.2834,35.843
2026-06-01 17:49:33.407,BASELINE,9.0959,85.2741,35.8555
2026-06-01 17:49:33.429,BASELINE,9.0957,85.2658,35.8673
2026-06-01 17:49:33.449,BASELINE,9.0956,85.2583,35.8786
2026-06-01 17:49:33.469,BASELINE,9.0953,85.2516,35.8893
2026-06-01 17:49:33.490,BASELINE,9.0951,85.2455,35.8995
2026-06-01 17:49:33.510,BASELINE,9.0951,85.24,35.9092
2026-06-01 17:49:33.531,BASELINE,9.0949,85.2351,35.9184
2026-06-01 17:49:33.551,BASELINE,9.0947,85.2307,35.9271
2026-06-01 17:49:33.572,BASELINE,9.0944,85.2267,35.9354
2026-06-01 17:49:33.593,BASELINE,9.0941,85.2231,35.9433
2026-06-01 17:49:33.614,BASELINE,9.0939,85.1741,35.9351
2026-06-01 17:49:33.634,BASELINE,9.0935,85.1299,35.9272
2026-06-01 17:49:33.655,BASELINE,9.0935,85.0901,35.9198
2026-06-01 17:49:33.676,BASELINE,9.094,85.0544,35.9128
2026-06-01 17:49:33.697,BASELINE,9.0938,85.0222,35.9061
2026-06-01 17:49:33.717,BASELINE,9.0934,84.9932,35.8997
2026-06-01 17:49:33.737,BASELINE,9.0929,84.9671,35.8937
2026-06-01 17:49:33.758,BASELINE,9.0926,84.9436,35.8879
2026-06-01 17:49:33.778,BASELINE,9.0924,84.9225,35.8824
2026-06-01 17:49:33.804,BASELINE,9.0921,84.9035,35.8773
2026-06-01 17:49:33.820,BASELINE,9.0919,84.8864,35.8723
2026-06-01 17:49:33.840,BASELINE,9.0917,84.871,35.8677
2026-06-01 17:49:33.862,BASELINE,9.0914,84.8571,35.8632
2026-06-01 17:49:33.882,BASELINE,9.0911,84.8446,35.859
2026-06-01 17:49:33.903,BASELINE,9.091,84.8334,35.855
2026-06-01 17:49:33.923,BASELINE,9.0909,84.8233,35.8512
2026-06-01 17:49:33.944,BASELINE,9.0906,84.8142,35.8475
2026-06-01 17:49:33.964,BASELINE,9.0903,84.806,35.8441
2026-06-01 17:49:33.985,BASELINE,9.0901,84.7987,35.8408
2026-06-01 17:49:34.006,BASELINE,9.0897,84.792,35.8377
2026-06-01 17:49:34.027,BASELINE,9.0892,84.7861,35.8348
2026-06-01 17:49:34.047,BASELINE,9.0888,84.7807,35.832
2026-06-01 17:49:34.069,BASELINE,9.0883,84.7759,35.8293
2026-06-01 17:49:34.090,BASELINE,9.088,84.7715,35.8268
2026-06-01 17:49:34.112,BASELINE,9.0877,84.7154,35.8091
2026-06-01 17:49:34.132,BASELINE,9.0874,84.6649,35.7922
2026-06-01 17:49:34.153,BASELINE,9.087,84.6194,35.7762
2026-06-01 17:49:34.173,BASELINE,9.0867,84.5785,35.7611
2026-06-01 17:49:34.193,BASELINE,9.0862,84.5417,35.7466
2026-06-01 17:49:34.214,BASELINE,9.0859,84.5085,35.7329
2026-06-01 17:49:34.235,BASELINE,9.0854,84.4787,35.7199
2026-06-01 17:49:34.255,BASELINE,9.085,84.4519,35.7075
2026-06-01 17:49:34.276,BASELINE,9.0846,84.4277,35.6958
2026-06-01 17:49:34.298,BASELINE,9.0843,84.406,35.6846
2026-06-01 17:49:34.321,BASELINE,9.084,84.3864,35.674
2026-06-01 17:49:34.340,BASELINE,9.0837,84.3688,35.6639
2026-06-01 17:49:34.360,BASELINE,9.0834,84.3529,35.6543
2026-06-01 17:49:34.381,BASELINE,9.083,84.3387,35.6452
2026-06-01 17:49:34.402,BASELINE,9.0825,84.3258,35.6366
2026-06-01 17:49:34.421,BASELINE,9.0821,84.3143,35.6284
2026-06-01 17:49:34.441,BASELINE,9.0818,84.3039,35.6206
2026-06-01 17:49:34.463,BASELINE,9.0817,84.2945,35.6132
2026-06-01 17:49:34.483,BASELINE,9.0823,84.2861,35.6062
2026-06-01 17:49:34.503,BASELINE,9.0819,84.2785,35.5995
2026-06-01 17:49:34.524,BASELINE,9.0815,84.2717,35.5931
2026-06-01 17:49:34.545,BASELINE,9.0811,84.2655,35.5871
2026-06-01 17:49:34.567,BASELINE,9.0809,84.26,35.5814
2026-06-01 17:49:34.587,BASELINE,9.0806,84.255,35.5759
2026-06-01 17:49:34.608,BASELINE,9.0804,84.2506,35.5707
2026-06-01 17:49:34.629,BASELINE,9.0802,84.2465,35.5658
2026-06-01 17:49:34.651,BASELINE,9.0802,84.2429,35.5611
2026-06-01 17:49:34.671,BASELINE,9.0801,84.2396,35.5567
2026-06-01 17:49:34.692,BASELINE,9.0801,84.2367,35.5525
2026-06-01 17:49:34.712,BASELINE,9.0799,84.2341,35.5485
2026-06-01 17:49:34.732,BASELINE,9.0799,84.2317,35.5447
2026-06-01 17:49:34.752,BASELINE,9.0798,84.2295,35.5411
2026-06-01 17:49:34.772,BASELINE,9.0798,84.2276,35.5377
2026-06-01 17:49:34.794,BASELINE,9.0796,84.2259,35.5344
2026-06-01 17:49:34.814,BASELINE,9.0794,84.2243,35.5313
2026-06-01 17:49:34.837,BASELINE,9.0793,84.2229,35.5284
2026-06-01 17:49:34.855,BASELINE,9.079,84.2216,35.5256
2026-06-01 17:49:34.876,BASELINE,9.0786,84.2205,35.5229
2026-06-01 17:49:34.897,BASELINE,9.0784,84.2195,35.5204
2026-06-01 17:49:34.917,BASELINE,9.0781,84.2186,35.518
2026-06-01 17:49:34.938,BASELINE,9.0777,84.2177,35.5157
2026-06-01 17:49:34.958,BASELINE,9.0773,84.217,35.5135
2026-06-01 17:49:34.979,BASELINE,9.077,84.2163,35.5115
2026-06-01 17:49:34.999,BASELINE,9.0765,84.2157,35.5095
2026-06-01 17:49:35.020,BASELINE,9.0761,84.2152,35.5077
2026-06-01 17:49:35.041,BASELINE,9.0758,84.2147,35.5059
2026-06-01 17:49:35.062,BASELINE,9.0753,84.2142,35.5042
2026-06-01 17:49:35.082,BASELINE,9.0751,84.2138,35.5027
2026-06-01 17:49:35.103,BASELINE,9.0748,84.1906,35.5478
2026-06-01 17:49:35.123,BASELINE,9.0746,84.1698,35.5907
2026-06-01 17:49:35.143,BASELINE,9.0744,84.151,35.6315
2026-06-01 17:49:35.164,BASELINE,9.0741,84.1341,35.6702
2026-06-01 17:49:35.185,BASELINE,9.0738,84.1189,35.707
2026-06-01 17:49:35.206,BASELINE,9.0735,84.1052,35.742
2026-06-01 17:49:35.226,BASELINE,9.0732,84.0929,35.7752
2026-06-01 17:49:35.247,BASELINE,9.0729,84.0818,35.8067
2026-06-01 17:49:35.267,BASELINE,9.0729,84.0718,35.8367
2026-06-01 17:49:35.288,BASELINE,9.0735,84.0628,35.8652
2026-06-01 17:49:35.309,BASELINE,9.0731,84.0547,35.8922
2026-06-01 17:49:35.329,BASELINE,9.0728,84.0474,35.9179
2026-06-01 17:49:35.352,BASELINE,9.0725,84.0409,35.9423
2026-06-01 17:49:35.369,BASELINE,9.0722,84.035,35.9655
2026-06-01 17:49:35.390,BASELINE,9.0718,84.0297,35.9875
2026-06-01 17:49:35.410,BASELINE,9.0716,84.0249,36.0084
2026-06-01 17:49:35.430,BASELINE,9.0714,84.0206,36.0283
2026-06-01 17:49:35.451,BASELINE,9.0711,84.0167,36.0472
2026-06-01 17:49:35.472,BASELINE,9.0708,84.0133,36.0651
2026-06-01 17:49:35.492,BASELINE,9.0707,84.0101,36.0822
2026-06-01 17:49:35.513,BASELINE,9.0704,84.0073,36.0984
2026-06-01 17:49:35.533,BASELINE,9.0703,84.0048,36.1138
2026-06-01 17:49:35.553,BASELINE,9.0701,84.0025,36.1284
2026-06-01 17:49:35.574,BASELINE,9.0697,84.0004,36.1423
2026-06-01 17:49:35.594,BASELINE,9.0693,83.9986,36.1555
2026-06-01 17:49:35.615,BASELINE,9.0689,83.9739,36.1705
2026-06-01 17:49:35.635,BASELINE,9.0683,83.9517,36.1847
2026-06-01 17:49:35.656,BASELINE,9.0681,83.9317,36.1983
2026-06-01 17:49:35.676,BASELINE,9.0678,83.9136,36.2112
2026-06-01 17:49:35.696,BASELINE,9.0675,83.8974,36.2234
2026-06-01 17:49:35.717,BASELINE,9.0672,83.8829,36.2351
2026-06-01 17:49:35.737,BASELINE,9.0669,83.8697,36.2461
2026-06-01 17:49:35.757,BASELINE,9.0664,83.8579,36.2566
2026-06-01 17:49:35.778,BASELINE,9.066,83.8473,36.2666
2026-06-01 17:49:35.798,BASELINE,9.0655,83.8377,36.276
2026-06-01 17:49:35.818,BASELINE,9.0651,83.8291,36.285
2026-06-01 17:49:35.839,BASELINE,9.0647,83.8214,36.2936
2026-06-01 17:49:35.863,BASELINE,9.0641,83.8144,36.3017
2026-06-01 17:49:35.880,BASELINE,9.0638,83.8081,36.3094
2026-06-01 17:49:35.901,BASELINE,9.0635,83.8025,36.3167
2026-06-01 17:49:35.921,BASELINE,9.063,83.7974,36.3237
2026-06-01 17:49:35.941,BASELINE,9.0626,83.7928,36.3303
2026-06-01 17:49:35.962,BASELINE,9.0621,83.7887,36.3366
2026-06-01 17:49:35.982,BASELINE,9.0619,83.785,36.3425
2026-06-01 17:49:36.003,BASELINE,9.0614,83.7816,36.3482
2026-06-01 17:49:36.023,BASELINE,9.061,83.7786,36.3536
2026-06-01 17:49:36.044,BASELINE,9.0606,83.7759,36.3587
2026-06-01 17:49:36.065,BASELINE,9.06,83.7735,36.3636
2026-06-01 17:49:36.086,BASELINE,9.0599,83.7713,36.3682
2026-06-01 17:49:36.106,BASELINE,9.0598,83.7771,36.3726
2026-06-01 17:49:36.126,BASELINE,9.0593,83.7823,36.3768
2026-06-01 17:49:36.147,BASELINE,9.0588,83.7869,36.3807
2026-06-01 17:49:36.168,BASELINE,9.0583,83.7912,36.3845
2026-06-01 17:49:36.188,BASELINE,9.0579,83.7949,36.388
2026-06-01 17:49:36.208,BASELINE,9.0575,83.7983,36.3914
2026-06-01 17:49:36.229,BASELINE,9.0572,83.8014,36.3947
2026-06-01 17:49:36.250,BASELINE,9.0568,83.8042,36.3977
2026-06-01 17:49:36.270,BASELINE,9.0565,83.8067,36.4006
2026-06-01 17:49:36.291,BASELINE,9.0563,83.8089,36.4034
2026-06-01 17:49:36.312,BASELINE,9.0564,83.8109,36.406
2026-06-01 17:49:36.332,BASELINE,9.0563,83.8127,36.4085
2026-06-01 17:49:36.352,BASELINE,9.0561,83.8144,36.4109
2026-06-01 17:49:36.375,BASELINE,9.056,83.8158,36.4131
2026-06-01 17:49:36.393,BASELINE,9.0556,83.8171,36.4153
2026-06-01 17:49:36.414,BASELINE,9.0553,83.8183,36.4173
2026-06-01 17:49:36.434,BASELINE,9.055,83.8194,36.4193
2026-06-01 17:49:36.454,BASELINE,9.0546,83.8204,36.4211
2026-06-01 17:49:36.475,BASELINE,9.0542,83.8212,36.4228
2026-06-01 17:49:36.495,BASELINE,9.054,83.822,36.4245
2026-06-01 17:49:36.516,BASELINE,9.0535,83.8227,36.4261
2026-06-01 17:49:36.536,BASELINE,9.0531,83.8233,36.4276
2026-06-01 17:49:36.557,BASELINE,9.0528,83.8239,36.429
2026-06-01 17:49:36.578,BASELINE,9.0525,83.8244,36.4303
2026-06-01 17:49:36.598,BASELINE,9.0523,83.8249,36.4316
2026-06-01 17:49:36.619,BASELINE,9.0521,83.8233,36.4526
2026-06-01 17:49:36.639,BASELINE,9.0519,83.8218,36.4725
2026-06-01 17:49:36.659,BASELINE,9.0516,83.8205,36.4914
2026-06-01 17:49:36.680,BASELINE,9.0514,83.8193,36.5093
2026-06-01 17:49:36.700,BASELINE,9.0512,83.8183,36.5264
2026-06-01 17:49:36.721,BASELINE,9.051,83.8173,36.5426
2026-06-01 17:49:36.742,BASELINE,9.0509,83.8165,36.558
2026-06-01 17:49:36.762,BASELINE,9.0509,83.8157,36.5727
2026-06-01 17:49:36.783,BASELINE,9.0505,83.815,36.5866
2026-06-01 17:49:36.804,BASELINE,9.0504,83.8144,36.5998
2026-06-01 17:49:36.825,BASELINE,9.0503,83.8138,36.6123
2026-06-01 17:49:36.846,BASELINE,9.0501,83.8133,36.6242
2026-06-01 17:49:36.867,BASELINE,9.0501,83.8129,36.6356
2026-06-01 17:49:36.890,BASELINE,9.0507,83.8125,36.6463
2026-06-01 17:49:36.908,BASELINE,9.0506,83.8121,36.6566
2026-06-01 17:49:36.928,BASELINE,9.0505,83.8118,36.6663
2026-06-01 17:49:36.948,BASELINE,9.0506,83.8115,36.6755
2026-06-01 17:49:36.968,BASELINE,9.0505,83.8112,36.6842
2026-06-01 17:49:36.988,BASELINE,9.0505,83.811,36.6926
2026-06-01 17:49:37.009,BASELINE,9.0505,83.8107,36.7005
2026-06-01 17:49:37.030,BASELINE,9.0506,83.8105,36.708
2026-06-01 17:49:37.050,BASELINE,9.0507,83.8104,36.7151
2026-06-01 17:49:37.070,BASELINE,9.0508,83.8102,36.7219
2026-06-01 17:49:37.091,BASELINE,9.0509,83.8101,36.7283
2026-06-01 17:49:37.111,BASELINE,9.0511,83.8259,36.7247
2026-06-01 17:49:37.131,BASELINE,9.0514,83.8402,36.7212
2026-06-01 17:49:37.152,BASELINE,9.0516,83.853,36.7179
2026-06-01 17:49:37.173,BASELINE,9.0516,83.8646,36.7147
2026-06-01 17:49:37.193,BASELINE,9.0516,83.875,36.7117
2026-06-01 17:49:37.214,BASELINE,9.0515,83.8844,36.7089
2026-06-01 17:49:37.234,BASELINE,9.0514,83.8928,36.7062
2026-06-01 17:49:37.254,BASELINE,9.0514,83.9004,36.7036
2026-06-01 17:49:37.275,BASELINE,9.0513,83.9072,36.7012
2026-06-01 17:49:37.295,BASELINE,9.0514,83.9133,36.6988
2026-06-01 17:49:37.315,BASELINE,9.0514,83.9189,36.6966
2026-06-01 17:49:37.335,BASELINE,9.0515,83.9238,36.6946
2026-06-01 17:49:37.355,BASELINE,9.0516,83.9283,36.6926
2026-06-01 17:49:37.375,BASELINE,9.0516,83.9323,36.6907
2026-06-01 17:49:37.399,BASELINE,9.0518,83.936,36.6889
2026-06-01 17:49:37.418,BASELINE,9.052,83.9392,36.6872
2026-06-01 17:49:37.438,BASELINE,9.0522,83.9422,36.6856
2026-06-01 17:49:37.459,BASELINE,9.0522,83.9448,36.684
2026-06-01 17:49:37.480,BASELINE,9.0524,83.9472,36.6826
2026-06-01 17:49:37.500,BASELINE,9.0528,83.9493,36.6812
2026-06-01 17:49:37.520,BASELINE,9.0531,83.9513,36.6799
2026-06-01 17:49:37.540,BASELINE,9.0535,83.953,36.6786
2026-06-01 17:49:37.561,BASELINE,9.0539,83.9546,36.6774
2026-06-01 17:49:37.580,BASELINE,9.0545,83.956,36.6763
2026-06-01 17:49:37.601,BASELINE,9.055,83.9572,36.6752
2026-06-01 17:49:37.621,BASELINE,9.0551,83.9779,36.6848
2026-06-01 17:49:37.641,BASELINE,9.0555,83.9966,36.6939
2026-06-01 17:49:37.662,BASELINE,9.0561,84.0134,36.7025
2026-06-01 17:49:37.683,BASELINE,9.0569,84.0285,36.7107
2026-06-01 17:49:37.703,BASELINE,9.0571,84.0421,36.7185
2026-06-01 17:49:37.724,BASELINE,9.0573,84.0543,36.7259
2026-06-01 17:49:37.745,BASELINE,9.0577,84.0653,36.7329
2026-06-01 17:49:37.766,BASELINE,9.0583,84.0752,36.7396
2026-06-01 17:49:37.786,BASELINE,9.0587,84.0842,36.746
2026-06-01 17:49:37.807,BASELINE,9.0592,84.0922,36.752
2026-06-01 17:49:37.828,BASELINE,9.0596,84.0994,36.7577
2026-06-01 17:49:37.847,BASELINE,9.0603,84.1059,36.7632
2026-06-01 17:49:37.867,BASELINE,9.0608,84.1118,36.7683
2026-06-01 17:49:37.888,BASELINE,9.0613,84.117,36.7732
2026-06-01 17:49:37.917,BASELINE,9.0621,84.1218,36.7779
2026-06-01 17:49:37.930,BASELINE,9.0627,84.126,36.7823
2026-06-01 17:49:37.951,BASELINE,9.0636,84.1299,36.7866
2026-06-01 17:49:37.971,BASELINE,9.0643,84.1333,36.7906
2026-06-01 17:49:37.991,BASELINE,9.0649,84.1364,36.7944
2026-06-01 17:49:38.012,BASELINE,9.0658,84.1392,36.798
2026-06-01 17:49:38.046,BASELINE,9.0666,84.1418,36.8014
2026-06-01 17:49:38.078,BASELINE,9.0675,84.144,36.8047
2026-06-01 17:49:38.110,BASELINE,9.0685,84.1461,36.8077
2026-06-01 17:49:38.142,BASELINE,9.0696,84.1039,37.0487
2026-06-01 17:49:38.173,BASELINE,9.0707,84.066,37.2777
2026-06-01 17:49:38.205,BASELINE,9.0718,84.0318,37.4952
2026-06-01 17:49:38.237,BASELINE,9.0729,84.0011,37.7018
2026-06-01 17:49:38.268,BASELINE,9.0739,83.9735,37.8981
2026-06-01 17:49:38.298,BASELINE,9.075,83.9486,38.0845
2026-06-01 17:49:38.329,BASELINE,9.0761,83.9262,38.2617
2026-06-01 17:49:38.362,BASELINE,9.0774,83.906,38.43
2026-06-01 17:49:38.393,BASELINE,9.0786,83.8879,38.5898
2026-06-01 17:49:38.425,BASELINE,9.0799,83.8715,38.7417
2026-06-01 17:49:38.456,BASELINE,9.0812,83.8568,38.886
2026-06-01 17:49:38.488,BASELINE,9.0829,83.8436,39.0231
2026-06-01 17:49:38.520,BASELINE,9.0842,83.8317,39.1533
2026-06-01 17:49:38.550,BASELINE,9.0854,83.821,39.277
2026-06-01 17:49:38.582,BASELINE,9.0866,83.8113,39.3945
2026-06-01 17:49:38.614,BASELINE,9.088,83.8027,39.5062
2026-06-01 17:49:38.648,BASELINE,9.0893,83.8162,39.6244
2026-06-01 17:49:38.678,BASELINE,9.0906,83.8284,39.7368
2026-06-01 17:49:38.709,BASELINE,9.0922,83.8394,39.8435
2026-06-01 17:49:38.741,BASELINE,9.0938,83.8493,39.9448
2026-06-01 17:49:38.773,BASELINE,9.0952,83.8582,40.0411
2026-06-01 17:49:38.804,BASELINE,9.0967,83.8662,40.1326
2026-06-01 17:49:38.836,BASELINE,9.0981,83.8734,40.2196
2026-06-01 17:49:38.869,BASELINE,9.0996,83.8798,40.3021
2026-06-01 17:49:38.901,BASELINE,9.1012,83.8857,40.3806
2026-06-01 17:49:38.932,BASELINE,9.1027,83.8909,40.4551
2026-06-01 17:49:38.962,BASELINE,9.1042,83.8956,40.5259
2026-06-01 17:49:38.995,BASELINE,9.1055,83.8999,40.5931
2026-06-01 17:49:39.027,BASELINE,9.1067,83.9037,40.657
2026-06-01 17:49:39.058,BASELINE,9.1079,83.9072,40.7177
2026-06-01 17:49:39.090,BASELINE,9.109,83.9103,40.7754
2026-06-01 17:49:39.122,BASELINE,9.1102,83.8851,40.8302
2026-06-01 17:49:39.153,BASELINE,9.1115,83.8625,40.8822
2026-06-01 17:49:39.184,BASELINE,9.1129,83.8422,40.9316
2026-06-01 17:49:39.215,BASELINE,9.1138,83.8239,40.9786
2026-06-01 17:49:39.248,BASELINE,9.1154,83.8074,41.0232
2026-06-01 17:49:39.280,BASELINE,9.1166,83.7926,41.0656
2026-06-01 17:49:39.312,BASELINE,9.1176,83.7792,41.1059
2026-06-01 17:49:39.343,BASELINE,9.119,83.7672,41.1441
2026-06-01 17:49:39.375,BASELINE,9.1202,83.7564,41.1805
2026-06-01 17:49:39.407,BASELINE,9.1214,83.7467,41.215
2026-06-01 17:49:39.445,BASELINE,9.1226,83.7379,41.2478
2026-06-01 17:49:39.470,BASELINE,9.1241,83.73,41.279
2026-06-01 17:49:39.502,BASELINE,9.1254,83.7229,41.3086
2026-06-01 17:49:39.535,BASELINE,9.1265,83.7165,41.3367
2026-06-01 17:49:39.566,BASELINE,9.1276,83.7108,41.3634
2026-06-01 17:49:39.599,BASELINE,9.1284,83.7056,41.3888
2026-06-01 17:49:39.630,BASELINE,9.1293,83.7096,41.7268
2026-06-01 17:49:39.662,BASELINE,9.1301,83.7133,42.048
2026-06-01 17:49:39.694,BASELINE,9.1309,83.7165,42.353
2026-06-01 17:49:39.725,BASELINE,9.1316,83.7195,42.6429
2026-06-01 17:49:39.757,BASELINE,9.1324,83.7221,42.9182
2026-06-01 17:49:39.788,BASELINE,9.1333,83.7245,43.1798
2026-06-01 17:49:39.819,BASELINE,9.1341,83.7266,43.4283
2026-06-01 17:49:39.851,BASELINE,9.1348,83.7286,43.6643
2026-06-01 17:49:39.883,BASELINE,9.1356,83.7303,43.8886
2026-06-01 17:49:39.915,BASELINE,9.1363,83.7319,44.1016
2026-06-01 17:49:39.947,BASELINE,9.1369,83.7333,44.304
2026-06-01 17:49:39.979,BASELINE,9.1374,83.7345,44.4963
2026-06-01 17:49:40.010,BASELINE,9.1386,83.7357,44.679
2026-06-01 17:49:40.041,BASELINE,9.1391,83.7367,44.8525
2026-06-01 17:49:40.071,BASELINE,9.1395,83.7376,45.0174
2026-06-01 17:49:40.102,BASELINE,9.14,83.7384,45.174
2026-06-01 17:49:40.135,BASELINE,9.1405,83.7641,45.3333
2026-06-01 17:49:40.166,BASELINE,9.141,83.7872,45.4847
2026-06-01 17:49:40.197,BASELINE,9.1417,83.8079,45.6285
2026-06-01 17:49:40.232,BASELINE,9.1425,83.8266,45.7651
2026-06-01 17:49:40.263,BASELINE,9.1432,83.8435,45.8949
2026-06-01 17:49:40.296,BASELINE,9.1438,83.8586,46.0182
2026-06-01 17:49:40.326,BASELINE,9.1442,83.8722,46.1354
2026-06-01 17:49:40.357,BASELINE,9.1446,83.8845,46.2466
2026-06-01 17:49:40.387,BASELINE,9.145,83.8955,46.3524
2026-06-01 17:49:40.419,BASELINE,9.1453,83.9055,46.4528
2026-06-01 17:49:40.450,BASELINE,9.1456,83.9144,46.5482
2026-06-01 17:49:40.482,BASELINE,9.1459,83.9225,46.6388
2026-06-01 17:49:40.513,BASELINE,9.1461,83.9297,46.7249
2026-06-01 17:49:40.545,BASELINE,9.1465,83.9362,46.8067
2026-06-01 17:49:40.576,BASELINE,9.1466,83.9421,46.8845
2026-06-01 17:49:40.609,BASELINE,9.1468,83.9474,46.9583
2026-06-01 17:49:40.639,BASELINE,9.1471,83.9313,47.0838
2026-06-01 17:49:40.670,BASELINE,9.1472,83.9169,47.2031
2026-06-01 17:49:40.701,BASELINE,9.1473,83.9039,47.3165
2026-06-01 17:49:40.732,BASELINE,9.1479,83.8922,47.4241
2026-06-01 17:49:40.765,BASELINE,9.1481,83.8817,47.5264
2026-06-01 17:49:40.794,BASELINE,9.148,83.8722,47.6235
2026-06-01 17:49:40.826,BASELINE,9.148,83.8637,47.7158
2026-06-01 17:49:40.858,BASELINE,9.1481,83.856,47.8035
2026-06-01 17:49:40.889,BASELINE,9.1481,83.8491,47.8868
2026-06-01 17:49:40.921,BASELINE,9.1484,83.8429,47.966
2026-06-01 17:49:40.954,BASELINE,9.1486,83.8373,48.0411
2026-06-01 17:49:40.985,BASELINE,9.1489,83.8322,48.1126
2026-06-01 17:49:41.021,BASELINE,9.1491,83.8277,48.1804
2026-06-01 17:49:41.049,BASELINE,9.1492,83.8236,48.2449
2026-06-01 17:49:41.081,BASELINE,9.1493,83.8199,48.3061
2026-06-01 17:49:41.112,BASELINE,9.1493,83.8166,48.3643
2026-06-01 17:49:41.144,BASELINE,9.1492,83.8261,48.4582
2026-06-01 17:49:41.176,BASELINE,9.1493,83.8346,48.5474
2026-06-01 17:49:41.207,BASELINE,9.1491,83.8423,48.6322
2026-06-01 17:49:41.240,BASELINE,9.149,83.8491,48.7127
2026-06-01 17:49:41.271,BASELINE,9.1489,83.8554,48.7893
2026-06-01 17:49:41.304,BASELINE,9.1487,83.8609,48.8619
2026-06-01 17:49:41.334,BASELINE,9.1486,83.866,48.931
2026-06-01 17:49:41.364,BASELINE,9.1483,83.8705,48.9966
2026-06-01 17:49:41.396,BASELINE,9.1481,83.8745,49.0589
2026-06-01 17:49:41.428,BASELINE,9.148,83.8782,49.1181
2026-06-01 17:49:41.460,BASELINE,9.1484,83.8815,49.1743
2026-06-01 17:49:41.492,BASELINE,9.148,83.8845,49.2278
2026-06-01 17:49:41.524,BASELINE,9.1477,83.8871,49.2785
2026-06-01 17:49:41.555,BASELINE,9.1476,83.8895,49.3267
2026-06-01 17:49:41.587,BASELINE,9.1475,83.8917,49.3725
2026-06-01 17:49:41.620,BASELINE,9.1474,83.8953,49.4254
2026-06-01 17:49:41.650,BASELINE,9.1473,83.8986,49.4756
2026-06-01 17:49:41.681,BASELINE,9.1473,83.9016,49.5233
2026-06-01 17:49:41.713,BASELINE,9.1473,83.9042,49.5687
2026-06-01 17:49:41.746,BASELINE,9.1472,83.9066,49.6117
2026-06-01 17:49:41.777,BASELINE,9.1472,83.9088,49.6527
2026-06-01 17:49:41.815,BASELINE,9.1471,83.9107,49.6915
2026-06-01 17:49:41.842,BASELINE,9.147,83.9124,49.7284
2026-06-01 17:49:41.873,BASELINE,9.1469,83.914,49.7635
2026-06-01 17:49:41.904,BASELINE,9.1467,83.9154,49.7968
2026-06-01 17:49:41.937,BASELINE,9.1467,83.9167,49.8285
2026-06-01 17:49:41.968,BASELINE,9.1465,83.9178,49.8586
2026-06-01 17:49:42.000,BASELINE,9.1464,83.9189,49.8871
2026-06-01 17:49:42.030,BASELINE,9.1464,83.9198,49.9143
2026-06-01 17:49:42.062,BASELINE,9.1463,83.9206,49.9401
2026-06-01 17:49:42.094,BASELINE,9.1463,83.9214,49.9646
2026-06-01 17:49:42.126,BASELINE,9.1463,83.9226,49.9731
2026-06-01 17:49:42.159,BASELINE,9.1469,83.9238,49.9811
2026-06-01 17:49:42.190,BASELINE,9.1469,83.9248,49.9888
2026-06-01 17:49:42.220,BASELINE,9.1468,83.9257,49.9961
2026-06-01 17:49:42.251,BASELINE,9.1468,83.9265,50.003
2026-06-01 17:49:42.283,BASELINE,9.1468,83.9273,50.0096
2026-06-01 17:49:42.314,BASELINE,9.1468,83.9279,50.0159
2026-06-01 17:49:42.347,BASELINE,9.1469,83.9285,50.0218
2026-06-01 17:49:42.377,BASELINE,9.1472,83.9291,50.0275
2026-06-01 17:49:42.410,BASELINE,9.1472,83.9296,50.0328
2026-06-01 17:49:42.442,BASELINE,9.1474,83.93,50.0379
2026-06-01 17:49:42.472,BASELINE,9.1473,83.9304,50.0428
2026-06-01 17:49:42.503,BASELINE,9.1472,83.9307,50.0474
2026-06-01 17:49:42.535,BASELINE,9.1471,83.9311,50.0517
2026-06-01 17:49:42.566,BASELINE,9.1471,83.9314,50.0559
2026-06-01 17:49:42.602,BASELINE,9.147,83.9316,50.0598
2026-06-01 17:49:42.631,BASELINE,9.147,83.9313,50.0613
2026-06-01 17:49:42.663,BASELINE,9.1468,83.9309,50.0628
2026-06-01 17:49:42.695,BASELINE,9.1468,83.9307,50.0641
2026-06-01 17:49:42.727,BASELINE,9.1467,83.9304,50.0654
2026-06-01 17:49:42.759,BASELINE,9.1466,83.9302,50.0667
2026-06-01 17:49:42.791,BASELINE,9.1466,83.93,50.0679
2026-06-01 17:49:42.823,BASELINE,9.1465,83.9298,50.069
2026-06-01 17:49:42.853,BASELINE,9.1468,83.9296,50.07
2026-06-01 17:49:42.885,BASELINE,9.1466,83.9295,50.071
2026-06-01 17:49:42.918,BASELINE,9.1463,83.9293,50.072
2026-06-01 17:49:42.948,BASELINE,9.1463,83.9292,50.0729
2026-06-01 17:49:42.980,BASELINE,9.1461,83.9291,50.0738
2026-06-01 17:49:43.012,BASELINE,9.146,83.929,50.0746
2026-06-01 17:49:43.045,BASELINE,9.1459,83.9289,50.0754
2026-06-01 17:49:43.077,BASELINE,9.1459,83.9288,50.0761
2026-06-01 17:49:43.108,BASELINE,9.146,83.9287,50.0768
2026-06-01 17:49:43.139,BASELINE,9.146,83.924,50.0768
2026-06-01 17:49:43.172,BASELINE,9.1459,83.9197,50.0767
2026-06-01 17:49:43.202,BASELINE,9.1459,83.9158,50.0767
2026-06-01 17:49:43.234,BASELINE,9.1459,83.9123,50.0767
2026-06-01 17:49:43.264,BASELINE,9.1457,83.9092,50.0766
2026-06-01 17:49:43.296,BASELINE,9.1455,83.9064,50.0766
2026-06-01 17:49:43.329,BASELINE,9.1452,83.9038,50.0766
2026-06-01 17:49:43.361,BASELINE,9.1451,83.9016,50.0765
2026-06-01 17:49:43.399,BASELINE,9.145,83.8995,50.0765
2026-06-01 17:49:43.425,BASELINE,9.1448,83.8977,50.0765
2026-06-01 17:49:43.456,BASELINE,9.1446,83.896,50.0765
2026-06-01 17:49:43.486,BASELINE,9.1441,83.8945,50.0764
2026-06-01 17:49:43.518,BASELINE,9.1437,83.8931,50.0764
2026-06-01 17:49:43.550,BASELINE,9.1435,83.8919,50.0764
2026-06-01 17:49:43.581,BASELINE,9.144,83.8908,50.0764
2026-06-01 17:49:43.612,BASELINE,9.1437,83.8899,50.0764
2026-06-01 17:49:43.644,BASELINE,9.1435,83.8771,50.0763
2026-06-01 17:49:43.678,BASELINE,9.1433,83.8656,50.0763
2026-06-01 17:49:43.708,BASELINE,9.1432,83.8553,50.0763
2026-06-01 17:49:43.740,BASELINE,9.1431,83.846,50.0763
2026-06-01 17:49:43.772,BASELINE,9.1429,83.8376,50.0763
2026-06-01 17:49:43.801,BASELINE,9.1428,83.8301,50.0763
2026-06-01 17:49:43.834,BASELINE,9.1427,83.8233,50.0763
2026-06-01 17:49:43.864,BASELINE,9.1426,83.8172,50.0762
2026-06-01 17:49:43.895,BASELINE,9.1424,83.8117,50.0762
2026-06-01 17:49:43.926,BASELINE,9.1422,83.8067,50.0762
2026-06-01 17:49:43.959,BASELINE,9.1418,83.8023,50.0762
2026-06-01 17:49:43.991,BASELINE,9.1415,83.7983,50.0762
2026-06-01 17:49:44.023,BASELINE,9.1411,83.7947,50.0762
2026-06-01 17:49:44.054,BASELINE,9.1407,83.7914,50.0762
2026-06-01 17:49:44.085,BASELINE,9.1403,83.7885,50.0762
2026-06-01 17:49:44.118,BASELINE,9.1399,83.7854,50.0759
2026-06-01 17:49:44.153,BASELINE,9.1398,83.7827,50.0757
2026-06-01 17:49:44.186,BASELINE,9.1395,83.7802,50.0755
2026-06-01 17:49:44.216,BASELINE,9.1393,83.7779,50.0753
2026-06-01 17:49:44.247,BASELINE,9.139,83.7759,50.0751
2026-06-01 17:49:44.277,BASELINE,9.1389,83.7741,50.0749
2026-06-01 17:49:44.309,BASELINE,9.139,83.7725,50.0747
2026-06-01 17:49:44.340,BASELINE,9.1386,83.771,50.0746
2026-06-01 17:49:44.371,BASELINE,9.1382,83.7697,50.0744
2026-06-01 17:49:44.404,BASELINE,9.1379,83.7685,50.0743
2026-06-01 17:49:44.436,BASELINE,9.1378,83.7674,50.0741
2026-06-01 17:49:44.467,BASELINE,9.1377,83.7665,50.074
2026-06-01 17:49:44.497,BASELINE,9.1378,83.7656,50.0738
2026-06-01 17:49:44.530,BASELINE,9.138,83.7648,50.0737
2026-06-01 17:49:44.561,BASELINE,9.138,83.7641,50.0736
2026-06-01 17:49:44.593,BASELINE,9.1382,83.7635,50.0735
2026-06-01 17:49:44.624,BASELINE,9.1382,83.7453,50.0733
2026-06-01 17:49:44.654,BASELINE,9.1384,83.7289,50.0731
2026-06-01 17:49:44.686,BASELINE,9.1384,83.7142,50.0729
2026-06-01 17:49:44.719,BASELINE,9.1387,83.701,50.0727
2026-06-01 17:49:44.750,BASELINE,9.139,83.6891,50.0726
2026-06-01 17:49:44.782,BASELINE,9.1394,83.6783,50.0724
2026-06-01 17:49:44.814,BASELINE,9.1397,83.6687,50.0722
2026-06-01 17:49:44.846,BASELINE,9.1401,83.66,50.0721
2026-06-01 17:49:44.875,BASELINE,9.1405,83.6522,50.072
2026-06-01 17:49:44.908,BASELINE,9.141,83.6451,50.0718
2026-06-01 17:49:44.939,BASELINE,9.1415,83.6388,50.0717
2026-06-01 17:49:44.974,BASELINE,9.1422,83.6331,50.0716
2026-06-01 17:49:45.003,BASELINE,9.1434,83.6279,50.0715
2026-06-01 17:49:45.033,BASELINE,9.144,83.6233,50.0714
2026-06-01 17:49:45.065,BASELINE,9.1448,83.6192,50.0713
2026-06-01 17:49:45.095,BASELINE,9.1457,83.6154,50.0712
2026-06-01 17:49:45.128,BASELINE,9.1468,83.5991,50.0854
2026-06-01 17:49:45.160,BASELINE,9.148,83.5844,50.0989
2026-06-01 17:49:45.191,BASELINE,9.1495,83.5712,50.1117
2026-06-01 17:49:45.223,BASELINE,9.1511,83.5593,50.1239
2026-06-01 17:49:45.254,BASELINE,9.1527,83.5486,50.1355
2026-06-01 17:49:45.286,BASELINE,9.1544,83.539,50.1465
2026-06-01 17:49:45.317,BASELINE,9.156,83.5303,50.157
2026-06-01 17:49:45.349,BASELINE,9.1576,83.5225,50.1669
2026-06-01 17:49:45.380,BASELINE,9.1593,83.5155,50.1763
2026-06-01 17:49:45.412,BASELINE,9.1611,83.5091,50.1853
2026-06-01 17:49:45.443,BASELINE,9.1626,83.5034,50.1938
2026-06-01 17:49:45.476,BASELINE,9.1644,83.4983,50.2019
2026-06-01 17:49:45.508,BASELINE,9.1661,83.4937,50.2096
2026-06-01 17:49:45.540,BASELINE,9.168,83.4896,50.2169
2026-06-01 17:49:45.571,BASELINE,9.1698,83.4858,50.2238
2026-06-01 17:49:45.603,BASELINE,9.1716,83.4825,50.2304
2026-06-01 17:49:45.634,BASELINE,9.1733,83.4904,50.2254
2026-06-01 17:49:45.667,BASELINE,9.1752,83.4975,50.2206
2026-06-01 17:49:45.699,BASELINE,9.178,83.5039,50.216
2026-06-01 17:49:45.729,BASELINE,9.18,83.5096,50.2116
2026-06-01 17:49:45.765,BASELINE,9.1821,83.5148,50.2075
2026-06-01 17:49:45.794,BASELINE,9.1842,83.5195,50.2036
2026-06-01 17:49:45.825,BASELINE,9.1864,83.5237,50.1999
2026-06-01 17:49:45.857,BASELINE,9.1888,83.5274,50.1964
2026-06-01 17:49:45.887,BASELINE,9.191,83.5308,50.193
2026-06-01 17:49:45.919,BASELINE,9.1934,83.5339,50.1898
2026-06-01 17:49:45.951,BASELINE,9.1958,83.5366,50.1868
2026-06-01 17:49:45.981,BASELINE,9.1979,83.5391,50.1839
2026-06-01 17:49:46.013,BASELINE,9.1999,83.5413,50.1812
2026-06-01 17:49:46.045,BASELINE,9.2016,83.5434,50.1786
2026-06-01 17:49:46.077,BASELINE,9.2036,83.5452,50.1761
2026-06-01 17:49:46.109,BASELINE,9.2056,83.5468,50.1738
2026-06-01 17:49:46.141,BASELINE,9.2077,83.5569,50.1716
2026-06-01 17:49:46.173,BASELINE,9.2097,83.5659,50.1696
2026-06-01 17:49:46.205,BASELINE,9.2115,83.5741,50.1677
2026-06-01 17:49:46.237,BASELINE,9.2135,83.5814,50.1658
2026-06-01 17:49:46.269,BASELINE,9.2156,83.588,50.1641
2026-06-01 17:49:46.300,BASELINE,9.2176,83.594,50.1624
2026-06-01 17:49:46.332,BASELINE,9.2193,83.5993,50.1609
2026-06-01 17:49:46.365,BASELINE,9.2214,83.6042,50.1594
2026-06-01 17:49:46.397,BASELINE,9.2234,83.6085,50.158
2026-06-01 17:49:46.428,BASELINE,9.2249,83.6124,50.1566
2026-06-01 17:49:46.459,BASELINE,9.2265,83.6159,50.1553
2026-06-01 17:49:46.491,BASELINE,9.2279,83.6191,50.1541
2026-06-01 17:49:46.524,BASELINE,9.2293,83.6219,50.153
2026-06-01 17:49:46.560,BASELINE,9.2306,83.6245,50.1519
2026-06-01 17:49:46.587,BASELINE,9.232,83.6268,50.1508
2026-06-01 17:49:46.618,BASELINE,9.2334,83.6414,50.1639
2026-06-01 17:49:46.650,BASELINE,9.2348,83.6545,50.1763
2026-06-01 17:49:46.682,BASELINE,9.2361,83.6663,50.1881
2026-06-01 17:49:46.712,BASELINE,9.2373,83.6769,50.1993
2026-06-01 17:49:46.744,BASELINE,9.2387,83.6865,50.2099
2026-06-01 17:49:46.776,BASELINE,9.2399,83.6951,50.22
2026-06-01 17:49:46.808,BASELINE,9.2412,83.7029,50.2296
2026-06-01 17:49:46.840,BASELINE,9.2422,83.7098,50.2387
2026-06-01 17:49:46.871,BASELINE,9.2432,83.7161,50.2474
2026-06-01 17:49:46.902,BASELINE,9.244,83.7218,50.2556
2026-06-01 17:49:46.935,BASELINE,9.245,83.7268,50.2634
2026-06-01 17:49:46.967,BASELINE,9.2459,83.7314,50.2708
2026-06-01 17:49:46.998,BASELINE,9.2468,83.7355,50.2779
2026-06-01 17:49:47.031,BASELINE,9.2476,83.7392,50.2846
2026-06-01 17:49:47.062,BASELINE,9.2483,83.7426,50.291
2026-06-01 17:49:47.093,BASELINE,9.2496,83.7456,50.297
2026-06-01 17:49:47.125,BASELINE,9.2503,83.754,50.2911
2026-06-01 17:49:47.157,BASELINE,9.251,83.7616,50.2855
2026-06-01 17:49:47.186,BASELINE,9.2517,83.7685,50.2802
2026-06-01 17:49:47.217,BASELINE,9.2524,83.7746,50.2752
2026-06-01 17:49:47.250,BASELINE,9.2531,83.7802,50.2704
2026-06-01 17:49:47.281,BASELINE,9.254,83.7851,50.2658
2026-06-01 17:49:47.313,BASELINE,9.2549,83.7896,50.2615
2026-06-01 17:49:47.349,BASELINE,9.2559,83.7937,50.2574
2026-06-01 17:49:47.376,BASELINE,9.2566,83.7973,50.2535
2026-06-01 17:49:47.408,BASELINE,9.2574,83.8006,50.2498
2026-06-01 17:49:47.468,BASELINE,9.2582,83.8035,50.2463
2026-06-01 17:49:47.507,BASELINE,9.259,83.8062,50.2429
2026-06-01 17:49:47.535,BASELINE,9.2597,83.8085,50.2397
2026-06-01 17:49:47.565,BASELINE,9.2604,83.8107,50.2367
2026-06-01 17:49:47.597,BASELINE,9.261,83.8126,50.2338
2026-06-01 17:49:47.628,BASELINE,9.2616,83.8093,50.2329
2026-06-01 17:49:47.659,BASELINE,9.2623,83.8063,50.232
2026-06-01 17:49:47.692,BASELINE,9.263,83.8036,50.2311
2026-06-01 17:49:47.723,BASELINE,9.2637,83.8012,50.2303
2026-06-01 17:49:47.754,BASELINE,9.2643,83.799,50.2295
2026-06-01 17:49:47.787,BASELINE,9.2649,83.7971,50.2287
2026-06-01 17:49:47.818,BASELINE,9.2659,83.7953,50.228
2026-06-01 17:49:47.850,BASELINE,9.2665,83.7937,50.2273
2026-06-01 17:49:47.882,BASELINE,9.2672,83.7923,50.2267
2026-06-01 17:49:47.913,BASELINE,9.2678,83.791,50.2261
2026-06-01 17:49:47.944,BASELINE,9.2684,83.7899,50.2255
2026-06-01 17:49:47.975,BASELINE,9.2691,83.7888,50.225
2026-06-01 17:49:48.007,BASELINE,9.2698,83.7879,50.2244
2026-06-01 17:49:48.039,BASELINE,9.2707,83.787,50.224
2026-06-01 17:49:48.071,BASELINE,9.2715,83.7863,50.2235
2026-06-01 17:49:48.102,BASELINE,9.2723,83.7856,50.223
2026-06-01 17:49:48.133,BASELINE,9.2729,83.7568,50.2219
2026-06-01 17:49:48.166,BASELINE,9.2735,83.7309,50.2207
2026-06-01 17:49:48.196,BASELINE,9.274,83.7076,50.2197
2026-06-01 17:49:48.227,BASELINE,9.2746,83.6866,50.2186
2026-06-01 17:49:48.259,BASELINE,9.2752,83.6677,50.2177
2026-06-01 17:49:48.290,BASELINE,9.2758,83.6507,50.2168
2026-06-01 17:49:48.323,BASELINE,9.2763,83.6354,50.2159
2026-06-01 17:49:48.353,BASELINE,9.2769,83.6216,50.2151
2026-06-01 17:49:48.385,BASELINE,9.2775,83.6092,50.2143
2026-06-01 17:49:48.417,BASELINE,9.2781,83.598,50.2135
2026-06-01 17:49:48.448,BASELINE,9.2788,83.588,50.2128
2026-06-01 17:49:48.480,BASELINE,9.2794,83.579,50.2122
2026-06-01 17:49:48.512,BASELINE,9.2801,83.5708,50.2115
2026-06-01 17:49:48.544,BASELINE,9.2806,83.5635,50.2109
2026-06-01 17:49:48.574,BASELINE,9.2814,83.5569,50.2103
2026-06-01 17:49:48.606,BASELINE,9.2813,83.551,50.2098
2026-06-01 17:49:48.638,BASELINE,9.2806,83.5478,50.2226
2026-06-01 17:49:48.670,BASELINE,9.2797,83.5448,50.2348
2026-06-01 17:49:48.702,BASELINE,9.2783,83.5422,50.2464
2026-06-01 17:49:48.732,BASELINE,9.2766,83.5399,50.2574
2026-06-01 17:49:48.763,BASELINE,9.2747,83.5377,50.2678
2026-06-01 17:49:48.794,BASELINE,9.2728,83.5358,50.2778
2026-06-01 17:49:48.826,BASELINE,9.2709,83.5341,50.2872
2026-06-01 17:49:48.856,BASELINE,9.2691,83.5326,50.2961
2026-06-01 17:49:48.889,BASELINE,9.2675,83.5312,50.3047
2026-06-01 17:49:48.922,BASELINE,9.2665,83.5299,50.3127
2026-06-01 17:49:48.961,BASELINE,9.2658,83.5288,50.3204
2026-06-01 17:49:48.985,BASELINE,9.2653,83.5278,50.3277
2026-06-01 17:49:49.016,BASELINE,9.2649,83.5269,50.3347
2026-06-01 17:49:49.049,BASELINE,9.2642,83.526,50.3412
2026-06-01 17:49:49.080,BASELINE,9.263,83.5253,50.3475
2026-06-01 17:49:49.112,BASELINE,9.261,83.5246,50.3534
2026-06-01 17:49:49.143,BASELINE,9.2586,83.52,50.3442
2026-06-01 17:49:49.176,BASELINE,9.2569,83.5158,50.3354
2026-06-01 17:49:49.207,BASELINE,9.2557,83.5121,50.327
2026-06-01 17:49:49.239,BASELINE,9.2549,83.5087,50.3191
2026-06-01 17:49:49.269,BASELINE,9.2543,83.5057,50.3115
2026-06-01 17:49:49.301,BASELINE,9.2541,83.503,50.3043
2026-06-01 17:49:49.332,BASELINE,9.2517,83.5005,50.2975
2026-06-01 17:49:49.364,BASELINE,9.248,83.4983,50.291
2026-06-01 17:49:49.395,BASELINE,9.244,83.4963,50.2849
2026-06-01 17:49:49.427,BASELINE,9.2401,83.4945,50.2791
2026-06-01 17:49:49.458,BASELINE,9.2365,83.4929,50.2735
2026-06-01 17:49:49.491,BASELINE,9.2321,83.4914,50.2682
2026-06-01 17:49:49.523,BASELINE,9.226,83.4901,50.2632
2026-06-01 17:49:49.553,BASELINE,9.2175,83.489,50.2585
2026-06-01 17:49:49.584,BASELINE,9.2069,83.4879,50.2539
2026-06-01 17:49:49.617,BASELINE,9.1958,83.4935,50.2506
2026-06-01 17:49:49.648,BASELINE,9.1857,83.4986,50.2474
2026-06-01 17:49:49.681,BASELINE,9.1775,83.5032,50.2444
2026-06-01 17:49:49.713,BASELINE,9.1715,83.5073,50.2416
2026-06-01 17:49:49.746,BASELINE,9.1675,83.511,50.2388
2026-06-01 17:49:49.774,BASELINE,9.1643,83.5143,50.2362
2026-06-01 17:49:49.806,BASELINE,9.1614,83.5173,50.2338
2026-06-01 17:49:49.836,BASELINE,9.1581,83.52,50.2315
2026-06-01 17:49:49.868,BASELINE,9.1549,83.5224,50.2292
2026-06-01 17:49:49.900,BASELINE,9.1516,83.5246,50.2271
2026-06-01 17:49:49.932,BASELINE,9.1486,83.5266,50.2251
2026-06-01 17:49:49.963,BASELINE,9.1456,83.5283,50.2232
2026-06-01 17:49:49.995,BASELINE,9.1426,83.5299,50.2214
2026-06-01 17:49:50.026,BASELINE,9.1401,83.5314,50.2197
2026-06-01 17:49:50.059,BASELINE,9.1382,83.5327,50.2181
2026-06-01 17:49:50.091,BASELINE,9.1358,83.5338,50.2165
2026-06-01 17:49:50.123,BASELINE,9.1334,83.5502,50.2284
2026-06-01 17:49:50.154,BASELINE,9.1316,83.5649,50.2397
2026-06-01 17:49:50.185,BASELINE,9.1303,83.5781,50.2504
2026-06-01 17:49:50.217,BASELINE,9.1298,83.59,50.2606
2026-06-01 17:49:50.249,BASELINE,9.1301,83.6008,50.2703
2026-06-01 17:49:50.281,BASELINE,9.1308,83.6104,50.2795
2026-06-01 17:49:50.313,BASELINE,9.132,83.6191,50.2882
2026-06-01 17:49:50.345,BASELINE,9.1334,83.6269,50.2965
2026-06-01 17:49:50.375,BASELINE,9.135,83.634,50.3044
2026-06-01 17:49:50.408,BASELINE,9.137,83.6403,50.3119
2026-06-01 17:49:50.440,BASELINE,9.139,83.646,50.319
2026-06-01 17:49:50.472,BASELINE,9.1412,83.6511,50.3257
2026-06-01 17:49:50.504,BASELINE,9.1436,83.6557,50.3321
2026-06-01 17:49:50.539,BASELINE,9.146,83.6599,50.3382
2026-06-01 17:49:50.566,BASELINE,9.1487,83.6636,50.344
2026-06-01 17:49:50.598,BASELINE,9.1512,83.667,50.3495
2026-06-01 17:49:50.630,BASELINE,9.154,83.6642,50.3542
2026-06-01 17:49:50.662,BASELINE,9.157,83.6617,50.3586
2026-06-01 17:49:50.694,BASELINE,9.16,83.6595,50.3628
2026-06-01 17:49:50.726,BASELINE,9.1631,83.6574,50.3668
2026-06-01 17:49:50.759,BASELINE,9.1662,83.6556,50.3706
2026-06-01 17:49:50.789,BASELINE,9.1699,83.654,50.3742
2026-06-01 17:49:50.822,BASELINE,9.1726,83.6525,50.3776
2026-06-01 17:49:50.853,BASELINE,9.1753,83.6511,50.3809
2026-06-01 17:49:50.886,BASELINE,9.1778,83.6499,50.384
2026-06-01 17:49:50.917,BASELINE,9.1798,83.6489,50.3869
2026-06-01 17:49:50.948,BASELINE,9.1818,83.6479,50.3897
2026-06-01 17:49:50.979,BASELINE,9.1839,83.647,50.3923
2026-06-01 17:49:51.012,BASELINE,9.1861,83.6462,50.3948
2026-06-01 17:49:51.044,BASELINE,9.1879,83.6455,50.3972
2026-06-01 17:49:51.076,BASELINE,9.1897,83.6449,50.3995
2026-06-01 17:49:51.108,BASELINE,9.1914,83.6443,50.4017
2026-06-01 17:49:51.140,BASELINE,9.1931,83.6332,50.3887
2026-06-01 17:49:51.171,BASELINE,9.1949,83.6231,50.3765
2026-06-01 17:49:51.201,BASELINE,9.1966,83.6141,50.3648
2026-06-01 17:49:51.233,BASELINE,9.1982,83.6059,50.3537
2026-06-01 17:49:51.264,BASELINE,9.1996,83.5986,50.3432
2026-06-01 17:49:51.296,BASELINE,9.2011,83.592,50.3332
2026-06-01 17:49:51.332,BASELINE,9.2025,83.5861,50.3237
2026-06-01 17:49:51.360,BASELINE,9.2038,83.5807,50.3147
2026-06-01 17:49:51.392,BASELINE,9.2049,83.5759,50.3062
2026-06-01 17:49:51.423,BASELINE,9.206,83.5716,50.298
2026-06-01 17:49:51.455,BASELINE,9.2072,83.5677,50.2903
2026-06-01 17:49:51.485,BASELINE,9.2084,83.5642,50.2829
2026-06-01 17:49:51.516,BASELINE,9.21,83.5611,50.276
2026-06-01 17:49:51.548,BASELINE,9.2116,83.5582,50.2693
2026-06-01 17:49:51.579,BASELINE,9.2128,83.5557,50.263
2026-06-01 17:49:51.611,BASELINE,9.2138,83.5534,50.257
2026-06-01 17:49:51.644,BASELINE,9.2148,83.547,50.2661
2026-06-01 17:49:51.676,BASELINE,9.2158,83.5413,50.2748
2026-06-01 17:49:51.707,BASELINE,9.2166,83.5362,50.283
2026-06-01 17:49:51.739,BASELINE,9.2173,83.5316,50.2907
2026-06-01 17:49:51.770,BASELINE,9.2178,83.5274,50.2981
2026-06-01 17:49:51.801,BASELINE,9.218,83.5237,50.3052
2026-06-01 17:49:51.832,BASELINE,9.217,83.5203,50.3118
2026-06-01 17:49:51.865,BASELINE,9.2155,83.5173,50.3182
2026-06-01 17:49:51.896,BASELINE,9.2135,83.5146,50.3242
2026-06-01 17:49:51.928,BASELINE,9.2114,83.5121,50.3299
2026-06-01 17:49:51.958,BASELINE,9.2088,83.5099,50.3354
2026-06-01 17:49:51.989,BASELINE,9.2062,83.5079,50.3405
2026-06-01 17:49:52.021,BASELINE,9.2033,83.5061,50.3454
2026-06-01 17:49:52.053,BASELINE,9.2007,83.5045,50.3501
2026-06-01 17:49:52.085,BASELINE,9.198,83.5031,50.3545
2026-06-01 17:49:52.120,BASELINE,9.1953,83.5018,50.3587
2026-06-01 17:49:52.148,BASELINE,9.1923,83.5141,50.3899
2026-06-01 17:49:52.179,BASELINE,9.1888,83.5252,50.4195
2026-06-01 17:49:52.211,BASELINE,9.1847,83.5352,50.4477
2026-06-01 17:49:52.243,BASELINE,9.1801,83.5442,50.4744
2026-06-01 17:49:52.275,BASELINE,9.1753,83.5522,50.4998
2026-06-01 17:49:52.307,BASELINE,9.1694,83.5595,50.5239
2026-06-01 17:49:52.338,BASELINE,9.1629,83.5661,50.5468
2026-06-01 17:49:52.368,BASELINE,9.1565,83.572,50.5686
2026-06-01 17:49:52.400,BASELINE,9.1502,83.5773,50.5892
2026-06-01 17:49:52.431,BASELINE,9.1442,83.582,50.6089
2026-06-01 17:49:52.463,BASELINE,9.1392,83.5863,50.6276
2026-06-01 17:49:52.495,BASELINE,9.1346,83.5902,50.6453
2026-06-01 17:49:52.526,BASELINE,9.1308,83.5937,50.6621
2026-06-01 17:49:52.558,BASELINE,9.1279,83.5968,50.6781
2026-06-01 17:49:52.590,BASELINE,9.1258,83.5996,50.6933
2026-06-01 17:49:52.622,BASELINE,9.1243,83.6001,50.7167
2026-06-01 17:49:52.654,BASELINE,9.1232,83.6006,50.739
2026-06-01 17:49:52.684,BASELINE,9.1226,83.601,50.7601
2026-06-01 17:49:52.716,BASELINE,9.1222,83.6014,50.7802
2026-06-01 17:49:52.748,BASELINE,9.1222,83.6017,50.7992
2026-06-01 17:49:52.780,BASELINE,9.1224,83.602,50.8173
2026-06-01 17:49:52.811,BASELINE,9.123,83.6023,50.8345
2026-06-01 17:49:52.843,BASELINE,9.1239,83.6025,50.8509
2026-06-01 17:49:52.874,BASELINE,9.1247,83.6027,50.8664
2026-06-01 17:49:52.909,BASELINE,9.126,83.6029,50.8812
2026-06-01 17:49:52.938,BASELINE,9.127,83.6031,50.8952
2026-06-01 17:49:52.969,BASELINE,9.1284,83.6033,50.9085
2026-06-01 17:49:53.000,BASELINE,9.1298,83.6034,50.9211
2026-06-01 17:49:53.032,BASELINE,9.1308,83.6035,50.9332
2026-06-01 17:49:53.063,BASELINE,9.1322,83.6036,50.9446
2026-06-01 17:49:53.096,BASELINE,9.1338,83.6037,50.9554
2026-06-01 17:49:53.127,BASELINE,9.1356,83.5995,50.9789
2026-06-01 17:49:53.157,BASELINE,9.1373,83.5956,51.0012
2026-06-01 17:49:53.188,BASELINE,9.1393,83.5921,51.0224
2026-06-01 17:49:53.220,BASELINE,9.1415,83.589,51.0425
2026-06-01 17:49:53.251,BASELINE,9.1436,83.5862,51.0617
2026-06-01 17:49:53.283,BASELINE,9.1457,83.5836,51.0798
2026-06-01 17:49:53.315,BASELINE,9.1476,83.5813,51.0971
2026-06-01 17:49:53.347,BASELINE,9.1495,83.5793,51.1135
2026-06-01 17:49:53.378,BASELINE,9.1514,83.5774,51.1291
2026-06-01 17:49:53.409,BASELINE,9.1534,83.5758,51.1439
2026-06-01 17:49:53.441,BASELINE,9.1554,83.5743,51.1579
2026-06-01 17:49:53.474,BASELINE,9.1573,83.5729,51.1713
2026-06-01 17:49:53.505,BASELINE,9.1592,83.5717,51.184
2026-06-01 17:49:53.537,BASELINE,9.1611,83.5706,51.196
2026-06-01 17:49:53.568,BASELINE,9.1631,83.5696,51.2075
2026-06-01 17:49:53.600,BASELINE,9.1651,83.5688,51.2184
2026-06-01 17:49:53.633,BASELINE,9.1668,83.5534,51.2251
2026-06-01 17:49:53.664,BASELINE,9.1695,83.5395,51.2314
2026-06-01 17:49:53.698,BASELINE,9.1714,83.5271,51.2375
2026-06-01 17:49:53.726,BASELINE,9.1731,83.5159,51.2432
2026-06-01 17:49:53.759,BASELINE,9.175,83.5058,51.2487
2026-06-01 17:49:53.790,BASELINE,9.1768,83.4967,51.2539
2026-06-01 17:49:53.822,BASELINE,9.1786,83.4885,51.2588
2026-06-01 17:49:53.854,BASELINE,9.1805,83.4812,51.2635
2026-06-01 17:49:53.886,BASELINE,9.1823,83.4745,51.2679
2026-06-01 17:49:53.917,BASELINE,9.184,83.4686,51.2722
2026-06-01 17:49:53.947,BASELINE,9.1855,83.4632,51.2762
2026-06-01 17:49:53.978,BASELINE,9.1869,83.4584,51.28
2026-06-01 17:49:54.010,BASELINE,9.1883,83.454,51.2836
2026-06-01 17:49:54.041,BASELINE,9.1899,83.4501,51.287
2026-06-01 17:49:54.073,BASELINE,9.1911,83.4466,51.2903
2026-06-01 17:49:54.105,BASELINE,9.1927,83.4435,51.2934
2026-06-01 17:49:54.138,BASELINE,9.194,83.4524,51.3299
2026-06-01 17:49:54.169,BASELINE,9.1955,83.4604,51.3646
2026-06-01 17:49:54.200,BASELINE,9.1968,83.4676,51.3976
2026-06-01 17:49:54.232,BASELINE,9.1982,83.4741,51.4289
2026-06-01 17:49:54.263,BASELINE,9.1996,83.48,51.4586
2026-06-01 17:49:54.294,BASELINE,9.2007,83.4853,51.4869
2026-06-01 17:49:54.326,BASELINE,9.2018,83.49,51.5137
2026-06-01 17:49:54.357,BASELINE,9.2038,83.4943,51.5392
2026-06-01 17:49:54.389,BASELINE,9.2047,83.4981,51.5635
2026-06-01 17:49:54.421,BASELINE,9.2058,83.5016,51.5865
2026-06-01 17:49:54.453,BASELINE,9.2068,83.5047,51.6083
2026-06-01 17:49:54.488,BASELINE,9.2079,83.5075,51.6291
2026-06-01 17:49:54.516,BASELINE,9.209,83.51,51.6488
2026-06-01 17:49:54.548,BASELINE,9.2102,83.5123,51.6676
2026-06-01 17:49:54.579,BASELINE,9.2118,83.5143,51.6854
2026-06-01 17:49:54.610,BASELINE,9.2131,83.5161,51.7023
2026-06-01 17:49:54.641,BASELINE,9.2144,83.5169,51.713
2026-06-01 17:49:54.672,BASELINE,9.2157,83.5176,51.7231
2026-06-01 17:49:54.704,BASELINE,9.217,83.5182,51.7327
2026-06-01 17:49:54.736,BASELINE,9.2181,83.5187,51.7418
2026-06-01 17:49:54.767,BASELINE,9.2196,83.5192,51.7505
2026-06-01 17:49:54.799,BASELINE,9.2209,83.5197,51.7587
2026-06-01 17:49:54.830,BASELINE,9.2221,83.5201,51.7666
2026-06-01 17:49:54.862,BASELINE,9.2232,83.5204,51.774
2026-06-01 17:49:54.895,BASELINE,9.2246,83.5207,51.7811
2026-06-01 17:49:54.927,BASELINE,9.2261,83.521,51.7878
2026-06-01 17:49:54.960,BASELINE,9.2275,83.5213,51.7942
2026-06-01 17:49:54.992,BASELINE,9.2289,83.5215,51.8002
2026-06-01 17:49:55.023,BASELINE,9.2303,83.5217,51.806
2026-06-01 17:49:55.055,BASELINE,9.2328,83.5219,51.8115
2026-06-01 17:49:55.086,BASELINE,9.2342,83.5221,51.8167
2026-06-01 17:49:55.119,BASELINE,9.2357,83.5133,51.8357
2026-06-01 17:49:55.150,BASELINE,9.2371,83.5055,51.8538
2026-06-01 17:49:55.181,BASELINE,9.2387,83.4984,51.8709
2026-06-01 17:49:55.214,BASELINE,9.2404,83.492,51.8872
2026-06-01 17:49:55.246,BASELINE,9.2424,83.4862,51.9027
2026-06-01 17:49:55.280,BASELINE,9.2443,83.481,51.9175
2026-06-01 17:49:55.309,BASELINE,9.2464,83.4764,51.9315
2026-06-01 17:49:55.339,BASELINE,9.2483,83.4722,51.9447
2026-06-01 17:49:55.370,BASELINE,9.2504,83.4684,51.9574
2026-06-01 17:49:55.402,BASELINE,9.2524,83.465,51.9694
2026-06-01 17:49:55.433,BASELINE,9.2543,83.462,51.9808
2026-06-01 17:49:55.465,BASELINE,9.2561,83.4592,51.9916
2026-06-01 17:49:55.496,BASELINE,9.2582,83.4567,52.0019
2026-06-01 17:49:55.527,BASELINE,9.2602,83.4545,52.0116
2026-06-01 17:49:55.559,BASELINE,9.2621,83.4525,52.0209
2026-06-01 17:49:55.591,BASELINE,9.2642,83.4507,52.0297
2026-06-01 17:49:55.623,BASELINE,9.2663,83.4589,52.037
2026-06-01 17:49:55.655,BASELINE,9.2685,83.4663,52.0439
2026-06-01 17:49:55.687,BASELINE,9.2706,83.473,52.0504
2026-06-01 17:49:55.719,BASELINE,9.2727,83.479,52.0566
2026-06-01 17:49:55.750,BASELINE,9.2755,83.4844,52.0625
2026-06-01 17:49:55.782,BASELINE,9.2776,83.4892,52.0681
2026-06-01 17:49:55.814,BASELINE,9.2796,83.4936,52.0735
2026-06-01 17:49:55.847,BASELINE,9.2817,83.4975,52.0785
2026-06-01 17:49:55.877,BASELINE,9.2836,83.5011,52.0834
2026-06-01 17:49:55.909,BASELINE,9.2855,83.5043,52.0879
2026-06-01 17:49:55.939,BASELINE,9.2877,83.5071,52.0923
2026-06-01 17:49:55.971,BASELINE,9.2899,83.5097,52.0964
2026-06-01 17:49:56.003,BASELINE,9.2919,83.512,52.1003
2026-06-01 17:49:56.036,BASELINE,9.2938,83.5141,52.104
2026-06-01 17:49:56.070,BASELINE,9.2957,83.516,52.1076
2026-06-01 17:49:56.098,BASELINE,9.2976,83.5177,52.1109
2026-06-01 17:49:56.130,BASELINE,9.2993,83.5192,52.0984
2026-06-01 17:49:56.162,BASELINE,9.3011,83.5206,52.0864
2026-06-01 17:49:56.194,BASELINE,9.3028,83.5218,52.0751
2026-06-01 17:49:56.226,BASELINE,9.3046,83.5229,52.0643
2026-06-01 17:49:56.257,BASELINE,9.3063,83.5239,52.0541
2026-06-01 17:49:56.288,BASELINE,9.3081,83.5248,52.0443
2026-06-01 17:49:56.320,BASELINE,9.3098,83.5256,52.0351
2026-06-01 17:49:56.353,BASELINE,9.3114,83.5264,52.0263
2026-06-01 17:49:56.385,BASELINE,9.313,83.527,52.018
2026-06-01 17:49:56.416,BASELINE,9.3152,83.5276,52.0101
2026-06-01 17:49:56.449,BASELINE,9.3169,83.5281,52.0025
2026-06-01 17:49:56.480,BASELINE,9.3184,83.5286,51.9954
2026-06-01 17:49:56.512,BASELINE,9.3197,83.5291,51.9886
2026-06-01 17:49:56.542,BASELINE,9.3212,83.5294,51.9821
2026-06-01 17:49:56.573,BASELINE,9.3227,83.5298,51.976
2026-06-01 17:49:56.605,BASELINE,9.3242,83.5301,51.9702
2026-06-01 17:49:56.636,BASELINE,9.3258,83.5189,51.9794
2026-06-01 17:49:56.669,BASELINE,9.3274,83.5089,51.9882
2026-06-01 17:49:56.700,BASELINE,9.329,83.4998,51.9965
2026-06-01 17:49:56.732,BASELINE,9.3304,83.4917,52.0045
2026-06-01 17:49:56.764,BASELINE,9.3315,83.4844,52.012
2026-06-01 17:49:56.796,BASELINE,9.3326,83.4778,52.0191
2026-06-01 17:49:56.828,BASELINE,9.3338,83.4719,52.0259
2026-06-01 17:49:56.861,BASELINE,9.3348,83.4665,52.0324
2026-06-01 17:49:56.889,BASELINE,9.3358,83.4617,52.0385
2026-06-01 17:49:56.920,BASELINE,9.3368,83.4574,52.0443
2026-06-01 17:49:56.952,BASELINE,9.3379,83.4535,52.0499
2026-06-01 17:49:56.984,BASELINE,9.339,83.45,52.0551
2026-06-01 17:49:57.016,BASELINE,9.3399,83.4468,52.0601
2026-06-01 17:49:57.047,BASELINE,9.3407,83.444,52.0649
2026-06-01 17:49:57.078,BASELINE,9.3415,83.4414,52.0694
2026-06-01 17:49:57.110,BASELINE,9.3424,83.4391,52.0737
2026-06-01 17:49:57.141,BASELINE,9.3436,83.4273,52.0793
2026-06-01 17:49:57.173,BASELINE,9.3441,83.4166,52.0847
2026-06-01 17:49:57.204,BASELINE,9.3446,83.407,52.0899
2026-06-01 17:49:57.236,BASELINE,9.345,83.3984,52.0947
2026-06-01 17:49:57.268,BASELINE,9.3455,83.3906,52.0993
2026-06-01 17:49:57.299,BASELINE,9.3461,83.3836,52.1037
2026-06-01 17:49:57.331,BASELINE,9.3463,83.3773,52.1079
2026-06-01 17:49:57.364,BASELINE,9.3465,83.3716,52.1119
2026-06-01 17:49:57.396,BASELINE,9.3467,83.3665,52.1156
2026-06-01 17:49:57.427,BASELINE,9.3467,83.3619,52.1192
2026-06-01 17:49:57.459,BASELINE,9.3466,83.3578,52.1226
2026-06-01 17:49:57.490,BASELINE,9.3466,83.354,52.1258
2026-06-01 17:49:57.522,BASELINE,9.3464,83.3507,52.1289
2026-06-01 17:49:57.554,BASELINE,9.3464,83.3477,52.1318
2026-06-01 17:49:57.586,BASELINE,9.3463,83.345,52.1346
2026-06-01 17:49:57.619,BASELINE,9.346,83.3571,52.1274
2026-06-01 17:49:57.655,BASELINE,9.3457,83.368,52.1205
2026-06-01 17:49:57.681,BASELINE,9.3454,83.3778,52.114
2026-06-01 17:49:57.714,BASELINE,9.3448,83.3866,52.1079
2026-06-01 17:49:57.746,BASELINE,9.3446,83.3946,52.102
2026-06-01 17:49:57.777,BASELINE,9.3442,83.4017,52.0964
2026-06-01 17:49:57.810,BASELINE,9.3438,83.4082,52.0912
2026-06-01 17:49:57.842,BASELINE,9.3436,83.4139,52.0861
2026-06-01 17:49:57.872,BASELINE,9.344,83.4192,52.0813
2026-06-01 17:49:57.905,BASELINE,9.3435,83.4239,52.0768
2026-06-01 17:49:57.937,BASELINE,9.3432,83.4281,52.0725
2026-06-01 17:49:57.969,BASELINE,9.3427,83.4319,52.0684
2026-06-01 17:49:58.001,BASELINE,9.3424,83.4353,52.0645
2026-06-01 17:49:58.033,BASELINE,9.3421,83.4384,52.0608
2026-06-01 17:49:58.064,BASELINE,9.342,83.4411,52.0573
2026-06-01 17:49:58.096,BASELINE,9.3418,83.4436,52.054
2026-06-01 17:49:58.128,BASELINE,9.3417,83.4206,52.0806
2026-06-01 17:49:58.158,BASELINE,9.3415,83.3998,52.106
2026-06-01 17:49:58.189,BASELINE,9.3411,83.3811,52.1301
2026-06-01 17:49:58.220,BASELINE,9.3407,83.3642,52.1529
2026-06-01 17:49:58.253,BASELINE,9.3404,83.3491,52.1746
2026-06-01 17:49:58.285,BASELINE,9.3402,83.3355,52.1953
2026-06-01 17:49:58.317,BASELINE,9.3398,83.3232,52.2149
2026-06-01 17:49:58.348,BASELINE,9.3396,83.3122,52.2335
2026-06-01 17:49:58.380,BASELINE,9.3394,83.3022,52.2512
2026-06-01 17:49:58.411,BASELINE,9.3392,83.2933,52.268
2026-06-01 17:49:58.445,BASELINE,9.3388,83.2852,52.284
2026-06-01 17:49:58.474,BASELINE,9.3385,83.278,52.2992
2026-06-01 17:49:58.504,BASELINE,9.3384,83.2715,52.3136
2026-06-01 17:49:58.536,BASELINE,9.3381,83.2656,52.3273
2026-06-01 17:49:58.569,BASELINE,9.3376,83.2603,52.3403
2026-06-01 17:49:58.599,BASELINE,9.3381,83.2556,52.3526
2026-06-01 17:49:58.631,BASELINE,9.3381,83.2282,52.3737
2026-06-01 17:49:58.663,BASELINE,9.3383,83.2036,52.3937
2026-06-01 17:49:58.695,BASELINE,9.3388,83.1815,52.4127
2026-06-01 17:49:58.727,BASELINE,9.3395,83.1615,52.4307
2026-06-01 17:49:58.760,BASELINE,9.3403,83.1436,52.4479
2026-06-01 17:49:58.790,BASELINE,9.3411,83.1275,52.4642
2026-06-01 17:49:58.822,BASELINE,9.342,83.1129,52.4796
2026-06-01 17:49:58.854,BASELINE,9.3428,83.0999,52.4943
2026-06-01 17:49:58.886,BASELINE,9.3436,83.0881,52.5083
2026-06-01 17:49:58.918,BASELINE,9.3442,83.0775,52.5216
2026-06-01 17:49:58.950,BASELINE,9.3447,83.068,52.5342
2026-06-01 17:49:58.981,BASELINE,9.3448,83.0594,52.5462
2026-06-01 17:49:59.013,BASELINE,9.3449,83.0517,52.5575
2026-06-01 17:49:59.045,BASELINE,9.345,83.0447,52.5683
2026-06-01 17:49:59.077,BASELINE,9.3451,83.0385,52.5786
2026-06-01 17:49:59.109,BASELINE,9.3448,83.0328,52.5884
2026-06-01 17:49:59.140,BASELINE,9.3444,82.9786,52.6316
2026-06-01 17:49:59.171,BASELINE,9.3442,82.9299,52.6726
2026-06-01 17:49:59.203,BASELINE,9.3438,82.886,52.7116
2026-06-01 17:49:59.239,BASELINE,9.3433,82.8464,52.7487
2026-06-01 17:49:59.268,BASELINE,9.3426,82.8109,52.7838
2026-06-01 17:49:59.299,BASELINE,9.3419,82.7789,52.8173
2026-06-01 17:49:59.331,BASELINE,9.341,82.7501,52.849
2026-06-01 17:49:59.362,BASELINE,9.3409,82.7242,52.8792
2026-06-01 17:49:59.395,BASELINE,9.3397,82.7008,52.9079
2026-06-01 17:49:59.426,BASELINE,9.3389,82.6798,52.9351
2026-06-01 17:49:59.458,BASELINE,9.3378,82.6609,52.961
2026-06-01 17:49:59.490,BASELINE,9.3368,82.6439,52.9856
2026-06-01 17:49:59.523,BASELINE,9.3357,82.6286,53.0089
2026-06-01 17:49:59.553,BASELINE,9.3349,82.6148,53.0311
2026-06-01 17:49:59.585,BASELINE,9.334,82.6024,53.0522
2026-06-01 17:49:59.617,BASELINE,9.333,82.5913,53.0722
2026-06-01 17:49:59.648,BASELINE,9.332,82.5521,53.0912
2026-06-01 17:49:59.679,BASELINE,9.3307,82.5168,53.1093
2026-06-01 17:49:59.711,BASELINE,9.3294,82.485,53.1264
2026-06-01 17:49:59.743,BASELINE,9.3282,82.4564,53.1427
2026-06-01 17:49:59.775,BASELINE,9.3269,82.4307,53.1582
2026-06-01 17:49:59.807,BASELINE,9.3256,82.4075,53.1729
2026-06-01 17:49:59.839,BASELINE,9.3244,82.3867,53.1869
2026-06-01 17:49:59.871,BASELINE,9.323,82.3679,53.2002
2026-06-01 17:49:59.903,BASELINE,9.3218,82.351,53.2128
2026-06-01 17:49:59.934,BASELINE,9.3203,82.3358,53.2248
2026-06-01 17:49:59.966,BASELINE,9.3188,82.3221,53.2362
2026-06-01 17:49:59.998,BASELINE,9.3175,82.3098,53.247
2026-06-01 17:50:00.032,BASELINE,9.316,82.2988,53.2573
2026-06-01 17:50:00.062,BASELINE,9.3144,82.2888,53.267
2026-06-01 17:50:00.094,BASELINE,9.3129,82.2798,53.2763
2026-06-01 17:50:00.125,BASELINE,9.3118,82.2611,53.2913
2026-06-01 17:50:00.157,BASELINE,9.3104,82.2442,53.3055
2026-06-01 17:50:00.188,BASELINE,9.3089,82.229,53.319
2026-06-01 17:50:00.220,BASELINE,9.3074,82.2153,53.3318
2026-06-01 17:50:00.251,BASELINE,9.3059,82.203,53.344
2026-06-01 17:50:00.280,BASELINE,9.3044,82.192,53.3556
2026-06-01 17:50:00.312,BASELINE,9.3031,82.182,53.3666
2026-06-01 17:50:00.343,BASELINE,9.3018,82.173,53.377
2026-06-01 17:50:00.374,BASELINE,9.3006,82.165,53.387
2026-06-01 17:50:00.407,BASELINE,9.2993,82.1577,53.3964
2026-06-01 17:50:00.437,BASELINE,9.298,82.1512,53.4053
2026-06-01 17:50:00.468,BASELINE,9.2967,82.1453,53.4139
2026-06-01 17:50:00.500,BASELINE,9.2952,82.14,53.4219
2026-06-01 17:50:00.531,BASELINE,9.2937,82.1352,53.4296
2026-06-01 17:50:00.562,BASELINE,9.2923,82.1309,53.4369
2026-06-01 17:50:00.594,BASELINE,9.2909,82.1271,53.4439
2026-06-01 17:50:00.625,BASELINE,9.2894,82.0588,53.441
2026-06-01 17:50:00.658,BASELINE,9.2879,81.9974,53.4382
2026-06-01 17:50:00.689,BASELINE,9.2864,81.9422,53.4356
2026-06-01 17:50:00.721,BASELINE,9.285,81.8924,53.4331
2026-06-01 17:50:00.751,BASELINE,9.2835,81.8477,53.4307
2026-06-01 17:50:00.783,BASELINE,9.2822,81.8074,53.4285
2026-06-01 17:50:00.819,BASELINE,9.2808,81.7711,53.4264
2026-06-01 17:50:00.846,BASELINE,9.2796,81.7385,53.4243
2026-06-01 17:50:00.877,BASELINE,9.2784,81.7091,53.4224
2026-06-01 17:50:00.910,BASELINE,9.2775,81.6827,53.4206
2026-06-01 17:50:00.940,BASELINE,9.2764,81.6589,53.4188
2026-06-01 17:50:00.972,BASELINE,9.2752,81.6375,53.4172
2026-06-01 17:50:01.005,BASELINE,9.274,81.6182,53.4156
2026-06-01 17:50:01.035,BASELINE,9.2729,81.6009,53.4141
2026-06-01 17:50:01.067,BASELINE,9.2719,81.5853,53.4127
2026-06-01 17:50:01.099,BASELINE,9.2708,81.5712,53.4114
2026-06-01 17:50:01.130,BASELINE,9.2698,81.5702,53.4036
2026-06-01 17:50:01.162,BASELINE,9.269,81.5692,53.3963
2026-06-01 17:50:01.194,BASELINE,9.2681,81.5683,53.3893
2026-06-01 17:50:01.225,BASELINE,9.2673,81.5676,53.3826
2026-06-01 17:50:01.258,BASELINE,9.2664,81.5669,53.3763
2026-06-01 17:50:01.290,BASELINE,9.2654,81.5662,53.3703
2026-06-01 17:50:01.323,BASELINE,9.2645,81.5657,53.3646
2026-06-01 17:50:01.355,BASELINE,9.2636,81.5652,53.3592
2026-06-01 17:50:01.385,BASELINE,9.2629,81.5647,53.354
2026-06-01 17:50:01.418,BASELINE,9.262,81.5643,53.3492
2026-06-01 17:50:01.450,BASELINE,9.2613,81.5639,53.3445
2026-06-01 17:50:01.483,BASELINE,9.2604,81.5636,53.3401
2026-06-01 17:50:01.515,BASELINE,9.2596,81.5633,53.3359
2026-06-01 17:50:01.547,BASELINE,9.2591,81.563,53.3319
2026-06-01 17:50:01.578,BASELINE,9.2586,81.5628,53.3282
2026-06-01 17:50:01.612,BASELINE,9.2581,81.5626,53.3246
2026-06-01 17:50:01.640,BASELINE,9.2577,81.5752,53.3739
2026-06-01 17:50:01.672,BASELINE,9.2573,81.5866,53.4207
2026-06-01 17:50:01.704,BASELINE,9.2578,81.5969,53.4652
2026-06-01 17:50:01.735,BASELINE,9.2576,81.6061,53.5074
2026-06-01 17:50:01.768,BASELINE,9.2574,81.6145,53.5476
2026-06-01 17:50:01.800,BASELINE,9.2574,81.6219,53.5857
2026-06-01 17:50:01.830,BASELINE,9.2575,81.6287,53.6219
2026-06-01 17:50:01.862,BASELINE,9.2579,81.6347,53.6564
2026-06-01 17:50:01.894,BASELINE,9.2583,81.6402,53.6891
2026-06-01 17:50:01.927,BASELINE,9.259,81.6451,53.7201
2026-06-01 17:50:01.959,BASELINE,9.2598,81.6495,53.7496
2026-06-01 17:50:01.991,BASELINE,9.2605,81.6535,53.7777
2026-06-01 17:50:02.022,BASELINE,9.2612,81.6571,53.8043
2026-06-01 17:50:02.054,BASELINE,9.2618,81.6603,53.8296
2026-06-01 17:50:02.086,BASELINE,9.2627,81.6632,53.8537
2026-06-01 17:50:02.118,BASELINE,9.2637,81.6677,53.9033
2026-06-01 17:50:02.149,BASELINE,9.2647,81.6719,53.9504
2026-06-01 17:50:02.180,BASELINE,9.2659,81.6756,53.9952
2026-06-01 17:50:02.212,BASELINE,9.2671,81.6789,54.0377
2026-06-01 17:50:02.243,BASELINE,9.2684,81.6819,54.0781
2026-06-01 17:50:02.273,BASELINE,9.2699,81.6846,54.1165
2026-06-01 17:50:02.306,BASELINE,9.2714,81.687,54.153
2026-06-01 17:50:02.336,BASELINE,9.273,81.6892,54.1877
2026-06-01 17:50:02.368,BASELINE,9.2749,81.6912,54.2206
2026-06-01 17:50:02.403,BASELINE,9.2768,81.6929,54.2519
2026-06-01 17:50:02.432,BASELINE,9.279,81.6945,54.2816
2026-06-01 17:50:02.464,BASELINE,9.2818,81.6959,54.3098
2026-06-01 17:50:02.496,BASELINE,9.2842,81.6972,54.3366
2026-06-01 17:50:02.528,BASELINE,9.2864,81.6984,54.3621
2026-06-01 17:50:02.559,BASELINE,9.2889,81.6994,54.3863
2026-06-01 17:50:02.590,BASELINE,9.2915,81.7004,54.4093
2026-06-01 17:50:02.621,BASELINE,9.2942,81.7189,54.4476
2026-06-01 17:50:02.652,BASELINE,9.2972,81.7356,54.484
2026-06-01 17:50:02.684,BASELINE,9.3004,81.7506,54.5187
2026-06-01 17:50:02.716,BASELINE,9.3036,81.7641,54.5515
2026-06-01 17:50:02.749,BASELINE,9.3069,81.7763,54.5828
2026-06-01 17:50:02.779,BASELINE,9.3102,81.7873,54.6125
2026-06-01 17:50:02.811,BASELINE,9.3135,81.7971,54.6407
2026-06-01 17:50:02.843,BASELINE,9.317,81.806,54.6674
2026-06-01 17:50:02.874,BASELINE,9.3205,81.814,54.6929
2026-06-01 17:50:02.905,BASELINE,9.324,81.8211,54.7171
2026-06-01 17:50:02.937,BASELINE,9.3276,81.8276,54.74
2026-06-01 17:50:02.969,BASELINE,9.3313,81.8334,54.7619
2026-06-01 17:50:03.002,BASELINE,9.3352,81.8387,54.7826
2026-06-01 17:50:03.033,BASELINE,9.3389,81.8434,54.8023
2026-06-01 17:50:03.066,BASELINE,9.3428,81.8476,54.821
2026-06-01 17:50:03.097,BASELINE,9.3466,81.8514,54.8387
2026-06-01 17:50:03.129,BASELINE,9.3505,81.8422,54.8448
2026-06-01 17:50:03.161,BASELINE,9.3544,81.8339,54.8505
2026-06-01 17:50:03.195,BASELINE,9.3583,81.8265,54.856
2026-06-01 17:50:03.223,BASELINE,9.3627,81.8198,54.8611
2026-06-01 17:50:03.254,BASELINE,9.367,81.8137,54.8661
2026-06-01 17:50:03.285,BASELINE,9.3708,81.8083,54.8707
2026-06-01 17:50:03.317,BASELINE,9.3749,81.8034,54.8752
2026-06-01 17:50:03.349,BASELINE,9.379,81.799,54.8794
2026-06-01 17:50:03.381,BASELINE,9.3832,81.795,54.8834
2026-06-01 17:50:03.411,BASELINE,9.3874,81.7914,54.8872
2026-06-01 17:50:03.444,BASELINE,9.3917,81.7882,54.8908
2026-06-01 17:50:03.474,BASELINE,9.396,81.7853,54.8942
2026-06-01 17:50:03.507,BASELINE,9.3999,81.7827,54.8975
2026-06-01 17:50:03.537,BASELINE,9.404,81.7804,54.9006
2026-06-01 17:50:03.569,BASELINE,9.4078,81.7783,54.9035
2026-06-01 17:50:03.601,BASELINE,9.4114,81.7764,54.9063
2026-06-01 17:50:03.634,BASELINE,9.4151,81.7729,54.9163
2026-06-01 17:50:03.665,BASELINE,9.419,81.7697,54.9257
2026-06-01 17:50:03.695,BASELINE,9.4226,81.7668,54.9347
2026-06-01 17:50:03.727,BASELINE,9.4261,81.7643,54.9432
2026-06-01 17:50:03.758,BASELINE,9.4297,81.762,54.9513
2026-06-01 17:50:03.790,BASELINE,9.4329,81.7599,54.959
2026-06-01 17:50:03.821,BASELINE,9.4363,81.758,54.9664
2026-06-01 17:50:03.854,BASELINE,9.4397,81.7563,54.9733
2026-06-01 17:50:03.883,BASELINE,9.4432,81.7548,54.9799
2026-06-01 17:50:03.916,BASELINE,9.4465,81.7534,54.9862
2026-06-01 17:50:03.948,BASELINE,9.4496,81.7522,54.9921
2026-06-01 17:50:03.984,BASELINE,9.4529,81.7511,54.9978
2026-06-01 17:50:04.012,BASELINE,9.4568,81.7501,55.0032
2026-06-01 17:50:04.044,BASELINE,9.46,81.7492,55.0083
2026-06-01 17:50:04.074,BASELINE,9.4632,81.7484,55.0131
2026-06-01 17:50:04.107,BASELINE,9.4666,81.7477,55.0177
2026-06-01 17:50:04.138,BASELINE,9.4698,81.7447,55.0363
2026-06-01 17:50:04.169,BASELINE,9.4731,81.742,55.0539
2026-06-01 17:50:04.200,BASELINE,9.4764,81.7396,55.0707
2026-06-01 17:50:04.233,BASELINE,9.4799,81.7374,55.0866
2026-06-01 17:50:04.265,BASELINE,9.4832,81.7354,55.1017
2026-06-01 17:50:04.295,BASELINE,9.4863,81.7337,55.1161
2026-06-01 17:50:04.327,BASELINE,9.4894,81.7321,55.1297
2026-06-01 17:50:04.358,BASELINE,9.4925,81.7306,55.1427
2026-06-01 17:50:04.391,BASELINE,9.4956,81.7293,55.155
2026-06-01 17:50:04.422,BASELINE,9.4987,81.7282,55.1667
2026-06-01 17:50:04.453,BASELINE,9.5018,81.7271,55.1778
2026-06-01 17:50:04.485,BASELINE,9.5048,81.7262,55.1884
2026-06-01 17:50:04.517,BASELINE,9.5076,81.7254,55.1984
2026-06-01 17:50:04.550,BASELINE,9.5104,81.7246,55.2079
2026-06-01 17:50:04.582,BASELINE,9.5133,81.7239,55.217
2026-06-01 17:50:04.612,BASELINE,9.5163,81.7233,55.2256
2026-06-01 17:50:04.645,BASELINE,9.5194,81.7145,55.2329
2026-06-01 17:50:04.676,BASELINE,9.522,81.7067,55.2399
2026-06-01 17:50:04.709,BASELINE,9.5247,81.6996,55.2465
2026-06-01 17:50:04.740,BASELINE,9.5276,81.6932,55.2527
2026-06-01 17:50:04.775,BASELINE,9.5303,81.6875,55.2587
2026-06-01 17:50:04.803,BASELINE,9.5328,81.6823,55.2644
2026-06-01 17:50:04.833,BASELINE,9.5352,81.6776,55.2698
2026-06-01 17:50:04.866,BASELINE,9.5377,81.6735,55.2749
2026-06-01 17:50:04.897,BASELINE,9.54,81.6697,55.2797
2026-06-01 17:50:04.928,BASELINE,9.5423,81.6663,55.2843
2026-06-01 17:50:04.960,BASELINE,9.5446,81.6632,55.2887
2026-06-01 17:50:04.992,BASELINE,9.5469,81.6605,55.2929
2026-06-01 17:50:05.024,BASELINE,9.549,81.658,55.2968
2026-06-01 17:50:05.056,BASELINE,9.5511,81.6558,55.3006
2026-06-01 17:50:05.087,BASELINE,9.5529,81.6538,55.3042
2026-06-01 17:50:05.119,BASELINE,9.5546,81.6611,55.3002
2026-06-01 17:50:05.152,BASELINE,9.5563,81.6676,55.2964
2026-06-01 17:50:05.183,BASELINE,9.558,81.6735,55.2928
2026-06-01 17:50:05.215,BASELINE,9.5596,81.6788,55.2894
2026-06-01 17:50:05.248,BASELINE,9.561,81.6836,55.2861
2026-06-01 17:50:05.268,BASELINE,9.5625,81.6879,55.283
2026-06-01 17:50:05.288,BASELINE,9.5638,81.6917,55.2801
2026-06-01 17:50:05.310,BASELINE,9.5651,81.6952,55.2773
2026-06-01 17:50:05.330,BASELINE,9.5663,81.6983,55.2747
2026-06-01 17:50:05.350,BASELINE,9.5678,81.7012,55.2721
2026-06-01 17:50:05.371,BASELINE,9.5691,81.7037,55.2698
2026-06-01 17:50:05.391,BASELINE,9.5702,81.706,55.2675
2026-06-01 17:50:05.411,BASELINE,9.5712,81.708,55.2653
2026-06-01 17:50:05.433,BASELINE,9.5722,81.7099,55.2633
2026-06-01 17:50:05.456,BASELINE,9.5731,81.7115,55.2613
2026-06-01 17:50:05.473,BASELINE,9.5743,81.713,55.2595
2026-06-01 17:50:05.493,BASELINE,9.5762,81.7144,55.2577
2026-06-01 17:50:05.513,BASELINE,9.5771,81.7156,55.2561
2026-06-01 17:50:05.534,BASELINE,9.578,81.7167,55.2545
2026-06-01 17:50:05.555,BASELINE,9.5788,81.7177,55.253
2026-06-01 17:50:05.576,BASELINE,9.5794,81.7185,55.2515
2026-06-01 17:50:05.598,BASELINE,9.58,81.7193,55.2502
2026-06-01 17:50:05.618,BASELINE,9.5808,81.7168,55.252
2026-06-01 17:50:05.639,BASELINE,9.5815,81.7145,55.2537
2026-06-01 17:50:05.659,BASELINE,9.5823,81.7125,55.2554
2026-06-01 17:50:05.679,BASELINE,9.5829,81.7106,55.2569
2026-06-01 17:50:05.700,BASELINE,9.5834,81.7089,55.2584
2026-06-01 17:50:05.720,BASELINE,9.5842,81.7074,55.2598
2026-06-01 17:50:05.741,BASELINE,9.5851,81.7061,55.2611
2026-06-01 17:50:05.762,BASELINE,9.5858,81.7049,55.2624
2026-06-01 17:50:05.784,BASELINE,9.5864,81.7038,55.2636
2026-06-01 17:50:05.804,BASELINE,9.5871,81.7028,55.2648
2026-06-01 17:50:05.824,BASELINE,9.5876,81.7019,55.2658
2026-06-01 17:50:05.845,BASELINE,9.5882,81.7011,55.2669
2026-06-01 17:50:05.866,BASELINE,9.5888,81.7004,55.2679
2026-06-01 17:50:05.885,BASELINE,9.5893,81.6998,55.2688
2026-06-01 17:50:05.906,BASELINE,9.5898,81.6992,55.2697
2026-06-01 17:50:05.927,BASELINE,9.5903,81.6986,55.2705
2026-06-01 17:50:05.949,BASELINE,9.5907,81.6982,55.2713
2026-06-01 17:50:05.973,BASELINE,9.591,81.6978,55.2721
2026-06-01 17:50:05.990,BASELINE,9.5913,81.6974,55.2728
2026-06-01 17:50:06.011,BASELINE,9.5916,81.697,55.2735
2026-06-01 17:50:06.033,BASELINE,9.5918,81.6967,55.2741
2026-06-01 17:50:06.055,BASELINE,9.5921,81.6964,55.2748
2026-06-01 17:50:06.073,BASELINE,9.5924,81.6962,55.2754
2026-06-01 17:50:06.093,BASELINE,9.5927,81.696,55.2759
2026-06-01 17:50:06.114,BASELINE,9.5932,81.6846,55.2726
2026-06-01 17:50:06.134,BASELINE,9.5935,81.6744,55.2695
2026-06-01 17:50:06.155,BASELINE,9.5939,81.6651,55.2665
2026-06-01 17:50:06.176,BASELINE,9.5941,81.6568,55.2637
2026-06-01 17:50:06.196,BASELINE,9.5946,81.6494,55.261
2026-06-01 17:50:06.217,BASELINE,9.595,81.6427,55.2585
2026-06-01 17:50:06.237,BASELINE,9.5955,81.6366,55.2561
2026-06-01 17:50:06.257,BASELINE,9.5971,81.6312,55.2538
2026-06-01 17:50:06.278,BASELINE,9.5976,81.6263,55.2516
2026-06-01 17:50:06.299,BASELINE,9.5978,81.6219,55.2495
2026-06-01 17:50:06.319,BASELINE,9.5981,81.6179,55.2476
2026-06-01 17:50:06.339,BASELINE,9.5984,81.6143,55.2457
2026-06-01 17:50:06.359,BASELINE,9.5981,81.6111,55.2439
2026-06-01 17:50:06.379,BASELINE,9.5984,81.6082,55.2422
2026-06-01 17:50:06.399,BASELINE,9.5988,81.6056,55.2406
2026-06-01 17:50:06.420,BASELINE,9.5992,81.6033,55.2391
2026-06-01 17:50:06.441,BASELINE,9.5997,81.6012,55.2377
2026-06-01 17:50:06.461,BASELINE,9.6004,81.5993,55.2363
2026-06-01 17:50:06.485,BASELINE,9.6008,81.5976,55.235
2026-06-01 17:50:06.501,BASELINE,9.6013,81.596,55.2337
2026-06-01 17:50:06.522,BASELINE,9.6017,81.5947,55.2326
2026-06-01 17:50:06.542,BASELINE,9.6022,81.5934,55.2314
2026-06-01 17:50:06.562,BASELINE,9.6026,81.5923,55.2304
2026-06-01 17:50:06.583,BASELINE,9.6028,81.5913,55.2294
2026-06-01 17:50:06.604,BASELINE,9.6032,81.5981,55.2462
2026-06-01 17:50:06.626,BASELINE,9.6034,81.6042,55.2622
2026-06-01 17:50:06.646,BASELINE,9.6037,81.6097,55.2774
2026-06-01 17:50:06.666,BASELINE,9.604,81.6147,55.2918
2026-06-01 17:50:06.686,BASELINE,9.6044,81.6191,55.3055
2026-06-01 17:50:06.707,BASELINE,9.6047,81.6231,55.3185
2026-06-01 17:50:06.728,BASELINE,9.6049,81.6267,55.3309
2026-06-01 17:50:06.750,BASELINE,9.6051,81.63,55.3427
2026-06-01 17:50:06.770,BASELINE,9.6053,81.6329,55.3538
2026-06-01 17:50:06.791,BASELINE,9.6056,81.6355,55.3644
2026-06-01 17:50:06.811,BASELINE,9.6055,81.6379,55.3745
2026-06-01 17:50:06.833,BASELINE,9.6057,81.64,55.3841
2026-06-01 17:50:06.853,BASELINE,9.6058,81.642,55.3932
2026-06-01 17:50:06.873,BASELINE,9.6058,81.6437,55.4018
2026-06-01 17:50:06.894,BASELINE,9.606,81.6452,55.41
2026-06-01 17:50:06.915,BASELINE,9.6061,81.6466,55.4178
2026-06-01 17:50:06.935,BASELINE,9.6061,81.6479,55.4252
2026-06-01 17:50:06.955,BASELINE,9.6062,81.649,55.4323
2026-06-01 17:50:06.977,BASELINE,9.6063,81.6501,55.439
2026-06-01 17:50:07.002,BASELINE,9.6063,81.651,55.4453
2026-06-01 17:50:07.018,BASELINE,9.6067,81.6518,55.4514
2026-06-01 17:50:07.043,BASELINE,9.6074,81.6525,55.4571
2026-06-01 17:50:07.075,BASELINE,9.6074,81.6532,55.4625
2026-06-01 17:50:07.107,BASELINE,9.6072,81.6538,55.4677
2026-06-01 17:50:07.138,BASELINE,9.6074,81.6941,55.4899
2026-06-01 17:50:07.169,BASELINE,9.6074,81.7304,55.511
2026-06-01 17:50:07.200,BASELINE,9.6074,81.7631,55.531
2026-06-01 17:50:07.232,BASELINE,9.6075,81.7925,55.5501
2026-06-01 17:50:07.263,BASELINE,9.6077,81.8189,55.5682
2026-06-01 17:50:07.295,BASELINE,9.6078,81.8427,55.5853
2026-06-01 17:50:07.327,BASELINE,9.6078,81.8642,55.6017
2026-06-01 17:50:07.357,BASELINE,9.6078,81.8834,55.6172
2026-06-01 17:50:07.388,BASELINE,9.6078,81.9008,55.6319
2026-06-01 17:50:07.420,BASELINE,9.6075,81.9164,55.6459
2026-06-01 17:50:07.450,BASELINE,9.6074,81.9305,55.6592
2026-06-01 17:50:07.483,BASELINE,9.6075,81.9431,55.6718
2026-06-01 17:50:07.516,BASELINE,9.6077,81.9545,55.6838
2026-06-01 17:50:07.545,BASELINE,9.608,81.9648,55.6952
2026-06-01 17:50:07.577,BASELINE,9.6084,81.974,55.706
2026-06-01 17:50:07.608,BASELINE,9.6085,81.9823,55.7163
2026-06-01 17:50:07.639,BASELINE,9.6088,81.9879,55.7345
2026-06-01 17:50:07.671,BASELINE,9.6087,81.9929,55.7517
2026-06-01 17:50:07.701,BASELINE,9.6087,81.9975,55.7681
2026-06-01 17:50:07.734,BASELINE,9.6083,82.0015,55.7836
2026-06-01 17:50:07.770,BASELINE,9.6082,82.0052,55.7984
2026-06-01 17:50:07.797,BASELINE,9.609,82.0085,55.8124
2026-06-01 17:50:07.829,BASELINE,9.6085,82.0115,55.8258
2026-06-01 17:50:07.860,BASELINE,9.6085,82.0142,55.8385
2026-06-01 17:50:07.892,BASELINE,9.6081,82.0166,55.8505
2026-06-01 17:50:07.925,BASELINE,9.6084,82.0188,55.8619
2026-06-01 17:50:07.954,BASELINE,9.6087,82.0207,55.8728
2026-06-01 17:50:07.986,BASELINE,9.6091,82.0225,55.8831
2026-06-01 17:50:08.017,BASELINE,9.6095,82.024,55.8929
2026-06-01 17:50:08.049,BASELINE,9.6102,82.0255,55.9022
2026-06-01 17:50:08.082,BASELINE,9.6106,82.0268,55.9111
2026-06-01 17:50:08.113,BASELINE,9.6113,82.0279,55.9195
2026-06-01 17:50:08.145,BASELINE,9.6125,82.0668,55.9101
2026-06-01 17:50:08.175,BASELINE,9.613,82.1017,55.9012
2026-06-01 17:50:08.207,BASELINE,9.6137,82.1332,55.8927
2026-06-01 17:50:08.238,BASELINE,9.6144,82.1616,55.8847
2026-06-01 17:50:08.270,BASELINE,9.6154,82.1871,55.8771
2026-06-01 17:50:08.302,BASELINE,9.6163,82.21,55.8698
2026-06-01 17:50:08.333,BASELINE,9.6174,82.2307,55.8629
2026-06-01 17:50:08.366,BASELINE,9.6185,82.2492,55.8564
2026-06-01 17:50:08.398,BASELINE,9.62,82.266,55.8502
2026-06-01 17:50:08.429,BASELINE,9.6213,82.281,55.8443
2026-06-01 17:50:08.459,BASELINE,9.6226,82.2946,55.8387
2026-06-01 17:50:08.491,BASELINE,9.6235,82.3068,55.8333
2026-06-01 17:50:08.522,BASELINE,9.6259,82.3178,55.8283
2026-06-01 17:50:08.556,BASELINE,9.6275,82.3276,55.8235
2026-06-01 17:50:08.586,BASELINE,9.6287,82.3365,55.8189
2026-06-01 17:50:08.618,BASELINE,9.6304,82.3445,55.8294
2026-06-01 17:50:08.650,BASELINE,9.6319,82.3517,55.8395
2026-06-01 17:50:08.682,BASELINE,9.6336,82.3582,55.849
2026-06-01 17:50:08.713,BASELINE,9.6354,82.364,55.8581
2026-06-01 17:50:08.745,BASELINE,9.6374,82.3693,55.8667
2026-06-01 17:50:08.776,BASELINE,9.6391,82.374,55.8748
2026-06-01 17:50:08.807,BASELINE,9.6409,82.3783,55.8826
2026-06-01 17:50:08.839,BASELINE,9.6426,82.3821,55.89
2026-06-01 17:50:08.870,BASELINE,9.6444,82.3855,55.897
2026-06-01 17:50:08.902,BASELINE,9.646,82.3886,55.9036
2026-06-01 17:50:08.933,BASELINE,9.6479,82.3914,55.91
2026-06-01 17:50:08.966,BASELINE,9.6498,82.3939,55.916
2026-06-01 17:50:08.997,BASELINE,9.6517,82.3962,55.9217
2026-06-01 17:50:09.029,BASELINE,9.6535,82.3982,55.9271
2026-06-01 17:50:09.060,BASELINE,9.6553,82.4001,55.9323
2026-06-01 17:50:09.093,BASELINE,9.6572,82.4017,55.9372
2026-06-01 17:50:09.123,BASELINE,9.659,82.3713,55.9596
2026-06-01 17:50:09.156,BASELINE,9.6609,82.3438,55.9808
2026-06-01 17:50:09.188,BASELINE,9.6625,82.3192,56.0011
2026-06-01 17:50:09.219,BASELINE,9.6643,82.2969,56.0203
2026-06-01 17:50:09.250,BASELINE,9.6666,82.277,56.0385
2026-06-01 17:50:09.281,BASELINE,9.6687,82.259,56.0558
2026-06-01 17:50:09.313,BASELINE,9.6706,82.2428,56.0723
2026-06-01 17:50:09.349,BASELINE,9.6728,82.2282,56.0879
2026-06-01 17:50:09.377,BASELINE,9.6752,82.2151,56.1028
2026-06-01 17:50:09.408,BASELINE,9.6776,82.2033,56.1169
2026-06-01 17:50:09.441,BASELINE,9.6801,82.1927,56.1303
2026-06-01 17:50:09.472,BASELINE,9.6828,82.1831,56.1431
2026-06-01 17:50:09.504,BASELINE,9.6853,82.1745,56.1552
2026-06-01 17:50:09.534,BASELINE,9.6882,82.1668,56.1667
2026-06-01 17:50:09.567,BASELINE,9.6911,82.1598,56.1776
2026-06-01 17:50:09.599,BASELINE,9.6938,82.1535,56.188
2026-06-01 17:50:09.631,BASELINE,9.6969,82.1639,56.2096
2026-06-01 17:50:09.664,BASELINE,9.6999,82.1732,56.2301
2026-06-01 17:50:09.694,BASELINE,9.7029,82.1816,56.2496
2026-06-01 17:50:09.726,BASELINE,9.7061,82.1891,56.2681
2026-06-01 17:50:09.758,BASELINE,9.7097,82.1959,56.2857
2026-06-01 17:50:09.789,BASELINE,9.7132,82.202,56.3024
2026-06-01 17:50:09.821,BASELINE,9.7173,82.2075,56.3183
2026-06-01 17:50:09.854,BASELINE,9.7212,82.2125,56.3334
2026-06-01 17:50:09.885,BASELINE,9.7254,82.2169,56.3477
2026-06-01 17:50:09.917,BASELINE,9.7295,82.2209,56.3613
2026-06-01 17:50:09.950,BASELINE,9.7338,82.2245,56.3743
2026-06-01 17:50:09.981,BASELINE,9.7386,82.2278,56.3866
2026-06-01 17:50:10.012,BASELINE,9.7439,82.2307,56.3982
2026-06-01 17:50:10.043,BASELINE,9.7491,82.2333,56.4093
2026-06-01 17:50:10.075,BASELINE,9.7541,82.2357,56.4199
2026-06-01 17:50:10.107,BASELINE,9.7595,82.2378,56.4299
2026-06-01 17:50:10.143,BASELINE,9.7651,82.2397,56.4359
2026-06-01 17:50:10.170,BASELINE,9.7708,82.2415,56.4415
2026-06-01 17:50:10.201,BASELINE,9.7769,82.243,56.4469
2026-06-01 17:50:10.231,BASELINE,9.7826,82.2444,56.4521
2026-06-01 17:50:10.264,BASELINE,9.7887,82.2457,56.4569
2026-06-01 17:50:10.294,BASELINE,9.7947,82.2468,56.4616
2026-06-01 17:50:10.326,BASELINE,9.8006,82.2478,56.466
2026-06-01 17:50:10.359,BASELINE,9.8066,82.2487,56.4701
2026-06-01 17:50:10.389,BASELINE,9.8127,82.2496,56.4741
2026-06-01 17:50:10.421,BASELINE,9.8188,82.2503,56.4779
2026-06-01 17:50:10.454,BASELINE,9.825,82.251,56.4815
2026-06-01 17:50:10.484,BASELINE,9.831,82.2516,56.4849
2026-06-01 17:50:10.516,BASELINE,9.8372,82.2521,56.4881
2026-06-01 17:50:10.548,BASELINE,9.8437,82.2526,56.4912
2026-06-01 17:50:10.581,BASELINE,9.8501,82.2531,56.4941
2026-06-01 17:50:10.612,BASELINE,9.8568,82.2535,56.4969
2026-06-01 17:50:10.643,BASELINE,9.8636,82.2626,56.4986
2026-06-01 17:50:10.675,BASELINE,9.8703,82.2708,56.5002
2026-06-01 17:50:10.706,BASELINE,9.8769,82.2781,56.5017
2026-06-01 17:50:10.737,BASELINE,9.8849,82.2848,56.5031
2026-06-01 17:50:10.768,BASELINE,9.8919,82.2907,56.5045
2026-06-01 17:50:10.799,BASELINE,9.8988,82.2961,56.5058
2026-06-01 17:50:10.830,BASELINE,9.9059,82.301,56.5071
2026-06-01 17:50:10.861,BASELINE,9.913,82.3053,56.5082
2026-06-01 17:50:10.893,BASELINE,9.9202,82.3092,56.5094
2026-06-01 17:50:10.930,BASELINE,9.9274,82.3128,56.5104
2026-06-01 17:50:10.956,BASELINE,9.9345,82.3159,56.5114
2026-06-01 17:50:10.989,BASELINE,9.9417,82.3188,56.5124
2026-06-01 17:50:11.020,BASELINE,9.949,82.3214,56.5133
2026-06-01 17:50:11.051,BASELINE,9.9562,82.3237,56.5142
2026-06-01 17:50:11.083,BASELINE,9.9634,82.3258,56.515
2026-06-01 17:50:11.114,BASELINE,9.9705,82.3276,56.5158
2026-06-01 17:50:11.146,BASELINE,9.9777,82.3161,56.549
2026-06-01 17:50:11.177,BASELINE,9.9848,82.3056,56.5806
2026-06-01 17:50:11.208,BASELINE,9.9919,82.2962,56.6107
2026-06-01 17:50:11.238,BASELINE,9.999,82.2878,56.6392
2026-06-01 17:50:11.270,BASELINE,10.006,82.2802,56.6663
2026-06-01 17:50:11.303,BASELINE,10.0132,82.2734,56.692
2026-06-01 17:50:11.334,BASELINE,10.0201,82.2672,56.7164
2026-06-01 17:50:11.365,BASELINE,10.0272,82.2617,56.7397
2026-06-01 17:50:11.396,BASELINE,10.0341,82.2567,56.7617
2026-06-01 17:50:11.428,BASELINE,10.0412,82.2522,56.7827
2026-06-01 17:50:11.460,BASELINE,10.0482,82.2481,56.8026
2026-06-01 17:50:11.492,BASELINE,10.0551,82.2445,56.8215
2026-06-01 17:50:11.522,BASELINE,10.062,82.2412,56.8395
2026-06-01 17:50:11.553,BASELINE,10.0691,82.2383,56.8565
2026-06-01 17:50:11.585,BASELINE,10.0759,82.2356,56.8728
2026-06-01 17:50:11.616,BASELINE,10.0831,82.2332,56.9048
2026-06-01 17:50:11.648,BASELINE,10.09,82.2311,56.9352
2026-06-01 17:50:11.681,BASELINE,10.0972,82.2292,56.964
2026-06-01 17:50:11.717,BASELINE,10.1039,82.2274,56.9915
2026-06-01 17:50:11.743,BASELINE,10.1106,82.2259,57.0175
2026-06-01 17:50:11.774,BASELINE,10.1173,82.2245,57.0423
2026-06-01 17:50:11.806,BASELINE,10.1238,82.2232,57.0658
2026-06-01 17:50:11.837,BASELINE,10.1304,82.222,57.0882
2026-06-01 17:50:11.868,BASELINE,10.137,82.221,57.1094
2026-06-01 17:50:11.899,BASELINE,10.1436,82.2201,57.1295
2026-06-01 17:50:11.930,BASELINE,10.1501,82.2193,57.1487
2026-06-01 17:50:11.963,BASELINE,10.1565,82.2185,57.1669
2026-06-01 17:50:11.992,BASELINE,10.1625,82.2178,57.1842
2026-06-01 17:50:12.024,BASELINE,10.1688,82.2172,57.2006
2026-06-01 17:50:12.055,BASELINE,10.1752,82.2167,57.2162
2026-06-01 17:50:12.086,BASELINE,10.1815,82.2162,57.2311
2026-06-01 17:50:12.119,BASELINE,10.1878,82.2074,57.2304
2026-06-01 17:50:12.150,BASELINE,10.1942,82.1995,57.2299
2026-06-01 17:50:12.183,BASELINE,10.201,82.1924,57.2293
2026-06-01 17:50:12.215,BASELINE,10.2072,82.186,57.2288
2026-06-01 17:50:12.247,BASELINE,10.2133,82.1803,57.2283
2026-06-01 17:50:12.280,BASELINE,10.2197,82.1751,57.2278
2026-06-01 17:50:12.311,BASELINE,10.2261,82.1704,57.2273
2026-06-01 17:50:12.343,BASELINE,10.2324,82.1662,57.2269
2026-06-01 17:50:12.375,BASELINE,10.2388,82.1625,57.2265
2026-06-01 17:50:12.407,BASELINE,10.2452,82.1591,57.2261
2026-06-01 17:50:12.437,BASELINE,10.2515,82.156,57.2258
2026-06-01 17:50:12.470,BASELINE,10.2575,82.1532,57.2254
2026-06-01 17:50:12.504,BASELINE,10.2635,82.1508,57.2251
2026-06-01 17:50:12.532,BASELINE,10.2695,82.1485,57.2248
2026-06-01 17:50:12.565,BASELINE,10.2755,82.1465,57.2245
2026-06-01 17:50:12.597,BASELINE,10.2815,82.1447,57.2242
2026-06-01 17:50:12.629,BASELINE,10.2873,82.1346,57.2237
2026-06-01 17:50:12.660,BASELINE,10.2929,82.1255,57.2232
2026-06-01 17:50:12.692,BASELINE,10.2984,82.1173,57.2227
2026-06-01 17:50:12.724,BASELINE,10.304,82.1099,57.2223
2026-06-01 17:50:12.756,BASELINE,10.3095,82.1033,57.2219
2026-06-01 17:50:12.786,BASELINE,10.3148,82.0973,57.2215
2026-06-01 17:50:12.819,BASELINE,10.3201,82.0919,57.2211
2026-06-01 17:50:12.850,BASELINE,10.3253,82.0871,57.2207
2026-06-01 17:50:12.882,BASELINE,10.3303,82.0827,57.2204
2026-06-01 17:50:12.914,BASELINE,10.3364,82.0788,57.2201
2026-06-01 17:50:12.945,BASELINE,10.3411,82.0753,57.2198
2026-06-01 17:50:12.976,BASELINE,10.3458,82.0721,57.2195
2026-06-01 17:50:13.007,BASELINE,10.3502,82.0693,57.2192
2026-06-01 17:50:13.038,BASELINE,10.3551,82.0667,57.2189
2026-06-01 17:50:13.070,BASELINE,10.3595,82.0644,57.2187
2026-06-01 17:50:13.101,BASELINE,10.364,82.0623,57.2184
2026-06-01 17:50:13.134,BASELINE,10.3685,82.0565,57.2339
2026-06-01 17:50:13.165,BASELINE,10.3728,82.0513,57.2485
2026-06-01 17:50:13.196,BASELINE,10.377,82.0466,57.2624
2026-06-01 17:50:13.229,BASELINE,10.381,82.0424,57.2757
2026-06-01 17:50:13.260,BASELINE,10.3847,82.0386,57.2882
2026-06-01 17:50:13.296,BASELINE,10.3884,82.0352,57.3002
2026-06-01 17:50:13.323,BASELINE,10.3919,82.0321,57.3115
2026-06-01 17:50:13.355,BASELINE,10.3952,82.0293,57.3223
2026-06-01 17:50:13.387,BASELINE,10.3982,82.0268,57.3325
2026-06-01 17:50:13.419,BASELINE,10.4011,82.0246,57.3422
2026-06-01 17:50:13.450,BASELINE,10.404,82.0226,57.3515
2026-06-01 17:50:13.481,BASELINE,10.4068,82.0208,57.3602
2026-06-01 17:50:13.513,BASELINE,10.4097,82.0191,57.3686
2026-06-01 17:50:13.546,BASELINE,10.4125,82.0176,57.3765
2026-06-01 17:50:13.577,BASELINE,10.415,82.0163,57.384
2026-06-01 17:50:13.608,BASELINE,10.4177,82.0151,57.3912
2026-06-01 17:50:13.639,BASELINE,10.4206,82.0107,57.3951
2026-06-01 17:50:13.670,BASELINE,10.4235,82.0067,57.3988
2026-06-01 17:50:13.702,BASELINE,10.4257,82.0031,57.4023
2026-06-01 17:50:13.733,BASELINE,10.4278,81.9998,57.4057
2026-06-01 17:50:13.764,BASELINE,10.4298,81.9969,57.4089
2026-06-01 17:50:13.797,BASELINE,10.4319,81.9942,57.4119
2026-06-01 17:50:13.830,BASELINE,10.4339,81.9919,57.4148
2026-06-01 17:50:13.859,BASELINE,10.4361,81.9897,57.4175
2026-06-01 17:50:13.891,BASELINE,10.438,81.9878,57.4202
2026-06-01 17:50:13.923,BASELINE,10.4399,81.9861,57.4226
2026-06-01 17:50:13.954,BASELINE,10.4416,81.9845,57.425
2026-06-01 17:50:13.986,BASELINE,10.443,81.9831,57.4272
2026-06-01 17:50:14.018,BASELINE,10.4445,81.9819,57.4293
2026-06-01 17:50:14.048,BASELINE,10.4458,81.9808,57.4313
2026-06-01 17:50:14.084,BASELINE,10.447,81.9797,57.4332
2026-06-01 17:50:14.113,BASELINE,10.4485,81.9788,57.4351
2026-06-01 17:50:14.143,BASELINE,10.4499,81.9678,57.419
2026-06-01 17:50:14.174,BASELINE,10.4512,81.9579,57.4038
2026-06-01 17:50:14.206,BASELINE,10.4524,81.949,57.3893
2026-06-01 17:50:14.237,BASELINE,10.4537,81.9409,57.3755
2026-06-01 17:50:14.270,BASELINE,10.4549,81.9337,57.3625
2026-06-01 17:50:14.300,BASELINE,10.456,81.9272,57.35
2026-06-01 17:50:14.333,BASELINE,10.4567,81.9213,57.3382
2026-06-01 17:50:14.365,BASELINE,10.4576,81.9161,57.327
2026-06-01 17:50:14.397,BASELINE,10.4593,81.9113,57.3164
2026-06-01 17:50:14.429,BASELINE,10.46,81.9071,57.3063
2026-06-01 17:50:14.461,BASELINE,10.4608,81.9032,57.2967
2026-06-01 17:50:14.492,BASELINE,10.4615,81.8998,57.2875
2026-06-01 17:50:14.523,BASELINE,10.4619,81.8967,57.2789
2026-06-01 17:50:14.555,BASELINE,10.4624,81.8939,57.2706
2026-06-01 17:50:14.588,BASELINE,10.4631,81.8913,57.2628
2026-06-01 17:50:14.619,BASELINE,10.4638,81.8744,57.2705
2026-06-01 17:50:14.652,BASELINE,10.4645,81.8592,57.2779
2026-06-01 17:50:14.682,BASELINE,10.4652,81.8455,57.2849
2026-06-01 17:50:14.714,BASELINE,10.4659,81.8331,57.2915
2026-06-01 17:50:14.747,BASELINE,10.4664,81.822,57.2978
2026-06-01 17:50:14.779,BASELINE,10.467,81.812,57.3037
2026-06-01 17:50:14.810,BASELINE,10.4672,81.803,57.3094
2026-06-01 17:50:14.842,BASELINE,10.4677,81.7949,57.3148
2026-06-01 17:50:14.877,BASELINE,10.4682,81.7876,57.3199
2026-06-01 17:50:14.905,BASELINE,10.4686,81.7811,57.3248
2026-06-01 17:50:14.937,BASELINE,10.4689,81.7752,57.3294
2026-06-01 17:50:14.968,BASELINE,10.4691,81.7699,57.3338
2026-06-01 17:50:14.999,BASELINE,10.4695,81.7651,57.338
2026-06-01 17:50:15.031,BASELINE,10.4697,81.7608,57.342
2026-06-01 17:50:15.063,BASELINE,10.4699,81.7569,57.3457
2026-06-01 17:50:15.095,BASELINE,10.47,81.7534,57.3493
2026-06-01 17:50:15.128,BASELINE,10.47,81.7457,57.3418
2026-06-01 17:50:15.159,BASELINE,10.4709,81.7388,57.3347
2026-06-01 17:50:15.191,BASELINE,10.4707,81.7325,57.3279
2026-06-01 17:50:15.222,BASELINE,10.4703,81.7269,57.3215
2026-06-01 17:50:15.253,BASELINE,10.4699,81.7219,57.3154
2026-06-01 17:50:15.285,BASELINE,10.4698,81.7173,57.3096
2026-06-01 17:50:15.318,BASELINE,10.4697,81.7133,57.304
2026-06-01 17:50:15.349,BASELINE,10.4695,81.7096,57.2988
2026-06-01 17:50:15.381,BASELINE,10.47,81.7063,57.2938
2026-06-01 17:50:15.413,BASELINE,10.4703,81.7033,57.2891
2026-06-01 17:50:15.445,BASELINE,10.4705,81.7006,57.2846
2026-06-01 17:50:15.476,BASELINE,10.4707,81.6982,57.2803
2026-06-01 17:50:15.508,BASELINE,10.4708,81.696,57.2763
2026-06-01 17:50:15.539,BASELINE,10.4707,81.694,57.2724
2026-06-01 17:50:15.570,BASELINE,10.4708,81.6923,57.2688
2026-06-01 17:50:15.601,BASELINE,10.4709,81.6907,57.2653
2026-06-01 17:50:15.632,BASELINE,10.4711,81.6682,57.2531
2026-06-01 17:50:15.668,BASELINE,10.4714,81.6479,57.2416
2026-06-01 17:50:15.696,BASELINE,10.4717,81.6297,57.2306
2026-06-01 17:50:15.728,BASELINE,10.4718,81.6132,57.2201
2026-06-01 17:50:15.759,BASELINE,10.4721,81.5985,57.2102
2026-06-01 17:50:15.789,BASELINE,10.4723,81.5852,57.2008
2026-06-01 17:50:15.822,BASELINE,10.4726,81.5732,57.1919
2026-06-01 17:50:15.853,BASELINE,10.4727,81.5624,57.1834
2026-06-01 17:50:15.885,BASELINE,10.4728,81.5527,57.1753
2026-06-01 17:50:15.918,BASELINE,10.4736,81.544,57.1676
2026-06-01 17:50:15.948,BASELINE,10.4737,81.5361,57.1603
2026-06-01 17:50:15.981,BASELINE,10.4739,81.5291,57.1534
2026-06-01 17:50:16.012,BASELINE,10.4741,81.5227,57.1469
2026-06-01 17:50:16.044,BASELINE,10.4743,81.517,57.1406
2026-06-01 17:50:16.075,BASELINE,10.4745,81.5118,57.1347
2026-06-01 17:50:16.106,BASELINE,10.4749,81.5072,57.129
2026-06-01 17:50:16.138,BASELINE,10.4756,81.4961,57.1237
2026-06-01 17:50:16.168,BASELINE,10.4762,81.4862,57.1186
2026-06-01 17:50:16.200,BASELINE,10.4765,81.4772,57.1138
2026-06-01 17:50:16.233,BASELINE,10.4769,81.4691,57.1092
2026-06-01 17:50:16.265,BASELINE,10.4769,81.4619,57.1048
2026-06-01 17:50:16.295,BASELINE,10.4769,81.4553,57.1007
2026-06-01 17:50:16.329,BASELINE,10.477,81.4495,57.0967
2026-06-01 17:50:16.360,BASELINE,10.477,81.4442,57.093
2026-06-01 17:50:16.392,BASELINE,10.4771,81.4394,57.0894
2026-06-01 17:50:16.423,BASELINE,10.4775,81.4351,57.0861
2026-06-01 17:50:16.458,BASELINE,10.4779,81.4313,57.0828
2026-06-01 17:50:16.486,BASELINE,10.4779,81.4278,57.0798
2026-06-01 17:50:16.518,BASELINE,10.4776,81.4247,57.0769
2026-06-01 17:50:16.549,BASELINE,10.476,81.4218,57.0742
2026-06-01 17:50:16.581,BASELINE,10.4715,81.4193,57.0715
2026-06-01 17:50:16.612,BASELINE,10.4641,81.417,57.0691
2026-06-01 17:50:16.645,BASELINE,10.4542,81.411,57.0624
2026-06-01 17:50:16.676,BASELINE,10.4427,81.4055,57.0561
2026-06-01 17:50:16.707,BASELINE,10.4293,81.4006,57.0502
2026-06-01 17:50:16.739,BASELINE,10.4159,81.3962,57.0445
2026-06-01 17:50:16.771,BASELINE,10.4041,81.3922,57.0391
2026-06-01 17:50:16.802,BASELINE,10.3951,81.3886,57.0339
2026-06-01 17:50:16.835,BASELINE,10.3898,81.3854,57.0291
2026-06-01 17:50:16.867,BASELINE,10.3878,81.3825,57.0244
2026-06-01 17:50:16.897,BASELINE,10.3882,81.3799,57.02
2026-06-01 17:50:16.929,BASELINE,10.3903,81.3775,57.0159
2026-06-01 17:50:16.962,BASELINE,10.3939,81.3754,57.0119
2026-06-01 17:50:16.993,BASELINE,10.3988,81.3735,57.0081
2026-06-01 17:50:17.025,BASELINE,10.4043,81.3718,57.0045
2026-06-01 17:50:17.057,BASELINE,10.4101,81.3703,57.0011
2026-06-01 17:50:17.088,BASELINE,10.4164,81.3689,56.9979
2026-06-01 17:50:17.119,BASELINE,10.4228,81.3674,56.9546
2026-06-01 17:50:17.152,BASELINE,10.4295,81.366,56.9134
2026-06-01 17:50:17.183,BASELINE,10.436,81.3648,56.8744
2026-06-01 17:50:17.214,BASELINE,10.4423,81.3636,56.8372
2026-06-01 17:50:17.249,BASELINE,10.4485,81.3626,56.8019
2026-06-01 17:50:17.279,BASELINE,10.4547,81.3617,56.7684
2026-06-01 17:50:17.312,BASELINE,10.4606,81.3609,56.7366
2026-06-01 17:50:17.343,BASELINE,10.4663,81.3602,56.7063
2026-06-01 17:50:17.374,BASELINE,10.4716,81.3595,56.6776
2026-06-01 17:50:17.406,BASELINE,10.4776,81.359,56.6503
2026-06-01 17:50:17.437,BASELINE,10.4825,81.3584,56.6244
2026-06-01 17:50:17.467,BASELINE,10.4871,81.3579,56.5997
2026-06-01 17:50:17.499,BASELINE,10.4919,81.3575,56.5763
2026-06-01 17:50:17.532,BASELINE,10.4964,81.3571,56.5541
2026-06-01 17:50:17.564,BASELINE,10.5007,81.3568,56.533
2026-06-01 17:50:17.596,BASELINE,10.5051,81.3565,56.5129
2026-06-01 17:50:17.626,BASELINE,10.5095,81.3738,56.4938
2026-06-01 17:50:17.657,BASELINE,10.5138,81.3894,56.4756
2026-06-01 17:50:17.686,BASELINE,10.5177,81.4035,56.4583
2026-06-01 17:50:17.719,BASELINE,10.5216,81.4161,56.4419
2026-06-01 17:50:17.750,BASELINE,10.525,81.4275,56.4263
2026-06-01 17:50:17.782,BASELINE,10.5287,81.4377,56.4115
2026-06-01 17:50:17.813,BASELINE,10.532,81.4469,56.3974
2026-06-01 17:50:17.845,BASELINE,10.5354,81.4552,56.384
2026-06-01 17:50:17.877,BASELINE,10.5385,81.4627,56.3713
2026-06-01 17:50:17.910,BASELINE,10.5416,81.4694,56.3593
2026-06-01 17:50:17.941,BASELINE,10.5446,81.4755,56.3478
2026-06-01 17:50:17.973,BASELINE,10.5477,81.4809,56.3369
2026-06-01 17:50:18.005,BASELINE,10.5508,81.4858,56.3266
2026-06-01 17:50:18.038,BASELINE,10.5536,81.4902,56.3168
2026-06-01 17:50:18.067,BASELINE,10.5565,81.4942,56.3074
2026-06-01 17:50:18.099,BASELINE,10.56,81.4978,56.2985
2026-06-01 17:50:18.129,BASELINE,10.5631,81.5001,56.272
2026-06-01 17:50:18.162,BASELINE,10.566,81.5022,56.2467
2026-06-01 17:50:18.193,BASELINE,10.5691,81.5042,56.2227
2026-06-01 17:50:18.223,BASELINE,10.5722,81.5059,56.2
2026-06-01 17:50:18.256,BASELINE,10.5753,81.5074,56.1783
2026-06-01 17:50:18.286,BASELINE,10.5784,81.5088,56.1577
2026-06-01 17:50:18.318,BASELINE,10.5816,81.5101,56.1382
2026-06-01 17:50:18.350,BASELINE,10.5844,81.5112,56.1197
2026-06-01 17:50:18.380,BASELINE,10.587,81.5122,56.102
2026-06-01 17:50:18.413,BASELINE,10.5893,81.5132,56.0853
2026-06-01 17:50:18.445,BASELINE,10.5916,81.514,56.0694
2026-06-01 17:50:18.476,BASELINE,10.5938,81.5147,56.0542
2026-06-01 17:50:18.507,BASELINE,10.5961,81.5154,56.0399
2026-06-01 17:50:18.539,BASELINE,10.5983,81.516,56.0262
2026-06-01 17:50:18.571,BASELINE,10.6004,81.5165,56.0133
2026-06-01 17:50:18.603,BASELINE,10.6026,81.517,56.001
2026-06-01 17:50:18.635,BASELINE,10.6047,81.5399,55.9778
2026-06-01 17:50:18.667,BASELINE,10.6068,81.5604,55.9557
2026-06-01 17:50:18.699,BASELINE,10.6087,81.5789,55.9348
2026-06-01 17:50:18.731,BASELINE,10.6108,81.5956,55.9149
2026-06-01 17:50:18.763,BASELINE,10.6129,81.6105,55.896
2026-06-01 17:50:18.794,BASELINE,10.6149,81.624,55.8781
2026-06-01 17:50:18.831,BASELINE,10.6169,81.6362,55.861
2026-06-01 17:50:18.856,BASELINE,10.6187,81.6471,55.8448
2026-06-01 17:50:18.888,BASELINE,10.6205,81.6569,55.8294
2026-06-01 17:50:18.918,BASELINE,10.6221,81.6658,55.8148
2026-06-01 17:50:18.950,BASELINE,10.624,81.6737,55.8009
2026-06-01 17:50:18.983,BASELINE,10.6258,81.6809,55.7877
2026-06-01 17:50:19.015,BASELINE,10.6277,81.6873,55.7752
2026-06-01 17:50:19.047,BASELINE,10.6297,81.6931,55.7633
2026-06-01 17:50:19.079,BASELINE,10.6313,81.6984,55.752
2026-06-01 17:50:19.110,BASELINE,10.6329,81.7031,55.7412
2026-06-01 17:50:19.141,BASELINE,10.6346,81.7296,55.7144
2026-06-01 17:50:19.173,BASELINE,10.6363,81.7535,55.6889
2026-06-01 17:50:19.205,BASELINE,10.6381,81.775,55.6647
2026-06-01 17:50:19.236,BASELINE,10.6398,81.7944,55.6416
2026-06-01 17:50:19.269,BASELINE,10.6415,81.8118,55.6198
2026-06-01 17:50:19.301,BASELINE,10.6429,81.8274,55.599
2026-06-01 17:50:19.331,BASELINE,10.6444,81.8415,55.5793
2026-06-01 17:50:19.362,BASELINE,10.6459,81.8542,55.5605
2026-06-01 17:50:19.394,BASELINE,10.6474,81.8657,55.5427
2026-06-01 17:50:19.425,BASELINE,10.65,81.876,55.5258
2026-06-01 17:50:19.456,BASELINE,10.6512,81.8852,55.5097
2026-06-01 17:50:19.487,BASELINE,10.6526,81.8935,55.4944
2026-06-01 17:50:19.520,BASELINE,10.6542,81.901,55.4799
2026-06-01 17:50:19.552,BASELINE,10.6556,81.9078,55.4662
2026-06-01 17:50:19.583,BASELINE,10.657,81.9138,55.4531
2026-06-01 17:50:19.618,BASELINE,10.6587,81.9193,55.4406
2026-06-01 17:50:19.646,BASELINE,10.6598,81.9259,55.446
2026-06-01 17:50:19.678,BASELINE,10.6614,81.9319,55.4511
2026-06-01 17:50:19.710,BASELINE,10.6626,81.9372,55.456
2026-06-01 17:50:19.742,BASELINE,10.6639,81.9421,55.4606
2026-06-01 17:50:19.774,BASELINE,10.665,81.9464,55.465
2026-06-01 17:50:19.805,BASELINE,10.6658,81.9503,55.4691
2026-06-01 17:50:19.836,BASELINE,10.6668,81.9538,55.4731
2026-06-01 17:50:19.868,BASELINE,10.6677,81.957,55.4768
2026-06-01 17:50:19.900,BASELINE,10.6686,81.9598,55.4804
2026-06-01 17:50:19.933,BASELINE,10.6696,81.9624,55.4838
2026-06-01 17:50:19.965,BASELINE,10.6704,81.9647,55.487
2026-06-01 17:50:19.996,BASELINE,10.6714,81.9668,55.4901
2026-06-01 17:50:20.027,BASELINE,10.6722,81.9686,55.493
2026-06-01 17:50:20.059,BASELINE,10.6728,81.9703,55.4957
2026-06-01 17:50:20.089,BASELINE,10.6736,81.9718,55.4984
2026-06-01 17:50:20.121,BASELINE,10.6749,81.9853,55.4742
2026-06-01 17:50:20.152,BASELINE,10.6754,81.9974,55.4512
2026-06-01 17:50:20.183,BASELINE,10.6759,82.0083,55.4294
2026-06-01 17:50:20.216,BASELINE,10.6763,82.0182,55.4087
2026-06-01 17:50:20.247,BASELINE,10.6767,82.027,55.389
2026-06-01 17:50:20.279,BASELINE,10.6771,82.035,55.3703
2026-06-01 17:50:20.312,BASELINE,10.6776,82.0421,55.3525
2026-06-01 17:50:20.343,BASELINE,10.6781,82.0486,55.3356
2026-06-01 17:50:20.375,BASELINE,10.6786,82.0544,55.3196
2026-06-01 17:50:20.411,BASELINE,10.6789,82.0596,55.3044
2026-06-01 17:50:20.436,BASELINE,10.6793,82.0643,55.2899
2026-06-01 17:50:20.468,BASELINE,10.6795,82.0685,55.2761
2026-06-01 17:50:20.498,BASELINE,10.6796,82.0723,55.2631
2026-06-01 17:50:20.530,BASELINE,10.6797,82.0757,55.2507
2026-06-01 17:50:20.562,BASELINE,10.6798,82.0788,55.2389
2026-06-01 17:50:20.595,BASELINE,10.6797,82.0816,55.2277
2026-06-01 17:50:20.627,BASELINE,10.6797,82.0883,55.2073
2026-06-01 17:50:20.657,BASELINE,10.6798,82.0943,55.188
2026-06-01 17:50:20.688,LIVE,10.6797,82.0997,55.1696
2026-06-01 17:50:20.721,LIVE,10.6798,82.1045,55.1521
2026-06-01 17:50:20.751,LIVE,10.6798,82.1089,55.1355
2026-06-01 17:50:20.782,LIVE,10.6798,82.1128,55.1198
2026-06-01 17:50:20.812,LIVE,10.6798,82.1164,55.1048
2026-06-01 17:50:20.845,LIVE,10.6804,82.1196,55.0906
2026-06-01 17:50:20.876,LIVE,10.6802,82.1224,55.0771
2026-06-01 17:50:20.908,LIVE,10.6799,82.125,55.0642
2026-06-01 17:50:20.939,LIVE,10.6795,82.1274,55.052
2026-06-01 17:50:20.972,LIVE,10.6792,82.1294,55.0405
2026-06-01 17:50:21.003,LIVE,10.6788,82.1313,55.0294
2026-06-01 17:50:21.035,LIVE,10.6785,82.133,55.019
2026-06-01 17:50:21.066,LIVE,10.6783,82.1345,55.0091
2026-06-01 17:50:21.099,LIVE,10.6782,82.1359,54.9996
2026-06-01 17:50:21.131,LIVE,10.6778,82.1196,55.0077
2026-06-01 17:50:21.162,LIVE,10.6775,82.1048,55.0155
2026-06-01 17:50:21.198,LIVE,10.6772,82.0916,55.0228
2026-06-01 17:50:21.226,LIVE,10.6768,82.0796,55.0297
2026-06-01 17:50:21.258,LIVE,10.6765,82.0689,55.0363
2026-06-01 17:50:21.289,LIVE,10.6762,82.0592,55.0426
2026-06-01 17:50:21.320,LIVE,10.676,82.0505,55.0486
2026-06-01 17:50:21.353,LIVE,10.6756,82.0427,55.0543
2026-06-01 17:50:21.385,LIVE,10.6749,82.0357,55.0596
2026-06-01 17:50:21.415,LIVE,10.6746,82.0293,55.0648
2026-06-01 17:50:21.445,LIVE,10.6742,82.0236,55.0696
2026-06-01 17:50:21.476,LIVE,10.6739,82.0185,55.0742
2026-06-01 17:50:21.508,LIVE,10.6733,82.0139,55.0786
2026-06-01 17:50:21.540,LIVE,10.6729,82.0097,55.0828
2026-06-01 17:50:21.572,LIVE,10.6725,82.006,55.0867
2026-06-01 17:50:21.604,LIVE,10.6716,82.0026,55.0905
2026-06-01 17:50:21.636,LIVE,10.6715,81.98,55.1319
2026-06-01 17:50:21.667,LIVE,10.6707,81.9597,55.1712
2026-06-01 17:50:21.698,LIVE,10.6699,81.9414,55.2085
2026-06-01 17:50:21.729,LIVE,10.6691,81.9249,55.244
2026-06-01 17:50:21.760,LIVE,10.6683,81.9101,55.2777
2026-06-01 17:50:21.793,LIVE,10.6677,81.8968,55.3097
2026-06-01 17:50:21.826,LIVE,10.6671,81.8848,55.3402
2026-06-01 17:50:21.857,LIVE,10.6665,81.874,55.3691
2026-06-01 17:50:21.888,LIVE,10.6661,81.8643,55.3965
2026-06-01 17:50:21.919,LIVE,10.6656,81.8555,55.4226
2026-06-01 17:50:21.951,LIVE,10.6651,81.8477,55.4474
2026-06-01 17:50:21.987,LIVE,10.6644,81.8406,55.4709
2026-06-01 17:50:22.015,LIVE,10.6639,81.8342,55.4933
2026-06-01 17:50:22.046,LIVE,10.6632,81.8285,55.5145
2026-06-01 17:50:22.078,LIVE,10.6625,81.8233,55.5347
2026-06-01 17:50:22.109,LIVE,10.6619,81.8186,55.5539
2026-06-01 17:50:22.142,LIVE,10.6613,81.7906,55.5549
2026-06-01 17:50:22.173,LIVE,10.6604,81.7654,55.5559
2026-06-01 17:50:22.204,LIVE,10.6596,81.7427,55.5568
2026-06-01 17:50:22.236,LIVE,10.6591,81.7223,55.5577
2026-06-01 17:50:22.268,LIVE,10.6586,81.7039,55.5586
2026-06-01 17:50:22.299,LIVE,10.6581,81.6873,55.5594
2026-06-01 17:50:22.330,LIVE,10.6576,81.6724,55.5601
2026-06-01 17:50:22.363,LIVE,10.6568,81.659,55.5609
2026-06-01 17:50:22.394,LIVE,10.6558,81.647,55.5616
2026-06-01 17:50:22.427,LIVE,10.655,81.6361,55.5622
2026-06-01 17:50:22.459,LIVE,10.655,81.6263,55.5628
2026-06-01 17:50:22.489,LIVE,10.654,81.6175,55.5634
2026-06-01 17:50:22.521,LIVE,10.6527,81.6096,55.564
2026-06-01 17:50:22.552,LIVE,10.6517,81.6025,55.5645
2026-06-01 17:50:22.585,LIVE,10.6502,81.5961,55.565
2026-06-01 17:50:22.615,LIVE,10.6491,81.5903,55.5655
2026-06-01 17:50:22.647,LIVE,10.6481,81.5912,55.5832
2026-06-01 17:50:22.680,LIVE,10.6474,81.592,55.6001
2026-06-01 17:50:22.712,LIVE,10.6463,81.5927,55.6161
2026-06-01 17:50:22.743,LIVE,10.6454,81.5934,55.6313
2026-06-01 17:50:22.779,LIVE,10.6443,81.594,55.6457
2026-06-01 17:50:22.806,LIVE,10.643,81.5945,55.6594
2026-06-01 17:50:22.838,LIVE,10.6419,81.595,55.6724
2026-06-01 17:50:22.869,LIVE,10.6407,81.5954,55.6848
2026-06-01 17:50:22.902,LIVE,10.639,81.5958,55.6966
2026-06-01 17:50:22.933,LIVE,10.6377,81.5962,55.7077
2026-06-01 17:50:22.966,LIVE,10.6364,81.5965,55.7183
2026-06-01 17:50:22.996,LIVE,10.6348,81.5968,55.7284
2026-06-01 17:50:23.029,LIVE,10.633,81.597,55.738
2026-06-01 17:50:23.060,LIVE,10.6312,81.5973,55.7471
2026-06-01 17:50:23.092,LIVE,10.6294,81.5975,55.7557
2026-06-01 17:50:23.125,LIVE,10.6275,81.5875,55.7689
2026-06-01 17:50:23.156,LIVE,10.6251,81.5784,55.7814
2026-06-01 17:50:23.187,LIVE,10.622,81.5703,55.7933
2026-06-01 17:50:23.220,LIVE,10.6196,81.563,55.8046
2026-06-01 17:50:23.252,LIVE,10.6154,81.5565,55.8154
2026-06-01 17:50:23.283,LIVE,10.6106,81.5506,55.8256
2026-06-01 17:50:23.316,LIVE,10.6051,81.5453,55.8353
2026-06-01 17:50:23.348,LIVE,10.5995,81.5405,55.8445
2026-06-01 17:50:23.380,LIVE,10.594,81.5362,55.8532
2026-06-01 17:50:23.411,LIVE,10.5885,81.5323,55.8615
2026-06-01 17:50:23.442,LIVE,10.5829,81.5288,55.8694
2026-06-01 17:50:23.475,LIVE,10.5772,81.5257,55.8769
2026-06-01 17:50:23.506,LIVE,10.5704,81.5228,55.8841
2026-06-01 17:50:23.537,LIVE,10.5634,81.5203,55.8908
2026-06-01 17:50:23.574,LIVE,10.5562,81.518,55.8973
2026-06-01 17:50:23.601,LIVE,10.5486,81.5159,55.9034
2026-06-01 17:50:23.633,LIVE,10.5407,81.5054,55.9328
2026-06-01 17:50:23.665,LIVE,10.5328,81.4959,55.9608
2026-06-01 17:50:23.697,LIVE,10.5251,81.4873,55.9874
2026-06-01 17:50:23.729,LIVE,10.5175,81.4796,56.0126
2026-06-01 17:50:23.762,LIVE,10.5096,81.4727,56.0366
2026-06-01 17:50:23.792,LIVE,10.5023,81.4665,56.0594
2026-06-01 17:50:23.824,LIVE,10.4953,81.4609,56.081
2026-06-01 17:50:23.856,LIVE,10.4883,81.4558,56.1016
2026-06-01 17:50:23.887,LIVE,10.4816,81.4513,56.1211
2026-06-01 17:50:23.919,LIVE,10.4753,81.4472,56.1397
2026-06-01 17:50:23.951,LIVE,10.4691,81.4435,56.1573
2026-06-01 17:50:23.982,LIVE,10.4633,81.4402,56.174
2026-06-01 17:50:24.014,LIVE,10.4577,81.4372,56.19
2026-06-01 17:50:24.046,LIVE,10.4522,81.4345,56.2051
2026-06-01 17:50:24.078,LIVE,10.447,81.4321,56.2194
2026-06-01 17:50:24.109,LIVE,10.4421,81.43,56.2331
2026-06-01 17:50:24.141,LIVE,10.4373,81.4167,56.246
2026-06-01 17:50:24.172,LIVE,10.4332,81.4047,56.2583
2026-06-01 17:50:24.204,LIVE,10.4293,81.3939,56.27
2026-06-01 17:50:24.236,LIVE,10.4258,81.3842,56.2811
2026-06-01 17:50:24.266,LIVE,10.4225,81.3755,56.2917
2026-06-01 17:50:24.298,LIVE,10.4193,81.3676,56.3017
2026-06-01 17:50:24.330,LIVE,10.4162,81.3605,56.3113
2026-06-01 17:50:24.363,LIVE,10.4129,81.3542,56.3203
2026-06-01 17:50:24.393,LIVE,10.4098,81.3484,56.3289
2026-06-01 17:50:24.426,LIVE,10.407,81.3433,56.3371
2026-06-01 17:50:24.456,LIVE,10.4041,81.3387,56.3448
2026-06-01 17:50:24.487,LIVE,10.4012,81.3345,56.3522
2026-06-01 17:50:24.519,LIVE,10.3983,81.3307,56.3592
2026-06-01 17:50:24.550,LIVE,10.3958,81.3273,56.3659
2026-06-01 17:50:24.581,LIVE,10.3933,81.3243,56.3722
2026-06-01 17:50:24.612,LIVE,10.3909,81.3216,56.3782
2026-06-01 17:50:24.644,LIVE,10.3885,81.2786,56.4742
2026-06-01 17:50:24.674,LIVE,10.3861,81.2399,56.5655
2026-06-01 17:50:24.707,LIVE,10.3839,81.2051,56.6521
2026-06-01 17:50:24.739,LIVE,10.3816,81.1738,56.7345
2026-06-01 17:50:24.771,LIVE,10.3804,81.1456,56.8127
2026-06-01 17:50:24.802,LIVE,10.3783,81.1202,56.887
2026-06-01 17:50:24.833,LIVE,10.3762,81.0974,56.9576
2026-06-01 17:50:24.865,LIVE,10.3742,81.0768,57.0247
2026-06-01 17:50:24.896,LIVE,10.3722,81.0583,57.0884
2026-06-01 17:50:24.929,LIVE,10.3702,81.0417,57.1489
2026-06-01 17:50:24.960,LIVE,10.3681,81.0267,57.2064
2026-06-01 17:50:24.992,LIVE,10.3666,81.0132,57.2611
2026-06-01 17:50:25.024,LIVE,10.3651,81.0011,57.313
2026-06-01 17:50:25.057,LIVE,10.3637,80.9902,57.3623
2026-06-01 17:50:25.089,LIVE,10.3621,80.9803,57.4091
2026-06-01 17:50:25.118,LIVE,10.3604,80.9805,57.5388
2026-06-01 17:50:25.153,LIVE,10.3588,80.9807,57.6619
2026-06-01 17:50:25.181,LIVE,10.3574,80.9809,57.779
2026-06-01 17:50:25.213,LIVE,10.3559,80.981,57.8901
2026-06-01 17:50:25.245,LIVE,10.3546,80.9812,57.9957
2026-06-01 17:50:25.278,LIVE,10.3533,80.9813,58.0961
2026-06-01 17:50:25.310,LIVE,10.352,80.9814,58.1914
2026-06-01 17:50:25.342,LIVE,10.3506,80.9815,58.2819
2026-06-01 17:50:25.374,LIVE,10.3493,80.9816,58.3679
2026-06-01 17:50:25.406,LIVE,10.3483,80.9816,58.4497
2026-06-01 17:50:25.437,LIVE,10.3472,80.9817,58.5273
2026-06-01 17:50:25.469,LIVE,10.3463,80.9818,58.601
2026-06-01 17:50:25.500,LIVE,10.3454,80.9818,58.6711
2026-06-01 17:50:25.531,LIVE,10.3458,80.9819,58.7377
2026-06-01 17:50:25.562,LIVE,10.3454,80.9819,58.8009
2026-06-01 17:50:25.595,LIVE,10.345,80.982,58.861
2026-06-01 17:50:25.626,LIVE,10.3443,80.9654,58.918
2026-06-01 17:50:25.658,LIVE,10.3438,80.9505,58.9722
2026-06-01 17:50:25.689,LIVE,10.3434,80.9371,59.0237
2026-06-01 17:50:25.720,LIVE,10.3431,80.925,59.0727
2026-06-01 17:50:25.753,LIVE,10.3429,80.9141,59.1192
2026-06-01 17:50:25.785,LIVE,10.3427,80.9043,59.1633
2026-06-01 17:50:25.815,LIVE,10.3425,80.8955,59.2053
2026-06-01 17:50:25.848,LIVE,10.342,80.8876,59.2451
2026-06-01 17:50:25.880,LIVE,10.3412,80.8805,59.283
2026-06-01 17:50:25.912,LIVE,10.3407,80.8741,59.3189
2026-06-01 17:50:25.946,LIVE,10.3402,80.8683,59.3531
2026-06-01 17:50:25.975,LIVE,10.3399,80.8631,59.3856
2026-06-01 17:50:26.006,LIVE,10.3395,80.8584,59.4164
2026-06-01 17:50:26.038,LIVE,10.3393,80.8542,59.4457
2026-06-01 17:50:26.070,LIVE,10.339,80.8504,59.4735
2026-06-01 17:50:26.101,LIVE,10.3386,80.847,59.5
2026-06-01 17:50:26.132,LIVE,10.3383,80.8214,59.5541
2026-06-01 17:50:26.163,LIVE,10.3379,80.7983,59.6055
2026-06-01 17:50:26.195,LIVE,10.3376,80.7776,59.6544
2026-06-01 17:50:26.225,LIVE,10.3373,80.7589,59.7008
2026-06-01 17:50:26.256,LIVE,10.3376,80.7421,59.7449
2026-06-01 17:50:26.290,LIVE,10.3376,80.727,59.7868
2026-06-01 17:50:26.320,LIVE,10.3374,80.7134,59.8266
2026-06-01 17:50:26.353,LIVE,10.3374,80.7011,59.8644
2026-06-01 17:50:26.384,LIVE,10.3371,80.6901,59.9003
2026-06-01 17:50:26.416,LIVE,10.3372,80.6802,59.9345
2026-06-01 17:50:26.447,LIVE,10.3373,80.6712,59.9669
2026-06-01 17:50:26.479,LIVE,10.3375,80.6632,59.9977
2026-06-01 17:50:26.511,LIVE,10.3381,80.656,60.0269
2026-06-01 17:50:26.543,LIVE,10.3384,80.6495,60.0547
2026-06-01 17:50:26.575,LIVE,10.3383,80.6436,60.0811
2026-06-01 17:50:26.606,LIVE,10.3385,80.6383,60.1062
2026-06-01 17:50:26.639,LIVE,10.3386,80.6292,60.1327
2026-06-01 17:50:26.670,LIVE,10.3388,80.621,60.1578
2026-06-01 17:50:26.702,LIVE,10.339,80.6137,60.1817
2026-06-01 17:50:26.736,LIVE,10.339,80.607,60.2044
2026-06-01 17:50:26.764,LIVE,10.3392,80.6011,60.226
2026-06-01 17:50:26.796,LIVE,10.3394,80.5957,60.2464
2026-06-01 17:50:26.827,LIVE,10.3397,80.5909,60.2659
2026-06-01 17:50:26.859,LIVE,10.3398,80.5865,60.2844
2026-06-01 17:50:26.892,LIVE,10.34,80.5826,60.302
2026-06-01 17:50:26.924,LIVE,10.3401,80.5791,60.3186
2026-06-01 17:50:26.956,LIVE,10.3401,80.5759,60.3345
2026-06-01 17:50:26.988,LIVE,10.3403,80.573,60.3495
2026-06-01 17:50:27.018,LIVE,10.3413,80.5705,60.3638
2026-06-01 17:50:27.050,LIVE,10.3415,80.5681,60.3774
2026-06-01 17:50:27.082,LIVE,10.3415,80.5661,60.3903
2026-06-01 17:50:27.114,LIVE,10.3418,80.5642,60.4026
2026-06-01 17:50:27.145,LIVE,10.342,80.5401,60.4324
2026-06-01 17:50:27.177,LIVE,10.3423,80.5185,60.4606
2026-06-01 17:50:27.209,LIVE,10.3427,80.499,60.4875
2026-06-01 17:50:27.239,LIVE,10.3433,80.4815,60.513
2026-06-01 17:50:27.272,LIVE,10.3436,80.4657,60.5372
2026-06-01 17:50:27.304,LIVE,10.3439,80.4515,60.5603
2026-06-01 17:50:27.336,LIVE,10.344,80.4387,60.5822
2026-06-01 17:50:27.368,LIVE,10.344,80.4272,60.6029
2026-06-01 17:50:27.398,LIVE,10.3439,80.4169,60.6227
2026-06-01 17:50:27.430,LIVE,10.344,80.4075,60.6414
2026-06-01 17:50:27.462,LIVE,10.3439,80.3992,60.6593
2026-06-01 17:50:27.493,LIVE,10.3439,80.3916,60.6762
2026-06-01 17:50:27.528,LIVE,10.3438,80.3848,60.6923
2026-06-01 17:50:27.557,LIVE,10.3435,80.3787,60.7075
2026-06-01 17:50:27.590,LIVE,10.3435,80.3732,60.7221
2026-06-01 17:50:27.621,LIVE,10.3434,80.3642,60.7167
2026-06-01 17:50:27.653,LIVE,10.3432,80.356,60.7117
2026-06-01 17:50:27.683,LIVE,10.343,80.3487,60.7069
2026-06-01 17:50:27.714,LIVE,10.3427,80.3421,60.7023
2026-06-01 17:50:27.747,LIVE,10.3424,80.3362,60.698
2026-06-01 17:50:27.778,LIVE,10.3433,80.3309,60.6939
2026-06-01 17:50:27.810,LIVE,10.3428,80.3261,60.69
2026-06-01 17:50:27.841,LIVE,10.3421,80.3217,60.6863
2026-06-01 17:50:27.874,LIVE,10.3414,80.3178,60.6828
2026-06-01 17:50:27.905,LIVE,10.3409,80.3143,60.6794
2026-06-01 17:50:27.936,LIVE,10.3402,80.3112,60.6762
2026-06-01 17:50:27.968,LIVE,10.34,80.3083,60.6732
2026-06-01 17:50:27.998,LIVE,10.3395,80.3058,60.6703
2026-06-01 17:50:28.031,LIVE,10.3389,80.3035,60.6676
2026-06-01 17:50:28.063,LIVE,10.3383,80.3014,60.665
2026-06-01 17:50:28.094,LIVE,10.3376,80.2996,60.6626
2026-06-01 17:50:28.125,LIVE,10.3368,80.3154,60.66
2026-06-01 17:50:28.156,LIVE,10.336,80.3297,60.6576
2026-06-01 17:50:28.188,LIVE,10.3351,80.3425,60.6554
2026-06-01 17:50:28.220,LIVE,10.3338,80.354,60.6532
2026-06-01 17:50:28.252,LIVE,10.3323,80.3644,60.6511
2026-06-01 17:50:28.284,LIVE,10.3303,80.3738,60.6492
2026-06-01 17:50:28.318,LIVE,10.3279,80.3822,60.6473
2026-06-01 17:50:28.345,LIVE,10.3252,80.3898,60.6456
2026-06-01 17:50:28.378,LIVE,10.3225,80.3966,60.6439
2026-06-01 17:50:28.410,LIVE,10.3197,80.4027,60.6423
2026-06-01 17:50:28.442,LIVE,10.3166,80.4082,60.6408
2026-06-01 17:50:28.473,LIVE,10.3135,80.4132,60.6394
2026-06-01 17:50:28.505,LIVE,10.3103,80.4177,60.638
2026-06-01 17:50:28.537,LIVE,10.3082,80.4217,60.6367
2026-06-01 17:50:28.567,LIVE,10.3051,80.4253,60.6355
2026-06-01 17:50:28.599,LIVE,10.3021,80.4286,60.6343
2026-06-01 17:50:28.630,LIVE,10.2992,80.4315,60.6523
2026-06-01 17:50:28.663,LIVE,10.2965,80.4341,60.6694
2026-06-01 17:50:28.694,LIVE,10.2937,80.4365,60.6856
2026-06-01 17:50:28.726,LIVE,10.2913,80.4387,60.701
2026-06-01 17:50:28.758,LIVE,10.2891,80.4406,60.7157
2026-06-01 17:50:28.789,LIVE,10.2869,80.4423,60.7296
2026-06-01 17:50:28.820,LIVE,10.2848,80.4439,60.7428
2026-06-01 17:50:28.852,LIVE,10.2826,80.4453,60.7554
2026-06-01 17:50:28.883,LIVE,10.2802,80.4465,60.7673
2026-06-01 17:50:28.915,LIVE,10.278,80.4477,60.7787
2026-06-01 17:50:28.946,LIVE,10.2756,80.4487,60.7894
2026-06-01 17:50:28.978,LIVE,10.2733,80.4496,60.7997
2026-06-01 17:50:29.009,LIVE,10.271,80.4505,60.8094
2026-06-01 17:50:29.041,LIVE,10.2687,80.4512,60.8186
2026-06-01 17:50:29.074,LIVE,10.2665,80.4519,60.8274
2026-06-01 17:50:29.108,LIVE,10.2643,80.4525,60.8357
2026-06-01 17:50:29.134,LIVE,10.2622,80.462,60.8443
2026-06-01 17:50:29.165,LIVE,10.2603,80.4705,60.8525
2026-06-01 17:50:29.196,LIVE,10.2579,80.4782,60.8603
2026-06-01 17:50:29.229,LIVE,10.2559,80.4851,60.8677
2026-06-01 17:50:29.260,LIVE,10.2538,80.4914,60.8747
2026-06-01 17:50:29.292,LIVE,10.2516,80.497,60.8813
2026-06-01 17:50:29.323,LIVE,10.2494,80.502,60.8876
2026-06-01 17:50:29.355,LIVE,10.2475,80.5065,60.8936
2026-06-01 17:50:29.386,LIVE,10.2456,80.5106,60.8994
2026-06-01 17:50:29.418,LIVE,10.2439,80.5143,60.9048
2026-06-01 17:50:29.449,LIVE,10.2421,80.5176,60.9099
2026-06-01 17:50:29.481,LIVE,10.2408,80.5206,60.9148
2026-06-01 17:50:29.511,LIVE,10.2397,80.5233,60.9195
2026-06-01 17:50:29.542,LIVE,10.2385,80.5257,60.9239
2026-06-01 17:50:29.574,LIVE,10.2375,80.5279,60.9281
2026-06-01 17:50:29.607,LIVE,10.2364,80.5298,60.9321
2026-06-01 17:50:29.638,LIVE,10.2353,80.5313,60.9227
2026-06-01 17:50:29.670,LIVE,10.2345,80.5326,60.9139
2026-06-01 17:50:29.701,LIVE,10.2333,80.5338,60.9055
2026-06-01 17:50:29.732,LIVE,10.2325,80.5349,60.8975
2026-06-01 17:50:29.765,LIVE,10.2315,80.5359,60.8899
2026-06-01 17:50:29.795,LIVE,10.2307,80.5367,60.8827
2026-06-01 17:50:29.826,LIVE,10.2297,80.5375,60.8759
2026-06-01 17:50:29.858,LIVE,10.2285,80.5382,60.8694
2026-06-01 17:50:29.891,LIVE,10.2273,80.5389,60.8632
2026-06-01 17:50:29.921,LIVE,10.2261,80.5394,60.8573
2026-06-01 17:50:29.953,LIVE,10.2245,80.54,60.8517
2026-06-01 17:50:29.983,LIVE,10.2232,80.5404,60.8464
2026-06-01 17:50:30.016,LIVE,10.2228,80.5408,60.8414
2026-06-01 17:50:30.046,LIVE,10.2213,80.5412,60.8366
2026-06-01 17:50:30.078,LIVE,10.2202,80.5416,60.8321
2026-06-01 17:50:30.110,LIVE,10.2192,80.5419,60.8278
2026-06-01 17:50:30.142,LIVE,10.218,80.5537,60.8237
2026-06-01 17:50:30.173,LIVE,10.2169,80.5643,60.8198
2026-06-01 17:50:30.205,LIVE,10.2158,80.5739,60.8161
2026-06-01 17:50:30.237,LIVE,10.2149,80.5825,60.8126
2026-06-01 17:50:30.268,LIVE,10.2142,80.5902,60.8092
2026-06-01 17:50:30.301,LIVE,10.2134,80.5972,60.8061
2026-06-01 17:50:30.332,LIVE,10.2124,80.6035,60.803
2026-06-01 17:50:30.362,LIVE,10.2116,80.6091,60.8002
2026-06-01 17:50:30.395,LIVE,10.2108,80.6142,60.7975
2026-06-01 17:50:30.427,LIVE,10.2099,80.6188,60.7949
2026-06-01 17:50:30.458,LIVE,10.2091,80.6229,60.7924
2026-06-01 17:50:30.489,LIVE,10.2082,80.6266,60.7901
2026-06-01 17:50:30.522,LIVE,10.2072,80.6299,60.7879
2026-06-01 17:50:30.553,LIVE,10.2065,80.6329,60.7858
2026-06-01 17:50:30.585,LIVE,10.2056,80.6356,60.7838
2026-06-01 17:50:30.617,LIVE,10.2047,80.6289,60.5865
2026-06-01 17:50:30.649,LIVE,10.2043,80.6228,60.3992
2026-06-01 17:50:30.683,LIVE,10.2035,80.6173,60.2212
2026-06-01 17:50:30.712,LIVE,10.2031,80.6123,60.0521
2026-06-01 17:50:30.744,LIVE,10.2037,80.6079,59.8915
2026-06-01 17:50:30.776,LIVE,10.2033,80.6039,59.7389
2026-06-01 17:50:30.807,LIVE,10.2029,80.6003,59.5939
2026-06-01 17:50:30.840,LIVE,10.2029,80.597,59.4562
2026-06-01 17:50:30.871,LIVE,10.2028,80.5941,59.3253
2026-06-01 17:50:30.902,LIVE,10.2028,80.5915,59.201
2026-06-01 17:50:30.932,LIVE,10.203,80.5891,59.0829
2026-06-01 17:50:30.965,LIVE,10.2033,80.587,58.9707
2026-06-01 17:50:30.996,LIVE,10.2036,80.5851,58.8642
2026-06-01 17:50:31.029,LIVE,10.2039,80.5833,58.7629
2026-06-01 17:50:31.061,LIVE,10.2041,80.5818,58.6668
2026-06-01 17:50:31.093,LIVE,10.2042,80.5804,58.5754
2026-06-01 17:50:31.123,LIVE,10.2045,80.5761,58.4947
2026-06-01 17:50:31.155,LIVE,10.2047,80.5723,58.418
2026-06-01 17:50:31.187,LIVE,10.2049,80.5689,58.3451
2026-06-01 17:50:31.218,LIVE,10.2054,80.5658,58.2759
2026-06-01 17:50:31.251,LIVE,10.206,80.563,58.2101
2026-06-01 17:50:31.282,LIVE,10.2065,80.5605,58.1477
2026-06-01 17:50:31.314,LIVE,10.207,80.5582,58.0883
2026-06-01 17:50:31.346,LIVE,10.2077,80.5562,58.0319
2026-06-01 17:50:31.377,LIVE,10.2084,80.5544,57.9784
2026-06-01 17:50:31.410,LIVE,10.209,80.5527,57.9275
2026-06-01 17:50:31.442,LIVE,10.2096,80.5512,57.8792
2026-06-01 17:50:31.476,LIVE,10.2105,80.5499,57.8332
2026-06-01 17:50:31.504,LIVE,10.212,80.5487,57.7896
2026-06-01 17:50:31.537,LIVE,10.2125,80.5476,57.7482
2026-06-01 17:50:31.569,LIVE,10.2133,80.5466,57.7088
2026-06-01 17:50:31.601,LIVE,10.214,80.5458,57.6714
2026-06-01 17:50:31.631,LIVE,10.2148,80.5542,57.6359
2026-06-01 17:50:31.663,LIVE,10.2159,80.5619,57.6021
2026-06-01 17:50:31.695,LIVE,10.217,80.5687,57.5701
2026-06-01 17:50:31.727,LIVE,10.218,80.5749,57.5396
2026-06-01 17:50:31.758,LIVE,10.219,80.5805,57.5107
2026-06-01 17:50:31.791,LIVE,10.2199,80.5855,57.4832
2026-06-01 17:50:31.823,LIVE,10.2209,80.59,57.457
2026-06-01 17:50:31.855,LIVE,10.2216,80.594,57.4322
2026-06-01 17:50:31.887,LIVE,10.2225,80.5977,57.4087
2026-06-01 17:50:31.918,LIVE,10.2234,80.601,57.3863
2026-06-01 17:50:31.949,LIVE,10.2244,80.6039,57.365
2026-06-01 17:50:31.981,LIVE,10.2254,80.6066,57.3448
2026-06-01 17:50:32.013,LIVE,10.2263,80.609,57.3256
2026-06-01 17:50:32.046,LIVE,10.227,80.6111,57.3073
2026-06-01 17:50:32.077,LIVE,10.2278,80.6131,57.29
2026-06-01 17:50:32.108,LIVE,10.2289,80.6148,57.2736
2026-06-01 17:50:32.140,LIVE,10.2298,80.6245,57.257
2026-06-01 17:50:32.172,LIVE,10.2307,80.6333,57.2413
2026-06-01 17:50:32.205,LIVE,10.2315,80.6412,57.2264
2026-06-01 17:50:32.237,LIVE,10.2328,80.6483,57.2122
2026-06-01 17:50:32.271,LIVE,10.2337,80.6546,57.1988
2026-06-01 17:50:32.299,LIVE,10.2343,80.6604,57.186
2026-06-01 17:50:32.331,LIVE,10.2349,80.6656,57.1738
2026-06-01 17:50:32.362,LIVE,10.2355,80.6702,57.1623
2026-06-01 17:50:32.392,LIVE,10.2361,80.6744,57.1513
2026-06-01 17:50:32.425,LIVE,10.2364,80.6782,57.1409
2026-06-01 17:50:32.456,LIVE,10.2371,80.6815,57.131
2026-06-01 17:50:32.487,LIVE,10.2377,80.6846,57.1216
2026-06-01 17:50:32.519,LIVE,10.2383,80.6873,57.1127
2026-06-01 17:50:32.551,LIVE,10.2386,80.6898,57.1042
2026-06-01 17:50:32.583,LIVE,10.239,80.692,57.0961
2026-06-01 17:50:32.615,LIVE,10.2394,80.694,57.0885
2026-06-01 17:50:32.645,LIVE,10.2397,80.6976,57.0817
2026-06-01 17:50:32.677,LIVE,10.24,80.7008,57.0753
2026-06-01 17:50:32.709,LIVE,10.24,80.7037,57.0691
2026-06-01 17:50:32.740,LIVE,10.2403,80.7063,57.0633
2026-06-01 17:50:32.771,LIVE,10.2407,80.7086,57.0578
2026-06-01 17:50:32.802,LIVE,10.2405,80.7107,57.0525
2026-06-01 17:50:32.835,LIVE,10.241,80.7126,57.0476
2026-06-01 17:50:32.867,LIVE,10.2412,80.7143,57.0428
2026-06-01 17:50:32.898,LIVE,10.2415,80.7159,57.0383
2026-06-01 17:50:32.929,LIVE,10.2417,80.7172,57.034
2026-06-01 17:50:32.962,LIVE,10.2423,80.7185,57.03
2026-06-01 17:50:32.993,LIVE,10.2425,80.7196,57.0261
2026-06-01 17:50:33.024,LIVE,10.2424,80.7206,57.0225
2026-06-01 17:50:33.059,LIVE,10.2424,80.7215,57.019
2026-06-01 17:50:33.088,LIVE,10.2424,80.7223,57.0157
2026-06-01 17:50:33.121,LIVE,10.2424,80.7423,57.0125
2026-06-01 17:50:33.153,LIVE,10.2425,80.7602,57.0095
2026-06-01 17:50:33.184,LIVE,10.2426,80.7763,57.0067
2026-06-01 17:50:33.214,LIVE,10.2429,80.7908,57.004
2026-06-01 17:50:33.246,LIVE,10.243,80.8039,57.0014
2026-06-01 17:50:33.278,LIVE,10.2428,80.8157,56.999
2026-06-01 17:50:33.309,LIVE,10.2424,80.8263,56.9967
2026-06-01 17:50:33.342,LIVE,10.2421,80.8358,56.9945
2026-06-01 17:50:33.374,LIVE,10.2418,80.8444,56.9924
2026-06-01 17:50:33.404,LIVE,10.2417,80.8521,56.9904
2026-06-01 17:50:33.437,LIVE,10.2414,80.859,56.9885
2026-06-01 17:50:33.469,LIVE,10.241,80.8653,56.9868
2026-06-01 17:50:33.501,LIVE,10.2407,80.8709,56.9851
2026-06-01 17:50:33.531,LIVE,10.2404,80.876,56.9834
2026-06-01 17:50:33.563,LIVE,10.2401,80.8805,56.9819
2026-06-01 17:50:33.594,LIVE,10.2398,80.8846,56.9805
2026-06-01 17:50:33.627,LIVE,10.2394,80.8965,56.9387
2026-06-01 17:50:33.657,LIVE,10.2391,80.9072,56.899
2026-06-01 17:50:33.689,LIVE,10.2387,80.9169,56.8612
2026-06-01 17:50:33.721,LIVE,10.2388,80.9256,56.8254
2026-06-01 17:50:33.753,LIVE,10.2383,80.9334,56.7914
2026-06-01 17:50:33.786,LIVE,10.2379,80.9404,56.759
2026-06-01 17:50:33.815,LIVE,10.2373,80.9467,56.7283
2026-06-01 17:50:33.850,LIVE,10.2369,80.9524,56.6991
2026-06-01 17:50:33.878,LIVE,10.2362,80.9575,56.6714
2026-06-01 17:50:33.910,LIVE,10.2359,80.9621,56.6451
2026-06-01 17:50:33.942,LIVE,10.2357,80.9663,56.62
2026-06-01 17:50:33.974,LIVE,10.2356,80.97,56.5963
2026-06-01 17:50:34.005,LIVE,10.2354,80.9734,56.5737
2026-06-01 17:50:34.037,LIVE,10.235,80.9764,56.5522
2026-06-01 17:50:34.069,LIVE,10.2345,80.9791,56.5318
2026-06-01 17:50:34.100,LIVE,10.234,80.9816,56.5125
2026-06-01 17:50:34.131,LIVE,10.2333,80.9832,56.4786
2026-06-01 17:50:34.163,LIVE,10.2327,80.9846,56.4464
2026-06-01 17:50:34.195,LIVE,10.2323,80.9859,56.4158
2026-06-01 17:50:34.226,LIVE,10.232,80.9871,56.3867
2026-06-01 17:50:34.257,LIVE,10.2313,80.9881,56.3591
2026-06-01 17:50:34.289,LIVE,10.2307,80.9891,56.3328
2026-06-01 17:50:34.320,LIVE,10.2303,80.9899,56.3079
2026-06-01 17:50:34.352,LIVE,10.2301,80.9907,56.2842
2026-06-01 17:50:34.384,LIVE,10.2297,80.9914,56.2617
2026-06-01 17:50:34.419,LIVE,10.2292,80.992,56.2403
2026-06-01 17:50:34.448,LIVE,10.2294,80.9925,56.22
2026-06-01 17:50:34.479,LIVE,10.2292,80.993,56.2008
2026-06-01 17:50:34.510,LIVE,10.2287,80.9935,56.1824
2026-06-01 17:50:34.542,LIVE,10.2282,80.9939,56.165
2026-06-01 17:50:34.574,LIVE,10.2275,80.9942,56.1485
2026-06-01 17:50:34.606,LIVE,10.2268,80.9946,56.1328
2026-06-01 17:50:34.643,LIVE,10.2265,80.9958,56.1179
2026-06-01 17:50:34.670,LIVE,10.2261,80.9968,56.1037
2026-06-01 17:50:34.703,LIVE,10.226,80.9978,56.0902
2026-06-01 17:50:34.735,LIVE,10.2256,80.9987,56.0774
2026-06-01 17:50:34.766,LIVE,10.2252,80.9994,56.0653
2026-06-01 17:50:34.798,LIVE,10.2247,81.0001,56.0537
2026-06-01 17:50:34.830,LIVE,10.2242,81.0008,56.0427
2026-06-01 17:50:34.860,LIVE,10.2237,81.0013,56.0323
2026-06-01 17:50:34.892,LIVE,10.2231,81.0018,56.0224
2026-06-01 17:50:34.923,LIVE,10.2225,81.0023,56.013
2026-06-01 17:50:34.956,LIVE,10.2219,81.0027,56.0041
2026-06-01 17:50:34.988,LIVE,10.2212,81.0031,55.9956
2026-06-01 17:50:35.019,LIVE,10.2207,81.0034,55.9875
2026-06-01 17:50:35.051,LIVE,10.2202,81.0037,55.9799
2026-06-01 17:50:35.081,LIVE,10.2197,81.004,55.9726
2026-06-01 17:50:35.113,LIVE,10.2192,81.0042,55.9657
2026-06-01 17:50:35.144,LIVE,10.2186,81.0144,55.9413
2026-06-01 17:50:35.175,LIVE,10.2181,81.0235,55.9182
2026-06-01 17:50:35.207,LIVE,10.2184,81.0317,55.8962
2026-06-01 17:50:35.239,LIVE,10.2179,81.0391,55.8753
2026-06-01 17:50:35.271,LIVE,10.2174,81.0457,55.8555
2026-06-01 17:50:35.303,LIVE,10.217,81.0517,55.8367
2026-06-01 17:50:35.334,LIVE,10.2166,81.0571,55.8188
2026-06-01 17:50:35.366,LIVE,10.2163,81.0619,55.8018
2026-06-01 17:50:35.399,LIVE,10.2161,81.0663,55.7856
2026-06-01 17:50:35.436,LIVE,10.2161,81.0702,55.7703
2026-06-01 17:50:35.460,LIVE,10.2161,81.0738,55.7557
2026-06-01 17:50:35.492,LIVE,10.216,81.0769,55.7418
2026-06-01 17:50:35.524,LIVE,10.2158,81.0798,55.7287
2026-06-01 17:50:35.556,LIVE,10.2156,81.0824,55.7162
2026-06-01 17:50:35.588,LIVE,10.2154,81.0847,55.7043
2026-06-01 17:50:35.620,LIVE,10.2152,81.0873,55.693
2026-06-01 17:50:35.651,LIVE,10.215,81.0896,55.6823
2026-06-01 17:50:35.680,LIVE,10.2147,81.0917,55.6722
2026-06-01 17:50:35.712,LIVE,10.2144,81.0936,55.6625
2026-06-01 17:50:35.745,LIVE,10.2141,81.0953,55.6533
2026-06-01 17:50:35.776,LIVE,10.214,81.0968,55.6446
2026-06-01 17:50:35.808,LIVE,10.2139,81.0982,55.6364
2026-06-01 17:50:35.839,LIVE,10.2136,81.0994,55.6285
2026-06-01 17:50:35.872,LIVE,10.2133,81.1005,55.621
2026-06-01 17:50:35.904,LIVE,10.2131,81.1015,55.6139
2026-06-01 17:50:35.935,LIVE,10.2136,81.1024,55.6072
2026-06-01 17:50:35.967,LIVE,10.2134,81.1032,55.6008
2026-06-01 17:50:35.998,LIVE,10.2129,81.104,55.5947
2026-06-01 17:50:36.031,LIVE,10.2126,81.1046,55.5889
2026-06-01 17:50:36.062,LIVE,10.2121,81.1052,55.5834
2026-06-01 17:50:36.093,LIVE,10.2121,81.1058,55.5782
2026-06-01 17:50:36.124,LIVE,10.2119,81.0938,55.5732
2026-06-01 17:50:36.156,LIVE,10.2119,81.0831,55.5685
2026-06-01 17:50:36.188,LIVE,10.2119,81.0734,55.564
2026-06-01 17:50:36.222,LIVE,10.2118,81.0647,55.5598
2026-06-01 17:50:36.251,LIVE,10.2118,81.0568,55.5558
2026-06-01 17:50:36.282,LIVE,10.2115,81.0498,55.5519
2026-06-01 17:50:36.314,LIVE,10.2112,81.0434,55.5483
2026-06-01 17:50:36.346,LIVE,10.2109,81.0377,55.5448
2026-06-01 17:50:36.378,LIVE,10.2107,81.0326,55.5415
2026-06-01 17:50:36.410,LIVE,10.2105,81.0279,55.5384
2026-06-01 17:50:36.441,LIVE,10.2103,81.0238,55.5354
2026-06-01 17:50:36.474,LIVE,10.2099,81.02,55.5326
2026-06-01 17:50:36.506,LIVE,10.2097,81.0166,55.5299
2026-06-01 17:50:36.537,LIVE,10.2097,81.0136,55.5274
2026-06-01 17:50:36.569,LIVE,10.2094,81.0109,55.525
2026-06-01 17:50:36.601,LIVE,10.2091,81.0084,55.5227
2026-06-01 17:50:36.631,LIVE,10.2088,81.0287,55.3563
2026-06-01 17:50:36.664,LIVE,10.2086,81.0469,55.1982
2026-06-01 17:50:36.696,LIVE,10.2092,81.0633,55.048
2026-06-01 17:50:36.725,LIVE,10.2089,81.0781,54.9053
2026-06-01 17:50:36.756,LIVE,10.2083,81.0914,54.7698
2026-06-01 17:50:36.788,LIVE,10.208,81.1034,54.641
2026-06-01 17:50:36.820,LIVE,10.2074,81.1141,54.5187
2026-06-01 17:50:36.852,LIVE,10.2072,81.1238,54.4024
2026-06-01 17:50:36.884,LIVE,10.2069,81.1325,54.292
2026-06-01 17:50:36.916,LIVE,10.2067,81.1404,54.1872
2026-06-01 17:50:36.948,LIVE,10.2064,81.1475,54.0875
2026-06-01 17:50:36.981,LIVE,10.2058,81.1538,53.9929
2026-06-01 17:50:37.013,LIVE,10.2054,81.1595,53.9029
2026-06-01 17:50:37.042,LIVE,10.2052,81.1647,53.8175
2026-06-01 17:50:37.074,LIVE,10.2047,81.1693,53.7364
2026-06-01 17:50:37.105,LIVE,10.2043,81.1735,53.6593
2026-06-01 17:50:37.137,LIVE,10.2037,81.1701,53.6459
2026-06-01 17:50:37.169,LIVE,10.2031,81.167,53.6333
2026-06-01 17:50:37.201,LIVE,10.2025,81.1642,53.6213
2026-06-01 17:50:37.232,LIVE,10.202,81.1617,53.6099
2026-06-01 17:50:37.261,LIVE,10.2015,81.1594,53.599
2026-06-01 17:50:37.293,LIVE,10.2011,81.1574,53.5887
2026-06-01 17:50:37.325,LIVE,10.2006,81.1555,53.579
2026-06-01 17:50:37.358,LIVE,10.1999,81.1539,53.5697
2026-06-01 17:50:37.390,LIVE,10.199,81.1524,53.5608
2026-06-01 17:50:37.421,LIVE,10.1983,81.1511,53.5525
2026-06-01 17:50:37.452,LIVE,10.1984,81.1499,53.5445
2026-06-01 17:50:37.484,LIVE,10.1975,81.1488,53.5369
2026-06-01 17:50:37.515,LIVE,10.1964,81.1478,53.5297
2026-06-01 17:50:37.547,LIVE,10.1953,81.1469,53.5229
2026-06-01 17:50:37.579,LIVE,10.1945,81.1462,53.5164
2026-06-01 17:50:37.610,LIVE,10.1934,81.1454,53.5102
2026-06-01 17:50:37.642,LIVE,10.1928,81.1447,53.5044
2026-06-01 17:50:37.675,LIVE,10.192,81.144,53.4988
2026-06-01 17:50:37.706,LIVE,10.1913,81.1433,53.4935
2026-06-01 17:50:37.739,LIVE,10.1905,81.1428,53.4885
2026-06-01 17:50:37.768,LIVE,10.1895,81.1422,53.4837
2026-06-01 17:50:37.805,LIVE,10.1884,81.1418,53.4792
2026-06-01 17:50:37.833,LIVE,10.1875,81.1414,53.4749
2026-06-01 17:50:37.864,LIVE,10.1864,81.141,53.4708
2026-06-01 17:50:37.897,LIVE,10.1855,81.1406,53.4669
2026-06-01 17:50:37.927,LIVE,10.1847,81.1403,53.4632
2026-06-01 17:50:37.959,LIVE,10.1838,81.1401,53.4597
2026-06-01 17:50:37.991,LIVE,10.1829,81.1398,53.4564
2026-06-01 17:50:38.024,LIVE,10.1818,81.1396,53.4532
2026-06-01 17:50:38.056,LIVE,10.181,81.1394,53.4502
2026-06-01 17:50:38.087,LIVE,10.1802,81.1392,53.4474
2026-06-01 17:50:38.119,LIVE,10.1793,81.1324,53.175
2026-06-01 17:50:38.152,LIVE,10.1783,81.1262,52.9162
2026-06-01 17:50:38.184,LIVE,10.1775,81.1207,52.6704
2026-06-01 17:50:38.215,LIVE,10.1779,81.1157,52.4369
2026-06-01 17:50:38.247,LIVE,10.1769,81.1113,52.215
2026-06-01 17:50:38.279,LIVE,10.176,81.1072,52.0043
2026-06-01 17:50:38.311,LIVE,10.175,81.1036,51.8041
2026-06-01 17:50:38.342,LIVE,10.1741,81.1003,51.6139
2026-06-01 17:50:38.374,LIVE,10.1733,81.0974,51.4332
2026-06-01 17:50:38.406,LIVE,10.1726,81.0948,51.2615
2026-06-01 17:50:38.439,LIVE,10.172,81.0924,51.0984
2026-06-01 17:50:38.470,LIVE,10.1714,81.0902,50.9435
2026-06-01 17:50:38.502,LIVE,10.1706,81.0883,50.7963
2026-06-01 17:50:38.534,LIVE,10.1697,81.0866,50.6565
2026-06-01 17:50:38.567,LIVE,10.1691,81.085,50.5236
2026-06-01 17:50:38.601,LIVE,10.1683,81.0836,50.3975
2026-06-01 17:50:38.629,LIVE,10.1674,81.0717,50.2816
2026-06-01 17:50:38.660,LIVE,10.1665,81.061,50.1715
2026-06-01 17:50:38.692,LIVE,10.1656,81.0514,50.0669
2026-06-01 17:50:38.723,LIVE,10.1647,81.0427,49.9675
2026-06-01 17:50:38.753,LIVE,10.164,81.0349,49.8731
2026-06-01 17:50:38.785,LIVE,10.1631,81.0279,49.7834
2026-06-01 17:50:38.817,LIVE,10.1622,81.0216,49.6982
2026-06-01 17:50:38.849,LIVE,10.1615,81.0159,49.6173
2026-06-01 17:50:38.880,LIVE,10.1607,81.0108,49.5404
2026-06-01 17:50:38.913,LIVE,10.1599,81.0062,49.4673
2026-06-01 17:50:38.945,LIVE,10.1591,81.0021,49.398
2026-06-01 17:50:38.975,LIVE,10.1593,80.9984,49.332
2026-06-01 17:50:39.008,LIVE,10.1584,80.995,49.2694
2026-06-01 17:50:39.038,LIVE,10.1574,80.992,49.2099
2026-06-01 17:50:39.070,LIVE,10.1564,80.9893,49.1534
2026-06-01 17:50:39.101,LIVE,10.1556,80.9868,49.0997
2026-06-01 17:50:39.133,LIVE,10.1548,80.9823,48.9878
2026-06-01 17:50:39.165,LIVE,10.1544,80.9783,48.8814
2026-06-01 17:50:39.196,LIVE,10.1537,80.9746,48.7804
2026-06-01 17:50:39.227,LIVE,10.1531,80.9713,48.6845
2026-06-01 17:50:39.258,LIVE,10.1524,80.9684,48.5933
2026-06-01 17:50:39.289,LIVE,10.1515,80.9657,48.5067
2026-06-01 17:50:39.322,LIVE,10.1509,80.9633,48.4244
2026-06-01 17:50:39.354,LIVE,10.1501,80.9612,48.3463
2026-06-01 17:50:39.387,LIVE,10.1491,80.9593,48.272
2026-06-01 17:50:39.418,LIVE,10.1482,80.9575,48.2015
2026-06-01 17:50:39.449,LIVE,10.1473,80.9559,48.1345
2026-06-01 17:50:39.481,LIVE,10.1461,80.9545,48.0708
2026-06-01 17:50:39.511,LIVE,10.1451,80.9533,48.0103
2026-06-01 17:50:39.543,LIVE,10.144,80.9521,47.9529
2026-06-01 17:50:39.575,LIVE,10.1429,80.9511,47.8983
2026-06-01 17:50:39.606,LIVE,10.1419,80.9502,47.8464
2026-06-01 17:50:39.638,LIVE,10.141,80.9304,47.7546
2026-06-01 17:50:39.669,LIVE,10.1399,80.9125,47.6675
2026-06-01 17:50:39.701,LIVE,10.1388,80.8965,47.5846
2026-06-01 17:50:39.733,LIVE,10.1389,80.8821,47.5059
2026-06-01 17:50:39.764,LIVE,10.1378,80.8691,47.4312
2026-06-01 17:50:39.796,LIVE,10.1366,80.8574,47.3601
2026-06-01 17:50:39.828,LIVE,10.1354,80.8469,47.2927
2026-06-01 17:50:39.859,LIVE,10.1342,80.8374,47.2286
2026-06-01 17:50:39.890,LIVE,10.1332,80.8289,47.1677
2026-06-01 17:50:39.922,LIVE,10.1322,80.8212,47.1098
2026-06-01 17:50:39.954,LIVE,10.1315,80.8143,47.0549
2026-06-01 17:50:39.985,LIVE,10.1308,80.8081,47.0027
2026-06-01 17:50:40.016,LIVE,10.13,80.8025,46.9531
2026-06-01 17:50:40.048,LIVE,10.1291,80.7975,46.906
2026-06-01 17:50:40.080,LIVE,10.128,80.7929,46.8612
2026-06-01 17:50:40.111,LIVE,10.127,80.7888,46.8187
2026-06-01 17:50:40.143,LIVE,10.1259,80.7823,46.7652
2026-06-01 17:50:40.177,LIVE,10.1248,80.7763,46.7144
2026-06-01 17:50:40.206,LIVE,10.1239,80.771,46.6661
2026-06-01 17:50:40.238,LIVE,10.1229,80.7662,46.6203
2026-06-01 17:50:40.270,LIVE,10.1219,80.7618,46.5767
2026-06-01 17:50:40.301,LIVE,10.121,80.7579,46.5353
2026-06-01 17:50:40.332,LIVE,10.12,80.7544,46.496
2026-06-01 17:50:40.364,LIVE,10.119,80.7513,46.4587
2026-06-01 17:50:40.394,LIVE,10.1182,80.7484,46.4232
2026-06-01 17:50:40.426,LIVE,10.1172,80.7459,46.3895
2026-06-01 17:50:40.459,LIVE,10.1162,80.7436,46.3574
2026-06-01 17:50:40.490,LIVE,10.1165,80.7415,46.327
2026-06-01 17:50:40.522,LIVE,10.1156,80.7396,46.2981
2026-06-01 17:50:40.552,LIVE,10.1147,80.738,46.2707
2026-06-01 17:50:40.584,LIVE,10.1137,80.7365,46.2446
2026-06-01 17:50:40.617,LIVE,10.1127,80.7399,46.2339
2026-06-01 17:50:40.647,LIVE,10.1117,80.743,46.2238
2026-06-01 17:50:40.680,LIVE,10.1112,80.7458,46.2141
2026-06-01 17:50:40.711,LIVE,10.1105,80.7483,46.205
2026-06-01 17:50:40.742,LIVE,10.1099,80.7506,46.1963
2026-06-01 17:50:40.774,LIVE,10.1093,80.7526,46.188
2026-06-01 17:50:40.805,LIVE,10.1086,80.7544,46.1801
2026-06-01 17:50:40.837,LIVE,10.1079,80.7561,46.1727
2026-06-01 17:50:40.869,LIVE,10.1074,80.7576,46.1656
2026-06-01 17:50:40.900,LIVE,10.1067,80.7589,46.1589
2026-06-01 17:50:40.933,LIVE,10.1061,80.7601,46.1525
2026-06-01 17:50:40.970,LIVE,10.1056,80.7612,46.1464
2026-06-01 17:50:40.996,LIVE,10.1052,80.7622,46.1406
2026-06-01 17:50:41.028,LIVE,10.1048,80.7631,46.1351
2026-06-01 17:50:41.059,LIVE,10.1045,80.7638,46.1299
2026-06-01 17:50:41.091,LIVE,10.1044,80.7646,46.125
2026-06-01 17:50:41.123,LIVE,10.1042,80.7787,46.1464
2026-06-01 17:50:41.155,LIVE,10.104,80.7915,46.1667
2026-06-01 17:50:41.187,LIVE,10.104,80.803,46.186
2026-06-01 17:50:41.218,LIVE,10.1041,80.8133,46.2044
2026-06-01 17:50:41.251,LIVE,10.1051,80.8226,46.2218
2026-06-01 17:50:41.283,LIVE,10.1051,80.831,46.2384
2026-06-01 17:50:41.314,LIVE,10.1053,80.8386,46.2541
2026-06-01 17:50:41.345,LIVE,10.1056,80.8453,46.2691
2026-06-01 17:50:41.376,LIVE,10.1057,80.8515,46.2833
2026-06-01 17:50:41.409,LIVE,10.1063,80.857,46.2968
2026-06-01 17:50:41.440,LIVE,10.107,80.8619,46.3096
2026-06-01 17:50:41.473,LIVE,10.1078,80.8664,46.3218
2026-06-01 17:50:41.504,LIVE,10.1087,80.8704,46.3333
2026-06-01 17:50:41.537,LIVE,10.1099,80.874,46.3443
2026-06-01 17:50:41.568,LIVE,10.1111,80.8772,46.3547
2026-06-01 17:50:41.601,LIVE,10.1122,80.8801,46.3647
2026-06-01 17:50:41.633,LIVE,10.1135,80.8692,46.4301
2026-06-01 17:50:41.665,LIVE,10.1148,80.8593,46.4922
2026-06-01 17:50:41.697,LIVE,10.1164,80.8504,46.5513
2026-06-01 17:50:41.729,LIVE,10.1182,80.8424,46.6073
2026-06-01 17:50:41.764,LIVE,10.12,80.8352,46.6606
2026-06-01 17:50:41.791,LIVE,10.1219,80.8288,46.7112
2026-06-01 17:50:41.822,LIVE,10.1242,80.8229,46.7593
2026-06-01 17:50:41.855,LIVE,10.1268,80.8177,46.805
2026-06-01 17:50:41.886,LIVE,10.1295,80.813,46.8484
2026-06-01 17:50:41.919,LIVE,10.1323,80.8087,46.8896
2026-06-01 17:50:41.951,LIVE,10.1356,80.8049,46.9288
2026-06-01 17:50:41.983,LIVE,10.14,80.8014,46.966
2026-06-01 17:50:42.013,LIVE,10.1435,80.7983,47.0014
2026-06-01 17:50:42.045,LIVE,10.1474,80.7956,47.0349
2026-06-01 17:50:42.076,LIVE,10.1514,80.7931,47.0668
2026-06-01 17:50:42.108,LIVE,10.1557,80.7908,47.0972
2026-06-01 17:50:42.138,LIVE,10.1602,80.7888,47.1408
2026-06-01 17:50:42.170,LIVE,10.1651,80.787,47.1823
2026-06-01 17:50:42.202,LIVE,10.1706,80.7854,47.2217
2026-06-01 17:50:42.233,LIVE,10.1763,80.7839,47.2591
2026-06-01 17:50:42.266,LIVE,10.1822,80.7826,47.2947
2026-06-01 17:50:42.296,LIVE,10.1882,80.7814,47.3285
2026-06-01 17:50:42.328,LIVE,10.1943,80.7803,47.3606
2026-06-01 17:50:42.360,LIVE,10.2006,80.7794,47.3911
2026-06-01 17:50:42.393,LIVE,10.2072,80.7785,47.4201
2026-06-01 17:50:42.425,LIVE,10.2141,80.7777,47.4476
2026-06-01 17:50:42.457,LIVE,10.2212,80.777,47.4737
2026-06-01 17:50:42.488,LIVE,10.2283,80.7764,47.4986
2026-06-01 17:50:42.519,LIVE,10.2358,80.7759,47.5222
2026-06-01 17:50:42.554,LIVE,10.2435,80.7753,47.5446
2026-06-01 17:50:42.583,LIVE,10.2514,80.7749,47.5659
2026-06-01 17:50:42.614,LIVE,10.2596,80.7745,47.5861
2026-06-01 17:50:42.645,LIVE,10.2678,80.8065,47.753
2026-06-01 17:50:42.677,LIVE,10.2771,80.8353,47.9116
2026-06-01 17:50:42.709,LIVE,10.2857,80.8612,48.0622
2026-06-01 17:50:42.740,LIVE,10.2944,80.8845,48.2053
2026-06-01 17:50:42.771,LIVE,10.303,80.9055,48.3413
2026-06-01 17:50:42.803,LIVE,10.3117,80.9244,48.4705
2026-06-01 17:50:42.834,LIVE,10.3206,80.9414,48.5932
2026-06-01 17:50:42.866,LIVE,10.3294,80.9567,48.7097
2026-06-01 17:50:42.898,LIVE,10.3388,80.9705,48.8205
2026-06-01 17:50:42.929,LIVE,10.3481,80.9829,48.9257
2026-06-01 17:50:42.961,LIVE,10.3577,80.994,49.0256
2026-06-01 17:50:42.994,LIVE,10.367,81.0041,49.1206
2026-06-01 17:50:43.026,LIVE,10.3763,81.0131,49.2108
2026-06-01 17:50:43.058,LIVE,10.3857,81.0213,49.2964
2026-06-01 17:50:43.089,LIVE,10.3953,81.0286,49.3778
2026-06-01 17:50:43.121,LIVE,10.4047,81.0341,49.5174
2026-06-01 17:50:43.153,LIVE,10.4139,81.039,49.65
2026-06-01 17:50:43.186,LIVE,10.4231,81.0434,49.776
2026-06-01 17:50:43.216,LIVE,10.4326,81.0474,49.8956
2026-06-01 17:50:43.249,LIVE,10.4419,81.051,50.0093
2026-06-01 17:50:43.281,LIVE,10.451,81.0543,50.1173
2026-06-01 17:50:43.312,LIVE,10.4601,81.0572,50.2199
2026-06-01 17:50:43.347,LIVE,10.4695,81.0598,50.3173
2026-06-01 17:50:43.375,LIVE,10.4783,81.0622,50.4099
2026-06-01 17:50:43.407,LIVE,10.4872,81.0643,50.4979
2026-06-01 17:50:43.438,LIVE,10.4958,81.0662,50.5815
2026-06-01 17:50:43.470,LIVE,10.5046,81.0679,50.6608
2026-06-01 17:50:43.501,LIVE,10.5132,81.0695,50.7363
2026-06-01 17:50:43.533,LIVE,10.5216,81.0709,50.8079
2026-06-01 17:50:43.565,LIVE,10.53,81.0721,50.876
2026-06-01 17:50:43.597,LIVE,10.5384,81.0732,50.9406
2026-06-01 17:50:43.628,LIVE,10.5469,81.0957,51.0151
2026-06-01 17:50:43.659,LIVE,10.555,81.1159,51.0858
2026-06-01 17:50:43.691,LIVE,10.5627,81.1341,51.153
2026-06-01 17:50:43.722,LIVE,10.5706,81.1505,51.2168
2026-06-01 17:50:43.755,LIVE,10.5782,81.1652,51.2774
2026-06-01 17:50:43.785,LIVE,10.5854,81.1784,51.335
2026-06-01 17:50:43.816,LIVE,10.5926,81.1904,51.3898
2026-06-01 17:50:43.849,LIVE,10.6001,81.2011,51.4417
2026-06-01 17:50:43.881,LIVE,10.6074,81.2108,51.4911
2026-06-01 17:50:43.913,LIVE,10.6147,81.2195,51.538
2026-06-01 17:50:43.944,LIVE,10.6216,81.2273,51.5826
2026-06-01 17:50:43.977,LIVE,10.6286,81.2343,51.625
2026-06-01 17:50:44.007,LIVE,10.6359,81.2407,51.6652
2026-06-01 17:50:44.037,LIVE,10.6425,81.2464,51.7034
2026-06-01 17:50:44.070,LIVE,10.649,81.2515,51.7397
2026-06-01 17:50:44.100,LIVE,10.6557,81.2562,51.7742
2026-06-01 17:50:44.136,LIVE,10.6622,81.2639,51.8197
2026-06-01 17:50:44.165,LIVE,10.6687,81.2709,51.863
2026-06-01 17:50:44.196,LIVE,10.675,81.2771,51.9041
2026-06-01 17:50:44.227,LIVE,10.6812,81.2828,51.9432
2026-06-01 17:50:44.259,LIVE,10.6877,81.2879,51.9803
2026-06-01 17:50:44.292,LIVE,10.694,81.2924,52.0155
2026-06-01 17:50:44.323,LIVE,10.7001,81.2965,52.049
2026-06-01 17:50:44.355,LIVE,10.7058,81.3003,52.0808
2026-06-01 17:50:44.386,LIVE,10.7115,81.3036,52.1111
2026-06-01 17:50:44.417,LIVE,10.717,81.3066,52.1398
2026-06-01 17:50:44.447,LIVE,10.7224,81.3093,52.167
2026-06-01 17:50:44.479,LIVE,10.7278,81.3117,52.1929
2026-06-01 17:50:44.512,LIVE,10.7331,81.3139,52.2176
2026-06-01 17:50:44.543,LIVE,10.7381,81.3159,52.2409
2026-06-01 17:50:44.574,LIVE,10.7428,81.3176,52.2632
2026-06-01 17:50:44.605,LIVE,10.7476,81.3192,52.2843
2026-06-01 17:50:44.638,LIVE,10.7523,81.3513,52.3107
2026-06-01 17:50:44.670,LIVE,10.7578,81.3801,52.3359
2026-06-01 17:50:44.701,LIVE,10.7619,81.406,52.3598
2026-06-01 17:50:44.732,LIVE,10.766,81.4294,52.3825
2026-06-01 17:50:44.765,LIVE,10.7696,81.4504,52.4041
2026-06-01 17:50:44.797,LIVE,10.7735,81.4693,52.4246
2026-06-01 17:50:44.829,LIVE,10.7773,81.4863,52.4441
2026-06-01 17:50:44.860,LIVE,10.7812,81.5016,52.4626
2026-06-01 17:50:44.892,LIVE,10.7848,81.5154,52.4801
2026-06-01 17:50:44.927,LIVE,10.7887,81.5278,52.4968
2026-06-01 17:50:44.955,LIVE,10.792,81.539,52.5127
2026-06-01 17:50:44.988,LIVE,10.7951,81.5491,52.5277
2026-06-01 17:50:45.019,LIVE,10.7978,81.5581,52.5421
2026-06-01 17:50:45.050,LIVE,10.8007,81.5662,52.5556
2026-06-01 17:50:45.082,LIVE,10.8035,81.5736,52.5686
2026-06-01 17:50:45.115,LIVE,10.8063,81.5802,52.5808
2026-06-01 17:50:45.145,LIVE,10.8089,81.6171,52.5779
2026-06-01 17:50:45.177,LIVE,10.8113,81.6503,52.575
2026-06-01 17:50:45.208,LIVE,10.8136,81.6802,52.5724
2026-06-01 17:50:45.240,LIVE,10.8157,81.7071,52.5698
2026-06-01 17:50:45.272,LIVE,10.8177,81.7313,52.5674
2026-06-01 17:50:45.305,LIVE,10.8195,81.7531,52.5651
2026-06-01 17:50:45.336,LIVE,10.8219,81.7727,52.5629
2026-06-01 17:50:45.367,LIVE,10.8236,81.7903,52.5608
2026-06-01 17:50:45.398,LIVE,10.8251,81.8062,52.5589
2026-06-01 17:50:45.431,LIVE,10.8268,81.8205,52.557
2026-06-01 17:50:45.462,LIVE,10.8283,81.8334,52.5552
2026-06-01 17:50:45.494,LIVE,10.8297,81.845,52.5535
2026-06-01 17:50:45.526,LIVE,10.8312,81.8554,52.5519
2026-06-01 17:50:45.556,LIVE,10.8326,81.8648,52.5504
2026-06-01 17:50:45.587,LIVE,10.834,81.8732,52.5489
2026-06-01 17:50:45.617,LIVE,10.8352,81.9212,52.551
2026-06-01 17:50:45.649,LIVE,10.8362,81.9644,52.553
2026-06-01 17:50:45.681,LIVE,10.8369,82.0033,52.5549
2026-06-01 17:50:45.716,LIVE,10.8378,82.0383,52.5566
2026-06-01 17:50:45.744,LIVE,10.8387,82.0698,52.5583
2026-06-01 17:50:45.775,LIVE,10.8394,82.0982,52.5599
2026-06-01 17:50:45.808,LIVE,10.8402,82.1237,52.5615
2026-06-01 17:50:45.839,LIVE,10.8409,82.1466,52.5629
2026-06-01 17:50:45.871,LIVE,10.8413,82.1673,52.5643
2026-06-01 17:50:45.902,LIVE,10.842,82.1859,52.5656
2026-06-01 17:50:45.934,LIVE,10.8419,82.2026,52.5668
2026-06-01 17:50:45.965,LIVE,10.8421,82.2177,52.568
2026-06-01 17:50:45.997,LIVE,10.8423,82.2313,52.5691
2026-06-01 17:50:46.030,LIVE,10.8431,82.2435,52.5702
2026-06-01 17:50:46.060,LIVE,10.8429,82.2544,52.5712
2026-06-01 17:50:46.093,LIVE,10.8428,82.2643,52.5722
2026-06-01 17:50:46.124,LIVE,10.8425,82.2732,52.587
2026-06-01 17:50:46.156,LIVE,10.8423,82.2812,52.6011
2026-06-01 17:50:46.188,LIVE,10.842,82.2884,52.6146
2026-06-01 17:50:46.221,LIVE,10.8418,82.2949,52.6273
2026-06-01 17:50:46.252,LIVE,10.8417,82.3007,52.6394
2026-06-01 17:50:46.284,LIVE,10.8415,82.306,52.6509
2026-06-01 17:50:46.316,LIVE,10.8409,82.3107,52.6618
2026-06-01 17:50:46.348,LIVE,10.8405,82.315,52.6722
2026-06-01 17:50:46.380,LIVE,10.8399,82.3188,52.6821
2026-06-01 17:50:46.411,LIVE,10.8394,82.3223,52.6914
2026-06-01 17:50:46.443,LIVE,10.8385,82.3254,52.7003
2026-06-01 17:50:46.475,LIVE,10.8377,82.3281,52.7088
2026-06-01 17:50:46.510,LIVE,10.837,82.3307,52.7168
2026-06-01 17:50:46.539,LIVE,10.836,82.3329,52.7245
2026-06-01 17:50:46.570,LIVE,10.835,82.335,52.7317
2026-06-01 17:50:46.602,LIVE,10.8343,82.3368,52.7386
2026-06-01 17:50:46.634,LIVE,10.8335,82.3197,52.9228
2026-06-01 17:50:46.666,LIVE,10.8324,82.3044,53.0977
2026-06-01 17:50:46.698,LIVE,10.8314,82.2905,53.2639
2026-06-01 17:50:46.730,LIVE,10.8305,82.2781,53.4218
2026-06-01 17:50:46.762,LIVE,10.8307,82.2669,53.5718
2026-06-01 17:50:46.793,LIVE,10.8294,82.2568,53.7143
2026-06-01 17:50:46.826,LIVE,10.8279,82.2477,53.8497
2026-06-01 17:50:46.857,LIVE,10.8266,82.2396,53.9783
2026-06-01 17:50:46.888,LIVE,10.8252,82.2322,54.1005
2026-06-01 17:50:46.920,LIVE,10.824,82.2256,54.2166
2026-06-01 17:50:46.952,LIVE,10.823,82.2197,54.3269
2026-06-01 17:50:46.984,LIVE,10.822,82.2143,54.4316
2026-06-01 17:50:47.016,LIVE,10.821,82.2095,54.5311
2026-06-01 17:50:47.049,LIVE,10.8198,82.2052,54.6257
2026-06-01 17:50:47.081,LIVE,10.8185,82.2013,54.7155
2026-06-01 17:50:47.113,LIVE,10.817,82.1977,54.8008
2026-06-01 17:50:47.143,LIVE,10.8157,82.1667,54.8874
2026-06-01 17:50:47.174,LIVE,10.8143,82.1388,54.9697
2026-06-01 17:50:47.205,LIVE,10.8129,82.1137,55.0479
2026-06-01 17:50:47.237,LIVE,10.8112,82.0911,55.1222
2026-06-01 17:50:47.269,LIVE,10.8097,82.0708,55.1928
2026-06-01 17:50:47.306,LIVE,10.8084,82.0524,55.2598
2026-06-01 17:50:47.332,LIVE,10.8068,82.036,55.3235
2026-06-01 17:50:47.365,LIVE,10.805,82.0211,55.384
2026-06-01 17:50:47.396,LIVE,10.8036,82.0078,55.4415
2026-06-01 17:50:47.426,LIVE,10.8021,81.9958,55.4961
2026-06-01 17:50:47.458,LIVE,10.8005,81.985,55.548
2026-06-01 17:50:47.491,LIVE,10.7988,81.9752,55.5972
2026-06-01 17:50:47.523,LIVE,10.798,81.9665,55.644
2026-06-01 17:50:47.555,LIVE,10.7964,81.9586,55.6885
2026-06-01 17:50:47.586,LIVE,10.7943,81.9515,55.7308
2026-06-01 17:50:47.618,LIVE,10.7926,81.9231,55.7886
2026-06-01 17:50:47.649,LIVE,10.7905,81.8975,55.8435
2026-06-01 17:50:47.681,LIVE,10.7886,81.8745,55.8957
2026-06-01 17:50:47.714,LIVE,10.7868,81.8537,55.9453
2026-06-01 17:50:47.746,LIVE,10.7851,81.8351,55.9924
2026-06-01 17:50:47.778,LIVE,10.7836,81.8183,56.0372
2026-06-01 17:50:47.809,LIVE,10.7819,81.8032,56.0797
2026-06-01 17:50:47.841,LIVE,10.78,81.7896,56.1201
2026-06-01 17:50:47.871,LIVE,10.7781,81.7773,56.1584
2026-06-01 17:50:47.903,LIVE,10.7761,81.7663,56.1949
2026-06-01 17:50:47.934,LIVE,10.7741,81.7564,56.2295
2026-06-01 17:50:47.967,LIVE,10.7722,81.7475,56.2624
2026-06-01 17:50:47.998,LIVE,10.7699,81.7395,56.2937
2026-06-01 17:50:48.031,LIVE,10.768,81.7322,56.3233
2026-06-01 17:50:48.062,LIVE,10.7658,81.7257,56.3515
2026-06-01 17:50:48.098,LIVE,10.7636,81.7199,56.3783
2026-06-01 17:50:48.125,LIVE,10.7617,81.7294,56.4493
2026-06-01 17:50:48.155,LIVE,10.7599,81.738,56.5166
2026-06-01 17:50:48.187,LIVE,10.7581,81.7457,56.5806
2026-06-01 17:50:48.218,LIVE,10.7561,81.7527,56.6415
2026-06-01 17:50:48.250,LIVE,10.7542,81.7589,56.6992
2026-06-01 17:50:48.282,LIVE,10.7527,81.7646,56.7541
2026-06-01 17:50:48.314,LIVE,10.7511,81.7696,56.8062
2026-06-01 17:50:48.346,LIVE,10.749,81.7742,56.8558
2026-06-01 17:50:48.378,LIVE,10.747,81.7783,56.9028
2026-06-01 17:50:48.408,LIVE,10.7447,81.782,56.9475
2026-06-01 17:50:48.441,LIVE,10.7428,81.7853,56.99
2026-06-01 17:50:48.472,LIVE,10.7406,81.7883,57.0303
2026-06-01 17:50:48.505,LIVE,10.739,81.791,57.0686
2026-06-01 17:50:48.535,LIVE,10.7372,81.7935,57.105
2026-06-01 17:50:48.568,LIVE,10.7356,81.7956,57.1396
2026-06-01 17:50:48.600,LIVE,10.734,81.7976,57.1725
2026-06-01 17:50:48.632,LIVE,10.7318,81.7619,57.2681
2026-06-01 17:50:48.664,LIVE,10.7299,81.7298,57.3589
2026-06-01 17:50:48.696,LIVE,10.7278,81.7009,57.4451
2026-06-01 17:50:48.727,LIVE,10.7257,81.6748,57.5271
2026-06-01 17:50:48.759,LIVE,10.7237,81.6514,57.6049
2026-06-01 17:50:48.791,LIVE,10.7216,81.6303,57.6788
2026-06-01 17:50:48.823,LIVE,10.7195,81.6114,57.7491
2026-06-01 17:50:48.855,LIVE,10.7176,81.5943,57.8158
2026-06-01 17:50:48.889,LIVE,10.7157,81.5789,57.8793
2026-06-01 17:50:48.918,LIVE,10.7137,81.5651,57.9395
2026-06-01 17:50:48.949,LIVE,10.712,81.5526,57.9967
2026-06-01 17:50:48.980,LIVE,10.7099,81.5414,58.0511
2026-06-01 17:50:49.013,LIVE,10.7081,81.5314,58.1027
2026-06-01 17:50:49.045,LIVE,10.7071,81.5223,58.1518
2026-06-01 17:50:49.077,LIVE,10.7053,81.5141,58.1984
2026-06-01 17:50:49.108,LIVE,10.7035,81.5068,58.2427
2026-06-01 17:50:49.140,LIVE,10.7018,81.4863,58.3028
2026-06-01 17:50:49.171,LIVE,10.7,81.4679,58.36
2026-06-01 17:50:49.203,LIVE,10.6983,81.4514,58.4143
2026-06-01 17:50:49.235,LIVE,10.697,81.4365,58.4659
2026-06-01 17:50:49.267,LIVE,10.696,81.4231,58.5149
2026-06-01 17:50:49.299,LIVE,10.6947,81.411,58.5615
2026-06-01 17:50:49.331,LIVE,10.6932,81.4001,58.6057
2026-06-01 17:50:49.364,LIVE,10.6917,81.3904,58.6477
2026-06-01 17:50:49.396,LIVE,10.6899,81.3816,58.6876
2026-06-01 17:50:49.427,LIVE,10.6885,81.3737,58.7255
2026-06-01 17:50:49.458,LIVE,10.6868,81.3665,58.7616
2026-06-01 17:50:49.490,LIVE,10.6856,81.3601,58.7958
2026-06-01 17:50:49.522,LIVE,10.6844,81.3543,58.8283
2026-06-01 17:50:49.555,LIVE,10.6829,81.3492,58.8592
2026-06-01 17:50:49.587,LIVE,10.6815,81.3445,58.8885
2026-06-01 17:50:49.619,LIVE,10.6802,81.3354,58.9313
2026-06-01 17:50:49.651,LIVE,10.6789,81.3273,58.9718
2026-06-01 17:50:49.685,LIVE,10.6777,81.32,59.0104
2026-06-01 17:50:49.714,LIVE,10.6763,81.3134,59.047
2026-06-01 17:50:49.745,LIVE,10.6747,81.3075,59.0818
2026-06-01 17:50:49.777,LIVE,10.6734,81.3022,59.1148
2026-06-01 17:50:49.808,LIVE,10.6724,81.2974,59.1462
2026-06-01 17:50:49.841,LIVE,10.6709,81.2931,59.176
2026-06-01 17:50:49.872,LIVE,10.6695,81.2892,59.2044
2026-06-01 17:50:49.904,LIVE,10.6679,81.2857,59.2313
2026-06-01 17:50:49.937,LIVE,10.6664,81.2825,59.2569
2026-06-01 17:50:49.968,LIVE,10.665,81.2797,59.2811
2026-06-01 17:50:50.000,LIVE,10.6638,81.2771,59.3042
2026-06-01 17:50:50.032,LIVE,10.6626,81.2748,59.3261
2026-06-01 17:50:50.064,LIVE,10.6614,81.2728,59.347
2026-06-01 17:50:50.098,LIVE,10.6598,81.2709,59.3668
2026-06-01 17:50:50.129,LIVE,10.6586,81.2557,59.3694
2026-06-01 17:50:50.161,LIVE,10.6571,81.242,59.3719
2026-06-01 17:50:50.192,LIVE,10.6557,81.2297,59.3742
2026-06-01 17:50:50.224,LIVE,10.6545,81.2186,59.3765
2026-06-01 17:50:50.254,LIVE,10.653,81.2087,59.3786
2026-06-01 17:50:50.285,LIVE,10.6513,81.1997,59.3806
2026-06-01 17:50:50.317,LIVE,10.6499,81.1916,59.3825
2026-06-01 17:50:50.350,LIVE,10.6484,81.1843,59.3844
2026-06-01 17:50:50.381,LIVE,10.6465,81.1778,59.3861
2026-06-01 17:50:50.413,LIVE,10.6451,81.1719,59.3877
2026-06-01 17:50:50.445,LIVE,10.6434,81.1666,59.3893
2026-06-01 17:50:50.482,LIVE,10.6419,81.1618,59.3908
2026-06-01 17:50:50.509,LIVE,10.6403,81.1575,59.3922
2026-06-01 17:50:50.541,LIVE,10.6388,81.1536,59.3936
2026-06-01 17:50:50.572,LIVE,10.6385,81.1502,59.3948
2026-06-01 17:50:50.604,LIVE,10.637,81.147,59.396
2026-06-01 17:50:50.635,LIVE,10.6355,81.1621,59.3914
2026-06-01 17:50:50.668,LIVE,10.6341,81.1756,59.3869
2026-06-01 17:50:50.699,LIVE,10.6325,81.1878,59.3827
2026-06-01 17:50:50.731,LIVE,10.6311,81.1987,59.3787
2026-06-01 17:50:50.763,LIVE,10.6298,81.2086,59.3749
2026-06-01 17:50:50.795,LIVE,10.6286,81.2174,59.3713
2026-06-01 17:50:50.825,LIVE,10.6277,81.2254,59.3678
2026-06-01 17:50:50.858,LIVE,10.6265,81.2326,59.3646
2026-06-01 17:50:50.888,LIVE,10.6253,81.2391,59.3615
2026-06-01 17:50:50.920,LIVE,10.6239,81.2449,59.3585
2026-06-01 17:50:50.951,LIVE,10.6226,81.2501,59.3557
2026-06-01 17:50:50.983,LIVE,10.6212,81.2548,59.353
2026-06-01 17:50:51.014,LIVE,10.6199,81.2591,59.3505
2026-06-01 17:50:51.046,LIVE,10.6184,81.2629,59.3481
2026-06-01 17:50:51.079,LIVE,10.6169,81.2663,59.3458
2026-06-01 17:50:51.112,LIVE,10.6154,81.2694,59.3437
2026-06-01 17:50:51.141,LIVE,10.6141,81.2666,59.3354
2026-06-01 17:50:51.173,LIVE,10.613,81.2641,59.3276
2026-06-01 17:50:51.206,LIVE,10.6118,81.2618,59.3201
2026-06-01 17:50:51.236,LIVE,10.6103,81.2598,59.313
2026-06-01 17:50:51.270,LIVE,10.6089,81.2579,59.3063
2026-06-01 17:50:51.299,LIVE,10.6077,81.2563,59.2999
2026-06-01 17:50:51.331,LIVE,10.6076,81.2548,59.2939
2026-06-01 17:50:51.363,LIVE,10.6063,81.2534,59.2881
2026-06-01 17:50:51.395,LIVE,10.6051,81.2522,59.2826
2026-06-01 17:50:51.428,LIVE,10.604,81.2511,59.2774
2026-06-01 17:50:51.459,LIVE,10.603,81.2502,59.2725
2026-06-01 17:50:51.490,LIVE,10.602,81.2493,59.2678
2026-06-01 17:50:51.521,LIVE,10.6011,81.2485,59.2633
2026-06-01 17:50:51.554,LIVE,10.6003,81.2478,59.2591
2026-06-01 17:50:51.586,LIVE,10.5997,81.2471,59.255
2026-06-01 17:50:51.619,LIVE,10.5989,81.2595,59.2329
2026-06-01 17:50:51.650,LIVE,10.5979,81.2706,59.2119
2026-06-01 17:50:51.682,LIVE,10.597,81.2806,59.192
2026-06-01 17:50:51.712,LIVE,10.596,81.2896,59.173
2026-06-01 17:50:51.744,LIVE,10.5951,81.2977,59.155
2026-06-01 17:50:51.775,LIVE,10.5941,81.305,59.1379
2026-06-01 17:50:51.807,LIVE,10.5933,81.3116,59.1216
2026-06-01 17:50:51.839,LIVE,10.5925,81.3175,59.1062
2026-06-01 17:50:51.870,LIVE,10.5919,81.3228,59.0915
2026-06-01 17:50:51.901,LIVE,10.5912,81.3276,59.0776
2026-06-01 17:50:51.934,LIVE,10.5906,81.3319,59.0643
2026-06-01 17:50:51.964,LIVE,10.5901,81.3358,59.0517
2026-06-01 17:50:51.996,LIVE,10.5896,81.3393,59.0398
2026-06-01 17:50:52.028,LIVE,10.5887,81.3424,59.0284
2026-06-01 17:50:52.064,LIVE,10.5882,81.3452,59.0177
2026-06-01 17:50:52.091,LIVE,10.588,81.3478,59.0074
2026-06-01 17:50:52.123,LIVE,10.5875,81.3599,59.0054
2026-06-01 17:50:52.154,LIVE,10.5868,81.3709,59.0035
2026-06-01 17:50:52.186,LIVE,10.5863,81.3807,59.0016
2026-06-01 17:50:52.217,LIVE,10.5856,81.3896,58.9999
2026-06-01 17:50:52.249,LIVE,10.5853,81.3975,58.9982
2026-06-01 17:50:52.281,LIVE,10.5848,81.4047,58.9967
2026-06-01 17:50:52.313,LIVE,10.5845,81.4112,58.9952
2026-06-01 17:50:52.345,LIVE,10.5841,81.417,58.9938
2026-06-01 17:50:52.377,LIVE,10.5839,81.4222,58.9924
2026-06-01 17:50:52.407,LIVE,10.5833,81.4269,58.9911
2026-06-01 17:50:52.439,LIVE,10.5828,81.4311,58.9899
2026-06-01 17:50:52.471,LIVE,10.5822,81.435,58.9888
2026-06-01 17:50:52.502,LIVE,10.5817,81.4384,58.9877
2026-06-01 17:50:52.534,LIVE,10.5812,81.4415,58.9866
2026-06-01 17:50:52.567,LIVE,10.5809,81.4443,58.9856
2026-06-01 17:50:52.598,LIVE,10.5806,81.4468,58.9847
2026-06-01 17:50:52.631,LIVE,10.5802,81.4537,58.9565
2026-06-01 17:50:52.663,LIVE,10.5799,81.4599,58.9298
2026-06-01 17:50:52.695,LIVE,10.5796,81.4655,58.9043
2026-06-01 17:50:52.727,LIVE,10.5789,81.4706,58.8802
2026-06-01 17:50:52.756,LIVE,10.5783,81.4751,58.8572
2026-06-01 17:50:52.789,LIVE,10.5784,81.4792,58.8354
2026-06-01 17:50:52.820,LIVE,10.578,81.4829,58.8147
2026-06-01 17:50:52.854,LIVE,10.5774,81.4862,58.795
2026-06-01 17:50:52.883,LIVE,10.5768,81.4892,58.7763
2026-06-01 17:50:52.915,LIVE,10.5763,81.4919,58.7586
2026-06-01 17:50:52.945,LIVE,10.5757,81.4943,58.7417
2026-06-01 17:50:52.978,LIVE,10.5751,81.4965,58.7257
2026-06-01 17:50:53.010,LIVE,10.5747,81.4985,58.7105
2026-06-01 17:50:53.041,LIVE,10.5742,81.5002,58.696
2026-06-01 17:50:53.074,LIVE,10.5738,81.5018,58.6823
2026-06-01 17:50:53.105,LIVE,10.5732,81.5032,58.6692
2026-06-01 17:50:53.138,LIVE,10.5725,81.5027,58.6387
2026-06-01 17:50:53.169,LIVE,10.5718,81.5023,58.6097
2026-06-01 17:50:53.202,LIVE,10.5714,81.5019,58.5822
2026-06-01 17:50:53.233,LIVE,10.5707,81.5015,58.556
2026-06-01 17:50:53.264,LIVE,10.57,81.5012,58.5311
2026-06-01 17:50:53.297,LIVE,10.5694,81.5009,58.5075
2026-06-01 17:50:53.328,LIVE,10.5687,81.5007,58.4851
2026-06-01 17:50:53.361,LIVE,10.568,81.5004,58.4638
2026-06-01 17:50:53.392,LIVE,10.5674,81.5002,58.4435
2026-06-01 17:50:53.424,LIVE,10.5667,81.5,58.4243
2026-06-01 17:50:53.455,LIVE,10.5657,81.4998,58.406
2026-06-01 17:50:53.486,LIVE,10.565,81.4997,58.3886
2026-06-01 17:50:53.518,LIVE,10.5651,81.4996,58.3722
2026-06-01 17:50:53.550,LIVE,10.5644,81.4994,58.3565
2026-06-01 17:50:53.582,LIVE,10.5635,81.4993,58.3416
2026-06-01 17:50:53.614,LIVE,10.5627,81.4992,58.3275
2026-06-01 17:50:53.650,LIVE,10.5618,81.5243,58.3304
2026-06-01 17:50:53.676,LIVE,10.5611,81.547,58.3332
2026-06-01 17:50:53.708,LIVE,10.5605,81.5673,58.3358
2026-06-01 17:50:53.740,LIVE,10.5599,81.5856,58.3383
2026-06-01 17:50:53.771,LIVE,10.5593,81.6021,58.3407
2026-06-01 17:50:53.803,LIVE,10.5587,81.617,58.343
2026-06-01 17:50:53.833,LIVE,10.5579,81.6303,58.3451
2026-06-01 17:50:53.865,LIVE,10.5571,81.6423,58.3472
2026-06-01 17:50:53.896,LIVE,10.5563,81.6532,58.3491
2026-06-01 17:50:53.928,LIVE,10.5554,81.6629,58.3509
2026-06-01 17:50:53.960,LIVE,10.5547,81.6717,58.3527
2026-06-01 17:50:53.992,LIVE,10.5539,81.6795,58.3544
2026-06-01 17:50:54.023,LIVE,10.5529,81.6866,58.3559
2026-06-01 17:50:54.055,LIVE,10.5519,81.693,58.3574
2026-06-01 17:50:54.087,LIVE,10.5511,81.6988,58.3589
2026-06-01 17:50:54.119,LIVE,10.5504,81.7051,58.3607
2026-06-01 17:50:54.151,LIVE,10.5495,81.7107,58.3624
2026-06-01 17:50:54.182,LIVE,10.5486,81.7158,58.3641
2026-06-01 17:50:54.214,LIVE,10.5476,81.7204,58.3657
2026-06-01 17:50:54.245,LIVE,10.5476,81.7246,58.3671
2026-06-01 17:50:54.277,LIVE,10.5468,81.7283,58.3686
2026-06-01 17:50:54.309,LIVE,10.5457,81.7316,58.3699
2026-06-01 17:50:54.340,LIVE,10.5448,81.7346,58.3712
2026-06-01 17:50:54.373,LIVE,10.5439,81.7374,58.3724
2026-06-01 17:50:54.405,LIVE,10.5431,81.7398,58.3735
2026-06-01 17:50:54.439,LIVE,10.5422,81.742,58.3746
2026-06-01 17:50:54.467,LIVE,10.5417,81.744,58.3757
2026-06-01 17:50:54.500,LIVE,10.5407,81.7457,58.3767
2026-06-01 17:50:54.531,LIVE,10.54,81.7473,58.3776
2026-06-01 17:50:54.564,LIVE,10.5391,81.7488,58.3785
2026-06-01 17:50:54.595,LIVE,10.5381,81.7501,58.3793
2026-06-01 17:50:54.628,LIVE,10.5374,81.7368,58.3857
2026-06-01 17:50:54.660,LIVE,10.5366,81.7249,58.3917
2026-06-01 17:50:54.690,LIVE,10.5358,81.7142,58.3974
2026-06-01 17:50:54.723,LIVE,10.5349,81.7045,58.4029
2026-06-01 17:50:54.755,LIVE,10.534,81.6958,58.4081
2026-06-01 17:50:54.785,LIVE,10.5331,81.688,58.413
2026-06-01 17:50:54.817,LIVE,10.5321,81.681,58.4176
2026-06-01 17:50:54.851,LIVE,10.5313,81.6746,58.4221
2026-06-01 17:50:54.882,LIVE,10.5305,81.6689,58.4263
2026-06-01 17:50:54.913,LIVE,10.53,81.6638,58.4303
2026-06-01 17:50:54.944,LIVE,10.5293,81.6592,58.4341
2026-06-01 17:50:54.977,LIVE,10.5285,81.655,58.4377
2026-06-01 17:50:55.009,LIVE,10.529,81.6513,58.4411
2026-06-01 17:50:55.040,LIVE,10.5282,81.6479,58.4444
2026-06-01 17:50:55.071,LIVE,10.5274,81.6449,58.4475
2026-06-01 17:50:55.102,LIVE,10.5265,81.6422,58.4504
2026-06-01 17:50:55.134,LIVE,10.5257,81.653,58.4532
2026-06-01 17:50:55.166,LIVE,10.525,81.6627,58.4559
2026-06-01 17:50:55.198,LIVE,10.5242,81.6715,58.4584
2026-06-01 17:50:55.233,LIVE,10.5237,81.6794,58.4608
2026-06-01 17:50:55.261,LIVE,10.5232,81.6865,58.4631
2026-06-01 17:50:55.294,LIVE,10.5227,81.6929,58.4652
2026-06-01 17:50:55.324,LIVE,10.5223,81.6987,58.4673
2026-06-01 17:50:55.355,LIVE,10.5217,81.7039,58.4692
2026-06-01 17:50:55.386,LIVE,10.5212,81.7085,58.4711
2026-06-01 17:50:55.417,LIVE,10.5207,81.7127,58.4728
2026-06-01 17:50:55.448,LIVE,10.52,81.7165,58.4745
2026-06-01 17:50:55.479,LIVE,10.5195,81.7199,58.4761
2026-06-01 17:50:55.510,LIVE,10.5188,81.723,58.4776
2026-06-01 17:50:55.543,LIVE,10.5184,81.7257,58.4791
2026-06-01 17:50:55.575,LIVE,10.5178,81.7282,58.4804
2026-06-01 17:50:55.606,LIVE,10.5172,81.7304,58.4817
2026-06-01 17:50:55.639,LIVE,10.5169,81.7194,58.4838
2026-06-01 17:50:55.670,LIVE,10.5164,81.7095,58.4858
2026-06-01 17:50:55.700,LIVE,10.516,81.7005,58.4877
2026-06-01 17:50:55.732,LIVE,10.5155,81.6925,58.4895
2026-06-01 17:50:55.764,LIVE,10.5153,81.6852,58.4912
2026-06-01 17:50:55.795,LIVE,10.5163,81.6787,58.4928
2026-06-01 17:50:55.827,LIVE,10.5159,81.6729,58.4943
2026-06-01 17:50:55.860,LIVE,10.5155,81.6676,58.4958
2026-06-01 17:50:55.891,LIVE,10.5151,81.6628,58.4972
2026-06-01 17:50:55.924,LIVE,10.5148,81.6585,58.4985
2026-06-01 17:50:55.955,LIVE,10.5143,81.6547,58.4998
2026-06-01 17:50:55.986,LIVE,10.5142,81.6512,58.501
2026-06-01 17:50:56.022,LIVE,10.514,81.6481,58.5021
2026-06-01 17:50:56.050,LIVE,10.5141,81.6453,58.5032
2026-06-01 17:50:56.081,LIVE,10.5139,81.6428,58.5042
2026-06-01 17:50:56.113,LIVE,10.5137,81.6405,58.5052
2026-06-01 17:50:56.145,LIVE,10.5135,81.6346,58.5009
2026-06-01 17:50:56.179,LIVE,10.5133,81.6294,58.4968
2026-06-01 17:50:56.210,LIVE,10.5131,81.6246,58.493
2026-06-01 17:50:56.240,LIVE,10.5128,81.6203,58.4893
2026-06-01 17:50:56.271,LIVE,10.5123,81.6165,58.4858
2026-06-01 17:50:56.303,LIVE,10.5119,81.613,58.4825
2026-06-01 17:50:56.335,LIVE,10.5115,81.6099,58.4794
2026-06-01 17:50:56.368,LIVE,10.5112,81.6071,58.4764
2026-06-01 17:50:56.399,LIVE,10.5108,81.6046,58.4736
2026-06-01 17:50:56.431,LIVE,10.5106,81.6023,58.4709
2026-06-01 17:50:56.464,LIVE,10.51,81.6003,58.4683
2026-06-01 17:50:56.496,LIVE,10.5094,81.5984,58.4659
2026-06-01 17:50:56.527,LIVE,10.5089,81.5968,58.4636
2026-06-01 17:50:56.558,LIVE,10.5089,81.5953,58.4614
2026-06-01 17:50:56.589,LIVE,10.5084,81.5939,58.4593
2026-06-01 17:50:56.621,LIVE,10.5078,81.5992,58.4573
2026-06-01 17:50:56.654,LIVE,10.5071,81.6039,58.4554
2026-06-01 17:50:56.684,LIVE,10.5067,81.6082,58.4536
2026-06-01 17:50:56.716,LIVE,10.5061,81.612,58.4519
2026-06-01 17:50:56.748,LIVE,10.506,81.6155,58.4503
2026-06-01 17:50:56.780,LIVE,10.5055,81.6186,58.4488
2026-06-01 17:50:56.815,LIVE,10.5053,81.6214,58.4473
2026-06-01 17:50:56.843,LIVE,10.5049,81.6239,58.446
2026-06-01 17:50:56.876,LIVE,10.5042,81.6262,58.4447
2026-06-01 17:50:56.908,LIVE,10.5037,81.6282,58.4434
2026-06-01 17:50:56.938,LIVE,10.5031,81.6301,58.4422
2026-06-01 17:50:56.969,LIVE,10.5022,81.6317,58.4411
2026-06-01 17:50:57.002,LIVE,10.5016,81.6332,58.44
2026-06-01 17:50:57.033,LIVE,10.5009,81.6345,58.439
2026-06-01 17:50:57.065,LIVE,10.5002,81.6357,58.438
2026-06-01 17:50:57.097,LIVE,10.4995,81.6368,58.4371
2026-06-01 17:50:57.128,LIVE,10.4989,81.6492,58.4428
2026-06-01 17:50:57.161,LIVE,10.4981,81.6603,58.4483
2026-06-01 17:50:57.193,LIVE,10.4976,81.6704,58.4534
2026-06-01 17:50:57.223,LIVE,10.4968,81.6794,58.4583
2026-06-01 17:50:57.255,LIVE,10.496,81.6875,58.4629
2026-06-01 17:50:57.284,LIVE,10.4954,81.6948,58.4674
2026-06-01 17:50:57.315,LIVE,10.4951,81.7014,58.4716
2026-06-01 17:50:57.348,LIVE,10.4946,81.7073,58.4755
2026-06-01 17:50:57.380,LIVE,10.4938,81.7127,58.4793
2026-06-01 17:50:57.410,LIVE,10.493,81.7175,58.4829
2026-06-01 17:50:57.442,LIVE,10.4923,81.7218,58.4864
2026-06-01 17:50:57.474,LIVE,10.4916,81.7257,58.4896
2026-06-01 17:50:57.506,LIVE,10.4912,81.7292,58.4927
2026-06-01 17:50:57.538,LIVE,10.4909,81.7323,58.4956
2026-06-01 17:50:57.569,LIVE,10.4907,81.7351,58.4984
2026-06-01 17:50:57.603,LIVE,10.4903,81.7377,58.501
2026-06-01 17:50:57.632,LIVE,10.4897,81.7447,58.4898
2026-06-01 17:50:57.664,LIVE,10.4891,81.7511,58.4792
2026-06-01 17:50:57.695,LIVE,10.4882,81.7568,58.4691
2026-06-01 17:50:57.727,LIVE,10.4875,81.762,58.4595
2026-06-01 17:50:57.760,LIVE,10.4869,81.7666,58.4503
2026-06-01 17:50:57.792,LIVE,10.4863,81.7708,58.4417
2026-06-01 17:50:57.824,LIVE,10.4858,81.7745,58.4334
2026-06-01 17:50:57.855,LIVE,10.4851,81.7779,58.4256
2026-06-01 17:50:57.887,LIVE,10.4843,81.7809,58.4181
2026-06-01 17:50:57.918,LIVE,10.4836,81.7837,58.4111
2026-06-01 17:50:57.948,LIVE,10.4829,81.7861,58.4044
2026-06-01 17:50:57.980,LIVE,10.4824,81.7884,58.398
2026-06-01 17:50:58.012,LIVE,10.4817,81.7904,58.3919
2026-06-01 17:50:58.045,LIVE,10.4808,81.7921,58.3862
2026-06-01 17:50:58.077,LIVE,10.4801,81.7938,58.3807
2026-06-01 17:50:58.109,LIVE,10.4807,81.7952,58.3755
2026-06-01 17:50:58.141,LIVE,10.4801,81.768,58.4894
2026-06-01 17:50:58.172,LIVE,10.4797,81.7436,58.5976
2026-06-01 17:50:58.205,LIVE,10.4792,81.7215,58.7004
2026-06-01 17:50:58.236,LIVE,10.4785,81.7017,58.7981
2026-06-01 17:50:58.267,LIVE,10.4781,81.6839,58.8909
2026-06-01 17:50:58.299,LIVE,10.4777,81.6678,58.979
2026-06-01 17:50:58.332,LIVE,10.4774,81.6534,59.0627
2026-06-01 17:50:58.363,LIVE,10.4773,81.6404,59.1423
2026-06-01 17:50:58.398,LIVE,10.4769,81.6287,59.2178
2026-06-01 17:50:58.428,LIVE,10.4765,81.6181,59.2896
2026-06-01 17:50:58.459,LIVE,10.476,81.6087,59.3578
2026-06-01 17:50:58.491,LIVE,10.4755,81.6001,59.4226
2026-06-01 17:50:58.522,LIVE,10.475,81.5924,59.4842
2026-06-01 17:50:58.555,LIVE,10.4744,81.5855,59.5426
2026-06-01 17:50:58.586,LIVE,10.474,81.5793,59.5982
2026-06-01 17:50:58.618,LIVE,10.4735,81.5617,59.6581
2026-06-01 17:50:58.650,LIVE,10.473,81.5459,59.7149
2026-06-01 17:50:58.682,LIVE,10.4724,81.5317,59.769
2026-06-01 17:50:58.713,LIVE,10.4717,81.5189,59.8203
2026-06-01 17:50:58.744,LIVE,10.4712,81.5073,59.8691
2026-06-01 17:50:58.776,LIVE,10.4708,81.4969,59.9154
2026-06-01 17:50:58.807,LIVE,10.4704,81.4876,59.9594
2026-06-01 17:50:58.838,LIVE,10.47,81.4792,60.0012
2026-06-01 17:50:58.870,LIVE,10.4694,81.4716,60.0409
2026-06-01 17:50:58.900,LIVE,10.4699,81.4648,60.0787
2026-06-01 17:50:58.932,LIVE,10.4693,81.4587,60.1145
2026-06-01 17:50:58.962,LIVE,10.4689,81.4532,60.1486
2026-06-01 17:50:58.994,LIVE,10.4685,81.4482,60.1809
2026-06-01 17:50:59.026,LIVE,10.4685,81.4437,60.2116
2026-06-01 17:50:59.059,LIVE,10.4687,81.4397,60.2408
2026-06-01 17:50:59.091,LIVE,10.4691,81.4361,60.2686
2026-06-01 17:50:59.123,LIVE,10.4698,81.4353,60.3125
2026-06-01 17:50:59.155,LIVE,10.4702,81.4346,60.3541
2026-06-01 17:50:59.189,LIVE,10.4709,81.434,60.3937
2026-06-01 17:50:59.218,LIVE,10.4716,81.4334,60.4314
2026-06-01 17:50:59.248,LIVE,10.4724,81.4329,60.4671
2026-06-01 17:50:59.281,LIVE,10.4734,81.4324,60.5011
2026-06-01 17:50:59.312,LIVE,10.4748,81.432,60.5333
2026-06-01 17:50:59.343,LIVE,10.4763,81.4316,60.564
2026-06-01 17:50:59.376,LIVE,10.4782,81.4313,60.5931
2026-06-01 17:50:59.408,LIVE,10.4803,81.431,60.6207
2026-06-01 17:50:59.440,LIVE,10.4827,81.4307,60.647
2026-06-01 17:50:59.471,LIVE,10.4851,81.4305,60.672
2026-06-01 17:50:59.503,LIVE,10.4883,81.4302,60.6957
2026-06-01 17:50:59.533,LIVE,10.4918,81.43,60.7182
2026-06-01 17:50:59.564,LIVE,10.4957,81.4299,60.7396
2026-06-01 17:50:59.596,LIVE,10.4999,81.4297,60.7599
2026-06-01 17:50:59.629,LIVE,10.5046,81.4088,60.7615
2026-06-01 17:50:59.660,LIVE,10.5096,81.3899,60.763
2026-06-01 17:50:59.693,LIVE,10.5162,81.3729,60.7645
2026-06-01 17:50:59.725,LIVE,10.522,81.3577,60.7658
2026-06-01 17:50:59.755,LIVE,10.5284,81.3439,60.7671
2026-06-01 17:50:59.787,LIVE,10.5353,81.3315,60.7684
2026-06-01 17:50:59.819,LIVE,10.5423,81.3204,60.7695
2026-06-01 17:50:59.850,LIVE,10.5501,81.3104,60.7706
2026-06-01 17:50:59.883,LIVE,10.5584,81.3014,60.7717
2026-06-01 17:50:59.914,LIVE,10.5671,81.2933,60.7727
2026-06-01 17:50:59.947,LIVE,10.5763,81.286,60.7736
2026-06-01 17:50:59.983,LIVE,10.5857,81.2794,60.7745
2026-06-01 17:51:00.011,LIVE,10.5956,81.2735,60.7754
2026-06-01 17:51:00.042,LIVE,10.6058,81.2681,60.7762
2026-06-01 17:51:00.074,LIVE,10.6163,81.2634,60.777
2026-06-01 17:51:00.106,LIVE,10.6271,81.259,60.7777
2026-06-01 17:51:00.138,LIVE,10.6382,81.2487,60.7363
2026-06-01 17:51:00.169,LIVE,10.6495,81.2394,60.6969
2026-06-01 17:51:00.202,LIVE,10.6613,81.2311,60.6595
2026-06-01 17:51:00.233,LIVE,10.6735,81.2236,60.624
2026-06-01 17:51:00.263,LIVE,10.6859,81.2168,60.5902
2026-06-01 17:51:00.296,LIVE,10.6986,81.2107,60.5581
2026-06-01 17:51:00.327,LIVE,10.7115,81.2052,60.5277
2026-06-01 17:51:00.358,LIVE,10.7247,81.2003,60.4987
2026-06-01 17:51:00.391,LIVE,10.7379,81.1958,60.4712
2026-06-01 17:51:00.422,LIVE,10.7514,81.1918,60.4451
2026-06-01 17:51:00.455,LIVE,10.7654,81.1882,60.4203
2026-06-01 17:51:00.485,LIVE,10.7794,81.185,60.3967
2026-06-01 17:51:00.517,LIVE,10.7933,81.1821,60.3743
2026-06-01 17:51:00.547,LIVE,10.8075,81.1795,60.3531
2026-06-01 17:51:00.579,LIVE,10.8219,81.1771,60.3328
2026-06-01 17:51:00.611,LIVE,10.8365,81.175,60.3136
2026-06-01 17:51:00.643,LIVE,10.8513,81.1776,60.2731
2026-06-01 17:51:00.674,LIVE,10.8665,81.18,60.2346
2026-06-01 17:51:00.706,LIVE,10.882,81.1822,60.1981
2026-06-01 17:51:00.738,LIVE,10.8972,81.1841,60.1633
2026-06-01 17:51:00.775,LIVE,10.9125,81.1858,60.1304
2026-06-01 17:51:00.802,LIVE,10.9277,81.1874,60.099
2026-06-01 17:51:00.833,LIVE,10.9432,81.1888,60.0692
2026-06-01 17:51:00.864,LIVE,10.9588,81.1901,60.0409
2026-06-01 17:51:00.896,LIVE,10.9744,81.1912,60.0141
2026-06-01 17:51:00.929,LIVE,10.9898,81.1923,59.9885
2026-06-01 17:51:00.961,LIVE,11.0056,81.1932,59.9643
2026-06-01 17:51:00.992,LIVE,11.0214,81.194,59.9412
2026-06-01 17:51:01.025,LIVE,11.0372,81.1948,59.9193
2026-06-01 17:51:01.057,LIVE,11.0531,81.1955,59.8985
2026-06-01 17:51:01.088,LIVE,11.0688,81.1961,59.8788
2026-06-01 17:51:01.120,LIVE,11.0846,81.1869,59.8442
2026-06-01 17:51:01.151,LIVE,11.1002,81.1787,59.8113
2026-06-01 17:51:01.183,LIVE,11.116,81.1714,59.7801
2026-06-01 17:51:01.215,LIVE,11.1312,81.1647,59.7505
2026-06-01 17:51:01.248,LIVE,11.1478,81.1587,59.7223
2026-06-01 17:51:01.279,LIVE,11.1628,81.1534,59.6956
2026-06-01 17:51:01.312,LIVE,11.1773,81.1485,59.6702
2026-06-01 17:51:01.343,LIVE,11.1919,81.1442,59.646
2026-06-01 17:51:01.374,LIVE,11.2063,81.1402,59.6231
2026-06-01 17:51:01.406,LIVE,11.2202,81.1367,59.6013
2026-06-01 17:51:01.437,LIVE,11.2343,81.1335,59.5806
2026-06-01 17:51:01.469,LIVE,11.2479,81.1307,59.5609
2026-06-01 17:51:01.500,LIVE,11.2613,81.1281,59.5422
2026-06-01 17:51:01.531,LIVE,11.2743,81.1258,59.5245
2026-06-01 17:51:01.567,LIVE,11.2871,81.1237,59.5076
2026-06-01 17:51:01.594,LIVE,11.2997,81.1218,59.4916
2026-06-01 17:51:01.627,LIVE,11.3119,81.1023,59.4794
2026-06-01 17:51:01.658,LIVE,11.3237,81.0848,59.4679
2026-06-01 17:51:01.690,LIVE,11.3355,81.069,59.4569
2026-06-01 17:51:01.722,LIVE,11.3469,81.0547,59.4465
2026-06-01 17:51:01.754,LIVE,11.3583,81.0419,59.4366
2026-06-01 17:51:01.785,LIVE,11.3698,81.0304,59.4272
2026-06-01 17:51:01.817,LIVE,11.3808,81.0201,59.4183
2026-06-01 17:51:01.848,LIVE,11.3914,81.0107,59.4098
2026-06-01 17:51:01.880,LIVE,11.4023,81.0023,59.4018
2026-06-01 17:51:01.912,LIVE,11.4129,80.9948,59.3941
2026-06-01 17:51:01.943,LIVE,11.4234,80.988,59.3868
2026-06-01 17:51:01.976,LIVE,11.4337,80.9819,59.3799
2026-06-01 17:51:02.008,LIVE,11.4439,80.9763,59.3734
2026-06-01 17:51:02.040,LIVE,11.4542,80.9714,59.3671
2026-06-01 17:51:02.070,LIVE,11.4647,80.9669,59.3612
2026-06-01 17:51:02.103,LIVE,11.4743,80.9629,59.3556
2026-06-01 17:51:02.135,LIVE,11.4836,80.958,59.3614
2026-06-01 17:51:02.165,LIVE,11.4929,80.9536,59.3669
2026-06-01 17:51:02.199,LIVE,11.5018,80.9497,59.3722
2026-06-01 17:51:02.230,LIVE,11.5105,80.9461,59.3771
2026-06-01 17:51:02.261,LIVE,11.5192,80.9429,59.3819
2026-06-01 17:51:02.294,LIVE,11.5279,80.94,59.3864
2026-06-01 17:51:02.325,LIVE,11.5361,80.9374,59.3907
2026-06-01 17:51:02.360,LIVE,11.5437,80.9351,59.3947
2026-06-01 17:51:02.390,LIVE,11.5509,80.933,59.3986
2026-06-01 17:51:02.422,LIVE,11.5577,80.9311,59.4022
2026-06-01 17:51:02.453,LIVE,11.5646,80.9294,59.4057
2026-06-01 17:51:02.486,LIVE,11.571,80.9279,59.409
2026-06-01 17:51:02.516,LIVE,11.5771,80.9265,59.4122
2026-06-01 17:51:02.547,LIVE,11.5834,80.9253,59.4151
2026-06-01 17:51:02.579,LIVE,11.5893,80.9241,59.418
2026-06-01 17:51:02.611,LIVE,11.5949,80.9231,59.4207
2026-06-01 17:51:02.644,LIVE,11.6002,80.9203,59.4297
2026-06-01 17:51:02.675,LIVE,11.6053,80.9177,59.4383
2026-06-01 17:51:02.707,LIVE,11.6102,80.9153,59.4465
2026-06-01 17:51:02.738,LIVE,11.615,80.9132,59.4543
2026-06-01 17:51:02.770,LIVE,11.6196,80.9113,59.4617
2026-06-01 17:51:02.802,LIVE,11.6238,80.9096,59.4687
2026-06-01 17:51:02.833,LIVE,11.6279,80.9081,59.4754
2026-06-01 17:51:02.864,LIVE,11.6319,80.9067,59.4817
2026-06-01 17:51:02.896,LIVE,11.6354,80.9055,59.4877
2026-06-01 17:51:02.928,LIVE,11.6389,80.9044,59.4934
2026-06-01 17:51:02.960,LIVE,11.6424,80.9034,59.4988
2026-06-01 17:51:02.992,LIVE,11.6453,80.9025,59.504
2026-06-01 17:51:03.024,LIVE,11.6482,80.9017,59.5089
2026-06-01 17:51:03.055,LIVE,11.6511,80.9009,59.5135
2026-06-01 17:51:03.087,LIVE,11.6536,80.9003,59.518
2026-06-01 17:51:03.118,LIVE,11.6559,80.8997,59.5256
2026-06-01 17:51:03.153,LIVE,11.658,80.8991,59.5328
2026-06-01 17:51:03.182,LIVE,11.6602,80.8987,59.5397
2026-06-01 17:51:03.215,LIVE,11.6619,80.8982,59.5462
2026-06-01 17:51:03.245,LIVE,11.6635,80.8978,59.5524
2026-06-01 17:51:03.278,LIVE,11.6648,80.8975,59.5583
2026-06-01 17:51:03.309,LIVE,11.666,80.8972,59.5639
2026-06-01 17:51:03.340,LIVE,11.6672,80.8969,59.5693
2026-06-01 17:51:03.372,LIVE,11.6677,80.8966,59.5743
2026-06-01 17:51:03.402,LIVE,11.6682,80.8964,59.5791
2026-06-01 17:51:03.435,LIVE,11.6688,80.8962,59.5837
2026-06-01 17:51:03.467,LIVE,11.6693,80.896,59.588
2026-06-01 17:51:03.498,LIVE,11.6696,80.8959,59.5921
2026-06-01 17:51:03.530,LIVE,11.6695,80.8957,59.596
2026-06-01 17:51:03.561,LIVE,11.6696,80.8956,59.5998
2026-06-01 17:51:03.593,LIVE,11.6692,80.8954,59.6033
2026-06-01 17:51:03.624,LIVE,11.6686,80.8652,59.6897
2026-06-01 17:51:03.657,LIVE,11.6684,80.838,59.7719
2026-06-01 17:51:03.690,LIVE,11.6684,80.8135,59.8499
2026-06-01 17:51:03.722,LIVE,11.6675,80.7914,59.924
2026-06-01 17:51:03.753,LIVE,11.6667,80.7716,59.9945
2026-06-01 17:51:03.784,LIVE,11.6659,80.7537,60.0614
2026-06-01 17:51:03.815,LIVE,11.6651,80.7376,60.1249
2026-06-01 17:51:03.848,LIVE,11.664,80.7232,60.1853
2026-06-01 17:51:03.879,LIVE,11.6631,80.7101,60.2427
2026-06-01 17:51:03.910,LIVE,11.6621,80.6984,60.2972
2026-06-01 17:51:03.945,LIVE,11.661,80.6879,60.3489
2026-06-01 17:51:03.972,LIVE,11.6595,80.6784,60.3981
2026-06-01 17:51:04.002,LIVE,11.6581,80.6698,60.4448
2026-06-01 17:51:04.035,LIVE,11.6565,80.6622,60.4892
2026-06-01 17:51:04.067,LIVE,11.6549,80.6552,60.5314
2026-06-01 17:51:04.097,LIVE,11.6528,80.649,60.5714
2026-06-01 17:51:04.130,LIVE,11.651,80.6489,60.7017
2026-06-01 17:51:04.161,LIVE,11.6489,80.6487,60.8255
2026-06-01 17:51:04.194,LIVE,11.6468,80.6486,60.9431
2026-06-01 17:51:04.225,LIVE,11.6444,80.6485,61.0548
2026-06-01 17:51:04.256,LIVE,11.6419,80.6485,61.1609
2026-06-01 17:51:04.289,LIVE,11.6392,80.6484,61.2617
2026-06-01 17:51:04.318,LIVE,11.6366,80.6483,61.3574
2026-06-01 17:51:04.351,LIVE,11.634,80.6482,61.4484
2026-06-01 17:51:04.382,LIVE,11.6314,80.6482,61.5348
2026-06-01 17:51:04.413,LIVE,11.6285,80.6481,61.6169
2026-06-01 17:51:04.445,LIVE,11.626,80.6481,61.6949
2026-06-01 17:51:04.477,LIVE,11.6229,80.648,61.769
2026-06-01 17:51:04.508,LIVE,11.6199,80.648,61.8394
2026-06-01 17:51:04.540,LIVE,11.6166,80.648,61.9063
2026-06-01 17:51:04.571,LIVE,11.613,80.6479,61.9699
2026-06-01 17:51:04.602,LIVE,11.6095,80.6479,62.0302
2026-06-01 17:51:04.634,LIVE,11.6062,80.6479,62.1022
2026-06-01 17:51:04.667,LIVE,11.6029,80.6479,62.1707
2026-06-01 17:51:04.697,LIVE,11.5998,80.6478,62.2357
2026-06-01 17:51:04.732,LIVE,11.5966,80.6478,62.2974
2026-06-01 17:51:04.761,LIVE,11.593,80.6478,62.3561
2026-06-01 17:51:04.793,LIVE,11.5895,80.6478,62.4118
2026-06-01 17:51:04.825,LIVE,11.5858,80.6478,62.4648
2026-06-01 17:51:04.856,LIVE,11.582,80.6478,62.5151
2026-06-01 17:51:04.889,LIVE,11.5782,80.6478,62.5629
2026-06-01 17:51:04.919,LIVE,11.5746,80.6478,62.6083
2026-06-01 17:51:04.952,LIVE,11.5707,80.6477,62.6514
2026-06-01 17:51:04.984,LIVE,11.5669,80.6477,62.6923
2026-06-01 17:51:05.016,LIVE,11.5628,80.6477,62.7313
2026-06-01 17:51:05.047,LIVE,11.5589,80.6477,62.7682
2026-06-01 17:51:05.078,LIVE,11.5549,80.6477,62.8034
2026-06-01 17:51:05.110,LIVE,11.5512,80.6477,62.8367
2026-06-01 17:51:05.142,LIVE,11.5475,80.6164,62.9451
2026-06-01 17:51:05.173,LIVE,11.5437,80.5882,63.0481
2026-06-01 17:51:05.205,LIVE,11.5397,80.5628,63.1459
2026-06-01 17:51:05.237,LIVE,11.536,80.54,63.2388
2026-06-01 17:51:05.267,LIVE,11.5325,80.5194,63.3271
2026-06-01 17:51:05.299,LIVE,11.5285,80.5009,63.411
2026-06-01 17:51:05.331,LIVE,11.5246,80.4842,63.4906
2026-06-01 17:51:05.362,LIVE,11.5206,80.4693,63.5663
2026-06-01 17:51:05.395,LIVE,11.5169,80.4558,63.6382
2026-06-01 17:51:05.426,LIVE,11.5134,80.4436,63.7065
2026-06-01 17:51:05.459,LIVE,11.5093,80.4327,63.7714
2026-06-01 17:51:05.491,LIVE,11.5055,80.4229,63.8331
2026-06-01 17:51:05.524,LIVE,11.5021,80.414,63.8916
2026-06-01 17:51:05.553,LIVE,11.4982,80.4061,63.9473
2026-06-01 17:51:05.584,LIVE,11.4942,80.3989,64.0001
2026-06-01 17:51:05.616,LIVE,11.4901,80.3924,64.0503
2026-06-01 17:51:05.646,LIVE,11.4861,80.3454,64.0933
2026-06-01 17:51:05.678,LIVE,11.482,80.303,64.1341
2026-06-01 17:51:05.710,LIVE,11.4783,80.2649,64.1728
2026-06-01 17:51:05.743,LIVE,11.4742,80.2306,64.2096
2026-06-01 17:51:05.776,LIVE,11.4701,80.1997,64.2446
2026-06-01 17:51:05.808,LIVE,11.4661,80.1719,64.2778
2026-06-01 17:51:05.839,LIVE,11.4623,80.1469,64.3094
2026-06-01 17:51:05.872,LIVE,11.4584,80.1244,64.3394
2026-06-01 17:51:05.904,LIVE,11.4544,80.1042,64.3679
2026-06-01 17:51:05.935,LIVE,11.4506,80.0859,64.395
2026-06-01 17:51:05.967,LIVE,11.4466,80.0695,64.4207
2026-06-01 17:51:05.999,LIVE,11.4428,80.0548,64.4451
2026-06-01 17:51:06.030,LIVE,11.4389,80.0415,64.4683
2026-06-01 17:51:06.061,LIVE,11.4353,80.0295,64.4903
2026-06-01 17:51:06.093,LIVE,11.4314,80.0188,64.5113
2026-06-01 17:51:06.124,LIVE,11.4278,80.0091,64.5441
2026-06-01 17:51:06.156,LIVE,11.4241,80.0003,64.5752
2026-06-01 17:51:06.188,LIVE,11.4205,79.9925,64.6048
2026-06-01 17:51:06.219,LIVE,11.4169,79.9854,64.6329
2026-06-01 17:51:06.250,LIVE,11.4129,79.9791,64.6596
2026-06-01 17:51:06.282,LIVE,11.4096,79.9734,64.6849
2026-06-01 17:51:06.317,LIVE,11.4061,79.9682,64.709
2026-06-01 17:51:06.346,LIVE,11.4028,79.9636,64.7319
2026-06-01 17:51:06.376,LIVE,11.3991,79.9594,64.7536
2026-06-01 17:51:06.408,LIVE,11.3958,79.9556,64.7743
2026-06-01 17:51:06.440,LIVE,11.3926,79.9523,64.7939
2026-06-01 17:51:06.472,LIVE,11.3889,79.9492,64.8126
2026-06-01 17:51:06.504,LIVE,11.3855,79.9465,64.8303
2026-06-01 17:51:06.534,LIVE,11.3818,79.944,64.8471
2026-06-01 17:51:06.566,LIVE,11.3782,79.9418,64.8631
2026-06-01 17:51:06.598,LIVE,11.3747,79.9398,64.8783
2026-06-01 17:51:06.629,LIVE,11.3715,79.9304,64.8938
2026-06-01 17:51:06.661,LIVE,11.368,79.922,64.9085
2026-06-01 17:51:06.693,LIVE,11.3647,79.9144,64.9225
2026-06-01 17:51:06.725,LIVE,11.3615,79.9076,64.9359
2026-06-01 17:51:06.756,LIVE,11.3583,79.9014,64.9485
2026-06-01 17:51:06.788,LIVE,11.355,79.8959,64.9605
2026-06-01 17:51:06.820,LIVE,11.3518,79.8909,64.9719
2026-06-01 17:51:06.851,LIVE,11.3494,79.8864,64.9828
2026-06-01 17:51:06.884,LIVE,11.3468,79.8824,64.9931
2026-06-01 17:51:06.916,LIVE,11.3432,79.8787,65.0029
2026-06-01 17:51:06.947,LIVE,11.3399,79.8755,65.0122
2026-06-01 17:51:06.980,LIVE,11.3368,79.8725,65.021
2026-06-01 17:51:07.010,LIVE,11.3337,79.8699,65.0294
2026-06-01 17:51:07.042,LIVE,11.3306,79.8675,65.0373
2026-06-01 17:51:07.072,LIVE,11.3279,79.8654,65.0449
2026-06-01 17:51:07.110,LIVE,11.3252,79.8634,65.0521
2026-06-01 17:51:07.134,LIVE,11.3224,79.8827,65.0589
2026-06-01 17:51:07.167,LIVE,11.3197,79.9001,65.0654
2026-06-01 17:51:07.197,LIVE,11.3169,79.9157,65.0716
2026-06-01 17:51:07.230,LIVE,11.3138,79.9298,65.0775
2026-06-01 17:51:07.261,LIVE,11.3108,79.9425,65.083
2026-06-01 17:51:07.293,LIVE,11.3081,79.9539,65.0883
2026-06-01 17:51:07.325,LIVE,11.3051,79.9642,65.0933
2026-06-01 17:51:07.356,LIVE,11.3023,79.9734,65.0981
2026-06-01 17:51:07.389,LIVE,11.2994,79.9817,65.1026
2026-06-01 17:51:07.421,LIVE,11.2966,79.9892,65.107
2026-06-01 17:51:07.453,LIVE,11.2939,79.9959,65.111
2026-06-01 17:51:07.483,LIVE,11.2913,80.002,65.1149
2026-06-01 17:51:07.515,LIVE,11.2887,80.0074,65.1186
2026-06-01 17:51:07.546,LIVE,11.2856,80.0123,65.1221
2026-06-01 17:51:07.579,LIVE,11.2827,80.0167,65.1255
2026-06-01 17:51:07.611,LIVE,11.2797,80.0207,65.1286
2026-06-01 17:51:07.641,LIVE,11.278,80.0158,65.1105
2026-06-01 17:51:07.672,LIVE,11.2751,80.0113,65.0932
2026-06-01 17:51:07.705,LIVE,11.2722,80.0073,65.0768
2026-06-01 17:51:07.737,LIVE,11.2692,80.0038,65.0612
2026-06-01 17:51:07.767,LIVE,11.2662,80.0005,65.0464
2026-06-01 17:51:07.798,LIVE,11.2633,79.9976,65.0324
2026-06-01 17:51:07.830,LIVE,11.2608,79.995,65.019
2026-06-01 17:51:07.863,LIVE,11.2585,79.9926,65.0063
2026-06-01 17:51:07.897,LIVE,11.2561,79.9905,64.9943
2026-06-01 17:51:07.925,LIVE,11.2533,79.9886,64.9828
2026-06-01 17:51:07.955,LIVE,11.2508,79.9869,64.9719
2026-06-01 17:51:07.988,LIVE,11.248,79.9853,64.9616
2026-06-01 17:51:08.020,LIVE,11.2452,79.9839,64.9518
2026-06-01 17:51:08.052,LIVE,11.2423,79.9827,64.9425
2026-06-01 17:51:08.084,LIVE,11.2395,79.9815,64.9336
2026-06-01 17:51:08.116,LIVE,11.237,79.9805,64.9252
2026-06-01 17:51:08.147,LIVE,11.2344,80.0005,64.9194
2026-06-01 17:51:08.179,LIVE,11.2318,80.0185,64.9139
2026-06-01 17:51:08.210,LIVE,11.2289,80.0347,64.9087
2026-06-01 17:51:08.242,LIVE,11.2262,80.0493,64.9037
2026-06-01 17:51:08.274,LIVE,11.2238,80.0624,64.899
2026-06-01 17:51:08.305,LIVE,11.2213,80.0742,64.8945
2026-06-01 17:51:08.339,LIVE,11.2188,80.0848,64.8903
2026-06-01 17:51:08.369,LIVE,11.2163,80.0944,64.8862
2026-06-01 17:51:08.401,LIVE,11.2139,80.103,64.8824
2026-06-01 17:51:08.433,LIVE,11.2121,80.1108,64.8788
2026-06-01 17:51:08.464,LIVE,11.2096,80.1177,64.8753
2026-06-01 17:51:08.496,LIVE,11.207,80.124,64.872
2026-06-01 17:51:08.528,LIVE,11.2045,80.1296,64.8689
2026-06-01 17:51:08.560,LIVE,11.2021,80.1347,64.8659
2026-06-01 17:51:08.591,LIVE,11.1998,80.1393,64.8631
2026-06-01 17:51:08.624,LIVE,11.1976,80.141,64.8604
2026-06-01 17:51:08.656,LIVE,11.1956,80.1426,64.8579
2026-06-01 17:51:08.691,LIVE,11.1937,80.144,64.8554
2026-06-01 17:51:08.719,LIVE,11.1915,80.1452,64.8531
2026-06-01 17:51:08.750,LIVE,11.1893,80.1463,64.851
2026-06-01 17:51:08.782,LIVE,11.187,80.1473,64.8489
2026-06-01 17:51:08.814,LIVE,11.1847,80.1483,64.8469
2026-06-01 17:51:08.845,LIVE,11.1824,80.1491,64.845
2026-06-01 17:51:08.876,LIVE,11.1801,80.1498,64.8433
2026-06-01 17:51:08.908,LIVE,11.1778,80.1505,64.8416
2026-06-01 17:51:08.940,LIVE,11.1758,80.1511,64.84
2026-06-01 17:51:08.972,LIVE,11.1735,80.1516,64.8385
2026-06-01 17:51:09.003,LIVE,11.1713,80.1521,64.837
2026-06-01 17:51:09.034,LIVE,11.1691,80.1525,64.8356
2026-06-01 17:51:09.066,LIVE,11.167,80.1529,64.8343
2026-06-01 17:51:09.097,LIVE,11.165,80.1533,64.8331
2026-06-01 17:51:09.129,LIVE,11.163,80.1297,64.9142
2026-06-01 17:51:09.160,LIVE,11.1609,80.1084,64.9913
2026-06-01 17:51:09.192,LIVE,11.1589,80.0893,65.0645
2026-06-01 17:51:09.223,LIVE,11.158,80.0721,65.1341
2026-06-01 17:51:09.255,LIVE,11.156,80.0566,65.2002
2026-06-01 17:51:09.287,LIVE,11.1542,80.0426,65.2629
2026-06-01 17:51:09.319,LIVE,11.1525,80.0301,65.3226
2026-06-01 17:51:09.350,LIVE,11.1505,80.0188,65.3792
2026-06-01 17:51:09.382,LIVE,11.1488,80.0086,65.4331
2026-06-01 17:51:09.414,LIVE,11.1473,79.9995,65.4842
2026-06-01 17:51:09.444,LIVE,11.1458,79.9913,65.5328
2026-06-01 17:51:09.479,LIVE,11.1443,79.9839,65.5789
2026-06-01 17:51:09.506,LIVE,11.1428,79.9772,65.6228
2026-06-01 17:51:09.538,LIVE,11.1409,79.9712,65.6644
2026-06-01 17:51:09.569,LIVE,11.1391,79.9658,65.704
2026-06-01 17:51:09.601,LIVE,11.1374,79.9609,65.7416
2026-06-01 17:51:09.632,LIVE,11.1355,79.9341,65.7439
2026-06-01 17:51:09.664,LIVE,11.1337,79.9099,65.7461
2026-06-01 17:51:09.695,LIVE,11.132,79.8882,65.7482
2026-06-01 17:51:09.726,LIVE,11.1302,79.8686,65.7502
2026-06-01 17:51:09.758,LIVE,11.1287,79.851,65.7521
2026-06-01 17:51:09.790,LIVE,11.1268,79.8351,65.7539
2026-06-01 17:51:09.821,LIVE,11.1253,79.8209,65.7556
2026-06-01 17:51:09.852,LIVE,11.1236,79.808,65.7572
2026-06-01 17:51:09.884,LIVE,11.122,79.7965,65.7587
2026-06-01 17:51:09.916,LIVE,11.1206,79.7861,65.7602
2026-06-01 17:51:09.946,LIVE,11.1189,79.7767,65.7616
2026-06-01 17:51:09.979,LIVE,11.1172,79.7683,65.7629
2026-06-01 17:51:10.011,LIVE,11.1155,79.7607,65.7641
2026-06-01 17:51:10.043,LIVE,11.1141,79.7539,65.7653
2026-06-01 17:51:10.073,LIVE,11.1126,79.7478,65.7665
2026-06-01 17:51:10.105,LIVE,11.111,79.7422,65.7675
2026-06-01 17:51:10.136,LIVE,11.1096,79.7188,65.7686
2026-06-01 17:51:10.167,LIVE,11.1081,79.6977,65.7695
2026-06-01 17:51:10.200,LIVE,11.107,79.6788,65.7704
2026-06-01 17:51:10.232,LIVE,11.1055,79.6617,65.7713
2026-06-01 17:51:10.267,LIVE,11.1042,79.6463,65.7721
2026-06-01 17:51:10.294,LIVE,11.1028,79.6325,65.7729
2026-06-01 17:51:10.324,LIVE,11.1015,79.6201,65.7737
2026-06-01 17:51:10.356,LIVE,11.1003,79.6089,65.7744
2026-06-01 17:51:10.387,LIVE,11.0987,79.5988,65.7751
2026-06-01 17:51:10.419,LIVE,11.0971,79.5897,65.7757
2026-06-01 17:51:10.451,LIVE,11.0953,79.5815,65.7763
2026-06-01 17:51:10.481,LIVE,11.0937,79.5742,65.7769
2026-06-01 17:51:10.513,LIVE,11.0922,79.5676,65.7775
2026-06-01 17:51:10.545,LIVE,11.0907,79.5616,65.778
2026-06-01 17:51:10.576,LIVE,11.089,79.5563,65.7785
2026-06-01 17:51:10.609,LIVE,11.0874,79.5514,65.7789
2026-06-01 17:51:10.640,LIVE,11.0861,79.5344,65.7852
2026-06-01 17:51:10.672,LIVE,11.0845,79.519,65.7911
2026-06-01 17:51:10.704,LIVE,11.0833,79.5052,65.7967
2026-06-01 17:51:10.737,LIVE,11.0819,79.4927,65.8021
2026-06-01 17:51:10.766,LIVE,11.0806,79.4815,65.8071
2026-06-01 17:51:10.798,LIVE,11.0789,79.4714,65.812
2026-06-01 17:51:10.829,LIVE,11.0776,79.4624,65.8165
2026-06-01 17:51:10.860,LIVE,11.0772,79.4542,65.8209
2026-06-01 17:51:10.892,LIVE,11.0758,79.4468,65.825
2026-06-01 17:51:10.925,LIVE,11.0741,79.4402,65.829
2026-06-01 17:51:10.954,LIVE,11.0728,79.4343,65.8327
2026-06-01 17:51:10.987,LIVE,11.0715,79.4289,65.8362
2026-06-01 17:51:11.019,LIVE,11.07,79.4241,65.8396
2026-06-01 17:51:11.054,LIVE,11.0686,79.4197,65.8428
2026-06-01 17:51:11.082,LIVE,11.0675,79.4158,65.8458
2026-06-01 17:51:11.113,LIVE,11.0664,79.4123,65.8487
2026-06-01 17:51:11.145,LIVE,11.0651,79.4194,65.8726
2026-06-01 17:51:11.176,LIVE,11.0635,79.4258,65.8953
2026-06-01 17:51:11.208,LIVE,11.062,79.4316,65.9169
2026-06-01 17:51:11.241,LIVE,11.0606,79.4367,65.9374
2026-06-01 17:51:11.271,LIVE,11.059,79.4414,65.9568
2026-06-01 17:51:11.303,LIVE,11.0573,79.4456,65.9753
2026-06-01 17:51:11.336,LIVE,11.0558,79.4494,65.9929
2026-06-01 17:51:11.367,LIVE,11.0545,79.4527,66.0096
2026-06-01 17:51:11.399,LIVE,11.0527,79.4558,66.0254
2026-06-01 17:51:11.430,LIVE,11.0511,79.4586,66.0405
2026-06-01 17:51:11.461,LIVE,11.0499,79.461,66.0548
2026-06-01 17:51:11.493,LIVE,11.0484,79.4633,66.0684
2026-06-01 17:51:11.525,LIVE,11.047,79.4653,66.0813
2026-06-01 17:51:11.557,LIVE,11.0456,79.4671,66.0936
2026-06-01 17:51:11.589,LIVE,11.0439,79.4687,66.1052
2026-06-01 17:51:11.621,LIVE,11.0427,79.4293,66.1003
2026-06-01 17:51:11.653,LIVE,11.0411,79.3938,66.0955
2026-06-01 17:51:11.685,LIVE,11.0396,79.3619,66.0911
2026-06-01 17:51:11.716,LIVE,11.0381,79.3331,66.0868
2026-06-01 17:51:11.749,LIVE,11.0367,79.3073,66.0828
2026-06-01 17:51:11.780,LIVE,11.0354,79.284,66.0789
2026-06-01 17:51:11.811,LIVE,11.0341,79.263,66.0753
2026-06-01 17:51:11.845,LIVE,11.0329,79.2442,66.0718
2026-06-01 17:51:11.873,LIVE,11.0318,79.2272,66.0685
2026-06-01 17:51:11.905,LIVE,11.0306,79.2119,66.0654
2026-06-01 17:51:11.938,LIVE,11.0292,79.1982,66.0624
2026-06-01 17:51:11.966,LIVE,11.0279,79.1858,66.0596
2026-06-01 17:51:11.998,LIVE,11.0264,79.1747,66.0569
2026-06-01 17:51:12.030,LIVE,11.0247,79.1647,66.0543
2026-06-01 17:51:12.061,LIVE,11.0234,79.1557,66.0519
2026-06-01 17:51:12.094,LIVE,11.0217,79.1475,66.0496
2026-06-01 17:51:12.125,LIVE,11.0201,79.1347,66.0477
2026-06-01 17:51:12.157,LIVE,11.0188,79.1232,66.046
2026-06-01 17:51:12.188,LIVE,11.0172,79.1129,66.0443
2026-06-01 17:51:12.220,LIVE,11.0158,79.1035,66.0427
2026-06-01 17:51:12.252,LIVE,11.0142,79.0952,66.0411
2026-06-01 17:51:12.283,LIVE,11.0128,79.0876,66.0397
2026-06-01 17:51:12.314,LIVE,11.0113,79.0808,66.0383
2026-06-01 17:51:12.346,LIVE,11.0097,79.0747,66.037
2026-06-01 17:51:12.378,LIVE,11.0083,79.0692,66.0357
2026-06-01 17:51:12.410,LIVE,11.0077,79.0642,66.0345
2026-06-01 17:51:12.441,LIVE,11.0062,79.0598,66.0334
2026-06-01 17:51:12.474,LIVE,11.0046,79.0557,66.0324
2026-06-01 17:51:12.505,LIVE,11.0029,79.0521,66.0313
2026-06-01 17:51:12.537,LIVE,11.0016,79.0489,66.0304
2026-06-01 17:51:12.568,LIVE,11.0001,79.046,66.0295
2026-06-01 17:51:12.598,LIVE,10.999,79.0433,66.0286
2026-06-01 17:51:12.636,LIVE,10.9979,79.0366,66.0491
2026-06-01 17:51:12.661,LIVE,10.9969,79.0306,66.0686
2026-06-01 17:51:12.693,LIVE,10.9958,79.0252,66.0871
2026-06-01 17:51:12.725,LIVE,10.9947,79.0204,66.1047
2026-06-01 17:51:12.757,LIVE,10.9935,79.016,66.1214
2026-06-01 17:51:12.787,LIVE,10.9922,79.012,66.1373
2026-06-01 17:51:12.820,LIVE,10.9909,79.0085,66.1524
2026-06-01 17:51:12.852,LIVE,10.9894,79.0053,66.1667
2026-06-01 17:51:12.887,LIVE,10.988,79.0024,66.1803
2026-06-01 17:51:12.915,LIVE,10.9866,78.9998,66.1932
2026-06-01 17:51:12.947,LIVE,10.9852,78.9975,66.2055
2026-06-01 17:51:12.978,LIVE,10.9839,78.9954,66.2172
2026-06-01 17:51:13.009,LIVE,10.9826,78.9935,66.2283
2026-06-01 17:51:13.041,LIVE,10.9815,78.9918,66.2388
2026-06-01 17:51:13.073,LIVE,10.9804,78.9903,66.2488
2026-06-01 17:51:13.106,LIVE,10.9792,78.9889,66.2583
2026-06-01 17:51:13.137,LIVE,10.9777,78.9768,66.2718
2026-06-01 17:51:13.169,LIVE,10.9769,78.9659,66.2845
2026-06-01 17:51:13.201,LIVE,10.9762,78.9561,66.2967
2026-06-01 17:51:13.233,LIVE,10.9748,78.9472,66.3082
2026-06-01 17:51:13.264,LIVE,10.9732,78.9393,66.3191
2026-06-01 17:51:13.295,LIVE,10.9719,78.9321,66.3295
2026-06-01 17:51:13.326,LIVE,10.9706,78.9257,66.3394
2026-06-01 17:51:13.359,LIVE,10.9693,78.9199,66.3488
2026-06-01 17:51:13.390,LIVE,10.9682,78.9147,66.3577
2026-06-01 17:51:13.427,LIVE,10.9672,78.91,66.3662
2026-06-01 17:51:13.453,LIVE,10.9661,78.9058,66.3742
2026-06-01 17:51:13.485,LIVE,10.9648,78.902,66.3819
2026-06-01 17:51:13.517,LIVE,10.9637,78.8985,66.3891
2026-06-01 17:51:13.547,LIVE,10.9622,78.8955,66.396
2026-06-01 17:51:13.579,LIVE,10.9608,78.8927,66.4026
2026-06-01 17:51:13.612,LIVE,10.9596,78.8902,66.4088
2026-06-01 17:51:13.643,LIVE,10.9584,78.8228,66.5433
2026-06-01 17:51:13.675,LIVE,10.9572,78.7621,66.671
2026-06-01 17:51:13.707,LIVE,10.9559,78.7075,66.7924
2026-06-01 17:51:13.739,LIVE,10.9548,78.6584,66.9077
2026-06-01 17:51:13.769,LIVE,10.9536,78.6141,67.0172
2026-06-01 17:51:13.801,LIVE,10.952,78.5743,67.1213
2026-06-01 17:51:13.831,LIVE,10.9509,78.5385,67.2201
2026-06-01 17:51:13.863,LIVE,10.9502,78.5063,67.314
2026-06-01 17:51:13.894,LIVE,10.9489,78.4772,67.4033
2026-06-01 17:51:13.926,LIVE,10.9478,78.4511,67.488
2026-06-01 17:51:13.958,LIVE,10.9464,78.4276,67.5685
2026-06-01 17:51:13.989,LIVE,10.9465,78.4065,67.645
2026-06-01 17:51:14.022,LIVE,10.9453,78.3874,67.7177
2026-06-01 17:51:14.055,LIVE,10.9442,78.3703,67.7867
2026-06-01 17:51:14.086,LIVE,10.9431,78.3549,67.8523
2026-06-01 17:51:14.119,LIVE,10.9419,78.341,67.9363
2026-06-01 17:51:14.149,LIVE,10.9408,78.3285,68.0161
2026-06-01 17:51:14.180,LIVE,10.9399,78.3173,68.0919
2026-06-01 17:51:14.214,LIVE,10.939,78.3071,68.1639
2026-06-01 17:51:14.243,LIVE,10.938,78.298,68.2323
2026-06-01 17:51:14.274,LIVE,10.9371,78.2898,68.2973
2026-06-01 17:51:14.306,LIVE,10.9358,78.2825,68.359
2026-06-01 17:51:14.338,LIVE,10.9346,78.2758,68.4177
2026-06-01 17:51:14.370,LIVE,10.9335,78.2699,68.4734
2026-06-01 17:51:14.404,LIVE,10.9325,78.2645,68.5263
2026-06-01 17:51:14.435,LIVE,10.9316,78.2596,68.5766
2026-06-01 17:51:14.466,LIVE,10.9306,78.2553,68.6244
2026-06-01 17:51:14.497,LIVE,10.9296,78.2514,68.6698
2026-06-01 17:51:14.530,LIVE,10.9285,78.2478,68.7129
2026-06-01 17:51:14.562,LIVE,10.9274,78.2447,68.7539
2026-06-01 17:51:14.593,LIVE,10.9261,78.2418,68.7928
2026-06-01 17:51:14.626,LIVE,10.9251,78.1999,68.8392
2026-06-01 17:51:14.656,LIVE,10.9239,78.1622,68.8833
2026-06-01 17:51:14.689,LIVE,10.9228,78.1282,68.9252
2026-06-01 17:51:14.720,LIVE,10.9218,78.0976,68.965
2026-06-01 17:51:14.751,LIVE,10.9208,78.0701,69.0028
2026-06-01 17:51:14.781,LIVE,10.9205,78.0454,69.0387
2026-06-01 17:51:14.812,LIVE,10.9193,78.0231,69.0729
2026-06-01 17:51:14.844,LIVE,10.9179,78.0031,69.1053
2026-06-01 17:51:14.877,LIVE,10.9167,77.985,69.1361
2026-06-01 17:51:14.909,LIVE,10.9158,77.9688,69.1653
2026-06-01 17:51:14.941,LIVE,10.9148,77.9542,69.1931
2026-06-01 17:51:14.972,LIVE,10.9138,77.941,69.2195
2026-06-01 17:51:15.006,LIVE,10.913,77.9292,69.2446
2026-06-01 17:51:15.035,LIVE,10.9121,77.9185,69.2685
2026-06-01 17:51:15.067,LIVE,10.9111,77.9089,69.2911
2026-06-01 17:51:15.098,LIVE,10.9101,77.9003,69.3126
2026-06-01 17:51:15.129,LIVE,10.909,77.8447,69.3338
2026-06-01 17:51:15.159,LIVE,10.9079,77.7946,69.3539
2026-06-01 17:51:15.191,LIVE,10.9071,77.7496,69.3731
2026-06-01 17:51:15.222,LIVE,10.906,77.709,69.3913
2026-06-01 17:51:15.254,LIVE,10.9048,77.6725,69.4085
2026-06-01 17:51:15.287,LIVE,10.9035,77.6397,69.4249
2026-06-01 17:51:15.319,LIVE,10.9025,77.6101,69.4405
2026-06-01 17:51:15.352,LIVE,10.9012,77.5835,69.4553
2026-06-01 17:51:15.383,LIVE,10.9001,77.5596,69.4694
2026-06-01 17:51:15.415,LIVE,10.8988,77.538,69.4828
2026-06-01 17:51:15.446,LIVE,10.8978,77.5186,69.4955
2026-06-01 17:51:15.479,LIVE,10.8968,77.5011,69.5075
2026-06-01 17:51:15.509,LIVE,10.8956,77.4854,69.519
2026-06-01 17:51:15.541,LIVE,10.8958,77.4713,69.5299
2026-06-01 17:51:15.572,LIVE,10.8944,77.4586,69.5402
2026-06-01 17:51:15.605,LIVE,10.893,77.4471,69.55
2026-06-01 17:51:15.636,LIVE,10.8918,77.4454,69.5806
2026-06-01 17:51:15.668,LIVE,10.8905,77.4438,69.6096
2026-06-01 17:51:15.701,LIVE,10.8895,77.4424,69.6372
2026-06-01 17:51:15.732,LIVE,10.8883,77.4412,69.6634
2026-06-01 17:51:15.763,LIVE,10.8876,77.44,69.6883
2026-06-01 17:51:15.798,LIVE,10.8867,77.439,69.712
2026-06-01 17:51:15.826,LIVE,10.8854,77.4381,69.7344
2026-06-01 17:51:15.858,LIVE,10.8843,77.4373,69.7558
2026-06-01 17:51:15.890,LIVE,10.8832,77.4365,69.7761
2026-06-01 17:51:15.921,LIVE,10.8819,77.4359,69.7953
2026-06-01 17:51:15.951,LIVE,10.8808,77.4353,69.8136
2026-06-01 17:51:15.984,LIVE,10.8794,77.4347,69.831
2026-06-01 17:51:16.017,LIVE,10.8783,77.4342,69.8475
2026-06-01 17:51:16.047,LIVE,10.8771,77.4338,69.8632
2026-06-01 17:51:16.079,LIVE,10.8757,77.4334,69.8781
2026-06-01 17:51:16.109,LIVE,10.8745,77.433,69.8923
2026-06-01 17:51:16.141,LIVE,10.8731,77.4296,69.8842
2026-06-01 17:51:16.172,LIVE,10.8719,77.4265,69.8765
2026-06-01 17:51:16.204,LIVE,10.8709,77.4237,69.8692
2026-06-01 17:51:16.236,LIVE,10.8696,77.4212,69.8623
2026-06-01 17:51:16.268,LIVE,10.8683,77.419,69.8557
2026-06-01 17:51:16.300,LIVE,10.8672,77.4169,69.8495
2026-06-01 17:51:16.332,LIVE,10.867,77.4151,69.8436
2026-06-01 17:51:16.363,LIVE,10.8657,77.4135,69.8379
2026-06-01 17:51:16.395,LIVE,10.8644,77.412,69.8326
2026-06-01 17:51:16.427,LIVE,10.8628,77.4107,69.8275
2026-06-01 17:51:16.458,LIVE,10.8615,77.4095,69.8226
2026-06-01 17:51:16.491,LIVE,10.8606,77.4084,69.8181
2026-06-01 17:51:16.523,LIVE,10.8592,77.4074,69.8137
2026-06-01 17:51:16.554,LIVE,10.8584,77.4065,69.8095
2026-06-01 17:51:16.588,LIVE,10.8573,77.4057,69.8056
2026-06-01 17:51:16.618,LIVE,10.8561,77.4055,69.8099
2026-06-01 17:51:16.650,LIVE,10.855,77.4053,69.814
2026-06-01 17:51:16.682,LIVE,10.8539,77.4051,69.8178
2026-06-01 17:51:16.714,LIVE,10.8528,77.4049,69.8215
2026-06-01 17:51:16.745,LIVE,10.8514,77.4047,69.825
2026-06-01 17:51:16.776,LIVE,10.8503,77.4046,69.8283
2026-06-01 17:51:16.808,LIVE,10.849,77.4045,69.8315
2026-06-01 17:51:16.841,LIVE,10.848,77.4044,69.8345
2026-06-01 17:51:16.872,LIVE,10.8467,77.4042,69.8373
2026-06-01 17:51:16.904,LIVE,10.8458,77.4042,69.84
2026-06-01 17:51:16.936,LIVE,10.8446,77.4041,69.8426
2026-06-01 17:51:16.968,LIVE,10.8436,77.404,69.845
2026-06-01 17:51:17.000,LIVE,10.8426,77.4039,69.8474
2026-06-01 17:51:17.030,LIVE,10.8416,77.4039,69.8496
2026-06-01 17:51:17.061,LIVE,10.8404,77.4038,69.8516
2026-06-01 17:51:17.092,LIVE,10.8396,77.4038,69.8536
2026-06-01 17:51:17.125,LIVE,10.8391,77.3744,69.8544
2026-06-01 17:51:17.155,LIVE,10.8381,77.348,69.8552
2026-06-01 17:51:17.187,LIVE,10.8369,77.3243,69.856
2026-06-01 17:51:17.218,LIVE,10.8358,77.3029,69.8567
2026-06-01 17:51:17.251,LIVE,10.8346,77.2837,69.8573
2026-06-01 17:51:17.283,LIVE,10.8335,77.2664,69.8579
2026-06-01 17:51:17.315,LIVE,10.8325,77.2508,69.8585
2026-06-01 17:51:17.346,LIVE,10.8314,77.2368,69.8591
2026-06-01 17:51:17.379,LIVE,10.8306,77.2242,69.8597
2026-06-01 17:51:17.409,LIVE,10.8296,77.2128,69.8602
2026-06-01 17:51:17.441,LIVE,10.8286,77.2026,69.8607
2026-06-01 17:51:17.472,LIVE,10.8274,77.1934,69.8611
2026-06-01 17:51:17.505,LIVE,10.8263,77.1851,69.8616
2026-06-01 17:51:17.535,LIVE,10.8252,77.1776,69.862
2026-06-01 17:51:17.567,LIVE,10.8238,77.1709,69.8624
2026-06-01 17:51:17.597,LIVE,10.8227,77.1649,69.8628
2026-06-01 17:51:17.630,LIVE,10.8215,77.1752,69.8793
2026-06-01 17:51:17.661,LIVE,10.8202,77.1845,69.8951
2026-06-01 17:51:17.693,LIVE,10.8191,77.1929,69.9101
2026-06-01 17:51:17.726,LIVE,10.8178,77.2004,69.9243
2026-06-01 17:51:17.757,LIVE,10.8167,77.2072,69.9378
2026-06-01 17:51:17.788,LIVE,10.8156,77.2133,69.9506
2026-06-01 17:51:17.821,LIVE,10.8143,77.2187,69.9628
2026-06-01 17:51:17.852,LIVE,10.8132,77.2237,69.9744
2026-06-01 17:51:17.884,LIVE,10.8124,77.2281,69.9854
2026-06-01 17:51:17.917,LIVE,10.8114,77.2321,69.9958
2026-06-01 17:51:17.948,LIVE,10.8102,77.2357,70.0058
2026-06-01 17:51:17.979,LIVE,10.8089,77.239,70.0152
2026-06-01 17:51:18.011,LIVE,10.808,77.2419,70.0242
2026-06-01 17:51:18.042,LIVE,10.8072,77.2445,70.0327
2026-06-01 17:51:18.074,LIVE,10.8063,77.2469,70.0408
2026-06-01 17:51:18.107,LIVE,10.8052,77.249,70.0485
2026-06-01 17:51:18.138,LIVE,10.8043,77.2593,70.0558
2026-06-01 17:51:18.174,LIVE,10.8035,77.2685,70.0627
2026-06-01 17:51:18.203,LIVE,10.8024,77.2769,70.0693
2026-06-01 17:51:18.234,LIVE,10.8015,77.2844,70.0755
2026-06-01 17:51:18.265,LIVE,10.8004,77.2911,70.0815
2026-06-01 17:51:18.295,LIVE,10.7991,77.2972,70.0871
2026-06-01 17:51:18.327,LIVE,10.798,77.3027,70.0925
2026-06-01 17:51:18.359,LIVE,10.7968,77.3076,70.0976
2026-06-01 17:51:18.391,LIVE,10.7958,77.312,70.1024
2026-06-01 17:51:18.424,LIVE,10.7948,77.316,70.107
2026-06-01 17:51:18.454,LIVE,10.7937,77.3196,70.1114
2026-06-01 17:51:18.485,LIVE,10.7926,77.3228,70.1156
2026-06-01 17:51:18.517,LIVE,10.7914,77.3257,70.1195
2026-06-01 17:51:18.550,LIVE,10.7903,77.3283,70.1232
2026-06-01 17:51:18.579,LIVE,10.7892,77.3307,70.1268
2026-06-01 17:51:18.611,LIVE,10.788,77.3328,70.1302
2026-06-01 17:51:18.643,LIVE,10.7869,77.3153,70.1865
2026-06-01 17:51:18.675,LIVE,10.7864,77.2996,70.2399
2026-06-01 17:51:18.707,LIVE,10.7849,77.2855,70.2907
2026-06-01 17:51:18.739,LIVE,10.7838,77.2727,70.3389
2026-06-01 17:51:18.770,LIVE,10.7825,77.2613,70.3848
2026-06-01 17:51:18.802,LIVE,10.7812,77.2509,70.4283
2026-06-01 17:51:18.834,LIVE,10.7801,77.2417,70.4697
2026-06-01 17:51:18.867,LIVE,10.7791,77.2333,70.509
2026-06-01 17:51:18.897,LIVE,10.7784,77.2258,70.5463
2026-06-01 17:51:18.930,LIVE,10.7773,77.219,70.5817
2026-06-01 17:51:18.964,LIVE,10.7762,77.2129,70.6154
2026-06-01 17:51:18.992,LIVE,10.775,77.2074,70.6474
2026-06-01 17:51:19.024,LIVE,10.7737,77.2025,70.6778
2026-06-01 17:51:19.055,LIVE,10.7727,77.1981,70.7067
2026-06-01 17:51:19.086,LIVE,10.7715,77.1941,70.7342
2026-06-01 17:51:19.118,LIVE,10.7703,77.1917,70.7696
2026-06-01 17:51:19.150,LIVE,10.769,77.1896,70.8034
2026-06-01 17:51:19.182,LIVE,10.7677,77.1877,70.8354
2026-06-01 17:51:19.212,LIVE,10.7666,77.1859,70.8658
2026-06-01 17:51:19.245,LIVE,10.7654,77.1844,70.8947
2026-06-01 17:51:19.274,LIVE,10.7643,77.183,70.9221
2026-06-01 17:51:19.307,LIVE,10.7632,77.1817,70.9482
2026-06-01 17:51:19.338,LIVE,10.7621,77.1806,70.973
2026-06-01 17:51:19.370,LIVE,10.7609,77.1796,70.9965
2026-06-01 17:51:19.401,LIVE,10.7598,77.1787,71.0189
2026-06-01 17:51:19.433,LIVE,10.7596,77.1778,71.0401
2026-06-01 17:51:19.466,LIVE,10.7587,77.1771,71.0603
2026-06-01 17:51:19.497,LIVE,10.7576,77.1764,71.0795
2026-06-01 17:51:19.529,LIVE,10.7565,77.1758,71.0977
2026-06-01 17:51:19.560,LIVE,10.7554,77.1753,71.115
2026-06-01 17:51:19.593,LIVE,10.7543,77.1748,71.1314
2026-06-01 17:51:19.625,LIVE,10.7534,77.1745,71.1471
2026-06-01 17:51:19.657,LIVE,10.7526,77.1742,71.1619
2026-06-01 17:51:19.689,LIVE,10.7516,77.1739,71.176
2026-06-01 17:51:19.721,LIVE,10.7505,77.1737,71.1894
2026-06-01 17:51:19.756,LIVE,10.7496,77.1735,71.2021
2026-06-01 17:51:19.784,LIVE,10.7485,77.1733,71.2142
2026-06-01 17:51:19.817,LIVE,10.7473,77.1731,71.2256
2026-06-01 17:51:19.849,LIVE,10.746,77.173,71.2366
2026-06-01 17:51:19.880,LIVE,10.7447,77.1728,71.2469
2026-06-01 17:51:19.912,LIVE,10.7435,77.1727,71.2568
2026-06-01 17:51:19.943,LIVE,10.7424,77.1726,71.2661
2026-06-01 17:51:19.975,LIVE,10.7413,77.1725,71.275
2026-06-01 17:51:20.006,LIVE,10.7403,77.1724,71.2834
2026-06-01 17:51:20.039,LIVE,10.7392,77.1723,71.2914
2026-06-01 17:51:20.069,LIVE,10.738,77.1722,71.2991
2026-06-01 17:51:20.100,LIVE,10.7371,77.1722,71.3063
2026-06-01 17:51:20.132,LIVE,10.7359,77.1664,71.2827
2026-06-01 17:51:20.163,LIVE,10.7349,77.1611,71.2603
2026-06-01 17:51:20.195,LIVE,10.7338,77.1564,71.239
2026-06-01 17:51:20.226,LIVE,10.7333,77.1522,71.2188
2026-06-01 17:51:20.258,LIVE,10.7322,77.1484,71.1995
2026-06-01 17:51:20.290,LIVE,10.731,77.145,71.1813
2026-06-01 17:51:20.321,LIVE,10.73,77.1419,71.164
2026-06-01 17:51:20.353,LIVE,10.7292,77.1391,71.1475
2026-06-01 17:51:20.384,LIVE,10.7282,77.1366,71.1318
2026-06-01 17:51:20.416,LIVE,10.7273,77.1343,71.117
2026-06-01 17:51:20.449,LIVE,10.7266,77.1323,71.1028
2026-06-01 17:51:20.480,LIVE,10.7256,77.1305,71.0894
2026-06-01 17:51:20.512,LIVE,10.7247,77.1289,71.0767
2026-06-01 17:51:20.547,LIVE,10.7237,77.1274,71.0646
2026-06-01 17:51:20.574,LIVE,10.7227,77.126,71.053
2026-06-01 17:51:20.606,LIVE,10.7218,77.1249,71.0421
2026-06-01 17:51:20.638,LIVE,10.7209,77.1423,71.0521
2026-06-01 17:51:20.670,LIVE,10.7198,77.1579,71.0617
2026-06-01 17:51:20.702,LIVE,10.7187,77.1721,71.0707
2026-06-01 17:51:20.733,LIVE,10.7176,77.1848,71.0793
2026-06-01 17:51:20.766,LIVE,10.7165,77.1962,71.0874
2026-06-01 17:51:20.797,LIVE,10.7154,77.2065,71.0952
2026-06-01 17:51:20.828,LIVE,10.7143,77.2157,71.1026
2026-06-01 17:51:20.860,LIVE,10.7133,77.2241,71.1096
2026-06-01 17:51:20.892,LIVE,10.7121,77.2316,71.1162
2026-06-01 17:51:20.923,LIVE,10.7109,77.2383,71.1225
2026-06-01 17:51:20.956,LIVE,10.7096,77.2444,71.1285
2026-06-01 17:51:20.987,LIVE,10.7089,77.2499,71.1342
2026-06-01 17:51:21.018,LIVE,10.7083,77.2548,71.1396
2026-06-01 17:51:21.051,LIVE,10.7071,77.2592,71.1448
2026-06-01 17:51:21.083,LIVE,10.7059,77.2632,71.1497
2026-06-01 17:51:21.115,LIVE,10.7049,77.2668,71.1543
2026-06-01 17:51:21.147,LIVE,10.7039,77.2633,71.1587
2026-06-01 17:51:21.179,LIVE,10.703,77.2601,71.1629
2026-06-01 17:51:21.210,LIVE,10.702,77.2573,71.1669
2026-06-01 17:51:21.241,LIVE,10.7013,77.2547,71.1707
2026-06-01 17:51:21.273,LIVE,10.7003,77.2524,71.1743
2026-06-01 17:51:21.304,LIVE,10.6992,77.2503,71.1777
2026-06-01 17:51:21.338,LIVE,10.6983,77.2485,71.1809
2026-06-01 17:51:21.367,LIVE,10.6975,77.2468,71.184
2026-06-01 17:51:21.398,LIVE,10.6966,77.2453,71.1869
2026-06-01 17:51:21.431,LIVE,10.6957,77.2439,71.1897
2026-06-01 17:51:21.463,LIVE,10.6947,77.2427,71.1923
2026-06-01 17:51:21.495,LIVE,10.6937,77.2416,71.1948
2026-06-01 17:51:21.526,LIVE,10.6928,77.2406,71.1972
2026-06-01 17:51:21.559,LIVE,10.6919,77.2397,71.1995
2026-06-01 17:51:21.590,LIVE,10.6908,77.2389,71.2016
2026-06-01 17:51:21.622,LIVE,10.6901,77.2026,71.2904
2026-06-01 17:51:21.654,LIVE,10.6894,77.1699,71.3748
2026-06-01 17:51:21.685,LIVE,10.6887,77.1405,71.4549
2026-06-01 17:51:21.717,LIVE,10.6877,77.1141,71.531
2026-06-01 17:51:21.749,LIVE,10.687,77.0903,71.6033
2026-06-01 17:51:21.780,LIVE,10.687,77.0689,71.672
2026-06-01 17:51:21.811,LIVE,10.6863,77.0496,71.7373
2026-06-01 17:51:21.843,LIVE,10.6856,77.0322,71.7993
2026-06-01 17:51:21.876,LIVE,10.6848,77.0166,71.8582
2026-06-01 17:51:21.908,LIVE,10.6843,77.0025,71.9141
2026-06-01 17:51:21.939,LIVE,10.6839,76.9899,71.9673
2026-06-01 17:51:21.971,LIVE,10.684,76.9785,72.0178
2026-06-01 17:51:22.002,LIVE,10.684,76.9682,72.0657
2026-06-01 17:51:22.034,LIVE,10.6842,76.959,72.1113
2026-06-01 17:51:22.065,LIVE,10.6844,76.9507,72.1546
2026-06-01 17:51:22.097,LIVE,10.6847,76.9432,72.1957
2026-06-01 17:51:22.132,LIVE,10.6849,76.9412,72.253
2026-06-01 17:51:22.159,LIVE,10.6854,76.9393,72.3075
2026-06-01 17:51:22.191,LIVE,10.6861,76.9376,72.3592
2026-06-01 17:51:22.222,LIVE,10.6868,76.9361,72.4083
2026-06-01 17:51:22.254,LIVE,10.6878,76.9347,72.455
2026-06-01 17:51:22.285,LIVE,10.6889,76.9335,72.4994
2026-06-01 17:51:22.317,LIVE,10.6902,76.9324,72.5415
2026-06-01 17:51:22.350,LIVE,10.6917,76.9314,72.5815
2026-06-01 17:51:22.381,LIVE,10.6933,76.9305,72.6195
2026-06-01 17:51:22.413,LIVE,10.695,76.9297,72.6556
2026-06-01 17:51:22.443,LIVE,10.6968,76.929,72.6899
2026-06-01 17:51:22.475,LIVE,10.6986,76.9283,72.7225
2026-06-01 17:51:22.507,LIVE,10.7006,76.9278,72.7535
2026-06-01 17:51:22.537,LIVE,10.7034,76.9272,72.7829
2026-06-01 17:51:22.569,LIVE,10.7056,76.9268,72.8109
2026-06-01 17:51:22.602,LIVE,10.7079,76.9263,72.8374
2026-06-01 17:51:22.633,LIVE,10.7104,76.9068,72.8626
2026-06-01 17:51:22.664,LIVE,10.7128,76.8891,72.8866
2026-06-01 17:51:22.695,LIVE,10.7154,76.8733,72.9094
2026-06-01 17:51:22.728,LIVE,10.7183,76.859,72.931
2026-06-01 17:51:22.759,LIVE,10.7214,76.8462,72.9515
2026-06-01 17:51:22.791,LIVE,10.7246,76.8346,72.971
2026-06-01 17:51:22.822,LIVE,10.7277,76.8242,72.9896
2026-06-01 17:51:22.855,LIVE,10.7309,76.8148,73.0072
2026-06-01 17:51:22.886,LIVE,10.7341,76.8064,73.0239
2026-06-01 17:51:22.920,LIVE,10.7374,76.7988,73.0398
2026-06-01 17:51:22.949,LIVE,10.7406,76.792,73.0549
2026-06-01 17:51:22.982,LIVE,10.7441,76.7859,73.0693
2026-06-01 17:51:23.013,LIVE,10.7473,76.7803,73.0829
2026-06-01 17:51:23.044,LIVE,10.7507,76.7753,73.0958
2026-06-01 17:51:23.077,LIVE,10.754,76.7709,73.1081
2026-06-01 17:51:23.107,LIVE,10.7576,76.7668,73.1198
2026-06-01 17:51:23.138,LIVE,10.761,76.7564,73.057
2026-06-01 17:51:23.170,LIVE,10.7646,76.7471,72.9972
2026-06-01 17:51:23.201,LIVE,10.768,76.7387,72.9405
2026-06-01 17:51:23.233,LIVE,10.7717,76.7311,72.8866
2026-06-01 17:51:23.265,LIVE,10.7748,76.7243,72.8354
2026-06-01 17:51:23.297,LIVE,10.7796,76.7181,72.7867
2026-06-01 17:51:23.328,LIVE,10.7831,76.7126,72.7405
2026-06-01 17:51:23.360,LIVE,10.7864,76.7076,72.6966
2026-06-01 17:51:23.391,LIVE,10.7895,76.7032,72.6549
2026-06-01 17:51:23.423,LIVE,10.7928,76.6991,72.6153
2026-06-01 17:51:23.453,LIVE,10.7963,76.6955,72.5776
2026-06-01 17:51:23.485,LIVE,10.7996,76.6923,72.5419
2026-06-01 17:51:23.517,LIVE,10.8031,76.6893,72.5079
2026-06-01 17:51:23.548,LIVE,10.8065,76.6867,72.4756
2026-06-01 17:51:23.582,LIVE,10.8097,76.6843,72.445
2026-06-01 17:51:23.613,LIVE,10.8128,76.6822,72.4158
2026-06-01 17:51:23.644,LIVE,10.8158,76.6865,72.3147
2026-06-01 17:51:23.676,LIVE,10.8187,76.6905,72.2186
2026-06-01 17:51:23.712,LIVE,10.8219,76.694,72.1274
2026-06-01 17:51:23.741,LIVE,10.8246,76.6972,72.0407
2026-06-01 17:51:23.771,LIVE,10.8272,76.7001,71.9583
2026-06-01 17:51:23.804,LIVE,10.8296,76.7026,71.88
2026-06-01 17:51:23.835,LIVE,10.832,76.705,71.8057
2026-06-01 17:51:23.867,LIVE,10.8345,76.7071,71.7351
2026-06-01 17:51:23.899,LIVE,10.8369,76.7089,71.668
2026-06-01 17:51:23.932,LIVE,10.8392,76.7106,71.6042
2026-06-01 17:51:23.963,LIVE,10.8413,76.7122,71.5437
2026-06-01 17:51:23.993,LIVE,10.8434,76.7135,71.4862
2026-06-01 17:51:24.025,LIVE,10.8454,76.7148,71.4315
2026-06-01 17:51:24.058,LIVE,10.8484,76.7159,71.3796
2026-06-01 17:51:24.090,LIVE,10.8501,76.7169,71.3303
2026-06-01 17:51:24.120,LIVE,10.8518,76.7123,71.2834
2026-06-01 17:51:24.152,LIVE,10.8536,76.7082,71.2389
2026-06-01 17:51:24.184,LIVE,10.8552,76.7045,71.1966
2026-06-01 17:51:24.217,LIVE,10.8569,76.7012,71.1565
2026-06-01 17:51:24.249,LIVE,10.8587,76.6982,71.1183
2026-06-01 17:51:24.280,LIVE,10.8605,76.6955,71.0821
2026-06-01 17:51:24.311,LIVE,10.8623,76.6931,71.0476
2026-06-01 17:51:24.342,LIVE,10.8642,76.6909,71.0149
2026-06-01 17:51:24.374,LIVE,10.8658,76.689,70.9838
2026-06-01 17:51:24.407,LIVE,10.8672,76.6872,70.9543
2026-06-01 17:51:24.439,LIVE,10.8685,76.6856,70.9262
2026-06-01 17:51:24.470,LIVE,10.8696,76.6842,70.8996
2026-06-01 17:51:24.506,LIVE,10.871,76.6829,70.8743
2026-06-01 17:51:24.533,LIVE,10.872,76.6817,70.8502
2026-06-01 17:51:24.566,LIVE,10.8731,76.6807,70.8274
2026-06-01 17:51:24.598,LIVE,10.8741,76.6797,70.8057
2026-06-01 17:51:24.630,LIVE,10.8752,76.6863,70.759
2026-06-01 17:51:24.662,LIVE,10.8761,76.6921,70.7147
2026-06-01 17:51:24.694,LIVE,10.877,76.6974,70.6726
2026-06-01 17:51:24.725,LIVE,10.8778,76.7022,70.6326
2026-06-01 17:51:24.758,LIVE,10.8787,76.7065,70.5946
2026-06-01 17:51:24.790,LIVE,10.8795,76.7103,70.5585
2026-06-01 17:51:24.821,LIVE,10.8812,76.7138,70.5242
2026-06-01 17:51:24.853,LIVE,10.8816,76.7169,70.4917
2026-06-01 17:51:24.885,LIVE,10.882,76.7197,70.4607
2026-06-01 17:51:24.916,LIVE,10.8824,76.7223,70.4313
2026-06-01 17:51:24.949,LIVE,10.8829,76.7245,70.4034
2026-06-01 17:51:24.981,LIVE,10.8832,76.7266,70.3769
2026-06-01 17:51:25.014,LIVE,10.8839,76.7284,70.3517
2026-06-01 17:51:25.044,LIVE,10.8845,76.7301,70.3277
2026-06-01 17:51:25.075,LIVE,10.8848,76.7316,70.305
2026-06-01 17:51:25.106,LIVE,10.885,76.7329,70.2834
2026-06-01 17:51:25.137,LIVE,10.8856,76.7399,70.2602
2026-06-01 17:51:25.169,LIVE,10.886,76.7462,70.2382
2026-06-01 17:51:25.201,LIVE,10.8865,76.7519,70.2173
2026-06-01 17:51:25.231,LIVE,10.8867,76.757,70.1974
2026-06-01 17:51:25.263,LIVE,10.8867,76.7617,70.1786
2026-06-01 17:51:25.299,LIVE,10.8873,76.7658,70.1606
2026-06-01 17:51:25.327,LIVE,10.8874,76.7695,70.1436
2026-06-01 17:51:25.359,LIVE,10.8875,76.7729,70.1274
2026-06-01 17:51:25.390,LIVE,10.8875,76.7759,70.1121
2026-06-01 17:51:25.421,LIVE,10.8876,76.7786,70.0975
2026-06-01 17:51:25.454,LIVE,10.8879,76.7811,70.0836
2026-06-01 17:51:25.484,LIVE,10.8879,76.7833,70.0704
2026-06-01 17:51:25.516,LIVE,10.8881,76.7853,70.0579
2026-06-01 17:51:25.549,LIVE,10.8883,76.787,70.046
2026-06-01 17:51:25.579,LIVE,10.8894,76.7886,70.0347
2026-06-01 17:51:25.610,LIVE,10.8892,76.7901,70.024
2026-06-01 17:51:25.642,LIVE,10.8892,76.79,70.0138
2026-06-01 17:51:25.672,LIVE,10.8889,76.7899,70.0041
2026-06-01 17:51:25.703,LIVE,10.8886,76.7898,69.9949
2026-06-01 17:51:25.735,LIVE,10.8886,76.7897,69.9862
2026-06-01 17:51:25.767,LIVE,10.8883,76.7896,69.9779
2026-06-01 17:51:25.800,LIVE,10.8883,76.7896,69.97
2026-06-01 17:51:25.831,LIVE,10.8885,76.7895,69.9625
2026-06-01 17:51:25.864,LIVE,10.8882,76.7894,69.9554
2026-06-01 17:51:25.896,LIVE,10.8879,76.7894,69.9486
2026-06-01 17:51:25.927,LIVE,10.8876,76.7893,69.9422
2026-06-01 17:51:25.958,LIVE,10.8875,76.7893,69.9361
2026-06-01 17:51:25.990,LIVE,10.8872,76.7893,69.9303
2026-06-01 17:51:26.022,LIVE,10.8868,76.7892,69.9248
2026-06-01 17:51:26.054,LIVE,10.8868,76.7892,69.9195
2026-06-01 17:51:26.088,LIVE,10.8863,76.7892,69.9146
2026-06-01 17:51:26.118,LIVE,10.8857,76.7748,69.9113
2026-06-01 17:51:26.147,LIVE,10.8853,76.7618,69.9082
2026-06-01 17:51:26.179,LIVE,10.8849,76.7501,69.9053
2026-06-01 17:51:26.211,LIVE,10.8844,76.7396,69.9025
2026-06-01 17:51:26.242,LIVE,10.8838,76.7302,69.8999
2026-06-01 17:51:26.273,LIVE,10.8833,76.7217,69.8974
2026-06-01 17:51:26.306,LIVE,10.883,76.714,69.895
2026-06-01 17:51:26.337,LIVE,10.8829,76.7071,69.8928
2026-06-01 17:51:26.370,LIVE,10.8822,76.7009,69.8906
2026-06-01 17:51:26.402,LIVE,10.8816,76.6954,69.8886
2026-06-01 17:51:26.432,LIVE,10.881,76.6903,69.8866
2026-06-01 17:51:26.464,LIVE,10.8803,76.6858,69.8848
2026-06-01 17:51:26.497,LIVE,10.8799,76.6817,69.8831
2026-06-01 17:51:26.529,LIVE,10.8795,76.6781,69.8814
2026-06-01 17:51:26.562,LIVE,10.8791,76.6748,69.8798
2026-06-01 17:51:26.591,LIVE,10.8787,76.6718,69.8783
2026-06-01 17:51:26.624,LIVE,10.8781,76.6752,69.8781
2026-06-01 17:51:26.655,LIVE,10.8773,76.6783,69.8779
2026-06-01 17:51:26.687,LIVE,10.8767,76.681,69.8777
2026-06-01 17:51:26.720,LIVE,10.8759,76.6835,69.8775
2026-06-01 17:51:26.751,LIVE,10.8751,76.6857,69.8773
2026-06-01 17:51:26.783,LIVE,10.8744,76.6877,69.8772
2026-06-01 17:51:26.816,LIVE,10.8737,76.6896,69.877
2026-06-01 17:51:26.847,LIVE,10.8731,76.6912,69.8769
2026-06-01 17:51:26.882,LIVE,10.8721,76.6926,69.8767
2026-06-01 17:51:26.911,LIVE,10.8713,76.694,69.8766
2026-06-01 17:51:26.942,LIVE,10.8708,76.6951,69.8765
2026-06-01 17:51:26.974,LIVE,10.87,76.6962,69.8763
2026-06-01 17:51:27.006,LIVE,10.8694,76.6972,69.8762
2026-06-01 17:51:27.037,LIVE,10.8687,76.698,69.8761
2026-06-01 17:51:27.068,LIVE,10.8688,76.6988,69.876
2026-06-01 17:51:27.100,LIVE,10.8679,76.6995,69.8759
2026-06-01 17:51:27.132,LIVE,10.8672,76.7174,69.8758
2026-06-01 17:51:27.163,LIVE,10.8663,76.7334,69.8757
2026-06-01 17:51:27.195,LIVE,10.8655,76.7479,69.8756
2026-06-01 17:51:27.226,LIVE,10.8647,76.7609,69.8756
2026-06-01 17:51:27.257,LIVE,10.864,76.7726,69.8755
2026-06-01 17:51:27.290,LIVE,10.8637,76.7832,69.8754
2026-06-01 17:51:27.320,LIVE,10.8632,76.7927,69.8753
2026-06-01 17:51:27.353,LIVE,10.8625,76.8012,69.8753
2026-06-01 17:51:27.383,LIVE,10.8615,76.8089,69.8752
2026-06-01 17:51:27.415,LIVE,10.8604,76.8158,69.8751
2026-06-01 17:51:27.447,LIVE,10.8596,76.8221,69.8751
2026-06-01 17:51:27.479,LIVE,10.8588,76.8277,69.875
2026-06-01 17:51:27.511,LIVE,10.858,76.8327,69.875
2026-06-01 17:51:27.540,LIVE,10.8573,76.8372,69.8749
2026-06-01 17:51:27.572,LIVE,10.8565,76.8413,69.8749
2026-06-01 17:51:27.604,LIVE,10.8554,76.845,69.8748
2026-06-01 17:51:27.636,LIVE,10.8547,76.8741,69.8953
2026-06-01 17:51:27.670,LIVE,10.8539,76.9003,69.9148
2026-06-01 17:51:27.698,LIVE,10.853,76.9239,69.9332
2026-06-01 17:51:27.730,LIVE,10.8523,76.9451,69.9508
2026-06-01 17:51:27.762,LIVE,10.8514,76.9642,69.9675
2026-06-01 17:51:27.792,LIVE,10.8509,76.9814,69.9833
2026-06-01 17:51:27.824,LIVE,10.8507,76.9969,69.9984
2026-06-01 17:51:27.855,LIVE,10.8497,77.0108,70.0127
2026-06-01 17:51:27.887,LIVE,10.8487,77.0233,70.0262
2026-06-01 17:51:27.919,LIVE,10.8479,77.0346,70.0391
2026-06-01 17:51:27.952,LIVE,10.8469,77.0447,70.0514
2026-06-01 17:51:27.982,LIVE,10.8462,77.0539,70.063
2026-06-01 17:51:28.013,LIVE,10.8455,77.0621,70.0741
2026-06-01 17:51:28.046,LIVE,10.8449,77.0695,70.0846
2026-06-01 17:51:28.078,LIVE,10.8445,77.0762,70.0946
2026-06-01 17:51:28.110,LIVE,10.8438,77.0821,70.1041
2026-06-01 17:51:28.142,LIVE,10.8429,77.0886,70.1358
2026-06-01 17:51:28.172,LIVE,10.842,77.0945,70.1659
2026-06-01 17:51:28.204,LIVE,10.8413,77.0997,70.1945
2026-06-01 17:51:28.236,LIVE,10.8405,77.1044,70.2216
2026-06-01 17:51:28.268,LIVE,10.8395,77.1087,70.2474
2026-06-01 17:51:28.300,LIVE,10.8387,77.1125,70.2719
2026-06-01 17:51:28.332,LIVE,10.8378,77.116,70.2952
2026-06-01 17:51:28.365,LIVE,10.8372,77.1191,70.3173
2026-06-01 17:51:28.396,LIVE,10.8363,77.1219,70.3384
2026-06-01 17:51:28.428,LIVE,10.8356,77.1244,70.3583
2026-06-01 17:51:28.464,LIVE,10.8351,77.1266,70.3773
2026-06-01 17:51:28.490,LIVE,10.8343,77.1287,70.3953
2026-06-01 17:51:28.523,LIVE,10.8335,77.1305,70.4124
2026-06-01 17:51:28.554,LIVE,10.8327,77.1321,70.4287
2026-06-01 17:51:28.585,LIVE,10.8328,77.1336,70.4441
2026-06-01 17:51:28.616,LIVE,10.8319,77.1281,70.5202
2026-06-01 17:51:28.649,LIVE,10.831,77.1231,70.5925
2026-06-01 17:51:28.681,LIVE,10.8301,77.1186,70.6611
2026-06-01 17:51:28.713,LIVE,10.8294,77.1146,70.7263
2026-06-01 17:51:28.745,LIVE,10.8289,77.111,70.7883
2026-06-01 17:51:28.776,LIVE,10.8282,77.1077,70.8472
2026-06-01 17:51:28.807,LIVE,10.8277,77.1047,70.9031
2026-06-01 17:51:28.839,LIVE,10.8274,77.1021,70.9562
2026-06-01 17:51:28.872,LIVE,10.8269,77.0997,71.0067
2026-06-01 17:51:28.904,LIVE,10.8263,77.0976,71.0546
2026-06-01 17:51:28.936,LIVE,10.8259,77.0956,71.1002
2026-06-01 17:51:28.968,LIVE,10.8253,77.0939,71.1434
2026-06-01 17:51:28.999,LIVE,10.8246,77.0923,71.1845
2026-06-01 17:51:29.030,LIVE,10.8239,77.0909,71.2236
2026-06-01 17:51:29.063,LIVE,10.8235,77.0897,71.2607
2026-06-01 17:51:29.094,LIVE,10.8229,77.0885,71.2959
2026-06-01 17:51:29.124,LIVE,10.8222,77.0989,71.364
2026-06-01 17:51:29.155,LIVE,10.8215,77.1082,71.4287
2026-06-01 17:51:29.188,LIVE,10.821,77.1167,71.4901
2026-06-01 17:51:29.218,LIVE,10.8205,77.1242,71.5485
2026-06-01 17:51:29.253,LIVE,10.8197,77.131,71.6039
2026-06-01 17:51:29.281,LIVE,10.819,77.1372,71.6566
2026-06-01 17:51:29.313,LIVE,10.8184,77.1427,71.7066
2026-06-01 17:51:29.345,LIVE,10.8188,77.1476,71.7542
2026-06-01 17:51:29.377,LIVE,10.8181,77.1521,71.7993
2026-06-01 17:51:29.408,LIVE,10.8174,77.1561,71.8423
2026-06-01 17:51:29.441,LIVE,10.8165,77.1597,71.883
2026-06-01 17:51:29.472,LIVE,10.8159,77.163,71.9217
2026-06-01 17:51:29.503,LIVE,10.815,77.1659,71.9585
2026-06-01 17:51:29.535,LIVE,10.8146,77.1686,71.9935
2026-06-01 17:51:29.567,LIVE,10.8139,77.1709,72.0267
2026-06-01 17:51:29.600,LIVE,10.8136,77.1731,72.0582
2026-06-01 17:51:29.630,LIVE,10.8129,77.1711,72.1068
2026-06-01 17:51:29.662,LIVE,10.8119,77.1693,72.1529
2026-06-01 17:51:29.693,LIVE,10.8113,77.1677,72.1968
2026-06-01 17:51:29.724,LIVE,10.8106,77.1662,72.2384
2026-06-01 17:51:29.755,LIVE,10.8098,77.1649,72.278
2026-06-01 17:51:29.788,LIVE,10.8091,77.1637,72.3156
2026-06-01 17:51:29.820,LIVE,10.8081,77.1627,72.3513
2026-06-01 17:51:29.851,LIVE,10.8074,77.1617,72.3852
2026-06-01 17:51:29.882,LIVE,10.8064,77.1608,72.4175
2026-06-01 17:51:29.914,LIVE,10.8058,77.1601,72.4481
2026-06-01 17:51:29.945,LIVE,10.805,77.1594,72.4772
2026-06-01 17:51:29.978,LIVE,10.8043,77.1587,72.5048
2026-06-01 17:51:30.010,LIVE,10.8035,77.1582,72.531
2026-06-01 17:51:30.045,LIVE,10.8027,77.1577,72.556
2026-06-01 17:51:30.073,LIVE,10.8023,77.1572,72.5797
2026-06-01 17:51:30.104,LIVE,10.802,77.1568,72.6022
2026-06-01 17:51:30.136,LIVE,10.8013,77.1657,72.6009
2026-06-01 17:51:30.169,LIVE,10.8006,77.1738,72.5997
2026-06-01 17:51:30.201,LIVE,10.7997,77.181,72.5986
2026-06-01 17:51:30.233,LIVE,10.7991,77.1875,72.5975
2026-06-01 17:51:30.262,LIVE,10.7986,77.1934,72.5965
2026-06-01 17:51:30.293,LIVE,10.7982,77.1986,72.5955
2026-06-01 17:51:30.324,LIVE,10.7981,77.2034,72.5946
2026-06-01 17:51:30.357,LIVE,10.7979,77.2076,72.5937
2026-06-01 17:51:30.388,LIVE,10.7974,77.2115,72.5929
2026-06-01 17:51:30.419,LIVE,10.797,77.2149,72.5921
2026-06-01 17:51:30.452,LIVE,10.7966,77.2181,72.5913
2026-06-01 17:51:30.484,LIVE,10.7961,77.2209,72.5906
2026-06-01 17:51:30.515,LIVE,10.7957,77.2234,72.5899
2026-06-01 17:51:30.547,LIVE,10.7954,77.2256,72.5893
2026-06-01 17:51:30.578,LIVE,10.795,77.2277,72.5887
2026-06-01 17:51:30.611,LIVE,10.7947,77.2295,72.5881
2026-06-01 17:51:30.643,LIVE,10.7946,77.237,72.5874
2026-06-01 17:51:30.674,LIVE,10.7943,77.2438,72.5867
2026-06-01 17:51:30.706,LIVE,10.7944,77.2499,72.5861
2026-06-01 17:51:30.737,LIVE,10.7942,77.2554,72.5855
2026-06-01 17:51:30.769,LIVE,10.7942,77.2603,72.5849
2026-06-01 17:51:30.800,LIVE,10.7942,77.2648,72.5844
2026-06-01 17:51:30.834,LIVE,10.7947,77.2688,72.5839
2026-06-01 17:51:30.863,LIVE,10.7952,77.2724,72.5834
2026-06-01 17:51:30.895,LIVE,10.7951,77.2756,72.5829
2026-06-01 17:51:30.928,LIVE,10.795,77.2785,72.5825
2026-06-01 17:51:30.960,LIVE,10.7952,77.2811,72.582
2026-06-01 17:51:30.990,LIVE,10.7952,77.2835,72.5816
2026-06-01 17:51:31.022,LIVE,10.7954,77.2856,72.5813
2026-06-01 17:51:31.054,LIVE,10.7957,77.2875,72.5809
2026-06-01 17:51:31.084,LIVE,10.7962,77.2892,72.5806
2026-06-01 17:51:31.116,LIVE,10.7966,77.2998,72.6033
2026-06-01 17:51:31.148,LIVE,10.7967,77.3092,72.6249
2026-06-01 17:51:31.181,LIVE,10.7966,77.3177,72.6454
2026-06-01 17:51:31.212,LIVE,10.7966,77.3254,72.6648
2026-06-01 17:51:31.245,LIVE,10.7967,77.3323,72.6833
2026-06-01 17:51:31.277,LIVE,10.7967,77.3385,72.7009
2026-06-01 17:51:31.309,LIVE,10.7969,77.3441,72.7176
2026-06-01 17:51:31.341,LIVE,10.7972,77.3491,72.7334
2026-06-01 17:51:31.372,LIVE,10.7975,77.3537,72.7485
2026-06-01 17:51:31.405,LIVE,10.7978,77.3577,72.7628
2026-06-01 17:51:31.436,LIVE,10.7981,77.3614,72.7764
2026-06-01 17:51:31.467,LIVE,10.7982,77.3647,72.7893
2026-06-01 17:51:31.500,LIVE,10.7983,77.3677,72.8016
2026-06-01 17:51:31.531,LIVE,10.7982,77.3704,72.8133
2026-06-01 17:51:31.563,LIVE,10.7983,77.3728,72.8243
2026-06-01 17:51:31.594,LIVE,10.7986,77.3749,72.8349
2026-06-01 17:51:31.631,LIVE,10.7994,77.3623,72.8282
2026-06-01 17:51:31.657,LIVE,10.7996,77.351,72.8219
2026-06-01 17:51:31.689,LIVE,10.7996,77.3408,72.8159
2026-06-01 17:51:31.720,LIVE,10.7996,77.3316,72.8102
2026-06-01 17:51:31.752,LIVE,10.7995,77.3233,72.8048
2026-06-01 17:51:31.783,LIVE,10.7997,77.3158,72.7997
2026-06-01 17:51:31.816,LIVE,10.7997,77.3091,72.7948
2026-06-01 17:51:31.847,LIVE,10.8001,77.3031,72.7902
2026-06-01 17:51:31.878,LIVE,10.8003,77.2977,72.7858
2026-06-01 17:51:31.911,LIVE,10.8005,77.2928,72.7816
2026-06-01 17:51:31.943,LIVE,10.8007,77.2884,72.7776
2026-06-01 17:51:31.975,LIVE,10.8008,77.2844,72.7738
2026-06-01 17:51:32.005,LIVE,10.8007,77.2809,72.7702
2026-06-01 17:51:32.037,LIVE,10.8006,77.2777,72.7668
2026-06-01 17:51:32.069,LIVE,10.8004,77.2748,72.7636
2026-06-01 17:51:32.100,LIVE,10.8003,77.2722,72.7605
2026-06-01 17:51:32.132,LIVE,10.8001,77.2568,72.763
2026-06-01 17:51:32.162,LIVE,10.7998,77.243,72.7654
2026-06-01 17:51:32.195,LIVE,10.7995,77.2305,72.7677
2026-06-01 17:51:32.227,LIVE,10.7992,77.2193,72.7699
2026-06-01 17:51:32.257,LIVE,10.7992,77.2092,72.7719
2026-06-01 17:51:32.288,LIVE,10.7989,77.2001,72.7739
2026-06-01 17:51:32.321,LIVE,10.7987,77.1919,72.7757
2026-06-01 17:51:32.353,LIVE,10.7985,77.1845,72.7775
2026-06-01 17:51:32.385,LIVE,10.7983,77.1779,72.7792
2026-06-01 17:51:32.420,LIVE,10.798,77.172,72.7808
2026-06-01 17:51:32.448,LIVE,10.7984,77.1666,72.7823
2026-06-01 17:51:32.480,LIVE,10.7983,77.1618,72.7837
2026-06-01 17:51:32.511,LIVE,10.798,77.1574,72.7851
2026-06-01 17:51:32.543,LIVE,10.7977,77.1535,72.7864
2026-06-01 17:51:32.574,LIVE,10.7973,77.15,72.7876
2026-06-01 17:51:32.605,LIVE,10.797,77.1468,72.7888
2026-06-01 17:51:32.638,LIVE,10.7969,77.1658,72.8135
2026-06-01 17:51:32.670,LIVE,10.7967,77.1829,72.8369
2026-06-01 17:51:32.702,LIVE,10.7968,77.1983,72.8592
2026-06-01 17:51:32.733,LIVE,10.7966,77.2122,72.8804
2026-06-01 17:51:32.765,LIVE,10.7964,77.2247,72.9005
2026-06-01 17:51:32.797,LIVE,10.796,77.2359,72.9196
2026-06-01 17:51:32.829,LIVE,10.7956,77.246,72.9378
2026-06-01 17:51:32.860,LIVE,10.7951,77.2551,72.955
2026-06-01 17:51:32.891,LIVE,10.7948,77.2633,72.9714
2026-06-01 17:51:32.922,LIVE,10.7945,77.2706,72.987
2026-06-01 17:51:32.955,LIVE,10.794,77.2773,73.0018
2026-06-01 17:51:32.986,LIVE,10.7936,77.2832,73.0158
2026-06-01 17:51:33.017,LIVE,10.7932,77.2886,73.0291
2026-06-01 17:51:33.049,LIVE,10.7927,77.2934,73.0418
2026-06-01 17:51:33.080,LIVE,10.7922,77.2978,73.0539
2026-06-01 17:51:33.112,LIVE,10.7917,77.3017,73.0653
2026-06-01 17:51:33.145,LIVE,10.7912,77.3034,73.0621
2026-06-01 17:51:33.177,LIVE,10.7907,77.3049,73.0591
2026-06-01 17:51:33.215,LIVE,10.7902,77.3063,73.0563
2026-06-01 17:51:33.241,LIVE,10.7901,77.3075,73.0536
2026-06-01 17:51:33.272,LIVE,10.7895,77.3086,73.051
2026-06-01 17:51:33.305,LIVE,10.7886,77.3096,73.0486
2026-06-01 17:51:33.336,LIVE,10.7881,77.3105,73.0462
2026-06-01 17:51:33.368,LIVE,10.7876,77.3113,73.044
2026-06-01 17:51:33.399,LIVE,10.787,77.312,73.0419
2026-06-01 17:51:33.431,LIVE,10.7864,77.3126,73.0399
2026-06-01 17:51:33.464,LIVE,10.7858,77.3132,73.038
2026-06-01 17:51:33.496,LIVE,10.7857,77.3137,73.0362
2026-06-01 17:51:33.528,LIVE,10.7852,77.3142,73.0345
2026-06-01 17:51:33.560,LIVE,10.7847,77.3146,73.0329
2026-06-01 17:51:33.591,LIVE,10.7843,77.315,73.0314
2026-06-01 17:51:33.622,LIVE,10.7837,77.3007,73.0303
2026-06-01 17:51:33.655,LIVE,10.7829,77.2877,73.0293
2026-06-01 17:51:33.686,LIVE,10.7824,77.2761,73.0283
2026-06-01 17:51:33.719,LIVE,10.7816,77.2656,73.0274
2026-06-01 17:51:33.750,LIVE,10.7812,77.2562,73.0266
2026-06-01 17:51:33.782,LIVE,10.7805,77.2478,73.0257
2026-06-01 17:51:33.814,LIVE,10.7799,77.2401,73.025
2026-06-01 17:51:33.846,LIVE,10.7793,77.2333,73.0242
2026-06-01 17:51:33.878,LIVE,10.7787,77.2271,73.0235
2026-06-01 17:51:33.911,LIVE,10.778,77.2215,73.0228
2026-06-01 17:51:33.943,LIVE,10.7773,77.2165,73.0222
2026-06-01 17:51:33.974,LIVE,10.7765,77.212,73.0216
2026-06-01 17:51:34.008,LIVE,10.7761,77.208,73.021
2026-06-01 17:51:34.036,LIVE,10.7763,77.2043,73.0205
2026-06-01 17:51:34.067,LIVE,10.7755,77.201,73.02
2026-06-01 17:51:34.099,LIVE,10.7749,77.1981,73.0195
2026-06-01 17:51:34.131,LIVE,10.7742,77.2172,73.0429
2026-06-01 17:51:34.163,LIVE,10.7735,77.2344,73.0652
2026-06-01 17:51:34.194,LIVE,10.773,77.2499,73.0864
2026-06-01 17:51:34.228,LIVE,10.7725,77.2639,73.1065
2026-06-01 17:51:34.259,LIVE,10.7719,77.2764,73.1256
2026-06-01 17:51:34.291,LIVE,10.7714,77.2877,73.1437
2026-06-01 17:51:34.323,LIVE,10.7708,77.2979,73.161
2026-06-01 17:51:34.355,LIVE,10.7701,77.307,73.1774
2026-06-01 17:51:34.385,LIVE,10.7693,77.3153,73.1929
2026-06-01 17:51:34.418,LIVE,10.7687,77.3227,73.2077
2026-06-01 17:51:34.450,LIVE,10.7681,77.3294,73.2217
2026-06-01 17:51:34.481,LIVE,10.7673,77.3354,73.2351
2026-06-01 17:51:34.513,LIVE,10.7664,77.3408,73.2478
2026-06-01 17:51:34.544,LIVE,10.7656,77.3456,73.2598
2026-06-01 17:51:34.577,LIVE,10.7647,77.35,73.2712
2026-06-01 17:51:34.608,LIVE,10.7639,77.354,73.2821
2026-06-01 17:51:34.639,LIVE,10.763,77.3756,73.285
2026-06-01 17:51:34.672,LIVE,10.7621,77.3951,73.2877
2026-06-01 17:51:34.704,LIVE,10.7614,77.4126,73.2903
2026-06-01 17:51:34.735,LIVE,10.7605,77.4283,73.2928
2026-06-01 17:51:34.766,LIVE,10.7597,77.4425,73.2952
2026-06-01 17:51:34.803,LIVE,10.7589,77.4553,73.2974
2026-06-01 17:51:34.829,LIVE,10.759,77.4668,73.2996
2026-06-01 17:51:34.860,LIVE,10.7582,77.4771,73.3016
2026-06-01 17:51:34.891,LIVE,10.7573,77.4864,73.3035
2026-06-01 17:51:34.922,LIVE,10.7567,77.4948,73.3053
2026-06-01 17:51:34.954,LIVE,10.7556,77.5024,73.3071
2026-06-01 17:51:34.987,LIVE,10.7546,77.5092,73.3087
2026-06-01 17:51:35.018,LIVE,10.7541,77.5153,73.3103
2026-06-01 17:51:35.051,LIVE,10.7537,77.5208,73.3118
2026-06-01 17:51:35.081,LIVE,10.7532,77.5257,73.3132
2026-06-01 17:51:35.112,LIVE,10.7526,77.5302,73.3145
2026-06-01 17:51:35.145,LIVE,10.7519,77.5439,73.3167
2026-06-01 17:51:35.177,LIVE,10.7513,77.5562,73.3187
2026-06-01 17:51:35.210,LIVE,10.7505,77.5673,73.3206
2026-06-01 17:51:35.241,LIVE,10.7499,77.5773,73.3225
2026-06-01 17:51:35.273,LIVE,10.7494,77.5863,73.3242
2026-06-01 17:51:35.305,LIVE,10.7486,77.5943,73.3259
2026-06-01 17:51:35.337,LIVE,10.7479,77.6016,73.3275
2026-06-01 17:51:35.368,LIVE,10.7473,77.6082,73.329
2026-06-01 17:51:35.399,LIVE,10.7464,77.6141,73.3304
2026-06-01 17:51:35.432,LIVE,10.7458,77.6194,73.3317
2026-06-01 17:51:35.463,LIVE,10.7449,77.6242,73.333
2026-06-01 17:51:35.495,LIVE,10.7442,77.6285,73.3342
2026-06-01 17:51:35.528,LIVE,10.7434,77.6323,73.3354
2026-06-01 17:51:35.561,LIVE,10.7427,77.6358,73.3365
2026-06-01 17:51:35.594,LIVE,10.7421,77.6389,73.3376
2026-06-01 17:51:35.622,LIVE,10.7427,77.6288,73.3789
2026-06-01 17:51:35.655,LIVE,10.7419,77.6196,73.4181
2026-06-01 17:51:35.688,LIVE,10.7413,77.6114,73.4554
2026-06-01 17:51:35.718,LIVE,10.7406,77.604,73.4909
2026-06-01 17:51:35.750,LIVE,10.7398,77.5973,73.5245
2026-06-01 17:51:35.782,LIVE,10.7393,77.5913,73.5565
2026-06-01 17:51:35.814,LIVE,10.7387,77.5859,73.5869
2026-06-01 17:51:35.846,LIVE,10.7383,77.581,73.6158
2026-06-01 17:51:35.879,LIVE,10.738,77.5767,73.6432
2026-06-01 17:51:35.909,LIVE,10.7374,77.5727,73.6692
2026-06-01 17:51:35.942,LIVE,10.737,77.5692,73.694
2026-06-01 17:51:35.972,LIVE,10.7366,77.566,73.7175
2026-06-01 17:51:36.004,LIVE,10.736,77.5631,73.7398
2026-06-01 17:51:36.036,LIVE,10.7352,77.5605,73.761
2026-06-01 17:51:36.065,LIVE,10.7347,77.5582,73.7812
2026-06-01 17:51:36.096,LIVE,10.734,77.5561,73.8003
2026-06-01 17:51:36.128,LIVE,10.7336,77.5359,73.7944
2026-06-01 17:51:36.161,LIVE,10.7331,77.5178,73.7887
2026-06-01 17:51:36.193,LIVE,10.7322,77.5014,73.7833
2026-06-01 17:51:36.224,LIVE,10.7319,77.4867,73.7782
2026-06-01 17:51:36.256,LIVE,10.7314,77.4734,73.7733
2026-06-01 17:51:36.286,LIVE,10.731,77.4615,73.7687
2026-06-01 17:51:36.318,LIVE,10.7307,77.4508,73.7643
2026-06-01 17:51:36.350,LIVE,10.7301,77.4411,73.7601
2026-06-01 17:51:36.384,LIVE,10.7297,77.4324,73.7562
2026-06-01 17:51:36.414,LIVE,10.7298,77.4246,73.7524
2026-06-01 17:51:36.445,LIVE,10.7293,77.4176,73.7489
2026-06-01 17:51:36.478,LIVE,10.7287,77.4112,73.7455
2026-06-01 17:51:36.509,LIVE,10.7282,77.4055,73.7422
2026-06-01 17:51:36.542,LIVE,10.7278,77.4004,73.7392
2026-06-01 17:51:36.574,LIVE,10.7272,77.3958,73.7363
2026-06-01 17:51:36.605,LIVE,10.7269,77.3916,73.7335
2026-06-01 17:51:36.637,LIVE,10.7267,77.3895,73.7338
2026-06-01 17:51:36.670,LIVE,10.7267,77.3877,73.7342
2026-06-01 17:51:36.701,LIVE,10.7264,77.386,73.7345
2026-06-01 17:51:36.732,LIVE,10.7258,77.3845,73.7348
2026-06-01 17:51:36.765,LIVE,10.7253,77.3831,73.7351
2026-06-01 17:51:36.797,LIVE,10.7247,77.3819,73.7354
2026-06-01 17:51:36.828,LIVE,10.7241,77.3808,73.7356
2026-06-01 17:51:36.860,LIVE,10.7236,77.3798,73.7359
2026-06-01 17:51:36.892,LIVE,10.7229,77.379,73.7361
2026-06-01 17:51:36.924,LIVE,10.7222,77.3782,73.7363
2026-06-01 17:51:36.955,LIVE,10.7216,77.3774,73.7365
2026-06-01 17:51:36.986,LIVE,10.7212,77.3768,73.7367
2026-06-01 17:51:37.018,LIVE,10.7206,77.3762,73.7369
2026-06-01 17:51:37.050,LIVE,10.72,77.3757,73.7371
2026-06-01 17:51:37.082,LIVE,10.7194,77.3752,73.7373
2026-06-01 17:51:37.113,LIVE,10.719,77.3748,73.7375
2026-06-01 17:51:37.145,LIVE,10.7183,77.3794,73.7631
2026-06-01 17:51:37.179,LIVE,10.7179,77.3835,73.7875
2026-06-01 17:51:37.209,LIVE,10.7181,77.3873,73.8106
2026-06-01 17:51:37.240,LIVE,10.7174,77.3906,73.8326
2026-06-01 17:51:37.271,LIVE,10.7169,77.3936,73.8535
2026-06-01 17:51:37.301,LIVE,10.7162,77.3964,73.8733
2026-06-01 17:51:37.333,LIVE,10.7157,77.3988,73.8922
2026-06-01 17:51:37.365,LIVE,10.715,77.401,73.9101
2026-06-01 17:51:37.396,LIVE,10.7142,77.403,73.9271
2026-06-01 17:51:37.428,LIVE,10.7139,77.4048,73.9432
2026-06-01 17:51:37.461,LIVE,10.7136,77.4064,73.9586
2026-06-01 17:51:37.493,LIVE,10.7132,77.4078,73.9732
2026-06-01 17:51:37.524,LIVE,10.7124,77.4091,73.987
2026-06-01 17:51:37.555,LIVE,10.7117,77.4103,74.0002
2026-06-01 17:51:37.586,LIVE,10.7111,77.4113,74.0127
2026-06-01 17:51:37.617,LIVE,10.7103,77.4184,74.0219
2026-06-01 17:51:37.648,LIVE,10.7096,77.4248,74.0306
2026-06-01 17:51:37.681,LIVE,10.7089,77.4306,74.0389
2026-06-01 17:51:37.713,LIVE,10.7081,77.4358,74.0468
2026-06-01 17:51:37.745,LIVE,10.7072,77.4404,74.0543
2026-06-01 17:51:37.775,LIVE,10.7066,77.4446,74.0614
2026-06-01 17:51:37.808,LIVE,10.7058,77.4484,74.0682
2026-06-01 17:51:37.840,LIVE,10.7051,77.4518,74.0746
2026-06-01 17:51:37.871,LIVE,10.7045,77.4548,74.0807
2026-06-01 17:51:37.904,LIVE,10.7035,77.4576,74.0865
2026-06-01 17:51:37.935,LIVE,10.7029,77.4601,74.092
2026-06-01 17:51:37.969,LIVE,10.7028,77.4623,74.0972
2026-06-01 17:51:37.997,LIVE,10.7019,77.4643,74.1022
2026-06-01 17:51:38.029,LIVE,10.7011,77.4661,74.1069
2026-06-01 17:51:38.060,LIVE,10.7002,77.4677,74.1114
2026-06-01 17:51:38.092,LIVE,10.6995,77.4692,74.1157
2026-06-01 17:51:38.124,LIVE,10.6987,77.4885,74.1366
2026-06-01 17:51:38.155,LIVE,10.6984,77.5059,74.1566
2026-06-01 17:51:38.186,LIVE,10.6979,77.5215,74.1755
2026-06-01 17:51:38.218,LIVE,10.6975,77.5356,74.1935
2026-06-01 17:51:38.249,LIVE,10.6971,77.5482,74.2105
2026-06-01 17:51:38.281,LIVE,10.6962,77.5596,74.2268
2026-06-01 17:51:38.312,LIVE,10.6953,77.5699,74.2422
2026-06-01 17:51:38.342,LIVE,10.6943,77.5791,74.2568
2026-06-01 17:51:38.374,LIVE,10.6935,77.5874,74.2707
2026-06-01 17:51:38.405,LIVE,10.6927,77.5949,74.2839
2026-06-01 17:51:38.436,LIVE,10.6917,77.6016,74.2965
2026-06-01 17:51:38.469,LIVE,10.691,77.6077,74.3084
2026-06-01 17:51:38.501,LIVE,10.6903,77.6131,74.3197
2026-06-01 17:51:38.532,LIVE,10.6896,77.618,74.3305
2026-06-01 17:51:38.564,LIVE,10.6892,77.6224,74.3407
2026-06-01 17:51:38.596,LIVE,10.6885,77.6264,74.3504
2026-06-01 17:51:38.627,LIVE,10.6878,77.6127,74.4661
2026-06-01 17:51:38.660,LIVE,10.6869,77.6003,74.5759
2026-06-01 17:51:38.691,LIVE,10.6861,77.5892,74.6803
2026-06-01 17:51:38.724,LIVE,10.6867,77.5792,74.7794
2026-06-01 17:51:38.759,LIVE,10.6857,77.5701,74.8736
2026-06-01 17:51:38.786,LIVE,10.6851,77.562,74.963
2026-06-01 17:51:38.815,LIVE,10.6844,77.5547,75.048
2026-06-01 17:51:38.847,LIVE,10.6837,77.5482,75.1288
2026-06-01 17:51:38.880,LIVE,10.683,77.5422,75.2055
2026-06-01 17:51:38.911,LIVE,10.6826,77.5369,75.2784
2026-06-01 17:51:38.942,LIVE,10.6819,77.5321,75.3476
2026-06-01 17:51:38.975,LIVE,10.6817,77.5278,75.4134
2026-06-01 17:51:39.006,LIVE,10.6813,77.5239,75.4758
2026-06-01 17:51:39.037,LIVE,10.6808,77.5204,75.5352
2026-06-01 17:51:39.068,LIVE,10.6801,77.5173,75.5916
2026-06-01 17:51:39.100,LIVE,10.6792,77.5145,75.6452
2026-06-01 17:51:39.131,LIVE,10.6786,77.5504,75.7561
2026-06-01 17:51:39.163,LIVE,10.6779,77.5828,75.8615
2026-06-01 17:51:39.196,LIVE,10.6772,77.6119,75.9616
2026-06-01 17:51:39.228,LIVE,10.6763,77.6381,76.0567
2026-06-01 17:51:39.259,LIVE,10.6756,77.6617,76.147
2026-06-01 17:51:39.291,LIVE,10.6751,77.6829,76.2329
2026-06-01 17:51:39.321,LIVE,10.6744,77.702,76.3144
2026-06-01 17:51:39.352,LIVE,10.6735,77.7192,76.3919
2026-06-01 17:51:39.384,LIVE,10.6726,77.7347,76.4655
2026-06-01 17:51:39.415,LIVE,10.6717,77.7486,76.5354
2026-06-01 17:51:39.447,LIVE,10.6709,77.7612,76.6018
2026-06-01 17:51:39.479,LIVE,10.6706,77.7724,76.6649
2026-06-01 17:51:39.510,LIVE,10.6702,77.7826,76.7248
2026-06-01 17:51:39.544,LIVE,10.6695,77.7917,76.7818
2026-06-01 17:51:39.574,LIVE,10.6688,77.7999,76.8359
2026-06-01 17:51:39.606,LIVE,10.6681,77.8073,76.8873
2026-06-01 17:51:39.638,LIVE,10.6675,77.823,76.9454
2026-06-01 17:51:39.669,LIVE,10.6669,77.8371,77.0007
2026-06-01 17:51:39.701,LIVE,10.6663,77.8498,77.0532
2026-06-01 17:51:39.733,LIVE,10.6658,77.8613,77.1031
2026-06-01 17:51:39.763,LIVE,10.6655,77.8716,77.1505
2026-06-01 17:51:39.794,LIVE,10.665,77.8808,77.1955
2026-06-01 17:51:39.825,LIVE,10.6644,77.8891,77.2383
2026-06-01 17:51:39.857,LIVE,10.6639,77.8966,77.2789
2026-06-01 17:51:39.890,LIVE,10.6633,77.9034,77.3175
2026-06-01 17:51:39.921,LIVE,10.6628,77.9095,77.3542
2026-06-01 17:51:39.952,LIVE,10.6623,77.9149,77.389
2026-06-01 17:51:39.984,LIVE,10.6616,77.9198,77.4221
2026-06-01 17:51:40.015,LIVE,10.661,77.9243,77.4536
2026-06-01 17:51:40.046,LIVE,10.6603,77.9283,77.4834
2026-06-01 17:51:40.078,LIVE,10.6598,77.9318,77.5118
2026-06-01 17:51:40.109,LIVE,10.6591,77.9351,77.5388
2026-06-01 17:51:40.141,LIVE,10.6586,77.9371,77.5408
2026-06-01 17:51:40.173,LIVE,10.6578,77.9389,77.5428
2026-06-01 17:51:40.205,LIVE,10.6572,77.9405,77.5447
2026-06-01 17:51:40.236,LIVE,10.6565,77.942,77.5464
2026-06-01 17:51:40.267,LIVE,10.6569,77.9433,77.5481
2026-06-01 17:51:40.298,LIVE,10.656,77.9445,77.5497
2026-06-01 17:51:40.332,LIVE,10.6554,77.9456,77.5513
2026-06-01 17:51:40.361,LIVE,10.6548,77.9466,77.5527
2026-06-01 17:51:40.393,LIVE,10.6541,77.9474,77.5541
2026-06-01 17:51:40.425,LIVE,10.6536,77.9482,77.5554
2026-06-01 17:51:40.457,LIVE,10.653,77.9489,77.5566
2026-06-01 17:51:40.489,LIVE,10.6528,77.9495,77.5578
2026-06-01 17:51:40.521,LIVE,10.6524,77.9501,77.5589
2026-06-01 17:51:40.552,LIVE,10.6519,77.9506,77.56
2026-06-01 17:51:40.585,LIVE,10.6512,77.9511,77.561
2026-06-01 17:51:40.615,LIVE,10.6503,77.9515,77.5619
2026-06-01 17:51:40.647,LIVE,10.6495,77.9353,77.5565
2026-06-01 17:51:40.680,LIVE,10.6489,77.9207,77.5512
2026-06-01 17:51:40.711,LIVE,10.6484,77.9076,77.5463
2026-06-01 17:51:40.743,LIVE,10.6476,77.8957,77.5416
2026-06-01 17:51:40.775,LIVE,10.6468,77.8851,77.5371
2026-06-01 17:51:40.806,LIVE,10.6459,77.8755,77.5328
2026-06-01 17:51:40.838,LIVE,10.6454,77.8669,77.5288
2026-06-01 17:51:40.870,LIVE,10.6447,77.8591,77.525
2026-06-01 17:51:40.902,LIVE,10.6441,77.8522,77.5213
2026-06-01 17:51:40.933,LIVE,10.6436,77.8459,77.5178
2026-06-01 17:51:40.965,LIVE,10.6427,77.8402,77.5146
2026-06-01 17:51:40.996,LIVE,10.642,77.8351,77.5114
2026-06-01 17:51:41.027,LIVE,10.6425,77.8305,77.5085
2026-06-01 17:51:41.060,LIVE,10.6417,77.8264,77.5056
2026-06-01 17:51:41.091,LIVE,10.6409,77.8227,77.503
2026-06-01 17:51:41.125,LIVE,10.6401,77.8194,77.4271
2026-06-01 17:51:41.152,LIVE,10.6395,77.8164,77.355
2026-06-01 17:51:41.184,LIVE,10.6389,77.8137,77.2865
2026-06-01 17:51:41.216,LIVE,10.6385,77.8112,77.2214
2026-06-01 17:51:41.247,LIVE,10.6381,77.809,77.1596
2026-06-01 17:51:41.279,LIVE,10.6377,77.8071,77.1009
2026-06-01 17:51:41.311,LIVE,10.6373,77.8053,77.0451
2026-06-01 17:51:41.341,LIVE,10.6367,77.8037,76.9921
2026-06-01 17:51:41.373,LIVE,10.6359,77.8023,76.9418
2026-06-01 17:51:41.406,LIVE,10.635,77.801,76.8939
2026-06-01 17:51:41.438,LIVE,10.6344,77.7998,76.8485
2026-06-01 17:51:41.469,LIVE,10.6337,77.7988,76.8053
2026-06-01 17:51:41.501,LIVE,10.633,77.7978,76.7643
2026-06-01 17:51:41.532,LIVE,10.6323,77.797,76.7254
2026-06-01 17:51:41.565,LIVE,10.6316,77.7962,76.6884
2026-06-01 17:51:41.596,LIVE,10.6309,77.7955,76.6532
2026-06-01 17:51:41.628,LIVE,10.6303,77.7962,76.5938
2026-06-01 17:51:41.661,LIVE,10.6299,77.7968,76.5375
2026-06-01 17:51:41.690,LIVE,10.6291,77.7974,76.4839
2026-06-01 17:51:41.723,LIVE,10.6286,77.7979,76.433
2026-06-01 17:51:41.756,LIVE,10.628,77.7983,76.3846
2026-06-01 17:51:41.785,LIVE,10.6275,77.7987,76.3387
2026-06-01 17:51:41.817,LIVE,10.6283,77.7991,76.2951
2026-06-01 17:51:41.848,LIVE,10.6276,77.7994,76.2536
2026-06-01 17:51:41.880,LIVE,10.6271,77.7997,76.2142
2026-06-01 17:51:41.914,LIVE,10.6265,77.8,76.1768
2026-06-01 17:51:41.943,LIVE,10.626,77.8002,76.1413
2026-06-01 17:51:41.976,LIVE,10.6254,77.8004,76.1075
2026-06-01 17:51:42.008,LIVE,10.6249,77.8006,76.0754
2026-06-01 17:51:42.040,LIVE,10.6247,77.8008,76.045
2026-06-01 17:51:42.072,LIVE,10.6244,77.801,76.016
2026-06-01 17:51:42.101,LIVE,10.6239,77.8011,75.9885
2026-06-01 17:51:42.133,LIVE,10.6233,77.7822,75.9624
2026-06-01 17:51:42.164,LIVE,10.6227,77.7651,75.9376
2026-06-01 17:51:42.195,LIVE,10.6219,77.7498,75.914
2026-06-01 17:51:42.227,LIVE,10.6214,77.736,75.8916
2026-06-01 17:51:42.260,LIVE,10.6209,77.7236,75.8703
2026-06-01 17:51:42.290,LIVE,10.6202,77.7124,75.8501
2026-06-01 17:51:42.323,LIVE,10.6196,77.7023,75.8309
2026-06-01 17:51:42.353,LIVE,10.6189,77.6933,75.8127
2026-06-01 17:51:42.386,LIVE,10.6185,77.6851,75.7953
2026-06-01 17:51:42.417,LIVE,10.6177,77.6778,75.7789
2026-06-01 17:51:42.447,LIVE,10.6171,77.6712,75.7632
2026-06-01 17:51:42.480,LIVE,10.6165,77.6652,75.7484
2026-06-01 17:51:42.511,LIVE,10.6159,77.6599,75.7342
2026-06-01 17:51:42.544,LIVE,10.6154,77.6551,75.7208
2026-06-01 17:51:42.576,LIVE,10.6148,77.6507,75.7081
2026-06-01 17:51:42.606,LIVE,10.6153,77.6468,75.696
2026-06-01 17:51:42.639,LIVE,10.6147,77.638,75.6646
2026-06-01 17:51:42.671,LIVE,10.6141,77.63,75.6349
2026-06-01 17:51:42.706,LIVE,10.6135,77.6228,75.6066
2026-06-01 17:51:42.734,LIVE,10.6128,77.6163,75.5797
2026-06-01 17:51:42.766,LIVE,10.6121,77.6105,75.5542
2026-06-01 17:51:42.797,LIVE,10.6118,77.6053,75.53
2026-06-01 17:51:42.829,LIVE,10.6116,77.6005,75.5069
2026-06-01 17:51:42.861,LIVE,10.6114,77.5963,75.485
2026-06-01 17:51:42.893,LIVE,10.6112,77.5925,75.4643
2026-06-01 17:51:42.925,LIVE,10.6104,77.589,75.4445
2026-06-01 17:51:42.957,LIVE,10.61,77.5859,75.4257
2026-06-01 17:51:42.989,LIVE,10.6095,77.5832,75.4079
2026-06-01 17:51:43.021,LIVE,10.6089,77.5806,75.391
2026-06-01 17:51:43.052,LIVE,10.6083,77.5784,75.3749
2026-06-01 17:51:43.084,LIVE,10.6076,77.5764,75.3596
2026-06-01 17:51:43.116,LIVE,10.6069,77.5745,75.3451
2026-06-01 17:51:43.146,LIVE,10.6061,77.6115,75.3511
2026-06-01 17:51:43.178,LIVE,10.6055,77.6447,75.3569
2026-06-01 17:51:43.209,LIVE,10.605,77.6746,75.3623
2026-06-01 17:51:43.241,LIVE,10.6045,77.7015,75.3675
2026-06-01 17:51:43.273,LIVE,10.604,77.7258,75.3724
2026-06-01 17:51:43.305,LIVE,10.6034,77.7476,75.3771
2026-06-01 17:51:43.337,LIVE,10.6028,77.7672,75.3815
2026-06-01 17:51:43.368,LIVE,10.6023,77.7849,75.3857
2026-06-01 17:51:43.400,LIVE,10.6026,77.8008,75.3897
2026-06-01 17:51:43.433,LIVE,10.6021,77.8151,75.3935
2026-06-01 17:51:43.463,LIVE,10.6016,77.828,75.3971
2026-06-01 17:51:43.497,LIVE,10.6011,77.8395,75.4006
2026-06-01 17:51:43.526,LIVE,10.6008,77.85,75.4038
2026-06-01 17:51:43.559,LIVE,10.6002,77.8594,75.4069
2026-06-01 17:51:43.589,LIVE,10.6,77.8678,75.4099
2026-06-01 17:51:43.622,LIVE,10.5999,77.8805,75.4363
2026-06-01 17:51:43.654,LIVE,10.5998,77.892,75.4614
2026-06-01 17:51:43.684,LIVE,10.5997,77.9023,75.4853
2026-06-01 17:51:43.715,LIVE,10.5994,77.9116,75.508
2026-06-01 17:51:43.747,LIVE,10.5989,77.9199,75.5295
2026-06-01 17:51:43.778,LIVE,10.5984,77.9274,75.55
2026-06-01 17:51:43.810,LIVE,10.5982,77.9342,75.5694
2026-06-01 17:51:43.841,LIVE,10.5979,77.9403,75.5879
2026-06-01 17:51:43.872,LIVE,10.5977,77.9457,75.6054
2026-06-01 17:51:43.904,LIVE,10.5975,77.9507,75.6221
2026-06-01 17:51:43.935,LIVE,10.5972,77.9551,75.6379
2026-06-01 17:51:43.967,LIVE,10.5971,77.9591,75.653
2026-06-01 17:51:43.999,LIVE,10.5968,77.9627,75.6672
2026-06-01 17:51:44.030,LIVE,10.5967,77.9659,75.6808
2026-06-01 17:51:44.062,LIVE,10.5963,77.9688,75.6937
2026-06-01 17:51:44.093,LIVE,10.5961,77.9714,75.706
2026-06-01 17:51:44.125,LIVE,10.5959,77.959,75.7449
2026-06-01 17:51:44.157,LIVE,10.5967,77.9478,75.782
2026-06-01 17:51:44.190,LIVE,10.5966,77.9377,75.8171
2026-06-01 17:51:44.221,LIVE,10.5963,77.9287,75.8506
2026-06-01 17:51:44.253,LIVE,10.5964,77.9205,75.8823
2026-06-01 17:51:44.292,LIVE,10.5965,77.9132,75.9125
2026-06-01 17:51:44.317,LIVE,10.5964,77.9065,75.9411
2026-06-01 17:51:44.349,LIVE,10.5967,77.9006,75.9683
2026-06-01 17:51:44.380,LIVE,10.5971,77.8952,75.9942
2026-06-01 17:51:44.412,LIVE,10.5975,77.8904,76.0187
2026-06-01 17:51:44.445,LIVE,10.5978,77.8861,76.0421
2026-06-01 17:51:44.477,LIVE,10.598,77.8822,76.0643
2026-06-01 17:51:44.507,LIVE,10.5982,77.8787,76.0853
2026-06-01 17:51:44.539,LIVE,10.5984,77.8755,76.1053
2026-06-01 17:51:44.572,LIVE,10.5984,77.8727,76.1243
2026-06-01 17:51:44.604,LIVE,10.5986,77.8701,76.1424
2026-06-01 17:51:44.636,LIVE,10.5986,77.8901,76.23
2026-06-01 17:51:44.667,LIVE,10.5987,77.9081,76.3132
2026-06-01 17:51:44.699,LIVE,10.5989,77.9242,76.3923
2026-06-01 17:51:44.729,LIVE,10.5989,77.9388,76.4674
2026-06-01 17:51:44.761,LIVE,10.599,77.9519,76.5388
2026-06-01 17:51:44.794,LIVE,10.5991,77.9637,76.6066
2026-06-01 17:51:44.825,LIVE,10.5994,77.9743,76.671
2026-06-01 17:51:44.856,LIVE,10.5995,77.9839,76.7321
2026-06-01 17:51:44.889,LIVE,10.5996,77.9924,76.7903
2026-06-01 17:51:44.920,LIVE,10.6007,78.0002,76.8455
2026-06-01 17:51:44.951,LIVE,10.6008,78.0072,76.8979
2026-06-01 17:51:44.984,LIVE,10.601,78.0134,76.9478
2026-06-01 17:51:45.015,LIVE,10.6012,78.0191,76.9951
2026-06-01 17:51:45.046,LIVE,10.6012,78.0241,77.0401
2026-06-01 17:51:45.080,LIVE,10.6012,78.0287,77.0828
2026-06-01 17:51:45.109,LIVE,10.6012,78.0328,77.1234
2026-06-01 17:51:45.141,LIVE,10.6016,78.0414,77.0412
2026-06-01 17:51:45.172,LIVE,10.6019,78.0492,76.9631
2026-06-01 17:51:45.204,LIVE,10.6022,78.0562,76.8888
2026-06-01 17:51:45.235,LIVE,10.6023,78.0625,76.8183
2026-06-01 17:51:45.266,LIVE,10.6024,78.0682,76.7514
2026-06-01 17:51:45.298,LIVE,10.6022,78.0733,76.6877
2026-06-01 17:51:45.330,LIVE,10.6021,78.0778,76.6273
2026-06-01 17:51:45.363,LIVE,10.602,78.082,76.5699
2026-06-01 17:51:45.393,LIVE,10.6021,78.0857,76.5153
2026-06-01 17:51:45.425,LIVE,10.602,78.089,76.4635
2026-06-01 17:51:45.457,LIVE,10.602,78.092,76.4143
2026-06-01 17:51:45.490,LIVE,10.6019,78.0948,76.3675
2026-06-01 17:51:45.521,LIVE,10.6021,78.0972,76.3231
2026-06-01 17:51:45.553,LIVE,10.6022,78.0994,76.2808
2026-06-01 17:51:45.585,LIVE,10.6022,78.1014,76.2407
2026-06-01 17:51:45.617,LIVE,10.6022,78.1031,76.2026
2026-06-01 17:51:45.648,LIVE,10.6021,78.0869,76.2538
2026-06-01 17:51:45.679,LIVE,10.6023,78.0723,76.3023
2026-06-01 17:51:45.711,LIVE,10.6028,78.0591,76.3485
2026-06-01 17:51:45.744,LIVE,10.6028,78.0473,76.3923
2026-06-01 17:51:45.775,LIVE,10.6026,78.0366,76.434
2026-06-01 17:51:45.807,LIVE,10.6025,78.027,76.4735
2026-06-01 17:51:45.840,LIVE,10.6022,78.0184,76.5111
2026-06-01 17:51:45.875,LIVE,10.6024,78.0106,76.5468
2026-06-01 17:51:45.903,LIVE,10.6026,78.0036,76.5807
2026-06-01 17:51:45.933,LIVE,10.6029,77.9973,76.613
2026-06-01 17:51:45.965,LIVE,10.6031,77.9916,76.6436
2026-06-01 17:51:45.997,LIVE,10.6031,77.9865,76.6727
2026-06-01 17:51:46.029,LIVE,10.6027,77.9819,76.7003
2026-06-01 17:51:46.061,LIVE,10.6027,77.9778,76.7265
2026-06-01 17:51:46.092,LIVE,10.6026,77.9741,76.7515
2026-06-01 17:51:46.124,LIVE,10.6025,77.9713,76.7656
2026-06-01 17:51:46.156,LIVE,10.6022,77.9687,76.779
2026-06-01 17:51:46.188,LIVE,10.6021,77.9664,76.7918
2026-06-01 17:51:46.220,LIVE,10.6019,77.9644,76.8039
2026-06-01 17:51:46.250,LIVE,10.6017,77.9625,76.8154
2026-06-01 17:51:46.281,LIVE,10.6016,77.9608,76.8263
2026-06-01 17:51:46.313,LIVE,10.6013,77.9593,76.8367
2026-06-01 17:51:46.343,LIVE,10.6012,77.958,76.8465
2026-06-01 17:51:46.376,LIVE,10.6012,77.9568,76.8559
2026-06-01 17:51:46.408,LIVE,10.6008,77.9557,76.8648
2026-06-01 17:51:46.439,LIVE,10.6006,77.9547,76.8733
2026-06-01 17:51:46.472,LIVE,10.6011,77.9538,76.8813
2026-06-01 17:51:46.503,LIVE,10.6009,77.953,76.8889
2026-06-01 17:51:46.535,LIVE,10.6006,77.9523,76.8962
2026-06-01 17:51:46.566,LIVE,10.6003,77.9516,76.9031
2026-06-01 17:51:46.598,LIVE,10.5999,77.9511,76.9096
2026-06-01 17:51:46.630,LIVE,10.5998,77.9505,76.9049
2026-06-01 17:51:46.664,LIVE,10.5998,77.9501,76.9003
2026-06-01 17:51:46.692,LIVE,10.5997,77.9496,76.8961
2026-06-01 17:51:46.725,LIVE,10.5996,77.9493,76.892
2026-06-01 17:51:46.756,LIVE,10.5995,77.9489,76.8881
2026-06-01 17:51:46.788,LIVE,10.5992,77.9486,76.8845
2026-06-01 17:51:46.821,LIVE,10.5991,77.9483,76.881
2026-06-01 17:51:46.849,LIVE,10.5987,77.9481,76.8776
2026-06-01 17:51:46.882,LIVE,10.5984,77.9478,76.8745
2026-06-01 17:51:46.913,LIVE,10.5979,77.9476,76.8715
2026-06-01 17:51:46.945,LIVE,10.5974,77.9475,76.8687
2026-06-01 17:51:46.977,LIVE,10.5971,77.9473,76.866
2026-06-01 17:51:47.009,LIVE,10.5966,77.9471,76.8634
2026-06-01 17:51:47.041,LIVE,10.596,77.947,76.861
2026-06-01 17:51:47.072,LIVE,10.5955,77.9469,76.8586
2026-06-01 17:51:47.104,LIVE,10.5952,77.9468,76.8564
2026-06-01 17:51:47.137,LIVE,10.5947,77.9361,76.789
2026-06-01 17:51:47.167,LIVE,10.5942,77.9264,76.7249
2026-06-01 17:51:47.200,LIVE,10.5937,77.9177,76.664
2026-06-01 17:51:47.232,LIVE,10.5941,77.9099,76.6062
2026-06-01 17:51:47.262,LIVE,10.5938,77.9028,76.5513
2026-06-01 17:51:47.293,LIVE,10.5932,77.8965,76.4991
2026-06-01 17:51:47.326,LIVE,10.5929,77.8908,76.4495
2026-06-01 17:51:47.356,LIVE,10.5924,77.8856,76.4024
2026-06-01 17:51:47.389,LIVE,10.5919,77.881,76.3576
2026-06-01 17:51:47.420,LIVE,10.5916,77.8769,76.3151
2026-06-01 17:51:47.456,LIVE,10.5916,77.8731,76.2747
2026-06-01 17:51:47.483,LIVE,10.5916,77.8698,76.2363
2026-06-01 17:51:47.513,LIVE,10.5913,77.8667,76.1999
2026-06-01 17:51:47.546,LIVE,10.5909,77.864,76.1653
2026-06-01 17:51:47.577,LIVE,10.5905,77.8615,76.1324
2026-06-01 17:51:47.609,LIVE,10.59,77.8593,76.1011
2026-06-01 17:51:47.640,LIVE,10.5895,77.873,76.0469
2026-06-01 17:51:47.673,LIVE,10.5888,77.8852,75.9953
2026-06-01 17:51:47.704,LIVE,10.5883,77.8963,75.9464
2026-06-01 17:51:47.737,LIVE,10.5877,77.9062,75.8998
2026-06-01 17:51:47.769,LIVE,10.5872,77.9151,75.8557
2026-06-01 17:51:47.800,LIVE,10.5867,77.9232,75.8137
2026-06-01 17:51:47.831,LIVE,10.5863,77.9304,75.7738
2026-06-01 17:51:47.861,LIVE,10.5858,77.9369,75.7359
2026-06-01 17:51:47.895,LIVE,10.5854,77.9428,75.6999
2026-06-01 17:51:47.926,LIVE,10.5849,77.9481,75.6657
2026-06-01 17:51:47.958,LIVE,10.5842,77.9528,75.6332
2026-06-01 17:51:47.990,LIVE,10.5845,77.9571,75.6024
2026-06-01 17:51:48.021,LIVE,10.5842,77.9609,75.5731
2026-06-01 17:51:48.053,LIVE,10.5836,77.9644,75.5452
2026-06-01 17:51:48.085,LIVE,10.583,77.9675,75.5188
2026-06-01 17:51:48.116,LIVE,10.5825,77.9703,75.4936
2026-06-01 17:51:48.148,LIVE,10.5821,77.9729,75.4822
2026-06-01 17:51:48.181,LIVE,10.5816,77.9751,75.4714
2026-06-01 17:51:48.212,LIVE,10.5813,77.9772,75.4612
2026-06-01 17:51:48.245,LIVE,10.5812,77.979,75.4514
2026-06-01 17:51:48.275,LIVE,10.5808,77.9807,75.4422
2026-06-01 17:51:48.306,LIVE,10.5804,77.9822,75.4334
2026-06-01 17:51:48.338,LIVE,10.5798,77.9835,75.425
2026-06-01 17:51:48.367,LIVE,10.5792,77.9847,75.417
2026-06-01 17:51:48.399,LIVE,10.5787,77.9858,75.4095
2026-06-01 17:51:48.431,LIVE,10.5781,77.9868,75.4023
2026-06-01 17:51:48.463,LIVE,10.5775,77.9877,75.3955
2026-06-01 17:51:48.496,LIVE,10.577,77.9884,75.389
2026-06-01 17:51:48.528,LIVE,10.5763,77.9892,75.3829
2026-06-01 17:51:48.559,LIVE,10.5757,77.9898,75.3771
2026-06-01 17:51:48.591,LIVE,10.5753,77.9904,75.3715
2026-06-01 17:51:48.623,LIVE,10.5747,77.985,75.3676
2026-06-01 17:51:48.653,LIVE,10.5742,77.9801,75.3638
2026-06-01 17:51:48.687,LIVE,10.5736,77.9758,75.3603
2026-06-01 17:51:48.718,LIVE,10.5728,77.9719,75.3569
2026-06-01 17:51:48.749,LIVE,10.5722,77.9683,75.3537
2026-06-01 17:51:48.781,LIVE,10.5718,77.9651,75.3506
2026-06-01 17:51:48.814,LIVE,10.5716,77.9623,75.3477
2026-06-01 17:51:48.845,LIVE,10.5708,77.9597,75.345
2026-06-01 17:51:48.877,LIVE,10.5701,77.9574,75.3424
2026-06-01 17:51:48.908,LIVE,10.5695,77.9553,75.3399
2026-06-01 17:51:48.938,LIVE,10.5688,77.9534,75.3375
2026-06-01 17:51:48.970,LIVE,10.5683,77.9517,75.3353
2026-06-01 17:51:49.002,LIVE,10.5679,77.9502,75.3331
2026-06-01 17:51:49.036,LIVE,10.5677,77.9488,75.3311
2026-06-01 17:51:49.065,LIVE,10.5673,77.9476,75.3292
2026-06-01 17:51:49.096,LIVE,10.5668,77.9465,75.3274
2026-06-01 17:51:49.128,LIVE,10.5662,77.9482,75.3256
2026-06-01 17:51:49.160,LIVE,10.5657,77.9498,75.324
2026-06-01 17:51:49.191,LIVE,10.5651,77.9512,75.3224
2026-06-01 17:51:49.222,LIVE,10.5647,77.9524,75.3209
2026-06-01 17:51:49.254,LIVE,10.564,77.9535,75.3195
2026-06-01 17:51:49.286,LIVE,10.5635,77.9546,75.3182
2026-06-01 17:51:49.318,LIVE,10.563,77.9555,75.3169
2026-06-01 17:51:49.349,LIVE,10.5622,77.9563,75.3157
2026-06-01 17:51:49.382,LIVE,10.5615,77.957,75.3145
2026-06-01 17:51:49.413,LIVE,10.5607,77.9577,75.3134
2026-06-01 17:51:49.443,LIVE,10.5603,77.9583,75.3124
2026-06-01 17:51:49.475,LIVE,10.5597,77.9588,75.3114
2026-06-01 17:51:49.508,LIVE,10.5592,77.9593,75.3105
2026-06-01 17:51:49.538,LIVE,10.5585,77.9598,75.3096
2026-06-01 17:51:49.570,LIVE,10.558,77.9602,75.3087
2026-06-01 17:51:49.601,LIVE,10.558,77.9605,75.3079
2026-06-01 17:51:49.632,LIVE,10.5573,77.9528,75.3057
2026-06-01 17:51:49.664,LIVE,10.5566,77.9459,75.3036
2026-06-01 17:51:49.695,LIVE,10.5561,77.9396,75.3015
2026-06-01 17:51:49.726,LIVE,10.5554,77.934,75.2996
2026-06-01 17:51:49.758,LIVE,10.555,77.9289,75.2978
2026-06-01 17:51:49.790,LIVE,10.5543,77.9244,75.296
2026-06-01 17:51:49.823,LIVE,10.554,77.9203,75.2944
2026-06-01 17:51:49.855,LIVE,10.5539,77.9166,75.2928
2026-06-01 17:51:49.885,LIVE,10.5533,77.9133,75.2913
2026-06-01 17:51:49.916,LIVE,10.5529,77.9103,75.2899
2026-06-01 17:51:49.947,LIVE,10.5524,77.9076,75.2885
2026-06-01 17:51:49.977,LIVE,10.5517,77.9052,75.2872
2026-06-01 17:51:50.010,LIVE,10.5512,77.903,75.286
2026-06-01 17:51:50.041,LIVE,10.5505,77.901,75.2849
2026-06-01 17:51:50.073,LIVE,10.5498,77.8993,75.2838
2026-06-01 17:51:50.104,LIVE,10.5493,77.8977,75.2827
2026-06-01 17:51:50.136,LIVE,10.5487,77.8749,75.2822
2026-06-01 17:51:50.168,LIVE,10.5481,77.8545,75.2816
2026-06-01 17:51:50.200,LIVE,10.5475,77.8361,75.2811
2026-06-01 17:51:50.231,LIVE,10.5466,77.8195,75.2806
2026-06-01 17:51:50.263,LIVE,10.546,77.8046,75.2802
2026-06-01 17:51:50.293,LIVE,10.5453,77.7912,75.2797
2026-06-01 17:51:50.326,LIVE,10.5448,77.7791,75.2793
2026-06-01 17:51:50.358,LIVE,10.5442,77.7682,75.2789
2026-06-01 17:51:50.390,LIVE,10.5446,77.7584,75.2785
2026-06-01 17:51:50.420,LIVE,10.5437,77.7496,75.2782
2026-06-01 17:51:50.452,LIVE,10.5431,77.7417,75.2778
2026-06-01 17:51:50.484,LIVE,10.5424,77.7346,75.2775
2026-06-01 17:51:50.514,LIVE,10.5416,77.7282,75.2772
2026-06-01 17:51:50.546,LIVE,10.541,77.7224,75.2769
2026-06-01 17:51:50.577,LIVE,10.5405,77.7172,75.2766
2026-06-01 17:51:50.614,LIVE,10.5401,77.7125,75.2764
2026-06-01 17:51:50.642,LIVE,10.5398,77.7286,75.2761
2026-06-01 17:51:50.673,LIVE,10.5393,77.7431,75.2759
2026-06-01 17:51:50.704,LIVE,10.5388,77.7561,75.2756
2026-06-01 17:51:50.737,LIVE,10.538,77.7678,75.2754
2026-06-01 17:51:50.769,LIVE,10.5374,77.7784,75.2752
2026-06-01 17:51:50.799,LIVE,10.537,77.7879,75.275
2026-06-01 17:51:50.831,LIVE,10.5362,77.7964,75.2748
2026-06-01 17:51:50.864,LIVE,10.5358,77.8041,75.2747
2026-06-01 17:51:50.895,LIVE,10.5351,77.811,75.2745
2026-06-01 17:51:50.927,LIVE,10.5345,77.8172,75.2743
2026-06-01 17:51:50.958,LIVE,10.5339,77.8229,75.2742
2026-06-01 17:51:50.990,LIVE,10.5331,77.8279,75.274
2026-06-01 17:51:51.022,LIVE,10.5324,77.8324,75.2739
2026-06-01 17:51:51.054,LIVE,10.5317,77.8365,75.2738
2026-06-01 17:51:51.086,LIVE,10.5311,77.8402,75.2737
2026-06-01 17:51:51.118,LIVE,10.5304,77.84,75.2691
2026-06-01 17:51:51.150,LIVE,10.5298,77.8398,75.2648
2026-06-01 17:51:51.182,LIVE,10.5302,77.8396,75.2607
2026-06-01 17:51:51.213,LIVE,10.5294,77.8395,75.2568
2026-06-01 17:51:51.245,LIVE,10.5286,77.8394,75.2531
2026-06-01 17:51:51.276,LIVE,10.528,77.8392,75.2496
2026-06-01 17:51:51.307,LIVE,10.5274,77.8391,75.2462
2026-06-01 17:51:51.339,LIVE,10.5268,77.839,75.2431
2026-06-01 17:51:51.371,LIVE,10.5264,77.8389,75.2401
2026-06-01 17:51:51.406,LIVE,10.5259,77.8389,75.2372
2026-06-01 17:51:51.434,LIVE,10.5254,77.8388,75.2345
2026-06-01 17:51:51.465,LIVE,10.5249,77.8387,75.2319
2026-06-01 17:51:51.498,LIVE,10.5244,77.8387,75.2294
2026-06-01 17:51:51.528,LIVE,10.5238,77.8386,75.2271
2026-06-01 17:51:51.559,LIVE,10.5231,77.8386,75.2249
2026-06-01 17:51:51.592,LIVE,10.5226,77.8385,75.2228
2026-06-01 17:51:51.623,LIVE,10.5221,77.8443,75.2284
2026-06-01 17:51:51.654,LIVE,10.5215,77.8496,75.2338
2026-06-01 17:51:51.687,LIVE,10.5207,77.8543,75.2389
2026-06-01 17:51:51.718,LIVE,10.5201,77.8585,75.2438
2026-06-01 17:51:51.749,LIVE,10.5195,77.8623,75.2484
2026-06-01 17:51:51.781,LIVE,10.5189,77.8658,75.2527
2026-06-01 17:51:51.814,LIVE,10.5184,77.8688,75.2569
2026-06-01 17:51:51.846,LIVE,10.5179,77.8716,75.2608
2026-06-01 17:51:51.878,LIVE,10.5171,77.8741,75.2646
2026-06-01 17:51:51.909,LIVE,10.5165,77.8764,75.2682
2026-06-01 17:51:51.940,LIVE,10.5159,77.8784,75.2715
2026-06-01 17:51:51.973,LIVE,10.5162,77.8802,75.2748
2026-06-01 17:51:52.004,LIVE,10.5157,77.8819,75.2778
2026-06-01 17:51:52.035,LIVE,10.515,77.8833,75.2807
2026-06-01 17:51:52.068,LIVE,10.5145,77.8847,75.2835
2026-06-01 17:51:52.100,LIVE,10.514,77.8859,75.2861
2026-06-01 17:51:52.131,LIVE,10.5134,77.8821,75.2886
2026-06-01 17:51:52.164,LIVE,10.5129,77.8787,75.291
2026-06-01 17:51:52.199,LIVE,10.5125,77.8757,75.2932
2026-06-01 17:51:52.227,LIVE,10.5121,77.8729,75.2953
2026-06-01 17:51:52.259,LIVE,10.5119,77.8705,75.2974
2026-06-01 17:51:52.289,LIVE,10.5113,77.8682,75.2993
2026-06-01 17:51:52.322,LIVE,10.5107,77.8662,75.3011
2026-06-01 17:51:52.353,LIVE,10.51,77.8644,75.3029
2026-06-01 17:51:52.386,LIVE,10.5094,77.8628,75.3045
2026-06-01 17:51:52.418,LIVE,10.5086,77.8614,75.3061
2026-06-01 17:51:52.450,LIVE,10.5081,77.8601,75.3076
2026-06-01 17:51:52.482,LIVE,10.5074,77.8589,75.309
2026-06-01 17:51:52.513,LIVE,10.5066,77.8578,75.3103
2026-06-01 17:51:52.545,LIVE,10.506,77.8569,75.3116
2026-06-01 17:51:52.576,LIVE,10.5053,77.856,75.3128
2026-06-01 17:51:52.607,LIVE,10.5048,77.8552,75.314
2026-06-01 17:51:52.639,LIVE,10.5043,77.849,75.325
2026-06-01 17:51:52.672,LIVE,10.5039,77.8435,75.3354
2026-06-01 17:51:52.703,LIVE,10.5031,77.8385,75.3454
2026-06-01 17:51:52.735,LIVE,10.5023,77.834,75.3548
2026-06-01 17:51:52.768,LIVE,10.5028,77.8299,75.3638
2026-06-01 17:51:52.800,LIVE,10.5022,77.8263,75.3723
2026-06-01 17:51:52.831,LIVE,10.5015,77.823,75.3804
2026-06-01 17:51:52.862,LIVE,10.5011,77.82,75.3881
2026-06-01 17:51:52.894,LIVE,10.5006,77.8173,75.3954
2026-06-01 17:51:52.925,LIVE,10.5002,77.815,75.4023
2026-06-01 17:51:52.957,LIVE,10.4997,77.8128,75.4089
2026-06-01 17:51:52.989,LIVE,10.4994,77.8109,75.4152
2026-06-01 17:51:53.018,LIVE,10.499,77.8091,75.4211
2026-06-01 17:51:53.051,LIVE,10.4987,77.8075,75.4268
2026-06-01 17:51:53.080,LIVE,10.4983,77.8061,75.4322
2026-06-01 17:51:53.111,LIVE,10.4978,77.8048,75.4373
2026-06-01 17:51:53.143,LIVE,10.4975,77.7836,75.4478
2026-06-01 17:51:53.174,LIVE,10.4968,77.7645,75.4577
2026-06-01 17:51:53.206,LIVE,10.4964,77.7473,75.4672
2026-06-01 17:51:53.238,LIVE,10.496,77.7318,75.4762
2026-06-01 17:51:53.271,LIVE,10.4954,77.7179,75.4847
2026-06-01 17:51:53.301,LIVE,10.495,77.7053,75.4928
2026-06-01 17:51:53.334,LIVE,10.4943,77.694,75.5006
2026-06-01 17:51:53.366,LIVE,10.4935,77.6839,75.5079
2026-06-01 17:51:53.397,LIVE,10.493,77.6747,75.5148
2026-06-01 17:51:53.429,LIVE,10.4923,77.6665,75.5215
2026-06-01 17:51:53.459,LIVE,10.4916,77.6591,75.5277
2026-06-01 17:51:53.491,LIVE,10.4909,77.6525,75.5337
2026-06-01 17:51:53.524,LIVE,10.4902,77.6465,75.5394
2026-06-01 17:51:53.555,LIVE,10.4901,77.6411,75.5448
2026-06-01 17:51:53.586,LIVE,10.4894,77.6362,75.5499
2026-06-01 17:51:53.618,LIVE,10.4887,77.6273,75.5547
2026-06-01 17:51:53.648,LIVE,10.4879,77.6193,75.5593
2026-06-01 17:51:53.681,LIVE,10.4874,77.6121,75.5637
2026-06-01 17:51:53.712,LIVE,10.4867,77.6056,75.5679
2026-06-01 17:51:53.745,LIVE,10.4863,77.5998,75.5719
2026-06-01 17:51:53.778,LIVE,10.4863,77.5945,75.5756
2026-06-01 17:51:53.808,LIVE,10.4862,77.5898,75.5792
2026-06-01 17:51:53.839,LIVE,10.486,77.5855,75.5826
2026-06-01 17:51:53.870,LIVE,10.4859,77.5817,75.5858
2026-06-01 17:51:53.902,LIVE,10.4858,77.5783,75.5889
2026-06-01 17:51:53.931,LIVE,10.4855,77.5752,75.5918
2026-06-01 17:51:53.964,LIVE,10.4854,77.5724,75.5945
2026-06-01 17:51:53.995,LIVE,10.4853,77.5699,75.5972
2026-06-01 17:51:54.028,LIVE,10.4852,77.5676,75.5997
2026-06-01 17:51:54.059,LIVE,10.4851,77.5656,75.602
2026-06-01 17:51:54.091,LIVE,10.485,77.5637,75.6043
2026-06-01 17:51:54.122,LIVE,10.4851,77.5752,75.6602
2026-06-01 17:51:54.154,LIVE,10.4851,77.5855,75.7133
2026-06-01 17:51:54.186,LIVE,10.485,77.5948,75.7637
2026-06-01 17:51:54.218,LIVE,10.4847,77.6031,75.8116
2026-06-01 17:51:54.251,LIVE,10.4845,77.6107,75.8572
2026-06-01 17:51:54.283,LIVE,10.4854,77.6174,75.9004
2026-06-01 17:51:54.313,LIVE,10.4855,77.6235,75.9415
2026-06-01 17:51:54.344,LIVE,10.4857,77.629,75.9805
2026-06-01 17:51:54.376,LIVE,10.486,77.6339,76.0176
2026-06-01 17:51:54.409,LIVE,10.4864,77.6384,76.0528
2026-06-01 17:51:54.441,LIVE,10.4867,77.6424,76.0863
2026-06-01 17:51:54.472,LIVE,10.4869,77.646,76.1181
2026-06-01 17:51:54.503,LIVE,10.4872,77.6492,76.1483
2026-06-01 17:51:54.535,LIVE,10.4877,77.6521,76.177
2026-06-01 17:51:54.569,LIVE,10.4882,77.6548,76.2042
2026-06-01 17:51:54.597,LIVE,10.4885,77.6571,76.2301
2026-06-01 17:51:54.630,LIVE,10.4887,77.6767,76.2574
2026-06-01 17:51:54.661,LIVE,10.489,77.6943,76.2833
2026-06-01 17:51:54.694,LIVE,10.4892,77.7101,76.3079
2026-06-01 17:51:54.725,LIVE,10.4894,77.7244,76.3312
2026-06-01 17:51:54.757,LIVE,10.4896,77.7372,76.3534
2026-06-01 17:51:54.789,LIVE,10.4896,77.7488,76.3745
2026-06-01 17:51:54.820,LIVE,10.4898,77.7592,76.3946
2026-06-01 17:51:54.851,LIVE,10.4902,77.7685,76.4136
2026-06-01 17:51:54.884,LIVE,10.4904,77.7769,76.4317
2026-06-01 17:51:54.917,LIVE,10.4903,77.7845,76.4489
2026-06-01 17:51:54.948,LIVE,10.4904,77.7913,76.4652
2026-06-01 17:51:54.980,LIVE,10.491,77.7975,76.4807
2026-06-01 17:51:55.010,LIVE,10.4907,77.803,76.4954
2026-06-01 17:51:55.042,LIVE,10.4904,77.808,76.5094
2026-06-01 17:51:55.073,LIVE,10.4898,77.8124,76.5227
2026-06-01 17:51:55.105,LIVE,10.4892,77.8165,76.5353
2026-06-01 17:51:55.137,LIVE,10.4886,77.8119,76.5473
2026-06-01 17:51:55.168,LIVE,10.4881,77.8079,76.5587
2026-06-01 17:51:55.200,LIVE,10.4876,77.8042,76.5695
2026-06-01 17:51:55.231,LIVE,10.4872,77.8009,76.5798
2026-06-01 17:51:55.263,LIVE,10.4867,77.798,76.5896
2026-06-01 17:51:55.294,LIVE,10.4862,77.7953,76.5989
2026-06-01 17:51:55.325,LIVE,10.4858,77.7929,76.6077
2026-06-01 17:51:55.360,LIVE,10.4853,77.7907,76.6161
2026-06-01 17:51:55.389,LIVE,10.4849,77.7888,76.624
2026-06-01 17:51:55.422,LIVE,10.4846,77.787,76.6316
2026-06-01 17:51:55.452,LIVE,10.484,77.7854,76.6388
2026-06-01 17:51:55.484,LIVE,10.4835,77.784,76.6456
2026-06-01 17:51:55.515,LIVE,10.483,77.7827,76.6521
2026-06-01 17:51:55.547,LIVE,10.4826,77.7816,76.6582
2026-06-01 17:51:55.578,LIVE,10.4822,77.7806,76.6641
2026-06-01 17:51:55.610,LIVE,10.4817,77.7796,76.6697
2026-06-01 17:51:55.642,LIVE,10.4814,77.8059,76.6488
2026-06-01 17:51:55.675,LIVE,10.4809,77.8296,76.629
2026-06-01 17:51:55.706,LIVE,10.4801,77.8509,76.6102
2026-06-01 17:51:55.737,LIVE,10.4793,77.8701,76.5923
2026-06-01 17:51:55.769,LIVE,10.4788,77.8873,76.5753
2026-06-01 17:51:55.802,LIVE,10.4783,77.9028,76.5591
2026-06-01 17:51:55.834,LIVE,10.4778,77.9168,76.5438
2026-06-01 17:51:55.867,LIVE,10.4772,77.9294,76.5292
2026-06-01 17:51:55.899,LIVE,10.4768,77.9407,76.5154
2026-06-01 17:51:55.930,LIVE,10.476,77.9509,76.5023
2026-06-01 17:51:55.961,LIVE,10.4752,77.9601,76.4898
2026-06-01 17:51:55.994,LIVE,10.4745,77.9683,76.4779
2026-06-01 17:51:56.025,LIVE,10.4735,77.9757,76.4666
2026-06-01 17:51:56.058,LIVE,10.473,77.9824,76.4559
2026-06-01 17:51:56.089,LIVE,10.4722,77.9884,76.4457
2026-06-01 17:51:56.121,LIVE,10.4715,78.0285,76.3308
2026-06-01 17:51:56.155,LIVE,10.4706,78.0645,76.2216
2026-06-01 17:51:56.184,LIVE,10.4696,78.097,76.1179
2026-06-01 17:51:56.215,LIVE,10.4686,78.1262,76.0194
2026-06-01 17:51:56.246,LIVE,10.4679,78.1524,75.9257
2026-06-01 17:51:56.278,LIVE,10.4672,78.1761,75.8368
2026-06-01 17:51:56.310,LIVE,10.4677,78.1974,75.7523
2026-06-01 17:51:56.342,LIVE,10.4666,78.2165,75.6721
2026-06-01 17:51:56.374,LIVE,10.4659,78.2338,75.5958
2026-06-01 17:51:56.404,LIVE,10.4654,78.2493,75.5234
2026-06-01 17:51:56.436,LIVE,10.4646,78.2633,75.4546
2026-06-01 17:51:56.467,LIVE,10.4638,78.2758,75.3892
2026-06-01 17:51:56.501,LIVE,10.4631,78.2871,75.3271
2026-06-01 17:51:56.532,LIVE,10.4625,78.2973,75.2681
2026-06-01 17:51:56.564,LIVE,10.4619,78.3065,75.212
2026-06-01 17:51:56.595,LIVE,10.4613,78.3147,75.1588
2026-06-01 17:51:56.626,LIVE,10.4605,78.3342,75.0839
2026-06-01 17:51:56.658,LIVE,10.4596,78.3518,75.0127
2026-06-01 17:51:56.689,LIVE,10.4587,78.3676,74.9451
2026-06-01 17:51:56.722,LIVE,10.4579,78.3818,74.8809
2026-06-01 17:51:56.753,LIVE,10.4572,78.3946,74.8199
2026-06-01 17:51:56.785,LIVE,10.4565,78.4061,74.762
2026-06-01 17:51:56.816,LIVE,10.456,78.4165,74.7069
2026-06-01 17:51:56.849,LIVE,10.4555,78.4258,74.6546
2026-06-01 17:51:56.881,LIVE,10.4549,78.4342,74.6049
2026-06-01 17:51:56.912,LIVE,10.4542,78.4418,74.5577
2026-06-01 17:51:56.948,LIVE,10.4537,78.4486,74.5129
2026-06-01 17:51:56.977,LIVE,10.4537,78.4547,74.4703
2026-06-01 17:51:57.008,LIVE,10.453,78.4602,74.4298
2026-06-01 17:51:57.039,LIVE,10.4527,78.4652,74.3914
2026-06-01 17:51:57.070,LIVE,10.4523,78.4696,74.3548
2026-06-01 17:51:57.101,LIVE,10.4521,78.4736,74.3201
2026-06-01 17:51:57.133,LIVE,10.4519,78.4772,74.2889
2026-06-01 17:51:57.166,LIVE,10.4519,78.4805,74.2592
2026-06-01 17:51:57.198,LIVE,10.452,78.4834,74.2311
2026-06-01 17:51:57.228,LIVE,10.4521,78.4861,74.2043
2026-06-01 17:51:57.260,LIVE,10.4522,78.4884,74.1789
2026-06-01 17:51:57.292,LIVE,10.4522,78.4906,74.1547
2026-06-01 17:51:57.325,LIVE,10.4525,78.4925,74.1318
2026-06-01 17:51:57.356,LIVE,10.4528,78.4942,74.11
2026-06-01 17:51:57.387,LIVE,10.4532,78.4958,74.0892
2026-06-01 17:51:57.418,LIVE,10.4538,78.4972,74.0696
2026-06-01 17:51:57.451,LIVE,10.4544,78.4984,74.0509
2026-06-01 17:51:57.483,LIVE,10.455,78.4996,74.0331
2026-06-01 17:51:57.515,LIVE,10.4559,78.5006,74.0162
2026-06-01 17:51:57.545,LIVE,10.4567,78.5015,74.0002
2026-06-01 17:51:57.578,LIVE,10.4576,78.5023,73.985
2026-06-01 17:51:57.609,LIVE,10.4584,78.5031,73.9705
2026-06-01 17:51:57.642,LIVE,10.4599,78.5429,73.9365
2026-06-01 17:51:57.674,LIVE,10.4608,78.5787,73.9042
2026-06-01 17:51:57.705,LIVE,10.4617,78.6109,73.8735
2026-06-01 17:51:57.739,LIVE,10.4626,78.6399,73.8443
2026-06-01 17:51:57.766,LIVE,10.4636,78.666,73.8166
2026-06-01 17:51:57.799,LIVE,10.465,78.6895,73.7903
2026-06-01 17:51:57.831,LIVE,10.4663,78.7106,73.7653
2026-06-01 17:51:57.862,LIVE,10.4679,78.7296,73.7415
2026-06-01 17:51:57.894,LIVE,10.4693,78.7467,73.7189
2026-06-01 17:51:57.925,LIVE,10.4708,78.7621,73.6975
2026-06-01 17:51:57.957,LIVE,10.4722,78.776,73.6771
2026-06-01 17:51:57.989,LIVE,10.4738,78.7885,73.6578
2026-06-01 17:51:58.020,LIVE,10.4755,78.7997,73.6394
2026-06-01 17:51:58.051,LIVE,10.477,78.8098,73.6219
2026-06-01 17:51:58.082,LIVE,10.4786,78.8189,73.6053
2026-06-01 17:51:58.113,LIVE,10.4802,78.8271,73.5896
2026-06-01 17:51:58.146,LIVE,10.4818,78.8471,73.5769
2026-06-01 17:51:58.178,LIVE,10.4836,78.865,73.5649
2026-06-01 17:51:58.208,LIVE,10.4855,78.8812,73.5535
2026-06-01 17:51:58.240,LIVE,10.4874,78.8957,73.5426
2026-06-01 17:51:58.272,LIVE,10.4893,78.9088,73.5323
2026-06-01 17:51:58.304,LIVE,10.4911,78.9205,73.5225
2026-06-01 17:51:58.336,LIVE,10.493,78.9311,73.5132
2026-06-01 17:51:58.368,LIVE,10.4962,78.9407,73.5044
2026-06-01 17:51:58.400,LIVE,10.4978,78.9493,73.496
2026-06-01 17:51:58.432,LIVE,10.4998,78.957,73.488
2026-06-01 17:51:58.464,LIVE,10.5018,78.9639,73.4804
2026-06-01 17:51:58.495,LIVE,10.5039,78.9702,73.4732
2026-06-01 17:51:58.530,LIVE,10.506,78.9758,73.4664
2026-06-01 17:51:58.559,LIVE,10.5083,78.9809,73.4599
2026-06-01 17:51:58.591,LIVE,10.5105,78.9854,73.4537
2026-06-01 17:51:58.620,LIVE,10.5129,78.9832,73.466
2026-06-01 17:51:58.652,LIVE,10.5151,78.9813,73.4777
2026-06-01 17:51:58.684,LIVE,10.5172,78.9795,73.4888
2026-06-01 17:51:58.717,LIVE,10.5193,78.9779,73.4994
2026-06-01 17:51:58.749,LIVE,10.5213,78.9765,73.5094
2026-06-01 17:51:58.781,LIVE,10.5234,78.9752,73.519
2026-06-01 17:51:58.812,LIVE,10.5255,78.974,73.528
2026-06-01 17:51:58.843,LIVE,10.5276,78.973,73.5366
2026-06-01 17:51:58.875,LIVE,10.5295,78.972,73.5448
2026-06-01 17:51:58.907,LIVE,10.5316,78.9712,73.5525
2026-06-01 17:51:58.936,LIVE,10.5337,78.9704,73.5599
2026-06-01 17:51:58.969,LIVE,10.5356,78.9697,73.5669
2026-06-01 17:51:59.001,LIVE,10.5377,78.9691,73.5736
2026-06-01 17:51:59.032,LIVE,10.5398,78.9685,73.5799
2026-06-01 17:51:59.064,LIVE,10.5418,78.968,73.5859
2026-06-01 17:51:59.095,LIVE,10.5438,78.9676,73.5916
2026-06-01 17:51:59.126,LIVE,10.5459,78.9697,73.5762
2026-06-01 17:51:59.158,LIVE,10.5476,78.9716,73.5616
2026-06-01 17:51:59.190,LIVE,10.5494,78.9733,73.5477
2026-06-01 17:51:59.221,LIVE,10.5512,78.9749,73.5345
2026-06-01 17:51:59.252,LIVE,10.5531,78.9763,73.522
2026-06-01 17:51:59.284,LIVE,10.5549,78.9776,73.5101
2026-06-01 17:51:59.318,LIVE,10.5566,78.9787,73.4988
2026-06-01 17:51:59.347,LIVE,10.5583,78.9797,73.4881
2026-06-01 17:51:59.379,LIVE,10.5601,78.9806,73.4779
2026-06-01 17:51:59.411,LIVE,10.5618,78.9814,73.4682
2026-06-01 17:51:59.442,LIVE,10.5634,78.9822,73.459
2026-06-01 17:51:59.472,LIVE,10.565,78.9829,73.4502
2026-06-01 17:51:59.503,LIVE,10.5666,78.9835,73.4419
2026-06-01 17:51:59.536,LIVE,10.5684,78.984,73.434
2026-06-01 17:51:59.568,LIVE,10.57,78.9845,73.4265
2026-06-01 17:51:59.600,LIVE,10.5714,78.9849,73.4194
2026-06-01 17:51:59.632,LIVE,10.5729,79.0013,73.4172
2026-06-01 17:51:59.664,LIVE,10.5745,79.016,73.4151
2026-06-01 17:51:59.694,LIVE,10.576,79.0293,73.4132
2026-06-01 17:51:59.726,LIVE,10.5775,79.0413,73.4113
2026-06-01 17:51:59.757,LIVE,10.5788,79.052,73.4095
2026-06-01 17:51:59.790,LIVE,10.5802,79.0617,73.4078
2026-06-01 17:51:59.819,LIVE,10.5826,79.0704,73.4062
2026-06-01 17:51:59.851,LIVE,10.5838,79.0782,73.4047
2026-06-01 17:51:59.883,LIVE,10.585,79.0853,73.4033
2026-06-01 17:51:59.916,LIVE,10.5863,79.0916,73.4019
2026-06-01 17:51:59.948,LIVE,10.5877,79.0973,73.4006
2026-06-01 17:51:59.981,LIVE,10.5891,79.1025,73.3994
2026-06-01 17:52:00.011,LIVE,10.5906,79.1071,73.3982
2026-06-01 17:52:00.043,LIVE,10.5919,79.1113,73.3971
2026-06-01 17:52:00.073,LIVE,10.5932,79.115,73.396
2026-06-01 17:52:00.107,LIVE,10.5946,79.1184,73.395
2026-06-01 17:52:00.135,LIVE,10.5956,79.1486,73.3979
2026-06-01 17:52:00.166,LIVE,10.5967,79.1757,73.4007
2026-06-01 17:52:00.198,LIVE,10.5979,79.2002,73.4034
2026-06-01 17:52:00.231,LIVE,10.5988,79.2222,73.4059
2026-06-01 17:52:00.263,LIVE,10.5997,79.242,73.4083
2026-06-01 17:52:00.294,LIVE,10.6007,79.2598,73.4105
2026-06-01 17:52:00.325,LIVE,10.6014,79.2758,73.4127
2026-06-01 17:52:00.356,LIVE,10.6022,79.2903,73.4147
2026-06-01 17:52:00.388,LIVE,10.6032,79.3033,73.4167
2026-06-01 17:52:00.420,LIVE,10.604,79.315,73.4185
2026-06-01 17:52:00.452,LIVE,10.6047,79.3255,73.4203
2026-06-01 17:52:00.486,LIVE,10.6056,79.3349,73.4219
2026-06-01 17:52:00.515,LIVE,10.607,79.3435,73.4235
2026-06-01 17:52:00.548,LIVE,10.6075,79.3511,73.425
2026-06-01 17:52:00.578,LIVE,10.6082,79.358,73.4265
2026-06-01 17:52:00.609,LIVE,10.6088,79.3643,73.4278
2026-06-01 17:52:00.640,LIVE,10.6091,79.3802,73.4291
2026-06-01 17:52:00.672,LIVE,10.6099,79.3946,73.4303
2026-06-01 17:52:00.705,LIVE,10.6104,79.4075,73.4315
2026-06-01 17:52:00.735,LIVE,10.6111,79.4192,73.4326
2026-06-01 17:52:00.768,LIVE,10.612,79.4296,73.4337
2026-06-01 17:52:00.798,LIVE,10.6125,79.439,73.4347
2026-06-01 17:52:00.831,LIVE,10.6129,79.4475,73.4356
2026-06-01 17:52:00.862,LIVE,10.6134,79.4552,73.4365
2026-06-01 17:52:00.899,LIVE,10.6137,79.462,73.4374
2026-06-01 17:52:00.925,LIVE,10.6141,79.4682,73.4382
2026-06-01 17:52:00.957,LIVE,10.6146,79.4738,73.4389
2026-06-01 17:52:00.989,LIVE,10.615,79.4788,73.4397
2026-06-01 17:52:01.020,LIVE,10.6153,79.4833,73.4404
2026-06-01 17:52:01.052,LIVE,10.6157,79.4874,73.441
2026-06-01 17:52:01.082,LIVE,10.6162,79.491,73.4417
2026-06-01 17:52:01.114,LIVE,10.6163,79.4943,73.4423
2026-06-01 17:52:01.146,LIVE,10.6167,79.524,73.4215
2026-06-01 17:52:01.177,LIVE,10.617,79.5506,73.4017
2026-06-01 17:52:01.210,LIVE,10.6173,79.5747,73.3829
2026-06-01 17:52:01.241,LIVE,10.6188,79.5963,73.3651
2026-06-01 17:52:01.272,LIVE,10.6188,79.6157,73.3481
2026-06-01 17:52:01.304,LIVE,10.6189,79.6332,73.332
2026-06-01 17:52:01.336,LIVE,10.6187,79.649,73.3167
2026-06-01 17:52:01.367,LIVE,10.6188,79.6632,73.3022
2026-06-01 17:52:01.398,LIVE,10.6189,79.6759,73.2884
2026-06-01 17:52:01.429,LIVE,10.6192,79.6874,73.2752
2026-06-01 17:52:01.461,LIVE,10.6198,79.6978,73.2628
2026-06-01 17:52:01.493,LIVE,10.6202,79.7071,73.251
2026-06-01 17:52:01.524,LIVE,10.6205,79.7154,73.2397
2026-06-01 17:52:01.557,LIVE,10.6206,79.723,73.229
2026-06-01 17:52:01.588,LIVE,10.6205,79.7298,73.2189
2026-06-01 17:52:01.620,LIVE,10.6208,79.735,73.2618
2026-06-01 17:52:01.652,LIVE,10.6208,79.7397,73.3026
2026-06-01 17:52:01.688,LIVE,10.6208,79.7439,73.3414
2026-06-01 17:52:01.716,LIVE,10.6209,79.7477,73.3782
2026-06-01 17:52:01.748,LIVE,10.6206,79.7511,73.4132
2026-06-01 17:52:01.781,LIVE,10.6206,79.7542,73.4464
2026-06-01 17:52:01.810,LIVE,10.6206,79.757,73.478
2026-06-01 17:52:01.841,LIVE,10.6205,79.7594,73.508
2026-06-01 17:52:01.873,LIVE,10.6205,79.7617,73.5365
2026-06-01 17:52:01.906,LIVE,10.6203,79.7637,73.5636
2026-06-01 17:52:01.937,LIVE,10.62,79.7655,73.5893
2026-06-01 17:52:01.970,LIVE,10.6206,79.7672,73.6137
2026-06-01 17:52:02.002,LIVE,10.6206,79.7686,73.6369
2026-06-01 17:52:02.034,LIVE,10.6204,79.77,73.659
2026-06-01 17:52:02.066,LIVE,10.6201,79.7712,73.6799
2026-06-01 17:52:02.098,LIVE,10.62,79.7722,73.6998
2026-06-01 17:52:02.129,LIVE,10.62,79.7815,73.7187
2026-06-01 17:52:02.161,LIVE,10.62,79.7898,73.7367
2026-06-01 17:52:02.191,LIVE,10.6198,79.7973,73.7538
2026-06-01 17:52:02.224,LIVE,10.6201,79.804,73.77
2026-06-01 17:52:02.256,LIVE,10.6201,79.8101,73.7854
2026-06-01 17:52:02.288,LIVE,10.6199,79.8155,73.8
2026-06-01 17:52:02.319,LIVE,10.6196,79.8204,73.8139
2026-06-01 17:52:02.351,LIVE,10.6194,79.8248,73.8271
2026-06-01 17:52:02.383,LIVE,10.6192,79.8288,73.8396
2026-06-01 17:52:02.415,LIVE,10.619,79.8324,73.8515
2026-06-01 17:52:02.447,LIVE,10.6188,79.8356,73.8629
2026-06-01 17:52:02.481,LIVE,10.6189,79.8385,73.8736
2026-06-01 17:52:02.509,LIVE,10.6187,79.8411,73.8838
2026-06-01 17:52:02.540,LIVE,10.6185,79.8435,73.8935
2026-06-01 17:52:02.573,LIVE,10.6183,79.8456,73.9028
2026-06-01 17:52:02.603,LIVE,10.6181,79.8475,73.9115
2026-06-01 17:52:02.634,LIVE,10.6179,79.8445,73.8405
2026-06-01 17:52:02.666,LIVE,10.6177,79.8418,73.773
2026-06-01 17:52:02.697,LIVE,10.6176,79.8394,73.7089
2026-06-01 17:52:02.730,LIVE,10.6175,79.8372,73.648
2026-06-01 17:52:02.761,LIVE,10.6185,79.8353,73.5901
2026-06-01 17:52:02.794,LIVE,10.6184,79.8335,73.5352
2026-06-01 17:52:02.824,LIVE,10.618,79.8319,73.483
2026-06-01 17:52:02.856,LIVE,10.6178,79.8305,73.4333
2026-06-01 17:52:02.887,LIVE,10.6176,79.8292,73.3862
2026-06-01 17:52:02.919,LIVE,10.6176,79.8281,73.3415
2026-06-01 17:52:02.951,LIVE,10.6176,79.827,73.2989
2026-06-01 17:52:02.984,LIVE,10.6175,79.8261,73.2585
2026-06-01 17:52:03.015,LIVE,10.6176,79.8253,73.2201
2026-06-01 17:52:03.047,LIVE,10.6175,79.8245,73.1837
2026-06-01 17:52:03.079,LIVE,10.6174,79.8238,73.149
2026-06-01 17:52:03.110,LIVE,10.6171,79.8232,73.1161
2026-06-01 17:52:03.142,LIVE,10.6166,79.8201,73.0621
2026-06-01 17:52:03.174,LIVE,10.6162,79.8173,73.0108
2026-06-01 17:52:03.205,LIVE,10.616,79.8148,72.9621
2026-06-01 17:52:03.237,LIVE,10.6155,79.8126,72.9158
2026-06-01 17:52:03.271,LIVE,10.6151,79.8105,72.8718
2026-06-01 17:52:03.300,LIVE,10.6145,79.8087,72.8301
2026-06-01 17:52:03.332,LIVE,10.6141,79.8071,72.7904
2026-06-01 17:52:03.364,LIVE,10.6136,79.8056,72.7527
2026-06-01 17:52:03.397,LIVE,10.6134,79.8042,72.7168
2026-06-01 17:52:03.426,LIVE,10.6128,79.803,72.6828
2026-06-01 17:52:03.458,LIVE,10.6123,79.802,72.6505
2026-06-01 17:52:03.491,LIVE,10.6117,79.801,72.6198
2026-06-01 17:52:03.520,LIVE,10.6118,79.8001,72.5906
2026-06-01 17:52:03.553,LIVE,10.6113,79.7993,72.5629
2026-06-01 17:52:03.585,LIVE,10.6106,79.7986,72.5365
2026-06-01 17:52:03.616,LIVE,10.61,79.7862,72.4357
2026-06-01 17:52:03.647,LIVE,10.6094,79.775,72.34
2026-06-01 17:52:03.680,LIVE,10.6086,79.7649,72.249
2026-06-01 17:52:03.711,LIVE,10.6082,79.7559,72.1626
2026-06-01 17:52:03.742,LIVE,10.608,79.7477,72.0805
2026-06-01 17:52:03.774,LIVE,10.6076,79.7404,72.0025
2026-06-01 17:52:03.807,LIVE,10.6074,79.7338,71.9284
2026-06-01 17:52:03.838,LIVE,10.6069,79.7278,71.8581
2026-06-01 17:52:03.870,LIVE,10.6064,79.7225,71.7912
2026-06-01 17:52:03.902,LIVE,10.6057,79.7176,71.7277
2026-06-01 17:52:03.934,LIVE,10.605,79.7133,71.6673
2026-06-01 17:52:03.965,LIVE,10.6044,79.7094,71.61
2026-06-01 17:52:03.998,LIVE,10.6037,79.7059,71.5555
2026-06-01 17:52:04.031,LIVE,10.6028,79.7027,71.5038
2026-06-01 17:52:04.063,LIVE,10.6022,79.6999,71.4546
2026-06-01 17:52:04.092,LIVE,10.6016,79.6973,71.4079
2026-06-01 17:52:04.123,LIVE,10.6009,79.6973,71.3551
2026-06-01 17:52:04.154,LIVE,10.6004,79.6972,71.305
2026-06-01 17:52:04.186,LIVE,10.5998,79.6972,71.2573
2026-06-01 17:52:04.219,LIVE,10.5991,79.6971,71.2121
2026-06-01 17:52:04.250,LIVE,10.5985,79.6971,71.1691
2026-06-01 17:52:04.282,LIVE,10.5991,79.697,71.1282
2026-06-01 17:52:04.314,LIVE,10.5982,79.697,71.0894
2026-06-01 17:52:04.346,LIVE,10.5974,79.697,71.0526
2026-06-01 17:52:04.378,LIVE,10.5967,79.6969,71.0175
2026-06-01 17:52:04.409,LIVE,10.596,79.6969,70.9843
2026-06-01 17:52:04.441,LIVE,10.5954,79.6969,70.9527
2026-06-01 17:52:04.470,LIVE,10.5949,79.6969,70.9226
2026-06-01 17:52:04.502,LIVE,10.5942,79.6969,70.8941
2026-06-01 17:52:04.535,LIVE,10.5937,79.6968,70.867
2026-06-01 17:52:04.567,LIVE,10.5931,79.6968,70.8413
2026-06-01 17:52:04.599,LIVE,10.5923,79.6968,70.8168
2026-06-01 17:52:04.631,LIVE,10.5914,79.7229,70.7707
2026-06-01 17:52:04.663,LIVE,10.5905,79.7465,70.7269
2026-06-01 17:52:04.695,LIVE,10.5899,79.7676,70.6852
2026-06-01 17:52:04.724,LIVE,10.5892,79.7867,70.6457
2026-06-01 17:52:04.756,LIVE,10.5883,79.8038,70.6081
2026-06-01 17:52:04.788,LIVE,10.5876,79.8192,70.5724
2026-06-01 17:52:04.820,LIVE,10.5868,79.8331,70.5385
2026-06-01 17:52:04.854,LIVE,10.586,79.8456,70.5063
2026-06-01 17:52:04.884,LIVE,10.5851,79.8568,70.4757
2026-06-01 17:52:04.914,LIVE,10.5844,79.867,70.4466
2026-06-01 17:52:04.946,LIVE,10.5835,79.8761,70.419
2026-06-01 17:52:04.979,LIVE,10.5824,79.8843,70.3927
2026-06-01 17:52:05.011,LIVE,10.5824,79.8916,70.3678
2026-06-01 17:52:05.043,LIVE,10.5816,79.8983,70.3441
2026-06-01 17:52:05.074,LIVE,10.5806,79.9043,70.3216
2026-06-01 17:52:05.105,LIVE,10.5797,79.9096,70.3002
2026-06-01 17:52:05.135,LIVE,10.5787,79.9145,70.3018
2026-06-01 17:52:05.167,LIVE,10.5779,79.9188,70.3033
2026-06-01 17:52:05.200,LIVE,10.5773,79.9228,70.3047
2026-06-01 17:52:05.231,LIVE,10.5767,79.9263,70.306
2026-06-01 17:52:05.264,LIVE,10.5762,79.9295,70.3073
2026-06-01 17:52:05.296,LIVE,10.5757,79.9323,70.3085
2026-06-01 17:52:05.326,LIVE,10.575,79.9349,70.3097
2026-06-01 17:52:05.357,LIVE,10.5743,79.9372,70.3107
2026-06-01 17:52:05.390,LIVE,10.5735,79.9393,70.3118
2026-06-01 17:52:05.420,LIVE,10.5728,79.9412,70.3128
2026-06-01 17:52:05.452,LIVE,10.572,79.9429,70.3137
2026-06-01 17:52:05.483,LIVE,10.5712,79.9444,70.3146
2026-06-01 17:52:05.514,LIVE,10.5705,79.9457,70.3154
2026-06-01 17:52:05.547,LIVE,10.5696,79.947,70.3162
2026-06-01 17:52:05.579,LIVE,10.5687,79.9481,70.317
2026-06-01 17:52:05.611,LIVE,10.5678,79.9491,70.3177
2026-06-01 17:52:05.647,LIVE,10.5673,79.9801,70.3184
2026-06-01 17:52:05.675,LIVE,10.5665,80.008,70.3191
2026-06-01 17:52:05.706,LIVE,10.5656,80.0331,70.3197
2026-06-01 17:52:05.737,LIVE,10.565,80.0557,70.3203
2026-06-01 17:52:05.769,LIVE,10.5646,80.0761,70.3208
2026-06-01 17:52:05.802,LIVE,10.5635,80.0944,70.3214
2026-06-01 17:52:05.833,LIVE,10.5626,80.1108,70.3219
2026-06-01 17:52:05.865,LIVE,10.5619,80.1257,70.3223
2026-06-01 17:52:05.898,LIVE,10.5613,80.139,70.3228
2026-06-01 17:52:05.929,LIVE,10.5604,80.151,70.3232
2026-06-01 17:52:05.961,LIVE,10.56,80.1618,70.3236
2026-06-01 17:52:05.993,LIVE,10.5594,80.1716,70.324
2026-06-01 17:52:06.025,LIVE,10.5589,80.1803,70.3244
2026-06-01 17:52:06.058,LIVE,10.5582,80.1882,70.3248
2026-06-01 17:52:06.089,LIVE,10.5575,80.1953,70.3251
2026-06-01 17:52:06.121,LIVE,10.5566,80.2001,70.3079
2026-06-01 17:52:06.152,LIVE,10.5559,80.2044,70.2915
2026-06-01 17:52:06.185,LIVE,10.555,80.2083,70.276
2026-06-01 17:52:06.216,LIVE,10.5542,80.2118,70.2612
2026-06-01 17:52:06.247,LIVE,10.5534,80.2149,70.2472
2026-06-01 17:52:06.280,LIVE,10.5524,80.2177,70.2338
2026-06-01 17:52:06.312,LIVE,10.5516,80.2203,70.2212
2026-06-01 17:52:06.342,LIVE,10.5508,80.2226,70.2091
2026-06-01 17:52:06.374,LIVE,10.55,80.2246,70.1977
2026-06-01 17:52:06.404,LIVE,10.5491,80.2265,70.1869
2026-06-01 17:52:06.439,LIVE,10.5482,80.2281,70.1765
2026-06-01 17:52:06.469,LIVE,10.5483,80.2296,70.1668
2026-06-01 17:52:06.500,LIVE,10.5474,80.231,70.1574
2026-06-01 17:52:06.531,LIVE,10.5465,80.2322,70.1486
2026-06-01 17:52:06.562,LIVE,10.5456,80.2333,70.1402
2026-06-01 17:52:06.595,LIVE,10.5449,80.2343,70.1322
2026-06-01 17:52:06.626,LIVE,10.5443,80.2352,70.1205
2026-06-01 17:52:06.657,LIVE,10.5437,80.236,70.1094
2026-06-01 17:52:06.690,LIVE,10.5435,80.2367,70.0988
2026-06-01 17:52:06.721,LIVE,10.5429,80.2373,70.0888
2026-06-01 17:52:06.753,LIVE,10.5425,80.2379,70.0792
2026-06-01 17:52:06.786,LIVE,10.5419,80.2385,70.0702
2026-06-01 17:52:06.816,LIVE,10.5412,80.2389,70.0616
2026-06-01 17:52:06.849,LIVE,10.5406,80.2393,70.0534
2026-06-01 17:52:06.880,LIVE,10.5399,80.2397,70.0456
2026-06-01 17:52:06.911,LIVE,10.5392,80.2401,70.0382
2026-06-01 17:52:06.943,LIVE,10.5384,80.2404,70.0312
2026-06-01 17:52:06.973,LIVE,10.5378,80.2407,70.0245
2026-06-01 17:52:07.004,LIVE,10.5372,80.2409,70.0182
2026-06-01 17:52:07.035,LIVE,10.5366,80.2411,70.0122
2026-06-01 17:52:07.068,LIVE,10.5358,80.2413,70.0065
2026-06-01 17:52:07.099,LIVE,10.5351,80.2415,70.0011
2026-06-01 17:52:07.131,LIVE,10.5348,80.2192,69.9731
2026-06-01 17:52:07.163,LIVE,10.5342,80.199,69.9466
2026-06-01 17:52:07.196,LIVE,10.5339,80.1809,69.9214
2026-06-01 17:52:07.232,LIVE,10.5336,80.1646,69.8975
2026-06-01 17:52:07.259,LIVE,10.5332,80.1499,69.8747
2026-06-01 17:52:07.290,LIVE,10.5326,80.1367,69.8531
2026-06-01 17:52:07.321,LIVE,10.5319,80.1248,69.8326
2026-06-01 17:52:07.354,LIVE,10.5312,80.1142,69.8131
2026-06-01 17:52:07.385,LIVE,10.5306,80.1045,69.7946
2026-06-01 17:52:07.416,LIVE,10.5303,80.0959,69.777
2026-06-01 17:52:07.448,LIVE,10.5299,80.0881,69.7603
2026-06-01 17:52:07.480,LIVE,10.5298,80.081,69.7444
2026-06-01 17:52:07.512,LIVE,10.5296,80.0747,69.7293
2026-06-01 17:52:07.545,LIVE,10.529,80.069,69.715
2026-06-01 17:52:07.577,LIVE,10.5284,80.0639,69.7014
2026-06-01 17:52:07.609,LIVE,10.5278,80.0593,69.6884
2026-06-01 17:52:07.639,LIVE,10.5271,80.1049,69.6306
2026-06-01 17:52:07.670,LIVE,10.5266,80.146,69.5756
2026-06-01 17:52:07.702,LIVE,10.5261,80.1829,69.5234
2026-06-01 17:52:07.733,LIVE,10.5254,80.2162,69.4738
2026-06-01 17:52:07.765,LIVE,10.5248,80.2461,69.4267
2026-06-01 17:52:07.796,LIVE,10.5243,80.273,69.382
2026-06-01 17:52:07.828,LIVE,10.5236,80.2973,69.3394
2026-06-01 17:52:07.861,LIVE,10.523,80.3191,69.299
2026-06-01 17:52:07.891,LIVE,10.5225,80.3387,69.2607
2026-06-01 17:52:07.922,LIVE,10.5218,80.3564,69.2242
2026-06-01 17:52:07.954,LIVE,10.5214,80.3723,69.1896
2026-06-01 17:52:07.985,LIVE,10.5214,80.3866,69.1567
2026-06-01 17:52:08.020,LIVE,10.5209,80.3995,69.1254
2026-06-01 17:52:08.049,LIVE,10.5203,80.4111,69.0957
2026-06-01 17:52:08.081,LIVE,10.5198,80.4215,69.0675
2026-06-01 17:52:08.112,LIVE,10.519,80.4309,69.0407
2026-06-01 17:52:08.145,LIVE,10.5184,80.4393,69.0377
2026-06-01 17:52:08.175,LIVE,10.5181,80.447,69.0349
2026-06-01 17:52:08.208,LIVE,10.5179,80.4538,69.0322
2026-06-01 17:52:08.237,LIVE,10.5178,80.46,69.0296
2026-06-01 17:52:08.270,LIVE,10.5175,80.4655,69.0272
2026-06-01 17:52:08.301,LIVE,10.5171,80.4705,69.0249
2026-06-01 17:52:08.333,LIVE,10.5165,80.475,69.0227
2026-06-01 17:52:08.366,LIVE,10.5159,80.479,69.0206
2026-06-01 17:52:08.397,LIVE,10.5153,80.4827,69.0186
2026-06-01 17:52:08.428,LIVE,10.5148,80.4859,69.0167
2026-06-01 17:52:08.460,LIVE,10.5145,80.4889,69.0149
2026-06-01 17:52:08.490,LIVE,10.5141,80.4915,69.0132
2026-06-01 17:52:08.522,LIVE,10.5138,80.4939,69.0116
2026-06-01 17:52:08.554,LIVE,10.5133,80.4961,69.0101
2026-06-01 17:52:08.586,LIVE,10.5127,80.498,69.0086
2026-06-01 17:52:08.616,LIVE,10.5123,80.4998,69.0072
2026-06-01 17:52:08.649,LIVE,10.5119,80.428,69.6348
2026-06-01 17:52:08.680,LIVE,10.5116,80.3634,70.2309
2026-06-01 17:52:08.712,LIVE,10.5119,80.3053,70.7973
2026-06-01 17:52:08.743,LIVE,10.5114,80.253,71.3353
2026-06-01 17:52:08.776,LIVE,10.5109,80.2059,71.8464
2026-06-01 17:52:08.809,LIVE,10.5105,80.1635,72.332
2026-06-01 17:52:08.837,LIVE,10.5099,80.1254,72.7933
2026-06-01 17:52:08.868,LIVE,10.5096,80.0911,73.2315
2026-06-01 17:52:08.899,LIVE,10.5097,80.0602,73.6478
2026-06-01 17:52:08.931,LIVE,10.5093,80.0324,74.0434
2026-06-01 17:52:08.963,LIVE,10.5092,80.0074,74.4191
2026-06-01 17:52:08.994,LIVE,10.5091,79.9849,74.776
2026-06-01 17:52:09.026,LIVE,10.5087,79.9646,75.1151
2026-06-01 17:52:09.057,LIVE,10.5082,79.9464,75.4373
2026-06-01 17:52:09.090,LIVE,10.5075,79.93,75.7433
2026-06-01 17:52:09.120,LIVE,10.507,79.9208,76.0537
2026-06-01 17:52:09.153,LIVE,10.5066,79.9126,76.3486
2026-06-01 17:52:09.183,LIVE,10.5063,79.9052,76.6287
2026-06-01 17:52:09.215,LIVE,10.5059,79.8986,76.8948
2026-06-01 17:52:09.248,LIVE,10.5056,79.8926,77.1476
2026-06-01 17:52:09.278,LIVE,10.505,79.8872,77.3878
2026-06-01 17:52:09.311,LIVE,10.5047,79.8824,77.616
2026-06-01 17:52:09.341,LIVE,10.5043,79.878,77.8327
2026-06-01 17:52:09.372,LIVE,10.5039,79.8741,78.0387
2026-06-01 17:52:09.404,LIVE,10.5037,79.8705,78.2343
2026-06-01 17:52:09.434,LIVE,10.504,79.8674,78.4201
2026-06-01 17:52:09.466,LIVE,10.5035,79.8645,78.5967
2026-06-01 17:52:09.498,LIVE,10.5032,79.8619,78.7644
2026-06-01 17:52:09.530,LIVE,10.5029,79.8596,78.9238
2026-06-01 17:52:09.562,LIVE,10.5028,79.8575,79.0751
2026-06-01 17:52:09.599,LIVE,10.5028,79.8556,79.2189
2026-06-01 17:52:09.627,LIVE,10.5028,79.795,79.3512
2026-06-01 17:52:09.657,LIVE,10.5027,79.7404,79.4768
2026-06-01 17:52:09.689,LIVE,10.5029,79.6913,79.5962
2026-06-01 17:52:09.720,LIVE,10.5029,79.647,79.7095
2026-06-01 17:52:09.751,LIVE,10.5028,79.6073,79.8173
2026-06-01 17:52:09.784,LIVE,10.5025,79.5714,79.9196
2026-06-01 17:52:09.814,LIVE,10.5024,79.5392,80.0168
2026-06-01 17:52:09.844,LIVE,10.5021,79.5102,80.1091
2026-06-01 17:52:09.877,LIVE,10.5019,79.4841,80.1969
2026-06-01 17:52:09.909,LIVE,10.5016,79.4606,80.2802
2026-06-01 17:52:09.940,LIVE,10.5013,79.4394,80.3594
2026-06-01 17:52:09.971,LIVE,10.5009,79.4204,80.4346
2026-06-01 17:52:10.002,LIVE,10.5006,79.4033,80.5061
2026-06-01 17:52:10.033,LIVE,10.5003,79.3879,80.574
2026-06-01 17:52:10.065,LIVE,10.4999,79.374,80.6385
2026-06-01 17:52:10.097,LIVE,10.5001,79.3615,80.6997
2026-06-01 17:52:10.127,LIVE,10.4998,79.3708,80.7579
2026-06-01 17:52:10.160,LIVE,10.4994,79.3792,80.8132
2026-06-01 17:52:10.192,LIVE,10.499,79.3868,80.8658
2026-06-01 17:52:10.223,LIVE,10.4986,79.3936,80.9157
2026-06-01 17:52:10.255,LIVE,10.4982,79.3997,80.9631
2026-06-01 17:52:10.287,LIVE,10.4979,79.4052,81.0081
2026-06-01 17:52:10.319,LIVE,10.4976,79.4102,81.0509
2026-06-01 17:52:10.350,LIVE,10.4973,79.4146,81.0915
2026-06-01 17:52:10.385,LIVE,10.4971,79.4187,81.1302
2026-06-01 17:52:10.413,LIVE,10.4967,79.4223,81.1668
2026-06-01 17:52:10.444,LIVE,10.4964,79.4255,81.2017
2026-06-01 17:52:10.477,LIVE,10.4959,79.4284,81.2348
2026-06-01 17:52:10.509,LIVE,10.4954,79.4311,81.2662
2026-06-01 17:52:10.539,LIVE,10.4949,79.4335,81.2961
2026-06-01 17:52:10.570,LIVE,10.4944,79.4356,81.3245
2026-06-01 17:52:10.601,LIVE,10.4939,79.4375,81.3515
2026-06-01 17:52:10.633,LIVE,10.4933,79.4414,81.6912
2026-06-01 17:52:10.666,LIVE,10.4925,79.4448,82.0139
2026-06-01 17:52:10.697,LIVE,10.492,79.448,82.3204
2026-06-01 17:52:10.728,LIVE,10.4912,79.4508,82.6117
2026-06-01 17:52:10.760,LIVE,10.4905,79.4533,82.8884
2026-06-01 17:52:10.792,LIVE,10.4903,79.4556,83.1512
2026-06-01 17:52:10.823,LIVE,10.4901,79.4576,83.4009
2026-06-01 17:52:10.856,LIVE,10.4895,79.4595,83.6381
2026-06-01 17:52:10.888,LIVE,10.489,79.4611,83.8635
2026-06-01 17:52:10.918,LIVE,10.4884,79.4626,84.0776
2026-06-01 17:52:10.949,LIVE,10.4878,79.464,84.281
2026-06-01 17:52:10.982,LIVE,10.4875,79.4652,84.4742
2026-06-01 17:52:11.014,LIVE,10.4873,79.4663,84.6577
2026-06-01 17:52:11.045,LIVE,10.4871,79.4672,84.8321
2026-06-01 17:52:11.077,LIVE,10.4869,79.4681,84.9978
2026-06-01 17:52:11.110,LIVE,10.4865,79.4689,85.1551
2026-06-01 17:52:11.140,LIVE,10.486,79.4696,85.3047
2026-06-01 17:52:11.178,LIVE,10.4855,79.4703,85.4467
2026-06-01 17:52:11.203,LIVE,10.4851,79.4709,85.5816
2026-06-01 17:52:11.233,LIVE,10.4844,79.4714,85.7098
2026-06-01 17:52:11.266,LIVE,10.4838,79.4718,85.8316
2026-06-01 17:52:11.297,LIVE,10.4831,79.4723,85.9473
2026-06-01 17:52:11.328,LIVE,10.4824,79.4726,86.0572
2026-06-01 17:52:11.360,LIVE,10.4819,79.473,86.1616
2026-06-01 17:52:11.392,LIVE,10.4813,79.4733,86.2608
2026-06-01 17:52:11.422,LIVE,10.4808,79.4736,86.355
2026-06-01 17:52:11.454,LIVE,10.4803,79.4738,86.4445
2026-06-01 17:52:11.487,LIVE,10.4797,79.474,86.5295
2026-06-01 17:52:11.518,LIVE,10.4791,79.4743,86.6103
2026-06-01 17:52:11.548,LIVE,10.4782,79.4744,86.6871
2026-06-01 17:52:11.580,LIVE,10.4779,79.4746,86.76
2026-06-01 17:52:11.613,LIVE,10.4773,79.4747,86.8292
2026-06-01 17:52:11.643,LIVE,10.4763,79.4772,86.8763
2026-06-01 17:52:11.675,LIVE,10.4754,79.4793,86.9211
2026-06-01 17:52:11.707,LIVE,10.4747,79.4813,86.9636
2026-06-01 17:52:11.739,LIVE,10.4741,79.4831,87.0039
2026-06-01 17:52:11.770,LIVE,10.4737,79.4846,87.0423
2026-06-01 17:52:11.801,LIVE,10.4731,79.4861,87.0787
2026-06-01 17:52:11.833,LIVE,10.4726,79.4874,87.1133
2026-06-01 17:52:11.864,LIVE,10.4721,79.4885,87.1462
2026-06-01 17:52:11.897,LIVE,10.4715,79.4895,87.1774
2026-06-01 17:52:11.927,LIVE,10.4709,79.4905,87.2071
2026-06-01 17:52:11.963,LIVE,10.4701,79.4913,87.2353
2026-06-01 17:52:11.992,LIVE,10.4694,79.4921,87.2621
2026-06-01 17:52:12.024,LIVE,10.4687,79.4928,87.2875
2026-06-01 17:52:12.055,LIVE,10.4681,79.4934,87.3117
2026-06-01 17:52:12.088,LIVE,10.4674,79.4939,87.3347
2026-06-01 17:52:12.119,LIVE,10.4667,79.4801,87.256
2026-06-01 17:52:12.149,LIVE,10.4662,79.4676,87.1813
2026-06-01 17:52:12.182,LIVE,10.4655,79.4564,87.1103
2026-06-01 17:52:12.213,LIVE,10.465,79.4463,87.0429
2026-06-01 17:52:12.246,LIVE,10.4642,79.4372,86.9789
2026-06-01 17:52:12.277,LIVE,10.4638,79.4291,86.918
2026-06-01 17:52:12.310,LIVE,10.4633,79.4217,86.8602
2026-06-01 17:52:12.341,LIVE,10.4627,79.4151,86.8053
2026-06-01 17:52:12.372,LIVE,10.4621,79.4091,86.7531
2026-06-01 17:52:12.404,LIVE,10.4625,79.4038,86.7036
2026-06-01 17:52:12.436,LIVE,10.4619,79.3989,86.6565
2026-06-01 17:52:12.468,LIVE,10.4612,79.3946,86.6118
2026-06-01 17:52:12.500,LIVE,10.4607,79.3907,86.5693
2026-06-01 17:52:12.532,LIVE,10.4602,79.3872,86.5289
2026-06-01 17:52:12.563,LIVE,10.4599,79.384,86.4906
2026-06-01 17:52:12.596,LIVE,10.4598,79.3811,86.4541
2026-06-01 17:52:12.628,LIVE,10.4596,79.3678,86.4195
2026-06-01 17:52:12.660,LIVE,10.4595,79.3557,86.3866
2026-06-01 17:52:12.692,LIVE,10.4594,79.3449,86.3554
2026-06-01 17:52:12.724,LIVE,10.4593,79.3351,86.3257
2026-06-01 17:52:12.760,LIVE,10.4588,79.3264,86.2975
2026-06-01 17:52:12.787,LIVE,10.4585,79.3185,86.2707
2026-06-01 17:52:12.819,LIVE,10.4579,79.3114,86.2453
2026-06-01 17:52:12.850,LIVE,10.4573,79.305,86.2211
2026-06-01 17:52:12.882,LIVE,10.4565,79.2992,86.1982
2026-06-01 17:52:12.915,LIVE,10.4556,79.294,86.1764
2026-06-01 17:52:12.945,LIVE,10.4546,79.2894,86.1556
2026-06-01 17:52:12.978,LIVE,10.4534,79.2852,86.136
2026-06-01 17:52:13.009,LIVE,10.4525,79.2814,86.1172
2026-06-01 17:52:13.042,LIVE,10.4517,79.278,86.0995
2026-06-01 17:52:13.072,LIVE,10.4509,79.2749,86.0826
2026-06-01 17:52:13.104,LIVE,10.4503,79.2722,86.0666
2026-06-01 17:52:13.136,LIVE,10.4497,79.2735,86.0248
2026-06-01 17:52:13.168,LIVE,10.449,79.2746,85.9852
2026-06-01 17:52:13.200,LIVE,10.4486,79.2757,85.9475
2026-06-01 17:52:13.230,LIVE,10.4484,79.2766,85.9117
2026-06-01 17:52:13.263,LIVE,10.4477,79.2774,85.8777
2026-06-01 17:52:13.294,LIVE,10.4468,79.2782,85.8455
2026-06-01 17:52:13.326,LIVE,10.446,79.2789,85.8148
2026-06-01 17:52:13.358,LIVE,10.4452,79.2795,85.7856
2026-06-01 17:52:13.390,LIVE,10.4444,79.28,85.7579
2026-06-01 17:52:13.421,LIVE,10.4437,79.2805,85.7316
2026-06-01 17:52:13.453,LIVE,10.4432,79.281,85.7067
2026-06-01 17:52:13.486,LIVE,10.4424,79.2814,85.6829
2026-06-01 17:52:13.518,LIVE,10.4416,79.2818,85.6604
2026-06-01 17:52:13.551,LIVE,10.4409,79.2821,85.6389
2026-06-01 17:52:13.579,LIVE,10.44,79.2824,85.6186
2026-06-01 17:52:13.611,LIVE,10.4391,79.2826,85.5992
2026-06-01 17:52:13.642,LIVE,10.4382,79.2744,85.5818
2026-06-01 17:52:13.674,LIVE,10.4373,79.2669,85.5652
2026-06-01 17:52:13.706,LIVE,10.4367,79.2602,85.5495
2026-06-01 17:52:13.735,LIVE,10.436,79.2542,85.5345
2026-06-01 17:52:13.767,LIVE,10.4351,79.2488,85.5203
2026-06-01 17:52:13.799,LIVE,10.4345,79.2439,85.5068
2026-06-01 17:52:13.832,LIVE,10.4338,79.2395,85.494
2026-06-01 17:52:13.864,LIVE,10.4331,79.2356,85.4818
2026-06-01 17:52:13.895,LIVE,10.4322,79.232,85.4703
2026-06-01 17:52:13.927,LIVE,10.4311,79.2288,85.4593
2026-06-01 17:52:13.959,LIVE,10.4303,79.2259,85.4488
2026-06-01 17:52:13.991,LIVE,10.4299,79.2233,85.4389
2026-06-01 17:52:14.022,LIVE,10.4296,79.221,85.4295
2026-06-01 17:52:14.055,LIVE,10.4288,79.2189,85.4205
2026-06-01 17:52:14.086,LIVE,10.428,79.217,85.412
2026-06-01 17:52:14.117,LIVE,10.4274,79.1968,85.4039
2026-06-01 17:52:14.150,LIVE,10.4268,79.1787,85.3963
2026-06-01 17:52:14.182,LIVE,10.4264,79.1624,85.389
2026-06-01 17:52:14.213,LIVE,10.4261,79.1477,85.382
2026-06-01 17:52:14.244,LIVE,10.4257,79.1345,85.3755
2026-06-01 17:52:14.276,LIVE,10.4252,79.1226,85.3692
2026-06-01 17:52:14.308,LIVE,10.4247,79.1119,85.3633
2026-06-01 17:52:14.343,LIVE,10.4238,79.1022,85.3576
2026-06-01 17:52:14.370,LIVE,10.4233,79.0936,85.3523
2026-06-01 17:52:14.402,LIVE,10.4226,79.0858,85.3472
2026-06-01 17:52:14.433,LIVE,10.4219,79.0787,85.3423
2026-06-01 17:52:14.465,LIVE,10.4214,79.0724,85.3377
2026-06-01 17:52:14.497,LIVE,10.4207,79.0667,85.3334
2026-06-01 17:52:14.528,LIVE,10.42,79.0616,85.3292
2026-06-01 17:52:14.559,LIVE,10.4195,79.057,85.3253
2026-06-01 17:52:14.591,LIVE,10.4189,79.0529,85.3215
2026-06-01 17:52:14.623,LIVE,10.4182,79.0633,85.3174
2026-06-01 17:52:14.655,LIVE,10.4176,79.0728,85.3134
2026-06-01 17:52:14.687,LIVE,10.4171,79.0812,85.3096
2026-06-01 17:52:14.718,LIVE,10.4165,79.0889,85.306
2026-06-01 17:52:14.749,LIVE,10.4159,79.0957,85.3026
2026-06-01 17:52:14.781,LIVE,10.4158,79.1019,85.2994
2026-06-01 17:52:14.813,LIVE,10.4151,79.1075,85.2963
2026-06-01 17:52:14.845,LIVE,10.4145,79.1125,85.2934
2026-06-01 17:52:14.876,LIVE,10.4139,79.117,85.2906
2026-06-01 17:52:14.909,LIVE,10.4133,79.1211,85.288
2026-06-01 17:52:14.941,LIVE,10.4129,79.1247,85.2855
2026-06-01 17:52:14.971,LIVE,10.4127,79.128,85.2831
2026-06-01 17:52:15.004,LIVE,10.4125,79.131,85.2809
2026-06-01 17:52:15.034,LIVE,10.4124,79.1336,85.2787
2026-06-01 17:52:15.067,LIVE,10.4122,79.136,85.2767
2026-06-01 17:52:15.099,LIVE,10.4117,79.1382,85.2748
2026-06-01 17:52:15.133,LIVE,10.4113,79.1399,85.2749
2026-06-01 17:52:15.162,LIVE,10.4109,79.1415,85.275
2026-06-01 17:52:15.194,LIVE,10.4105,79.1429,85.2751
2026-06-01 17:52:15.227,LIVE,10.4101,79.1441,85.2751
2026-06-01 17:52:15.258,LIVE,10.4096,79.1452,85.2752
2026-06-01 17:52:15.290,LIVE,10.4092,79.1462,85.2753
2026-06-01 17:52:15.322,LIVE,10.4089,79.1472,85.2754
2026-06-01 17:52:15.354,LIVE,10.4083,79.148,85.2755
2026-06-01 17:52:15.384,LIVE,10.4079,79.1487,85.2755
2026-06-01 17:52:15.417,LIVE,10.4076,79.1494,85.2756
2026-06-01 17:52:15.448,LIVE,10.4073,79.15,85.2757
2026-06-01 17:52:15.480,LIVE,10.4068,79.1505,85.2757
2026-06-01 17:52:15.512,LIVE,10.4064,79.151,85.2758
2026-06-01 17:52:15.544,LIVE,10.4065,79.1515,85.2758
2026-06-01 17:52:15.575,LIVE,10.406,79.1518,85.2759
2026-06-01 17:52:15.607,LIVE,10.4054,79.1522,85.2759
2026-06-01 17:52:15.638,LIVE,10.4049,79.1583,85.276
2026-06-01 17:52:15.670,LIVE,10.4043,79.1639,85.276
2026-06-01 17:52:15.702,LIVE,10.4038,79.1688,85.2761
2026-06-01 17:52:15.734,LIVE,10.4035,79.1733,85.2761
2026-06-01 17:52:15.764,LIVE,10.4034,79.1774,85.2761
2026-06-01 17:52:15.796,LIVE,10.4032,79.181,85.2762
2026-06-01 17:52:15.828,LIVE,10.403,79.1842,85.2762
2026-06-01 17:52:15.860,LIVE,10.4027,79.1872,85.2763
2026-06-01 17:52:15.891,LIVE,10.4022,79.1898,85.2763
2026-06-01 17:52:15.927,LIVE,10.4016,79.1922,85.2763
2026-06-01 17:52:15.956,LIVE,10.4012,79.1943,85.2763
2026-06-01 17:52:15.987,LIVE,10.4006,79.1963,85.2764
2026-06-01 17:52:16.019,LIVE,10.4,79.198,85.2764
2026-06-01 17:52:16.050,LIVE,10.3995,79.1996,85.2764
2026-06-01 17:52:16.081,LIVE,10.399,79.201,85.2764
2026-06-01 17:52:16.112,LIVE,10.3984,79.2022,85.2765
2026-06-01 17:52:16.144,LIVE,10.3977,79.2048,85.2627
2026-06-01 17:52:16.176,LIVE,10.3972,79.207,85.2496
2026-06-01 17:52:16.207,LIVE,10.3967,79.2091,85.2371
2026-06-01 17:52:16.239,LIVE,10.396,79.2109,85.2253
2026-06-01 17:52:16.271,LIVE,10.3954,79.2126,85.2141
2026-06-01 17:52:16.303,LIVE,10.3954,79.214,85.2034
2026-06-01 17:52:16.333,LIVE,10.3945,79.2154,85.1932
2026-06-01 17:52:16.365,LIVE,10.3939,79.2166,85.1836
2026-06-01 17:52:16.397,LIVE,10.3931,79.2177,85.1745
2026-06-01 17:52:16.429,LIVE,10.3923,79.2186,85.1658
2026-06-01 17:52:16.460,LIVE,10.3918,79.2195,85.1575
2026-06-01 17:52:16.492,LIVE,10.3913,79.2203,85.1497
2026-06-01 17:52:16.524,LIVE,10.3909,79.221,85.1422
2026-06-01 17:52:16.556,LIVE,10.3905,79.2217,85.1351
2026-06-01 17:52:16.588,LIVE,10.3901,79.2222,85.1284
2026-06-01 17:52:16.619,LIVE,10.3895,79.2372,85.1028
2026-06-01 17:52:16.651,LIVE,10.3888,79.2507,85.0785
2026-06-01 17:52:16.681,LIVE,10.3882,79.2629,85.0554
2026-06-01 17:52:16.714,LIVE,10.3876,79.2738,85.0335
2026-06-01 17:52:16.744,LIVE,10.387,79.2836,85.0126
2026-06-01 17:52:16.774,LIVE,10.3865,79.2925,84.9928
2026-06-01 17:52:16.807,LIVE,10.3861,79.3005,84.974
2026-06-01 17:52:16.837,LIVE,10.3855,79.3076,84.9561
2026-06-01 17:52:16.869,LIVE,10.3847,79.3141,84.9392
2026-06-01 17:52:16.902,LIVE,10.3838,79.3199,84.923
2026-06-01 17:52:16.933,LIVE,10.3828,79.3251,84.9077
2026-06-01 17:52:16.966,LIVE,10.3819,79.3298,84.8931
2026-06-01 17:52:16.997,LIVE,10.3812,79.3341,84.8793
2026-06-01 17:52:17.029,LIVE,10.3805,79.3379,84.8662
2026-06-01 17:52:17.060,LIVE,10.3794,79.3413,84.8537
2026-06-01 17:52:17.091,LIVE,10.3784,79.3444,84.8418
2026-06-01 17:52:17.124,LIVE,10.3775,79.3504,84.8122
2026-06-01 17:52:17.153,LIVE,10.3768,79.3558,84.784
2026-06-01 17:52:17.185,LIVE,10.3761,79.3607,84.7572
2026-06-01 17:52:17.216,LIVE,10.3756,79.3651,84.7318
2026-06-01 17:52:17.249,LIVE,10.375,79.369,84.7077
2026-06-01 17:52:17.280,LIVE,10.3745,79.3726,84.6847
2026-06-01 17:52:17.310,LIVE,10.374,79.3757,84.6629
2026-06-01 17:52:17.342,LIVE,10.3735,79.3786,84.6422
2026-06-01 17:52:17.375,LIVE,10.3728,79.3812,84.6225
2026-06-01 17:52:17.407,LIVE,10.3722,79.3835,84.6038
2026-06-01 17:52:17.438,LIVE,10.3716,79.3856,84.5861
2026-06-01 17:52:17.470,LIVE,10.371,79.3875,84.5692
2026-06-01 17:52:17.506,LIVE,10.3704,79.3892,84.5532
2026-06-01 17:52:17.534,LIVE,10.3698,79.3907,84.538
2026-06-01 17:52:17.565,LIVE,10.369,79.3921,84.5235
2026-06-01 17:52:17.597,LIVE,10.3684,79.3933,84.5098
2026-06-01 17:52:17.629,LIVE,10.3677,79.4213,84.4837
2026-06-01 17:52:17.661,LIVE,10.3672,79.4465,84.4589
2026-06-01 17:52:17.693,LIVE,10.3668,79.4691,84.4354
2026-06-01 17:52:17.724,LIVE,10.3669,79.4895,84.413
2026-06-01 17:52:17.757,LIVE,10.3661,79.5079,84.3918
2026-06-01 17:52:17.786,LIVE,10.3654,79.5244,84.3716
2026-06-01 17:52:17.819,LIVE,10.3646,79.5393,84.3525
2026-06-01 17:52:17.850,LIVE,10.3638,79.5526,84.3343
2026-06-01 17:52:17.881,LIVE,10.3631,79.5647,84.317
2026-06-01 17:52:17.913,LIVE,10.3628,79.5755,84.3006
2026-06-01 17:52:17.944,LIVE,10.3623,79.5853,84.285
2026-06-01 17:52:17.976,LIVE,10.3617,79.594,84.2701
2026-06-01 17:52:18.007,LIVE,10.3611,79.6019,84.256
2026-06-01 17:52:18.040,LIVE,10.3604,79.609,84.2427
2026-06-01 17:52:18.071,LIVE,10.3599,79.6154,84.2299
2026-06-01 17:52:18.102,LIVE,10.3592,79.6212,84.2179
2026-06-01 17:52:18.132,LIVE,10.3588,79.647,84.1802
2026-06-01 17:52:18.164,LIVE,10.3582,79.6702,84.1443
2026-06-01 17:52:18.197,LIVE,10.3575,79.6911,84.1103
2026-06-01 17:52:18.228,LIVE,10.3569,79.71,84.078
2026-06-01 17:52:18.259,LIVE,10.3563,79.7269,84.0473
2026-06-01 17:52:18.294,LIVE,10.3559,79.7421,84.0181
2026-06-01 17:52:18.323,LIVE,10.3552,79.7559,83.9904
2026-06-01 17:52:18.355,LIVE,10.3546,79.7682,83.964
2026-06-01 17:52:18.386,LIVE,10.3544,79.7793,83.939
2026-06-01 17:52:18.419,LIVE,10.3539,79.7893,83.9153
2026-06-01 17:52:18.449,LIVE,10.3531,79.7983,83.8927
2026-06-01 17:52:18.480,LIVE,10.3525,79.8064,83.8712
2026-06-01 17:52:18.513,LIVE,10.3518,79.8137,83.8509
2026-06-01 17:52:18.544,LIVE,10.3513,79.8203,83.8315
2026-06-01 17:52:18.575,LIVE,10.3508,79.8262,83.8131
2026-06-01 17:52:18.607,LIVE,10.3504,79.8315,83.7956
2026-06-01 17:52:18.639,LIVE,10.3501,79.8755,83.7803
2026-06-01 17:52:18.671,LIVE,10.3498,79.9151,83.7657
2026-06-01 17:52:18.701,LIVE,10.3493,79.9507,83.7518
2026-06-01 17:52:18.734,LIVE,10.3489,79.9828,83.7386
2026-06-01 17:52:18.765,LIVE,10.3486,80.0116,83.7261
2026-06-01 17:52:18.795,LIVE,10.3482,80.0376,83.7141
2026-06-01 17:52:18.827,LIVE,10.348,80.061,83.7028
2026-06-01 17:52:18.859,LIVE,10.3476,80.082,83.6921
2026-06-01 17:52:18.892,LIVE,10.3473,80.101,83.6819
2026-06-01 17:52:18.924,LIVE,10.347,80.118,83.6722
2026-06-01 17:52:18.955,LIVE,10.3469,80.1334,83.663
2026-06-01 17:52:18.987,LIVE,10.3467,80.1472,83.6542
2026-06-01 17:52:19.018,LIVE,10.3463,80.1596,83.6459
2026-06-01 17:52:19.049,LIVE,10.3463,80.1708,83.638
2026-06-01 17:52:19.084,LIVE,10.3463,80.1808,83.6305
2026-06-01 17:52:19.111,LIVE,10.346,80.1899,83.6234
2026-06-01 17:52:19.143,LIVE,10.3459,80.198,83.6264
2026-06-01 17:52:19.174,LIVE,10.3457,80.2054,83.6292
2026-06-01 17:52:19.208,LIVE,10.3458,80.212,83.6319
2026-06-01 17:52:19.236,LIVE,10.3457,80.2179,83.6345
2026-06-01 17:52:19.269,LIVE,10.3457,80.2233,83.637
2026-06-01 17:52:19.301,LIVE,10.3459,80.2281,83.6393
2026-06-01 17:52:19.331,LIVE,10.3462,80.2324,83.6415
2026-06-01 17:52:19.363,LIVE,10.3463,80.2363,83.6436
2026-06-01 17:52:19.395,LIVE,10.3463,80.2398,83.6456
2026-06-01 17:52:19.426,LIVE,10.3464,80.243,83.6474
2026-06-01 17:52:19.458,LIVE,10.3465,80.2458,83.6492
2026-06-01 17:52:19.490,LIVE,10.3468,80.2484,83.6509
2026-06-01 17:52:19.523,LIVE,10.3472,80.2507,83.6526
2026-06-01 17:52:19.554,LIVE,10.3474,80.2528,83.6541
2026-06-01 17:52:19.586,LIVE,10.3478,80.2546,83.6556
2026-06-01 17:52:19.617,LIVE,10.3482,80.2961,83.6301
2026-06-01 17:52:19.649,LIVE,10.3484,80.3334,83.6059
2026-06-01 17:52:19.682,LIVE,10.3487,80.367,83.5829
2026-06-01 17:52:19.713,LIVE,10.3496,80.3973,83.561
2026-06-01 17:52:19.745,LIVE,10.3499,80.4245,83.5403
2026-06-01 17:52:19.777,LIVE,10.3502,80.449,83.5206
2026-06-01 17:52:19.809,LIVE,10.3505,80.471,83.5018
2026-06-01 17:52:19.840,LIVE,10.351,80.4909,83.484
2026-06-01 17:52:19.876,LIVE,10.3516,80.5087,83.4671
2026-06-01 17:52:19.904,LIVE,10.3523,80.5248,83.4511
2026-06-01 17:52:19.936,LIVE,10.3531,80.5393,83.4358
2026-06-01 17:52:19.967,LIVE,10.3539,80.5523,83.4213
2026-06-01 17:52:20.000,LIVE,10.3547,80.564,83.4075
2026-06-01 17:52:20.031,LIVE,10.3555,80.5745,83.3945
2026-06-01 17:52:20.061,LIVE,10.3561,80.584,83.382
2026-06-01 17:52:20.093,LIVE,10.3567,80.5926,83.3702
2026-06-01 17:52:20.124,LIVE,10.3573,80.6399,83.2796
2026-06-01 17:52:20.156,LIVE,10.3582,80.6825,83.1934
2026-06-01 17:52:20.189,LIVE,10.359,80.7208,83.1116
2026-06-01 17:52:20.221,LIVE,10.3598,80.7553,83.0338
2026-06-01 17:52:20.250,LIVE,10.361,80.7863,82.96
2026-06-01 17:52:20.283,LIVE,10.362,80.8143,82.8898
2026-06-01 17:52:20.313,LIVE,10.363,80.8394,82.8232
2026-06-01 17:52:20.345,LIVE,10.3641,80.8621,82.7598
2026-06-01 17:52:20.378,LIVE,10.3653,80.8824,82.6997
2026-06-01 17:52:20.409,LIVE,10.366,80.9008,82.6425
2026-06-01 17:52:20.442,LIVE,10.3668,80.9173,82.5882
2026-06-01 17:52:20.474,LIVE,10.3674,80.9321,82.5367
2026-06-01 17:52:20.506,LIVE,10.3683,80.9455,82.4877
2026-06-01 17:52:20.537,LIVE,10.3694,80.9575,82.4411
2026-06-01 17:52:20.568,LIVE,10.3703,80.9683,82.3969
2026-06-01 17:52:20.600,LIVE,10.3713,80.9781,82.3549
2026-06-01 17:52:20.633,LIVE,10.3722,81.0348,82.2928
2026-06-01 17:52:20.666,LIVE,10.3731,81.0859,82.2339
2026-06-01 17:52:20.696,LIVE,10.3739,81.1319,82.1779
2026-06-01 17:52:20.727,LIVE,10.3748,81.1733,82.1247
2026-06-01 17:52:20.759,LIVE,10.3758,81.2105,82.0741
2026-06-01 17:52:20.791,LIVE,10.3768,81.244,82.0261
2026-06-01 17:52:20.823,LIVE,10.3776,81.2742,81.9805
2026-06-01 17:52:20.854,LIVE,10.3788,81.3013,81.9371
2026-06-01 17:52:20.884,LIVE,10.38,81.3258,81.896
2026-06-01 17:52:20.916,LIVE,10.3809,81.3477,81.8569
2026-06-01 17:52:20.949,LIVE,10.3821,81.3675,81.8197
2026-06-01 17:52:20.980,LIVE,10.3837,81.3853,81.7844
2026-06-01 17:52:21.013,LIVE,10.3846,81.4014,81.7509
2026-06-01 17:52:21.044,LIVE,10.3857,81.4158,81.719
2026-06-01 17:52:21.076,LIVE,10.3869,81.4288,81.6888
2026-06-01 17:52:21.109,LIVE,10.3882,81.4405,81.66
2026-06-01 17:52:21.139,LIVE,10.3894,81.5011,81.6067
2026-06-01 17:52:21.172,LIVE,10.3907,81.5557,81.556
2026-06-01 17:52:21.204,LIVE,10.3922,81.6048,81.5079
2026-06-01 17:52:21.236,LIVE,10.3936,81.649,81.4622
2026-06-01 17:52:21.267,LIVE,10.395,81.6888,81.4187
2026-06-01 17:52:21.300,LIVE,10.3962,81.7246,81.3775
2026-06-01 17:52:21.332,LIVE,10.3974,81.7568,81.3382
2026-06-01 17:52:21.363,LIVE,10.3985,81.7858,81.301
2026-06-01 17:52:21.396,LIVE,10.3993,81.8119,81.2656
2026-06-01 17:52:21.427,LIVE,10.4006,81.8354,81.232
2026-06-01 17:52:21.461,LIVE,10.4018,81.8566,81.2001
2026-06-01 17:52:21.490,LIVE,10.403,81.8756,81.1697
2026-06-01 17:52:21.522,LIVE,10.404,81.8927,81.1409
2026-06-01 17:52:21.555,LIVE,10.405,81.9081,81.1136
2026-06-01 17:52:21.587,LIVE,10.4059,81.922,81.0875
2026-06-01 17:52:21.618,LIVE,10.4069,81.9506,81.0885
2026-06-01 17:52:21.649,LIVE,10.4078,81.9763,81.0894
2026-06-01 17:52:21.681,LIVE,10.4085,81.9994,81.0903
2026-06-01 17:52:21.713,LIVE,10.4091,82.0202,81.0912
2026-06-01 17:52:21.745,LIVE,10.4099,82.039,81.092
2026-06-01 17:52:21.777,LIVE,10.4107,82.0558,81.0927
2026-06-01 17:52:21.809,LIVE,10.4116,82.071,81.0934
2026-06-01 17:52:21.839,LIVE,10.4126,82.0847,81.0941
2026-06-01 17:52:21.870,LIVE,10.4135,82.097,81.0948
2026-06-01 17:52:21.901,LIVE,10.4145,82.108,81.0954
2026-06-01 17:52:21.933,LIVE,10.4155,82.118,81.0959
2026-06-01 17:52:21.964,LIVE,10.4163,82.127,81.0965
2026-06-01 17:52:21.995,LIVE,10.4171,82.135,81.097
2026-06-01 17:52:22.028,LIVE,10.4178,82.1423,81.0975
2026-06-01 17:52:22.059,LIVE,10.4186,82.1488,81.098
2026-06-01 17:52:22.091,LIVE,10.4191,82.1547,81.0985
2026-06-01 17:52:22.123,LIVE,10.42,82.1629,81.1618
2026-06-01 17:52:22.155,LIVE,10.4207,82.1702,81.222
2026-06-01 17:52:22.188,LIVE,10.4215,82.1769,81.2792
2026-06-01 17:52:22.219,LIVE,10.4224,82.1828,81.3335
2026-06-01 17:52:22.256,LIVE,10.4231,82.1882,81.3851
2026-06-01 17:52:22.281,LIVE,10.4248,82.193,81.4341
2026-06-01 17:52:22.313,LIVE,10.4254,82.1973,81.4807
2026-06-01 17:52:22.345,LIVE,10.4262,82.2013,81.5249
2026-06-01 17:52:22.377,LIVE,10.427,82.2048,81.5669
2026-06-01 17:52:22.408,LIVE,10.4279,82.2079,81.6068
2026-06-01 17:52:22.438,LIVE,10.429,82.2108,81.6448
2026-06-01 17:52:22.470,LIVE,10.4302,82.2133,81.6808
2026-06-01 17:52:22.502,LIVE,10.4317,82.2157,81.715
2026-06-01 17:52:22.533,LIVE,10.4331,82.2177,81.7476
2026-06-01 17:52:22.565,LIVE,10.4345,82.2196,81.7785
2026-06-01 17:52:22.596,LIVE,10.4363,82.2213,81.8078
2026-06-01 17:52:22.627,LIVE,10.4378,82.2695,81.8206
2026-06-01 17:52:22.659,LIVE,10.4397,82.3129,81.8328
2026-06-01 17:52:22.691,LIVE,10.4417,82.3519,81.8443
2026-06-01 17:52:22.723,LIVE,10.444,82.3871,81.8553
2026-06-01 17:52:22.754,LIVE,10.4464,82.4187,81.8657
2026-06-01 17:52:22.785,LIVE,10.449,82.4471,81.8756
2026-06-01 17:52:22.816,LIVE,10.4519,82.4728,81.885
2026-06-01 17:52:22.847,LIVE,10.4548,82.4958,81.894
2026-06-01 17:52:22.879,LIVE,10.4579,82.5166,81.9025
2026-06-01 17:52:22.911,LIVE,10.4611,82.5352,81.9105
2026-06-01 17:52:22.942,LIVE,10.4654,82.552,81.9182
2026-06-01 17:52:22.975,LIVE,10.4691,82.5672,81.9255
2026-06-01 17:52:23.006,LIVE,10.4729,82.5808,81.9324
2026-06-01 17:52:23.041,LIVE,10.477,82.593,81.939
2026-06-01 17:52:23.070,LIVE,10.4815,82.6041,81.9452
2026-06-01 17:52:23.101,LIVE,10.4863,82.614,81.9512
2026-06-01 17:52:23.133,LIVE,10.4914,82.6611,81.9677
2026-06-01 17:52:23.165,LIVE,10.4968,82.7036,81.9835
2026-06-01 17:52:23.195,LIVE,10.5026,82.7417,81.9984
2026-06-01 17:52:23.228,LIVE,10.5087,82.7761,82.0126
2026-06-01 17:52:23.260,LIVE,10.5149,82.807,82.0261
2026-06-01 17:52:23.291,LIVE,10.5214,82.8349,82.039
2026-06-01 17:52:23.323,LIVE,10.5281,82.8599,82.0512
2026-06-01 17:52:23.354,LIVE,10.5352,82.8825,82.0627
2026-06-01 17:52:23.386,LIVE,10.5427,82.9028,82.0737
2026-06-01 17:52:23.416,LIVE,10.5504,82.921,82.0842
2026-06-01 17:52:23.448,LIVE,10.5581,82.9375,82.0941
2026-06-01 17:52:23.479,LIVE,10.5669,82.9523,82.1035
2026-06-01 17:52:23.512,LIVE,10.5755,82.9656,82.1125
2026-06-01 17:52:23.542,LIVE,10.5845,82.9776,82.121
2026-06-01 17:52:23.575,LIVE,10.5941,82.9883,82.1291
2026-06-01 17:52:23.606,LIVE,10.6035,82.998,82.1368
2026-06-01 17:52:23.639,LIVE,10.6129,83.0068,82.1706
2026-06-01 17:52:23.671,LIVE,10.6223,83.0146,82.2028
2026-06-01 17:52:23.703,LIVE,10.6322,83.0217,82.2334
2026-06-01 17:52:23.735,LIVE,10.6422,83.0281,82.2625
2026-06-01 17:52:23.766,LIVE,10.6521,83.0338,82.2901
2026-06-01 17:52:23.798,LIVE,10.6623,83.039,82.3163
2026-06-01 17:52:23.833,LIVE,10.6727,83.0436,82.3412
2026-06-01 17:52:23.862,LIVE,10.6837,83.0478,82.3649
2026-06-01 17:52:23.893,LIVE,10.695,83.0516,82.3874
2026-06-01 17:52:23.925,LIVE,10.706,83.0549,82.4087
2026-06-01 17:52:23.956,LIVE,10.7169,83.058,82.429
2026-06-01 17:52:23.988,LIVE,10.728,83.0607,82.4483
2026-06-01 17:52:24.021,LIVE,10.7388,83.0632,82.4666
2026-06-01 17:52:24.054,LIVE,10.75,83.0654,82.484
2026-06-01 17:52:24.086,LIVE,10.7613,83.0674,82.5005
2026-06-01 17:52:24.116,LIVE,10.7724,83.0692,82.5162
2026-06-01 17:52:24.148,LIVE,10.7837,83.0593,82.5678
2026-06-01 17:52:24.179,LIVE,10.7949,83.0504,82.6169
2026-06-01 17:52:24.210,LIVE,10.806,83.0423,82.6635
2026-06-01 17:52:24.243,LIVE,10.8171,83.0351,82.7077
2026-06-01 17:52:24.275,LIVE,10.8279,83.0286,82.7498
2026-06-01 17:52:24.306,LIVE,10.8388,83.0227,82.7897
2026-06-01 17:52:24.340,LIVE,10.8497,83.0174,82.8277
2026-06-01 17:52:24.370,LIVE,10.8614,83.0127,82.8637
2026-06-01 17:52:24.400,LIVE,10.872,83.0084,82.898
2026-06-01 17:52:24.432,LIVE,10.8824,83.0046,82.9305
2026-06-01 17:52:24.462,LIVE,10.8928,83.0011,82.9614
2026-06-01 17:52:24.494,LIVE,10.9034,82.998,82.9908
2026-06-01 17:52:24.526,LIVE,10.9137,82.9952,83.0186
2026-06-01 17:52:24.559,LIVE,10.9243,82.9927,83.0451
2026-06-01 17:52:24.590,LIVE,10.9346,82.9904,83.0703
2026-06-01 17:52:24.625,LIVE,10.9449,82.9706,83.093
2026-06-01 17:52:24.654,LIVE,10.9549,82.9527,83.1145
2026-06-01 17:52:24.685,LIVE,10.9644,82.9366,83.135
2026-06-01 17:52:24.716,LIVE,10.9738,82.9221,83.1544
2026-06-01 17:52:24.749,LIVE,10.9832,82.9091,83.1729
2026-06-01 17:52:24.780,LIVE,10.9926,82.8974,83.1904
2026-06-01 17:52:24.812,LIVE,11.0016,82.8868,83.2071
2026-06-01 17:52:24.843,LIVE,11.0104,82.8774,83.2229
2026-06-01 17:52:24.874,LIVE,11.0192,82.8688,83.238
2026-06-01 17:52:24.905,LIVE,11.028,82.8611,83.2523
2026-06-01 17:52:24.937,LIVE,11.0364,82.8542,83.2658
2026-06-01 17:52:24.969,LIVE,11.0448,82.848,83.2787
2026-06-01 17:52:24.999,LIVE,11.0528,82.8424,83.291
2026-06-01 17:52:25.031,LIVE,11.0611,82.8373,83.3026
2026-06-01 17:52:25.063,LIVE,11.069,82.8328,83.3137
2026-06-01 17:52:25.095,LIVE,11.0767,82.8287,83.3242
2026-06-01 17:52:25.127,LIVE,11.0843,82.825,83.3599
2026-06-01 17:52:25.158,LIVE,11.0915,82.8217,83.3939
2026-06-01 17:52:25.188,LIVE,11.0987,82.8187,83.4262
2026-06-01 17:52:25.221,LIVE,11.1059,82.816,83.4568
2026-06-01 17:52:25.252,LIVE,11.1131,82.8136,83.486
2026-06-01 17:52:25.284,LIVE,11.1203,82.8114,83.5136
2026-06-01 17:52:25.315,LIVE,11.1273,82.8095,83.5399
2026-06-01 17:52:25.348,LIVE,11.134,82.8077,83.5649
2026-06-01 17:52:25.380,LIVE,11.1407,82.8062,83.5886
2026-06-01 17:52:25.416,LIVE,11.1475,82.8047,83.6112
2026-06-01 17:52:25.443,LIVE,11.154,82.8034,83.6326
2026-06-01 17:52:25.475,LIVE,11.1604,82.8023,83.6529
2026-06-01 17:52:25.506,LIVE,11.1669,82.8013,83.6722
2026-06-01 17:52:25.538,LIVE,11.1732,82.8003,83.6906
2026-06-01 17:52:25.569,LIVE,11.1791,82.7995,83.708
2026-06-01 17:52:25.601,LIVE,11.185,82.7987,83.7246
2026-06-01 17:52:25.633,LIVE,11.1907,82.7781,83.7163
2026-06-01 17:52:25.665,LIVE,11.1966,82.7595,83.7084
2026-06-01 17:52:25.697,LIVE,11.2024,82.7428,83.701
2026-06-01 17:52:25.727,LIVE,11.208,82.7277,83.6939
2026-06-01 17:52:25.758,LIVE,11.2145,82.7142,83.6871
2026-06-01 17:52:25.790,LIVE,11.2196,82.702,83.6807
2026-06-01 17:52:25.820,LIVE,11.2247,82.691,83.6746
2026-06-01 17:52:25.854,LIVE,11.2297,82.6811,83.6689
2026-06-01 17:52:25.885,LIVE,11.2347,82.6722,83.6634
2026-06-01 17:52:25.915,LIVE,11.2396,82.6642,83.6582
2026-06-01 17:52:25.947,LIVE,11.2445,82.657,83.6532
2026-06-01 17:52:25.979,LIVE,11.2495,82.6506,83.6485
2026-06-01 17:52:26.010,LIVE,11.2543,82.6447,83.644
2026-06-01 17:52:26.041,LIVE,11.2585,82.6395,83.6398
2026-06-01 17:52:26.073,LIVE,11.2629,82.6348,83.6357
2026-06-01 17:52:26.105,LIVE,11.2673,82.6305,83.6319
2026-06-01 17:52:26.137,LIVE,11.2717,82.6036,83.6117
2026-06-01 17:52:26.170,LIVE,11.2758,82.5794,83.5926
2026-06-01 17:52:26.204,LIVE,11.2797,82.5577,83.5744
2026-06-01 17:52:26.232,LIVE,11.2835,82.5381,83.5571
2026-06-01 17:52:26.263,LIVE,11.2873,82.5205,83.5407
2026-06-01 17:52:26.295,LIVE,11.291,82.5046,83.525
2026-06-01 17:52:26.325,LIVE,11.2945,82.4903,83.5102
2026-06-01 17:52:26.358,LIVE,11.2979,82.4774,83.4961
2026-06-01 17:52:26.389,LIVE,11.3013,82.4659,83.4828
2026-06-01 17:52:26.421,LIVE,11.3045,82.4555,83.47
2026-06-01 17:52:26.453,LIVE,11.3076,82.4461,83.458
2026-06-01 17:52:26.485,LIVE,11.3118,82.4377,83.4465
2026-06-01 17:52:26.517,LIVE,11.3145,82.4301,83.4356
2026-06-01 17:52:26.547,LIVE,11.3173,82.4232,83.4252
2026-06-01 17:52:26.579,LIVE,11.32,82.4171,83.4154
2026-06-01 17:52:26.610,LIVE,11.3228,82.4116,83.4061
2026-06-01 17:52:26.642,LIVE,11.3256,82.3938,83.3518
2026-06-01 17:52:26.673,LIVE,11.3283,82.3778,83.3003
2026-06-01 17:52:26.705,LIVE,11.3311,82.3634,83.2513
2026-06-01 17:52:26.736,LIVE,11.3341,82.3504,83.2048
2026-06-01 17:52:26.768,LIVE,11.3368,82.3388,83.1606
2026-06-01 17:52:26.799,LIVE,11.3393,82.3283,83.1186
2026-06-01 17:52:26.831,LIVE,11.3416,82.3188,83.0787
2026-06-01 17:52:26.863,LIVE,11.344,82.3103,83.0408
2026-06-01 17:52:26.895,LIVE,11.3464,82.3027,83.0048
2026-06-01 17:52:26.926,LIVE,11.3484,82.2958,82.9707
2026-06-01 17:52:26.958,LIVE,11.3505,82.2896,82.9382
2026-06-01 17:52:26.992,LIVE,11.3524,82.284,82.9073
2026-06-01 17:52:27.020,LIVE,11.3541,82.279,82.878
2026-06-01 17:52:27.052,LIVE,11.356,82.2745,82.8501
2026-06-01 17:52:27.084,LIVE,11.3577,82.2704,82.8237
2026-06-01 17:52:27.116,LIVE,11.3591,82.2667,82.7985
2026-06-01 17:52:27.147,LIVE,11.3606,82.2595,82.7489
2026-06-01 17:52:27.180,LIVE,11.362,82.2531,82.7017
2026-06-01 17:52:27.211,LIVE,11.3636,82.2472,82.6568
2026-06-01 17:52:27.242,LIVE,11.365,82.242,82.6142
2026-06-01 17:52:27.274,LIVE,11.3657,82.2373,82.5737
2026-06-01 17:52:27.305,LIVE,11.3666,82.233,82.5353
2026-06-01 17:52:27.336,LIVE,11.3675,82.2292,82.4988
2026-06-01 17:52:27.369,LIVE,11.3684,82.2257,82.4641
2026-06-01 17:52:27.401,LIVE,11.3693,82.2226,82.4311
2026-06-01 17:52:27.432,LIVE,11.3702,82.2199,82.3998
2026-06-01 17:52:27.464,LIVE,11.371,82.2173,82.37
2026-06-01 17:52:27.494,LIVE,11.3718,82.2151,82.3418
2026-06-01 17:52:27.527,LIVE,11.3724,82.213,82.3149
2026-06-01 17:52:27.558,LIVE,11.3726,82.2112,82.2894
2026-06-01 17:52:27.590,LIVE,11.3728,82.2096,82.2652
2026-06-01 17:52:27.622,LIVE,11.3729,82.2163,82.2215
2026-06-01 17:52:27.653,LIVE,11.373,82.2223,82.18
2026-06-01 17:52:27.684,LIVE,11.3731,82.2278,82.1406
2026-06-01 17:52:27.716,LIVE,11.3731,82.2326,82.1032
2026-06-01 17:52:27.747,LIVE,11.3728,82.237,82.0676
2026-06-01 17:52:27.781,LIVE,11.3726,82.241,82.0339
2026-06-01 17:52:27.810,LIVE,11.3723,82.2446,82.0018
2026-06-01 17:52:27.842,LIVE,11.3719,82.2478,81.9713
2026-06-01 17:52:27.875,LIVE,11.3712,82.2507,81.9423
2026-06-01 17:52:27.906,LIVE,11.371,82.2533,81.9148
2026-06-01 17:52:27.937,LIVE,11.3705,82.2556,81.8886
2026-06-01 17:52:27.969,LIVE,11.3694,82.2577,81.8638
2026-06-01 17:52:28.000,LIVE,11.3686,82.2596,81.8402
2026-06-01 17:52:28.032,LIVE,11.3673,82.2613,81.8178
2026-06-01 17:52:28.064,LIVE,11.3662,82.2628,81.7965
2026-06-01 17:52:28.095,LIVE,11.365,82.2642,81.7763
2026-06-01 17:52:28.126,LIVE,11.364,82.2696,81.757
2026-06-01 17:52:28.158,LIVE,11.3633,82.2744,81.7388
2026-06-01 17:52:28.189,LIVE,11.3619,82.2787,81.7214
2026-06-01 17:52:28.220,LIVE,11.3608,82.2826,81.705
2026-06-01 17:52:28.252,LIVE,11.3597,82.2862,81.6893
2026-06-01 17:52:28.284,LIVE,11.3582,82.2893,81.6744
2026-06-01 17:52:28.316,LIVE,11.3567,82.2922,81.6603
2026-06-01 17:52:28.351,LIVE,11.3552,82.2947,81.6469
2026-06-01 17:52:28.379,LIVE,11.3536,82.297,81.6341
2026-06-01 17:52:28.411,LIVE,11.3519,82.2991,81.622
2026-06-01 17:52:28.442,LIVE,11.3503,82.301,81.6105
2026-06-01 17:52:28.474,LIVE,11.3484,82.3027,81.5996
2026-06-01 17:52:28.505,LIVE,11.3467,82.3042,81.5892
2026-06-01 17:52:28.537,LIVE,11.3452,82.3055,81.5793
2026-06-01 17:52:28.572,LIVE,11.3432,82.3068,81.57
2026-06-01 17:52:28.601,LIVE,11.341,82.3079,81.5611
2026-06-01 17:52:28.632,LIVE,11.3393,82.3053,81.5626
2026-06-01 17:52:28.665,LIVE,11.3382,82.303,81.5642
2026-06-01 17:52:28.696,LIVE,11.3361,82.3009,81.5656
2026-06-01 17:52:28.728,LIVE,11.3346,82.299,81.5669
2026-06-01 17:52:28.758,LIVE,11.3327,82.2973,81.5682
2026-06-01 17:52:28.791,LIVE,11.3309,82.2958,81.5695
2026-06-01 17:52:28.822,LIVE,11.3292,82.2944,81.5706
2026-06-01 17:52:28.855,LIVE,11.3276,82.2932,81.5717
2026-06-01 17:52:28.887,LIVE,11.326,82.2921,81.5728
2026-06-01 17:52:28.917,LIVE,11.3241,82.2911,81.5738
2026-06-01 17:52:28.947,LIVE,11.3221,82.2902,81.5747
2026-06-01 17:52:28.980,LIVE,11.3201,82.2894,81.5756
2026-06-01 17:52:29.011,LIVE,11.318,82.2886,81.5765
2026-06-01 17:52:29.043,LIVE,11.3161,82.288,81.5773
2026-06-01 17:52:29.073,LIVE,11.3137,82.2874,81.5781
2026-06-01 17:52:29.106,LIVE,11.3116,82.2869,81.5788
2026-06-01 17:52:29.138,LIVE,11.3091,82.2898,81.5889
2026-06-01 17:52:29.169,LIVE,11.3068,82.2924,81.5985
2026-06-01 17:52:29.202,LIVE,11.3047,82.2947,81.6076
2026-06-01 17:52:29.234,LIVE,11.3025,82.2968,81.6163
2026-06-01 17:52:29.265,LIVE,11.3003,82.2987,81.6245
2026-06-01 17:52:29.298,LIVE,11.2978,82.3004,81.6323
2026-06-01 17:52:29.329,LIVE,11.2962,82.302,81.6397
2026-06-01 17:52:29.365,LIVE,11.294,82.3034,81.6468
2026-06-01 17:52:29.393,LIVE,11.2914,82.3046,81.6535
2026-06-01 17:52:29.424,LIVE,11.289,82.3057,81.6599
2026-06-01 17:52:29.455,LIVE,11.2865,82.3067,81.6659
2026-06-01 17:52:29.487,LIVE,11.2838,82.3076,81.6717
2026-06-01 17:52:29.519,LIVE,11.2816,82.3085,81.6771
2026-06-01 17:52:29.552,LIVE,11.2796,82.3092,81.6823
2026-06-01 17:52:29.582,LIVE,11.2778,82.3099,81.6872
2026-06-01 17:52:29.614,LIVE,11.2759,82.3105,81.6919
2026-06-01 17:52:29.646,LIVE,11.2732,82.3022,81.6704
2026-06-01 17:52:29.678,LIVE,11.2707,82.2949,81.6499
2026-06-01 17:52:29.710,LIVE,11.2683,82.2882,81.6305
2026-06-01 17:52:29.742,LIVE,11.2658,82.2822,81.6121
2026-06-01 17:52:29.773,LIVE,11.2633,82.2769,81.5946
2026-06-01 17:52:29.806,LIVE,11.2608,82.272,81.5779
2026-06-01 17:52:29.838,LIVE,11.2584,82.2676,81.5621
2026-06-01 17:52:29.869,LIVE,11.2561,82.2637,81.5471
2026-06-01 17:52:29.903,LIVE,11.2538,82.2602,81.5328
2026-06-01 17:52:29.934,LIVE,11.2514,82.257,81.5192
2026-06-01 17:52:29.964,LIVE,11.2492,82.2542,81.5063
2026-06-01 17:52:29.997,LIVE,11.2471,82.2516,81.4941
2026-06-01 17:52:30.029,LIVE,11.2453,82.2493,81.4825
2026-06-01 17:52:30.059,LIVE,11.2433,82.2472,81.4714
2026-06-01 17:52:30.092,LIVE,11.2413,82.2453,81.4609
2026-06-01 17:52:30.124,LIVE,11.2388,82.3204,81.5934
2026-06-01 17:52:30.158,LIVE,11.2368,82.388,81.7192
2026-06-01 17:52:30.186,LIVE,11.2346,82.4488,81.8387
2026-06-01 17:52:30.219,LIVE,11.2329,82.5036,81.9523
2026-06-01 17:52:30.250,LIVE,11.2316,82.5529,82.0601
2026-06-01 17:52:30.282,LIVE,11.23,82.5972,82.1626
2026-06-01 17:52:30.314,LIVE,11.2288,82.6371,82.26
2026-06-01 17:52:30.345,LIVE,11.2276,82.673,82.3525
2026-06-01 17:52:30.376,LIVE,11.2262,82.7054,82.4403
2026-06-01 17:52:30.409,LIVE,11.225,82.7345,82.5238
2026-06-01 17:52:30.441,LIVE,11.2236,82.7606,82.6031
2026-06-01 17:52:30.472,LIVE,11.2225,82.7842,82.6784
2026-06-01 17:52:30.504,LIVE,11.2216,82.8054,82.75
2026-06-01 17:52:30.537,LIVE,11.2209,82.8245,82.818
2026-06-01 17:52:30.568,LIVE,11.2201,82.8417,82.8826
2026-06-01 17:52:30.600,LIVE,11.2196,82.8572,82.9439
2026-06-01 17:52:30.632,LIVE,11.2193,82.963,82.9976
2026-06-01 17:52:30.664,LIVE,11.219,83.0583,83.0486
2026-06-01 17:52:30.696,LIVE,11.2188,83.1441,83.097
2026-06-01 17:52:30.726,LIVE,11.2195,83.2213,83.1431
2026-06-01 17:52:30.758,LIVE,11.2198,83.2907,83.1868
2026-06-01 17:52:30.790,LIVE,11.2199,83.3533,83.2283
2026-06-01 17:52:30.821,LIVE,11.2205,83.4095,83.2678
2026-06-01 17:52:30.852,LIVE,11.2214,83.4602,83.3053
2026-06-01 17:52:30.885,LIVE,11.2225,83.5058,83.3409
2026-06-01 17:52:30.917,LIVE,11.2238,83.5468,83.3747
2026-06-01 17:52:30.950,LIVE,11.2256,83.5837,83.4068
2026-06-01 17:52:30.977,LIVE,11.2273,83.6169,83.4374
2026-06-01 17:52:31.009,LIVE,11.2292,83.6468,83.4664
2026-06-01 17:52:31.041,LIVE,11.2313,83.6737,83.4939
2026-06-01 17:52:31.072,LIVE,11.234,83.698,83.5201
2026-06-01 17:52:31.104,LIVE,11.2366,83.7198,83.545
2026-06-01 17:52:31.136,LIVE,11.2397,83.8656,83.5428
2026-06-01 17:52:31.168,LIVE,11.243,83.9968,83.5407
2026-06-01 17:52:31.200,LIVE,11.2468,84.1149,83.5388
2026-06-01 17:52:31.232,LIVE,11.2508,84.2212,83.5369
2026-06-01 17:52:31.263,LIVE,11.2555,84.3169,83.5351
2026-06-01 17:52:31.294,LIVE,11.2602,84.4029,83.5335
2026-06-01 17:52:31.326,LIVE,11.2653,84.4804,83.5319
2026-06-01 17:52:31.359,LIVE,11.2711,84.5502,83.5303
2026-06-01 17:52:31.390,LIVE,11.278,84.6129,83.5289
2026-06-01 17:52:31.423,LIVE,11.2843,84.6694,83.5275
2026-06-01 17:52:31.454,LIVE,11.291,84.7203,83.5262
2026-06-01 17:52:31.484,LIVE,11.2992,84.766,83.525
2026-06-01 17:52:31.517,LIVE,11.3069,84.8072,83.5238
2026-06-01 17:52:31.549,LIVE,11.3148,84.8443,83.5227
2026-06-01 17:52:31.581,LIVE,11.3234,84.8776,83.5216
2026-06-01 17:52:31.612,LIVE,11.3324,84.9076,83.5206
2026-06-01 17:52:31.644,LIVE,11.3417,85.0175,83.5211
2026-06-01 17:52:31.676,LIVE,11.351,85.1164,83.5216
2026-06-01 17:52:31.708,LIVE,11.3606,85.2054,83.5221
2026-06-01 17:52:31.742,LIVE,11.3709,85.2854,83.5225
2026-06-01 17:52:31.771,LIVE,11.3814,85.3575,83.5229
2026-06-01 17:52:31.803,LIVE,11.3922,85.4224,83.5233
2026-06-01 17:52:31.835,LIVE,11.4032,85.4808,83.5237
2026-06-01 17:52:31.867,LIVE,11.4142,85.5333,83.5241
2026-06-01 17:52:31.899,LIVE,11.4259,85.5806,83.5244
2026-06-01 17:52:31.931,LIVE,11.4375,85.6232,83.5247
2026-06-01 17:52:31.963,LIVE,11.4492,85.6615,83.525
2026-06-01 17:52:31.995,LIVE,11.4613,85.6959,83.5253
2026-06-01 17:52:32.026,LIVE,11.4736,85.727,83.5256
2026-06-01 17:52:32.058,LIVE,11.4876,85.7549,83.5259
2026-06-01 17:52:32.090,LIVE,11.5006,85.78,83.5261
2026-06-01 17:52:32.121,LIVE,11.5133,85.8026,83.5523
2026-06-01 17:52:32.153,LIVE,11.5265,85.823,83.5772
2026-06-01 17:52:32.184,LIVE,11.5401,85.8413,83.6009
2026-06-01 17:52:32.217,LIVE,11.554,85.8578,83.6233
2026-06-01 17:52:32.249,LIVE,11.568,85.8726,83.6447
2026-06-01 17:52:32.280,LIVE,11.582,85.886,83.665
2026-06-01 17:52:32.312,LIVE,11.5962,85.898,83.6842
2026-06-01 17:52:32.344,LIVE,11.6101,85.9088,83.7025
2026-06-01 17:52:32.376,LIVE,11.6242,85.9186,83.7199
2026-06-01 17:52:32.407,LIVE,11.6377,85.9273,83.7365
2026-06-01 17:52:32.439,LIVE,11.6517,85.9352,83.7521
2026-06-01 17:52:32.471,LIVE,11.6658,85.9423,83.7671
2026-06-01 17:52:32.503,LIVE,11.6797,85.9487,83.7812
2026-06-01 17:52:32.536,LIVE,11.6935,85.9545,83.7947
2026-06-01 17:52:32.565,LIVE,11.7072,85.9596,83.8075
2026-06-01 17:52:32.596,LIVE,11.7208,85.9643,83.8196
2026-06-01 17:52:32.628,LIVE,11.7338,86.005,83.8583
2026-06-01 17:52:32.659,LIVE,11.7469,86.0417,83.8951
2026-06-01 17:52:32.690,LIVE,11.7603,86.0746,83.9301
2026-06-01 17:52:32.723,LIVE,11.7734,86.1043,83.9632
2026-06-01 17:52:32.755,LIVE,11.7861,86.131,83.9948
2026-06-01 17:52:32.784,LIVE,11.7989,86.1551,84.0248
2026-06-01 17:52:32.817,LIVE,11.8113,86.1767,84.0532
2026-06-01 17:52:32.849,LIVE,11.8238,86.1962,84.0803
2026-06-01 17:52:32.880,LIVE,11.8362,86.2137,84.1059
2026-06-01 17:52:32.912,LIVE,11.8485,86.2295,84.1303
2026-06-01 17:52:32.946,LIVE,11.8607,86.2437,84.1535
2026-06-01 17:52:32.975,LIVE,11.8724,86.2565,84.1756
2026-06-01 17:52:33.007,LIVE,11.8843,86.268,84.1965
2026-06-01 17:52:33.040,LIVE,11.8958,86.2783,84.2164
2026-06-01 17:52:33.071,LIVE,11.907,86.2877,84.2352
2026-06-01 17:52:33.104,LIVE,11.9183,86.296,84.2532
2026-06-01 17:52:33.135,LIVE,11.9292,86.3365,84.2575
2026-06-01 17:52:33.167,LIVE,11.9399,86.3729,84.2617
2026-06-01 17:52:33.198,LIVE,11.9506,86.4056,84.2656
2026-06-01 17:52:33.227,LIVE,11.961,86.4351,84.2693
2026-06-01 17:52:33.258,LIVE,11.9711,86.4617,84.2728
2026-06-01 17:52:33.290,LIVE,11.9812,86.4855,84.2762
2026-06-01 17:52:33.325,LIVE,11.991,86.507,84.2794
2026-06-01 17:52:33.355,LIVE,12.0018,86.5264,84.2824
2026-06-01 17:52:33.387,LIVE,12.0106,86.5438,84.2853
2026-06-01 17:52:33.418,LIVE,12.0195,86.5595,84.2881
2026-06-01 17:52:33.450,LIVE,12.0283,86.5736,84.2907
2026-06-01 17:52:33.482,LIVE,12.0367,86.5863,84.2931
2026-06-01 17:52:33.513,LIVE,12.0452,86.5977,84.2955
2026-06-01 17:52:33.546,LIVE,12.0535,86.608,84.2977
2026-06-01 17:52:33.576,LIVE,12.0617,86.6172,84.2998
2026-06-01 17:52:33.608,LIVE,12.0694,86.6255,84.3018
2026-06-01 17:52:33.640,LIVE,12.077,86.6538,84.2329
2026-06-01 17:52:33.672,LIVE,12.0844,86.6792,84.1674
2026-06-01 17:52:33.705,LIVE,12.0917,86.702,84.1052
2026-06-01 17:52:33.737,LIVE,12.0985,86.7226,84.0461
2026-06-01 17:52:33.767,LIVE,12.1051,86.7412,83.9899
2026-06-01 17:52:33.800,LIVE,12.1117,86.7578,83.9366
2026-06-01 17:52:33.831,LIVE,12.1179,86.7728,83.8859
2026-06-01 17:52:33.862,LIVE,12.1241,86.7863,83.8377
2026-06-01 17:52:33.894,LIVE,12.1292,86.7985,83.792
2026-06-01 17:52:33.927,LIVE,12.1347,86.8094,83.7485
2026-06-01 17:52:33.959,LIVE,12.1402,86.8193,83.7073
2026-06-01 17:52:33.991,LIVE,12.1463,86.8281,83.668
2026-06-01 17:52:34.022,LIVE,12.151,86.8361,83.6308
2026-06-01 17:52:34.053,LIVE,12.1557,86.8433,83.5954
2026-06-01 17:52:34.084,LIVE,12.1602,86.8497,83.5618
2026-06-01 17:52:34.119,LIVE,12.1646,86.8555,83.5298
2026-06-01 17:52:34.147,LIVE,12.169,86.8757,83.4995
2026-06-01 17:52:34.179,LIVE,12.173,86.8938,83.4707
2026-06-01 17:52:34.211,LIVE,12.177,86.9101,83.4433
2026-06-01 17:52:34.242,LIVE,12.1808,86.9248,83.4172
2026-06-01 17:52:34.275,LIVE,12.1844,86.938,83.3925
2026-06-01 17:52:34.306,LIVE,12.1879,86.9499,83.3691
2026-06-01 17:52:34.338,LIVE,12.1911,86.9606,83.3467
2026-06-01 17:52:34.368,LIVE,12.1935,86.9702,83.3256
2026-06-01 17:52:34.401,LIVE,12.1965,86.9789,83.3054
2026-06-01 17:52:34.433,LIVE,12.1993,86.9867,83.2863
2026-06-01 17:52:34.465,LIVE,12.202,86.9937,83.2681
2026-06-01 17:52:34.496,LIVE,12.2046,87.0,83.2509
2026-06-01 17:52:34.527,LIVE,12.2071,87.0057,83.2345
2026-06-01 17:52:34.557,LIVE,12.2093,87.0108,83.2189
2026-06-01 17:52:34.589,LIVE,12.2114,87.0154,83.2041
2026-06-01 17:52:34.622,LIVE,12.2145,87.046,83.1909
2026-06-01 17:52:34.654,LIVE,12.2162,87.0736,83.1783
2026-06-01 17:52:34.684,LIVE,12.218,87.0984,83.1664
2026-06-01 17:52:34.716,LIVE,12.2196,87.1207,83.1551
2026-06-01 17:52:34.748,LIVE,12.221,87.1408,83.1443
2026-06-01 17:52:34.778,LIVE,12.2226,87.1588,83.1341
2026-06-01 17:52:34.810,LIVE,12.224,87.1751,83.1244
2026-06-01 17:52:34.842,LIVE,12.2253,87.1897,83.1152
2026-06-01 17:52:34.873,LIVE,12.2264,87.2029,83.1064
2026-06-01 17:52:34.909,LIVE,12.2274,87.2148,83.0981
2026-06-01 17:52:34.936,LIVE,12.2282,87.2254,83.0902
2026-06-01 17:52:34.969,LIVE,12.2291,87.235,83.0827
2026-06-01 17:52:35.000,LIVE,12.2297,87.2437,83.0755
2026-06-01 17:52:35.032,LIVE,12.2301,87.2515,83.0687
2026-06-01 17:52:35.064,LIVE,12.2302,87.2585,83.0623
2026-06-01 17:52:35.095,LIVE,12.2302,87.2648,83.0562
2026-06-01 17:52:35.127,LIVE,12.2305,87.2765,83.0268
2026-06-01 17:52:35.159,LIVE,12.2308,87.2871,82.999
2026-06-01 17:52:35.190,LIVE,12.231,87.2965,82.9725
2026-06-01 17:52:35.222,LIVE,12.2307,87.3051,82.9473
2026-06-01 17:52:35.254,LIVE,12.2303,87.3128,82.9234
2026-06-01 17:52:35.285,LIVE,12.2306,87.3197,82.9007
2026-06-01 17:52:35.318,LIVE,12.23,87.3259,82.8792
2026-06-01 17:52:35.349,LIVE,12.2292,87.3316,82.8587
2026-06-01 17:52:35.382,LIVE,12.228,87.3366,82.8392
2026-06-01 17:52:35.415,LIVE,12.2272,87.3411,82.8207
2026-06-01 17:52:35.445,LIVE,12.2263,87.3452,82.8032
2026-06-01 17:52:35.476,LIVE,12.2255,87.3489,82.7865
2026-06-01 17:52:35.507,LIVE,12.2246,87.3522,82.7706
2026-06-01 17:52:35.540,LIVE,12.2237,87.3552,82.7556
2026-06-01 17:52:35.571,LIVE,12.2229,87.3579,82.7413
2026-06-01 17:52:35.602,LIVE,12.2218,87.3603,82.7277
2026-06-01 17:52:35.634,LIVE,12.2206,87.3808,82.685
2026-06-01 17:52:35.666,LIVE,12.2194,87.3993,82.6445
2026-06-01 17:52:35.699,LIVE,12.2181,87.4159,82.606
2026-06-01 17:52:35.727,LIVE,12.2165,87.4309,82.5694
2026-06-01 17:52:35.759,LIVE,12.2142,87.4443,82.5347
2026-06-01 17:52:35.791,LIVE,12.2127,87.4565,82.5017
2026-06-01 17:52:35.824,LIVE,12.2108,87.4674,82.4703
2026-06-01 17:52:35.854,LIVE,12.2088,87.4772,82.4405
2026-06-01 17:52:35.885,LIVE,12.2068,87.486,82.4122
2026-06-01 17:52:35.917,LIVE,12.2047,87.494,82.3853
2026-06-01 17:52:35.950,LIVE,12.2023,87.5011,82.3598
2026-06-01 17:52:35.983,LIVE,12.2007,87.5076,82.3355
2026-06-01 17:52:36.012,LIVE,12.1982,87.5134,82.3125
2026-06-01 17:52:36.044,LIVE,12.1957,87.5186,82.2906
2026-06-01 17:52:36.077,LIVE,12.1931,87.5233,82.2698
2026-06-01 17:52:36.107,LIVE,12.1904,87.5275,82.25
2026-06-01 17:52:36.139,LIVE,12.1878,87.5533,82.2381
2026-06-01 17:52:36.170,LIVE,12.1853,87.5764,82.2268
2026-06-01 17:52:36.202,LIVE,12.1828,87.5973,82.2161
2026-06-01 17:52:36.234,LIVE,12.1802,87.6161,82.2059
2026-06-01 17:52:36.267,LIVE,12.177,87.6329,82.1962
2026-06-01 17:52:36.299,LIVE,12.1736,87.6482,82.187
2026-06-01 17:52:36.331,LIVE,12.1708,87.6618,82.1782
2026-06-01 17:52:36.362,LIVE,12.168,87.6742,82.1699
2026-06-01 17:52:36.395,LIVE,12.165,87.6852,82.162
2026-06-01 17:52:36.427,LIVE,12.1621,87.6952,82.1545
2026-06-01 17:52:36.458,LIVE,12.1589,87.7042,82.1474
2026-06-01 17:52:36.492,LIVE,12.1558,87.7123,82.1406
2026-06-01 17:52:36.521,LIVE,12.1525,87.7195,82.1342
2026-06-01 17:52:36.554,LIVE,12.1491,87.7261,82.1281
2026-06-01 17:52:36.585,LIVE,12.1459,87.732,82.1223
2026-06-01 17:52:36.617,LIVE,12.1421,87.726,82.0944
2026-06-01 17:52:36.649,LIVE,12.1385,87.7206,82.0678
2026-06-01 17:52:36.681,LIVE,12.1351,87.7157,82.0426
2026-06-01 17:52:36.713,LIVE,12.1326,87.7113,82.0186
2026-06-01 17:52:36.744,LIVE,12.1289,87.7074,81.9959
2026-06-01 17:52:36.777,LIVE,12.1252,87.7038,81.9743
2026-06-01 17:52:36.807,LIVE,12.1214,87.7006,81.9537
2026-06-01 17:52:36.839,LIVE,12.1177,87.6977,81.9342
2026-06-01 17:52:36.870,LIVE,12.1143,87.6952,81.9157
2026-06-01 17:52:36.903,LIVE,12.1107,87.6928,81.8981
2026-06-01 17:52:36.934,LIVE,12.1074,87.6907,81.8814
2026-06-01 17:52:36.965,LIVE,12.104,87.6888,81.8655
2026-06-01 17:52:36.999,LIVE,12.1,87.6872,81.8504
2026-06-01 17:52:37.030,LIVE,12.0964,87.6856,81.836
2026-06-01 17:52:37.061,LIVE,12.0927,87.6842,81.8224
2026-06-01 17:52:37.093,LIVE,12.0892,87.683,81.8095
2026-06-01 17:52:37.123,LIVE,12.0857,87.6587,81.7044
2026-06-01 17:52:37.155,LIVE,12.0825,87.6368,81.6045
2026-06-01 17:52:37.186,LIVE,12.0786,87.6171,81.5096
2026-06-01 17:52:37.217,LIVE,12.0746,87.5994,81.4195
2026-06-01 17:52:37.249,LIVE,12.0711,87.5834,81.3339
2026-06-01 17:52:37.286,LIVE,12.0676,87.5691,81.2526
2026-06-01 17:52:37.313,LIVE,12.0641,87.5562,81.1753
2026-06-01 17:52:37.344,LIVE,12.0606,87.5445,81.1019
2026-06-01 17:52:37.376,LIVE,12.057,87.5341,81.0322
2026-06-01 17:52:37.409,LIVE,12.0533,87.5247,80.9659
2026-06-01 17:52:37.441,LIVE,12.05,87.5162,80.903
2026-06-01 17:52:37.471,LIVE,12.0465,87.5085,80.8432
2026-06-01 17:52:37.502,LIVE,12.0428,87.5017,80.7864
2026-06-01 17:52:37.533,LIVE,12.0387,87.4955,80.7325
2026-06-01 17:52:37.566,LIVE,12.0351,87.4899,80.6812
2026-06-01 17:52:37.598,LIVE,12.0315,87.4849,80.6325
2026-06-01 17:52:37.630,LIVE,12.0279,87.5552,80.5317
2026-06-01 17:52:37.661,LIVE,12.0245,87.6184,80.436
2026-06-01 17:52:37.693,LIVE,12.0212,87.6753,80.345
2026-06-01 17:52:37.723,LIVE,12.0172,87.7265,80.2586
2026-06-01 17:52:37.755,LIVE,12.0137,87.7726,80.1765
2026-06-01 17:52:37.787,LIVE,12.0102,87.8141,80.0985
2026-06-01 17:52:37.819,LIVE,12.0064,87.8514,80.0245
2026-06-01 17:52:37.850,LIVE,12.0028,87.885,79.9541
2026-06-01 17:52:37.882,LIVE,11.9989,87.9153,79.8872
2026-06-01 17:52:37.915,LIVE,11.9954,87.9425,79.8237
2026-06-01 17:52:37.947,LIVE,11.9918,87.967,79.7634
2026-06-01 17:52:37.977,LIVE,11.9881,87.989,79.706
2026-06-01 17:52:38.009,LIVE,11.9842,88.0088,79.6516
2026-06-01 17:52:38.040,LIVE,11.9808,88.0267,79.5998
2026-06-01 17:52:38.075,LIVE,11.977,88.0428,79.5507
2026-06-01 17:52:38.103,LIVE,11.9735,88.0572,79.504
2026-06-01 17:52:38.135,LIVE,11.9698,88.0571,79.4365
2026-06-01 17:52:38.165,LIVE,11.9664,88.0571,79.3723
2026-06-01 17:52:38.197,LIVE,11.9628,88.057,79.3113
2026-06-01 17:52:38.229,LIVE,11.9593,88.0569,79.2534
2026-06-01 17:52:38.260,LIVE,11.9557,88.0569,79.1984
2026-06-01 17:52:38.293,LIVE,11.9521,88.0568,79.1461
2026-06-01 17:52:38.323,LIVE,11.9485,88.0568,79.0964
2026-06-01 17:52:38.355,LIVE,11.9448,88.0567,79.0493
2026-06-01 17:52:38.387,LIVE,11.9413,88.0567,79.0044
2026-06-01 17:52:38.419,LIVE,11.9382,88.0566,78.9619
2026-06-01 17:52:38.451,LIVE,11.9346,88.0566,78.9214
2026-06-01 17:52:38.481,LIVE,11.9312,88.0566,78.883
2026-06-01 17:52:38.514,LIVE,11.9275,88.0565,78.8465
2026-06-01 17:52:38.546,LIVE,11.9239,88.0565,78.8118
2026-06-01 17:52:38.577,LIVE,11.9202,88.0565,78.7789
2026-06-01 17:52:38.610,LIVE,11.9165,88.0565,78.7476
2026-06-01 17:52:38.642,LIVE,11.913,88.1172,78.6979
2026-06-01 17:52:38.672,LIVE,11.9093,88.1719,78.6508
2026-06-01 17:52:38.705,LIVE,11.9057,88.2211,78.606
2026-06-01 17:52:38.736,LIVE,11.9016,88.2653,78.5634
2026-06-01 17:52:38.769,LIVE,11.8982,88.3052,78.523
2026-06-01 17:52:38.801,LIVE,11.8948,88.341,78.4846
2026-06-01 17:52:38.833,LIVE,11.8913,88.3733,78.4481
2026-06-01 17:52:38.867,LIVE,11.8877,88.4024,78.4135
2026-06-01 17:52:38.896,LIVE,11.8848,88.4285,78.3806
2026-06-01 17:52:38.928,LIVE,11.8815,88.452,78.3493
2026-06-01 17:52:38.959,LIVE,11.8777,88.4732,78.3196
2026-06-01 17:52:38.992,LIVE,11.8742,88.4923,78.2913
2026-06-01 17:52:39.023,LIVE,11.8702,88.5094,78.2645
2026-06-01 17:52:39.055,LIVE,11.8669,88.5248,78.239
2026-06-01 17:52:39.085,LIVE,11.8637,88.5387,78.2148
2026-06-01 17:52:39.116,LIVE,11.8607,88.5512,78.1981
2026-06-01 17:52:39.149,LIVE,11.8575,88.5625,78.1822
2026-06-01 17:52:39.181,LIVE,11.8541,88.5726,78.1671
2026-06-01 17:52:39.213,LIVE,11.851,88.5817,78.1527
2026-06-01 17:52:39.244,LIVE,11.8477,88.5899,78.1391
2026-06-01 17:52:39.275,LIVE,11.8441,88.5973,78.1262
2026-06-01 17:52:39.308,LIVE,11.841,88.604,78.1138
2026-06-01 17:52:39.339,LIVE,11.8378,88.6099,78.1022
2026-06-01 17:52:39.370,LIVE,11.8347,88.6153,78.091
2026-06-01 17:52:39.401,LIVE,11.8316,88.6202,78.0805
2026-06-01 17:52:39.432,LIVE,11.8284,88.6245,78.0705
2026-06-01 17:52:39.465,LIVE,11.8252,88.6285,78.061
2026-06-01 17:52:39.496,LIVE,11.8221,88.632,78.0519
2026-06-01 17:52:39.527,LIVE,11.8191,88.6352,78.0433
2026-06-01 17:52:39.558,LIVE,11.8162,88.638,78.0351
2026-06-01 17:52:39.590,LIVE,11.8133,88.6406,78.0274
2026-06-01 17:52:39.622,LIVE,11.8103,88.6451,77.999
2026-06-01 17:52:39.656,LIVE,11.8079,88.6492,77.9721
2026-06-01 17:52:39.684,LIVE,11.8052,88.6529,77.9465
2026-06-01 17:52:39.715,LIVE,11.8022,88.6562,77.9222
2026-06-01 17:52:39.747,LIVE,11.7994,88.6592,77.8991
2026-06-01 17:52:39.780,LIVE,11.7961,88.6619,77.8772
2026-06-01 17:52:39.811,LIVE,11.7935,88.6643,77.8563
2026-06-01 17:52:39.841,LIVE,11.7904,88.6665,77.8365
2026-06-01 17:52:39.872,LIVE,11.7881,88.6684,77.8177
2026-06-01 17:52:39.904,LIVE,11.7854,88.6702,77.7998
2026-06-01 17:52:39.936,LIVE,11.7831,88.6718,77.7829
2026-06-01 17:52:39.968,LIVE,11.7806,88.6732,77.7667
2026-06-01 17:52:40.000,LIVE,11.778,88.6745,77.7514
2026-06-01 17:52:40.032,LIVE,11.7754,88.6756,77.7369
2026-06-01 17:52:40.063,LIVE,11.7727,88.6767,77.723
2026-06-01 17:52:40.095,LIVE,11.7701,88.6776,77.7099
2026-06-01 17:52:40.127,LIVE,11.7676,88.6544,77.6808
2026-06-01 17:52:40.159,LIVE,11.7652,88.6335,77.6532
2026-06-01 17:52:40.190,LIVE,11.7629,88.6146,77.6269
2026-06-01 17:52:40.222,LIVE,11.7605,88.5977,77.602
2026-06-01 17:52:40.254,LIVE,11.7576,88.5825,77.5783
2026-06-01 17:52:40.285,LIVE,11.7553,88.5688,77.5557
2026-06-01 17:52:40.317,LIVE,11.7531,88.5564,77.5344
2026-06-01 17:52:40.349,LIVE,11.7503,88.5453,77.514
2026-06-01 17:52:40.381,LIVE,11.7478,88.5353,77.4947
2026-06-01 17:52:40.414,LIVE,11.7457,88.5263,77.4764
2026-06-01 17:52:40.447,LIVE,11.7442,88.5182,77.459
2026-06-01 17:52:40.474,LIVE,11.7417,88.5109,77.4424
2026-06-01 17:52:40.505,LIVE,11.7393,88.5044,77.4267
2026-06-01 17:52:40.538,LIVE,11.7373,88.4985,77.4118
2026-06-01 17:52:40.569,LIVE,11.7349,88.4931,77.3976
2026-06-01 17:52:40.601,LIVE,11.7324,88.4884,77.3841
2026-06-01 17:52:40.633,LIVE,11.7304,88.5127,77.3939
2026-06-01 17:52:40.664,LIVE,11.7285,88.5345,77.4032
2026-06-01 17:52:40.696,LIVE,11.7265,88.5542,77.412
2026-06-01 17:52:40.727,LIVE,11.7245,88.572,77.4203
2026-06-01 17:52:40.760,LIVE,11.7225,88.5879,77.4283
2026-06-01 17:52:40.792,LIVE,11.7202,88.6023,77.4359
2026-06-01 17:52:40.823,LIVE,11.7181,88.6152,77.443
2026-06-01 17:52:40.856,LIVE,11.7161,88.6268,77.4499
2026-06-01 17:52:40.886,LIVE,11.7138,88.6373,77.4563
2026-06-01 17:52:40.919,LIVE,11.7117,88.6467,77.4625
2026-06-01 17:52:40.951,LIVE,11.7096,88.6552,77.4683
2026-06-01 17:52:40.982,LIVE,11.7072,88.6628,77.4739
2026-06-01 17:52:41.014,LIVE,11.7052,88.6696,77.4792
2026-06-01 17:52:41.046,LIVE,11.7031,88.6758,77.4842
2026-06-01 17:52:41.076,LIVE,11.7006,88.6814,77.489
2026-06-01 17:52:41.108,LIVE,11.699,88.6864,77.4935
2026-06-01 17:52:41.138,LIVE,11.6967,88.6609,77.4763
2026-06-01 17:52:41.169,LIVE,11.6946,88.638,77.4599
2026-06-01 17:52:41.201,LIVE,11.6924,88.6174,77.4444
2026-06-01 17:52:41.236,LIVE,11.6913,88.5988,77.4296
2026-06-01 17:52:41.266,LIVE,11.6891,88.5821,77.4156
2026-06-01 17:52:41.297,LIVE,11.6872,88.5671,77.4023
2026-06-01 17:52:41.330,LIVE,11.685,88.5535,77.3896
2026-06-01 17:52:41.362,LIVE,11.683,88.5414,77.3776
2026-06-01 17:52:41.392,LIVE,11.6809,88.5304,77.3662
2026-06-01 17:52:41.423,LIVE,11.6791,88.5205,77.3553
2026-06-01 17:52:41.455,LIVE,11.6774,88.5117,77.345
2026-06-01 17:52:41.487,LIVE,11.6757,88.5037,77.3352
2026-06-01 17:52:41.517,LIVE,11.6736,88.4965,77.3259
2026-06-01 17:52:41.550,LIVE,11.6718,88.49,77.3171
2026-06-01 17:52:41.582,LIVE,11.6699,88.4842,77.3087
2026-06-01 17:52:41.613,LIVE,11.6677,88.4789,77.3007
2026-06-01 17:52:41.645,LIVE,11.6659,88.4768,77.2709
2026-06-01 17:52:41.675,LIVE,11.6639,88.4749,77.2425
2026-06-01 17:52:41.706,LIVE,11.662,88.4732,77.2156
2026-06-01 17:52:41.738,LIVE,11.6601,88.4716,77.1901
2026-06-01 17:52:41.769,LIVE,11.6581,88.4703,77.1658
2026-06-01 17:52:41.802,LIVE,11.6561,88.469,77.1427
2026-06-01 17:52:41.833,LIVE,11.6542,88.4679,77.1208
2026-06-01 17:52:41.866,LIVE,11.6523,88.4669,77.0999
2026-06-01 17:52:41.897,LIVE,11.6503,88.466,77.0802
2026-06-01 17:52:41.929,LIVE,11.6485,88.4651,77.0614
2026-06-01 17:52:41.961,LIVE,11.6465,88.4644,77.0435
2026-06-01 17:52:41.992,LIVE,11.6444,88.4637,77.0265
2026-06-01 17:52:42.028,LIVE,11.6436,88.4631,77.0104
2026-06-01 17:52:42.055,LIVE,11.6414,88.4626,76.9951
2026-06-01 17:52:42.086,LIVE,11.6392,88.4621,76.9806
2026-06-01 17:52:42.117,LIVE,11.6371,88.4966,76.9668
2026-06-01 17:52:42.150,LIVE,11.635,88.5277,76.9536
2026-06-01 17:52:42.182,LIVE,11.6332,88.5557,76.9412
2026-06-01 17:52:42.213,LIVE,11.6314,88.5808,76.9293
2026-06-01 17:52:42.245,LIVE,11.6296,88.6035,76.9181
2026-06-01 17:52:42.276,LIVE,11.6278,88.6239,76.9074
2026-06-01 17:52:42.308,LIVE,11.6258,88.6422,76.8972
2026-06-01 17:52:42.340,LIVE,11.6239,88.6587,76.8876
2026-06-01 17:52:42.370,LIVE,11.6219,88.6736,76.8784
2026-06-01 17:52:42.402,LIVE,11.6196,88.687,76.8697
2026-06-01 17:52:42.433,LIVE,11.6171,88.699,76.8614
2026-06-01 17:52:42.466,LIVE,11.6148,88.7098,76.8536
2026-06-01 17:52:42.497,LIVE,11.613,88.7196,76.8461
2026-06-01 17:52:42.529,LIVE,11.611,88.7284,76.839
2026-06-01 17:52:42.560,LIVE,11.6088,88.7363,76.8323
2026-06-01 17:52:42.591,LIVE,11.6068,88.7434,76.8259
2026-06-01 17:52:42.623,LIVE,11.6046,88.7196,76.7711
2026-06-01 17:52:42.654,LIVE,11.6024,88.6982,76.7191
2026-06-01 17:52:42.686,LIVE,11.6006,88.679,76.6697
2026-06-01 17:52:42.717,LIVE,11.5982,88.6617,76.6228
2026-06-01 17:52:42.750,LIVE,11.5959,88.6461,76.5782
2026-06-01 17:52:42.781,LIVE,11.594,88.6321,76.5358
2026-06-01 17:52:42.817,LIVE,11.5928,88.6195,76.4955
2026-06-01 17:52:42.845,LIVE,11.5907,88.6081,76.4573
2026-06-01 17:52:42.875,LIVE,11.5883,88.5979,76.421
2026-06-01 17:52:42.907,LIVE,11.586,88.5887,76.3865
2026-06-01 17:52:42.939,LIVE,11.5839,88.5804,76.3537
2026-06-01 17:52:42.971,LIVE,11.5819,88.5729,76.3226
2026-06-01 17:52:43.004,LIVE,11.58,88.5662,76.293
2026-06-01 17:52:43.035,LIVE,11.5781,88.5602,76.2649
2026-06-01 17:52:43.067,LIVE,11.5759,88.5548,76.2382
2026-06-01 17:52:43.098,LIVE,11.574,88.5499,76.2128
2026-06-01 17:52:43.130,LIVE,11.572,88.5754,76.139
2026-06-01 17:52:43.161,LIVE,11.5698,88.5984,76.069
2026-06-01 17:52:43.193,LIVE,11.5674,88.619,76.0024
2026-06-01 17:52:43.224,LIVE,11.5653,88.6376,75.9392
2026-06-01 17:52:43.255,LIVE,11.5632,88.6544,75.8791
2026-06-01 17:52:43.288,LIVE,11.5611,88.6694,75.8221
2026-06-01 17:52:43.319,LIVE,11.559,88.683,75.7678
2026-06-01 17:52:43.351,LIVE,11.5572,88.6952,75.7163
2026-06-01 17:52:43.382,LIVE,11.5554,88.7062,75.6674
2026-06-01 17:52:43.415,LIVE,11.5534,88.7161,75.6209
2026-06-01 17:52:43.446,LIVE,11.5518,88.725,75.5768
2026-06-01 17:52:43.478,LIVE,11.55,88.733,75.5348
2026-06-01 17:52:43.511,LIVE,11.5483,88.7402,75.495
2026-06-01 17:52:43.542,LIVE,11.5467,88.7467,75.4571
2026-06-01 17:52:43.575,LIVE,11.5458,88.7525,75.4211
2026-06-01 17:52:43.607,LIVE,11.5444,88.7578,75.387
2026-06-01 17:52:43.636,LIVE,11.5429,88.7649,75.3329
2026-06-01 17:52:43.668,LIVE,11.5417,88.7713,75.2815
2026-06-01 17:52:43.700,LIVE,11.5406,88.777,75.2327
2026-06-01 17:52:43.731,LIVE,11.5396,88.7822,75.1863
2026-06-01 17:52:43.762,LIVE,11.5386,88.7869,75.1422
2026-06-01 17:52:43.794,LIVE,11.5378,88.7911,75.1004
2026-06-01 17:52:43.827,LIVE,11.537,88.7949,75.0606
2026-06-01 17:52:43.858,LIVE,11.536,88.7983,75.0228
2026-06-01 17:52:43.889,LIVE,11.5348,88.8013,74.9869
2026-06-01 17:52:43.921,LIVE,11.534,88.8041,74.9528
2026-06-01 17:52:43.953,LIVE,11.5331,88.8065,74.9204
2026-06-01 17:52:43.983,LIVE,11.5324,88.8088,74.8897
2026-06-01 17:52:44.015,LIVE,11.5315,88.8108,74.8604
2026-06-01 17:52:44.048,LIVE,11.5305,88.8126,74.8327
2026-06-01 17:52:44.080,LIVE,11.5293,88.8142,74.8063
2026-06-01 17:52:44.112,LIVE,11.5285,88.8157,74.7812
2026-06-01 17:52:44.144,LIVE,11.5276,88.7921,74.6691
2026-06-01 17:52:44.175,LIVE,11.5264,88.7709,74.5626
2026-06-01 17:52:44.207,LIVE,11.5255,88.7518,74.4614
2026-06-01 17:52:44.239,LIVE,11.5247,88.7346,74.3652
2026-06-01 17:52:44.268,LIVE,11.5235,88.7192,74.2739
2026-06-01 17:52:44.300,LIVE,11.5224,88.7053,74.1872
2026-06-01 17:52:44.333,LIVE,11.5212,88.6928,74.1047
2026-06-01 17:52:44.363,LIVE,11.5206,88.6815,74.0264
2026-06-01 17:52:44.398,LIVE,11.5194,88.6713,73.952
2026-06-01 17:52:44.428,LIVE,11.5183,88.6622,73.8814
2026-06-01 17:52:44.460,LIVE,11.5169,88.654,73.8142
2026-06-01 17:52:44.491,LIVE,11.5157,88.6466,73.7505
2026-06-01 17:52:44.524,LIVE,11.5149,88.6399,73.6899
2026-06-01 17:52:44.555,LIVE,11.5143,88.634,73.6323
2026-06-01 17:52:44.588,LIVE,11.5137,88.6286,73.5776
2026-06-01 17:52:44.620,LIVE,11.513,88.6464,73.5323
2026-06-01 17:52:44.652,LIVE,11.5121,88.6624,73.4893
2026-06-01 17:52:44.683,LIVE,11.5109,88.6768,73.4484
2026-06-01 17:52:44.714,LIVE,11.5101,88.6898,73.4095
2026-06-01 17:52:44.746,LIVE,11.5093,88.7015,73.3726
2026-06-01 17:52:44.779,LIVE,11.5087,88.712,73.3376
2026-06-01 17:52:44.810,LIVE,11.5081,88.7215,73.3042
2026-06-01 17:52:44.842,LIVE,11.5077,88.73,73.2726
2026-06-01 17:52:44.873,LIVE,11.5069,88.7377,73.2425
2026-06-01 17:52:44.904,LIVE,11.5062,88.7446,73.214
2026-06-01 17:52:44.935,LIVE,11.5054,88.7508,73.1868
2026-06-01 17:52:44.966,LIVE,11.5048,88.7564,73.1611
2026-06-01 17:52:44.999,LIVE,11.5043,88.7614,73.1366
2026-06-01 17:52:45.030,LIVE,11.5039,88.7659,73.1133
2026-06-01 17:52:45.062,LIVE,11.5033,88.77,73.0912
2026-06-01 17:52:45.095,LIVE,11.5033,88.7737,73.0702
2026-06-01 17:52:45.126,LIVE,11.5025,88.7782,73.0293
2026-06-01 17:52:45.158,LIVE,11.5018,88.7824,72.9905
2026-06-01 17:52:45.191,LIVE,11.501,88.7861,72.9536
2026-06-01 17:52:45.219,LIVE,11.5003,88.7894,72.9185
2026-06-01 17:52:45.251,LIVE,11.4996,88.7924,72.8852
2026-06-01 17:52:45.283,LIVE,11.499,88.7951,72.8535
2026-06-01 17:52:45.314,LIVE,11.4984,88.7975,72.8235
2026-06-01 17:52:45.346,LIVE,11.4978,88.7997,72.7949
2026-06-01 17:52:45.379,LIVE,11.4968,88.8017,72.7678
2026-06-01 17:52:45.411,LIVE,11.4959,88.8034,72.742
2026-06-01 17:52:45.443,LIVE,11.495,88.805,72.7175
2026-06-01 17:52:45.473,LIVE,11.4941,88.8065,72.6942
2026-06-01 17:52:45.505,LIVE,11.4932,88.8078,72.6721
2026-06-01 17:52:45.538,LIVE,11.4924,88.8089,72.6511
2026-06-01 17:52:45.569,LIVE,11.4911,88.81,72.6312
2026-06-01 17:52:45.602,LIVE,11.4899,88.8109,72.6122
2026-06-01 17:52:45.633,LIVE,11.4889,88.7923,72.5924
2026-06-01 17:52:45.663,LIVE,11.4882,88.7755,72.5735
2026-06-01 17:52:45.695,LIVE,11.4872,88.7604,72.5556
2026-06-01 17:52:45.727,LIVE,11.4862,88.7469,72.5386
2026-06-01 17:52:45.759,LIVE,11.4852,88.7346,72.5224
2026-06-01 17:52:45.791,LIVE,11.4843,88.7236,72.5071
2026-06-01 17:52:45.821,LIVE,11.4834,88.7137,72.4925
2026-06-01 17:52:45.853,LIVE,11.4834,88.7048,72.4786
2026-06-01 17:52:45.883,LIVE,11.482,88.6968,72.4655
2026-06-01 17:52:45.915,LIVE,11.4809,88.6896,72.453
2026-06-01 17:52:45.947,LIVE,11.4799,88.6831,72.4411
2026-06-01 17:52:45.982,LIVE,11.4789,88.6772,72.4298
2026-06-01 17:52:46.011,LIVE,11.4777,88.672,72.4191
2026-06-01 17:52:46.044,LIVE,11.477,88.6672,72.4089
2026-06-01 17:52:46.076,LIVE,11.4758,88.663,72.3992
2026-06-01 17:52:46.108,LIVE,11.475,88.6592,72.39
2026-06-01 17:52:46.138,LIVE,11.4739,88.6646,72.4034
2026-06-01 17:52:46.170,LIVE,11.4728,88.6695,72.4162
2026-06-01 17:52:46.202,LIVE,11.4714,88.6739,72.4283
2026-06-01 17:52:46.232,LIVE,11.4703,88.6778,72.4398
2026-06-01 17:52:46.263,LIVE,11.4691,88.6814,72.4507
2026-06-01 17:52:46.295,LIVE,11.4678,88.6846,72.4611
2026-06-01 17:52:46.327,LIVE,11.4665,88.6875,72.4709
2026-06-01 17:52:46.360,LIVE,11.4651,88.6901,72.4803
2026-06-01 17:52:46.392,LIVE,11.4637,88.6924,72.4892
2026-06-01 17:52:46.423,LIVE,11.4624,88.6945,72.4977
2026-06-01 17:52:46.454,LIVE,11.4612,88.6964,72.5057
2026-06-01 17:52:46.486,LIVE,11.4599,88.6981,72.5133
2026-06-01 17:52:46.517,LIVE,11.4587,88.6997,72.5206
2026-06-01 17:52:46.550,LIVE,11.4569,88.701,72.5274
2026-06-01 17:52:46.580,LIVE,11.4561,88.7023,72.534
2026-06-01 17:52:46.611,LIVE,11.4547,88.7034,72.5402
2026-06-01 17:52:46.644,LIVE,11.4531,88.6929,72.5236
2026-06-01 17:52:46.674,LIVE,11.4518,88.6834,72.5079
2026-06-01 17:52:46.706,LIVE,11.4503,88.6748,72.493
2026-06-01 17:52:46.737,LIVE,11.4488,88.6671,72.4788
2026-06-01 17:52:46.770,LIVE,11.4474,88.6602,72.4653
2026-06-01 17:52:46.799,LIVE,11.446,88.654,72.4525
2026-06-01 17:52:46.831,LIVE,11.4448,88.6484,72.4403
2026-06-01 17:52:46.864,LIVE,11.4435,88.6434,72.4288
2026-06-01 17:52:46.896,LIVE,11.4418,88.6388,72.4178
2026-06-01 17:52:46.928,LIVE,11.4405,88.6347,72.4074
2026-06-01 17:52:46.961,LIVE,11.4391,88.6311,72.3974
2026-06-01 17:52:46.993,LIVE,11.4375,88.6277,72.388
2026-06-01 17:52:47.024,LIVE,11.436,88.6248,72.3791
2026-06-01 17:52:47.057,LIVE,11.4346,88.6221,72.3706
2026-06-01 17:52:47.088,LIVE,11.4331,88.6197,72.3625
2026-06-01 17:52:47.119,LIVE,11.4316,88.6008,72.3517
2026-06-01 17:52:47.150,LIVE,11.4301,88.5839,72.3413
2026-06-01 17:52:47.182,LIVE,11.4285,88.5686,72.3315
2026-06-01 17:52:47.214,LIVE,11.427,88.5549,72.3222
2026-06-01 17:52:47.246,LIVE,11.4256,88.5426,72.3134
2026-06-01 17:52:47.278,LIVE,11.4237,88.5314,72.3049
2026-06-01 17:52:47.310,LIVE,11.4223,88.5214,72.297
2026-06-01 17:52:47.343,LIVE,11.4213,88.5124,72.2894
2026-06-01 17:52:47.373,LIVE,11.4197,88.5043,72.2822
2026-06-01 17:52:47.405,LIVE,11.4181,88.497,72.2753
2026-06-01 17:52:47.437,LIVE,11.4167,88.4904,72.2688
2026-06-01 17:52:47.469,LIVE,11.4153,88.4845,72.2626
2026-06-01 17:52:47.502,LIVE,11.4138,88.4792,72.2567
2026-06-01 17:52:47.533,LIVE,11.4125,88.4744,72.2512
2026-06-01 17:52:47.568,LIVE,11.4114,88.4701,72.2459
2026-06-01 17:52:47.596,LIVE,11.4102,88.4662,72.2408
2026-06-01 17:52:47.629,LIVE,11.4087,88.4491,72.236
2026-06-01 17:52:47.661,LIVE,11.4074,88.4337,72.2314
2026-06-01 17:52:47.692,LIVE,11.406,88.4198,72.2271
2026-06-01 17:52:47.724,LIVE,11.4045,88.4073,72.2229
2026-06-01 17:52:47.756,LIVE,11.403,88.396,72.219
2026-06-01 17:52:47.788,LIVE,11.4014,88.3859,72.2153
2026-06-01 17:52:47.819,LIVE,11.3999,88.3768,72.2117
2026-06-01 17:52:47.850,LIVE,11.3984,88.3686,72.2084
2026-06-01 17:52:47.881,LIVE,11.3968,88.3612,72.2052
2026-06-01 17:52:47.912,LIVE,11.3952,88.3546,72.2021
2026-06-01 17:52:47.943,LIVE,11.3937,88.3486,72.1993
2026-06-01 17:52:47.975,LIVE,11.3923,88.3432,72.1965
2026-06-01 17:52:48.006,LIVE,11.3907,88.3384,72.1939
2026-06-01 17:52:48.038,LIVE,11.3891,88.334,72.1914
2026-06-01 17:52:48.069,LIVE,11.3884,88.3301,72.1891
2026-06-01 17:52:48.101,LIVE,11.3868,88.3266,72.1868
2026-06-01 17:52:48.134,LIVE,11.3853,88.3187,72.1847
2026-06-01 17:52:48.165,LIVE,11.3839,88.3117,72.1827
2026-06-01 17:52:48.196,LIVE,11.3821,88.3053,72.1808
2026-06-01 17:52:48.228,LIVE,11.3807,88.2996,72.179
2026-06-01 17:52:48.259,LIVE,11.3793,88.2945,72.1772
2026-06-01 17:52:48.291,LIVE,11.3781,88.2898,72.1756
2026-06-01 17:52:48.323,LIVE,11.3767,88.2857,72.174
2026-06-01 17:52:48.359,LIVE,11.3754,88.2819,72.1726
2026-06-01 17:52:48.386,LIVE,11.3737,88.2785,72.1712
2026-06-01 17:52:48.418,LIVE,11.3722,88.2755,72.1698
2026-06-01 17:52:48.448,LIVE,11.3707,88.2728,72.1685
2026-06-01 17:52:48.480,LIVE,11.3692,88.2703,72.1673
2026-06-01 17:52:48.512,LIVE,11.3676,88.2681,72.1662
2026-06-01 17:52:48.544,LIVE,11.3658,88.2661,72.1651
2026-06-01 17:52:48.576,LIVE,11.3643,88.2643,72.1641
2026-06-01 17:52:48.607,LIVE,11.3626,88.2627,72.1631
2026-06-01 17:52:48.638,LIVE,11.3608,88.238,72.1615
2026-06-01 17:52:48.669,LIVE,11.3591,88.2158,72.1601
2026-06-01 17:52:48.701,LIVE,11.3576,88.1958,72.1587
2026-06-01 17:52:48.733,LIVE,11.356,88.1779,72.1573
2026-06-01 17:52:48.765,LIVE,11.3545,88.1617,72.1561
2026-06-01 17:52:48.796,LIVE,11.3531,88.1471,72.1549
2026-06-01 17:52:48.828,LIVE,11.3515,88.134,72.1537
2026-06-01 17:52:48.860,LIVE,11.3499,88.1222,72.1526
2026-06-01 17:52:48.892,LIVE,11.3482,88.1116,72.1516
2026-06-01 17:52:48.923,LIVE,11.3465,88.102,72.1506
2026-06-01 17:52:48.952,LIVE,11.345,88.0934,72.1497
2026-06-01 17:52:48.984,LIVE,11.3439,88.0857,72.1488
2026-06-01 17:52:49.016,LIVE,11.3425,88.0787,72.148
2026-06-01 17:52:49.049,LIVE,11.3412,88.0725,72.1472
2026-06-01 17:52:49.079,LIVE,11.3393,88.0668,72.1464
2026-06-01 17:52:49.110,LIVE,11.3376,88.0617,72.1457
2026-06-01 17:52:49.146,LIVE,11.3359,88.0432,72.123
2026-06-01 17:52:49.174,LIVE,11.3343,88.0264,72.1014
2026-06-01 17:52:49.205,LIVE,11.3329,88.0114,72.0809
2026-06-01 17:52:49.238,LIVE,11.3314,87.9979,72.0614
2026-06-01 17:52:49.269,LIVE,11.3297,87.9857,72.0429
2026-06-01 17:52:49.301,LIVE,11.3281,87.9747,72.0253
2026-06-01 17:52:49.333,LIVE,11.3263,87.9648,72.0085
2026-06-01 17:52:49.365,LIVE,11.3249,87.9559,71.9927
2026-06-01 17:52:49.398,LIVE,11.3234,87.9479,71.9776
2026-06-01 17:52:49.429,LIVE,11.3217,87.9407,71.9633
2026-06-01 17:52:49.460,LIVE,11.3202,87.9343,71.9496
2026-06-01 17:52:49.492,LIVE,11.3185,87.9284,71.9367
2026-06-01 17:52:49.524,LIVE,11.3175,87.9232,71.9244
2026-06-01 17:52:49.555,LIVE,11.3158,87.9185,71.9128
2026-06-01 17:52:49.588,LIVE,11.3141,87.9142,71.9017
2026-06-01 17:52:49.618,LIVE,11.3125,87.9004,71.9131
2026-06-01 17:52:49.651,LIVE,11.311,87.8881,71.9239
2026-06-01 17:52:49.682,LIVE,11.3095,87.8769,71.9342
2026-06-01 17:52:49.714,LIVE,11.3078,87.8669,71.944
2026-06-01 17:52:49.747,LIVE,11.3064,87.8579,71.9533
2026-06-01 17:52:49.777,LIVE,11.3048,87.8497,71.9622
2026-06-01 17:52:49.810,LIVE,11.3034,87.8424,71.9706
2026-06-01 17:52:49.842,LIVE,11.3018,87.8359,71.9785
2026-06-01 17:52:49.874,LIVE,11.3002,87.8299,71.9861
2026-06-01 17:52:49.906,LIVE,11.2984,87.8246,71.9933
2026-06-01 17:52:49.942,LIVE,11.297,87.8198,72.0001
2026-06-01 17:52:49.969,LIVE,11.2955,87.8155,72.0066
2026-06-01 17:52:50.002,LIVE,11.2938,87.8116,72.0128
2026-06-01 17:52:50.033,LIVE,11.2922,87.8081,72.0187
2026-06-01 17:52:50.065,LIVE,11.2906,87.805,72.0242
2026-06-01 17:52:50.096,LIVE,11.2888,87.8021,72.0295
2026-06-01 17:52:50.128,LIVE,11.2871,87.7557,72.027
2026-06-01 17:52:50.161,LIVE,11.2857,87.7139,72.0246
2026-06-01 17:52:50.192,LIVE,11.2842,87.6762,72.0223
2026-06-01 17:52:50.224,LIVE,11.2826,87.6424,72.0201
2026-06-01 17:52:50.255,LIVE,11.2819,87.6119,72.0181
2026-06-01 17:52:50.286,LIVE,11.2802,87.5845,72.0161
2026-06-01 17:52:50.317,LIVE,11.2784,87.5598,72.0143
2026-06-01 17:52:50.348,LIVE,11.2767,87.5376,72.0125
2026-06-01 17:52:50.379,LIVE,11.2751,87.5176,72.0108
2026-06-01 17:52:50.411,LIVE,11.2736,87.4996,72.0092
2026-06-01 17:52:50.443,LIVE,11.2723,87.4834,72.0077
2026-06-01 17:52:50.476,LIVE,11.2707,87.4688,72.0063
2026-06-01 17:52:50.508,LIVE,11.2693,87.4557,72.0049
2026-06-01 17:52:50.537,LIVE,11.2679,87.4439,72.0036
2026-06-01 17:52:50.570,LIVE,11.2663,87.4333,72.0024
2026-06-01 17:52:50.601,LIVE,11.2646,87.4237,72.0012
2026-06-01 17:52:50.632,LIVE,11.2626,87.372,71.9784
2026-06-01 17:52:50.665,LIVE,11.2609,87.3255,71.9568
2026-06-01 17:52:50.696,LIVE,11.2592,87.2837,71.9363
2026-06-01 17:52:50.731,LIVE,11.2578,87.246,71.9167
2026-06-01 17:52:50.760,LIVE,11.2562,87.2121,71.8982
2026-06-01 17:52:50.791,LIVE,11.2544,87.1816,71.8805
2026-06-01 17:52:50.823,LIVE,11.2527,87.1541,71.8638
2026-06-01 17:52:50.854,LIVE,11.2508,87.1294,71.8479
2026-06-01 17:52:50.886,LIVE,11.2491,87.1072,71.8328
2026-06-01 17:52:50.917,LIVE,11.2474,87.0871,71.8184
2026-06-01 17:52:50.948,LIVE,11.2458,87.0691,71.8048
2026-06-01 17:52:50.979,LIVE,11.245,87.0529,71.7918
2026-06-01 17:52:51.010,LIVE,11.2431,87.0383,71.7795
2026-06-01 17:52:51.042,LIVE,11.2414,87.0252,71.7678
2026-06-01 17:52:51.075,LIVE,11.2397,87.0134,71.7567
2026-06-01 17:52:51.107,LIVE,11.2382,87.0027,71.7462
2026-06-01 17:52:51.138,LIVE,11.2366,87.0018,71.7474
2026-06-01 17:52:51.170,LIVE,11.2352,87.001,71.7486
2026-06-01 17:52:51.202,LIVE,11.2338,87.0002,71.7497
2026-06-01 17:52:51.232,LIVE,11.2325,86.9995,71.7508
2026-06-01 17:52:51.263,LIVE,11.2311,86.9989,71.7518
2026-06-01 17:52:51.294,LIVE,11.2296,86.9984,71.7528
2026-06-01 17:52:51.326,LIVE,11.2277,86.9979,71.7537
2026-06-01 17:52:51.358,LIVE,11.2261,86.9974,71.7546
2026-06-01 17:52:51.389,LIVE,11.2245,86.997,71.7554
2026-06-01 17:52:51.422,LIVE,11.2229,86.9967,71.7562
2026-06-01 17:52:51.454,LIVE,11.2215,86.9964,71.757
2026-06-01 17:52:51.485,LIVE,11.22,86.9961,71.7577
2026-06-01 17:52:51.519,LIVE,11.2181,86.9958,71.7584
2026-06-01 17:52:51.547,LIVE,11.2166,86.9956,71.759
2026-06-01 17:52:51.578,LIVE,11.215,86.9954,71.7596
2026-06-01 17:52:51.611,LIVE,11.2135,86.9952,71.7602
2026-06-01 17:52:51.642,LIVE,11.2116,86.9914,71.7529
2026-06-01 17:52:51.673,LIVE,11.2104,86.9881,71.746
2026-06-01 17:52:51.705,LIVE,11.2091,86.9851,71.7394
2026-06-01 17:52:51.736,LIVE,11.2075,86.9824,71.7332
2026-06-01 17:52:51.768,LIVE,11.2058,86.9799,71.7273
2026-06-01 17:52:51.799,LIVE,11.2044,86.9777,71.7216
2026-06-01 17:52:51.831,LIVE,11.203,86.9757,71.7163
2026-06-01 17:52:51.863,LIVE,11.2015,86.9739,71.7112
2026-06-01 17:52:51.895,LIVE,11.2,86.9723,71.7063
2026-06-01 17:52:51.928,LIVE,11.1982,86.9709,71.7018
2026-06-01 17:52:51.959,LIVE,11.1968,86.9696,71.6974
2026-06-01 17:52:51.991,LIVE,11.1951,86.9684,71.6933
2026-06-01 17:52:52.022,LIVE,11.1932,86.9674,71.6893
2026-06-01 17:52:52.053,LIVE,11.1912,86.9664,71.6856
2026-06-01 17:52:52.085,LIVE,11.1896,86.9656,71.682
2026-06-01 17:52:52.118,LIVE,11.188,86.9457,71.6604
2026-06-01 17:52:52.149,LIVE,11.1862,86.9279,71.6398
2026-06-01 17:52:52.181,LIVE,11.1845,86.9118,71.6202
2026-06-01 17:52:52.214,LIVE,11.1827,86.8974,71.6016
2026-06-01 17:52:52.246,LIVE,11.181,86.8843,71.584
2026-06-01 17:52:52.277,LIVE,11.1792,86.8726,71.5672
2026-06-01 17:52:52.311,LIVE,11.1774,86.8621,71.5513
2026-06-01 17:52:52.341,LIVE,11.1756,86.8526,71.5361
2026-06-01 17:52:52.373,LIVE,11.1737,86.8441,71.5217
2026-06-01 17:52:52.405,LIVE,11.1726,86.8364,71.5081
2026-06-01 17:52:52.437,LIVE,11.171,86.8295,71.4951
2026-06-01 17:52:52.469,LIVE,11.1692,86.8232,71.4828
2026-06-01 17:52:52.501,LIVE,11.1675,86.8176,71.4711
2026-06-01 17:52:52.533,LIVE,11.1659,86.8126,71.4599
2026-06-01 17:52:52.565,LIVE,11.1641,86.808,71.4494
2026-06-01 17:52:52.595,LIVE,11.1625,86.804,71.4393
2026-06-01 17:52:52.628,LIVE,11.161,86.7732,71.3963
2026-06-01 17:52:52.659,LIVE,11.1596,86.7455,71.3554
2026-06-01 17:52:52.692,LIVE,11.1583,86.7206,71.3166
2026-06-01 17:52:52.724,LIVE,11.1567,86.6982,71.2797
2026-06-01 17:52:52.756,LIVE,11.1551,86.678,71.2447
2026-06-01 17:52:52.786,LIVE,11.1534,86.6598,71.2114
2026-06-01 17:52:52.818,LIVE,11.1517,86.6435,71.1798
2026-06-01 17:52:52.849,LIVE,11.1501,86.6288,71.1497
2026-06-01 17:52:52.881,LIVE,11.1484,86.6155,71.1212
2026-06-01 17:52:52.912,LIVE,11.1468,86.6036,71.0941
2026-06-01 17:52:52.944,LIVE,11.1452,86.5929,71.0683
2026-06-01 17:52:52.976,LIVE,11.1436,86.5832,71.0438
2026-06-01 17:52:53.008,LIVE,11.142,86.5746,71.0206
2026-06-01 17:52:53.039,LIVE,11.1403,86.5667,70.9985
2026-06-01 17:52:53.071,LIVE,11.1385,86.5597,70.9775
2026-06-01 17:52:53.107,LIVE,11.137,86.5534,70.9576
2026-06-01 17:52:53.135,LIVE,11.1358,86.5498,70.9357
2026-06-01 17:52:53.167,LIVE,11.1344,86.5466,70.9149
2026-06-01 17:52:53.198,LIVE,11.1327,86.5438,70.8952
2026-06-01 17:52:53.228,LIVE,11.1309,86.5412,70.8765
2026-06-01 17:52:53.260,LIVE,11.1292,86.5389,70.8586
2026-06-01 17:52:53.292,LIVE,11.1277,86.5368,70.8417
2026-06-01 17:52:53.325,LIVE,11.1262,86.5349,70.8256
2026-06-01 17:52:53.357,LIVE,11.1247,86.5332,70.8104
2026-06-01 17:52:53.387,LIVE,11.1232,86.5317,70.7958
2026-06-01 17:52:53.419,LIVE,11.1218,86.5303,70.7821
2026-06-01 17:52:53.452,LIVE,11.1202,86.5291,70.769
2026-06-01 17:52:53.484,LIVE,11.1188,86.528,70.7565
2026-06-01 17:52:53.515,LIVE,11.1171,86.527,70.7447
2026-06-01 17:52:53.548,LIVE,11.1154,86.5261,70.7335
2026-06-01 17:52:53.580,LIVE,11.1138,86.5253,70.7228
2026-06-01 17:52:53.611,LIVE,11.1122,86.5245,70.7127
2026-06-01 17:52:53.643,LIVE,11.1106,86.5092,70.6823
2026-06-01 17:52:53.674,LIVE,11.1088,86.4954,70.6535
2026-06-01 17:52:53.704,LIVE,11.1069,86.4829,70.6261
2026-06-01 17:52:53.735,LIVE,11.1053,86.4717,70.6001
2026-06-01 17:52:53.768,LIVE,11.104,86.4616,70.5754
2026-06-01 17:52:53.800,LIVE,11.1024,86.4526,70.5519
2026-06-01 17:52:53.832,LIVE,11.1009,86.4444,70.5296
2026-06-01 17:52:53.863,LIVE,11.0992,86.4371,70.5084
2026-06-01 17:52:53.897,LIVE,11.0978,86.4305,70.4883
2026-06-01 17:52:53.927,LIVE,11.0961,86.4245,70.4692
2026-06-01 17:52:53.958,LIVE,11.0944,86.4192,70.451
2026-06-01 17:52:53.990,LIVE,11.0927,86.4143,70.4337
2026-06-01 17:52:54.021,LIVE,11.091,86.41,70.4173
2026-06-01 17:52:54.053,LIVE,11.0892,86.4061,70.4018
2026-06-01 17:52:54.084,LIVE,11.0875,86.4026,70.387
2026-06-01 17:52:54.117,LIVE,11.0861,86.3994,70.3729
2026-06-01 17:52:54.148,LIVE,11.0846,86.4097,70.3794
2026-06-01 17:52:54.181,LIVE,11.0829,86.4189,70.3855
2026-06-01 17:52:54.213,LIVE,11.0811,86.4272,70.3914
2026-06-01 17:52:54.243,LIVE,11.0794,86.4347,70.3969
2026-06-01 17:52:54.275,LIVE,11.0775,86.4415,70.4022
2026-06-01 17:52:54.308,LIVE,11.0759,86.4475,70.4072
2026-06-01 17:52:54.340,LIVE,11.0742,86.453,70.4119
2026-06-01 17:52:54.372,LIVE,11.0724,86.4579,70.4165
2026-06-01 17:52:54.402,LIVE,11.0705,86.4623,70.4207
2026-06-01 17:52:54.435,LIVE,11.0688,86.4663,70.4248
2026-06-01 17:52:54.466,LIVE,11.0671,86.4699,70.4287
2026-06-01 17:52:54.499,LIVE,11.0655,86.4731,70.4324
2026-06-01 17:52:54.530,LIVE,11.0639,86.476,70.4359
2026-06-01 17:52:54.562,LIVE,11.062,86.4786,70.4392
2026-06-01 17:52:54.593,LIVE,11.0603,86.4809,70.4423
2026-06-01 17:52:54.626,LIVE,11.0585,86.4732,70.4414
2026-06-01 17:52:54.659,LIVE,11.0569,86.4662,70.4405
2026-06-01 17:52:54.694,LIVE,11.055,86.4599,70.4397
2026-06-01 17:52:54.722,LIVE,11.0533,86.4542,70.4389
2026-06-01 17:52:54.753,LIVE,11.0516,86.4491,70.4381
2026-06-01 17:52:54.785,LIVE,11.0501,86.4445,70.4374
2026-06-01 17:52:54.817,LIVE,11.0486,86.4404,70.4367
2026-06-01 17:52:54.848,LIVE,11.0472,86.4367,70.4361
2026-06-01 17:52:54.880,LIVE,11.0459,86.4333,70.4355
2026-06-01 17:52:54.911,LIVE,11.0444,86.4303,70.4349
2026-06-01 17:52:54.943,LIVE,11.0427,86.4276,70.4343
2026-06-01 17:52:54.976,LIVE,11.0411,86.4252,70.4338
2026-06-01 17:52:55.008,LIVE,11.0395,86.423,70.4333
2026-06-01 17:52:55.040,LIVE,11.0379,86.421,70.4328
2026-06-01 17:52:55.072,LIVE,11.0363,86.4192,70.4324
2026-06-01 17:52:55.103,LIVE,11.0347,86.4176,70.4319
2026-06-01 17:52:55.135,LIVE,11.0333,86.4103,70.415
2026-06-01 17:52:55.167,LIVE,11.0316,86.4038,70.399
2026-06-01 17:52:55.199,LIVE,11.03,86.3979,70.3837
2026-06-01 17:52:55.230,LIVE,11.0286,86.3926,70.3692
2026-06-01 17:52:55.262,LIVE,11.0268,86.3878,70.3554
2026-06-01 17:52:55.294,LIVE,11.0252,86.3835,70.3423
2026-06-01 17:52:55.327,LIVE,11.0235,86.3796,70.3299
2026-06-01 17:52:55.358,LIVE,11.0229,86.3761,70.3181
2026-06-01 17:52:55.390,LIVE,11.0211,86.373,70.3069
2026-06-01 17:52:55.421,LIVE,11.0193,86.3701,70.2962
2026-06-01 17:52:55.453,LIVE,11.0176,86.3676,70.2861
2026-06-01 17:52:55.490,LIVE,11.0161,86.3653,70.2765
2026-06-01 17:52:55.515,LIVE,11.0145,86.3632,70.2673
2026-06-01 17:52:55.547,LIVE,11.013,86.3614,70.2586
2026-06-01 17:52:55.578,LIVE,11.0118,86.3597,70.2504
2026-06-01 17:52:55.610,LIVE,11.0106,86.3582,70.2425
2026-06-01 17:52:55.642,LIVE,11.0091,86.3672,70.2565
2026-06-01 17:52:55.674,LIVE,11.0074,86.3753,70.2698
2026-06-01 17:52:55.706,LIVE,11.0059,86.3826,70.2824
2026-06-01 17:52:55.737,LIVE,11.0043,86.3891,70.2944
2026-06-01 17:52:55.769,LIVE,11.0025,86.395,70.3057
2026-06-01 17:52:55.799,LIVE,11.0009,86.4003,70.3165
2026-06-01 17:52:55.830,LIVE,10.9995,86.4051,70.3268
2026-06-01 17:52:55.862,LIVE,10.9978,86.4094,70.3366
2026-06-01 17:52:55.894,LIVE,10.9963,86.4133,70.3458
2026-06-01 17:52:55.926,LIVE,10.9944,86.4168,70.3546
2026-06-01 17:52:55.958,LIVE,10.9929,86.4199,70.363
2026-06-01 17:52:55.991,LIVE,10.9915,86.4227,70.3709
2026-06-01 17:52:56.023,LIVE,10.9899,86.4253,70.3785
2026-06-01 17:52:56.055,LIVE,10.9881,86.4275,70.3856
2026-06-01 17:52:56.086,LIVE,10.9878,86.4296,70.3925
2026-06-01 17:52:56.117,LIVE,10.9861,86.4358,70.3957
2026-06-01 17:52:56.150,LIVE,10.9847,86.4413,70.3988
2026-06-01 17:52:56.181,LIVE,10.983,86.4463,70.4018
2026-06-01 17:52:56.214,LIVE,10.9814,86.4509,70.4046
2026-06-01 17:52:56.246,LIVE,10.9798,86.4549,70.4073
2026-06-01 17:52:56.281,LIVE,10.9782,86.4586,70.4098
2026-06-01 17:52:56.308,LIVE,10.9769,86.4618,70.4122
2026-06-01 17:52:56.340,LIVE,10.9755,86.4648,70.4145
2026-06-01 17:52:56.372,LIVE,10.9739,86.4675,70.4166
2026-06-01 17:52:56.402,LIVE,10.9724,86.4699,70.4187
2026-06-01 17:52:56.435,LIVE,10.9708,86.472,70.4207
2026-06-01 17:52:56.467,LIVE,10.9686,86.474,70.4225
2026-06-01 17:52:56.499,LIVE,10.9667,86.4757,70.4243
2026-06-01 17:52:56.530,LIVE,10.9644,86.4773,70.426
2026-06-01 17:52:56.562,LIVE,10.9616,86.4787,70.4276
2026-06-01 17:52:56.594,LIVE,10.9584,86.48,70.4291
2026-06-01 17:52:56.626,LIVE,10.9543,86.4699,70.427
2026-06-01 17:52:56.657,LIVE,10.9497,86.4608,70.425
2026-06-01 17:52:56.690,LIVE,10.9447,86.4526,70.4231
2026-06-01 17:52:56.718,LIVE,10.9389,86.4452,70.4213
2026-06-01 17:52:56.751,LIVE,10.9324,86.4386,70.4196
2026-06-01 17:52:56.783,LIVE,10.9249,86.4327,70.418
2026-06-01 17:52:56.814,LIVE,10.9172,86.4273,70.4165
2026-06-01 17:52:56.845,LIVE,10.908,86.4225,70.415
2026-06-01 17:52:56.876,LIVE,10.8976,86.4181,70.4136
2026-06-01 17:52:56.908,LIVE,10.8864,86.4142,70.4123
2026-06-01 17:52:56.941,LIVE,10.8745,86.4107,70.4111
2026-06-01 17:52:56.973,LIVE,10.8617,86.4075,70.4099
2026-06-01 17:52:57.006,LIVE,10.8485,86.4047,70.4087
2026-06-01 17:52:57.036,LIVE,10.8347,86.4021,70.4077
2026-06-01 17:52:57.072,LIVE,10.8206,86.3998,70.4066
2026-06-01 17:52:57.100,LIVE,10.8058,86.3977,70.4057
2026-06-01 17:52:57.131,LIVE,10.7907,86.385,70.3834
2026-06-01 17:52:57.163,LIVE,10.7754,86.3736,70.3623
2026-06-01 17:52:57.194,LIVE,10.7602,86.3633,70.3423
2026-06-01 17:52:57.227,LIVE,10.7451,86.354,70.3232
2026-06-01 17:52:57.257,LIVE,10.7302,86.3457,70.3051
2026-06-01 17:52:57.289,LIVE,10.7157,86.3381,70.2879
2026-06-01 17:52:57.321,LIVE,10.7016,86.3314,70.2716
2026-06-01 17:52:57.352,LIVE,10.6881,86.3253,70.256
2026-06-01 17:52:57.383,LIVE,10.6747,86.3198,70.2413
2026-06-01 17:52:57.414,LIVE,10.6619,86.3149,70.2273
2026-06-01 17:52:57.446,LIVE,10.6497,86.3105,70.214
2026-06-01 17:52:57.478,LIVE,10.638,86.3065,70.2013
2026-06-01 17:52:57.510,LIVE,10.627,86.3029,70.1893
2026-06-01 17:52:57.541,LIVE,10.6172,86.2997,70.1779
2026-06-01 17:52:57.573,LIVE,10.6076,86.2968,70.167
2026-06-01 17:52:57.605,LIVE,10.5984,86.2942,70.1567
2026-06-01 17:52:57.637,LIVE,10.5896,86.3049,70.165
2026-06-01 17:52:57.669,LIVE,10.5812,86.3146,70.1729
2026-06-01 17:52:57.701,LIVE,10.573,86.3234,70.1804
2026-06-01 17:52:57.733,LIVE,10.5653,86.3312,70.1875
2026-06-01 17:52:57.764,LIVE,10.5573,86.3383,70.1943
2026-06-01 17:52:57.795,LIVE,10.5496,86.3446,70.2007
2026-06-01 17:52:57.826,LIVE,10.542,86.3504,70.2068
2026-06-01 17:52:57.861,LIVE,10.5343,86.3555,70.2126
2026-06-01 17:52:57.891,LIVE,10.5269,86.3602,70.2181
2026-06-01 17:52:57.923,LIVE,10.52,86.3643,70.2234
2026-06-01 17:52:57.955,LIVE,10.514,86.3681,70.2283
2026-06-01 17:52:57.986,LIVE,10.509,86.3715,70.2331
2026-06-01 17:52:58.018,LIVE,10.5045,86.3745,70.2376
2026-06-01 17:52:58.050,LIVE,10.501,86.3773,70.2418
2026-06-01 17:52:58.081,LIVE,10.4982,86.3797,70.2459
2026-06-01 17:52:58.113,LIVE,10.4959,86.382,70.2497
2026-06-01 17:52:58.146,LIVE,10.4941,86.3784,70.2471
2026-06-01 17:52:58.177,LIVE,10.4918,86.3752,70.2446
2026-06-01 17:52:58.209,LIVE,10.4891,86.3723,70.2422
2026-06-01 17:52:58.240,LIVE,10.486,86.3697,70.2399
2026-06-01 17:52:58.273,LIVE,10.4837,86.3673,70.2378
2026-06-01 17:52:58.304,LIVE,10.4803,86.3652,70.2358
2026-06-01 17:52:58.336,LIVE,10.4767,86.3633,70.2338
2026-06-01 17:52:58.367,LIVE,10.473,86.3616,70.232
2026-06-01 17:52:58.399,LIVE,10.4694,86.3601,70.2303
2026-06-01 17:52:58.431,LIVE,10.4657,86.3587,70.2286
2026-06-01 17:52:58.462,LIVE,10.4621,86.3574,70.227
2026-06-01 17:52:58.493,LIVE,10.4589,86.3563,70.2255
2026-06-01 17:52:58.525,LIVE,10.4558,86.3553,70.2241
2026-06-01 17:52:58.555,LIVE,10.4532,86.3544,70.2227
2026-06-01 17:52:58.588,LIVE,10.4509,86.3536,70.2215
2026-06-01 17:52:58.620,LIVE,10.4486,86.3496,70.1992
2026-06-01 17:52:58.655,LIVE,10.4461,86.3461,70.1781
2026-06-01 17:52:58.684,LIVE,10.4431,86.3429,70.158
2026-06-01 17:52:58.716,LIVE,10.4393,86.34,70.1389
2026-06-01 17:52:58.747,LIVE,10.4345,86.3374,70.1208
2026-06-01 17:52:58.778,LIVE,10.4291,86.335,70.1036
2026-06-01 17:52:58.810,LIVE,10.4232,86.3329,70.0872
2026-06-01 17:52:58.840,LIVE,10.417,86.331,70.0717
2026-06-01 17:52:58.872,LIVE,10.4104,86.3293,70.0569
2026-06-01 17:52:58.904,LIVE,10.4036,86.3278,70.0429
2026-06-01 17:52:58.935,LIVE,10.3966,86.3264,70.0296
2026-06-01 17:52:58.966,LIVE,10.3909,86.3252,70.0169
2026-06-01 17:52:58.998,LIVE,10.3847,86.3241,70.0049
2026-06-01 17:52:59.030,LIVE,10.3795,86.3231,69.9935
2026-06-01 17:52:59.061,LIVE,10.3758,86.3222,69.9826
2026-06-01 17:52:59.094,LIVE,10.3739,86.3213,69.9723
2026-06-01 17:52:59.125,LIVE,10.3735,86.3199,69.9776
2026-06-01 17:52:59.157,LIVE,10.3747,86.3186,69.9827
2026-06-01 17:52:59.189,LIVE,10.3772,86.3174,69.9875
2026-06-01 17:52:59.222,LIVE,10.3806,86.3164,69.9921
2026-06-01 17:52:59.254,LIVE,10.3849,86.3154,69.9964
2026-06-01 17:52:59.286,LIVE,10.3895,86.3145,70.0005
2026-06-01 17:52:59.317,LIVE,10.3951,86.3138,70.0044
2026-06-01 17:52:59.349,LIVE,10.4011,86.3131,70.0082
2026-06-01 17:52:59.380,LIVE,10.4078,86.3125,70.0117
2026-06-01 17:52:59.412,LIVE,10.4148,86.3119,70.015
2026-06-01 17:52:59.446,LIVE,10.4223,86.3114,70.0182
2026-06-01 17:52:59.475,LIVE,10.4295,86.3109,70.0213
2026-06-01 17:52:59.507,LIVE,10.437,86.3105,70.0241
2026-06-01 17:52:59.540,LIVE,10.4443,86.3102,70.0269
2026-06-01 17:52:59.572,LIVE,10.4515,86.3098,70.0295
2026-06-01 17:52:59.603,LIVE,10.4585,86.3095,70.0319
2026-06-01 17:52:59.635,LIVE,10.4655,86.2275,70.0354
2026-06-01 17:52:59.666,LIVE,10.4731,86.1538,70.0387
2026-06-01 17:52:59.699,LIVE,10.4795,86.0874,70.0418
2026-06-01 17:52:59.729,LIVE,10.4859,86.0276,70.0448
2026-06-01 17:52:59.761,LIVE,10.4922,85.9738,70.0476
2026-06-01 17:52:59.793,LIVE,10.4983,85.9254,70.0503
2026-06-01 17:52:59.824,LIVE,10.5045,85.8818,70.0528
2026-06-01 17:52:59.855,LIVE,10.5102,85.8426,70.0553
2026-06-01 17:52:59.888,LIVE,10.5162,85.8073,70.0576
2026-06-01 17:52:59.920,LIVE,10.5218,85.7756,70.0597
2026-06-01 17:52:59.951,LIVE,10.5272,85.747,70.0618
2026-06-01 17:52:59.983,LIVE,10.5322,85.7212,70.0638
2026-06-01 17:53:00.016,LIVE,10.5371,85.6981,70.0657
2026-06-01 17:53:00.046,LIVE,10.5419,85.6773,70.0674
2026-06-01 17:53:00.079,LIVE,10.5466,85.6585,70.0691
2026-06-01 17:53:00.108,LIVE,10.5513,85.6416,70.0707
2026-06-01 17:53:00.141,LIVE,10.5557,85.5387,69.9491
2026-06-01 17:53:00.171,LIVE,10.5601,85.4461,69.8335
2026-06-01 17:53:00.204,LIVE,10.5641,85.3628,69.7237
2026-06-01 17:53:00.240,LIVE,10.5681,85.2878,69.6194
2026-06-01 17:53:00.266,LIVE,10.5722,85.2203,69.5203
2026-06-01 17:53:00.298,LIVE,10.5761,85.1595,69.4261
2026-06-01 17:53:00.329,LIVE,10.58,85.1049,69.3367
2026-06-01 17:53:00.361,LIVE,10.5849,85.0556,69.2517
2026-06-01 17:53:00.392,LIVE,10.5886,85.0113,69.171
2026-06-01 17:53:00.425,LIVE,10.5924,84.9715,69.0943
2026-06-01 17:53:00.455,LIVE,10.5962,84.9356,69.0215
2026-06-01 17:53:00.487,LIVE,10.5999,84.9033,68.9523
2026-06-01 17:53:00.519,LIVE,10.6038,84.8743,68.8865
2026-06-01 17:53:00.550,LIVE,10.6079,84.8481,68.8241
2026-06-01 17:53:00.580,LIVE,10.612,84.8246,68.7647
2026-06-01 17:53:00.613,LIVE,10.6163,84.8034,68.7084
2026-06-01 17:53:00.645,LIVE,10.6207,84.6945,68.6354
2026-06-01 17:53:00.675,LIVE,10.6251,84.5965,68.5662
2026-06-01 17:53:00.707,LIVE,10.6294,84.5083,68.5004
2026-06-01 17:53:00.739,LIVE,10.6341,84.4289,68.4378
2026-06-01 17:53:00.771,LIVE,10.6389,84.3575,68.3784
2026-06-01 17:53:00.802,LIVE,10.6438,84.2932,68.322
2026-06-01 17:53:00.834,LIVE,10.6488,84.2353,68.2684
2026-06-01 17:53:00.865,LIVE,10.654,84.1833,68.2175
2026-06-01 17:53:00.895,LIVE,10.6595,84.1364,68.1691
2026-06-01 17:53:00.927,LIVE,10.6652,84.0942,68.1231
2026-06-01 17:53:00.960,LIVE,10.6712,84.0562,68.0795
2026-06-01 17:53:00.992,LIVE,10.6771,84.0221,68.038
2026-06-01 17:53:01.027,LIVE,10.6833,83.9913,67.9986
2026-06-01 17:53:01.056,LIVE,10.6912,83.9636,67.9612
2026-06-01 17:53:01.087,LIVE,10.6978,83.9387,67.9256
2026-06-01 17:53:01.117,LIVE,10.7048,83.8457,67.8932
2026-06-01 17:53:01.150,LIVE,10.712,83.7619,67.8624
2026-06-01 17:53:01.179,LIVE,10.7194,83.6865,67.8331
2026-06-01 17:53:01.211,LIVE,10.7274,83.6187,67.8053
2026-06-01 17:53:01.243,LIVE,10.7354,83.5576,67.7789
2026-06-01 17:53:01.275,LIVE,10.7439,83.5026,67.7538
2026-06-01 17:53:01.306,LIVE,10.7525,83.4532,67.73
2026-06-01 17:53:01.337,LIVE,10.7613,83.4087,67.7074
2026-06-01 17:53:01.370,LIVE,10.7702,83.3686,67.6859
2026-06-01 17:53:01.401,LIVE,10.7792,83.3325,67.6654
2026-06-01 17:53:01.433,LIVE,10.7882,83.3001,67.646
2026-06-01 17:53:01.464,LIVE,10.7976,83.2709,67.6276
2026-06-01 17:53:01.495,LIVE,10.807,83.2446,67.6101
2026-06-01 17:53:01.526,LIVE,10.8167,83.2209,67.5934
2026-06-01 17:53:01.558,LIVE,10.8261,83.1996,67.5776
2026-06-01 17:53:01.588,LIVE,10.8361,83.1805,67.5626
2026-06-01 17:53:01.620,LIVE,10.8461,83.1526,67.5475
2026-06-01 17:53:01.652,LIVE,10.8562,83.1275,67.5331
2026-06-01 17:53:01.684,LIVE,10.8664,83.1049,67.5195
2026-06-01 17:53:01.716,LIVE,10.8767,83.0846,67.5066
2026-06-01 17:53:01.748,LIVE,10.888,83.0663,67.4943
2026-06-01 17:53:01.780,LIVE,10.8984,83.0499,67.4826
2026-06-01 17:53:01.815,LIVE,10.9091,83.0351,67.4715
2026-06-01 17:53:01.843,LIVE,10.9196,83.0217,67.461
2026-06-01 17:53:01.874,LIVE,10.9305,83.0097,67.451
2026-06-01 17:53:01.905,LIVE,10.9413,82.9989,67.4414
2026-06-01 17:53:01.937,LIVE,10.9526,82.9892,67.4324
2026-06-01 17:53:01.970,LIVE,10.964,82.9805,67.4238
2026-06-01 17:53:02.000,LIVE,10.9752,82.9726,67.4157
2026-06-01 17:53:02.032,LIVE,10.9867,82.9655,67.4079
2026-06-01 17:53:02.064,LIVE,10.998,82.9591,67.4006
2026-06-01 17:53:02.095,LIVE,11.0094,82.9534,67.3936
2026-06-01 17:53:02.127,LIVE,11.0209,82.9587,67.3664
2026-06-01 17:53:02.159,LIVE,11.0325,82.9635,67.3405
2026-06-01 17:53:02.190,LIVE,11.0439,82.9679,67.3159
2026-06-01 17:53:02.221,LIVE,11.0554,82.9717,67.2926
2026-06-01 17:53:02.253,LIVE,11.0667,82.9753,67.2705
2026-06-01 17:53:02.286,LIVE,11.078,82.9784,67.2494
2026-06-01 17:53:02.318,LIVE,11.0893,82.9812,67.2294
2026-06-01 17:53:02.349,LIVE,11.1004,82.9838,67.2104
2026-06-01 17:53:02.381,LIVE,11.1116,82.9861,67.1924
2026-06-01 17:53:02.412,LIVE,11.1228,82.9882,67.1752
2026-06-01 17:53:02.444,LIVE,11.1341,82.99,67.1589
2026-06-01 17:53:02.476,LIVE,11.1448,82.9917,67.1434
2026-06-01 17:53:02.507,LIVE,11.1553,82.9932,67.1287
2026-06-01 17:53:02.540,LIVE,11.1658,82.9946,67.1148
2026-06-01 17:53:02.572,LIVE,11.1766,82.9958,67.1015
2026-06-01 17:53:02.606,LIVE,11.1875,82.9969,67.0889
2026-06-01 17:53:02.635,LIVE,11.1982,82.9704,67.0909
2026-06-01 17:53:02.665,LIVE,11.2088,82.9465,67.0927
2026-06-01 17:53:02.698,LIVE,11.2192,82.925,67.0945
2026-06-01 17:53:02.729,LIVE,11.2294,82.9056,67.0962
2026-06-01 17:53:02.760,LIVE,11.2396,82.8882,67.0978
2026-06-01 17:53:02.792,LIVE,11.2495,82.8726,67.0993
2026-06-01 17:53:02.823,LIVE,11.2593,82.8585,67.1007
2026-06-01 17:53:02.856,LIVE,11.2687,82.8458,67.1021
2026-06-01 17:53:02.886,LIVE,11.2779,82.8344,67.1034
2026-06-01 17:53:02.918,LIVE,11.2873,82.8241,67.1046
2026-06-01 17:53:02.949,LIVE,11.2963,82.8148,67.1058
2026-06-01 17:53:02.981,LIVE,11.3057,82.8065,67.1069
2026-06-01 17:53:03.013,LIVE,11.3146,82.799,67.108
2026-06-01 17:53:03.045,LIVE,11.3234,82.7923,67.109
2026-06-01 17:53:03.076,LIVE,11.3322,82.7862,67.11
2026-06-01 17:53:03.106,LIVE,11.3417,82.7807,67.1109
2026-06-01 17:53:03.139,LIVE,11.3498,82.7623,67.1137
2026-06-01 17:53:03.171,LIVE,11.3576,82.7457,67.1165
2026-06-01 17:53:03.203,LIVE,11.3656,82.7308,67.1191
2026-06-01 17:53:03.235,LIVE,11.3734,82.7173,67.1215
2026-06-01 17:53:03.265,LIVE,11.381,82.7052,67.1239
2026-06-01 17:53:03.296,LIVE,11.3888,82.6944,67.1261
2026-06-01 17:53:03.328,LIVE,11.3965,82.6846,67.1282
2026-06-01 17:53:03.359,LIVE,11.4038,82.6757,67.1302
2026-06-01 17:53:03.395,LIVE,11.4105,82.6678,67.1321
2026-06-01 17:53:03.422,LIVE,11.4173,82.6607,67.1339
2026-06-01 17:53:03.455,LIVE,11.424,82.6542,67.1356
2026-06-01 17:53:03.486,LIVE,11.4306,82.6485,67.1373
2026-06-01 17:53:03.516,LIVE,11.437,82.6432,67.1388
2026-06-01 17:53:03.548,LIVE,11.4433,82.6386,67.1403
2026-06-01 17:53:03.581,LIVE,11.4496,82.6343,67.1417
2026-06-01 17:53:03.612,LIVE,11.4555,82.6305,67.143
2026-06-01 17:53:03.643,LIVE,11.461,82.6083,67.129
2026-06-01 17:53:03.674,LIVE,11.4665,82.5882,67.1157
2026-06-01 17:53:03.705,LIVE,11.4721,82.5702,67.1031
2026-06-01 17:53:03.736,LIVE,11.4775,82.5539,67.0911
2026-06-01 17:53:03.771,LIVE,11.4824,82.5393,67.0797
2026-06-01 17:53:03.800,LIVE,11.4887,82.5261,67.0688
2026-06-01 17:53:03.832,LIVE,11.4937,82.5143,67.0585
2026-06-01 17:53:03.864,LIVE,11.4987,82.5036,67.0488
2026-06-01 17:53:03.894,LIVE,11.5035,82.494,67.0395
2026-06-01 17:53:03.926,LIVE,11.5081,82.4854,67.0307
2026-06-01 17:53:03.959,LIVE,11.5126,82.4776,67.0223
2026-06-01 17:53:03.990,LIVE,11.5169,82.4706,67.0143
2026-06-01 17:53:04.023,LIVE,11.5216,82.4643,67.0067
2026-06-01 17:53:04.053,LIVE,11.5258,82.4587,66.9995
2026-06-01 17:53:04.087,LIVE,11.5303,82.4536,66.9927
2026-06-01 17:53:04.117,LIVE,11.5345,82.4568,66.9853
2026-06-01 17:53:04.149,LIVE,11.5387,82.4596,66.9783
2026-06-01 17:53:04.183,LIVE,11.5425,82.4622,66.9717
2026-06-01 17:53:04.211,LIVE,11.5464,82.4645,66.9653
2026-06-01 17:53:04.244,LIVE,11.5503,82.4666,66.9593
2026-06-01 17:53:04.276,LIVE,11.5541,82.4685,66.9536
2026-06-01 17:53:04.307,LIVE,11.5578,82.4702,66.9482
2026-06-01 17:53:04.339,LIVE,11.5614,82.4717,66.943
2026-06-01 17:53:04.370,LIVE,11.5648,82.4731,66.9381
2026-06-01 17:53:04.403,LIVE,11.568,82.4743,66.9335
2026-06-01 17:53:04.435,LIVE,11.5712,82.4754,66.9291
2026-06-01 17:53:04.465,LIVE,11.5741,82.4764,66.9249
2026-06-01 17:53:04.496,LIVE,11.5781,82.4773,66.9209
2026-06-01 17:53:04.527,LIVE,11.5808,82.4781,66.9171
2026-06-01 17:53:04.558,LIVE,11.5833,82.4788,66.9135
2026-06-01 17:53:04.589,LIVE,11.586,82.4795,66.9101
2026-06-01 17:53:04.621,LIVE,11.5885,82.4618,66.9221
2026-06-01 17:53:04.654,LIVE,11.591,82.4458,66.9335
2026-06-01 17:53:04.686,LIVE,11.5933,82.4315,66.9443
2026-06-01 17:53:04.719,LIVE,11.5957,82.4185,66.9546
2026-06-01 17:53:04.751,LIVE,11.598,82.4069,66.9644
2026-06-01 17:53:04.783,LIVE,11.6001,82.3965,66.9737
2026-06-01 17:53:04.814,LIVE,11.602,82.387,66.9825
2026-06-01 17:53:04.846,LIVE,11.6035,82.3786,66.9909
2026-06-01 17:53:04.877,LIVE,11.6051,82.3709,66.9989
2026-06-01 17:53:04.910,LIVE,11.6064,82.3641,67.0065
2026-06-01 17:53:04.941,LIVE,11.6074,82.3579,67.0137
2026-06-01 17:53:04.977,LIVE,11.6086,82.3523,67.0205
2026-06-01 17:53:05.004,LIVE,11.6097,82.3473,67.027
2026-06-01 17:53:05.037,LIVE,11.6107,82.3428,67.0331
2026-06-01 17:53:05.069,LIVE,11.6118,82.3388,67.039
2026-06-01 17:53:05.100,LIVE,11.6125,82.3351,67.0446
2026-06-01 17:53:05.132,LIVE,11.6133,82.3309,67.0294
2026-06-01 17:53:05.164,LIVE,11.6141,82.3271,67.0149
2026-06-01 17:53:05.196,LIVE,11.6158,82.3237,67.0012
2026-06-01 17:53:05.227,LIVE,11.616,82.3207,66.9881
2026-06-01 17:53:05.258,LIVE,11.6161,82.3179,66.9758
2026-06-01 17:53:05.290,LIVE,11.6164,82.3154,66.964
2026-06-01 17:53:05.322,LIVE,11.6165,82.3132,66.9528
2026-06-01 17:53:05.354,LIVE,11.6169,82.3112,66.9422
2026-06-01 17:53:05.386,LIVE,11.6174,82.3093,66.9321
2026-06-01 17:53:05.417,LIVE,11.6178,82.3077,66.9225
2026-06-01 17:53:05.448,LIVE,11.6182,82.3062,66.9134
2026-06-01 17:53:05.480,LIVE,11.6181,82.3049,66.9048
2026-06-01 17:53:05.512,LIVE,11.6181,82.3037,66.8965
2026-06-01 17:53:05.542,LIVE,11.6179,82.3027,66.8887
2026-06-01 17:53:05.574,LIVE,11.6173,82.3017,66.8813
2026-06-01 17:53:05.607,LIVE,11.6169,82.3008,66.8743
2026-06-01 17:53:05.639,LIVE,11.6161,82.3191,66.8735
2026-06-01 17:53:05.671,LIVE,11.6156,82.3356,66.8727
2026-06-01 17:53:05.702,LIVE,11.6152,82.3504,66.872
2026-06-01 17:53:05.735,LIVE,11.6142,82.3637,66.8714
2026-06-01 17:53:05.770,LIVE,11.6133,82.3757,66.8707
2026-06-01 17:53:05.798,LIVE,11.6122,82.3865,66.8701
2026-06-01 17:53:05.830,LIVE,11.611,82.3963,66.8695
2026-06-01 17:53:05.861,LIVE,11.6107,82.405,66.869
2026-06-01 17:53:05.891,LIVE,11.609,82.4129,66.8685
2026-06-01 17:53:05.923,LIVE,11.6077,82.42,66.868
2026-06-01 17:53:05.955,LIVE,11.6063,82.4263,66.8675
2026-06-01 17:53:05.987,LIVE,11.6049,82.4321,66.8671
2026-06-01 17:53:06.018,LIVE,11.6035,82.4372,66.8666
2026-06-01 17:53:06.051,LIVE,11.6021,82.4419,66.8662
2026-06-01 17:53:06.083,LIVE,11.6006,82.4461,66.8659
2026-06-01 17:53:06.115,LIVE,11.5991,82.4498,66.8655
2026-06-01 17:53:06.147,LIVE,11.5974,82.4635,66.8225
2026-06-01 17:53:06.179,LIVE,11.5956,82.4758,66.7816
2026-06-01 17:53:06.211,LIVE,11.5939,82.4869,66.7428
2026-06-01 17:53:06.242,LIVE,11.5919,82.4969,66.7059
2026-06-01 17:53:06.274,LIVE,11.5903,82.5059,66.6708
2026-06-01 17:53:06.305,LIVE,11.5883,82.514,66.6375
2026-06-01 17:53:06.336,LIVE,11.586,82.5212,66.6059
2026-06-01 17:53:06.369,LIVE,11.5839,82.5278,66.5758
2026-06-01 17:53:06.401,LIVE,11.5817,82.5337,66.5473
2026-06-01 17:53:06.431,LIVE,11.5795,82.539,66.5202
2026-06-01 17:53:06.463,LIVE,11.577,82.5437,66.4944
2026-06-01 17:53:06.494,LIVE,11.5745,82.548,66.4699
2026-06-01 17:53:06.525,LIVE,11.5722,82.5519,66.4467
2026-06-01 17:53:06.560,LIVE,11.5706,82.5554,66.4246
2026-06-01 17:53:06.589,LIVE,11.568,82.5585,66.4036
2026-06-01 17:53:06.621,LIVE,11.5658,82.5659,66.3837
2026-06-01 17:53:06.652,LIVE,11.5634,82.5725,66.3647
2026-06-01 17:53:06.684,LIVE,11.5607,82.5785,66.3467
2026-06-01 17:53:06.713,LIVE,11.5584,82.5839,66.3296
2026-06-01 17:53:06.746,LIVE,11.556,82.5888,66.3134
2026-06-01 17:53:06.777,LIVE,11.5539,82.5931,66.298
2026-06-01 17:53:06.811,LIVE,11.5517,82.5971,66.2833
2026-06-01 17:53:06.843,LIVE,11.5494,82.6006,66.2694
2026-06-01 17:53:06.873,LIVE,11.547,82.6038,66.2562
2026-06-01 17:53:06.903,LIVE,11.5444,82.6066,66.2436
2026-06-01 17:53:06.935,LIVE,11.5417,82.6092,66.2317
2026-06-01 17:53:06.968,LIVE,11.5393,82.6115,66.2203
2026-06-01 17:53:06.999,LIVE,11.5364,82.6136,66.2096
2026-06-01 17:53:07.031,LIVE,11.534,82.6155,66.1993
2026-06-01 17:53:07.062,LIVE,11.5315,82.6172,66.1896
2026-06-01 17:53:07.094,LIVE,11.529,82.6187,66.1804
2026-06-01 17:53:07.125,LIVE,11.5265,82.6363,65.3839
2026-06-01 17:53:07.157,LIVE,11.5239,82.6522,64.6272
2026-06-01 17:53:07.189,LIVE,11.5213,82.6664,63.9084
2026-06-01 17:53:07.221,LIVE,11.5198,82.6793,63.2255
2026-06-01 17:53:07.253,LIVE,11.5171,82.6908,62.5768
2026-06-01 17:53:07.285,LIVE,11.5145,82.7012,61.9605
2026-06-01 17:53:07.316,LIVE,11.5119,82.7106,61.375
2026-06-01 17:53:07.352,LIVE,11.5093,82.719,60.8188
2026-06-01 17:53:07.379,LIVE,11.5068,82.7266,60.2904
2026-06-01 17:53:07.410,LIVE,11.5042,82.7334,59.7884
2026-06-01 17:53:07.443,LIVE,11.5017,82.7396,59.3116
2026-06-01 17:53:07.475,LIVE,11.4992,82.7451,58.8585
2026-06-01 17:53:07.505,LIVE,11.4967,82.7501,58.4281
2026-06-01 17:53:07.538,LIVE,11.4939,82.7545,58.0193
2026-06-01 17:53:07.569,LIVE,11.4913,82.7586,57.6309
2026-06-01 17:53:07.601,LIVE,11.4887,82.7622,57.2619
2026-06-01 17:53:07.633,LIVE,11.4863,82.7826,56.9114
2026-06-01 17:53:07.664,LIVE,11.4838,82.8009,56.5786
2026-06-01 17:53:07.696,LIVE,11.4814,82.8174,56.2623
2026-06-01 17:53:07.726,LIVE,11.4788,82.8323,55.9619
2026-06-01 17:53:07.758,LIVE,11.4763,82.8456,55.6765
2026-06-01 17:53:07.792,LIVE,11.4738,82.8577,55.4053
2026-06-01 17:53:07.824,LIVE,11.4711,82.8685,55.1478
2026-06-01 17:53:07.855,LIVE,11.4684,82.8782,54.9031
2026-06-01 17:53:07.888,LIVE,11.4666,82.887,54.6706
2026-06-01 17:53:07.918,LIVE,11.4639,82.8949,54.4498
2026-06-01 17:53:07.951,LIVE,11.4612,82.902,54.24
2026-06-01 17:53:07.983,LIVE,11.4586,82.9084,54.0406
2026-06-01 17:53:08.014,LIVE,11.4561,82.9142,53.8513
2026-06-01 17:53:08.047,LIVE,11.4535,82.9193,53.6714
2026-06-01 17:53:08.078,LIVE,11.4513,82.924,53.5005
2026-06-01 17:53:08.110,LIVE,11.4489,82.9282,53.3382
2026-06-01 17:53:08.146,LIVE,11.4465,82.9542,53.1695
2026-06-01 17:53:08.173,LIVE,11.4443,82.9776,53.0093
2026-06-01 17:53:08.206,LIVE,11.4419,82.9987,52.8571
2026-06-01 17:53:08.237,LIVE,11.4397,83.0176,52.7124
2026-06-01 17:53:08.268,LIVE,11.4372,83.0347,52.575
2026-06-01 17:53:08.301,LIVE,11.4349,83.05,52.4445
2026-06-01 17:53:08.330,LIVE,11.4325,83.0639,52.3205
2026-06-01 17:53:08.363,LIVE,11.43,83.0763,52.2027
2026-06-01 17:53:08.394,LIVE,11.4277,83.0875,52.0908
2026-06-01 17:53:08.425,LIVE,11.4256,83.0976,51.9845
2026-06-01 17:53:08.457,LIVE,11.423,83.1066,51.8835
2026-06-01 17:53:08.490,LIVE,11.4207,83.1148,51.7876
2026-06-01 17:53:08.520,LIVE,11.4183,83.1221,51.6965
2026-06-01 17:53:08.552,LIVE,11.4172,83.1288,51.6099
2026-06-01 17:53:08.585,LIVE,11.4146,83.1347,51.5276
2026-06-01 17:53:08.617,LIVE,11.4122,83.1401,51.4495
2026-06-01 17:53:08.649,LIVE,11.4098,83.155,50.8368
2026-06-01 17:53:08.679,LIVE,11.4076,83.1684,50.2548
2026-06-01 17:53:08.711,LIVE,11.4054,83.1804,49.7019
2026-06-01 17:53:08.742,LIVE,11.4034,83.1913,49.1766
2026-06-01 17:53:08.775,LIVE,11.4016,83.2011,48.6776
2026-06-01 17:53:08.806,LIVE,11.3996,83.2099,48.2036
2026-06-01 17:53:08.837,LIVE,11.3976,83.2178,47.7532
2026-06-01 17:53:08.869,LIVE,11.3954,83.2249,47.3254
2026-06-01 17:53:08.902,LIVE,11.3933,83.2313,46.9189
2026-06-01 17:53:08.934,LIVE,11.3911,83.2371,46.5328
2026-06-01 17:53:08.962,LIVE,11.3892,83.2423,46.166
2026-06-01 17:53:08.994,LIVE,11.3872,83.247,45.8175
2026-06-01 17:53:09.027,LIVE,11.3848,83.2512,45.4865
2026-06-01 17:53:09.059,LIVE,11.3829,83.255,45.172
2026-06-01 17:53:09.090,LIVE,11.3811,83.2584,44.8732
2026-06-01 17:53:09.122,LIVE,11.3793,83.2783,44.578
2026-06-01 17:53:09.152,LIVE,11.3774,83.2963,44.2976
2026-06-01 17:53:09.184,LIVE,11.3754,83.3125,44.0312
2026-06-01 17:53:09.217,LIVE,11.3747,83.327,43.7781
2026-06-01 17:53:09.248,LIVE,11.3728,83.3401,43.5377
2026-06-01 17:53:09.280,LIVE,11.3709,83.3519,43.3093
2026-06-01 17:53:09.311,LIVE,11.3693,83.3625,43.0923
2026-06-01 17:53:09.341,LIVE,11.368,83.3721,42.8861
2026-06-01 17:53:09.373,LIVE,11.3662,83.3807,42.6903
2026-06-01 17:53:09.405,LIVE,11.3645,83.3884,42.5043
2026-06-01 17:53:09.437,LIVE,11.3633,83.3954,42.3275
2026-06-01 17:53:09.468,LIVE,11.3619,83.4016,42.1596
2026-06-01 17:53:09.500,LIVE,11.3604,83.4073,42.0001
2026-06-01 17:53:09.532,LIVE,11.3589,83.4124,41.8486
2026-06-01 17:53:09.563,LIVE,11.3576,83.4169,41.7047
2026-06-01 17:53:09.594,LIVE,11.3562,83.421,41.5679
2026-06-01 17:53:09.626,LIVE,11.3547,83.4492,41.437
2026-06-01 17:53:09.658,LIVE,11.3532,83.4746,41.3126
2026-06-01 17:53:09.690,LIVE,11.352,83.4974,41.1945
2026-06-01 17:53:09.724,LIVE,11.3509,83.518,41.0823
2026-06-01 17:53:09.754,LIVE,11.3499,83.5364,40.9756
2026-06-01 17:53:09.785,LIVE,11.3487,83.5531,40.8743
2026-06-01 17:53:09.818,LIVE,11.3476,83.5681,40.7781
2026-06-01 17:53:09.850,LIVE,11.3463,83.5815,40.6867
2026-06-01 17:53:09.880,LIVE,11.3464,83.5937,40.5998
2026-06-01 17:53:09.911,LIVE,11.3451,83.6046,40.5173
2026-06-01 17:53:09.943,LIVE,11.344,83.6144,40.439
2026-06-01 17:53:09.974,LIVE,11.3428,83.6233,40.3645
2026-06-01 17:53:10.006,LIVE,11.3415,83.6312,40.2938
2026-06-01 17:53:10.037,LIVE,11.3406,83.6384,40.2266
2026-06-01 17:53:10.069,LIVE,11.3393,83.6448,40.1627
2026-06-01 17:53:10.100,LIVE,11.3384,83.6506,40.1021
2026-06-01 17:53:10.132,LIVE,11.3372,83.6988,40.0433
2026-06-01 17:53:10.163,LIVE,11.3358,83.7421,39.9875
2026-06-01 17:53:10.195,LIVE,11.3347,83.7811,39.9345
2026-06-01 17:53:10.227,LIVE,11.3336,83.8162,39.8841
2026-06-01 17:53:10.260,LIVE,11.3327,83.8478,39.8363
2026-06-01 17:53:10.292,LIVE,11.3317,83.8762,39.7908
2026-06-01 17:53:10.324,LIVE,11.3304,83.9018,39.7476
2026-06-01 17:53:10.355,LIVE,11.3292,83.9248,39.7066
2026-06-01 17:53:10.387,LIVE,11.3283,83.9456,39.6676
2026-06-01 17:53:10.419,LIVE,11.3276,83.9642,39.6306
2026-06-01 17:53:10.451,LIVE,11.3268,83.981,39.5954
2026-06-01 17:53:10.484,LIVE,11.326,83.9961,39.562
2026-06-01 17:53:10.519,LIVE,11.325,84.0097,39.5303
2026-06-01 17:53:10.547,LIVE,11.3252,84.022,39.5001
2026-06-01 17:53:10.578,LIVE,11.3242,84.033,39.4715
2026-06-01 17:53:10.609,LIVE,11.3233,84.0429,39.4443
2026-06-01 17:53:10.641,LIVE,11.3227,84.0518,39.4245
2026-06-01 17:53:10.673,LIVE,11.3221,84.0598,39.4057
2026-06-01 17:53:10.704,LIVE,11.3218,84.0671,39.3878
2026-06-01 17:53:10.736,LIVE,11.3218,84.0736,39.3709
2026-06-01 17:53:10.768,LIVE,11.3217,84.0794,39.3548
2026-06-01 17:53:10.800,LIVE,11.3217,84.0847,39.3395
2026-06-01 17:53:10.832,LIVE,11.322,84.0894,39.3249
2026-06-01 17:53:10.865,LIVE,11.3225,84.0937,39.3111
2026-06-01 17:53:10.894,LIVE,11.3231,84.0975,39.298
2026-06-01 17:53:10.927,LIVE,11.324,84.101,39.2855
2026-06-01 17:53:10.959,LIVE,11.3251,84.1041,39.2737
2026-06-01 17:53:10.991,LIVE,11.3264,84.1069,39.2624
2026-06-01 17:53:11.022,LIVE,11.3279,84.1094,39.2517
2026-06-01 17:53:11.054,LIVE,11.3298,84.1117,39.2416
2026-06-01 17:53:11.086,LIVE,11.332,84.1137,39.2319
2026-06-01 17:53:11.118,LIVE,11.3346,84.184,39.2385
2026-06-01 17:53:11.150,LIVE,11.3372,84.2472,39.2448
2026-06-01 17:53:11.182,LIVE,11.3406,84.304,39.2507
2026-06-01 17:53:11.213,LIVE,11.3441,84.3552,39.2564
2026-06-01 17:53:11.245,LIVE,11.348,84.4013,39.2617
2026-06-01 17:53:11.277,LIVE,11.3524,84.4428,39.2668
2026-06-01 17:53:11.311,LIVE,11.3572,84.4801,39.2717
2026-06-01 17:53:11.341,LIVE,11.3626,84.5137,39.2763
2026-06-01 17:53:11.373,LIVE,11.3685,84.5439,39.2806
2026-06-01 17:53:11.404,LIVE,11.3748,84.5711,39.2848
2026-06-01 17:53:11.435,LIVE,11.3816,84.5956,39.2887
2026-06-01 17:53:11.467,LIVE,11.3886,84.6176,39.2925
2026-06-01 17:53:11.499,LIVE,11.3962,84.6375,39.296
2026-06-01 17:53:11.531,LIVE,11.4037,84.6553,39.2994
2026-06-01 17:53:11.562,LIVE,11.4118,84.6714,39.3026
2026-06-01 17:53:11.595,LIVE,11.4204,84.6858,39.3057
2026-06-01 17:53:11.628,LIVE,11.4297,84.9425,39.3927
2026-06-01 17:53:11.660,LIVE,11.4389,85.1734,39.4753
2026-06-01 17:53:11.691,LIVE,11.4486,85.3813,39.5538
2026-06-01 17:53:11.721,LIVE,11.4589,85.5684,39.6284
2026-06-01 17:53:11.753,LIVE,11.4695,85.7367,39.6993
2026-06-01 17:53:11.785,LIVE,11.4797,85.8883,39.7666
2026-06-01 17:53:11.816,LIVE,11.491,86.0246,39.8305
2026-06-01 17:53:11.849,LIVE,11.5031,86.1474,39.8913
2026-06-01 17:53:11.882,LIVE,11.5152,86.2579,39.949
2026-06-01 17:53:11.912,LIVE,11.527,86.3573,40.0038
2026-06-01 17:53:11.945,LIVE,11.5392,86.4468,40.0559
2026-06-01 17:53:11.976,LIVE,11.5515,86.5273,40.1054
2026-06-01 17:53:12.009,LIVE,11.5644,86.5998,40.1524
2026-06-01 17:53:12.041,LIVE,11.578,86.665,40.197
2026-06-01 17:53:12.072,LIVE,11.5913,86.7237,40.2394
2026-06-01 17:53:12.106,LIVE,11.605,86.7765,40.2797
2026-06-01 17:53:12.135,LIVE,11.6191,86.941,40.3156
2026-06-01 17:53:12.167,LIVE,11.6331,87.089,40.3497
2026-06-01 17:53:12.200,LIVE,11.6476,87.2222,40.3821
2026-06-01 17:53:12.232,LIVE,11.6624,87.3421,40.4129
2026-06-01 17:53:12.263,LIVE,11.6771,87.45,40.4422
2026-06-01 17:53:12.297,LIVE,11.6921,87.5471,40.4699
2026-06-01 17:53:12.328,LIVE,11.7075,87.6345,40.4963
2026-06-01 17:53:12.360,LIVE,11.7229,87.7132,40.5214
2026-06-01 17:53:12.392,LIVE,11.7387,87.784,40.5452
2026-06-01 17:53:12.424,LIVE,11.7545,87.8477,40.5678
2026-06-01 17:53:12.455,LIVE,11.7712,87.905,40.5893
2026-06-01 17:53:12.487,LIVE,11.7873,87.9566,40.6097
2026-06-01 17:53:12.519,LIVE,11.8034,88.0031,40.6291
2026-06-01 17:53:12.552,LIVE,11.8196,88.0449,40.6476
2026-06-01 17:53:12.583,LIVE,11.8357,88.0825,40.6651
2026-06-01 17:53:12.615,LIVE,11.8518,88.1163,40.6817
2026-06-01 17:53:12.647,LIVE,11.8687,88.1723,40.6975
2026-06-01 17:53:12.678,LIVE,11.886,88.2226,40.7125
2026-06-01 17:53:12.711,LIVE,11.9034,88.2679,40.7268
2026-06-01 17:53:12.742,LIVE,11.9205,88.3087,40.7403
2026-06-01 17:53:12.772,LIVE,11.938,88.3454,40.7532
2026-06-01 17:53:12.805,LIVE,11.9551,88.3784,40.7654
2026-06-01 17:53:12.836,LIVE,11.9724,88.4082,40.777
2026-06-01 17:53:12.868,LIVE,11.9896,88.4349,40.7881
2026-06-01 17:53:12.903,LIVE,12.0068,88.459,40.7985
2026-06-01 17:53:12.931,LIVE,12.0239,88.4807,40.8085
2026-06-01 17:53:12.963,LIVE,12.0408,88.5002,40.818
2026-06-01 17:53:12.994,LIVE,12.0575,88.5177,40.827
2026-06-01 17:53:13.027,LIVE,12.0732,88.5335,40.8355
2026-06-01 17:53:13.058,LIVE,12.0893,88.5477,40.8436
2026-06-01 17:53:13.089,LIVE,12.1064,88.5605,40.8513
2026-06-01 17:53:13.122,LIVE,12.1224,88.5895,41.1002
2026-06-01 17:53:13.153,LIVE,12.1377,88.6155,41.3366
2026-06-01 17:53:13.185,LIVE,12.1533,88.639,41.5613
2026-06-01 17:53:13.216,LIVE,12.1681,88.6601,41.7747
2026-06-01 17:53:13.246,LIVE,12.1835,88.6791,41.9774
2026-06-01 17:53:13.279,LIVE,12.1981,88.6961,42.17
2026-06-01 17:53:13.311,LIVE,12.2132,88.7115,42.3529
2026-06-01 17:53:13.342,LIVE,12.2274,88.7254,42.5267
2026-06-01 17:53:13.374,LIVE,12.2419,88.7378,42.6918
2026-06-01 17:53:13.405,LIVE,12.2562,88.749,42.8487
2026-06-01 17:53:13.437,LIVE,12.2701,88.7591,42.9977
2026-06-01 17:53:13.469,LIVE,12.2837,88.7682,43.1393
2026-06-01 17:53:13.501,LIVE,12.2972,88.7764,43.2738
2026-06-01 17:53:13.533,LIVE,12.3103,88.7837,43.4016
2026-06-01 17:53:13.565,LIVE,12.323,88.7904,43.5229
2026-06-01 17:53:13.597,LIVE,12.3357,88.7963,43.6382
2026-06-01 17:53:13.628,LIVE,12.3478,88.8639,43.7617
2026-06-01 17:53:13.660,LIVE,12.3596,88.9246,43.879
2026-06-01 17:53:13.697,LIVE,12.3714,88.9793,43.9904
2026-06-01 17:53:13.723,LIVE,12.3824,89.0286,44.0963
2026-06-01 17:53:13.754,LIVE,12.3928,89.0729,44.1968
2026-06-01 17:53:13.786,LIVE,12.4032,89.1128,44.2923
2026-06-01 17:53:13.817,LIVE,12.4133,89.1486,44.3831
2026-06-01 17:53:13.849,LIVE,12.4229,89.1809,44.4693
2026-06-01 17:53:13.882,LIVE,12.4322,89.21,44.5512
2026-06-01 17:53:13.912,LIVE,12.4418,89.2362,44.629
2026-06-01 17:53:13.943,LIVE,12.4508,89.2597,44.7029
2026-06-01 17:53:13.976,LIVE,12.4597,89.2809,44.7732
2026-06-01 17:53:14.007,LIVE,12.4681,89.3,44.8399
2026-06-01 17:53:14.039,LIVE,12.4758,89.3172,44.9033
2026-06-01 17:53:14.070,LIVE,12.484,89.3326,44.9635
2026-06-01 17:53:14.101,LIVE,12.4918,89.3465,45.0207
2026-06-01 17:53:14.133,LIVE,12.4996,89.3881,45.0979
2026-06-01 17:53:14.166,LIVE,12.5069,89.4255,45.1713
2026-06-01 17:53:14.199,LIVE,12.5136,89.4592,45.241
2026-06-01 17:53:14.230,LIVE,12.5206,89.4895,45.3072
2026-06-01 17:53:14.261,LIVE,12.5273,89.5168,45.3701
2026-06-01 17:53:14.294,LIVE,12.5341,89.5413,45.4299
2026-06-01 17:53:14.325,LIVE,12.5405,89.5634,45.4867
2026-06-01 17:53:14.355,LIVE,12.5461,89.5833,45.5406
2026-06-01 17:53:14.388,LIVE,12.5519,89.6012,45.5918
2026-06-01 17:53:14.420,LIVE,12.5571,89.6173,45.6405
2026-06-01 17:53:14.452,LIVE,12.5628,89.6318,45.6868
2026-06-01 17:53:14.487,LIVE,12.5682,89.6449,45.7307
2026-06-01 17:53:14.515,LIVE,12.5733,89.6566,45.7724
2026-06-01 17:53:14.547,LIVE,12.5785,89.6672,45.8121
2026-06-01 17:53:14.577,LIVE,12.5834,89.6767,45.8497
2026-06-01 17:53:14.609,LIVE,12.588,89.6853,45.8855
2026-06-01 17:53:14.640,LIVE,12.5923,89.714,45.9304
2026-06-01 17:53:14.672,LIVE,12.5962,89.7399,45.9729
2026-06-01 17:53:14.704,LIVE,12.6001,89.7632,46.0134
2026-06-01 17:53:14.736,LIVE,12.604,89.7841,46.0518
2026-06-01 17:53:14.767,LIVE,12.6072,89.803,46.0883
2026-06-01 17:53:14.799,LIVE,12.6102,89.8199,46.123
2026-06-01 17:53:14.831,LIVE,12.6134,89.8352,46.156
2026-06-01 17:53:14.863,LIVE,12.6162,89.849,46.1873
2026-06-01 17:53:14.894,LIVE,12.6188,89.8613,46.217
2026-06-01 17:53:14.926,LIVE,12.6221,89.8725,46.2453
2026-06-01 17:53:14.957,LIVE,12.6234,89.8825,46.2721
2026-06-01 17:53:14.990,LIVE,12.6255,89.8915,46.2976
2026-06-01 17:53:15.021,LIVE,12.6273,89.8996,46.3218
2026-06-01 17:53:15.054,LIVE,12.6283,89.9069,46.3448
2026-06-01 17:53:15.085,LIVE,12.6301,89.9135,46.3667
2026-06-01 17:53:15.117,LIVE,12.6318,89.9631,46.3738
2026-06-01 17:53:15.149,LIVE,12.6332,90.0078,46.3805
2026-06-01 17:53:15.181,LIVE,12.635,90.048,46.3869
2026-06-01 17:53:15.212,LIVE,12.6364,90.0842,46.393
2026-06-01 17:53:15.244,LIVE,12.6372,90.1167,46.3988
2026-06-01 17:53:15.282,LIVE,12.6381,90.146,46.4043
2026-06-01 17:53:15.308,LIVE,12.6384,90.1724,46.4095
2026-06-01 17:53:15.339,LIVE,12.6392,90.1961,46.4145
2026-06-01 17:53:15.372,LIVE,12.6399,90.2175,46.4192
2026-06-01 17:53:15.401,LIVE,12.6406,90.2367,46.4237
2026-06-01 17:53:15.433,LIVE,12.641,90.254,46.4279
2026-06-01 17:53:15.465,LIVE,12.6414,90.2696,46.432
2026-06-01 17:53:15.498,LIVE,12.6416,90.2836,46.4358
2026-06-01 17:53:15.528,LIVE,12.6419,90.2962,46.4394
2026-06-01 17:53:15.559,LIVE,12.6417,90.3076,46.4429
2026-06-01 17:53:15.591,LIVE,12.6415,90.3178,46.4462
2026-06-01 17:53:15.623,LIVE,12.6412,90.3494,46.4493
2026-06-01 17:53:15.656,LIVE,12.6407,90.3779,46.4523
2026-06-01 17:53:15.686,LIVE,12.6402,90.4035,46.4551
2026-06-01 17:53:15.718,LIVE,12.6396,90.4265,46.4578
2026-06-01 17:53:15.749,LIVE,12.6392,90.4473,46.4603
2026-06-01 17:53:15.781,LIVE,12.6386,90.4659,46.4627
2026-06-01 17:53:15.811,LIVE,12.6377,90.4828,46.465
2026-06-01 17:53:15.843,LIVE,12.6365,90.4979,46.4672
2026-06-01 17:53:15.875,LIVE,12.6355,90.5115,46.4693
2026-06-01 17:53:15.906,LIVE,12.6337,90.5237,46.4713
2026-06-01 17:53:15.938,LIVE,12.6324,90.5348,46.4731
2026-06-01 17:53:15.971,LIVE,12.6312,90.5447,46.4749
2026-06-01 17:53:16.002,LIVE,12.6296,90.5536,46.4766
2026-06-01 17:53:16.033,LIVE,12.6282,90.5617,46.4782
2026-06-01 17:53:16.070,LIVE,12.6269,90.5689,46.4797
2026-06-01 17:53:16.098,LIVE,12.6255,90.5754,46.4812
2026-06-01 17:53:16.129,LIVE,12.625,90.6041,46.4826
2026-06-01 17:53:16.161,LIVE,12.6231,90.6299,46.4839
2026-06-01 17:53:16.192,LIVE,12.6208,90.6531,46.4851
2026-06-01 17:53:16.224,LIVE,12.6186,90.674,46.4863
2026-06-01 17:53:16.256,LIVE,12.617,90.6928,46.4874
2026-06-01 17:53:16.288,LIVE,12.6155,90.7098,46.4885
2026-06-01 17:53:16.320,LIVE,12.614,90.725,46.4895
2026-06-01 17:53:16.351,LIVE,12.6124,90.7387,46.4904
2026-06-01 17:53:16.383,LIVE,12.6104,90.7511,46.4914
2026-06-01 17:53:16.415,LIVE,12.608,90.7622,46.4922
2026-06-01 17:53:16.448,LIVE,12.6058,90.7722,46.493
2026-06-01 17:53:16.481,LIVE,12.6036,90.7812,46.4938
2026-06-01 17:53:16.512,LIVE,12.6016,90.7893,46.4946
2026-06-01 17:53:16.543,LIVE,12.5993,90.7966,46.4953
2026-06-01 17:53:16.576,LIVE,12.5969,90.8031,46.4959
2026-06-01 17:53:16.607,LIVE,12.5947,90.8091,46.4966
2026-06-01 17:53:16.638,LIVE,12.5919,90.8741,46.5049
2026-06-01 17:53:16.671,LIVE,12.5896,90.9325,46.5128
2026-06-01 17:53:16.701,LIVE,12.5864,90.9852,46.5202
2026-06-01 17:53:16.732,LIVE,12.5846,91.0326,46.5273
2026-06-01 17:53:16.765,LIVE,12.5819,91.0752,46.5341
2026-06-01 17:53:16.796,LIVE,12.5794,91.1136,46.5405
2026-06-01 17:53:16.829,LIVE,12.5765,91.1481,46.5466
2026-06-01 17:53:16.863,LIVE,12.5732,91.1792,46.5524
2026-06-01 17:53:16.891,LIVE,12.5703,91.2072,46.5579
2026-06-01 17:53:16.924,LIVE,12.5676,91.2324,46.5631
2026-06-01 17:53:16.956,LIVE,12.5649,91.2551,46.5681
2026-06-01 17:53:16.987,LIVE,12.5624,91.2755,46.5728
2026-06-01 17:53:17.019,LIVE,12.5598,91.2938,46.5773
2026-06-01 17:53:17.050,LIVE,12.5564,91.3103,46.5816
2026-06-01 17:53:17.082,LIVE,12.5534,91.3252,46.5856
2026-06-01 17:53:17.115,LIVE,12.5504,91.3386,46.5894
2026-06-01 17:53:17.147,LIVE,12.5475,91.3449,46.8132
2026-06-01 17:53:17.177,LIVE,12.5442,91.3507,47.0257
2026-06-01 17:53:17.210,LIVE,12.5408,91.3558,47.2276
2026-06-01 17:53:17.240,LIVE,12.5378,91.3604,47.4195
2026-06-01 17:53:17.270,LIVE,12.535,91.3646,47.6017
2026-06-01 17:53:17.302,LIVE,12.5317,91.3684,47.7748
2026-06-01 17:53:17.334,LIVE,12.5282,91.3717,47.9393
2026-06-01 17:53:17.364,LIVE,12.5252,91.3748,48.0955
2026-06-01 17:53:17.397,LIVE,12.523,91.3775,48.2439
2026-06-01 17:53:17.429,LIVE,12.5196,91.38,48.385
2026-06-01 17:53:17.460,LIVE,12.5159,91.3822,48.5189
2026-06-01 17:53:17.492,LIVE,12.5124,91.3842,48.6462
2026-06-01 17:53:17.524,LIVE,12.5091,91.386,48.7671
2026-06-01 17:53:17.556,LIVE,12.5059,91.3876,48.8819
2026-06-01 17:53:17.587,LIVE,12.5026,91.389,48.991
2026-06-01 17:53:17.619,LIVE,12.4995,91.4125,49.1074
2026-06-01 17:53:17.654,LIVE,12.4961,91.4336,49.218
2026-06-01 17:53:17.683,LIVE,12.4927,91.4527,49.3231
2026-06-01 17:53:17.715,LIVE,12.4893,91.4698,49.4229
2026-06-01 17:53:17.747,LIVE,12.4858,91.4852,49.5177
2026-06-01 17:53:17.779,LIVE,12.4824,91.499,49.6078
2026-06-01 17:53:17.810,LIVE,12.479,91.5115,49.6934
2026-06-01 17:53:17.842,LIVE,12.4756,91.5227,49.7746
2026-06-01 17:53:17.873,LIVE,12.4717,91.5328,49.8519
2026-06-01 17:53:17.906,LIVE,12.4684,91.5419,49.9252
2026-06-01 17:53:17.937,LIVE,12.4651,91.5501,49.9949
2026-06-01 17:53:17.968,LIVE,12.4619,91.5575,50.0612
2026-06-01 17:53:18.000,LIVE,12.4584,91.5641,50.1241
2026-06-01 17:53:18.033,LIVE,12.4548,91.5701,50.1838
2026-06-01 17:53:18.064,LIVE,12.4514,91.5754,50.2406
2026-06-01 17:53:18.097,LIVE,12.4482,91.5803,50.2945
2026-06-01 17:53:18.129,LIVE,12.4447,91.5565,50.3452
2026-06-01 17:53:18.160,LIVE,12.4412,91.5352,50.3933
2026-06-01 17:53:18.193,LIVE,12.4378,91.5159,50.4391
2026-06-01 17:53:18.223,LIVE,12.4346,91.4986,50.4825
2026-06-01 17:53:18.254,LIVE,12.4308,91.483,50.5238
2026-06-01 17:53:18.286,LIVE,12.4274,91.469,50.563
2026-06-01 17:53:18.319,LIVE,12.4245,91.4564,50.6003
2026-06-01 17:53:18.352,LIVE,12.4209,91.445,50.6356
2026-06-01 17:53:18.384,LIVE,12.4173,91.4348,50.6693
2026-06-01 17:53:18.415,LIVE,12.4139,91.4256,50.7012
2026-06-01 17:53:18.451,LIVE,12.4107,91.4173,50.7315
2026-06-01 17:53:18.478,LIVE,12.4076,91.4099,50.7604
2026-06-01 17:53:18.510,LIVE,12.4042,91.4032,50.7877
2026-06-01 17:53:18.542,LIVE,12.4011,91.3971,50.8138
2026-06-01 17:53:18.572,LIVE,12.3981,91.3917,50.8385
2026-06-01 17:53:18.604,LIVE,12.395,91.3868,50.8619
2026-06-01 17:53:18.636,LIVE,12.3921,91.3929,50.9073
2026-06-01 17:53:18.668,LIVE,12.3893,91.3984,50.9504
2026-06-01 17:53:18.699,LIVE,12.3864,91.4034,50.9913
2026-06-01 17:53:18.731,LIVE,12.3832,91.4079,51.0302
2026-06-01 17:53:18.763,LIVE,12.3802,91.4119,51.0671
2026-06-01 17:53:18.796,LIVE,12.3781,91.4155,51.1022
2026-06-01 17:53:18.825,LIVE,12.3746,91.4187,51.1356
2026-06-01 17:53:18.858,LIVE,12.3711,91.4217,51.1673
2026-06-01 17:53:18.890,LIVE,12.3671,91.4243,51.1973
2026-06-01 17:53:18.922,LIVE,12.3633,91.4267,51.2259
2026-06-01 17:53:18.954,LIVE,12.3602,91.4288,51.2531
2026-06-01 17:53:18.985,LIVE,12.3569,91.4307,51.2789
2026-06-01 17:53:19.016,LIVE,12.3539,91.4324,51.3034
2026-06-01 17:53:19.048,LIVE,12.351,91.434,51.3267
2026-06-01 17:53:19.078,LIVE,12.348,91.4354,51.3488
2026-06-01 17:53:19.109,LIVE,12.3448,91.4366,51.3698
2026-06-01 17:53:19.141,LIVE,12.3417,91.4635,51.3882
2026-06-01 17:53:19.171,LIVE,12.3384,91.4877,51.4057
2026-06-01 17:53:19.204,LIVE,12.3347,91.5095,51.4223
2026-06-01 17:53:19.239,LIVE,12.3317,91.5291,51.4381
2026-06-01 17:53:19.268,LIVE,12.3287,91.5467,51.4531
2026-06-01 17:53:19.300,LIVE,12.3256,91.5626,51.4674
2026-06-01 17:53:19.331,LIVE,12.3223,91.5769,51.4809
2026-06-01 17:53:19.365,LIVE,12.3194,91.5897,51.4938
2026-06-01 17:53:19.397,LIVE,12.3167,91.6013,51.506
2026-06-01 17:53:19.428,LIVE,12.3135,91.6117,51.5176
2026-06-01 17:53:19.460,LIVE,12.3104,91.6211,51.5286
2026-06-01 17:53:19.490,LIVE,12.3079,91.6295,51.5391
2026-06-01 17:53:19.523,LIVE,12.3051,91.6371,51.549
2026-06-01 17:53:19.555,LIVE,12.302,91.644,51.5585
2026-06-01 17:53:19.586,LIVE,12.2991,91.6501,51.5675
2026-06-01 17:53:19.618,LIVE,12.2963,91.6556,51.5746
2026-06-01 17:53:19.649,LIVE,12.2934,91.6606,51.5815
2026-06-01 17:53:19.682,LIVE,12.2904,91.6651,51.588
2026-06-01 17:53:19.713,LIVE,12.2877,91.6691,51.5941
2026-06-01 17:53:19.746,LIVE,12.2852,91.6728,51.6
2026-06-01 17:53:19.777,LIVE,12.2825,91.676,51.6055
2026-06-01 17:53:19.808,LIVE,12.2799,91.679,51.6108
2026-06-01 17:53:19.841,LIVE,12.277,91.6816,51.6158
2026-06-01 17:53:19.871,LIVE,12.2743,91.684,51.6206
2026-06-01 17:53:19.903,LIVE,12.2715,91.6861,51.6251
2026-06-01 17:53:19.934,LIVE,12.2689,91.6881,51.6294
2026-06-01 17:53:19.967,LIVE,12.2665,91.6898,51.6335
2026-06-01 17:53:19.998,LIVE,12.2639,91.6914,51.6374
2026-06-01 17:53:20.032,LIVE,12.2616,91.6928,51.6411
2026-06-01 17:53:20.062,LIVE,12.2593,91.694,51.6446
2026-06-01 17:53:20.094,LIVE,12.2568,91.6952,51.6479
2026-06-01 17:53:20.124,LIVE,12.2542,91.7318,51.6579
2026-06-01 17:53:20.156,LIVE,12.252,91.7647,51.6673
2026-06-01 17:53:20.188,LIVE,12.2496,91.7944,51.6763
2026-06-01 17:53:20.219,LIVE,12.2472,91.821,51.6848
2026-06-01 17:53:20.251,LIVE,12.2449,91.845,51.6929
2026-06-01 17:53:20.284,LIVE,12.2426,91.8666,51.7006
2026-06-01 17:53:20.314,LIVE,12.2405,91.8861,51.708
2026-06-01 17:53:20.346,LIVE,12.2386,91.9036,51.7149
2026-06-01 17:53:20.379,LIVE,12.2368,91.9193,51.7215
2026-06-01 17:53:20.411,LIVE,12.2347,91.9335,51.7278
2026-06-01 17:53:20.442,LIVE,12.233,91.9463,51.7337
2026-06-01 17:53:20.475,LIVE,12.2312,91.9578,51.7394
2026-06-01 17:53:20.507,LIVE,12.2292,91.9681,51.7448
2026-06-01 17:53:20.538,LIVE,12.2277,91.9774,51.7499
2026-06-01 17:53:20.569,LIVE,12.2259,91.9858,51.7547
2026-06-01 17:53:20.600,LIVE,12.2244,91.9933,51.7593
2026-06-01 17:53:20.631,LIVE,12.2227,92.0038,51.71
2026-06-01 17:53:20.662,LIVE,12.2209,92.0132,51.6632
2026-06-01 17:53:20.695,LIVE,12.2198,92.0216,51.6187
2026-06-01 17:53:20.725,LIVE,12.219,92.0293,51.5764
2026-06-01 17:53:20.758,LIVE,12.2183,92.0361,51.5363
2026-06-01 17:53:20.789,LIVE,12.2177,92.0423,51.4981
2026-06-01 17:53:20.822,LIVE,12.2183,92.0478,51.4619
2026-06-01 17:53:20.851,LIVE,12.2183,92.0528,51.4274
2026-06-01 17:53:20.883,LIVE,12.2188,92.0573,51.3947
2026-06-01 17:53:20.914,LIVE,12.2192,92.0614,51.3636
2026-06-01 17:53:20.946,LIVE,12.22,92.065,51.3341
2026-06-01 17:53:20.979,LIVE,12.2211,92.0683,51.3061
2026-06-01 17:53:21.012,LIVE,12.2225,92.0713,51.2794
2026-06-01 17:53:21.042,LIVE,12.224,92.0739,51.2541
2026-06-01 17:53:21.075,LIVE,12.2265,92.0763,51.2301
2026-06-01 17:53:21.105,LIVE,12.2294,92.0785,51.2072
2026-06-01 17:53:21.138,LIVE,12.2336,92.0794,51.1754
2026-06-01 17:53:21.170,LIVE,12.238,92.0802,51.1452
2026-06-01 17:53:21.202,LIVE,12.2428,92.0809,51.1165
2026-06-01 17:53:21.234,LIVE,12.2472,92.0816,51.0893
2026-06-01 17:53:21.265,LIVE,12.2519,92.0822,51.0634
2026-06-01 17:53:21.296,LIVE,12.2568,92.0827,51.0388
2026-06-01 17:53:21.329,LIVE,12.2613,92.0832,51.0154
2026-06-01 17:53:21.359,LIVE,12.2652,92.0837,50.9932
2026-06-01 17:53:21.391,LIVE,12.2696,92.084,50.9721
2026-06-01 17:53:21.423,LIVE,12.2734,92.0844,50.952
2026-06-01 17:53:21.454,LIVE,12.2774,92.0847,50.933
2026-06-01 17:53:21.486,LIVE,12.2821,92.085,50.9149
2026-06-01 17:53:21.516,LIVE,12.2858,92.0853,50.8977
2026-06-01 17:53:21.549,LIVE,12.2898,92.0855,50.8814
2026-06-01 17:53:21.581,LIVE,12.2938,92.0857,50.8659
2026-06-01 17:53:21.616,LIVE,12.298,92.0859,50.8512
2026-06-01 17:53:21.644,LIVE,12.3024,92.1367,50.8617
2026-06-01 17:53:21.676,LIVE,12.3066,92.1824,50.8716
2026-06-01 17:53:21.707,LIVE,12.3105,92.2236,50.8811
2026-06-01 17:53:21.739,LIVE,12.3149,92.2607,50.8901
2026-06-01 17:53:21.770,LIVE,12.3195,92.294,50.8987
2026-06-01 17:53:21.802,LIVE,12.3247,92.324,50.9068
2026-06-01 17:53:21.834,LIVE,12.33,92.351,50.9145
2026-06-01 17:53:21.867,LIVE,12.3356,92.3753,50.9218
2026-06-01 17:53:21.898,LIVE,12.3409,92.3972,50.9288
2026-06-01 17:53:21.930,LIVE,12.3464,92.4169,50.9354
2026-06-01 17:53:21.962,LIVE,12.3514,92.4346,50.9417
2026-06-01 17:53:21.994,LIVE,12.3569,92.4506,50.9477
2026-06-01 17:53:22.028,LIVE,12.3631,92.4649,50.9534
2026-06-01 17:53:22.057,LIVE,12.3694,92.4779,50.9588
2026-06-01 17:53:22.090,LIVE,12.3761,92.4895,50.9639
2026-06-01 17:53:22.121,LIVE,12.3838,92.5243,50.9676
2026-06-01 17:53:22.153,LIVE,12.391,92.5557,50.9711
2026-06-01 17:53:22.185,LIVE,12.3982,92.5839,50.9745
2026-06-01 17:53:22.217,LIVE,12.4055,92.6093,50.9777
2026-06-01 17:53:22.248,LIVE,12.4127,92.6322,50.9807
2026-06-01 17:53:22.281,LIVE,12.4199,92.6528,50.9836
2026-06-01 17:53:22.312,LIVE,12.4268,92.6713,50.9863
2026-06-01 17:53:22.345,LIVE,12.4339,92.688,50.9889
2026-06-01 17:53:22.377,LIVE,12.4412,92.703,50.9913
2026-06-01 17:53:22.412,LIVE,12.4476,92.7165,50.9937
2026-06-01 17:53:22.440,LIVE,12.455,92.7286,50.9959
2026-06-01 17:53:22.472,LIVE,12.4626,92.7396,50.998
2026-06-01 17:53:22.504,LIVE,12.4699,92.7494,51.0
2026-06-01 17:53:22.534,LIVE,12.4774,92.7583,51.0019
2026-06-01 17:53:22.567,LIVE,12.4855,92.7662,51.0038
2026-06-01 17:53:22.598,LIVE,12.4937,92.7734,51.0055
2026-06-01 17:53:22.629,LIVE,12.5017,92.772,50.9705
2026-06-01 17:53:22.661,LIVE,12.5101,92.7708,50.9372
2026-06-01 17:53:22.692,LIVE,12.518,92.7697,50.9057
2026-06-01 17:53:22.723,LIVE,12.5268,92.7687,50.8757
2026-06-01 17:53:22.754,LIVE,12.536,92.7678,50.8472
2026-06-01 17:53:22.786,LIVE,12.5449,92.767,50.8201
2026-06-01 17:53:22.818,LIVE,12.5536,92.7663,50.7944
2026-06-01 17:53:22.850,LIVE,12.5629,92.7656,50.7699
2026-06-01 17:53:22.880,LIVE,12.5721,92.765,50.7467
2026-06-01 17:53:22.913,LIVE,12.5803,92.7645,50.7247
2026-06-01 17:53:22.945,LIVE,12.5893,92.764,50.7037
2026-06-01 17:53:22.977,LIVE,12.5986,92.7636,50.6838
2026-06-01 17:53:23.008,LIVE,12.6079,92.7632,50.6649
2026-06-01 17:53:23.041,LIVE,12.6168,92.7629,50.647
2026-06-01 17:53:23.073,LIVE,12.6255,92.7626,50.6299
2026-06-01 17:53:23.104,LIVE,12.634,92.7623,50.6137
2026-06-01 17:53:23.135,LIVE,12.6423,92.782,50.5983
2026-06-01 17:53:23.166,LIVE,12.6504,92.7998,50.5837
2026-06-01 17:53:23.201,LIVE,12.6583,92.8158,50.5698
2026-06-01 17:53:23.231,LIVE,12.6663,92.8302,50.5566
2026-06-01 17:53:23.263,LIVE,12.6743,92.8431,50.544
2026-06-01 17:53:23.294,LIVE,12.6821,92.8548,50.5321
2026-06-01 17:53:23.325,LIVE,12.6895,92.8653,50.5208
2026-06-01 17:53:23.355,LIVE,12.6964,92.8747,50.51
2026-06-01 17:53:23.386,LIVE,12.7043,92.8832,50.4998
2026-06-01 17:53:23.418,LIVE,12.7112,92.8908,50.4901
2026-06-01 17:53:23.451,LIVE,12.7177,92.8977,50.4809
2026-06-01 17:53:23.482,LIVE,12.7242,92.9039,50.4721
2026-06-01 17:53:23.514,LIVE,12.7303,92.9095,50.4638
2026-06-01 17:53:23.546,LIVE,12.7362,92.9145,50.4559
2026-06-01 17:53:23.579,LIVE,12.7415,92.919,50.4484
2026-06-01 17:53:23.608,LIVE,12.7466,92.9231,50.4412
2026-06-01 17:53:23.639,LIVE,12.7513,92.9663,50.4399
2026-06-01 17:53:23.672,LIVE,12.756,93.0052,50.4386
2026-06-01 17:53:23.701,LIVE,12.76,93.0402,50.4374
2026-06-01 17:53:23.734,LIVE,12.7637,93.0717,50.4362
2026-06-01 17:53:23.766,LIVE,12.7675,93.1001,50.4351
2026-06-01 17:53:23.797,LIVE,12.7707,93.1256,50.4341
2026-06-01 17:53:23.829,LIVE,12.7734,93.1486,50.4331
2026-06-01 17:53:23.861,LIVE,12.7762,93.1692,50.4321
2026-06-01 17:53:23.893,LIVE,12.7787,93.1878,50.4312
2026-06-01 17:53:23.925,LIVE,12.7802,93.2046,50.4304
2026-06-01 17:53:23.955,LIVE,12.7816,93.2196,50.4296
2026-06-01 17:53:23.992,LIVE,12.783,93.2332,50.4288
2026-06-01 17:53:24.018,LIVE,12.7849,93.2454,50.4281
2026-06-01 17:53:24.051,LIVE,12.7865,93.2564,50.4274
2026-06-01 17:53:24.082,LIVE,12.7886,93.2663,50.4267
2026-06-01 17:53:24.113,LIVE,12.7907,93.2752,50.4261
2026-06-01 17:53:24.146,LIVE,12.7927,93.2832,50.4356
2026-06-01 17:53:24.177,LIVE,12.7944,93.2904,50.4446
2026-06-01 17:53:24.210,LIVE,12.7964,93.2969,50.4532
2026-06-01 17:53:24.242,LIVE,12.7987,93.3027,50.4614
2026-06-01 17:53:24.273,LIVE,12.8008,93.308,50.4691
2026-06-01 17:53:24.305,LIVE,12.8032,93.3127,50.4765
2026-06-01 17:53:24.337,LIVE,12.8049,93.3169,50.4835
2026-06-01 17:53:24.368,LIVE,12.8072,93.3208,50.4901
2026-06-01 17:53:24.400,LIVE,12.8098,93.3242,50.4965
2026-06-01 17:53:24.431,LIVE,12.8122,93.3273,50.5025
2026-06-01 17:53:24.463,LIVE,12.8144,93.3301,50.5082
2026-06-01 17:53:24.494,LIVE,12.8168,93.3326,50.5136
2026-06-01 17:53:24.527,LIVE,12.8189,93.3349,50.5187
2026-06-01 17:53:24.557,LIVE,12.8208,93.3369,50.5236
2026-06-01 17:53:24.589,LIVE,12.8225,93.3388,50.5282
2026-06-01 17:53:24.620,LIVE,12.8249,93.374,50.5311
2026-06-01 17:53:24.651,LIVE,12.8259,93.4057,50.5338
2026-06-01 17:53:24.684,LIVE,12.8273,93.4342,50.5363
2026-06-01 17:53:24.716,LIVE,12.8281,93.4598,50.5387
2026-06-01 17:53:24.747,LIVE,12.8298,93.4829,50.541
2026-06-01 17:53:24.782,LIVE,12.8318,93.5037,50.5432
2026-06-01 17:53:24.810,LIVE,12.834,93.5224,50.5453
2026-06-01 17:53:24.844,LIVE,12.8369,93.5393,50.5473
2026-06-01 17:53:24.875,LIVE,12.84,93.5544,50.5492
2026-06-01 17:53:24.906,LIVE,12.8436,93.5681,50.551
2026-06-01 17:53:24.938,LIVE,12.8477,93.5803,50.5526
2026-06-01 17:53:24.970,LIVE,12.8522,93.5914,50.5543
2026-06-01 17:53:25.001,LIVE,12.8567,93.6013,50.5558
2026-06-01 17:53:25.032,LIVE,12.861,93.6103,50.5572
2026-06-01 17:53:25.064,LIVE,12.8658,93.6183,50.5586
2026-06-01 17:53:25.097,LIVE,12.8707,93.6256,50.5599
2026-06-01 17:53:25.129,LIVE,12.8754,93.6777,50.5496
2026-06-01 17:53:25.161,LIVE,12.8798,93.7245,50.5398
2026-06-01 17:53:25.193,LIVE,12.8847,93.7667,50.5305
2026-06-01 17:53:25.224,LIVE,12.8886,93.8047,50.5217
2026-06-01 17:53:25.255,LIVE,12.8924,93.8389,50.5133
2026-06-01 17:53:25.288,LIVE,12.8964,93.8696,50.5053
2026-06-01 17:53:25.319,LIVE,12.8997,93.8973,50.4977
2026-06-01 17:53:25.351,LIVE,12.9029,93.9222,50.4905
2026-06-01 17:53:25.383,LIVE,12.9059,93.9447,50.4837
2026-06-01 17:53:25.414,LIVE,12.9077,93.9648,50.4772
2026-06-01 17:53:25.447,LIVE,12.9099,93.983,50.471
2026-06-01 17:53:25.478,LIVE,12.9119,93.9993,50.4651
2026-06-01 17:53:25.510,LIVE,12.9137,94.014,50.4596
2026-06-01 17:53:25.542,LIVE,12.9154,94.0273,50.4543
2026-06-01 17:53:25.577,LIVE,12.9172,94.0392,50.4492
2026-06-01 17:53:25.606,LIVE,12.9186,94.0499,50.4445
2026-06-01 17:53:25.638,LIVE,12.9202,94.0775,50.439
2026-06-01 17:53:25.669,LIVE,12.9213,94.1024,50.4338
2026-06-01 17:53:25.700,LIVE,12.9227,94.1247,50.4289
2026-06-01 17:53:25.732,LIVE,12.924,94.1448,50.4242
2026-06-01 17:53:25.763,LIVE,12.9243,94.1629,50.4198
2026-06-01 17:53:25.795,LIVE,12.9256,94.1792,50.4156
2026-06-01 17:53:25.827,LIVE,12.926,94.1939,50.4116
2026-06-01 17:53:25.859,LIVE,12.927,94.2071,50.4078
2026-06-01 17:53:25.890,LIVE,12.928,94.219,50.4041
2026-06-01 17:53:25.921,LIVE,12.9286,94.2296,50.4007
2026-06-01 17:53:25.953,LIVE,12.9299,94.2393,50.3974
2026-06-01 17:53:25.984,LIVE,12.9309,94.2479,50.3943
2026-06-01 17:53:26.015,LIVE,12.9307,94.2557,50.3914
2026-06-01 17:53:26.047,LIVE,12.9311,94.2627,50.3886
2026-06-01 17:53:26.078,LIVE,12.9316,94.269,50.3859
2026-06-01 17:53:26.109,LIVE,12.932,94.2747,50.3834
2026-06-01 17:53:26.142,LIVE,12.9323,94.333,50.3662
2026-06-01 17:53:26.174,LIVE,12.9324,94.3854,50.3499
2026-06-01 17:53:26.205,LIVE,12.9321,94.4326,50.3344
2026-06-01 17:53:26.237,LIVE,12.932,94.4751,50.3196
2026-06-01 17:53:26.268,LIVE,12.9317,94.5133,50.3056
2026-06-01 17:53:26.301,LIVE,12.9304,94.5477,50.2923
2026-06-01 17:53:26.332,LIVE,12.93,94.5787,50.2797
2026-06-01 17:53:26.367,LIVE,12.9296,94.6066,50.2677
2026-06-01 17:53:26.395,LIVE,12.9287,94.6317,50.2563
2026-06-01 17:53:26.427,LIVE,12.9278,94.6542,50.2454
2026-06-01 17:53:26.459,LIVE,12.927,94.6746,50.2351
2026-06-01 17:53:26.491,LIVE,12.9258,94.6928,50.2253
2026-06-01 17:53:26.522,LIVE,12.9242,94.7093,50.2161
2026-06-01 17:53:26.554,LIVE,12.9232,94.7241,50.2072
2026-06-01 17:53:26.585,LIVE,12.9219,94.7374,50.1988
2026-06-01 17:53:26.616,LIVE,12.9206,94.7494,50.1909
2026-06-01 17:53:26.649,LIVE,12.9191,94.8117,50.1691
2026-06-01 17:53:26.680,LIVE,12.9177,94.8677,50.1483
2026-06-01 17:53:26.712,LIVE,12.9156,94.9181,50.1286
2026-06-01 17:53:26.743,LIVE,12.9136,94.9635,50.1099
2026-06-01 17:53:26.776,LIVE,12.9117,95.0043,50.0921
2026-06-01 17:53:26.808,LIVE,12.9103,95.0411,50.0753
2026-06-01 17:53:26.840,LIVE,12.9086,95.0742,50.0592
2026-06-01 17:53:26.871,LIVE,12.9063,95.1039,50.044
2026-06-01 17:53:26.903,LIVE,12.9049,95.1307,50.0295
2026-06-01 17:53:26.934,LIVE,12.9029,95.1548,50.0157
2026-06-01 17:53:26.966,LIVE,12.9013,95.1765,50.0027
2026-06-01 17:53:26.998,LIVE,12.8992,95.1961,49.9903
2026-06-01 17:53:27.031,LIVE,12.897,95.2137,49.9785
2026-06-01 17:53:27.061,LIVE,12.8948,95.2295,49.9673
2026-06-01 17:53:27.094,LIVE,12.8926,95.2437,49.9566
2026-06-01 17:53:27.124,LIVE,12.8901,95.2984,49.9319
2026-06-01 17:53:27.161,LIVE,12.8879,95.3476,49.9084
2026-06-01 17:53:27.188,LIVE,12.8857,95.3918,49.8861
2026-06-01 17:53:27.219,LIVE,12.8827,95.4317,49.8649
2026-06-01 17:53:27.250,LIVE,12.8805,95.4675,49.8447
2026-06-01 17:53:27.283,LIVE,12.878,95.4998,49.8256
2026-06-01 17:53:27.315,LIVE,12.8755,95.5288,49.8074
2026-06-01 17:53:27.346,LIVE,12.8725,95.555,49.7901
2026-06-01 17:53:27.379,LIVE,12.8701,95.5785,49.7737
2026-06-01 17:53:27.409,LIVE,12.8675,95.5997,49.7581
2026-06-01 17:53:27.442,LIVE,12.8644,95.6187,49.7433
2026-06-01 17:53:27.474,LIVE,12.8619,95.6359,49.7293
2026-06-01 17:53:27.505,LIVE,12.8596,95.6513,49.7159
2026-06-01 17:53:27.536,LIVE,12.8569,95.6652,49.7032
2026-06-01 17:53:27.568,LIVE,12.8544,95.6777,49.6911
2026-06-01 17:53:27.599,LIVE,12.8518,95.689,49.6797
2026-06-01 17:53:27.632,LIVE,12.8496,95.6991,49.6691
2026-06-01 17:53:27.664,LIVE,12.8475,95.7082,49.659
2026-06-01 17:53:27.694,LIVE,12.8455,95.7164,49.6494
2026-06-01 17:53:27.726,LIVE,12.8435,95.7238,49.6403
2026-06-01 17:53:27.759,LIVE,12.8414,95.7305,49.6316
2026-06-01 17:53:27.789,LIVE,12.8394,95.7364,49.6234
2026-06-01 17:53:27.820,LIVE,12.8374,95.7418,49.6156
2026-06-01 17:53:27.853,LIVE,12.8359,95.7467,49.6082
2026-06-01 17:53:27.885,LIVE,12.834,95.751,49.6011
2026-06-01 17:53:27.916,LIVE,12.8319,95.7549,49.5945
2026-06-01 17:53:27.952,LIVE,12.8303,95.7585,49.5881
2026-06-01 17:53:27.979,LIVE,12.8285,95.7617,49.5821
2026-06-01 17:53:28.010,LIVE,12.8264,95.7645,49.5763
2026-06-01 17:53:28.043,LIVE,12.825,95.7671,49.5709
2026-06-01 17:53:28.075,LIVE,12.8231,95.7694,49.5657
2026-06-01 17:53:28.106,LIVE,12.8213,95.7715,49.5608
2026-06-01 17:53:28.137,LIVE,12.8195,95.7873,49.5734
2026-06-01 17:53:28.168,LIVE,12.8184,95.8015,49.5855
2026-06-01 17:53:28.200,LIVE,12.817,95.8143,49.5969
2026-06-01 17:53:28.231,LIVE,12.8149,95.8258,49.6077
2026-06-01 17:53:28.263,LIVE,12.8125,95.8361,49.618
2026-06-01 17:53:28.295,LIVE,12.8118,95.8454,49.6278
2026-06-01 17:53:28.327,LIVE,12.8113,95.8538,49.6371
2026-06-01 17:53:28.359,LIVE,12.8101,95.8614,49.646
2026-06-01 17:53:28.391,LIVE,12.8086,95.8682,49.6544
2026-06-01 17:53:28.421,LIVE,12.807,95.8743,49.6624
2026-06-01 17:53:28.453,LIVE,12.8057,95.8798,49.6699
2026-06-01 17:53:28.485,LIVE,12.8048,95.8847,49.6771
2026-06-01 17:53:28.517,LIVE,12.8034,95.8892,49.684
2026-06-01 17:53:28.549,LIVE,12.802,95.8932,49.6905
2026-06-01 17:53:28.579,LIVE,12.8008,95.8968,49.6967
2026-06-01 17:53:28.610,LIVE,12.7994,95.9001,49.7025
2026-06-01 17:53:28.643,LIVE,12.7982,95.8992,49.7207
2026-06-01 17:53:28.675,LIVE,12.7971,95.8984,49.7379
2026-06-01 17:53:28.706,LIVE,12.796,95.8977,49.7543
2026-06-01 17:53:28.742,LIVE,12.7939,95.897,49.7698
2026-06-01 17:53:28.769,LIVE,12.7926,95.8965,49.7846
2026-06-01 17:53:28.802,LIVE,12.7913,95.896,49.7986
2026-06-01 17:53:28.834,LIVE,12.7901,95.8955,49.812
2026-06-01 17:53:28.865,LIVE,12.7894,95.8951,49.8246
2026-06-01 17:53:28.895,LIVE,12.7878,95.8947,49.8367
2026-06-01 17:53:28.927,LIVE,12.7867,95.8944,49.8481
2026-06-01 17:53:28.959,LIVE,12.7849,95.8941,49.859
2026-06-01 17:53:28.992,LIVE,12.7838,95.8938,49.8693
2026-06-01 17:53:29.023,LIVE,12.7827,95.8935,49.8791
2026-06-01 17:53:29.055,LIVE,12.7817,95.8933,49.8884
2026-06-01 17:53:29.087,LIVE,12.7803,95.8931,49.8972
2026-06-01 17:53:29.119,LIVE,12.7792,95.8929,49.6878
2026-06-01 17:53:29.150,LIVE,12.7778,95.8928,49.4888
2026-06-01 17:53:29.183,LIVE,12.7763,95.8926,49.2998
2026-06-01 17:53:29.213,LIVE,12.7746,95.8925,49.1202
2026-06-01 17:53:29.245,LIVE,12.773,95.8924,48.9497
2026-06-01 17:53:29.276,LIVE,12.7716,95.8923,48.7876
2026-06-01 17:53:29.310,LIVE,12.77,95.8922,48.6336
2026-06-01 17:53:29.340,LIVE,12.7686,95.8921,48.4874
2026-06-01 17:53:29.370,LIVE,12.7671,95.892,48.3484
2026-06-01 17:53:29.402,LIVE,12.7655,95.8919,48.2164
2026-06-01 17:53:29.434,LIVE,12.7636,95.8919,48.091
2026-06-01 17:53:29.466,LIVE,12.7618,95.8918,47.9719
2026-06-01 17:53:29.498,LIVE,12.7601,95.8918,47.8587
2026-06-01 17:53:29.532,LIVE,12.7581,95.8917,47.7512
2026-06-01 17:53:29.562,LIVE,12.7559,95.8917,47.6491
2026-06-01 17:53:29.593,LIVE,12.7546,95.8917,47.5521
2026-06-01 17:53:29.624,LIVE,12.7527,95.8805,47.4762
2026-06-01 17:53:29.656,LIVE,12.7507,95.8705,47.4041
2026-06-01 17:53:29.687,LIVE,12.7487,95.8615,47.3356
2026-06-01 17:53:29.718,LIVE,12.747,95.8534,47.2705
2026-06-01 17:53:29.750,LIVE,12.745,95.8461,47.2087
2026-06-01 17:53:29.781,LIVE,12.7435,95.8396,47.15
2026-06-01 17:53:29.814,LIVE,12.742,95.8336,47.0942
2026-06-01 17:53:29.845,LIVE,12.7408,95.8283,47.0412
2026-06-01 17:53:29.878,LIVE,12.7394,95.8235,46.9909
2026-06-01 17:53:29.909,LIVE,12.7373,95.8192,46.9431
2026-06-01 17:53:29.942,LIVE,12.736,95.8154,46.8976
2026-06-01 17:53:29.974,LIVE,12.7342,95.8119,46.8545
2026-06-01 17:53:30.005,LIVE,12.7329,95.8087,46.8135
2026-06-01 17:53:30.037,LIVE,12.7314,95.8059,46.7745
2026-06-01 17:53:30.068,LIVE,12.7302,95.8034,46.7375
2026-06-01 17:53:30.100,LIVE,12.7291,95.8011,46.7023
2026-06-01 17:53:30.132,LIVE,12.7277,95.775,46.677
2026-06-01 17:53:30.163,LIVE,12.7266,95.7515,46.653
2026-06-01 17:53:30.196,LIVE,12.7255,95.7303,46.6302
2026-06-01 17:53:30.227,LIVE,12.7246,95.7113,46.6085
2026-06-01 17:53:30.259,LIVE,12.7237,95.6942,46.5879
2026-06-01 17:53:30.291,LIVE,12.723,95.6788,46.5683
2026-06-01 17:53:30.327,LIVE,12.7223,95.6649,46.5497
2026-06-01 17:53:30.354,LIVE,12.7216,95.6524,46.532
2026-06-01 17:53:30.387,LIVE,12.7208,95.6412,46.5152
2026-06-01 17:53:30.419,LIVE,12.7202,95.6311,46.4993
2026-06-01 17:53:30.450,LIVE,12.7197,95.622,46.4842
2026-06-01 17:53:30.481,LIVE,12.7191,95.6138,46.4698
2026-06-01 17:53:30.513,LIVE,12.719,95.6064,46.4561
2026-06-01 17:53:30.545,LIVE,12.7189,95.5998,46.4431
2026-06-01 17:53:30.577,LIVE,12.719,95.5938,46.4308
2026-06-01 17:53:30.609,LIVE,12.7192,95.5884,46.419
2026-06-01 17:53:30.640,LIVE,12.7193,95.6018,46.405
2026-06-01 17:53:30.672,LIVE,12.7199,95.6138,46.3916
2026-06-01 17:53:30.704,LIVE,12.7201,95.6246,46.3789
2026-06-01 17:53:30.736,LIVE,12.7209,95.6343,46.3668
2026-06-01 17:53:30.767,LIVE,12.7216,95.6431,46.3554
2026-06-01 17:53:30.798,LIVE,12.7227,95.651,46.3445
2026-06-01 17:53:30.830,LIVE,12.7238,95.6581,46.3341
2026-06-01 17:53:30.863,LIVE,12.7251,95.6645,46.3243
2026-06-01 17:53:30.894,LIVE,12.7265,95.6702,46.315
2026-06-01 17:53:30.925,LIVE,12.728,95.6754,46.3061
2026-06-01 17:53:30.957,LIVE,12.7297,95.68,46.2977
2026-06-01 17:53:30.989,LIVE,12.7315,95.6842,46.2897
2026-06-01 17:53:31.020,LIVE,12.7336,95.688,46.2821
2026-06-01 17:53:31.052,LIVE,12.7351,95.6914,46.2748
2026-06-01 17:53:31.083,LIVE,12.7375,95.6944,46.268
2026-06-01 17:53:31.118,LIVE,12.7403,95.6972,46.2614
2026-06-01 17:53:31.145,LIVE,12.7432,95.6522,46.1653
2026-06-01 17:53:31.176,LIVE,12.7459,95.6117,46.0739
2026-06-01 17:53:31.208,LIVE,12.7499,95.5753,45.9872
2026-06-01 17:53:31.240,LIVE,12.753,95.5425,45.9047
2026-06-01 17:53:31.271,LIVE,12.7563,95.513,45.8264
2026-06-01 17:53:31.303,LIVE,12.7601,95.4865,45.752
2026-06-01 17:53:31.335,LIVE,12.7637,95.4626,45.6813
2026-06-01 17:53:31.366,LIVE,12.7681,95.4411,45.6142
2026-06-01 17:53:31.399,LIVE,12.7728,95.4217,45.5504
2026-06-01 17:53:31.430,LIVE,12.7773,95.4043,45.4898
2026-06-01 17:53:31.461,LIVE,12.7827,95.3886,45.4322
2026-06-01 17:53:31.493,LIVE,12.7881,95.3745,45.3775
2026-06-01 17:53:31.524,LIVE,12.7936,95.3618,45.3255
2026-06-01 17:53:31.557,LIVE,12.7995,95.3504,45.2762
2026-06-01 17:53:31.588,LIVE,12.8047,95.3401,45.2293
2026-06-01 17:53:31.618,LIVE,12.8108,95.3017,45.1828
2026-06-01 17:53:31.650,LIVE,12.8174,95.2671,45.1387
2026-06-01 17:53:31.682,LIVE,12.8237,95.236,45.0968
2026-06-01 17:53:31.714,LIVE,12.8303,95.2079,45.057
2026-06-01 17:53:31.745,LIVE,12.8366,95.1827,45.0192
2026-06-01 17:53:31.777,LIVE,12.8424,95.16,44.9832
2026-06-01 17:53:31.809,LIVE,12.8489,95.1396,44.9491
2026-06-01 17:53:31.841,LIVE,12.8556,95.1212,44.9167
2026-06-01 17:53:31.873,LIVE,12.8617,95.1047,44.8859
2026-06-01 17:53:31.909,LIVE,12.8686,95.0898,44.8566
2026-06-01 17:53:31.936,LIVE,12.875,95.0764,44.8288
2026-06-01 17:53:31.968,LIVE,12.8822,95.0643,44.8024
2026-06-01 17:53:31.998,LIVE,12.8885,95.0535,44.7773
2026-06-01 17:53:32.029,LIVE,12.8963,95.0437,44.7534
2026-06-01 17:53:32.061,LIVE,12.9035,95.0349,44.7308
2026-06-01 17:53:32.093,LIVE,12.9105,95.027,44.7093
2026-06-01 17:53:32.125,LIVE,12.9176,95.0309,44.6888
2026-06-01 17:53:32.158,LIVE,12.9246,95.0345,44.6694
2026-06-01 17:53:32.190,LIVE,12.9317,95.0376,44.651
2026-06-01 17:53:32.222,LIVE,12.9392,95.0405,44.6335
2026-06-01 17:53:32.254,LIVE,12.9465,95.0431,44.6168
2026-06-01 17:53:32.285,LIVE,12.9535,95.0454,44.601
2026-06-01 17:53:32.317,LIVE,12.9605,95.0475,44.586
2026-06-01 17:53:32.349,LIVE,12.9672,95.0493,44.5717
2026-06-01 17:53:32.380,LIVE,12.9737,95.051,44.5581
2026-06-01 17:53:32.412,LIVE,12.9799,95.0525,44.5453
2026-06-01 17:53:32.444,LIVE,12.9863,95.0539,44.533
2026-06-01 17:53:32.475,LIVE,12.9921,95.0551,44.5214
2026-06-01 17:53:32.509,LIVE,12.9977,95.0562,44.5103
2026-06-01 17:53:32.540,LIVE,13.0037,95.0572,44.4999
2026-06-01 17:53:32.570,LIVE,13.0099,95.0581,44.4899
2026-06-01 17:53:32.602,LIVE,13.0161,95.0589,44.4804
2026-06-01 17:53:32.634,LIVE,13.0215,95.0084,44.4753
2026-06-01 17:53:32.666,LIVE,13.0269,94.963,44.4705
2026-06-01 17:53:32.700,LIVE,13.0325,94.9221,44.4659
2026-06-01 17:53:32.728,LIVE,13.0371,94.8852,44.4615
2026-06-01 17:53:32.760,LIVE,13.0423,94.8521,44.4574
2026-06-01 17:53:32.792,LIVE,13.0466,94.8223,44.4534
2026-06-01 17:53:32.823,LIVE,13.0518,94.7954,44.4497
2026-06-01 17:53:32.855,LIVE,13.0577,94.7713,44.4461
2026-06-01 17:53:32.887,LIVE,13.0623,94.7495,44.4427
2026-06-01 17:53:32.917,LIVE,13.067,94.73,44.4395
2026-06-01 17:53:32.948,LIVE,13.0716,94.7123,44.4365
2026-06-01 17:53:32.980,LIVE,13.0762,94.6965,44.4336
2026-06-01 17:53:33.013,LIVE,13.0805,94.6822,44.4308
2026-06-01 17:53:33.044,LIVE,13.0844,94.6694,44.4282
2026-06-01 17:53:33.076,LIVE,13.0893,94.6578,44.4257
2026-06-01 17:53:33.108,LIVE,13.0941,94.6474,44.4234
2026-06-01 17:53:33.141,LIVE,13.098,94.6579,44.4327
2026-06-01 17:53:33.172,LIVE,13.1022,94.6674,44.4415
2026-06-01 17:53:33.203,LIVE,13.1064,94.6759,44.4499
2026-06-01 17:53:33.234,LIVE,13.1106,94.6835,44.4578
2026-06-01 17:53:33.263,LIVE,13.1143,94.6904,44.4654
2026-06-01 17:53:33.296,LIVE,13.1179,94.6966,44.4726
2026-06-01 17:53:33.327,LIVE,13.1215,94.7022,44.4794
2026-06-01 17:53:33.359,LIVE,13.1248,94.7072,44.4859
2026-06-01 17:53:33.391,LIVE,13.1282,94.7118,44.4921
2026-06-01 17:53:33.423,LIVE,13.1308,94.7158,44.4979
2026-06-01 17:53:33.454,LIVE,13.1339,94.7195,44.5035
2026-06-01 17:53:33.490,LIVE,13.1363,94.7228,44.5088
2026-06-01 17:53:33.518,LIVE,13.1388,94.7257,44.5138
2026-06-01 17:53:33.549,LIVE,13.1414,94.7284,44.5186
2026-06-01 17:53:33.581,LIVE,13.1435,94.7308,44.5231
2026-06-01 17:53:33.612,LIVE,13.1456,94.733,44.5274
2026-06-01 17:53:33.645,LIVE,13.1478,94.7011,44.5288
2026-06-01 17:53:33.676,LIVE,13.15,94.6724,44.5301
2026-06-01 17:53:33.708,LIVE,13.1521,94.6466,44.5314
2026-06-01 17:53:33.740,LIVE,13.1538,94.6233,44.5326
2026-06-01 17:53:33.772,LIVE,13.1557,94.6024,44.5337
2026-06-01 17:53:33.804,LIVE,13.1567,94.5836,44.5348
2026-06-01 17:53:33.835,LIVE,13.1584,94.5666,44.5359
2026-06-01 17:53:33.866,LIVE,13.1598,94.5514,44.5368
2026-06-01 17:53:33.898,LIVE,13.1613,94.5376,44.5378
2026-06-01 17:53:33.930,LIVE,13.1629,94.5253,44.5386
2026-06-01 17:53:33.961,LIVE,13.1643,94.5142,44.5395
2026-06-01 17:53:33.992,LIVE,13.1645,94.5041,44.5403
2026-06-01 17:53:34.025,LIVE,13.1653,94.4951,44.541
2026-06-01 17:53:34.057,LIVE,13.1661,94.487,44.5418
2026-06-01 17:53:34.089,LIVE,13.1659,94.4797,44.5424
2026-06-01 17:53:34.121,LIVE,13.1658,94.4532,44.5639
2026-06-01 17:53:34.152,LIVE,13.1662,94.4293,44.5842
2026-06-01 17:53:34.184,LIVE,13.1666,94.4078,44.6036
2026-06-01 17:53:34.216,LIVE,13.1665,94.3884,44.6219
2026-06-01 17:53:34.248,LIVE,13.1656,94.371,44.6394
2026-06-01 17:53:34.281,LIVE,13.1653,94.3553,44.656
2026-06-01 17:53:34.310,LIVE,13.1648,94.3412,44.6717
2026-06-01 17:53:34.342,LIVE,13.1645,94.3285,44.6867
2026-06-01 17:53:34.373,LIVE,13.1642,94.3171,44.7009
2026-06-01 17:53:34.406,LIVE,13.1638,94.3068,44.7144
2026-06-01 17:53:34.436,LIVE,13.1633,94.2975,44.7272
2026-06-01 17:53:34.468,LIVE,13.1627,94.2892,44.7394
2026-06-01 17:53:34.500,LIVE,13.1622,94.2817,44.751
2026-06-01 17:53:34.532,LIVE,13.1611,94.275,44.762
2026-06-01 17:53:34.563,LIVE,13.1597,94.2689,44.7724
2026-06-01 17:53:34.596,LIVE,13.1586,94.2634,44.7823
2026-06-01 17:53:34.627,LIVE,13.1574,94.2585,44.8002
2026-06-01 17:53:34.659,LIVE,13.156,94.2541,44.8172
2026-06-01 17:53:34.691,LIVE,13.1545,94.2501,44.8333
2026-06-01 17:53:34.722,LIVE,13.1534,94.2465,44.8486
2026-06-01 17:53:34.755,LIVE,13.1519,94.2433,44.8632
2026-06-01 17:53:34.786,LIVE,13.1507,94.2404,44.877
2026-06-01 17:53:34.819,LIVE,13.149,94.2378,44.8902
2026-06-01 17:53:34.850,LIVE,13.147,94.2354,44.9026
2026-06-01 17:53:34.883,LIVE,13.1453,94.2333,44.9145
2026-06-01 17:53:34.914,LIVE,13.1433,94.2314,44.9258
2026-06-01 17:53:34.945,LIVE,13.1415,94.2297,44.9365
2026-06-01 17:53:34.977,LIVE,13.1396,94.2281,44.9466
2026-06-01 17:53:35.009,LIVE,13.1375,94.2267,44.9563
2026-06-01 17:53:35.040,LIVE,13.1353,94.2255,44.9655
2026-06-01 17:53:35.076,LIVE,13.1331,94.2243,44.9742
2026-06-01 17:53:35.105,LIVE,13.131,94.2233,44.9825
2026-06-01 17:53:35.137,LIVE,13.1289,94.1907,44.9854
2026-06-01 17:53:35.168,LIVE,13.1265,94.1614,44.9883
2026-06-01 17:53:35.201,LIVE,13.124,94.1349,44.991
2026-06-01 17:53:35.231,LIVE,13.1211,94.1111,44.9935
2026-06-01 17:53:35.264,LIVE,13.1191,94.0897,44.996
2026-06-01 17:53:35.296,LIVE,13.1163,94.0705,44.9983
2026-06-01 17:53:35.326,LIVE,13.1136,94.0531,45.0005
2026-06-01 17:53:35.358,LIVE,13.1101,94.0375,45.0026
2026-06-01 17:53:35.391,LIVE,13.1071,94.0235,45.0046
2026-06-01 17:53:35.423,LIVE,13.1043,94.0109,45.0064
2026-06-01 17:53:35.456,LIVE,13.1014,93.9995,45.0082
2026-06-01 17:53:35.488,LIVE,13.0982,93.9892,45.0099
2026-06-01 17:53:35.519,LIVE,13.0953,93.98,45.0115
2026-06-01 17:53:35.551,LIVE,13.0921,93.9717,45.0131
2026-06-01 17:53:35.583,LIVE,13.0888,93.9643,45.0145
2026-06-01 17:53:35.614,LIVE,13.0854,93.9576,45.0159
2026-06-01 17:53:35.646,LIVE,13.0818,93.9333,45.0175
2026-06-01 17:53:35.678,LIVE,13.0784,93.9114,45.019
2026-06-01 17:53:35.709,LIVE,13.0747,93.8917,45.0204
2026-06-01 17:53:35.740,LIVE,13.071,93.874,45.0218
2026-06-01 17:53:35.773,LIVE,13.0668,93.8581,45.0231
2026-06-01 17:53:35.805,LIVE,13.0629,93.8437,45.0243
2026-06-01 17:53:35.836,LIVE,13.0587,93.8308,45.0255
2026-06-01 17:53:35.871,LIVE,13.0549,93.8192,45.0266
2026-06-01 17:53:35.900,LIVE,13.0511,93.8087,45.0276
2026-06-01 17:53:35.930,LIVE,13.0471,93.7993,45.0286
2026-06-01 17:53:35.961,LIVE,13.0433,93.7908,45.0296
2026-06-01 17:53:35.993,LIVE,13.0391,93.7832,45.0305
2026-06-01 17:53:36.026,LIVE,13.0359,93.7764,45.0313
2026-06-01 17:53:36.056,LIVE,13.0318,93.7702,45.0321
2026-06-01 17:53:36.088,LIVE,13.0278,93.7646,45.0329
2026-06-01 17:53:36.120,LIVE,13.0241,93.7699,45.0336
2026-06-01 17:53:36.150,LIVE,13.0202,93.7746,45.0343
2026-06-01 17:53:36.182,LIVE,13.0166,93.7789,45.035
2026-06-01 17:53:36.215,LIVE,13.0121,93.7827,45.0356
2026-06-01 17:53:36.246,LIVE,13.0081,93.7862,45.0362
2026-06-01 17:53:36.278,LIVE,13.0037,93.7893,45.0368
2026-06-01 17:53:36.309,LIVE,12.9991,93.7921,45.0373
2026-06-01 17:53:36.341,LIVE,12.9947,93.7946,45.0378
2026-06-01 17:53:36.371,LIVE,12.9902,93.7968,45.0383
2026-06-01 17:53:36.403,LIVE,12.9867,93.7989,45.0388
2026-06-01 17:53:36.434,LIVE,12.9821,93.8007,45.0392
2026-06-01 17:53:36.466,LIVE,12.9786,93.8024,45.0396
2026-06-01 17:53:36.497,LIVE,12.9748,93.8039,45.04
2026-06-01 17:53:36.529,LIVE,12.9709,93.8052,45.0404
2026-06-01 17:53:36.560,LIVE,12.9665,93.8064,45.0408
2026-06-01 17:53:36.592,LIVE,12.9628,93.8075,45.0411
2026-06-01 17:53:36.624,LIVE,12.9592,93.7807,45.044
2026-06-01 17:53:36.659,LIVE,12.9544,93.7566,45.0467
2026-06-01 17:53:36.688,LIVE,12.9499,93.7349,45.0492
2026-06-01 17:53:36.719,LIVE,12.9455,93.7153,45.0517
2026-06-01 17:53:36.751,LIVE,12.9409,93.6977,45.054
2026-06-01 17:53:36.783,LIVE,12.9364,93.6819,45.0562
2026-06-01 17:53:36.814,LIVE,12.9308,93.6677,45.0583
2026-06-01 17:53:36.844,LIVE,12.9253,93.6549,45.0603
2026-06-01 17:53:36.876,LIVE,12.9198,93.6433,45.0622
2026-06-01 17:53:36.908,LIVE,12.9143,93.633,45.064
2026-06-01 17:53:36.939,LIVE,12.9091,93.6236,45.0657
2026-06-01 17:53:36.972,LIVE,12.9041,93.6152,45.0673
2026-06-01 17:53:37.004,LIVE,12.8993,93.6076,45.0688
2026-06-01 17:53:37.035,LIVE,12.8942,93.6008,45.0703
2026-06-01 17:53:37.067,LIVE,12.8885,93.5947,45.0717
2026-06-01 17:53:37.099,LIVE,12.8834,93.5892,45.073
2026-06-01 17:53:37.130,LIVE,12.8781,93.5748,45.0831
2026-06-01 17:53:37.161,LIVE,12.8733,93.5619,45.0926
2026-06-01 17:53:37.193,LIVE,12.8679,93.5502,45.1017
2026-06-01 17:53:37.226,LIVE,12.8626,93.5397,45.1103
2026-06-01 17:53:37.257,LIVE,12.8576,93.5303,45.1185
2026-06-01 17:53:37.290,LIVE,12.8528,93.5218,45.1263
2026-06-01 17:53:37.322,LIVE,12.8479,93.5142,45.1337
2026-06-01 17:53:37.353,LIVE,12.8429,93.5073,45.1407
2026-06-01 17:53:37.385,LIVE,12.8383,93.5011,45.1474
2026-06-01 17:53:37.418,LIVE,12.8334,93.4955,45.1537
2026-06-01 17:53:37.451,LIVE,12.8291,93.4905,45.1598
2026-06-01 17:53:37.479,LIVE,12.8256,93.486,45.1655
2026-06-01 17:53:37.511,LIVE,12.8212,93.4819,45.1709
2026-06-01 17:53:37.543,LIVE,12.8172,93.4783,45.1761
2026-06-01 17:53:37.575,LIVE,12.8134,93.475,45.181
2026-06-01 17:53:37.606,LIVE,12.8096,93.472,45.1856
2026-06-01 17:53:37.638,LIVE,12.8063,93.4741,45.1901
2026-06-01 17:53:37.670,LIVE,12.8025,93.4759,45.1943
2026-06-01 17:53:37.701,LIVE,12.7992,93.4776,45.1983
2026-06-01 17:53:37.733,LIVE,12.796,93.4791,45.2021
2026-06-01 17:53:37.765,LIVE,12.793,93.4804,45.2057
2026-06-01 17:53:37.797,LIVE,12.7903,93.4816,45.2091
2026-06-01 17:53:37.827,LIVE,12.7882,93.4827,45.2124
2026-06-01 17:53:37.859,LIVE,12.7857,93.4837,45.2154
2026-06-01 17:53:37.892,LIVE,12.7841,93.4846,45.2184
2026-06-01 17:53:37.923,LIVE,12.7831,93.4854,45.2212
2026-06-01 17:53:37.956,LIVE,12.7816,93.4861,45.2238
2026-06-01 17:53:37.988,LIVE,12.7809,93.4867,45.2263
2026-06-01 17:53:38.020,LIVE,12.7807,93.4873,45.2287
2026-06-01 17:53:38.049,LIVE,12.7806,93.4878,45.231
2026-06-01 17:53:38.080,LIVE,12.7801,93.4883,45.2332
2026-06-01 17:53:38.111,LIVE,12.7803,93.4887,45.2352
2026-06-01 17:53:38.143,LIVE,12.7805,93.4894,45.241
2026-06-01 17:53:38.174,LIVE,12.7804,93.49,45.2464
2026-06-01 17:53:38.205,LIVE,12.7801,93.4906,45.2516
2026-06-01 17:53:38.241,LIVE,12.7807,93.4911,45.2565
2026-06-01 17:53:38.269,LIVE,12.7805,93.4915,45.2612
2026-06-01 17:53:38.299,LIVE,12.7808,93.4919,45.2657
2026-06-01 17:53:38.330,LIVE,12.7808,93.4923,45.2699
2026-06-01 17:53:38.363,LIVE,12.7812,93.4926,45.2739
2026-06-01 17:53:38.394,LIVE,12.7815,93.4929,45.2777
2026-06-01 17:53:38.426,LIVE,12.7822,93.4932,45.2813
2026-06-01 17:53:38.458,LIVE,12.7829,93.4934,45.2848
2026-06-01 17:53:38.488,LIVE,12.7836,93.4936,45.288
2026-06-01 17:53:38.521,LIVE,12.7837,93.4938,45.2911
2026-06-01 17:53:38.552,LIVE,12.7844,93.494,45.2941
2026-06-01 17:53:38.585,LIVE,12.7857,93.4942,45.2969
2026-06-01 17:53:38.615,LIVE,12.7868,93.4943,45.2996
2026-06-01 17:53:38.647,LIVE,12.7879,93.4932,45.3038
2026-06-01 17:53:38.678,LIVE,12.7893,93.4922,45.3078
2026-06-01 17:53:38.709,LIVE,12.7905,93.4912,45.3116
2026-06-01 17:53:38.741,LIVE,12.7916,93.4904,45.3152
2026-06-01 17:53:38.771,LIVE,12.7926,93.4897,45.3186
2026-06-01 17:53:38.804,LIVE,12.7937,93.489,45.3219
2026-06-01 17:53:38.836,LIVE,12.7948,93.4884,45.325
2026-06-01 17:53:38.868,LIVE,12.7959,93.4878,45.3279
2026-06-01 17:53:38.898,LIVE,12.7967,93.4874,45.3307
2026-06-01 17:53:38.929,LIVE,12.7975,93.4869,45.3334
2026-06-01 17:53:38.962,LIVE,12.7983,93.4865,45.3359
2026-06-01 17:53:38.994,LIVE,12.7993,93.4862,45.3383
2026-06-01 17:53:39.028,LIVE,12.8006,93.4858,45.3406
2026-06-01 17:53:39.057,LIVE,12.802,93.4855,45.3427
2026-06-01 17:53:39.089,LIVE,12.8031,93.4853,45.3448
2026-06-01 17:53:39.120,LIVE,12.8044,93.5024,45.3366
2026-06-01 17:53:39.151,LIVE,12.8057,93.5177,45.3289
2026-06-01 17:53:39.183,LIVE,12.8073,93.5315,45.3215
2026-06-01 17:53:39.214,LIVE,12.8087,93.544,45.3145
2026-06-01 17:53:39.245,LIVE,12.8103,93.5552,45.3079
2026-06-01 17:53:39.276,LIVE,12.8108,93.5653,45.3016
2026-06-01 17:53:39.308,LIVE,12.8124,93.5743,45.2956
2026-06-01 17:53:39.341,LIVE,12.8138,93.5825,45.2899
2026-06-01 17:53:39.371,LIVE,12.8152,93.5898,45.2844
2026-06-01 17:53:39.404,LIVE,12.8165,93.5965,45.2793
2026-06-01 17:53:39.435,LIVE,12.8175,93.6024,45.2744
2026-06-01 17:53:39.466,LIVE,12.8189,93.6078,45.2698
2026-06-01 17:53:39.498,LIVE,12.8205,93.6126,45.2654
2026-06-01 17:53:39.530,LIVE,12.8219,93.6169,45.2612
2026-06-01 17:53:39.561,LIVE,12.8239,93.6208,45.2572
2026-06-01 17:53:39.593,LIVE,12.8256,93.6243,45.2534
2026-06-01 17:53:39.626,LIVE,12.8272,93.6553,45.2674
2026-06-01 17:53:39.658,LIVE,12.8287,93.6832,45.2806
2026-06-01 17:53:39.690,LIVE,12.8304,93.7082,45.2932
2026-06-01 17:53:39.722,LIVE,12.8324,93.7308,45.3052
2026-06-01 17:53:39.754,LIVE,12.8338,93.7511,45.3166
2026-06-01 17:53:39.786,LIVE,12.8359,93.7694,45.3274
2026-06-01 17:53:39.820,LIVE,12.8373,93.7858,45.3376
2026-06-01 17:53:39.847,LIVE,12.8385,93.8006,45.3474
2026-06-01 17:53:39.878,LIVE,12.8401,93.814,45.3566
2026-06-01 17:53:39.910,LIVE,12.8409,93.826,45.3654
2026-06-01 17:53:39.942,LIVE,12.8423,93.8368,45.3738
2026-06-01 17:53:39.972,LIVE,12.8434,93.8465,45.3817
2026-06-01 17:53:40.004,LIVE,12.8448,93.8552,45.3893
2026-06-01 17:53:40.036,LIVE,12.8463,93.8631,45.3965
2026-06-01 17:53:40.068,LIVE,12.8474,93.8702,45.4033
2026-06-01 17:53:40.099,LIVE,12.8488,93.8765,45.4097
2026-06-01 17:53:40.130,LIVE,12.8499,93.8883,45.4154
2026-06-01 17:53:40.162,LIVE,12.8516,93.8989,45.4207
2026-06-01 17:53:40.194,LIVE,12.8528,93.9084,45.4258
2026-06-01 17:53:40.227,LIVE,12.8547,93.917,45.4306
2026-06-01 17:53:40.259,LIVE,12.8566,93.9247,45.4352
2026-06-01 17:53:40.290,LIVE,12.8584,93.9317,45.4396
2026-06-01 17:53:40.323,LIVE,12.8609,93.9379,45.4437
2026-06-01 17:53:40.355,LIVE,12.8635,93.9436,45.4477
2026-06-01 17:53:40.387,LIVE,12.8663,93.9486,45.4514
2026-06-01 17:53:40.419,LIVE,12.8694,93.9532,45.455
2026-06-01 17:53:40.450,LIVE,12.873,93.9573,45.4583
2026-06-01 17:53:40.481,LIVE,12.8769,93.961,45.4615
2026-06-01 17:53:40.513,LIVE,12.8811,93.9643,45.4646
2026-06-01 17:53:40.545,LIVE,12.8856,93.9673,45.4675
2026-06-01 17:53:40.576,LIVE,12.8904,93.97,45.4702
2026-06-01 17:53:40.611,LIVE,12.8953,93.9724,45.4728
2026-06-01 17:53:40.641,LIVE,12.9005,93.9746,45.4753
2026-06-01 17:53:40.672,LIVE,12.9056,93.9766,45.4777
2026-06-01 17:53:40.703,LIVE,12.9109,93.9783,45.4799
2026-06-01 17:53:40.736,LIVE,12.916,93.9799,45.482
2026-06-01 17:53:40.768,LIVE,12.9214,93.9813,45.484
2026-06-01 17:53:40.798,LIVE,12.9267,93.9826,45.486
2026-06-01 17:53:40.831,LIVE,12.9321,93.9838,45.4878
2026-06-01 17:53:40.863,LIVE,12.9368,93.9848,45.4895
2026-06-01 17:53:40.893,LIVE,12.9422,93.9858,45.4912
2026-06-01 17:53:40.925,LIVE,12.9475,93.9866,45.4927
2026-06-01 17:53:40.957,LIVE,12.9521,93.9874,45.4942
2026-06-01 17:53:40.987,LIVE,12.9569,93.9881,45.4956
2026-06-01 17:53:41.020,LIVE,12.9621,93.9887,45.497
2026-06-01 17:53:41.052,LIVE,12.9671,93.9892,45.4982
2026-06-01 17:53:41.083,LIVE,12.972,93.9897,45.4994
2026-06-01 17:53:41.115,LIVE,12.977,93.9902,45.5006
2026-06-01 17:53:41.147,LIVE,12.9818,93.9005,45.6953
2026-06-01 17:53:41.179,LIVE,12.9859,93.8197,45.8802
2026-06-01 17:53:41.209,LIVE,12.9899,93.7471,46.0559
2026-06-01 17:53:41.240,LIVE,12.994,93.6817,46.2228
2026-06-01 17:53:41.271,LIVE,12.9983,93.6228,46.3814
2026-06-01 17:53:41.303,LIVE,13.0026,93.5699,46.532
2026-06-01 17:53:41.335,LIVE,13.006,93.5222,46.6751
2026-06-01 17:53:41.366,LIVE,13.0101,93.4793,46.811
2026-06-01 17:53:41.401,LIVE,13.0142,93.4407,46.9402
2026-06-01 17:53:41.429,LIVE,13.0182,93.4059,47.0629
2026-06-01 17:53:41.460,LIVE,13.0221,93.3747,47.1794
2026-06-01 17:53:41.492,LIVE,13.0265,93.3465,47.2902
2026-06-01 17:53:41.525,LIVE,13.0295,93.3212,47.3953
2026-06-01 17:53:41.555,LIVE,13.0333,93.2984,47.4953
2026-06-01 17:53:41.586,LIVE,13.0368,93.2778,47.5902
2026-06-01 17:53:41.619,LIVE,13.0406,93.0413,47.7185
2026-06-01 17:53:41.650,LIVE,13.044,92.8283,47.8404
2026-06-01 17:53:41.682,LIVE,13.0476,92.6367,47.9562
2026-06-01 17:53:41.712,LIVE,13.051,92.4642,48.0662
2026-06-01 17:53:41.744,LIVE,13.0536,92.309,48.1708
2026-06-01 17:53:41.775,LIVE,13.057,92.1692,48.27
2026-06-01 17:53:41.807,LIVE,13.0602,92.0435,48.3644
2026-06-01 17:53:41.840,LIVE,13.0634,91.9303,48.454
2026-06-01 17:53:41.870,LIVE,13.0664,91.8285,48.5391
2026-06-01 17:53:41.903,LIVE,13.0692,91.7368,48.62
2026-06-01 17:53:41.935,LIVE,13.0724,91.6543,48.6968
2026-06-01 17:53:41.965,LIVE,13.0749,91.5801,48.7698
2026-06-01 17:53:41.997,LIVE,13.0773,91.5133,48.8391
2026-06-01 17:53:42.029,LIVE,13.08,91.4531,48.905
2026-06-01 17:53:42.061,LIVE,13.0825,91.399,48.9676
2026-06-01 17:53:42.094,LIVE,13.085,91.3503,49.027
2026-06-01 17:53:42.126,LIVE,13.0878,91.2942,49.0835
2026-06-01 17:53:42.156,LIVE,13.0899,91.2437,49.1371
2026-06-01 17:53:42.191,LIVE,13.0925,91.1983,49.1881
2026-06-01 17:53:42.219,LIVE,13.095,91.1574,49.2365
2026-06-01 17:53:42.253,LIVE,13.0971,91.1206,49.2825
2026-06-01 17:53:42.285,LIVE,13.0987,91.0875,49.3262
2026-06-01 17:53:42.316,LIVE,13.1008,91.0577,49.3677
2026-06-01 17:53:42.347,LIVE,13.1027,91.0309,49.4072
2026-06-01 17:53:42.380,LIVE,13.105,91.0068,49.4446
2026-06-01 17:53:42.412,LIVE,13.1065,90.985,49.4802
2026-06-01 17:53:42.443,LIVE,13.1085,90.9655,49.514
2026-06-01 17:53:42.475,LIVE,13.1105,90.9479,49.5462
2026-06-01 17:53:42.507,LIVE,13.1125,90.932,49.5767
2026-06-01 17:53:42.539,LIVE,13.1143,90.9178,49.6057
2026-06-01 17:53:42.571,LIVE,13.1164,90.905,49.6332
2026-06-01 17:53:42.603,LIVE,13.1184,90.8934,49.6594
2026-06-01 17:53:42.635,LIVE,13.1195,90.8561,49.7392
2026-06-01 17:53:42.665,LIVE,13.1213,90.8225,49.815
2026-06-01 17:53:42.698,LIVE,13.1223,90.7923,49.8871
2026-06-01 17:53:42.729,LIVE,13.1241,90.7651,49.9555
2026-06-01 17:53:42.761,LIVE,13.1256,90.7406,50.0205
2026-06-01 17:53:42.791,LIVE,13.1275,90.7186,50.0823
2026-06-01 17:53:42.823,LIVE,13.1293,90.6988,50.141
2026-06-01 17:53:42.856,LIVE,13.131,90.681,50.1967
2026-06-01 17:53:42.887,LIVE,13.1324,90.6649,50.2497
2026-06-01 17:53:42.919,LIVE,13.134,90.6504,50.3
2026-06-01 17:53:42.952,LIVE,13.1356,90.6374,50.3478
2026-06-01 17:53:42.987,LIVE,13.1371,90.6257,50.3932
2026-06-01 17:53:43.014,LIVE,13.1383,90.6152,50.4363
2026-06-01 17:53:43.046,LIVE,13.1396,90.6057,50.4773
2026-06-01 17:53:43.076,LIVE,13.1408,90.5972,50.5162
2026-06-01 17:53:43.107,LIVE,13.1422,90.5895,50.5532
2026-06-01 17:53:43.140,LIVE,13.143,90.5074,50.6051
2026-06-01 17:53:43.172,LIVE,13.1444,90.4336,50.6544
2026-06-01 17:53:43.202,LIVE,13.1454,90.3671,50.7012
2026-06-01 17:53:43.235,LIVE,13.1466,90.3072,50.7457
2026-06-01 17:53:43.267,LIVE,13.1474,90.2534,50.7879
2026-06-01 17:53:43.299,LIVE,13.1474,90.2049,50.8281
2026-06-01 17:53:43.331,LIVE,13.148,90.1613,50.8662
2026-06-01 17:53:43.360,LIVE,13.1486,90.122,50.9025
2026-06-01 17:53:43.392,LIVE,13.1492,90.0867,50.9369
2026-06-01 17:53:43.424,LIVE,13.1493,90.0549,50.9696
2026-06-01 17:53:43.456,LIVE,13.1498,90.0263,51.0007
2026-06-01 17:53:43.488,LIVE,13.1503,90.0005,51.0302
2026-06-01 17:53:43.519,LIVE,13.1504,89.9774,51.0582
2026-06-01 17:53:43.551,LIVE,13.1511,89.9565,51.0848
2026-06-01 17:53:43.583,LIVE,13.1506,89.9377,51.1101
2026-06-01 17:53:43.614,LIVE,13.1498,89.9208,51.1342
2026-06-01 17:53:43.647,LIVE,13.1496,89.899,51.1699
2026-06-01 17:53:43.679,LIVE,13.1492,89.8793,51.2039
2026-06-01 17:53:43.710,LIVE,13.1488,89.8616,51.2362
2026-06-01 17:53:43.741,LIVE,13.1484,89.8457,51.2669
2026-06-01 17:53:43.775,LIVE,13.1478,89.8314,51.296
2026-06-01 17:53:43.805,LIVE,13.1473,89.8185,51.3237
2026-06-01 17:53:43.837,LIVE,13.1467,89.8069,51.35
2026-06-01 17:53:43.869,LIVE,13.146,89.7964,51.3749
2026-06-01 17:53:43.901,LIVE,13.1452,89.787,51.3987
2026-06-01 17:53:43.932,LIVE,13.144,89.7786,51.4212
2026-06-01 17:53:43.964,LIVE,13.1431,89.771,51.4426
2026-06-01 17:53:43.995,LIVE,13.142,89.7641,51.463
2026-06-01 17:53:44.027,LIVE,13.1403,89.7579,51.4823
2026-06-01 17:53:44.059,LIVE,13.1392,89.7524,51.5007
2026-06-01 17:53:44.090,LIVE,13.1376,89.7474,51.5181
2026-06-01 17:53:44.122,LIVE,13.1361,89.6827,51.5359
2026-06-01 17:53:44.155,LIVE,13.1347,89.6245,51.5528
2026-06-01 17:53:44.186,LIVE,13.1333,89.5721,51.5688
2026-06-01 17:53:44.219,LIVE,13.1311,89.525,51.5841
2026-06-01 17:53:44.251,LIVE,13.1294,89.4825,51.5986
2026-06-01 17:53:44.283,LIVE,13.1275,89.4443,51.6123
2026-06-01 17:53:44.316,LIVE,13.1257,89.4099,51.6254
2026-06-01 17:53:44.347,LIVE,13.1235,89.379,51.6378
2026-06-01 17:53:44.379,LIVE,13.1219,89.3512,51.6496
2026-06-01 17:53:44.409,LIVE,13.1191,89.3261,51.6608
2026-06-01 17:53:44.440,LIVE,13.1166,89.3036,51.6715
2026-06-01 17:53:44.473,LIVE,13.1144,89.2833,51.6816
2026-06-01 17:53:44.504,LIVE,13.1117,89.265,51.6912
2026-06-01 17:53:44.536,LIVE,13.1098,89.2486,51.7003
2026-06-01 17:53:44.572,LIVE,13.1078,89.2338,51.709
2026-06-01 17:53:44.601,LIVE,13.1058,89.2204,51.7172
2026-06-01 17:53:44.632,LIVE,13.1032,89.1833,51.725
2026-06-01 17:53:44.664,LIVE,13.1005,89.1499,51.7325
2026-06-01 17:53:44.696,LIVE,13.0986,89.1198,51.7395
2026-06-01 17:53:44.728,LIVE,13.0963,89.0927,51.7462
2026-06-01 17:53:44.760,LIVE,13.0943,89.0683,51.7526
2026-06-01 17:53:44.791,LIVE,13.0913,89.0464,51.7587
2026-06-01 17:53:44.823,LIVE,13.089,89.0267,51.7644
2026-06-01 17:53:44.856,LIVE,13.0864,89.0089,51.7699
2026-06-01 17:53:44.887,LIVE,13.084,88.9929,51.7751
2026-06-01 17:53:44.919,LIVE,13.081,88.9785,51.78
2026-06-01 17:53:44.950,LIVE,13.0786,88.9656,51.7847
2026-06-01 17:53:44.981,LIVE,13.076,88.9539,51.7892
2026-06-01 17:53:45.012,LIVE,13.0735,88.9434,51.7934
2026-06-01 17:53:45.044,LIVE,13.071,88.934,51.7974
2026-06-01 17:53:45.076,LIVE,13.0687,88.9255,51.8012
2026-06-01 17:53:45.108,LIVE,13.0662,88.9178,51.8048
2026-06-01 17:53:45.140,LIVE,13.0636,88.8521,51.8133
2026-06-01 17:53:45.171,LIVE,13.0614,88.7929,51.8213
2026-06-01 17:53:45.202,LIVE,13.0591,88.7397,51.8289
2026-06-01 17:53:45.234,LIVE,13.0567,88.6918,51.8361
2026-06-01 17:53:45.265,LIVE,13.0542,88.6486,51.843
2026-06-01 17:53:45.297,LIVE,13.0521,88.6098,51.8495
2026-06-01 17:53:45.329,LIVE,13.0497,88.5749,51.8557
2026-06-01 17:53:45.365,LIVE,13.0475,88.5435,51.8616
2026-06-01 17:53:45.393,LIVE,13.0453,88.5152,51.8672
2026-06-01 17:53:45.425,LIVE,13.0432,88.4897,51.8725
2026-06-01 17:53:45.455,LIVE,13.0404,88.4668,51.8776
2026-06-01 17:53:45.487,LIVE,13.0379,88.4461,51.8824
2026-06-01 17:53:45.520,LIVE,13.0353,88.4276,51.8869
2026-06-01 17:53:45.553,LIVE,13.033,88.4109,51.8912
2026-06-01 17:53:45.585,LIVE,13.03,88.3958,51.8954
2026-06-01 17:53:45.617,LIVE,13.0278,88.3823,51.8993
2026-06-01 17:53:45.647,LIVE,13.0256,88.3454,51.9044
2026-06-01 17:53:45.680,LIVE,13.0232,88.3122,51.9093
2026-06-01 17:53:45.711,LIVE,13.0209,88.2823,51.9139
2026-06-01 17:53:45.742,LIVE,13.0186,88.2554,51.9183
2026-06-01 17:53:45.773,LIVE,13.0164,88.2312,51.9225
2026-06-01 17:53:45.806,LIVE,13.0141,88.2094,51.9264
2026-06-01 17:53:45.838,LIVE,13.0114,88.1898,51.9302
2026-06-01 17:53:45.869,LIVE,13.0085,88.1721,51.9338
2026-06-01 17:53:45.902,LIVE,13.0062,88.1562,51.9372
2026-06-01 17:53:45.934,LIVE,13.0046,88.1419,51.9404
2026-06-01 17:53:45.963,LIVE,13.0022,88.1291,51.9435
2026-06-01 17:53:45.995,LIVE,12.9998,88.1175,51.9464
2026-06-01 17:53:46.027,LIVE,12.9972,88.1071,51.9492
2026-06-01 17:53:46.058,LIVE,12.9948,88.0977,51.9518
2026-06-01 17:53:46.090,LIVE,12.9925,88.0892,51.9543
2026-06-01 17:53:46.121,LIVE,12.99,88.0349,51.9567
2026-06-01 17:53:46.155,LIVE,12.988,87.9859,51.9589
2026-06-01 17:53:46.184,LIVE,12.9861,87.9419,51.9611
2026-06-01 17:53:46.217,LIVE,12.9838,87.9023,51.9631
2026-06-01 17:53:46.249,LIVE,12.9817,87.8666,51.965
2026-06-01 17:53:46.281,LIVE,12.9796,87.8345,51.9669
2026-06-01 17:53:46.311,LIVE,12.977,87.8056,51.9686
2026-06-01 17:53:46.343,LIVE,12.9752,87.7796,51.9703
2026-06-01 17:53:46.375,LIVE,12.9731,87.7562,51.9719
2026-06-01 17:53:46.407,LIVE,12.9704,87.7351,51.9734
2026-06-01 17:53:46.438,LIVE,12.9687,87.7162,51.9748
2026-06-01 17:53:46.470,LIVE,12.967,87.6991,51.9761
2026-06-01 17:53:46.502,LIVE,12.9649,87.6838,51.9774
2026-06-01 17:53:46.534,LIVE,12.9629,87.6699,51.9786
2026-06-01 17:53:46.567,LIVE,12.9608,87.6575,51.9798
2026-06-01 17:53:46.599,LIVE,12.9595,87.6463,51.9809
2026-06-01 17:53:46.630,LIVE,12.9581,87.6367,51.9839
2026-06-01 17:53:46.663,LIVE,12.9563,87.6281,51.9867
2026-06-01 17:53:46.695,LIVE,12.9551,87.6204,51.9894
2026-06-01 17:53:46.727,LIVE,12.9536,87.6134,51.9919
2026-06-01 17:53:46.759,LIVE,12.9527,87.6071,51.9943
2026-06-01 17:53:46.791,LIVE,12.9517,87.6015,51.9966
2026-06-01 17:53:46.822,LIVE,12.951,87.5964,51.9988
2026-06-01 17:53:46.853,LIVE,12.9507,87.5918,52.0009
2026-06-01 17:53:46.886,LIVE,12.9506,87.5877,52.0029
2026-06-01 17:53:46.919,LIVE,12.9506,87.584,52.0047
2026-06-01 17:53:46.951,LIVE,12.9508,87.5806,52.0065
2026-06-01 17:53:46.979,LIVE,12.9506,87.5776,52.0082
2026-06-01 17:53:47.011,LIVE,12.9507,87.5749,52.0098
2026-06-01 17:53:47.043,LIVE,12.951,87.5725,52.0113
2026-06-01 17:53:47.075,LIVE,12.9515,87.5703,52.0128
2026-06-01 17:53:47.108,LIVE,12.9519,87.5683,52.0142
2026-06-01 17:53:47.139,LIVE,12.9526,87.5738,52.019
2026-06-01 17:53:47.172,LIVE,12.953,87.5788,52.0235
2026-06-01 17:53:47.204,LIVE,12.9539,87.5832,52.0279
2026-06-01 17:53:47.234,LIVE,12.9551,87.5873,52.032
2026-06-01 17:53:47.267,LIVE,12.9565,87.5909,52.0359
2026-06-01 17:53:47.299,LIVE,12.9582,87.5941,52.0396
2026-06-01 17:53:47.330,LIVE,12.9604,87.597,52.0431
2026-06-01 17:53:47.364,LIVE,12.9625,87.5997,52.0465
2026-06-01 17:53:47.394,LIVE,12.9648,87.602,52.0497
2026-06-01 17:53:47.425,LIVE,12.9675,87.6042,52.0527
2026-06-01 17:53:47.456,LIVE,12.9695,87.6061,52.0556
2026-06-01 17:53:47.488,LIVE,12.9715,87.6078,52.0583
2026-06-01 17:53:47.520,LIVE,12.9745,87.6094,52.0609
2026-06-01 17:53:47.554,LIVE,12.9775,87.6108,52.0633
2026-06-01 17:53:47.584,LIVE,12.9816,87.612,52.0657
2026-06-01 17:53:47.614,LIVE,12.9858,87.6131,52.0679
2026-06-01 17:53:47.646,LIVE,12.9906,87.6142,52.0853
2026-06-01 17:53:47.676,LIVE,12.996,87.6151,52.1018
2026-06-01 17:53:47.707,LIVE,13.0013,87.6159,52.1175
2026-06-01 17:53:47.743,LIVE,13.0069,87.6166,52.1324
2026-06-01 17:53:47.771,LIVE,13.0128,87.6173,52.1466
2026-06-01 17:53:47.801,LIVE,13.0187,87.6179,52.16
2026-06-01 17:53:47.834,LIVE,13.0243,87.6185,52.1728
2026-06-01 17:53:47.865,LIVE,13.0296,87.6189,52.1849
2026-06-01 17:53:47.897,LIVE,13.034,87.6194,52.1965
2026-06-01 17:53:47.928,LIVE,13.0387,87.6198,52.2074
2026-06-01 17:53:47.961,LIVE,13.0433,87.6201,52.2178
2026-06-01 17:53:47.991,LIVE,13.0473,87.6205,52.2277
2026-06-01 17:53:48.024,LIVE,13.0513,87.6207,52.2371
2026-06-01 17:53:48.055,LIVE,13.0551,87.621,52.2461
2026-06-01 17:53:48.087,LIVE,13.0583,87.6212,52.2545
2026-06-01 17:53:48.120,LIVE,13.0618,87.614,52.2479
2026-06-01 17:53:48.150,LIVE,13.0641,87.6075,52.2415
2026-06-01 17:53:48.183,LIVE,13.0665,87.6016,52.2355
2026-06-01 17:53:48.215,LIVE,13.0683,87.5963,52.2298
2026-06-01 17:53:48.246,LIVE,13.0705,87.5915,52.2244
2026-06-01 17:53:48.278,LIVE,13.0729,87.5873,52.2192
2026-06-01 17:53:48.311,LIVE,13.075,87.5834,52.2143
2026-06-01 17:53:48.341,LIVE,13.0772,87.5799,52.2096
2026-06-01 17:53:48.373,LIVE,13.0793,87.5768,52.2052
2026-06-01 17:53:48.405,LIVE,13.0813,87.574,52.201
2026-06-01 17:53:48.437,LIVE,13.0826,87.5715,52.197
2026-06-01 17:53:48.469,LIVE,13.0843,87.5692,52.1932
2026-06-01 17:53:48.501,LIVE,13.0861,87.5672,52.1896
2026-06-01 17:53:48.537,LIVE,13.0878,87.5653,52.1862
2026-06-01 17:53:48.563,LIVE,13.0896,87.5637,52.183
2026-06-01 17:53:48.596,LIVE,13.091,87.5622,52.1799
2026-06-01 17:53:48.627,LIVE,13.0922,87.5471,52.1922
2026-06-01 17:53:48.659,LIVE,13.0936,87.5335,52.2039
2026-06-01 17:53:48.691,LIVE,13.0947,87.5213,52.2151
2026-06-01 17:53:48.723,LIVE,13.0961,87.5103,52.2257
2026-06-01 17:53:48.755,LIVE,13.0967,87.5003,52.2357
2026-06-01 17:53:48.786,LIVE,13.0978,87.4914,52.2453
2026-06-01 17:53:48.817,LIVE,13.0996,87.4834,52.2543
2026-06-01 17:53:48.850,LIVE,13.1006,87.4762,52.263
2026-06-01 17:53:48.882,LIVE,13.1013,87.4697,52.2712
2026-06-01 17:53:48.913,LIVE,13.1019,87.4638,52.2789
2026-06-01 17:53:48.945,LIVE,13.1019,87.4586,52.2863
2026-06-01 17:53:48.976,LIVE,13.1023,87.4538,52.2933
2026-06-01 17:53:49.008,LIVE,13.103,87.4496,52.3
2026-06-01 17:53:49.039,LIVE,13.1035,87.4457,52.3064
2026-06-01 17:53:49.072,LIVE,13.1044,87.4423,52.3124
2026-06-01 17:53:49.104,LIVE,13.1041,87.4392,52.3181
2026-06-01 17:53:49.135,LIVE,13.1045,87.3457,52.6681
2026-06-01 17:53:49.167,LIVE,13.1048,87.2616,53.0006
2026-06-01 17:53:49.200,LIVE,13.1049,87.1859,53.3165
2026-06-01 17:53:49.232,LIVE,13.1058,87.1178,53.6165
2026-06-01 17:53:49.264,LIVE,13.106,87.0565,53.9016
2026-06-01 17:53:49.295,LIVE,13.1059,87.0013,54.1724
2026-06-01 17:53:49.333,LIVE,13.1061,86.9517,54.4297
2026-06-01 17:53:49.358,LIVE,13.1065,86.907,54.6741
2026-06-01 17:53:49.391,LIVE,13.107,86.8668,54.9063
2026-06-01 17:53:49.423,LIVE,13.1072,86.8306,55.1269
2026-06-01 17:53:49.455,LIVE,13.1075,86.798,55.3364
2026-06-01 17:53:49.487,LIVE,13.1085,86.7687,55.5355
2026-06-01 17:53:49.519,LIVE,13.1092,86.7423,55.7246
2026-06-01 17:53:49.550,LIVE,13.1096,86.7185,55.9043
2026-06-01 17:53:49.583,LIVE,13.1103,86.6971,56.075
2026-06-01 17:53:49.615,LIVE,13.11,86.6779,56.2371
2026-06-01 17:53:49.647,LIVE,13.1103,86.6008,56.3739
2026-06-01 17:53:49.679,LIVE,13.11,86.5313,56.5038
2026-06-01 17:53:49.710,LIVE,13.1105,86.4688,56.6272
2026-06-01 17:53:49.742,LIVE,13.111,86.4126,56.7445
2026-06-01 17:53:49.774,LIVE,13.1117,86.362,56.8558
2026-06-01 17:53:49.805,LIVE,13.1117,86.3164,56.9617
2026-06-01 17:53:49.836,LIVE,13.1117,86.2754,57.0622
2026-06-01 17:53:49.869,LIVE,13.1112,86.2385,57.1577
2026-06-01 17:53:49.901,LIVE,13.1115,86.2053,57.2484
2026-06-01 17:53:49.932,LIVE,13.1108,86.1754,57.3346
2026-06-01 17:53:49.964,LIVE,13.1113,86.1485,57.4165
2026-06-01 17:53:49.995,LIVE,13.1117,86.1243,57.4942
2026-06-01 17:53:50.027,LIVE,13.1122,86.1025,57.5681
2026-06-01 17:53:50.059,LIVE,13.1124,86.0829,57.6383
2026-06-01 17:53:50.089,LIVE,13.1117,86.0653,57.705
2026-06-01 17:53:50.122,LIVE,13.112,86.0464,57.7833
2026-06-01 17:53:50.152,LIVE,13.1127,86.0295,57.8576
2026-06-01 17:53:50.184,LIVE,13.1129,86.0142,57.9282
2026-06-01 17:53:50.216,LIVE,13.1126,86.0005,57.9953
2026-06-01 17:53:50.247,LIVE,13.1128,85.9881,58.059
2026-06-01 17:53:50.279,LIVE,13.1125,85.977,58.1196
2026-06-01 17:53:50.310,LIVE,13.1118,85.9669,58.1771
2026-06-01 17:53:50.342,LIVE,13.1122,85.9579,58.2318
2026-06-01 17:53:50.374,LIVE,13.1126,85.9498,58.2837
2026-06-01 17:53:50.404,LIVE,13.1122,85.9425,58.333
2026-06-01 17:53:50.437,LIVE,13.1128,85.9359,58.3798
2026-06-01 17:53:50.469,LIVE,13.1132,85.93,58.4243
2026-06-01 17:53:50.500,LIVE,13.1137,85.9247,58.4666
2026-06-01 17:53:50.532,LIVE,13.1142,85.9199,58.5068
2026-06-01 17:53:50.562,LIVE,13.1151,85.9156,58.5449
2026-06-01 17:53:50.595,LIVE,13.1163,85.9117,58.5812
2026-06-01 17:53:50.627,LIVE,13.1175,85.8948,58.9734
2026-06-01 17:53:50.658,LIVE,13.1182,85.8796,59.346
2026-06-01 17:53:50.689,LIVE,13.12,85.8659,59.6999
2026-06-01 17:53:50.720,LIVE,13.1219,85.8535,60.0361
2026-06-01 17:53:50.752,LIVE,13.1241,85.8424,60.3556
2026-06-01 17:53:50.784,LIVE,13.1273,85.8324,60.659
2026-06-01 17:53:50.816,LIVE,13.1298,85.8234,60.9473
2026-06-01 17:53:50.847,LIVE,13.133,85.8153,61.2212
2026-06-01 17:53:50.878,LIVE,13.1364,85.8081,61.4814
2026-06-01 17:53:50.914,LIVE,13.1402,85.8015,61.7286
2026-06-01 17:53:50.942,LIVE,13.1442,85.7956,61.9634
2026-06-01 17:53:50.975,LIVE,13.1481,85.7903,62.1864
2026-06-01 17:53:51.004,LIVE,13.1525,85.7855,62.3984
2026-06-01 17:53:51.036,LIVE,13.1574,85.7812,62.5997
2026-06-01 17:53:51.067,LIVE,13.1623,85.7773,62.7909
2026-06-01 17:53:51.098,LIVE,13.1674,85.7739,62.9726
2026-06-01 17:53:51.130,LIVE,13.173,85.7537,63.1568
2026-06-01 17:53:51.161,LIVE,13.1787,85.7356,63.3318
2026-06-01 17:53:51.194,LIVE,13.1848,85.7193,63.498
2026-06-01 17:53:51.226,LIVE,13.1913,85.7047,63.6558
2026-06-01 17:53:51.258,LIVE,13.1977,85.6915,63.8058
2026-06-01 17:53:51.290,LIVE,13.2043,85.6796,63.9483
2026-06-01 17:53:51.319,LIVE,13.2115,85.6689,64.0837
2026-06-01 17:53:51.350,LIVE,13.2191,85.6593,64.2123
2026-06-01 17:53:51.382,LIVE,13.2276,85.6506,64.3345
2026-06-01 17:53:51.416,LIVE,13.2353,85.6428,64.4506
2026-06-01 17:53:51.445,LIVE,13.2434,85.6358,64.5608
2026-06-01 17:53:51.478,LIVE,13.2516,85.6295,64.6656
2026-06-01 17:53:51.510,LIVE,13.26,85.6238,64.7651
2026-06-01 17:53:51.541,LIVE,13.2687,85.6187,64.8596
2026-06-01 17:53:51.572,LIVE,13.2776,85.6141,64.9494
2026-06-01 17:53:51.604,LIVE,13.2861,85.6099,65.0348
2026-06-01 17:53:51.637,LIVE,13.2957,85.6314,65.1163
2026-06-01 17:53:51.667,LIVE,13.3045,85.6507,65.1938
2026-06-01 17:53:51.701,LIVE,13.3144,85.6681,65.2674
2026-06-01 17:53:51.731,LIVE,13.3245,85.6838,65.3374
2026-06-01 17:53:51.764,LIVE,13.3348,85.6979,65.4038
2026-06-01 17:53:51.793,LIVE,13.3453,85.7105,65.4669
2026-06-01 17:53:51.825,LIVE,13.3554,85.7219,65.5269
2026-06-01 17:53:51.856,LIVE,13.366,85.7322,65.5838
2026-06-01 17:53:51.888,LIVE,13.3767,85.7415,65.6379
2026-06-01 17:53:51.919,LIVE,13.3871,85.7498,65.6893
2026-06-01 17:53:51.951,LIVE,13.3975,85.7573,65.7382
2026-06-01 17:53:51.983,LIVE,13.4083,85.764,65.7846
2026-06-01 17:53:52.015,LIVE,13.4179,85.7701,65.8286
2026-06-01 17:53:52.047,LIVE,13.4273,85.7755,65.8705
2026-06-01 17:53:52.079,LIVE,13.4373,85.7804,65.9103
2026-06-01 17:53:52.111,LIVE,13.4477,85.7848,65.9481
2026-06-01 17:53:52.143,LIVE,13.4574,85.8245,65.9833
2026-06-01 17:53:52.172,LIVE,13.4674,85.8602,66.0168
2026-06-01 17:53:52.204,LIVE,13.4776,85.8924,66.0486
2026-06-01 17:53:52.237,LIVE,13.4873,85.9213,66.0789
2026-06-01 17:53:52.267,LIVE,13.4971,85.9473,66.1076
2026-06-01 17:53:52.300,LIVE,13.5062,85.9708,66.1349
2026-06-01 17:53:52.332,LIVE,13.5152,85.9918,66.1608
2026-06-01 17:53:52.364,LIVE,13.5242,86.0108,66.1854
2026-06-01 17:53:52.396,LIVE,13.533,86.0279,66.2088
2026-06-01 17:53:52.428,LIVE,13.5412,86.0433,66.231
2026-06-01 17:53:52.459,LIVE,13.55,86.0571,66.2521
2026-06-01 17:53:52.494,LIVE,13.5587,86.0696,66.2722
2026-06-01 17:53:52.522,LIVE,13.567,86.0808,66.2912
2026-06-01 17:53:52.554,LIVE,13.5745,86.0908,66.3093
2026-06-01 17:53:52.586,LIVE,13.5833,86.0999,66.3265
2026-06-01 17:53:52.617,LIVE,13.5907,86.1004,66.3429
2026-06-01 17:53:52.649,LIVE,13.5988,86.1009,66.3584
2026-06-01 17:53:52.681,LIVE,13.6064,86.1013,66.3731
2026-06-01 17:53:52.713,LIVE,13.6139,86.1017,66.3871
2026-06-01 17:53:52.744,LIVE,13.6207,86.102,66.4004
2026-06-01 17:53:52.776,LIVE,13.6276,86.1023,66.4131
2026-06-01 17:53:52.808,LIVE,13.6351,86.1026,66.4251
2026-06-01 17:53:52.840,LIVE,13.6427,86.1028,66.4365
2026-06-01 17:53:52.870,LIVE,13.6495,86.103,66.4473
2026-06-01 17:53:52.903,LIVE,13.6567,86.1032,66.4576
2026-06-01 17:53:52.934,LIVE,13.6637,86.1034,66.4674
2026-06-01 17:53:52.967,LIVE,13.6704,86.1036,66.4767
2026-06-01 17:53:52.999,LIVE,13.6772,86.1037,66.4855
2026-06-01 17:53:53.030,LIVE,13.6842,86.1039,66.4939
2026-06-01 17:53:53.061,LIVE,13.6912,86.104,66.5019
2026-06-01 17:53:53.093,LIVE,13.698,86.1041,66.5094
2026-06-01 17:53:53.126,LIVE,13.7038,86.1142,66.5168
2026-06-01 17:53:53.156,LIVE,13.711,86.1234,66.5238
2026-06-01 17:53:53.187,LIVE,13.7181,86.1316,66.5305
2026-06-01 17:53:53.220,LIVE,13.7248,86.1391,66.5368
2026-06-01 17:53:53.251,LIVE,13.7315,86.1457,66.5428
2026-06-01 17:53:53.286,LIVE,13.7382,86.1518,66.5486
2026-06-01 17:53:53.315,LIVE,13.7451,86.1572,66.554
2026-06-01 17:53:53.347,LIVE,13.7525,86.162,66.5591
2026-06-01 17:53:53.377,LIVE,13.76,86.1664,66.564
2026-06-01 17:53:53.409,LIVE,13.7675,86.1703,66.5687
2026-06-01 17:53:53.442,LIVE,13.7749,86.1739,66.5731
2026-06-01 17:53:53.472,LIVE,13.7819,86.1771,66.5773
2026-06-01 17:53:53.505,LIVE,13.7891,86.18,66.5813
2026-06-01 17:53:53.536,LIVE,13.7963,86.1825,66.5851
2026-06-01 17:53:53.568,LIVE,13.8036,86.1849,66.5887
2026-06-01 17:53:53.601,LIVE,13.8107,86.187,66.5921
2026-06-01 17:53:53.632,LIVE,13.8184,86.1893,66.5916
2026-06-01 17:53:53.663,LIVE,13.8259,86.1913,66.5911
2026-06-01 17:53:53.695,LIVE,13.8326,86.1932,66.5906
2026-06-01 17:53:53.726,LIVE,13.8402,86.1948,66.5902
2026-06-01 17:53:53.759,LIVE,13.8481,86.1963,66.5897
2026-06-01 17:53:53.791,LIVE,13.856,86.1977,66.5893
2026-06-01 17:53:53.821,LIVE,13.8634,86.1989,66.5889
2026-06-01 17:53:53.853,LIVE,13.871,86.2,66.5885
2026-06-01 17:53:53.884,LIVE,13.8775,86.201,66.5882
2026-06-01 17:53:53.917,LIVE,13.8851,86.2018,66.5879
2026-06-01 17:53:53.948,LIVE,13.8925,86.2026,66.5875
2026-06-01 17:53:53.980,LIVE,13.9002,86.2033,66.5872
2026-06-01 17:53:54.012,LIVE,13.9078,86.204,66.5869
2026-06-01 17:53:54.043,LIVE,13.9151,86.2046,66.5867
2026-06-01 17:53:54.081,LIVE,13.9224,86.2051,66.5864
2026-06-01 17:53:54.107,LIVE,13.9297,86.2056,66.5862
2026-06-01 17:53:54.138,LIVE,13.9366,86.2312,66.5677
2026-06-01 17:53:54.171,LIVE,13.9438,86.2542,66.5502
2026-06-01 17:53:54.202,LIVE,13.95,86.2749,66.5335
2026-06-01 17:53:54.234,LIVE,13.9558,86.2936,66.5177
2026-06-01 17:53:54.265,LIVE,13.9625,86.3104,66.5027
2026-06-01 17:53:54.297,LIVE,13.9694,86.3255,66.4884
2026-06-01 17:53:54.330,LIVE,13.9757,86.3391,66.4749
2026-06-01 17:53:54.363,LIVE,13.9823,86.3513,66.462
2026-06-01 17:53:54.394,LIVE,13.9897,86.3623,66.4498
2026-06-01 17:53:54.426,LIVE,13.996,86.3723,66.4381
2026-06-01 17:53:54.458,LIVE,14.0021,86.3812,66.4271
2026-06-01 17:53:54.489,LIVE,14.0079,86.3892,66.4166
2026-06-01 17:53:54.522,LIVE,14.0136,86.3964,66.4066
2026-06-01 17:53:54.553,LIVE,14.0194,86.4029,66.3972
2026-06-01 17:53:54.585,LIVE,14.0249,86.4088,66.3882
2026-06-01 17:53:54.616,LIVE,14.0304,86.4141,66.3796
2026-06-01 17:53:54.649,LIVE,14.0355,86.39,66.3781
2026-06-01 17:53:54.681,LIVE,14.0405,86.3684,66.3766
2026-06-01 17:53:54.713,LIVE,14.0451,86.349,66.3752
2026-06-01 17:53:54.744,LIVE,14.049,86.3315,66.3738
2026-06-01 17:53:54.775,LIVE,14.0532,86.3157,66.3725
2026-06-01 17:53:54.809,LIVE,14.0573,86.3015,66.3713
2026-06-01 17:53:54.840,LIVE,14.0607,86.2888,66.3702
2026-06-01 17:53:54.873,LIVE,14.0644,86.2773,66.3691
2026-06-01 17:53:54.903,LIVE,14.0681,86.267,66.3681
2026-06-01 17:53:54.935,LIVE,14.0717,86.2577,66.3671
2026-06-01 17:53:54.965,LIVE,14.0748,86.2493,66.3661
2026-06-01 17:53:54.997,LIVE,14.0777,86.2417,66.3652
2026-06-01 17:53:55.030,LIVE,14.0803,86.235,66.3644
2026-06-01 17:53:55.060,LIVE,14.0838,86.2289,66.3636
2026-06-01 17:53:55.092,LIVE,14.086,86.2234,66.3628
2026-06-01 17:53:55.124,LIVE,14.0872,86.179,66.3812
2026-06-01 17:53:55.156,LIVE,14.0891,86.139,66.3986
2026-06-01 17:53:55.188,LIVE,14.0912,86.103,66.4152
2026-06-01 17:53:55.221,LIVE,14.092,86.0706,66.4309
2026-06-01 17:53:55.251,LIVE,14.0935,86.0415,66.4459
2026-06-01 17:53:55.283,LIVE,14.0948,86.0153,66.4601
2026-06-01 17:53:55.316,LIVE,14.0963,85.9917,66.4735
2026-06-01 17:53:55.347,LIVE,14.0967,85.9704,66.4864
2026-06-01 17:53:55.380,LIVE,14.0972,85.9513,66.4985
2026-06-01 17:53:55.412,LIVE,14.0974,85.9341,66.5101
2026-06-01 17:53:55.444,LIVE,14.0983,85.9186,66.5211
2026-06-01 17:53:55.475,LIVE,14.0978,85.9047,66.5315
2026-06-01 17:53:55.506,LIVE,14.098,85.8921,66.5414
2026-06-01 17:53:55.538,LIVE,14.0972,85.8809,66.5509
2026-06-01 17:53:55.569,LIVE,14.0969,85.8707,66.5598
2026-06-01 17:53:55.601,LIVE,14.0962,85.8616,66.5683
2026-06-01 17:53:55.633,LIVE,14.0956,85.8301,66.5641
2026-06-01 17:53:55.667,LIVE,14.0944,85.8019,66.5601
2026-06-01 17:53:55.696,LIVE,14.093,85.7764,66.5562
2026-06-01 17:53:55.728,LIVE,14.093,85.7535,66.5526
2026-06-01 17:53:55.759,LIVE,14.0913,85.7329,66.5492
2026-06-01 17:53:55.791,LIVE,14.0901,85.7144,66.5459
2026-06-01 17:53:55.822,LIVE,14.089,85.6977,66.5428
2026-06-01 17:53:55.853,LIVE,14.0876,85.6827,66.5398
2026-06-01 17:53:55.884,LIVE,14.0863,85.6691,66.537
2026-06-01 17:53:55.916,LIVE,14.0848,85.657,66.5344
2026-06-01 17:53:55.946,LIVE,14.0828,85.646,66.5318
2026-06-01 17:53:55.979,LIVE,14.0812,85.6362,66.5294
2026-06-01 17:53:56.011,LIVE,14.0798,85.6273,66.5271
2026-06-01 17:53:56.043,LIVE,14.0792,85.6193,66.525
2026-06-01 17:53:56.074,LIVE,14.0786,85.6121,66.5229
2026-06-01 17:53:56.106,LIVE,14.0777,85.6056,66.5209
2026-06-01 17:53:56.138,LIVE,14.0769,85.5763,66.5189
2026-06-01 17:53:56.168,LIVE,14.076,85.5498,66.5169
2026-06-01 17:53:56.201,LIVE,14.075,85.526,66.515
2026-06-01 17:53:56.232,LIVE,14.0737,85.5046,66.5133
2026-06-01 17:53:56.264,LIVE,14.0725,85.4853,66.5116
2026-06-01 17:53:56.297,LIVE,14.0713,85.468,66.51
2026-06-01 17:53:56.329,LIVE,14.0691,85.4524,66.5084
2026-06-01 17:53:56.359,LIVE,14.0664,85.4383,66.507
2026-06-01 17:53:56.392,LIVE,14.0649,85.4257,66.5056
2026-06-01 17:53:56.424,LIVE,14.0639,85.4143,66.5043
2026-06-01 17:53:56.458,LIVE,14.062,85.4041,66.5031
2026-06-01 17:53:56.488,LIVE,14.0596,85.3948,66.5019
2026-06-01 17:53:56.519,LIVE,14.0575,85.3865,66.5008
2026-06-01 17:53:56.551,LIVE,14.0552,85.3791,66.4997
2026-06-01 17:53:56.582,LIVE,14.0526,85.3723,66.4987
2026-06-01 17:53:56.614,LIVE,14.0493,85.3663,66.4978
2026-06-01 17:53:56.647,LIVE,14.0469,85.3119,66.5391
2026-06-01 17:53:56.680,LIVE,14.0443,85.2629,66.5783
2026-06-01 17:53:56.712,LIVE,14.0419,85.2188,66.6156
2026-06-01 17:53:56.743,LIVE,14.0393,85.1792,66.651
2026-06-01 17:53:56.775,LIVE,14.0366,85.1435,66.6847
2026-06-01 17:53:56.805,LIVE,14.0338,85.1113,66.7167
2026-06-01 17:53:56.837,LIVE,14.0313,85.0824,66.747
2026-06-01 17:53:56.868,LIVE,14.0283,85.0564,66.7759
2026-06-01 17:53:56.900,LIVE,14.0252,85.033,66.8033
2026-06-01 17:53:56.932,LIVE,14.0218,85.0119,66.8293
2026-06-01 17:53:56.965,LIVE,14.0192,84.9929,66.8541
2026-06-01 17:53:56.996,LIVE,14.0162,84.9758,66.8776
2026-06-01 17:53:57.028,LIVE,14.0134,84.9605,66.8999
2026-06-01 17:53:57.060,LIVE,14.0105,84.9466,66.9211
2026-06-01 17:53:57.091,LIVE,14.0086,84.9342,66.9412
2026-06-01 17:53:57.123,LIVE,14.0052,84.906,66.9795
2026-06-01 17:53:57.154,LIVE,14.0022,84.8806,67.0158
2026-06-01 17:53:57.186,LIVE,13.9984,84.8578,67.0503
2026-06-01 17:53:57.217,LIVE,13.9955,84.8372,67.0831
2026-06-01 17:53:57.253,LIVE,13.9924,84.8187,67.1142
2026-06-01 17:53:57.280,LIVE,13.9896,84.8021,67.1438
2026-06-01 17:53:57.313,LIVE,13.9866,84.7871,67.1719
2026-06-01 17:53:57.345,LIVE,13.9835,84.7736,67.1986
2026-06-01 17:53:57.375,LIVE,13.9806,84.7614,67.2239
2026-06-01 17:53:57.406,LIVE,13.977,84.7505,67.248
2026-06-01 17:53:57.437,LIVE,13.9738,84.7407,67.2709
2026-06-01 17:53:57.469,LIVE,13.9706,84.7318,67.2926
2026-06-01 17:53:57.501,LIVE,13.968,84.7239,67.3133
2026-06-01 17:53:57.533,LIVE,13.9653,84.7167,67.3329
2026-06-01 17:53:57.565,LIVE,13.9629,84.7102,67.3516
2026-06-01 17:53:57.597,LIVE,13.9605,84.7044,67.3693
2026-06-01 17:53:57.629,LIVE,13.9581,84.6955,67.3666
2026-06-01 17:53:57.660,LIVE,13.9559,84.6875,67.364
2026-06-01 17:53:57.691,LIVE,13.9537,84.6803,67.3616
2026-06-01 17:53:57.722,LIVE,13.9519,84.6738,67.3593
2026-06-01 17:53:57.753,LIVE,13.9504,84.6679,67.3571
2026-06-01 17:53:57.785,LIVE,13.9487,84.6627,67.355
2026-06-01 17:53:57.817,LIVE,13.9462,84.6579,67.3531
2026-06-01 17:53:57.848,LIVE,13.9445,84.6537,67.3512
2026-06-01 17:53:57.881,LIVE,13.943,84.6498,67.3494
2026-06-01 17:53:57.913,LIVE,13.942,84.6464,67.3477
2026-06-01 17:53:57.945,LIVE,13.9415,84.6433,67.3461
2026-06-01 17:53:57.977,LIVE,13.9403,84.6405,67.3446
2026-06-01 17:53:58.009,LIVE,13.9404,84.6379,67.3431
2026-06-01 17:53:58.045,LIVE,13.9412,84.6357,67.3417
2026-06-01 17:53:58.073,LIVE,13.9417,84.6336,67.3404
2026-06-01 17:53:58.104,LIVE,13.9431,84.6318,67.3392
2026-06-01 17:53:58.136,LIVE,13.9447,84.6482,67.3615
2026-06-01 17:53:58.167,LIVE,13.9465,84.6629,67.3827
2026-06-01 17:53:58.199,LIVE,13.9484,84.6761,67.4028
2026-06-01 17:53:58.231,LIVE,13.9506,84.6881,67.4219
2026-06-01 17:53:58.262,LIVE,13.9525,84.6988,67.4401
2026-06-01 17:53:58.295,LIVE,13.9554,84.7085,67.4573
2026-06-01 17:53:58.327,LIVE,13.9582,84.7172,67.4737
2026-06-01 17:53:58.357,LIVE,13.9609,84.725,67.4893
2026-06-01 17:53:58.389,LIVE,13.9651,84.732,67.5041
2026-06-01 17:53:58.420,LIVE,13.968,84.7384,67.5181
2026-06-01 17:53:58.453,LIVE,13.971,84.7441,67.5315
2026-06-01 17:53:58.484,LIVE,13.9739,84.7492,67.5442
2026-06-01 17:53:58.517,LIVE,13.976,84.7538,67.5562
2026-06-01 17:53:58.549,LIVE,13.9786,84.758,67.5677
2026-06-01 17:53:58.581,LIVE,13.9816,84.7617,67.5785
2026-06-01 17:53:58.614,LIVE,13.9848,84.7651,67.5889
2026-06-01 17:53:58.646,LIVE,13.9881,84.7979,67.5972
2026-06-01 17:53:58.676,LIVE,13.9912,84.8274,67.6051
2026-06-01 17:53:58.708,LIVE,13.9949,84.8539,67.6126
2026-06-01 17:53:58.739,LIVE,13.9979,84.8778,67.6198
2026-06-01 17:53:58.772,LIVE,14.0017,84.8993,67.6265
2026-06-01 17:53:58.803,LIVE,14.0053,84.9186,67.633
2026-06-01 17:53:58.837,LIVE,14.0089,84.936,67.6391
2026-06-01 17:53:58.865,LIVE,14.0126,84.9517,67.6449
2026-06-01 17:53:58.897,LIVE,14.0162,84.9658,67.6504
2026-06-01 17:53:58.930,LIVE,14.0197,84.9785,67.6557
2026-06-01 17:53:58.961,LIVE,14.0226,84.9899,67.6607
2026-06-01 17:53:58.993,LIVE,14.0248,85.0002,67.6654
2026-06-01 17:53:59.024,LIVE,14.0268,85.0094,67.6699
2026-06-01 17:53:59.057,LIVE,14.0281,85.0178,67.6742
2026-06-01 17:53:59.088,LIVE,14.0282,85.0253,67.6782
2026-06-01 17:53:59.120,LIVE,14.0275,85.032,67.6821
2026-06-01 17:53:59.151,LIVE,14.0268,85.0381,67.6858
2026-06-01 17:53:59.183,LIVE,14.025,85.0435,67.6892
2026-06-01 17:53:59.216,LIVE,14.021,85.0485,67.6926
2026-06-01 17:53:59.247,LIVE,14.0153,85.0529,67.6957
2026-06-01 17:53:59.278,LIVE,14.0078,85.0569,67.6987
2026-06-01 17:53:59.311,LIVE,13.9996,85.0604,67.7015
2026-06-01 17:53:59.343,LIVE,13.9912,85.0637,67.7042
2026-06-01 17:53:59.374,LIVE,13.983,85.0666,67.7068
2026-06-01 17:53:59.404,LIVE,13.9748,85.0692,67.7092
2026-06-01 17:53:59.435,LIVE,13.9661,85.0715,67.7115
2026-06-01 17:53:59.467,LIVE,13.9587,85.0737,67.7137
2026-06-01 17:53:59.499,LIVE,13.9511,85.0756,67.7158
2026-06-01 17:53:59.531,LIVE,13.9445,85.0773,67.7178
2026-06-01 17:53:59.564,LIVE,13.9383,85.0788,67.7197
2026-06-01 17:53:59.596,LIVE,13.9323,85.0802,67.7214
2026-06-01 17:53:59.629,LIVE,13.9265,85.1169,67.7224
2026-06-01 17:53:59.656,LIVE,13.9205,85.1499,67.7234
2026-06-01 17:53:59.689,LIVE,13.9151,85.1795,67.7242
2026-06-01 17:53:59.720,LIVE,13.9099,85.2063,67.7251
2026-06-01 17:53:59.750,LIVE,13.9043,85.2303,67.7259
2026-06-01 17:53:59.782,LIVE,13.899,85.252,67.7267
2026-06-01 17:53:59.815,LIVE,13.8938,85.2714,67.7274
2026-06-01 17:53:59.846,LIVE,13.8888,85.289,67.7281
2026-06-01 17:53:59.878,LIVE,13.8838,85.3047,67.7287
2026-06-01 17:53:59.911,LIVE,13.8795,85.3189,67.7293
2026-06-01 17:53:59.943,LIVE,13.8748,85.3317,67.7299
2026-06-01 17:53:59.974,LIVE,13.8706,85.3432,67.7305
2026-06-01 17:54:00.006,LIVE,13.8662,85.3536,67.731
2026-06-01 17:54:00.038,LIVE,13.8619,85.3629,67.7315
2026-06-01 17:54:00.069,LIVE,13.8576,85.3713,67.732
2026-06-01 17:54:00.101,LIVE,13.8533,85.3788,67.7325
2026-06-01 17:54:00.133,LIVE,13.8483,85.4211,67.7337
2026-06-01 17:54:00.164,LIVE,13.8432,85.4591,67.7348
2026-06-01 17:54:00.197,LIVE,13.8392,85.4934,67.7359
2026-06-01 17:54:00.229,LIVE,13.8351,85.5242,67.7369
2026-06-01 17:54:00.261,LIVE,13.8315,85.5519,67.7379
2026-06-01 17:54:00.293,LIVE,13.8277,85.5768,67.7388
2026-06-01 17:54:00.325,LIVE,13.8243,85.5993,67.7397
2026-06-01 17:54:00.356,LIVE,13.8208,85.6195,67.7405
2026-06-01 17:54:00.388,LIVE,13.8187,85.6377,67.7413
2026-06-01 17:54:00.423,LIVE,13.8151,85.6541,67.7421
2026-06-01 17:54:00.451,LIVE,13.8133,85.6688,67.7428
2026-06-01 17:54:00.484,LIVE,13.813,85.6821,67.7435
2026-06-01 17:54:00.515,LIVE,13.8133,85.694,67.7441
2026-06-01 17:54:00.548,LIVE,13.8157,85.7047,67.7447
2026-06-01 17:54:00.580,LIVE,13.8192,85.7144,67.7453
2026-06-01 17:54:00.611,LIVE,13.8233,85.7231,67.7459
2026-06-01 17:54:00.641,LIVE,13.8277,85.7475,67.7505
2026-06-01 17:54:00.672,LIVE,13.8322,85.7694,67.7548
2026-06-01 17:54:00.705,LIVE,13.836,85.7892,67.759
2026-06-01 17:54:00.735,LIVE,13.8409,85.807,67.7629
2026-06-01 17:54:00.767,LIVE,13.8457,85.8229,67.7667
2026-06-01 17:54:00.798,LIVE,13.8503,85.8373,67.7702
2026-06-01 17:54:00.830,LIVE,13.855,85.8503,67.7736
2026-06-01 17:54:00.862,LIVE,13.8594,85.862,67.7768
2026-06-01 17:54:00.895,LIVE,13.8638,85.8725,67.7799
2026-06-01 17:54:00.927,LIVE,13.8682,85.8819,67.7828
2026-06-01 17:54:00.958,LIVE,13.8722,85.8904,67.7855
2026-06-01 17:54:00.989,LIVE,13.8756,85.8981,67.7881
2026-06-01 17:54:01.021,LIVE,13.8801,85.9049,67.7906
2026-06-01 17:54:01.052,LIVE,13.8831,85.9111,67.793
2026-06-01 17:54:01.084,LIVE,13.8866,85.9167,67.7952
2026-06-01 17:54:01.117,LIVE,13.8904,85.9217,67.7973
2026-06-01 17:54:01.149,LIVE,13.894,85.9557,67.7994
2026-06-01 17:54:01.181,LIVE,13.8972,85.9863,67.8013
2026-06-01 17:54:01.214,LIVE,13.9004,86.0138,67.8031
2026-06-01 17:54:01.244,LIVE,13.9032,86.0386,67.8048
2026-06-01 17:54:01.274,LIVE,13.906,86.0609,67.8065
2026-06-01 17:54:01.307,LIVE,13.9087,86.0809,67.8081
2026-06-01 17:54:01.338,LIVE,13.9107,86.099,67.8095
2026-06-01 17:54:01.370,LIVE,13.9128,86.1152,67.811
2026-06-01 17:54:01.402,LIVE,13.9148,86.1299,67.8123
2026-06-01 17:54:01.434,LIVE,13.9163,86.143,67.8136
2026-06-01 17:54:01.464,LIVE,13.9179,86.1549,67.8148
2026-06-01 17:54:01.495,LIVE,13.919,86.1655,67.8159
2026-06-01 17:54:01.528,LIVE,13.9198,86.1751,67.817
2026-06-01 17:54:01.560,LIVE,13.9209,86.1838,67.8181
2026-06-01 17:54:01.591,LIVE,13.9215,86.1915,67.819
2026-06-01 17:54:01.623,LIVE,13.922,86.2431,67.82
2026-06-01 17:54:01.654,LIVE,13.922,86.2895,67.8209
2026-06-01 17:54:01.686,LIVE,13.9226,86.3313,67.8217
2026-06-01 17:54:01.718,LIVE,13.9215,86.3689,67.8225
2026-06-01 17:54:01.749,LIVE,13.9214,86.4027,67.8233
2026-06-01 17:54:01.781,LIVE,13.921,86.4332,67.824
2026-06-01 17:54:01.814,LIVE,13.9201,86.4606,67.8247
2026-06-01 17:54:01.845,LIVE,13.9197,86.4852,67.8254
2026-06-01 17:54:01.877,LIVE,13.9185,86.5074,67.826
2026-06-01 17:54:01.908,LIVE,13.9178,86.5274,67.8266
2026-06-01 17:54:01.940,LIVE,13.9169,86.5454,67.8271
2026-06-01 17:54:01.972,LIVE,13.9152,86.5616,67.8277
2026-06-01 17:54:02.008,LIVE,13.9141,86.5761,67.8282
2026-06-01 17:54:02.037,LIVE,13.9123,86.5892,67.8287
2026-06-01 17:54:02.068,LIVE,13.9109,86.601,67.8291
2026-06-01 17:54:02.101,LIVE,13.9093,86.6117,67.8295
2026-06-01 17:54:02.133,LIVE,13.9068,86.6297,67.8251
2026-06-01 17:54:02.164,LIVE,13.9051,86.6459,67.8209
2026-06-01 17:54:02.196,LIVE,13.9033,86.6604,67.8168
2026-06-01 17:54:02.228,LIVE,13.9007,86.6736,67.813
2026-06-01 17:54:02.260,LIVE,13.8989,86.6854,67.8094
2026-06-01 17:54:02.292,LIVE,13.8966,86.696,67.806
2026-06-01 17:54:02.323,LIVE,13.8943,86.7056,67.8027
2026-06-01 17:54:02.355,LIVE,13.8924,86.7142,67.7996
2026-06-01 17:54:02.386,LIVE,13.8899,86.7219,67.7966
2026-06-01 17:54:02.418,LIVE,13.8874,86.7289,67.7938
2026-06-01 17:54:02.451,LIVE,13.8849,86.7352,67.7912
2026-06-01 17:54:02.481,LIVE,13.8819,86.7408,67.7886
2026-06-01 17:54:02.514,LIVE,13.8794,86.7459,67.7862
2026-06-01 17:54:02.545,LIVE,13.8759,86.7505,67.7839
2026-06-01 17:54:02.579,LIVE,13.8735,86.7546,67.7818
2026-06-01 17:54:02.611,LIVE,13.8707,86.7583,67.7797
2026-06-01 17:54:02.640,LIVE,13.8682,86.8107,67.7586
2026-06-01 17:54:02.672,LIVE,13.865,86.8579,67.7386
2026-06-01 17:54:02.702,LIVE,13.8625,86.9003,67.7195
2026-06-01 17:54:02.734,LIVE,13.86,86.9385,67.7014
2026-06-01 17:54:02.765,LIVE,13.8571,86.9729,67.6842
2026-06-01 17:54:02.799,LIVE,13.8542,87.0038,67.6679
2026-06-01 17:54:02.829,LIVE,13.8515,87.0317,67.6524
2026-06-01 17:54:02.861,LIVE,13.8487,87.0568,67.6376
2026-06-01 17:54:02.893,LIVE,13.8459,87.0793,67.6236
2026-06-01 17:54:02.923,LIVE,13.8428,87.0996,67.6103
2026-06-01 17:54:02.955,LIVE,13.8397,87.1179,67.5977
2026-06-01 17:54:02.986,LIVE,13.8367,87.1343,67.5857
2026-06-01 17:54:03.017,LIVE,13.833,87.1491,67.5743
2026-06-01 17:54:03.050,LIVE,13.8298,87.1625,67.5635
2026-06-01 17:54:03.082,LIVE,13.8268,87.1745,67.5532
2026-06-01 17:54:03.113,LIVE,13.8236,87.1852,67.5434
2026-06-01 17:54:03.146,LIVE,13.8202,87.195,67.5534
2026-06-01 17:54:03.177,LIVE,13.8173,87.2037,67.5629
2026-06-01 17:54:03.209,LIVE,13.8138,87.2116,67.5719
2026-06-01 17:54:03.240,LIVE,13.8111,87.2186,67.5805
2026-06-01 17:54:03.271,LIVE,13.8076,87.225,67.5887
2026-06-01 17:54:03.304,LIVE,13.8049,87.2307,67.5964
2026-06-01 17:54:03.336,LIVE,13.8012,87.2359,67.6038
2026-06-01 17:54:03.367,LIVE,13.7985,87.2406,67.6108
2026-06-01 17:54:03.400,LIVE,13.7954,87.2447,67.6174
2026-06-01 17:54:03.431,LIVE,13.7927,87.2485,67.6237
2026-06-01 17:54:03.463,LIVE,13.79,87.2519,67.6297
2026-06-01 17:54:03.494,LIVE,13.7874,87.2549,67.6354
2026-06-01 17:54:03.526,LIVE,13.785,87.2577,67.6408
2026-06-01 17:54:03.558,LIVE,13.7816,87.2601,67.646
2026-06-01 17:54:03.594,LIVE,13.7791,87.2624,67.6508
2026-06-01 17:54:03.622,LIVE,13.7758,87.3035,67.6567
2026-06-01 17:54:03.653,LIVE,13.7736,87.3406,67.6622
2026-06-01 17:54:03.683,LIVE,13.7714,87.3739,67.6675
2026-06-01 17:54:03.716,LIVE,13.7686,87.4039,67.6725
2026-06-01 17:54:03.748,LIVE,13.7661,87.4309,67.6772
2026-06-01 17:54:03.779,LIVE,13.7627,87.4552,67.6817
2026-06-01 17:54:03.811,LIVE,13.7605,87.4771,67.686
2026-06-01 17:54:03.843,LIVE,13.7584,87.4968,67.6901
2026-06-01 17:54:03.874,LIVE,13.7564,87.5145,67.6939
2026-06-01 17:54:03.905,LIVE,13.7534,87.5305,67.6976
2026-06-01 17:54:03.936,LIVE,13.7507,87.5448,67.7011
2026-06-01 17:54:03.969,LIVE,13.7484,87.5577,67.7044
2026-06-01 17:54:04.000,LIVE,13.7461,87.5693,67.7075
2026-06-01 17:54:04.033,LIVE,13.7436,87.5798,67.7105
2026-06-01 17:54:04.063,LIVE,13.7415,87.5892,67.7134
2026-06-01 17:54:04.096,LIVE,13.7394,87.5977,67.7161
2026-06-01 17:54:04.127,LIVE,13.7369,87.6402,67.7144
2026-06-01 17:54:04.159,LIVE,13.7347,87.6784,67.7127
2026-06-01 17:54:04.191,LIVE,13.7324,87.7128,67.7112
2026-06-01 17:54:04.221,LIVE,13.7303,87.7438,67.7097
2026-06-01 17:54:04.253,LIVE,13.728,87.7717,67.7083
2026-06-01 17:54:04.284,LIVE,13.7258,87.7968,67.707
2026-06-01 17:54:04.317,LIVE,13.7233,87.8193,67.7058
2026-06-01 17:54:04.349,LIVE,13.7203,87.8397,67.7046
2026-06-01 17:54:04.385,LIVE,13.718,87.858,67.7034
2026-06-01 17:54:04.412,LIVE,13.7158,87.8744,67.7024
2026-06-01 17:54:04.444,LIVE,13.7136,87.8892,67.7013
2026-06-01 17:54:04.475,LIVE,13.7116,87.9026,67.7004
2026-06-01 17:54:04.507,LIVE,13.7096,87.9146,67.6994
2026-06-01 17:54:04.538,LIVE,13.7065,87.9254,67.6986
2026-06-01 17:54:04.569,LIVE,13.7047,87.9351,67.6977
2026-06-01 17:54:04.601,LIVE,13.7025,87.9438,67.6969
2026-06-01 17:54:04.632,LIVE,13.6998,87.964,67.678
2026-06-01 17:54:04.664,LIVE,13.6978,87.9822,67.66
2026-06-01 17:54:04.695,LIVE,13.6958,87.9986,67.6429
2026-06-01 17:54:04.727,LIVE,13.6937,88.0134,67.6266
2026-06-01 17:54:04.759,LIVE,13.6913,88.0266,67.6112
2026-06-01 17:54:04.791,LIVE,13.6886,88.0386,67.5965
2026-06-01 17:54:04.822,LIVE,13.6862,88.0493,67.5826
2026-06-01 17:54:04.854,LIVE,13.6845,88.059,67.5693
2026-06-01 17:54:04.886,LIVE,13.6829,88.0677,67.5568
2026-06-01 17:54:04.919,LIVE,13.6809,88.0755,67.5448
2026-06-01 17:54:04.950,LIVE,13.6784,88.0826,67.5335
2026-06-01 17:54:04.982,LIVE,13.6762,88.0889,67.5227
2026-06-01 17:54:05.014,LIVE,13.6743,88.0946,67.5125
2026-06-01 17:54:05.046,LIVE,13.6724,88.0998,67.5027
2026-06-01 17:54:05.078,LIVE,13.67,88.1044,67.4935
2026-06-01 17:54:05.109,LIVE,13.6679,88.1085,67.4847
2026-06-01 17:54:05.141,LIVE,13.6662,88.1352,67.4918
2026-06-01 17:54:05.176,LIVE,13.6649,88.1591,67.4986
2026-06-01 17:54:05.203,LIVE,13.6627,88.1807,67.505
2026-06-01 17:54:05.236,LIVE,13.6616,88.2001,67.5111
2026-06-01 17:54:05.266,LIVE,13.6603,88.2175,67.5169
2026-06-01 17:54:05.298,LIVE,13.6588,88.2332,67.5224
2026-06-01 17:54:05.330,LIVE,13.657,88.2474,67.5277
2026-06-01 17:54:05.362,LIVE,13.6552,88.2601,67.5327
2026-06-01 17:54:05.394,LIVE,13.6535,88.2716,67.5374
2026-06-01 17:54:05.426,LIVE,13.6519,88.2819,67.5419
2026-06-01 17:54:05.458,LIVE,13.6503,88.2912,67.5461
2026-06-01 17:54:05.490,LIVE,13.649,88.2995,67.5502
2026-06-01 17:54:05.522,LIVE,13.6474,88.307,67.554
2026-06-01 17:54:05.553,LIVE,13.6458,88.3138,67.5577
2026-06-01 17:54:05.583,LIVE,13.644,88.3199,67.5612
2026-06-01 17:54:05.615,LIVE,13.6433,88.3254,67.5645
2026-06-01 17:54:05.648,LIVE,13.6415,88.3592,67.5661
2026-06-01 17:54:05.680,LIVE,13.6395,88.3897,67.5676
2026-06-01 17:54:05.712,LIVE,13.6378,88.4172,67.5691
2026-06-01 17:54:05.743,LIVE,13.6362,88.4419,67.5704
2026-06-01 17:54:05.774,LIVE,13.6345,88.4641,67.5717
2026-06-01 17:54:05.806,LIVE,13.6331,88.4841,67.573
2026-06-01 17:54:05.837,LIVE,13.6318,88.5021,67.5742
2026-06-01 17:54:05.868,LIVE,13.6302,88.5183,67.5753
2026-06-01 17:54:05.901,LIVE,13.6286,88.5329,67.5763
2026-06-01 17:54:05.932,LIVE,13.6271,88.546,67.5774
2026-06-01 17:54:05.965,LIVE,13.6253,88.5578,67.5783
2026-06-01 17:54:05.994,LIVE,13.6235,88.5684,67.5792
2026-06-01 17:54:06.026,LIVE,13.6219,88.578,67.5801
2026-06-01 17:54:06.059,LIVE,13.6202,88.5866,67.5809
2026-06-01 17:54:06.091,LIVE,13.6184,88.5944,67.5817
2026-06-01 17:54:06.121,LIVE,13.6168,88.6044,67.585
2026-06-01 17:54:06.154,LIVE,13.615,88.6135,67.5881
2026-06-01 17:54:06.186,LIVE,13.6129,88.6216,67.5911
2026-06-01 17:54:06.216,LIVE,13.6108,88.6289,67.5939
2026-06-01 17:54:06.249,LIVE,13.609,88.6355,67.5966
2026-06-01 17:54:06.279,LIVE,13.6082,88.6414,67.5992
2026-06-01 17:54:06.311,LIVE,13.6064,88.6468,67.6016
2026-06-01 17:54:06.343,LIVE,13.6046,88.6516,67.6039
2026-06-01 17:54:06.375,LIVE,13.603,88.6559,67.6061
2026-06-01 17:54:06.405,LIVE,13.6012,88.6598,67.6081
2026-06-01 17:54:06.436,LIVE,13.5995,88.6633,67.6101
2026-06-01 17:54:06.468,LIVE,13.5981,88.6664,67.612
2026-06-01 17:54:06.501,LIVE,13.5968,88.6693,67.6138
2026-06-01 17:54:06.532,LIVE,13.5956,88.6718,67.6155
2026-06-01 17:54:06.563,LIVE,13.5939,88.6741,67.6171
2026-06-01 17:54:06.595,LIVE,13.5924,88.6762,67.6186
2026-06-01 17:54:06.627,LIVE,13.5908,88.6704,67.617
2026-06-01 17:54:06.660,LIVE,13.5892,88.6652,67.6154
2026-06-01 17:54:06.690,LIVE,13.5878,88.6605,67.614
2026-06-01 17:54:06.721,LIVE,13.586,88.6562,67.6126
2026-06-01 17:54:06.755,LIVE,13.5846,88.6524,67.6112
2026-06-01 17:54:06.785,LIVE,13.5831,88.649,67.61
2026-06-01 17:54:06.817,LIVE,13.5816,88.6459,67.6088
2026-06-01 17:54:06.848,LIVE,13.5799,88.6432,67.6076
2026-06-01 17:54:06.879,LIVE,13.5783,88.6407,67.6066
2026-06-01 17:54:06.911,LIVE,13.5757,88.6384,67.6055
2026-06-01 17:54:06.942,LIVE,13.5739,88.6364,67.6046
2026-06-01 17:54:06.975,LIVE,13.5717,88.6346,67.6036
2026-06-01 17:54:07.005,LIVE,13.5693,88.6329,67.6028
2026-06-01 17:54:07.036,LIVE,13.5669,88.6315,67.6019
2026-06-01 17:54:07.068,LIVE,13.5648,88.6301,67.6011
2026-06-01 17:54:07.100,LIVE,13.5627,88.6289,67.6004
2026-06-01 17:54:07.132,LIVE,13.5608,88.6237,67.6185
2026-06-01 17:54:07.163,LIVE,13.5591,88.6189,67.6357
2026-06-01 17:54:07.196,LIVE,13.5573,88.6146,67.6521
2026-06-01 17:54:07.226,LIVE,13.5557,88.6107,67.6677
2026-06-01 17:54:07.258,LIVE,13.5542,88.6073,67.6824
2026-06-01 17:54:07.288,LIVE,13.5527,88.6042,67.6965
2026-06-01 17:54:07.320,LIVE,13.5511,88.6013,67.7098
2026-06-01 17:54:07.352,LIVE,13.5494,88.5988,67.7225
2026-06-01 17:54:07.383,LIVE,13.5476,88.5965,67.7345
2026-06-01 17:54:07.415,LIVE,13.5453,88.5945,67.7459
2026-06-01 17:54:07.448,LIVE,13.5438,88.5926,67.7568
2026-06-01 17:54:07.479,LIVE,13.5422,88.591,67.7671
2026-06-01 17:54:07.511,LIVE,13.5408,88.5895,67.7769
2026-06-01 17:54:07.547,LIVE,13.5395,88.5881,67.7862
2026-06-01 17:54:07.575,LIVE,13.5382,88.5869,67.7951
2026-06-01 17:54:07.607,LIVE,13.5361,88.5858,67.8035
2026-06-01 17:54:07.640,LIVE,13.5352,88.5682,67.8115
2026-06-01 17:54:07.670,LIVE,13.5336,88.5524,67.819
2026-06-01 17:54:07.702,LIVE,13.5317,88.5382,67.8263
2026-06-01 17:54:07.733,LIVE,13.5312,88.5253,67.8331
2026-06-01 17:54:07.765,LIVE,13.53,88.5138,67.8396
2026-06-01 17:54:07.797,LIVE,13.529,88.5034,67.8458
2026-06-01 17:54:07.829,LIVE,13.5277,88.494,67.8516
2026-06-01 17:54:07.861,LIVE,13.5265,88.4856,67.8572
2026-06-01 17:54:07.893,LIVE,13.5253,88.4781,67.8625
2026-06-01 17:54:07.925,LIVE,13.5242,88.4712,67.8675
2026-06-01 17:54:07.958,LIVE,13.5235,88.4651,67.8723
2026-06-01 17:54:07.989,LIVE,13.5226,88.4596,67.8769
2026-06-01 17:54:08.021,LIVE,13.5213,88.4546,67.8812
2026-06-01 17:54:08.053,LIVE,13.5199,88.4501,67.8853
2026-06-01 17:54:08.085,LIVE,13.5184,88.4461,67.8892
2026-06-01 17:54:08.117,LIVE,13.5171,88.4425,67.8929
2026-06-01 17:54:08.148,LIVE,13.5155,88.4115,67.8956
2026-06-01 17:54:08.179,LIVE,13.5139,88.3837,67.8982
2026-06-01 17:54:08.211,LIVE,13.5125,88.3586,67.9007
2026-06-01 17:54:08.243,LIVE,13.5106,88.336,67.9031
2026-06-01 17:54:08.274,LIVE,13.5092,88.3157,67.9053
2026-06-01 17:54:08.307,LIVE,13.5073,88.2974,67.9075
2026-06-01 17:54:08.342,LIVE,13.5057,88.281,67.9095
2026-06-01 17:54:08.370,LIVE,13.5047,88.2662,67.9114
2026-06-01 17:54:08.402,LIVE,13.5034,88.2529,67.9132
2026-06-01 17:54:08.434,LIVE,13.502,88.2409,67.915
2026-06-01 17:54:08.465,LIVE,13.5008,88.2301,67.9166
2026-06-01 17:54:08.497,LIVE,13.5002,88.2204,67.9182
2026-06-01 17:54:08.529,LIVE,13.4991,88.2116,67.9197
2026-06-01 17:54:08.561,LIVE,13.4973,88.2037,67.9211
2026-06-01 17:54:08.592,LIVE,13.4966,88.1967,67.9224
2026-06-01 17:54:08.624,LIVE,13.4958,88.1712,67.9237
2026-06-01 17:54:08.658,LIVE,13.495,88.1482,67.9249
2026-06-01 17:54:08.690,LIVE,13.4938,88.1276,67.9261
2026-06-01 17:54:08.721,LIVE,13.4933,88.109,67.9271
2026-06-01 17:54:08.750,LIVE,13.4927,88.0923,67.9282
2026-06-01 17:54:08.781,LIVE,13.4919,88.0772,67.9292
2026-06-01 17:54:08.813,LIVE,13.4911,88.0637,67.9301
2026-06-01 17:54:08.845,LIVE,13.4901,88.0515,67.931
2026-06-01 17:54:08.876,LIVE,13.4887,88.0405,67.9318
2026-06-01 17:54:08.909,LIVE,13.4879,88.0306,67.9326
2026-06-01 17:54:08.941,LIVE,13.4865,88.0217,67.9334
2026-06-01 17:54:08.972,LIVE,13.4857,88.0137,67.9341
2026-06-01 17:54:09.011,LIVE,13.4842,88.0065,67.9348
2026-06-01 17:54:09.036,LIVE,13.4836,88.0001,67.9355
2026-06-01 17:54:09.069,LIVE,13.4829,87.9942,67.9361
2026-06-01 17:54:09.103,LIVE,13.4824,87.989,67.9367
2026-06-01 17:54:09.133,LIVE,13.4817,87.928,67.9321
2026-06-01 17:54:09.161,LIVE,13.4809,87.8731,67.9277
2026-06-01 17:54:09.191,LIVE,13.4803,87.8238,67.9235
2026-06-01 17:54:09.223,LIVE,13.4802,87.7793,67.9195
2026-06-01 17:54:09.255,LIVE,13.4794,87.7393,67.9158
2026-06-01 17:54:09.286,LIVE,13.4786,87.7033,67.9122
2026-06-01 17:54:09.318,LIVE,13.4778,87.6709,67.9088
2026-06-01 17:54:09.349,LIVE,13.477,87.6417,67.9056
2026-06-01 17:54:09.381,LIVE,13.4763,87.6155,67.9025
2026-06-01 17:54:09.413,LIVE,13.4756,87.5919,67.8996
2026-06-01 17:54:09.444,LIVE,13.4744,87.5706,67.8968
2026-06-01 17:54:09.476,LIVE,13.4738,87.5515,67.8942
2026-06-01 17:54:09.508,LIVE,13.4731,87.5343,67.8917
2026-06-01 17:54:09.539,LIVE,13.4725,87.5188,67.8893
2026-06-01 17:54:09.570,LIVE,13.4709,87.5048,67.8871
2026-06-01 17:54:09.600,LIVE,13.47,87.4923,67.8849
2026-06-01 17:54:09.631,LIVE,13.4692,87.4231,67.8679
2026-06-01 17:54:09.663,LIVE,13.4675,87.3608,67.8517
2026-06-01 17:54:09.694,LIVE,13.4664,87.3047,67.8363
2026-06-01 17:54:09.726,LIVE,13.4657,87.2542,67.8217
2026-06-01 17:54:09.757,LIVE,13.465,87.2088,67.8078
2026-06-01 17:54:09.789,LIVE,13.4637,87.1679,67.7946
2026-06-01 17:54:09.821,LIVE,13.4631,87.1311,67.7821
2026-06-01 17:54:09.853,LIVE,13.4621,87.098,67.7702
2026-06-01 17:54:09.884,LIVE,13.4613,87.0682,67.7589
2026-06-01 17:54:09.920,LIVE,13.4606,87.0414,67.7481
2026-06-01 17:54:09.947,LIVE,13.4604,87.0173,67.7379
2026-06-01 17:54:09.978,LIVE,13.459,86.9956,67.7282
2026-06-01 17:54:10.010,LIVE,13.4579,86.976,67.719
2026-06-01 17:54:10.042,LIVE,13.4565,86.9584,67.7103
2026-06-01 17:54:10.074,LIVE,13.455,86.9426,67.702
2026-06-01 17:54:10.106,LIVE,13.4538,86.9283,67.6941
2026-06-01 17:54:10.138,LIVE,13.4516,86.9307,67.6736
2026-06-01 17:54:10.168,LIVE,13.4505,86.9329,67.6542
2026-06-01 17:54:10.201,LIVE,13.4494,86.9348,67.6357
2026-06-01 17:54:10.233,LIVE,13.448,86.9366,67.6181
2026-06-01 17:54:10.264,LIVE,13.4465,86.9382,67.6015
2026-06-01 17:54:10.296,LIVE,13.4446,86.9396,67.5856
2026-06-01 17:54:10.328,LIVE,13.4428,86.9409,67.5706
2026-06-01 17:54:10.358,LIVE,13.4419,86.942,67.5563
2026-06-01 17:54:10.390,LIVE,13.4407,86.943,67.5427
2026-06-01 17:54:10.422,LIVE,13.4396,86.944,67.5298
2026-06-01 17:54:10.454,LIVE,13.438,86.9448,67.5176
2026-06-01 17:54:10.484,LIVE,13.4371,86.9456,67.5059
2026-06-01 17:54:10.516,LIVE,13.4361,86.9463,67.4949
2026-06-01 17:54:10.546,LIVE,13.4347,86.9469,67.4843
2026-06-01 17:54:10.579,LIVE,13.4329,86.9474,67.4744
2026-06-01 17:54:10.610,LIVE,13.4324,86.9479,67.4649
2026-06-01 17:54:10.642,LIVE,13.4314,86.9575,67.4612
2026-06-01 17:54:10.674,LIVE,13.4305,86.9661,67.4577
2026-06-01 17:54:10.708,LIVE,13.4298,86.9739,67.4544
2026-06-01 17:54:10.737,LIVE,13.4287,86.9809,67.4512
2026-06-01 17:54:10.767,LIVE,13.4279,86.9872,67.4482
2026-06-01 17:54:10.799,LIVE,13.4273,86.9928,67.4454
2026-06-01 17:54:10.830,LIVE,13.4268,86.9979,67.4427
2026-06-01 17:54:10.863,LIVE,13.426,87.0025,67.4401
2026-06-01 17:54:10.894,LIVE,13.425,87.0066,67.4377
2026-06-01 17:54:10.927,LIVE,13.4247,87.0103,67.4354
2026-06-01 17:54:10.958,LIVE,13.4243,87.0137,67.4331
2026-06-01 17:54:10.990,LIVE,13.4237,87.0167,67.4311
2026-06-01 17:54:11.023,LIVE,13.4233,87.0194,67.4291
2026-06-01 17:54:11.055,LIVE,13.4231,87.0218,67.4272
2026-06-01 17:54:11.085,LIVE,13.4223,87.024,67.4254
2026-06-01 17:54:11.118,LIVE,13.4218,87.0257,67.4003
2026-06-01 17:54:11.150,LIVE,13.4219,87.0272,67.3764
2026-06-01 17:54:11.182,LIVE,13.4217,87.0285,67.3537
2026-06-01 17:54:11.214,LIVE,13.4217,87.0297,67.3322
2026-06-01 17:54:11.246,LIVE,13.4217,87.0308,67.3117
2026-06-01 17:54:11.278,LIVE,13.4225,87.0318,67.2923
2026-06-01 17:54:11.309,LIVE,13.4225,87.0326,67.2738
2026-06-01 17:54:11.340,LIVE,13.4224,87.0334,67.2563
2026-06-01 17:54:11.372,LIVE,13.4228,87.0341,67.2396
2026-06-01 17:54:11.404,LIVE,13.4233,87.0348,67.2238
2026-06-01 17:54:11.435,LIVE,13.4236,87.0354,67.2088
2026-06-01 17:54:11.466,LIVE,13.4235,87.0359,67.1945
2026-06-01 17:54:11.501,LIVE,13.4239,87.0363,67.1809
2026-06-01 17:54:11.529,LIVE,13.4243,87.0368,67.168
2026-06-01 17:54:11.561,LIVE,13.4249,87.0371,67.1558
2026-06-01 17:54:11.591,LIVE,13.4253,87.0375,67.1441
2026-06-01 17:54:11.623,LIVE,13.4261,87.0766,66.9985
2026-06-01 17:54:11.656,LIVE,13.4265,87.1117,66.8602
2026-06-01 17:54:11.689,LIVE,13.427,87.1434,66.7288
2026-06-01 17:54:11.720,LIVE,13.4277,87.1719,66.604
2026-06-01 17:54:11.752,LIVE,13.4285,87.1975,66.4854
2026-06-01 17:54:11.782,LIVE,13.4293,87.2206,66.3728
2026-06-01 17:54:11.814,LIVE,13.4305,87.2414,66.2657
2026-06-01 17:54:11.844,LIVE,13.4317,87.2601,66.1641
2026-06-01 17:54:11.877,LIVE,13.4328,87.2769,66.0675
2026-06-01 17:54:11.908,LIVE,13.4351,87.292,65.9757
2026-06-01 17:54:11.943,LIVE,13.4365,87.3056,65.8885
2026-06-01 17:54:11.969,LIVE,13.438,87.3179,65.8057
2026-06-01 17:54:11.982,LIVE,13.4392,87.3289,65.7271
2026-06-01 17:54:12.002,LIVE,13.4405,87.3389,65.6523
2026-06-01 17:54:12.027,LIVE,13.4413,87.3478,65.5813
2026-06-01 17:54:12.047,LIVE,13.4423,87.3559,65.5139
2026-06-01 17:54:12.069,LIVE,13.4431,87.3631,65.4498
2026-06-01 17:54:12.091,LIVE,13.4438,87.3696,65.3889
2026-06-01 17:54:12.111,LIVE,13.444,87.3937,65.3188
2026-06-01 17:54:12.133,LIVE,13.4444,87.4153,65.2522
2026-06-01 17:54:12.154,LIVE,13.444,87.4348,65.189
2026-06-01 17:54:12.178,LIVE,13.4444,87.4523,65.1289
2026-06-01 17:54:12.193,LIVE,13.4441,87.4681,65.0718
2026-06-01 17:54:12.214,LIVE,13.4448,87.4823,65.0176
2026-06-01 17:54:12.236,LIVE,13.4453,87.4951,64.966
2026-06-01 17:54:12.256,LIVE,13.4454,87.5066,64.9171
2026-06-01 17:54:12.277,LIVE,13.4461,87.5169,64.8706
2026-06-01 17:54:12.298,LIVE,13.4467,87.5262,64.8264
2026-06-01 17:54:12.318,LIVE,13.4467,87.5346,64.7845
2026-06-01 17:54:12.340,LIVE,13.4471,87.5422,64.7446
2026-06-01 17:54:12.360,LIVE,13.4483,87.549,64.7067
2026-06-01 17:54:12.380,LIVE,13.4494,87.5551,64.6707
2026-06-01 17:54:12.400,LIVE,13.45,87.5606,64.6366
2026-06-01 17:54:12.422,LIVE,13.4513,87.5655,64.6041
2026-06-01 17:54:12.442,LIVE,13.4529,87.57,64.5732
2026-06-01 17:54:12.464,LIVE,13.4538,87.574,64.5439
2026-06-01 17:54:12.484,LIVE,13.455,87.5776,64.5161
2026-06-01 17:54:12.505,LIVE,13.4568,87.5808,64.4896
2026-06-01 17:54:12.525,LIVE,13.4588,87.5838,64.4645
2026-06-01 17:54:12.548,LIVE,13.4604,87.5864,64.4406
2026-06-01 17:54:12.568,LIVE,13.4622,87.5888,64.418
2026-06-01 17:54:12.589,LIVE,13.4637,87.5909,64.3964
2026-06-01 17:54:12.609,LIVE,13.4657,87.6304,64.376
2026-06-01 17:54:12.630,LIVE,13.4678,87.666,64.3565
2026-06-01 17:54:12.651,LIVE,13.4698,87.698,64.338
2026-06-01 17:54:12.672,LIVE,13.4721,87.7268,64.3205
2026-06-01 17:54:12.699,LIVE,13.4739,87.7528,64.3038
2026-06-01 17:54:12.715,LIVE,13.4764,87.7761,64.288
2026-06-01 17:54:12.735,LIVE,13.4789,87.7971,64.2729
2026-06-01 17:54:12.756,LIVE,13.4814,87.8161,64.2586
2026-06-01 17:54:12.777,LIVE,13.4841,87.8331,64.2451
2026-06-01 17:54:12.798,LIVE,13.4862,87.8484,64.2322
2026-06-01 17:54:12.820,LIVE,13.488,87.8622,64.2199
2026-06-01 17:54:12.840,LIVE,13.491,87.8746,64.2083
2026-06-01 17:54:12.860,LIVE,13.4937,87.8857,64.1972
2026-06-01 17:54:12.880,LIVE,13.4965,87.8958,64.1867
2026-06-01 17:54:12.902,LIVE,13.4991,87.9048,64.1767
2026-06-01 17:54:12.922,LIVE,13.5023,87.913,64.1673
2026-06-01 17:54:12.943,LIVE,13.5059,87.9203,64.1582
2026-06-01 17:54:12.964,LIVE,13.5084,87.9269,64.1497
2026-06-01 17:54:12.984,LIVE,13.5122,87.9328,64.1416
2026-06-01 17:54:13.004,LIVE,13.5159,87.9382,64.1338
2026-06-01 17:54:13.025,LIVE,13.5199,87.943,64.1265
2026-06-01 17:54:13.046,LIVE,13.5238,87.9473,64.1195
2026-06-01 17:54:13.097,LIVE,13.5278,87.9512,64.1129
2026-06-01 17:54:13.120,LIVE,13.5326,88.0103,64.0806
2026-06-01 17:54:13.140,LIVE,13.5367,88.0634,64.0498
2026-06-01 17:54:13.160,LIVE,13.5408,88.1113,64.0206
2026-06-01 17:54:13.180,LIVE,13.5451,88.1543,63.9929
2026-06-01 17:54:13.202,LIVE,13.5497,88.1931,63.9666
2026-06-01 17:54:13.223,LIVE,13.5544,88.2279,63.9415
2026-06-01 17:54:13.250,LIVE,13.5587,88.2593,63.9178
2026-06-01 17:54:13.266,LIVE,13.5635,88.2876,63.8952
2026-06-01 17:54:13.286,LIVE,13.568,88.313,63.8737
2026-06-01 17:54:13.306,LIVE,13.5733,88.3359,63.8533
2026-06-01 17:54:13.329,LIVE,13.5786,88.3565,63.8339
2026-06-01 17:54:13.349,LIVE,13.5834,88.375,63.8156
2026-06-01 17:54:13.369,LIVE,13.5887,88.3917,63.7981
2026-06-01 17:54:13.390,LIVE,13.593,88.4067,63.7815
2026-06-01 17:54:13.412,LIVE,13.5976,88.4202,63.7657
2026-06-01 17:54:13.434,LIVE,13.6026,88.4324,63.7507
2026-06-01 17:54:13.454,LIVE,13.6078,88.4433,63.7365
2026-06-01 17:54:13.475,LIVE,13.6129,88.4532,63.7229
2026-06-01 17:54:13.494,LIVE,13.6181,88.462,63.7101
2026-06-01 17:54:13.514,LIVE,13.6231,88.47,63.6979
2026-06-01 17:54:13.536,LIVE,13.6275,88.4772,63.6863
2026-06-01 17:54:13.556,LIVE,13.6328,88.4837,63.6753
2026-06-01 17:54:13.576,LIVE,13.6378,88.4895,63.6648
2026-06-01 17:54:13.598,LIVE,13.6429,88.4947,63.6549
2026-06-01 17:54:13.618,LIVE,13.6469,88.5053,63.6436
2026-06-01 17:54:13.639,LIVE,13.6508,88.5148,63.6329
2026-06-01 17:54:13.659,LIVE,13.6555,88.5234,63.6228
2026-06-01 17:54:13.681,LIVE,13.6604,88.5311,63.6131
2026-06-01 17:54:13.702,LIVE,13.6652,88.538,63.604
2026-06-01 17:54:13.723,LIVE,13.6699,88.5443,63.5952
2026-06-01 17:54:13.744,LIVE,13.6739,88.5499,63.587
2026-06-01 17:54:13.767,LIVE,13.6783,88.555,63.5791
2026-06-01 17:54:13.784,LIVE,13.6826,88.5595,63.5716
2026-06-01 17:54:13.805,LIVE,13.6864,88.5636,63.5646
2026-06-01 17:54:13.825,LIVE,13.6907,88.5673,63.5578
2026-06-01 17:54:13.846,LIVE,13.6951,88.5707,63.5514
2026-06-01 17:54:13.867,LIVE,13.6993,88.5736,63.5453
2026-06-01 17:54:13.887,LIVE,13.7025,88.5763,63.5396
2026-06-01 17:54:13.907,LIVE,13.7067,88.5788,63.5341
2026-06-01 17:54:13.928,LIVE,13.711,88.5809,63.5289
2026-06-01 17:54:13.949,LIVE,13.7148,88.5829,63.5239
2026-06-01 17:54:13.969,LIVE,13.7181,88.5847,63.5192
2026-06-01 17:54:13.991,LIVE,13.7223,88.5863,63.5147
2026-06-01 17:54:14.011,LIVE,13.7263,88.5877,63.5105
2026-06-01 17:54:14.032,LIVE,13.7306,88.589,63.5064
2026-06-01 17:54:14.053,LIVE,13.7337,88.5901,63.5026
2026-06-01 17:54:14.074,LIVE,13.7374,88.5912,63.499
2026-06-01 17:54:14.094,LIVE,13.7411,88.5921,63.4955
2026-06-01 17:54:14.116,LIVE,13.7443,88.6181,63.4971
2026-06-01 17:54:14.137,LIVE,13.748,88.6414,63.4987
2026-06-01 17:54:14.157,LIVE,13.7514,88.6624,63.5001
2026-06-01 17:54:14.177,LIVE,13.7548,88.6814,63.5015
2026-06-01 17:54:14.197,LIVE,13.7581,88.6984,63.5029
2026-06-01 17:54:14.217,LIVE,13.7614,88.7137,63.5041
2026-06-01 17:54:14.237,LIVE,13.7646,88.7275,63.5053
2026-06-01 17:54:14.257,LIVE,13.7674,88.7399,63.5065
2026-06-01 17:54:14.283,LIVE,13.7705,88.7511,63.5075
2026-06-01 17:54:14.299,LIVE,13.7738,88.7611,63.5086
2026-06-01 17:54:14.321,LIVE,13.777,88.7702,63.5095
2026-06-01 17:54:14.342,LIVE,13.7795,88.7783,63.5105
2026-06-01 17:54:14.362,LIVE,13.7828,88.7857,63.5113
2026-06-01 17:54:14.382,LIVE,13.786,88.7923,63.5122
2026-06-01 17:54:14.403,LIVE,13.7889,88.7982,63.513
2026-06-01 17:54:14.426,LIVE,13.7917,88.8036,63.5137
2026-06-01 17:54:14.447,LIVE,13.7934,88.8084,63.5144
2026-06-01 17:54:14.468,LIVE,13.7958,88.8127,63.5151
2026-06-01 17:54:14.488,LIVE,13.799,88.8166,63.5158
2026-06-01 17:54:14.509,LIVE,13.8015,88.8201,63.5164
2026-06-01 17:54:14.530,LIVE,13.8038,88.8232,63.517
2026-06-01 17:54:14.550,LIVE,13.8061,88.8261,63.5175
2026-06-01 17:54:14.570,LIVE,13.8082,88.8286,63.5181
2026-06-01 17:54:14.591,LIVE,13.8104,88.8309,63.5186
2026-06-01 17:54:14.611,LIVE,13.8129,88.833,63.5375
2026-06-01 17:54:14.631,LIVE,13.8148,88.8349,63.5555
2026-06-01 17:54:14.653,LIVE,13.817,88.8366,63.5726
2026-06-01 17:54:14.673,LIVE,13.8185,88.8381,63.5888
2026-06-01 17:54:14.693,LIVE,13.8208,88.8394,63.6042
2026-06-01 17:54:14.713,LIVE,13.8227,88.8406,63.6189
2026-06-01 17:54:14.734,LIVE,13.8248,88.8417,63.6328
2026-06-01 17:54:14.754,LIVE,13.8266,88.8427,63.646
2026-06-01 17:54:14.775,LIVE,13.8279,88.8436,63.6586
2026-06-01 17:54:14.799,LIVE,13.8297,88.8444,63.6705
2026-06-01 17:54:14.818,LIVE,13.8316,88.8451,63.6819
2026-06-01 17:54:14.839,LIVE,13.8336,88.8458,63.6927
2026-06-01 17:54:14.859,LIVE,13.8352,88.8464,63.7029
2026-06-01 17:54:14.881,LIVE,13.8367,88.8469,63.7126
2026-06-01 17:54:14.901,LIVE,13.8382,88.8474,63.7219
2026-06-01 17:54:14.922,LIVE,13.8389,88.8478,63.7306
2026-06-01 17:54:14.943,LIVE,13.8395,88.8482,63.739
2026-06-01 17:54:14.963,LIVE,13.8409,88.8485,63.7469
2026-06-01 17:54:14.983,LIVE,13.8414,88.8488,63.7544
2026-06-01 17:54:15.003,LIVE,13.8428,88.8491,63.7616
2026-06-01 17:54:15.023,LIVE,13.8439,88.8494,63.7683
2026-06-01 17:54:15.044,LIVE,13.845,88.8496,63.7748
2026-06-01 17:54:15.065,LIVE,13.8464,88.8498,63.7809
2026-06-01 17:54:15.085,LIVE,13.8476,88.85,63.7867
2026-06-01 17:54:15.105,LIVE,13.8487,88.8679,63.7859
2026-06-01 17:54:15.126,LIVE,13.85,88.8841,63.7852
2026-06-01 17:54:15.147,LIVE,13.8511,88.8986,63.7844
2026-06-01 17:54:15.168,LIVE,13.852,88.9116,63.7837
2026-06-01 17:54:15.189,LIVE,13.8534,88.9234,63.7831
2026-06-01 17:54:15.209,LIVE,13.8551,88.934,63.7824
2026-06-01 17:54:15.229,LIVE,13.8549,88.9435,63.7818
2026-06-01 17:54:15.250,LIVE,13.8547,88.9521,63.7813
2026-06-01 17:54:15.271,LIVE,13.8553,88.9598,63.7807
2026-06-01 17:54:15.292,LIVE,13.8561,88.9667,63.7802
2026-06-01 17:54:15.316,LIVE,13.857,88.973,63.7797
2026-06-01 17:54:15.334,LIVE,13.8578,88.9786,63.7793
2026-06-01 17:54:15.355,LIVE,13.8584,88.9837,63.7788
2026-06-01 17:54:15.375,LIVE,13.8588,88.9882,63.7784
2026-06-01 17:54:15.396,LIVE,13.8589,88.9923,63.778
2026-06-01 17:54:15.416,LIVE,13.8596,88.996,63.7776
2026-06-01 17:54:15.436,LIVE,13.8602,88.9994,63.7773
2026-06-01 17:54:15.456,LIVE,13.8607,89.0023,63.7769
2026-06-01 17:54:15.477,LIVE,13.8614,89.005,63.7766
2026-06-01 17:54:15.498,LIVE,13.8624,89.0075,63.7763
2026-06-01 17:54:15.519,LIVE,13.863,89.0096,63.776
2026-06-01 17:54:15.539,LIVE,13.8629,89.0116,63.7757
2026-06-01 17:54:15.559,LIVE,13.8634,89.0134,63.7755
2026-06-01 17:54:15.581,LIVE,13.8641,89.015,63.7752
2026-06-01 17:54:15.602,LIVE,13.864,89.0164,63.775
2026-06-01 17:54:15.624,LIVE,13.8648,89.0334,63.7565
2026-06-01 17:54:15.645,LIVE,13.8657,89.0488,63.739
2026-06-01 17:54:15.666,LIVE,13.8665,89.0626,63.7224
2026-06-01 17:54:15.687,LIVE,13.8673,89.075,63.7065
2026-06-01 17:54:15.707,LIVE,13.8681,89.0862,63.6915
2026-06-01 17:54:15.728,LIVE,13.8688,89.0962,63.6772
2026-06-01 17:54:15.748,LIVE,13.8694,89.1053,63.6637
2026-06-01 17:54:15.770,LIVE,13.8703,89.1135,63.6508
2026-06-01 17:54:15.790,LIVE,13.8707,89.1208,63.6386
2026-06-01 17:54:15.810,LIVE,13.8711,89.1274,63.6269
2026-06-01 17:54:15.834,LIVE,13.8717,89.1333,63.6159
2026-06-01 17:54:15.851,LIVE,13.8724,89.1387,63.6054
2026-06-01 17:54:15.871,LIVE,13.8733,89.1435,63.5954
2026-06-01 17:54:15.891,LIVE,13.8742,89.1478,63.586
2026-06-01 17:54:15.912,LIVE,13.8747,89.1517,63.577
2026-06-01 17:54:15.932,LIVE,13.875,89.1552,63.5684
2026-06-01 17:54:15.952,LIVE,13.8755,89.1584,63.5603
2026-06-01 17:54:15.973,LIVE,13.8761,89.1612,63.5526
2026-06-01 17:54:15.994,LIVE,13.8766,89.1638,63.5453
2026-06-01 17:54:16.014,LIVE,13.8769,89.1661,63.5383
2026-06-01 17:54:16.035,LIVE,13.8772,89.1682,63.5317
2026-06-01 17:54:16.055,LIVE,13.8777,89.17,63.5254
2026-06-01 17:54:16.075,LIVE,13.8783,89.1717,63.5194
2026-06-01 17:54:16.095,LIVE,13.8789,89.1732,63.5138
2026-06-01 17:54:16.115,LIVE,13.8794,89.177,63.3257
2026-06-01 17:54:16.136,LIVE,13.8799,89.1804,63.147
2026-06-01 17:54:16.156,LIVE,13.8807,89.1834,62.9773
2026-06-01 17:54:16.176,LIVE,13.8814,89.1862,62.816
2026-06-01 17:54:16.197,LIVE,13.8821,89.1886,62.6628
2026-06-01 17:54:16.217,LIVE,13.8827,89.1909,62.5173
2026-06-01 17:54:16.238,LIVE,13.883,89.1929,62.379
2026-06-01 17:54:16.258,LIVE,13.8831,89.1947,62.2477
2026-06-01 17:54:16.278,LIVE,13.8826,89.1963,62.1229
2026-06-01 17:54:16.299,LIVE,13.8821,89.1978,62.0043
2026-06-01 17:54:16.320,LIVE,13.8802,89.1991,61.8917
2026-06-01 17:54:16.343,LIVE,13.8788,89.2002,61.7848
2026-06-01 17:54:16.362,LIVE,13.8764,89.2013,61.6831
2026-06-01 17:54:16.382,LIVE,13.8745,89.2023,61.5866
2026-06-01 17:54:16.403,LIVE,13.8729,89.2031,61.4948
2026-06-01 17:54:16.424,LIVE,13.8712,89.2039,61.4077
2026-06-01 17:54:16.445,LIVE,13.8695,89.2046,61.3249
2026-06-01 17:54:16.465,LIVE,13.8679,89.2052,61.2463
2026-06-01 17:54:16.485,LIVE,13.8659,89.2058,61.1716
2026-06-01 17:54:16.505,LIVE,13.8642,89.2063,61.1006
2026-06-01 17:54:16.526,LIVE,13.8626,89.2068,61.0332
2026-06-01 17:54:16.547,LIVE,13.8615,89.2072,60.9691
2026-06-01 17:54:16.568,LIVE,13.8605,89.2075,60.9083
2026-06-01 17:54:16.588,LIVE,13.8588,89.2079,60.8505
2026-06-01 17:54:16.608,LIVE,13.8571,89.2242,60.8131
2026-06-01 17:54:16.629,LIVE,13.8542,89.2389,60.7775
2026-06-01 17:54:16.650,LIVE,13.8518,89.2521,60.7438
2026-06-01 17:54:16.670,LIVE,13.8493,89.2641,60.7117
2026-06-01 17:54:16.690,LIVE,13.8464,89.2748,60.6813
2026-06-01 17:54:16.711,LIVE,13.843,89.2844,60.6523
2026-06-01 17:54:16.732,LIVE,13.839,89.2931,60.6248
2026-06-01 17:54:16.753,LIVE,13.8349,89.3009,60.5987
2026-06-01 17:54:16.773,LIVE,13.8311,89.308,60.5739
2026-06-01 17:54:16.794,LIVE,13.8269,89.3143,60.5503
2026-06-01 17:54:16.815,LIVE,13.8226,89.32,60.5279
2026-06-01 17:54:16.836,LIVE,13.8185,89.3251,60.5067
2026-06-01 17:54:16.860,LIVE,13.8143,89.3297,60.4864
2026-06-01 17:54:16.878,LIVE,13.8101,89.3339,60.4672
2026-06-01 17:54:16.900,LIVE,13.8063,89.3376,60.449
2026-06-01 17:54:16.920,LIVE,13.8025,89.341,60.4317
2026-06-01 17:54:16.941,LIVE,13.7983,89.344,60.4152
2026-06-01 17:54:16.961,LIVE,13.7949,89.3467,60.3996
2026-06-01 17:54:16.981,LIVE,13.7917,89.3492,60.3847
2026-06-01 17:54:17.001,LIVE,13.7887,89.3514,60.3706
2026-06-01 17:54:17.023,LIVE,13.7852,89.3534,60.3572
2026-06-01 17:54:17.044,LIVE,13.7823,89.3552,60.3445
2026-06-01 17:54:17.064,LIVE,13.7785,89.3568,60.3324
2026-06-01 17:54:17.085,LIVE,13.7756,89.3582,60.3209
2026-06-01 17:54:17.105,LIVE,13.7731,89.3769,60.29
2026-06-01 17:54:17.125,LIVE,13.7706,89.3937,60.2606
2026-06-01 17:54:17.146,LIVE,13.7681,89.4088,60.2327
2026-06-01 17:54:17.166,LIVE,13.7656,89.4224,60.2062
2026-06-01 17:54:17.187,LIVE,13.7632,89.4347,60.181
2026-06-01 17:54:17.206,LIVE,13.761,89.4457,60.1571
2026-06-01 17:54:17.227,LIVE,13.7589,89.4556,60.1344
2026-06-01 17:54:17.247,LIVE,13.7566,89.4645,60.1128
2026-06-01 17:54:17.268,LIVE,13.7545,89.4726,60.0923
2026-06-01 17:54:17.289,LIVE,13.7524,89.4798,60.0728
2026-06-01 17:54:17.310,LIVE,13.7505,89.4863,60.0543
2026-06-01 17:54:17.330,LIVE,13.7487,89.4922,60.0367
2026-06-01 17:54:17.351,LIVE,13.7462,89.4974,60.02
2026-06-01 17:54:17.374,LIVE,13.7446,89.5022,60.0042
2026-06-01 17:54:17.393,LIVE,13.7432,89.5064,59.9891
2026-06-01 17:54:17.413,LIVE,13.7413,89.5103,59.9748
2026-06-01 17:54:17.434,LIVE,13.7398,89.5137,59.9612
2026-06-01 17:54:17.454,LIVE,13.7385,89.5169,59.9482
2026-06-01 17:54:17.474,LIVE,13.7372,89.5197,59.936
2026-06-01 17:54:17.495,LIVE,13.7358,89.5222,59.9243
2026-06-01 17:54:17.516,LIVE,13.7342,89.5244,59.9132
2026-06-01 17:54:17.537,LIVE,13.7327,89.5265,59.9027
2026-06-01 17:54:17.557,LIVE,13.7313,89.5283,59.8927
2026-06-01 17:54:17.577,LIVE,13.7299,89.53,59.8832
2026-06-01 17:54:17.597,LIVE,13.7287,89.5315,59.8742
2026-06-01 17:54:17.617,LIVE,13.7272,89.5388,59.8486
2026-06-01 17:54:17.638,LIVE,13.7258,89.5454,59.8243
2026-06-01 17:54:17.658,LIVE,13.7243,89.5513,59.8012
2026-06-01 17:54:17.680,LIVE,13.7231,89.5567,59.7793
2026-06-01 17:54:17.700,LIVE,13.7217,89.5615,59.7584
2026-06-01 17:54:17.721,LIVE,13.7198,89.5658,59.7386
2026-06-01 17:54:17.742,LIVE,13.7184,89.5697,59.7198
2026-06-01 17:54:17.763,LIVE,13.717,89.5732,59.702
2026-06-01 17:54:17.782,LIVE,13.7151,89.5764,59.685
2026-06-01 17:54:17.803,LIVE,13.7138,89.5792,59.6689
2026-06-01 17:54:17.823,LIVE,13.7126,89.5818,59.6535
2026-06-01 17:54:17.844,LIVE,13.7116,89.5841,59.639
2026-06-01 17:54:17.864,LIVE,13.7102,89.5862,59.6252
2026-06-01 17:54:17.888,LIVE,13.7091,89.588,59.612
2026-06-01 17:54:17.907,LIVE,13.7073,89.5897,59.5996
2026-06-01 17:54:17.927,LIVE,13.7054,89.5912,59.5877
2026-06-01 17:54:17.947,LIVE,13.7034,89.5926,59.5764
2026-06-01 17:54:17.967,LIVE,13.7021,89.5938,59.5657
2026-06-01 17:54:17.988,LIVE,13.701,89.5949,59.5556
2026-06-01 17:54:18.009,LIVE,13.7,89.5959,59.5459
2026-06-01 17:54:18.030,LIVE,13.6983,89.5968,59.5368
2026-06-01 17:54:18.051,LIVE,13.6973,89.5976,59.528
2026-06-01 17:54:18.072,LIVE,13.6957,89.5983,59.5198
2026-06-01 17:54:18.092,LIVE,13.6943,89.599,59.5119
2026-06-01 17:54:18.112,LIVE,13.6933,89.6701,59.4927
2026-06-01 17:54:18.133,LIVE,13.6915,89.7341,59.4744
2026-06-01 17:54:18.153,LIVE,13.6906,89.7918,59.457
2026-06-01 17:54:18.173,LIVE,13.6897,89.8436,59.4405
2026-06-01 17:54:18.194,LIVE,13.6887,89.8903,59.4248
2026-06-01 17:54:18.214,LIVE,13.6877,89.9323,59.4099
2026-06-01 17:54:18.235,LIVE,13.6869,89.9701,59.3958
2026-06-01 17:54:18.256,LIVE,13.6859,90.0041,59.3823
2026-06-01 17:54:18.276,LIVE,13.6853,90.0348,59.3696
2026-06-01 17:54:18.296,LIVE,13.6845,90.0623,59.3574
2026-06-01 17:54:18.318,LIVE,13.6839,90.0871,59.3459
2026-06-01 17:54:18.339,LIVE,13.683,90.1094,59.335
2026-06-01 17:54:18.360,LIVE,13.6822,90.1295,59.3246
2026-06-01 17:54:18.381,LIVE,13.6809,90.1476,59.3147
2026-06-01 17:54:18.407,LIVE,13.6803,90.1639,59.3053
2026-06-01 17:54:18.423,LIVE,13.6794,90.1785,59.2964
2026-06-01 17:54:18.443,LIVE,13.6786,90.1917,59.2879
2026-06-01 17:54:18.463,LIVE,13.6777,90.2036,59.2799
2026-06-01 17:54:18.483,LIVE,13.6768,90.2143,59.2722
2026-06-01 17:54:18.504,LIVE,13.6765,90.2239,59.265
2026-06-01 17:54:18.524,LIVE,13.6764,90.2325,59.2581
2026-06-01 17:54:18.545,LIVE,13.6756,90.2403,59.2515
2026-06-01 17:54:18.566,LIVE,13.6747,90.2473,59.2453
2026-06-01 17:54:18.586,LIVE,13.6737,90.2536,59.2394
2026-06-01 17:54:18.607,LIVE,13.6729,90.2593,59.245
2026-06-01 17:54:18.627,LIVE,13.6721,90.2644,59.2504
2026-06-01 17:54:18.647,LIVE,13.6708,90.269,59.2555
2026-06-01 17:54:18.668,LIVE,13.6704,90.2731,59.2604
2026-06-01 17:54:18.688,LIVE,13.6698,90.2768,59.265
2026-06-01 17:54:18.709,LIVE,13.669,90.2802,59.2693
2026-06-01 17:54:18.730,LIVE,13.6675,90.2832,59.2735
2026-06-01 17:54:18.750,LIVE,13.6669,90.2859,59.2774
2026-06-01 17:54:18.770,LIVE,13.6661,90.2884,59.2812
2026-06-01 17:54:18.790,LIVE,13.6655,90.2906,59.2848
2026-06-01 17:54:18.811,LIVE,13.6648,90.2925,59.2881
2026-06-01 17:54:18.832,LIVE,13.6641,90.2943,59.2914
2026-06-01 17:54:18.853,LIVE,13.6636,90.2959,59.2944
2026-06-01 17:54:18.874,LIVE,13.6622,90.2974,59.2973
2026-06-01 17:54:18.894,LIVE,13.6617,90.2987,59.3001
2026-06-01 17:54:18.917,LIVE,13.6608,90.2998,59.3027
2026-06-01 17:54:18.936,LIVE,13.6603,90.3009,59.3052
2026-06-01 17:54:18.956,LIVE,13.6597,90.3018,59.3076
2026-06-01 17:54:18.976,LIVE,13.6589,90.3027,59.3098
2026-06-01 17:54:18.996,LIVE,13.6583,90.3035,59.3119
2026-06-01 17:54:19.017,LIVE,13.658,90.3041,59.314
2026-06-01 17:54:19.039,LIVE,13.6577,90.3048,59.3159
2026-06-01 17:54:19.059,LIVE,13.6573,90.3053,59.3177
2026-06-01 17:54:19.080,LIVE,13.657,90.3058,59.3195
2026-06-01 17:54:19.101,LIVE,13.6556,90.3063,59.3211
2026-06-01 17:54:19.122,LIVE,13.6552,90.3741,59.2913
2026-06-01 17:54:19.142,LIVE,13.6539,90.4352,59.263
2026-06-01 17:54:19.162,LIVE,13.6535,90.4901,59.2361
2026-06-01 17:54:19.182,LIVE,13.6542,90.5396,59.2105
2026-06-01 17:54:19.202,LIVE,13.6537,90.5841,59.1862
2026-06-01 17:54:19.223,LIVE,13.6533,90.6241,59.1631
2026-06-01 17:54:19.244,LIVE,13.6527,90.6602,59.1412
2026-06-01 17:54:19.264,LIVE,13.6521,90.6926,59.1204
2026-06-01 17:54:19.285,LIVE,13.6517,90.7218,59.1006
2026-06-01 17:54:19.305,LIVE,13.6512,90.7481,59.0818
2026-06-01 17:54:19.325,LIVE,13.6508,90.7717,59.064
2026-06-01 17:54:19.346,LIVE,13.6507,90.793,59.047
2026-06-01 17:54:19.367,LIVE,13.6505,90.8122,59.0309
2026-06-01 17:54:19.388,LIVE,13.6493,90.8294,59.0156
2026-06-01 17:54:19.409,LIVE,13.6492,90.8449,59.0011
2026-06-01 17:54:19.433,LIVE,13.6487,90.8589,58.9872
2026-06-01 17:54:19.450,LIVE,13.6484,90.8715,58.9741
2026-06-01 17:54:19.470,LIVE,13.6481,90.8828,58.9617
2026-06-01 17:54:19.490,LIVE,13.6476,90.893,58.9498
2026-06-01 17:54:19.510,LIVE,13.6472,90.9021,58.9386
2026-06-01 17:54:19.530,LIVE,13.6459,90.9104,58.9279
2026-06-01 17:54:19.550,LIVE,13.6455,90.9178,58.9177
2026-06-01 17:54:19.571,LIVE,13.6447,90.9245,58.9081
2026-06-01 17:54:19.591,LIVE,13.6442,90.9305,58.8989
2026-06-01 17:54:19.611,LIVE,13.6439,90.966,58.8886
2026-06-01 17:54:19.631,LIVE,13.6432,90.998,58.8789
2026-06-01 17:54:19.652,LIVE,13.6428,91.0267,58.8697
2026-06-01 17:54:19.672,LIVE,13.6421,91.0526,58.8609
2026-06-01 17:54:19.693,LIVE,13.6415,91.0759,58.8525
2026-06-01 17:54:19.714,LIVE,13.6409,91.0969,58.8446
2026-06-01 17:54:19.734,LIVE,13.6401,91.1158,58.837
2026-06-01 17:54:19.754,LIVE,13.6395,91.1327,58.8299
2026-06-01 17:54:19.775,LIVE,13.6389,91.148,58.8231
2026-06-01 17:54:19.796,LIVE,13.6381,91.1618,58.8166
2026-06-01 17:54:19.817,LIVE,13.6375,91.1742,58.8105
2026-06-01 17:54:19.837,LIVE,13.6369,91.1853,58.8046
2026-06-01 17:54:19.858,LIVE,13.6363,91.1953,58.7991
2026-06-01 17:54:19.879,LIVE,13.6355,91.2044,58.7938
2026-06-01 17:54:19.899,LIVE,13.6345,91.2125,58.7888
2026-06-01 17:54:19.920,LIVE,13.6339,91.2198,58.7841
2026-06-01 17:54:19.943,LIVE,13.6331,91.2264,58.7796
2026-06-01 17:54:19.960,LIVE,13.6325,91.2323,58.7753
2026-06-01 17:54:19.980,LIVE,13.631,91.2376,58.7712
2026-06-01 17:54:20.001,LIVE,13.6306,91.2424,58.7673
2026-06-01 17:54:20.022,LIVE,13.63,91.2468,58.7637
2026-06-01 17:54:20.043,LIVE,13.6291,91.2506,58.7602
2026-06-01 17:54:20.063,LIVE,13.6289,91.2541,58.7569
2026-06-01 17:54:20.083,LIVE,13.6286,91.2573,58.7537
2026-06-01 17:54:20.104,LIVE,13.6284,91.2338,58.856
2026-06-01 17:54:20.124,LIVE,13.6278,91.2127,58.9532
2026-06-01 17:54:20.144,LIVE,13.6272,91.1936,59.0456
2026-06-01 17:54:20.165,LIVE,13.6266,91.1765,59.1333
2026-06-01 17:54:20.185,LIVE,13.6254,91.1611,59.2166
2026-06-01 17:54:20.206,LIVE,13.625,91.1472,59.2958
2026-06-01 17:54:20.226,LIVE,13.6245,91.1348,59.371
2026-06-01 17:54:20.247,LIVE,13.6231,91.1235,59.4425
2026-06-01 17:54:20.267,LIVE,13.6224,91.1134,59.5104
2026-06-01 17:54:20.288,LIVE,13.6216,91.1043,59.5748
2026-06-01 17:54:20.309,LIVE,13.6205,91.0961,59.6361
2026-06-01 17:54:20.330,LIVE,13.619,91.0887,59.6943
2026-06-01 17:54:20.350,LIVE,13.6171,91.0821,59.7496
2026-06-01 17:54:20.370,LIVE,13.6144,91.0761,59.8021
2026-06-01 17:54:20.390,LIVE,13.6118,91.0708,59.852
2026-06-01 17:54:20.411,LIVE,13.6101,91.0659,59.8994
2026-06-01 17:54:20.433,LIVE,13.6079,91.0616,59.9445
2026-06-01 17:54:20.457,LIVE,13.6056,91.0577,59.9872
2026-06-01 17:54:20.475,LIVE,13.6033,91.0541,60.0279
2026-06-01 17:54:20.495,LIVE,13.6011,91.051,60.0665
2026-06-01 17:54:20.516,LIVE,13.599,91.0481,60.1032
2026-06-01 17:54:20.536,LIVE,13.5978,91.0455,60.138
2026-06-01 17:54:20.556,LIVE,13.5957,91.0432,60.1711
2026-06-01 17:54:20.577,LIVE,13.5927,91.0411,60.2026
2026-06-01 17:54:20.597,LIVE,13.5905,91.0393,60.2324
2026-06-01 17:54:20.618,LIVE,13.5886,91.0376,60.2608
2026-06-01 17:54:20.638,LIVE,13.5869,91.0361,60.2878
2026-06-01 17:54:20.659,LIVE,13.5848,91.0347,60.3134
2026-06-01 17:54:20.679,LIVE,13.5824,91.0335,60.3377
2026-06-01 17:54:20.699,LIVE,13.581,91.0324,60.3609
2026-06-01 17:54:20.720,LIVE,13.5795,91.0314,60.3828
2026-06-01 17:54:20.740,LIVE,13.5787,91.0305,60.4037
2026-06-01 17:54:20.760,LIVE,13.5781,91.0297,60.4235
2026-06-01 17:54:20.781,LIVE,13.577,91.0289,60.4423
2026-06-01 17:54:20.802,LIVE,13.576,91.0283,60.4602
2026-06-01 17:54:20.822,LIVE,13.575,91.0277,60.4772
2026-06-01 17:54:20.843,LIVE,13.5741,91.0272,60.4934
2026-06-01 17:54:20.863,LIVE,13.5733,91.0267,60.5087
2026-06-01 17:54:20.884,LIVE,13.5724,91.0263,60.5233
2026-06-01 17:54:20.904,LIVE,13.5716,91.0259,60.5371
2026-06-01 17:54:20.924,LIVE,13.5709,91.0255,60.5503
2026-06-01 17:54:20.945,LIVE,13.5702,91.0252,60.5627
2026-06-01 17:54:20.969,LIVE,13.5695,91.0249,60.5746
2026-06-01 17:54:20.986,LIVE,13.5689,91.0247,60.5859
2026-06-01 17:54:21.006,LIVE,13.5683,91.0245,60.5966
2026-06-01 17:54:21.026,LIVE,13.5677,91.0243,60.6068
2026-06-01 17:54:21.047,LIVE,13.5672,91.0241,60.6164
2026-06-01 17:54:21.067,LIVE,13.5666,91.0239,60.6256
2026-06-01 17:54:21.088,LIVE,13.5661,91.0238,60.6343
2026-06-01 17:54:21.109,LIVE,13.5657,91.0236,60.6426
2026-06-01 17:54:21.130,LIVE,13.5652,91.0235,60.6505
2026-06-01 17:54:21.151,LIVE,13.5648,91.0234,60.658
2026-06-01 17:54:21.171,LIVE,13.5644,91.0233,60.6651
2026-06-01 17:54:21.192,LIVE,13.564,91.0232,60.6718
2026-06-01 17:54:21.212,LIVE,13.5636,91.0231,60.6783
2026-06-01 17:54:21.233,LIVE,13.5633,91.0231,60.6843
2026-06-01 17:54:21.253,LIVE,13.563,91.023,60.6901
2026-06-01 17:54:21.274,LIVE,13.5627,91.0229,60.6956
2026-06-01 17:54:21.295,LIVE,13.5624,91.0229,60.7009
2026-06-01 17:54:21.316,LIVE,13.5621,91.0228,60.7058
2026-06-01 17:54:21.337,LIVE,13.5618,91.0228,60.7105
2026-06-01 17:54:21.357,LIVE,13.5616,91.0228,60.715
2026-06-01 17:54:21.378,LIVE,13.5613,91.0227,60.7193
2026-06-01 17:54:21.398,LIVE,13.5611,91.0227,60.7233
2026-06-01 17:54:21.419,LIVE,13.5609,91.0227,60.7271
2026-06-01 17:54:21.439,LIVE,13.5607,91.0226,60.7308
2026-06-01 17:54:21.459,LIVE,13.5605,91.0226,60.7343
2026-06-01 17:54:21.482,LIVE,13.5603,91.0226,60.7375
2026-06-01 17:54:21.500,LIVE,13.5601,91.0226,60.7407
2026-06-01 17:54:21.520,LIVE,13.5599,91.0226,60.7436
2026-06-01 17:54:21.541,LIVE,13.5598,91.0225,60.7465
2026-06-01 17:54:21.562,LIVE,13.5596,91.0225,60.7491
2026-06-01 17:54:21.582,LIVE,13.5595,91.0225,60.7517
2026-06-01 17:54:21.602,LIVE,13.5593,91.0225,60.7541
2026-06-01 17:54:21.623,LIVE,13.5592,91.0225,60.7564
2026-06-01 17:54:21.644,LIVE,13.5591,91.0225,60.7586
2026-06-01 17:54:21.664,LIVE,13.559,91.0225,60.7607
2026-06-01 17:54:21.685,LIVE,13.5589,91.0225,60.7626
2026-06-01 17:54:21.706,LIVE,13.5588,91.0225,60.7645
2026-06-01 17:54:21.727,LIVE,13.5587,91.0225,60.7663
2026-06-01 17:54:21.748,LIVE,13.5586,91.0225,60.768
2026-06-01 17:54:21.768,LIVE,13.5585,91.0225,60.7696
2026-06-01 17:54:21.789,LIVE,13.5584,91.0225,60.7711
2026-06-01 17:54:21.810,LIVE,13.5583,91.0224,60.7726
2026-06-01 17:54:21.830,LIVE,13.5582,91.0224,60.7739
2026-06-01 17:54:21.851,LIVE,13.5581,91.0224,60.7752
2026-06-01 17:54:21.871,LIVE,13.5581,91.0224,60.7765
2026-06-01 17:54:21.891,LIVE,13.558,91.0224,60.7777
2026-06-01 17:54:21.911,LIVE,13.5579,91.0224,60.7788
2026-06-01 17:54:21.931,LIVE,13.5579,91.0224,60.7799
2026-06-01 17:54:21.952,LIVE,13.5578,91.0224,60.7809
2026-06-01 17:54:21.973,LIVE,13.5578,91.0224,60.7818
2026-06-01 17:54:21.996,LIVE,13.5577,91.0224,60.7827
2026-06-01 17:54:22.014,LIVE,13.5577,91.0224,60.7836
2026-06-01 17:54:22.035,LIVE,13.5576,91.0224,60.7844
2026-06-01 17:54:22.055,LIVE,13.5576,91.0224,60.7852
2026-06-01 17:54:22.075,LIVE,13.5575,91.0224,60.786
2026-06-01 17:54:22.095,LIVE,13.5575,91.0224,60.7867
2026-06-01 17:54:22.116,LIVE,13.5575,91.0224,60.7873
2026-06-01 17:54:22.136,LIVE,13.5574,91.0224,60.788
2026-06-01 17:54:22.156,LIVE,13.5574,91.0224,60.7886
2026-06-01 17:54:22.177,LIVE,13.5574,91.0224,60.7892
2026-06-01 17:54:22.197,LIVE,13.5573,91.0224,60.7897
2026-06-01 17:54:22.218,LIVE,13.5573,91.0224,60.7902
2026-06-01 17:54:22.239,LIVE,13.5573,91.0224,60.7907
2026-06-01 17:54:22.259,LIVE,13.5572,91.0224,60.7912
2026-06-01 17:54:22.280,LIVE,13.5572,91.0224,60.7916
2026-06-01 17:54:22.301,LIVE,13.5572,91.0224,60.7921
2026-06-01 17:54:22.322,LIVE,13.5572,91.0224,60.7925
2026-06-01 17:54:22.342,LIVE,13.5572,91.0224,60.7928
2026-06-01 17:54:22.363,LIVE,13.5571,91.0224,60.7932
2026-06-01 17:54:22.383,LIVE,13.5571,91.0224,60.7935
2026-06-01 17:54:22.404,LIVE,13.5571,91.0224,60.7939
2026-06-01 17:54:22.425,LIVE,13.5571,91.0224,60.7942
2026-06-01 17:54:22.445,LIVE,13.5571,91.0224,60.7945
2026-06-01 17:54:22.465,LIVE,13.557,91.0224,60.7948
2026-06-01 17:54:22.486,LIVE,13.557,91.0224,60.795
2026-06-01 17:54:22.509,LIVE,13.557,91.0224,60.7953
2026-06-01 17:54:22.527,LIVE,13.557,91.0224,60.7955
2026-06-01 17:54:22.547,LIVE,13.557,91.0224,60.7957
2026-06-01 17:54:22.567,LIVE,13.557,91.0224,60.796
2026-06-01 17:54:22.588,LIVE,13.557,91.0224,60.7962
2026-06-01 17:54:22.608,LIVE,13.557,91.0224,60.7964
2026-06-01 17:54:22.629,LIVE,13.5569,91.0224,60.7966
2026-06-01 17:54:22.650,LIVE,13.5569,91.0224,60.7967
2026-06-01 17:54:22.670,LIVE,13.5569,91.0224,60.7969
2026-06-01 17:54:22.690,LIVE,13.5569,91.0224,60.7971
2026-06-01 17:54:22.711,LIVE,13.5569,91.0224,60.7972
2026-06-01 17:54:22.731,LIVE,13.5569,91.0224,60.7974
2026-06-01 17:54:22.751,LIVE,13.5569,91.0224,60.7975
2026-06-01 17:54:22.771,LIVE,13.5569,91.0224,60.7976
2026-06-01 17:54:22.792,LIVE,13.5569,91.0224,60.7977
2026-06-01 17:54:22.813,LIVE,13.5569,91.0224,60.7979
2026-06-01 17:54:22.834,LIVE,13.5569,91.0224,60.798
2026-06-01 17:54:22.855,LIVE,13.5569,91.0224,60.7981
2026-06-01 17:54:22.875,LIVE,13.5568,91.0224,60.7982
2026-06-01 17:54:22.895,LIVE,13.5568,91.0224,60.7983
2026-06-01 17:54:22.916,LIVE,13.5568,91.0224,60.7984
2026-06-01 17:54:22.937,LIVE,13.5568,91.0224,60.7985
2026-06-01 17:54:22.957,LIVE,13.5568,91.0224,60.7985
2026-06-01 17:54:22.978,LIVE,13.5568,91.0224,60.7986
2026-06-01 17:54:22.999,LIVE,13.5568,91.0224,60.7987
2026-06-01 17:54:23.024,LIVE,13.5568,91.0224,60.7988
2026-06-01 17:54:23.040,LIVE,13.5568,91.0224,60.7988
2026-06-01 17:54:23.060,LIVE,13.5568,91.0224,60.7989
2026-06-01 17:54:23.080,LIVE,13.5568,91.0224,60.7989
2026-06-01 17:54:23.101,LIVE,13.5568,91.0224,60.799
2026-06-01 17:54:23.121,LIVE,13.5568,91.0224,60.7991
2026-06-01 17:54:23.142,LIVE,13.5568,91.0224,60.7991
2026-06-01 17:54:23.162,LIVE,13.5568,91.0224,60.7992
2026-06-01 17:54:23.183,LIVE,13.5568,91.0224,60.7992
2026-06-01 17:54:23.204,LIVE,13.5568,91.0224,60.7992
2026-06-01 17:54:23.224,LIVE,13.5568,91.0224,60.7993
2026-06-01 17:54:23.244,LIVE,13.5568,91.0224,60.7993
2026-06-01 17:54:23.264,LIVE,13.5568,91.0224,60.7994
2026-06-01 17:54:23.285,LIVE,13.5568,91.0224,60.7994
2026-06-01 17:54:23.305,LIVE,13.5568,91.0224,60.7994
2026-06-01 17:54:23.326,LIVE,13.5568,91.0224,60.7995
2026-06-01 17:54:23.346,LIVE,13.5568,91.0224,60.7995
2026-06-01 17:54:23.367,LIVE,13.5568,91.0224,60.7995
2026-06-01 17:54:23.387,LIVE,13.5568,91.0224,60.7996
2026-06-01 17:54:23.408,LIVE,13.5568,91.0224,60.7996
2026-06-01 17:54:23.429,LIVE,13.5568,91.0224,60.7996
2026-06-01 17:54:23.460,LIVE,13.5568,91.0224,60.7996
2026-06-01 17:54:23.492,LIVE,13.5568,91.0224,60.7997
2026-06-01 17:54:23.523,LIVE,13.5568,91.0224,60.7997
2026-06-01 17:54:23.555,LIVE,13.5568,91.0224,60.7997
2026-06-01 17:54:23.589,LIVE,13.5568,91.0224,60.7997
2026-06-01 17:54:23.618,LIVE,13.5568,91.0224,60.7997
2026-06-01 17:54:23.650,LIVE,13.5568,91.0224,60.7998
2026-06-01 17:54:23.682,LIVE,13.5568,91.0224,60.7998
2026-06-01 17:54:23.714,LIVE,13.5568,91.0224,60.7998
2026-06-01 17:54:23.746,LIVE,13.5568,91.0224,60.7998
2026-06-01 17:54:23.777,LIVE,13.5568,91.0224,60.7998
2026-06-01 17:54:23.809,LIVE,13.5568,91.0224,60.7998
2026-06-01 17:54:23.841,LIVE,13.5568,91.0224,60.7998
2026-06-01 17:54:23.873,LIVE,13.5568,91.0224,60.7999
2026-06-01 17:54:23.905,LIVE,13.5568,91.0224,60.7999
2026-06-01 17:54:23.937,LIVE,13.5568,91.0224,60.7999
2026-06-01 17:54:23.969,LIVE,13.5568,91.0224,60.7999
2026-06-01 17:54:24.000,LIVE,13.5568,91.0224,60.7999
2026-06-01 17:54:24.033,LIVE,13.5568,91.0224,60.7999
2026-06-01 17:54:24.064,LIVE,13.5568,91.0224,60.7999
2026-06-01 17:54:24.096,LIVE,13.5568,91.0224,60.7999
2026-06-01 17:54:24.126,LIVE,13.5567,91.0224,60.7999
2026-06-01 17:54:24.158,LIVE,13.5567,91.0224,60.7999
2026-06-01 17:54:24.189,LIVE,13.5567,91.0224,60.8
2026-06-01 17:54:24.221,LIVE,13.5567,91.0224,60.8
2026-06-01 17:54:24.253,LIVE,13.5567,91.0224,60.8
2026-06-01 17:54:24.285,LIVE,13.5567,91.0224,60.8
2026-06-01 17:54:24.317,LIVE,13.5567,91.0224,60.8
2026-06-01 17:54:24.349,LIVE,13.5567,91.0224,60.8
2026-06-01 17:54:24.384,LIVE,13.5567,91.0224,60.8
2026-06-01 17:54:24.412,LIVE,13.5567,91.0224,60.8
2026-06-01 17:54:24.444,LIVE,13.5567,91.0224,60.8
2026-06-01 17:54:24.474,LIVE,13.5567,91.0224,60.8
2026-06-01 17:54:24.506,LIVE,13.5567,91.0224,60.8
2026-06-01 17:54:24.538,LIVE,13.5567,91.0224,60.8
2026-06-01 17:54:24.570,LIVE,13.5567,91.0224,60.8
2026-06-01 17:54:24.601,LIVE,13.5567,91.0224,60.8
2026-06-01 17:54:24.633,LIVE,13.5567,91.0224,60.8
2026-06-01 17:54:24.664,LIVE,13.5567,91.0224,60.8
2026-06-01 17:54:24.696,LIVE,13.5567,91.0224,60.8
2026-06-01 17:54:24.728,LIVE,13.5567,91.0224,60.8
2026-06-01 17:54:24.760,LIVE,13.5567,91.0224,60.8
2026-06-01 17:54:24.792,LIVE,13.5567,91.0224,60.8
2026-06-01 17:54:24.824,LIVE,13.5567,91.0224,60.8
2026-06-01 17:54:24.855,LIVE,13.5567,91.0224,60.8
2026-06-01 17:54:24.886,LIVE,13.5567,91.0224,60.8
2026-06-01 17:54:24.916,LIVE,13.5567,91.0224,60.8
2026-06-01 17:54:24.948,LIVE,13.5567,91.0224,60.8
2026-06-01 17:54:24.980,LIVE,13.5567,91.0224,60.8001
2026-06-01 17:54:25.011,LIVE,13.5567,91.0224,60.8001
2026-06-01 17:54:25.043,LIVE,13.5567,91.0224,60.8001
2026-06-01 17:54:25.074,LIVE,13.5567,91.0224,60.8001
2026-06-01 17:54:25.105,LIVE,13.5567,91.0224,60.8001
2026-06-01 17:54:25.137,LIVE,13.5567,91.0224,60.8001
2026-06-01 17:54:25.172,LIVE,13.5567,91.0224,60.8001
2026-06-01 17:54:25.201,LIVE,13.5567,91.0224,60.8001
2026-06-01 17:54:25.233,LIVE,13.5567,91.0224,60.8001
2026-06-01 17:54:25.265,LIVE,13.5567,91.0224,60.8001
2026-06-01 17:54:25.296,LIVE,13.5567,91.0224,60.8001
2026-06-01 17:54:25.327,LIVE,13.5567,91.0224,60.8001
2026-06-01 17:54:25.359,LIVE,13.5567,91.0224,60.8001
2026-06-01 17:54:25.391,LIVE,13.5567,91.0224,60.8001
2026-06-01 17:54:25.423,LIVE,13.5567,91.0224,60.8001
2026-06-01 17:54:25.454,LIVE,13.5567,91.0224,60.8001
2026-06-01 17:54:25.486,LIVE,13.5567,91.0224,60.8001
2026-06-01 17:54:25.518,LIVE,13.5567,91.0224,60.8001
2026-06-01 17:54:25.548,LIVE,13.5567,91.0224,60.8001
2026-06-01 17:54:25.579,LIVE,13.5567,91.0224,60.8001
2026-06-01 17:54:25.610,LIVE,13.5567,91.0224,60.8001
2026-06-01 17:54:25.641,LIVE,13.5567,91.0224,60.8001
2026-06-01 17:54:25.673,LIVE,13.5567,91.0224,60.8001
2026-06-01 17:54:25.705,LIVE,13.5567,91.0224,60.8001
2026-06-01 17:54:25.736,LIVE,13.5567,91.0224,60.8001
2026-06-01 17:54:25.767,LIVE,13.5567,91.0224,60.8001
2026-06-01 17:54:25.799,LIVE,13.5567,91.0224,60.8001
2026-06-01 17:54:25.832,LIVE,13.5567,91.0224,60.8001
2026-06-01 17:54:25.862,LIVE,13.5567,91.0224,60.8001
2026-06-01 17:54:25.893,LIVE,13.5567,91.0224,60.8001
2026-06-01 17:54:25.925,LIVE,13.5567,91.0224,60.8001
2026-06-01 17:54:25.959,LIVE,13.5567,91.0224,60.8001
2026-06-01 17:54:25.988,LIVE,13.5567,91.0224,60.8001
2026-06-01 17:54:26.020,LIVE,13.5567,91.0224,60.8001
2026-06-01 17:54:26.051,LIVE,13.5567,91.0224,60.8001
2026-06-01 17:54:26.083,LIVE,13.5567,91.0224,60.8001
2026-06-01 17:54:26.115,LIVE,13.5567,91.0224,60.8001
2026-06-01 17:54:26.146,LIVE,13.5567,91.0224,60.8001
2026-06-01 17:54:26.177,LIVE,13.5567,91.0224,60.8001
2026-06-01 17:54:26.208,LIVE,13.5567,91.0224,60.8001
2026-06-01 17:54:26.240,LIVE,13.5567,91.0224,60.8001
2026-06-01 17:54:26.272,LIVE,13.5567,91.0224,60.8001
2026-06-01 17:54:26.304,LIVE,13.5567,91.0224,60.8001
2026-06-01 17:54:26.336,LIVE,13.5567,91.0224,60.8001
2026-06-01 17:54:26.367,LIVE,13.5567,91.0224,60.8001
2026-06-01 17:54:26.399,LIVE,13.5567,91.0224,60.8001
2026-06-01 17:54:26.430,LIVE,13.5567,91.0224,60.8001
2026-06-01 17:54:26.462,LIVE,13.5567,91.0224,60.8001
2026-06-01 17:54:26.493,LIVE,13.5567,91.0224,60.8001
2026-06-01 17:54:26.525,LIVE,13.5567,91.0224,60.8001
2026-06-01 17:54:26.556,LIVE,13.5567,91.0224,60.8001
2026-06-01 17:54:26.588,LIVE,13.5567,91.0224,60.8001
2026-06-01 17:54:26.620,LIVE,13.5567,91.0224,60.8001
2026-06-01 17:54:26.651,LIVE,13.5567,91.0224,60.8001
2026-06-01 17:54:26.683,LIVE,13.5567,91.0224,60.8001
2026-06-01 17:54:26.716,LIVE,13.5567,91.0224,60.8001
2026-06-01 17:54:26.748,LIVE,13.5567,91.0224,60.8001
2026-06-01 17:54:26.777,LIVE,13.5567,91.0224,60.8001
2026-06-01 17:54:26.808,LIVE,13.5567,91.0224,60.8001
2026-06-01 17:54:26.840,LIVE,13.5567,91.0224,60.8001
2026-06-01 17:54:26.872,LIVE,13.5567,91.0224,60.8001
2026-06-01 17:54:26.903,LIVE,13.5567,91.0224,60.8001
2026-06-01 17:54:26.935,LIVE,13.5567,91.0224,60.8001
2026-06-01 17:54:26.967,LIVE,13.5567,91.0224,60.8001
2026-06-01 17:54:26.998,LIVE,13.5567,91.0224,60.8001
2026-06-01 17:54:27.029,LIVE,13.5567,91.0224,60.8001
2026-06-01 17:54:27.061,LIVE,13.5567,91.0224,60.8001
2026-06-01 17:54:27.093,LIVE,13.5567,91.0224,60.8001
2026-06-01 17:54:27.124,LIVE,13.5567,91.0224,60.8001
2026-06-01 17:54:27.156,LIVE,13.5567,91.0224,60.8001
2026-06-01 17:54:27.187,LIVE,13.5567,91.0224,60.8001
2026-06-01 17:54:27.219,LIVE,13.5567,91.0224,60.8001
2026-06-01 17:54:27.251,LIVE,13.5567,91.0224,60.8001
