tick_n,phase,status,raw_eda,raw_hr,raw_hrv
1,BASELINE,NEW_DATA,4.9492,nan,nan
2,BASELINE,NEW_DATA,4.9454,nan,nan
3,BASELINE,NEW_DATA,4.9446,nan,nan
4,BASELINE,NEW_DATA,4.9416,nan,nan
5,BASELINE,NEW_DATA,4.9408,nan,nan
6,BASELINE,NEW_DATA,4.9385,nan,nan
7,BASELINE,NEW_DATA,4.9385,nan,nan
8,BASELINE,NEW_DATA,4.9362,nan,nan
9,BASELINE,NEW_DATA,4.9332,nan,nan
10,BASELINE,NEW_DATA,4.9332,nan,nan
11,BASELINE,NEW_DATA,4.9324,nan,nan
12,BASELINE,NEW_DATA,4.9290,nan,nan
13,BASELINE,NEW_DATA,4.9255,nan,nan
14,BASELINE,NEW_DATA,4.9217,nan,nan
15,BASELINE,NEW_DATA,4.9252,nan,nan
16,BASELINE,NEW_DATA,4.9213,nan,nan
17,BASELINE,NEW_DATA,4.9210,nan,nan
18,BASELINE,NEW_DATA,4.9202,nan,nan
19,BASELINE,NEW_DATA,4.9210,nan,nan
20,BASELINE,NEW_DATA,4.9168,nan,nan
21,BASELINE,NEW_DATA,4.9149,nan,nan
22,BASELINE,NEW_DATA,4.9156,nan,nan
23,BASELINE,NEW_DATA,4.9156,nan,nan
24,BASELINE,NEW_DATA,4.9149,nan,nan
25,BASELINE,NEW_DATA,4.9156,nan,nan
26,BASELINE,NEW_DATA,4.9103,nan,nan
27,BASELINE,NEW_DATA,4.9042,nan,nan
28,BASELINE,NEW_DATA,4.9011,nan,nan
29,BASELINE,NEW_DATA,4.8973,nan,nan
30,BASELINE,NEW_DATA,4.8981,nan,nan
31,BASELINE,NEW_DATA,4.9004,74.6197,nan
32,BASELINE,NEW_DATA,4.8965,74.6197,nan
33,BASELINE,NEW_DATA,4.9000,74.6197,nan
34,BASELINE,NEW_DATA,4.8935,74.6197,nan
35,BASELINE,NEW_DATA,4.8950,74.6197,nan
36,BASELINE,NEW_DATA,4.8927,74.6197,nan
37,BASELINE,NEW_DATA,4.8950,74.6197,nan
38,BASELINE,NEW_DATA,4.8943,74.6197,nan
39,BASELINE,NEW_DATA,4.8927,74.6197,nan
40,BASELINE,NEW_DATA,4.8904,74.6197,nan
41,BASELINE,NEW_DATA,4.8874,72.8937,nan
42,BASELINE,NEW_DATA,4.8851,72.8937,nan
43,BASELINE,NEW_DATA,4.8843,72.8937,nan
44,BASELINE,NEW_DATA,4.8847,72.8937,nan
45,BASELINE,NEW_DATA,4.8859,72.8937,nan
46,BASELINE,NEW_DATA,4.8817,72.8937,nan
47,BASELINE,NEW_DATA,4.8790,72.8937,nan
48,BASELINE,NEW_DATA,4.8786,72.8937,nan
49,BASELINE,NEW_DATA,4.8798,72.8937,nan
50,BASELINE,NEW_DATA,4.8889,71.7926,nan
51,BASELINE,NEW_DATA,4.8801,71.7926,nan
52,BASELINE,NEW_DATA,4.8847,71.7926,nan
53,BASELINE,NEW_DATA,4.8843,71.7926,nan
54,BASELINE,NEW_DATA,4.8828,71.7926,nan
55,BASELINE,NEW_DATA,4.8817,71.8799,nan
56,BASELINE,NEW_DATA,4.8813,71.8799,nan
57,BASELINE,NEW_DATA,4.8798,71.8799,nan
58,BASELINE,NEW_DATA,4.8775,71.8799,nan
59,BASELINE,NEW_DATA,4.8740,71.8799,nan
60,BASELINE,NEW_DATA,4.8752,71.8799,nan
61,BASELINE,NEW_DATA,4.8756,71.8799,nan
62,BASELINE,NEW_DATA,4.8782,71.8799,nan
63,BASELINE,NEW_DATA,4.8782,71.8799,nan
64,BASELINE,NEW_DATA,4.8779,71.8799,nan
65,BASELINE,NEW_DATA,4.8790,72.3264,nan
66,BASELINE,NEW_DATA,4.8805,72.3264,nan
67,BASELINE,NEW_DATA,4.8782,72.3264,nan
68,BASELINE,NEW_DATA,4.8782,72.3264,nan
69,BASELINE,NEW_DATA,4.8782,72.3264,nan
70,BASELINE,NEW_DATA,4.8790,72.6615,nan
71,BASELINE,NEW_DATA,4.8798,72.6615,nan
72,BASELINE,NEW_DATA,4.8782,72.6615,nan
73,BASELINE,NEW_DATA,4.8798,72.6615,nan
74,BASELINE,NEW_DATA,4.8859,72.6615,nan
75,BASELINE,NEW_DATA,4.8798,72.6615,nan
76,BASELINE,NEW_DATA,4.8798,72.6615,nan
77,BASELINE,NEW_DATA,4.8801,72.6615,nan
78,BASELINE,NEW_DATA,4.8798,72.6615,nan
79,BASELINE,NEW_DATA,4.8786,72.6615,nan
80,BASELINE,NEW_DATA,4.8790,72.8707,nan
81,BASELINE,NEW_DATA,4.8756,72.8707,nan
82,BASELINE,NEW_DATA,4.8805,72.8707,nan
83,BASELINE,NEW_DATA,4.8752,72.8707,nan
84,BASELINE,NEW_DATA,4.8737,72.8707,nan
85,BASELINE,NEW_DATA,4.8733,72.8707,nan
86,BASELINE,NEW_DATA,4.8710,72.8707,nan
87,BASELINE,NEW_DATA,4.8721,72.8707,nan
88,BASELINE,NEW_DATA,4.8676,72.8707,nan
89,BASELINE,NEW_DATA,4.8676,72.8707,nan
90,BASELINE,NEW_DATA,4.8737,73.0844,nan
91,BASELINE,NEW_DATA,4.8691,73.0844,nan
92,BASELINE,NEW_DATA,4.8676,73.0844,nan
93,BASELINE,NEW_DATA,4.8676,73.0844,nan
94,BASELINE,NEW_DATA,4.8683,73.0844,nan
95,BASELINE,NEW_DATA,4.8691,73.5689,nan
96,BASELINE,NEW_DATA,4.8691,73.5689,nan
97,BASELINE,NEW_DATA,4.8660,73.5689,nan
98,BASELINE,NEW_DATA,4.8660,73.5689,nan
99,BASELINE,NEW_DATA,4.8653,73.5689,nan
100,BASELINE,NEW_DATA,4.8637,73.5689,nan
101,BASELINE,NEW_DATA,4.8637,73.5689,nan
102,BASELINE,NEW_DATA,4.8630,73.5689,nan
103,BASELINE,NEW_DATA,4.8615,73.5689,nan
104,BASELINE,NEW_DATA,4.8615,73.5689,nan
105,BASELINE,NEW_DATA,4.8603,73.6502,nan
106,BASELINE,NEW_DATA,4.8603,73.6502,nan
107,BASELINE,NEW_DATA,4.8584,73.6502,nan
108,BASELINE,NEW_DATA,4.8569,73.6502,nan
109,BASELINE,NEW_DATA,4.8561,73.6502,nan
110,BASELINE,NEW_DATA,4.8512,73.6502,nan
111,BASELINE,NEW_DATA,4.8500,73.6502,nan
112,BASELINE,NEW_DATA,4.8492,73.6502,nan
113,BASELINE,NEW_DATA,4.8492,73.6502,nan
114,BASELINE,NEW_DATA,4.8462,73.6502,nan
115,BASELINE,NEW_DATA,4.8454,73.1686,nan
116,BASELINE,NEW_DATA,4.8450,73.1686,nan
117,BASELINE,NEW_DATA,4.8439,73.1686,nan
118,BASELINE,NEW_DATA,4.8416,73.1686,nan
119,BASELINE,NEW_DATA,4.8409,73.1686,nan
120,BASELINE,NEW_DATA,4.8401,72.3294,nan
121,BASELINE,NEW_DATA,4.8424,72.3294,nan
122,BASELINE,NEW_DATA,4.8420,72.3294,nan
123,BASELINE,NEW_DATA,4.8393,72.3294,nan
124,BASELINE,NEW_DATA,4.8378,72.3294,nan
125,BASELINE,NEW_DATA,4.8393,72.3294,nan
126,BASELINE,NEW_DATA,4.8378,72.3294,nan
127,BASELINE,NEW_DATA,4.8363,72.3294,nan
128,BASELINE,NEW_DATA,4.8370,72.3294,nan
129,BASELINE,NEW_DATA,4.8340,72.3294,nan
130,BASELINE,NEW_DATA,4.8340,71.6477,nan
131,BASELINE,NEW_DATA,4.8325,71.6477,nan
132,BASELINE,NEW_DATA,4.8325,71.6477,nan
133,BASELINE,NEW_DATA,4.8309,71.6477,nan
134,BASELINE,NEW_DATA,4.8302,71.6477,nan
135,BASELINE,NEW_DATA,4.8317,71.6477,nan
136,BASELINE,NEW_DATA,4.8309,71.6477,nan
137,BASELINE,NEW_DATA,4.8298,71.6477,nan
138,BASELINE,NEW_DATA,4.8309,71.6477,nan
139,BASELINE,NEW_DATA,4.8283,71.6477,nan
140,BASELINE,NEW_DATA,4.8256,71.2904,nan
141,BASELINE,NEW_DATA,4.8256,71.2904,nan
142,BASELINE,NEW_DATA,4.8264,71.2904,nan
143,BASELINE,NEW_DATA,4.8241,71.2904,nan
144,BASELINE,NEW_DATA,4.8222,71.2904,nan
145,BASELINE,NEW_DATA,4.8233,71.2904,nan
146,BASELINE,NEW_DATA,4.8203,71.2904,nan
147,BASELINE,NEW_DATA,4.8187,71.2904,nan
148,BASELINE,NEW_DATA,4.8176,71.2904,nan
149,BASELINE,NEW_DATA,4.8187,71.2904,nan
150,BASELINE,NEW_DATA,4.8187,70.9754,nan
151,BASELINE,NEW_DATA,4.8172,70.9754,nan
152,BASELINE,NEW_DATA,4.8157,70.9754,nan
153,BASELINE,NEW_DATA,4.8141,70.9754,nan
154,BASELINE,NEW_DATA,4.8134,70.9754,nan
155,BASELINE,NEW_DATA,4.8119,70.9754,nan
156,BASELINE,NEW_DATA,4.8126,70.9754,nan
157,BASELINE,NEW_DATA,4.8119,70.9754,nan
158,BASELINE,NEW_DATA,4.8096,70.9754,nan
159,BASELINE,NEW_DATA,4.8088,70.9754,nan
160,BASELINE,NEW_DATA,4.8046,70.4485,nan
161,BASELINE,NEW_DATA,4.8035,70.4485,nan
162,BASELINE,NEW_DATA,4.8027,70.4485,nan
163,BASELINE,NEW_DATA,4.8008,70.4485,nan
164,BASELINE,NEW_DATA,4.7981,70.4485,nan
165,BASELINE,NEW_DATA,4.7974,70.4485,nan
166,BASELINE,NEW_DATA,4.7974,70.4485,nan
167,BASELINE,NEW_DATA,4.7958,70.4485,nan
168,BASELINE,NEW_DATA,4.7947,70.4485,nan
169,BASELINE,NEW_DATA,4.7947,70.4485,nan
170,BASELINE,NEW_DATA,4.7947,69.9116,nan
171,BASELINE,NEW_DATA,4.7920,69.9116,nan
172,BASELINE,NEW_DATA,4.7916,69.9116,nan
173,BASELINE,NEW_DATA,4.7913,69.9116,nan
174,BASELINE,NEW_DATA,4.7916,69.9116,nan
175,BASELINE,NEW_DATA,4.7897,69.9116,nan
176,BASELINE,NEW_DATA,4.7897,69.9116,nan
177,BASELINE,NEW_DATA,4.7890,69.9116,nan
178,BASELINE,NEW_DATA,4.7897,69.9116,nan
179,BASELINE,NEW_DATA,4.7871,69.9116,nan
180,BASELINE,NEW_DATA,4.7882,70.0098,nan
181,BASELINE,NEW_DATA,4.7852,70.0098,nan
182,BASELINE,NEW_DATA,4.7829,70.0098,nan
183,BASELINE,NEW_DATA,4.7806,70.0098,nan
184,BASELINE,NEW_DATA,4.7806,70.0098,nan
185,BASELINE,NEW_DATA,4.7794,70.0782,nan
186,BASELINE,NEW_DATA,4.7783,70.0782,nan
187,BASELINE,NEW_DATA,4.7783,70.0782,nan
188,BASELINE,NEW_DATA,4.7821,70.0782,nan
189,BASELINE,NEW_DATA,4.7775,70.0782,nan
190,BASELINE,NEW_DATA,4.7810,70.0782,nan
191,BASELINE,NEW_DATA,4.7813,70.0782,nan
192,BASELINE,NEW_DATA,4.7836,70.0782,nan
193,BASELINE,NEW_DATA,4.7836,70.0782,nan
194,BASELINE,NEW_DATA,4.7897,70.0782,nan
195,BASELINE,NEW_DATA,4.7916,70.3021,nan
196,BASELINE,NEW_DATA,4.8019,70.3021,nan
197,BASELINE,NEW_DATA,4.7989,70.3021,nan
198,BASELINE,NEW_DATA,4.8038,70.3021,nan
199,BASELINE,NEW_DATA,4.8050,70.3021,nan
200,BASELINE,NEW_DATA,4.8100,70.7222,nan
201,BASELINE,NEW_DATA,4.8100,70.7222,nan
202,BASELINE,NEW_DATA,4.8157,70.7222,nan
203,BASELINE,NEW_DATA,4.8172,70.7222,nan
204,BASELINE,NEW_DATA,4.8210,70.7222,nan
205,BASELINE,NEW_DATA,4.8222,70.7222,nan
206,BASELINE,NEW_DATA,4.8248,70.7222,nan
207,BASELINE,NEW_DATA,4.8267,70.7222,nan
208,BASELINE,NEW_DATA,4.8233,70.7222,nan
209,BASELINE,NEW_DATA,4.8237,71.0642,nan
210,BASELINE,NEW_DATA,4.8294,71.0642,nan
211,BASELINE,NEW_DATA,4.8378,71.0642,nan
212,BASELINE,NEW_DATA,4.8325,71.0642,nan
213,BASELINE,NEW_DATA,4.8340,71.0642,nan
214,BASELINE,NEW_DATA,4.8355,71.0642,nan
215,BASELINE,NEW_DATA,4.8359,71.0642,nan
216,BASELINE,NEW_DATA,4.8370,71.0642,nan
217,BASELINE,NEW_DATA,4.8393,71.0642,nan
218,BASELINE,NEW_DATA,4.8447,71.0642,nan
219,BASELINE,NEW_DATA,4.8435,71.2598,nan
220,BASELINE,NEW_DATA,4.8462,71.2598,nan
221,BASELINE,NEW_DATA,4.8508,71.2598,nan
222,BASELINE,NEW_DATA,4.8538,71.2598,nan
223,BASELINE,NEW_DATA,4.8569,71.2598,nan
224,BASELINE,NEW_DATA,4.8615,71.2507,nan
225,BASELINE,NEW_DATA,4.8637,71.2507,nan
226,BASELINE,NEW_DATA,4.8683,71.2507,nan
227,BASELINE,NEW_DATA,4.8721,71.2507,nan
228,BASELINE,NEW_DATA,4.8737,71.2507,nan
229,BASELINE,NEW_DATA,4.8756,71.2507,nan
230,BASELINE,NEW_DATA,4.8782,71.2507,nan
231,BASELINE,NEW_DATA,4.8790,71.2507,nan
232,BASELINE,NEW_DATA,4.8782,71.2507,nan
233,BASELINE,NEW_DATA,4.8798,71.2507,nan
234,BASELINE,NEW_DATA,4.8828,71.0812,nan
235,BASELINE,NEW_DATA,4.8820,71.0812,nan
236,BASELINE,NEW_DATA,4.8851,71.0812,nan
237,BASELINE,NEW_DATA,4.8828,71.0812,nan
238,BASELINE,NEW_DATA,4.8832,71.0812,nan
239,BASELINE,NEW_DATA,4.8862,71.0812,nan
240,BASELINE,NEW_DATA,4.8904,71.0812,nan
241,BASELINE,NEW_DATA,4.8904,71.0812,nan
242,BASELINE,NEW_DATA,4.8920,71.0812,nan
243,BASELINE,NEW_DATA,4.8943,71.0812,nan
244,BASELINE,NEW_DATA,4.8923,71.0494,nan
245,BASELINE,NEW_DATA,4.8958,71.0494,nan
246,BASELINE,NEW_DATA,4.8950,71.0494,nan
247,BASELINE,NEW_DATA,4.8973,71.0494,nan
248,BASELINE,NEW_DATA,4.8988,71.0494,nan
249,BASELINE,NEW_DATA,4.9026,71.0494,nan
250,BASELINE,NEW_DATA,4.9019,71.0494,nan
251,BASELINE,NEW_DATA,4.9011,71.0494,nan
252,BASELINE,NEW_DATA,4.9026,71.0494,nan
253,BASELINE,NEW_DATA,4.9019,71.0494,nan
254,BASELINE,NEW_DATA,4.9004,70.7768,nan
255,BASELINE,NEW_DATA,4.8996,70.7768,nan
256,BASELINE,NEW_DATA,4.9042,70.7768,nan
257,BASELINE,NEW_DATA,4.9011,70.7768,nan
258,BASELINE,NEW_DATA,4.9042,70.7768,nan
259,BASELINE,NEW_DATA,4.9007,70.7768,nan
260,BASELINE,NEW_DATA,4.9011,70.7768,nan
261,BASELINE,NEW_DATA,4.9011,70.7768,nan
262,BASELINE,NEW_DATA,4.9000,70.7768,nan
263,BASELINE,NEW_DATA,4.8988,70.7768,nan
264,BASELINE,NEW_DATA,4.8965,70.5224,nan
265,BASELINE,NEW_DATA,4.8985,70.5224,nan
266,BASELINE,NEW_DATA,4.8985,70.5224,nan
267,BASELINE,NEW_DATA,4.8965,70.5224,nan
268,BASELINE,NEW_DATA,4.8965,70.5224,nan
269,BASELINE,NEW_DATA,4.8965,70.3864,nan
270,BASELINE,NEW_DATA,4.8943,70.3864,nan
271,BASELINE,NEW_DATA,4.8965,70.3864,nan
272,BASELINE,NEW_DATA,4.8954,70.3864,nan
273,BASELINE,NEW_DATA,4.8935,70.3864,nan
274,BASELINE,NEW_DATA,4.8935,70.3864,nan
275,BASELINE,NEW_DATA,4.8950,70.3864,nan
276,BASELINE,NEW_DATA,4.8923,70.3864,nan
277,BASELINE,NEW_DATA,4.8920,70.3864,nan
278,BASELINE,NEW_DATA,4.8889,70.3864,nan
279,BASELINE,NEW_DATA,4.8920,70.3549,nan
280,BASELINE,NEW_DATA,4.8927,70.3549,nan
281,BASELINE,NEW_DATA,4.8935,70.3549,nan
282,BASELINE,NEW_DATA,4.8897,70.3549,nan
283,BASELINE,NEW_DATA,4.8889,70.3549,nan
284,BASELINE,NEW_DATA,4.8870,70.3549,nan
285,BASELINE,NEW_DATA,4.8889,70.3549,nan
286,BASELINE,NEW_DATA,4.8874,70.3549,nan
287,BASELINE,NEW_DATA,4.8878,70.3549,nan
288,BASELINE,NEW_DATA,4.8882,70.3549,nan
289,BASELINE,NEW_DATA,4.8878,70.2322,nan
290,BASELINE,NEW_DATA,4.8912,70.2322,nan
291,BASELINE,NEW_DATA,4.8866,70.2322,nan
292,BASELINE,NEW_DATA,4.8866,70.2322,nan
293,BASELINE,NEW_DATA,4.8866,70.2322,nan
294,BASELINE,NEW_DATA,4.8866,70.2322,nan
295,BASELINE,NEW_DATA,4.8874,70.2322,nan
296,BASELINE,NEW_DATA,4.8866,70.2322,nan
297,BASELINE,NEW_DATA,4.8859,70.2322,nan
298,BASELINE,NEW_DATA,4.8866,70.2322,nan
299,BASELINE,NEW_DATA,4.8878,70.2189,nan
300,BASELINE,NEW_DATA,4.8889,70.2189,nan
301,BASELINE,NEW_DATA,4.8889,70.2189,nan
302,BASELINE,NEW_DATA,4.8878,70.2189,nan
303,BASELINE,NEW_DATA,4.8874,70.2189,nan
304,BASELINE,NEW_DATA,4.8889,70.2947,nan
305,BASELINE,NEW_DATA,4.8893,70.2947,nan
306,BASELINE,NEW_DATA,4.8843,70.2947,nan
307,BASELINE,NEW_DATA,4.8882,70.2947,nan
308,BASELINE,NEW_DATA,4.8847,70.2947,nan
309,BASELINE,NEW_DATA,4.8851,70.2947,nan
310,BASELINE,NEW_DATA,4.8832,70.2947,nan
311,BASELINE,NEW_DATA,4.8828,70.2947,nan
312,BASELINE,NEW_DATA,4.8817,70.2947,nan
313,BASELINE,NEW_DATA,4.8813,70.2947,nan
314,BASELINE,NEW_DATA,4.8813,70.2248,nan
315,BASELINE,NEW_DATA,4.8820,70.2248,nan
316,BASELINE,NEW_DATA,4.8813,70.2248,nan
317,BASELINE,NEW_DATA,4.8824,70.2248,nan
318,BASELINE,NEW_DATA,4.8805,70.2248,nan
319,BASELINE,NEW_DATA,4.8801,70.0368,nan
320,BASELINE,NEW_DATA,4.8790,70.0368,nan
321,BASELINE,NEW_DATA,4.8798,70.0368,nan
322,BASELINE,NEW_DATA,4.8801,70.0368,nan
323,BASELINE,NEW_DATA,4.8798,70.0368,nan
324,BASELINE,NEW_DATA,4.8798,70.0292,nan
325,BASELINE,NEW_DATA,4.8813,70.0292,nan
326,BASELINE,NEW_DATA,4.8813,70.0292,nan
327,BASELINE,NEW_DATA,4.8782,70.0292,nan
328,BASELINE,NEW_DATA,4.8786,70.0292,nan
329,BASELINE,NEW_DATA,4.8782,70.0520,nan
330,BASELINE,NEW_DATA,4.8752,70.0520,nan
331,BASELINE,NEW_DATA,4.8752,70.0520,nan
332,BASELINE,NEW_DATA,4.8782,70.0520,nan
333,BASELINE,NEW_DATA,4.8737,70.0520,nan
334,BASELINE,NEW_DATA,4.8740,70.0520,nan
335,BASELINE,NEW_DATA,4.8721,70.0520,nan
336,BASELINE,NEW_DATA,4.8744,70.0520,nan
337,BASELINE,NEW_DATA,4.8721,70.0520,nan
338,BASELINE,NEW_DATA,4.8737,70.0520,nan
339,BASELINE,NEW_DATA,4.8710,70.0977,nan
340,BASELINE,NEW_DATA,4.8706,70.0977,nan
341,BASELINE,NEW_DATA,4.8725,70.0977,nan
342,BASELINE,NEW_DATA,4.8721,70.0977,nan
343,BASELINE,NEW_DATA,4.8729,70.0977,nan
344,BASELINE,NEW_DATA,4.8714,70.0977,nan
345,BASELINE,NEW_DATA,4.8706,70.0977,nan
346,BASELINE,NEW_DATA,4.8740,70.0977,nan
347,BASELINE,NEW_DATA,4.8744,70.0977,nan
348,BASELINE,NEW_DATA,4.8721,70.0977,nan
349,BASELINE,NEW_DATA,4.8756,70.1235,nan
350,BASELINE,NEW_DATA,4.8714,70.1235,nan
351,BASELINE,NEW_DATA,4.8706,70.1235,nan
352,BASELINE,NEW_DATA,4.8695,70.1235,nan
353,BASELINE,NEW_DATA,4.8691,70.1235,nan
354,BASELINE,NEW_DATA,4.8676,70.0064,nan
355,BASELINE,NEW_DATA,4.8660,70.0064,nan
356,BASELINE,NEW_DATA,4.8668,70.0064,nan
357,BASELINE,NEW_DATA,4.8656,70.0064,nan
358,BASELINE,NEW_DATA,4.8660,70.0064,nan
359,BASELINE,NEW_DATA,4.8637,70.0064,nan
360,BASELINE,NEW_DATA,4.8637,70.0064,nan
361,BASELINE,NEW_DATA,4.8630,70.0064,nan
362,BASELINE,NEW_DATA,4.8588,70.0064,nan
363,BASELINE,NEW_DATA,4.8607,69.9142,nan
364,BASELINE,NEW_DATA,4.8599,69.9142,nan
365,BASELINE,NEW_DATA,4.8584,69.9142,nan
366,BASELINE,NEW_DATA,4.8580,69.9142,nan
367,BASELINE,NEW_DATA,4.8599,69.9142,nan
368,BASELINE,NEW_DATA,4.8592,69.7741,nan
369,BASELINE,NEW_DATA,4.8569,69.7741,nan
370,BASELINE,NEW_DATA,4.8584,69.7741,nan
371,BASELINE,NEW_DATA,4.8584,69.7741,nan
372,BASELINE,NEW_DATA,4.8569,69.7741,nan
373,BASELINE,NEW_DATA,4.8569,69.8612,nan
374,BASELINE,NEW_DATA,4.8561,69.8612,nan
375,BASELINE,NEW_DATA,4.8553,69.8612,nan
376,BASELINE,NEW_DATA,4.8538,69.8612,nan
377,BASELINE,NEW_DATA,4.8523,69.8612,nan
378,BASELINE,NEW_DATA,4.8538,69.9031,nan
379,BASELINE,NEW_DATA,4.8523,69.9031,nan
380,BASELINE,NEW_DATA,4.8504,69.9031,nan
381,BASELINE,NEW_DATA,4.8477,69.9031,nan
382,BASELINE,NEW_DATA,4.8477,69.9031,nan
383,BASELINE,NEW_DATA,4.8450,69.9031,nan
384,BASELINE,NEW_DATA,4.8450,69.9031,nan
385,BASELINE,NEW_DATA,4.8462,69.9031,nan
386,BASELINE,NEW_DATA,4.8447,69.9031,nan
387,BASELINE,NEW_DATA,4.8439,69.9031,nan
388,BASELINE,NEW_DATA,4.8439,69.7891,nan
389,BASELINE,NEW_DATA,4.8424,69.7891,nan
390,BASELINE,NEW_DATA,4.8416,69.7891,nan
391,BASELINE,NEW_DATA,4.8401,69.7891,nan
392,BASELINE,NEW_DATA,4.8401,69.7891,nan
393,BASELINE,NEW_DATA,4.8389,69.6453,nan
394,BASELINE,NEW_DATA,4.8370,69.6453,nan
395,BASELINE,NEW_DATA,4.8409,69.6453,nan
396,BASELINE,NEW_DATA,4.8405,69.6453,nan
397,BASELINE,NEW_DATA,4.8378,69.6453,nan
398,BASELINE,NEW_DATA,4.8386,69.7756,nan
399,BASELINE,NEW_DATA,4.8370,69.7756,nan
400,BASELINE,NEW_DATA,4.8355,69.7756,nan
401,BASELINE,NEW_DATA,4.8355,69.7756,nan
402,BASELINE,NEW_DATA,4.8347,69.7756,nan
403,BASELINE,NEW_DATA,4.8325,70.0122,nan
404,BASELINE,NEW_DATA,4.8351,70.0122,nan
405,BASELINE,NEW_DATA,4.8317,70.0122,nan
406,BASELINE,NEW_DATA,4.8290,70.0122,nan
407,BASELINE,NEW_DATA,4.8279,70.0122,nan
408,BASELINE,NEW_DATA,4.8279,70.0122,nan
409,BASELINE,NEW_DATA,4.8256,70.0122,nan
410,BASELINE,NEW_DATA,4.8248,70.0122,nan
411,BASELINE,NEW_DATA,4.8248,70.0122,nan
412,BASELINE,NEW_DATA,4.8264,70.0122,nan
413,BASELINE,NEW_DATA,4.8256,70.4796,nan
414,BASELINE,NEW_DATA,4.8218,70.4796,nan
415,BASELINE,NEW_DATA,4.8248,70.4796,nan
416,BASELINE,NEW_DATA,4.8225,70.4796,nan
417,BASELINE,NEW_DATA,4.8225,70.4796,nan
418,BASELINE,NEW_DATA,4.8233,70.8038,nan
419,BASELINE,NEW_DATA,4.8218,70.8038,nan
420,BASELINE,NEW_DATA,4.8218,70.8038,nan
421,BASELINE,NEW_DATA,4.8203,70.8038,nan
422,BASELINE,NEW_DATA,4.8210,70.8038,nan
423,BASELINE,NEW_DATA,4.8206,70.8038,nan
424,BASELINE,NEW_DATA,4.8187,70.8038,nan
425,BASELINE,NEW_DATA,4.8187,70.8038,nan
426,BASELINE,NEW_DATA,4.8157,70.8038,nan
427,BASELINE,NEW_DATA,4.8126,70.8038,nan
428,BASELINE,NEW_DATA,4.8130,71.0983,nan
429,BASELINE,NEW_DATA,4.8141,71.0983,nan
430,BASELINE,NEW_DATA,4.8130,71.0983,nan
431,BASELINE,NEW_DATA,4.8111,71.0983,nan
432,BASELINE,NEW_DATA,4.8103,71.0983,nan
433,BASELINE,NEW_DATA,4.8080,71.2930,nan
434,BASELINE,NEW_DATA,4.8065,71.2930,nan
435,BASELINE,NEW_DATA,4.8012,71.2930,nan
436,BASELINE,NEW_DATA,4.8065,71.2930,nan
437,BASELINE,NEW_DATA,4.8054,71.2930,nan
438,BASELINE,NEW_DATA,4.8050,71.4507,nan
439,BASELINE,NEW_DATA,4.8080,71.4507,nan
440,BASELINE,NEW_DATA,4.8050,71.4507,nan
441,BASELINE,NEW_DATA,4.8050,71.4507,nan
442,BASELINE,NEW_DATA,4.8035,71.4507,nan
443,BASELINE,NEW_DATA,4.8035,71.5657,nan
444,BASELINE,NEW_DATA,4.8035,71.5657,nan
445,BASELINE,NEW_DATA,4.8019,71.5657,nan
446,BASELINE,NEW_DATA,4.8023,71.5657,nan
447,BASELINE,NEW_DATA,4.8019,71.5657,nan
448,BASELINE,NEW_DATA,4.8012,71.8616,nan
449,BASELINE,NEW_DATA,4.8012,71.8616,nan
450,BASELINE,NEW_DATA,4.8008,71.8616,nan
451,BASELINE,NEW_DATA,4.8004,71.8616,nan
452,BASELINE,NEW_DATA,4.7989,71.8616,nan
453,BASELINE,NEW_DATA,4.7935,72.0491,nan
454,BASELINE,NEW_DATA,4.7928,72.0491,nan
455,BASELINE,NEW_DATA,4.7935,72.0491,nan
456,BASELINE,NEW_DATA,4.7920,72.0491,nan
457,BASELINE,NEW_DATA,4.7920,72.0491,nan
458,BASELINE,NEW_DATA,4.7913,72.4842,nan
459,BASELINE,NEW_DATA,4.7897,72.4842,nan
460,BASELINE,NEW_DATA,4.7916,72.4842,nan
461,BASELINE,NEW_DATA,4.7867,72.4842,nan
462,BASELINE,NEW_DATA,4.7867,72.4842,nan
463,BASELINE,NEW_DATA,4.7852,72.4842,nan
464,BASELINE,NEW_DATA,4.7836,72.4842,nan
465,BASELINE,NEW_DATA,4.7813,72.4842,nan
466,BASELINE,NEW_DATA,4.7852,72.4842,nan
467,BASELINE,NEW_DATA,4.7829,72.4842,nan
468,BASELINE,NEW_DATA,4.7821,72.5476,nan
469,BASELINE,NEW_DATA,4.7806,72.5476,nan
470,BASELINE,NEW_DATA,4.7810,72.5476,nan
471,BASELINE,NEW_DATA,4.7821,72.5476,nan
472,BASELINE,NEW_DATA,4.7836,72.5476,nan
473,BASELINE,NEW_DATA,4.7821,72.5406,nan
474,BASELINE,NEW_DATA,4.7810,72.5406,nan
475,BASELINE,NEW_DATA,4.7810,72.5406,nan
476,BASELINE,NEW_DATA,4.7783,72.5406,nan
477,BASELINE,NEW_DATA,4.7783,72.5406,nan
478,BASELINE,NEW_DATA,4.7779,72.5722,nan
479,BASELINE,NEW_DATA,4.7779,72.5722,nan
480,BASELINE,NEW_DATA,4.7760,72.5722,nan
481,BASELINE,NEW_DATA,4.7752,72.5722,nan
482,BASELINE,NEW_DATA,4.7745,72.5722,nan
483,BASELINE,NEW_DATA,4.7729,72.5856,nan
484,BASELINE,NEW_DATA,4.7703,72.5856,nan
485,BASELINE,NEW_DATA,4.7699,72.5856,nan
486,BASELINE,NEW_DATA,4.7676,72.5856,nan
487,BASELINE,NEW_DATA,4.7684,72.5856,nan
488,BASELINE,NEW_DATA,4.7672,72.5856,nan
489,BASELINE,NEW_DATA,4.7653,72.5856,nan
490,BASELINE,NEW_DATA,4.7653,72.5856,nan
491,BASELINE,NEW_DATA,4.7642,72.5856,nan
492,BASELINE,NEW_DATA,4.7623,72.5856,nan
493,BASELINE,NEW_DATA,4.7623,72.4300,nan
494,BASELINE,NEW_DATA,4.7626,72.4300,nan
495,BASELINE,NEW_DATA,4.7592,72.4300,nan
496,BASELINE,NEW_DATA,4.7596,72.4300,nan
497,BASELINE,NEW_DATA,4.7592,72.4300,nan
498,BASELINE,NEW_DATA,4.7577,72.2402,nan
499,BASELINE,NEW_DATA,4.7600,72.2402,nan
500,BASELINE,NEW_DATA,4.7577,72.2402,nan
501,BASELINE,NEW_DATA,4.7585,72.2402,nan
502,BASELINE,NEW_DATA,4.7565,72.2402,nan
503,BASELINE,NEW_DATA,4.7562,72.2402,nan
504,BASELINE,NEW_DATA,4.7546,72.2402,nan
505,BASELINE,NEW_DATA,4.7531,72.2402,nan
506,BASELINE,NEW_DATA,4.7516,72.2402,nan
507,BASELINE,NEW_DATA,4.7523,72.0754,nan
508,BASELINE,NEW_DATA,4.7516,72.0754,nan
509,BASELINE,NEW_DATA,4.7539,72.0754,nan
510,BASELINE,NEW_DATA,4.7470,72.0754,nan
511,BASELINE,NEW_DATA,4.7485,72.0754,nan
512,BASELINE,NEW_DATA,4.7470,72.0754,nan
513,BASELINE,NEW_DATA,4.7447,72.0754,nan
514,BASELINE,NEW_DATA,4.7470,72.0754,nan
515,BASELINE,NEW_DATA,4.7459,72.0754,nan
516,BASELINE,NEW_DATA,4.7432,72.0754,nan
517,BASELINE,NEW_DATA,4.7470,72.1894,nan
518,BASELINE,NEW_DATA,4.7409,72.1894,nan
519,BASELINE,NEW_DATA,4.7371,72.1894,nan
520,BASELINE,NEW_DATA,4.7363,72.1894,nan
521,BASELINE,NEW_DATA,4.7363,72.1894,nan
522,BASELINE,NEW_DATA,4.7340,72.4013,nan
523,BASELINE,NEW_DATA,4.7348,72.4013,nan
524,BASELINE,NEW_DATA,4.7318,72.4013,nan
525,BASELINE,NEW_DATA,4.7348,72.4013,nan
526,BASELINE,NEW_DATA,4.7302,72.4013,nan
527,BASELINE,NEW_DATA,4.7318,72.4013,nan
528,BASELINE,NEW_DATA,4.7279,72.4013,nan
529,BASELINE,NEW_DATA,4.7295,72.4013,nan
530,BASELINE,NEW_DATA,4.7272,72.4013,nan
531,BASELINE,NEW_DATA,4.7272,72.4013,nan
532,BASELINE,NEW_DATA,4.7272,72.4132,nan
533,BASELINE,NEW_DATA,4.7256,72.4132,nan
534,BASELINE,NEW_DATA,4.7249,72.4132,nan
535,BASELINE,NEW_DATA,4.7230,72.4132,nan
536,BASELINE,NEW_DATA,4.7249,72.4132,nan
537,BASELINE,NEW_DATA,4.7245,72.4132,nan
538,BASELINE,NEW_DATA,4.7237,72.4132,nan
539,BASELINE,NEW_DATA,4.7211,72.4132,nan
540,BASELINE,NEW_DATA,4.7218,72.4132,nan
541,BASELINE,NEW_DATA,4.7211,72.4132,nan
542,BASELINE,NEW_DATA,4.7211,72.5800,nan
543,BASELINE,NEW_DATA,4.7169,72.5800,nan
544,BASELINE,NEW_DATA,4.7188,72.5800,nan
545,BASELINE,NEW_DATA,4.7165,72.5800,nan
546,BASELINE,NEW_DATA,4.7157,72.5800,nan
547,BASELINE,NEW_DATA,4.7165,72.6090,nan
548,BASELINE,NEW_DATA,4.7134,72.6090,nan
549,BASELINE,NEW_DATA,4.7134,72.6090,nan
550,BASELINE,NEW_DATA,4.7165,72.6090,nan
551,BASELINE,NEW_DATA,4.7077,72.6090,nan
552,BASELINE,NEW_DATA,4.7096,72.8800,nan
553,BASELINE,NEW_DATA,4.7073,72.8800,nan
554,BASELINE,NEW_DATA,4.7073,72.8800,nan
555,BASELINE,NEW_DATA,4.7035,72.8800,nan
556,BASELINE,NEW_DATA,4.7043,72.7602,nan
557,BASELINE,NEW_DATA,4.7016,72.7602,nan
558,BASELINE,NEW_DATA,4.7058,72.7602,nan
559,BASELINE,NEW_DATA,4.6997,72.7602,nan
560,BASELINE,NEW_DATA,4.6982,72.7602,nan
561,BASELINE,NEW_DATA,4.6951,72.9453,nan
562,BASELINE,NEW_DATA,4.6989,72.9453,nan
563,BASELINE,NEW_DATA,4.6936,72.9453,nan
564,BASELINE,NEW_DATA,4.6944,72.9453,nan
565,BASELINE,NEW_DATA,4.6906,72.9453,nan
566,BASELINE,NEW_DATA,4.6944,72.7961,nan
567,BASELINE,NEW_DATA,4.6883,72.7961,nan
568,BASELINE,NEW_DATA,4.6906,72.7961,nan
569,BASELINE,NEW_DATA,4.6852,72.7961,nan
570,BASELINE,NEW_DATA,4.6875,72.7961,nan
571,BASELINE,NEW_DATA,4.6852,72.7961,nan
572,BASELINE,NEW_DATA,4.6864,72.7961,nan
573,BASELINE,NEW_DATA,4.6818,72.7961,nan
574,BASELINE,NEW_DATA,4.6860,72.7961,nan
575,BASELINE,NEW_DATA,4.6844,72.7753,nan
576,BASELINE,NEW_DATA,4.6814,72.7753,nan
577,BASELINE,NEW_DATA,4.6761,72.7753,nan
578,BASELINE,NEW_DATA,4.6787,72.7753,nan
579,BASELINE,NEW_DATA,4.6753,72.7619,nan
580,BASELINE,NEW_DATA,4.6768,72.7619,nan
581,BASELINE,NEW_DATA,4.6730,72.7619,nan
582,BASELINE,NEW_DATA,4.6741,72.7619,nan
583,BASELINE,NEW_DATA,4.6753,72.7619,nan
584,BASELINE,NEW_DATA,4.6726,72.8474,nan
585,BASELINE,NEW_DATA,4.6692,72.8474,nan
586,BASELINE,NEW_DATA,4.6692,72.8474,nan
587,BASELINE,NEW_DATA,4.6669,72.8474,nan
588,BASELINE,NEW_DATA,4.6631,72.7396,45.7149
589,BASELINE,NEW_DATA,4.6677,72.7396,45.7149
590,BASELINE,NEW_DATA,4.6654,72.7396,45.7149
591,BASELINE,NEW_DATA,4.6635,72.7396,45.7149
592,BASELINE,NEW_DATA,4.6585,72.7396,45.7149
593,BASELINE,NEW_DATA,4.6616,72.7271,45.7149
594,BASELINE,NEW_DATA,4.6577,72.7271,45.7149
595,BASELINE,NEW_DATA,4.6585,72.7271,45.7149
596,BASELINE,NEW_DATA,4.6539,72.7271,45.7149
597,BASELINE,NEW_DATA,4.6574,72.7271,45.7149
598,BASELINE,NEW_DATA,4.6543,72.6263,45.0322
599,BASELINE,NEW_DATA,4.6539,72.6263,45.0322
600,BASELINE,NEW_DATA,4.6497,72.6263,45.0322
601,BASELINE,NEW_DATA,4.6532,72.6263,45.0322
602,BASELINE,NEW_DATA,4.6478,72.7320,45.2809
603,BASELINE,NEW_DATA,4.6478,72.7320,45.2809
604,BASELINE,NEW_DATA,4.6478,72.7320,45.2809
605,BASELINE,NEW_DATA,4.6448,72.7320,45.2809
606,BASELINE,NEW_DATA,4.6448,72.7320,45.2809
607,BASELINE,NEW_DATA,4.6440,72.8167,45.6038
608,BASELINE,NEW_DATA,4.6417,72.8167,45.6038
609,BASELINE,NEW_DATA,4.6402,72.8167,45.6038
610,BASELINE,NEW_DATA,4.6371,72.8167,45.6038
611,BASELINE,NEW_DATA,4.6406,72.8167,45.6038
612,BASELINE,NEW_DATA,4.6391,72.9725,44.0520
613,BASELINE,NEW_DATA,4.6440,72.9725,44.0520
614,BASELINE,NEW_DATA,4.6371,72.9725,44.0520
615,BASELINE,NEW_DATA,4.6371,72.9725,44.0520
616,BASELINE,NEW_DATA,4.6356,72.9725,44.0520
617,BASELINE,NEW_DATA,4.6341,73.2750,43.7526
618,BASELINE,NEW_DATA,4.6318,73.2750,43.7526
619,BASELINE,NEW_DATA,4.6303,73.2750,43.7526
620,BASELINE,NEW_DATA,4.6288,73.2750,43.7526
621,BASELINE,NEW_DATA,4.6265,73.2750,43.7526
622,BASELINE,NEW_DATA,4.6257,73.3982,44.0643
623,BASELINE,NEW_DATA,4.6249,73.3982,44.0643
624,BASELINE,NEW_DATA,4.6242,73.3982,44.0643
625,BASELINE,NEW_DATA,4.6227,73.3982,44.0643
626,BASELINE,NEW_DATA,4.6219,73.3982,44.0643
627,BASELINE,NEW_DATA,4.6204,73.6419,43.8504
628,BASELINE,NEW_DATA,4.6192,73.6419,43.8504
629,BASELINE,NEW_DATA,4.6173,73.6419,43.8504
630,BASELINE,NEW_DATA,4.6173,73.6419,43.8504
631,BASELINE,NEW_DATA,4.6173,73.6419,43.8504
632,BASELINE,NEW_DATA,4.6165,74.0061,43.4618
633,BASELINE,NEW_DATA,4.6143,74.0061,43.4618
634,BASELINE,NEW_DATA,4.6143,74.0061,43.4618
635,BASELINE,NEW_DATA,4.6158,74.0061,43.4618
636,BASELINE,NEW_DATA,4.6143,74.0061,43.4618
637,BASELINE,NEW_DATA,4.6135,74.0061,43.4618
638,BASELINE,NEW_DATA,4.6127,74.0061,43.4618
639,BASELINE,NEW_DATA,4.6120,74.0061,43.4618
640,BASELINE,NEW_DATA,4.6112,74.0061,43.4618
641,BASELINE,NEW_DATA,4.6089,74.0061,43.4618
642,BASELINE,NEW_DATA,4.6127,74.2705,43.7240
643,BASELINE,NEW_DATA,4.6055,74.2705,43.7240
644,BASELINE,NEW_DATA,4.6062,74.2705,43.7240
645,BASELINE,NEW_DATA,4.6040,74.2705,43.7240
646,BASELINE,NEW_DATA,4.6059,74.2705,43.7240
647,BASELINE,NEW_DATA,4.6028,74.4112,43.9236
648,BASELINE,NEW_DATA,4.6021,74.4112,43.9236
649,BASELINE,NEW_DATA,4.6005,74.4112,43.9236
650,BASELINE,NEW_DATA,4.6028,74.4112,43.9236
651,BASELINE,NEW_DATA,4.6005,74.4112,43.9236
652,BASELINE,NEW_DATA,4.5986,74.4112,43.9236
653,BASELINE,NEW_DATA,4.5967,74.4112,43.9236
654,BASELINE,NEW_DATA,4.5937,74.4112,43.9236
655,BASELINE,NEW_DATA,4.5918,74.4112,43.9236
656,BASELINE,NEW_DATA,4.5921,74.3870,44.4088
657,BASELINE,NEW_DATA,4.5906,74.3870,44.4088
658,BASELINE,NEW_DATA,4.5914,74.3870,44.4088
659,BASELINE,NEW_DATA,4.5883,74.3870,44.4088
660,BASELINE,NEW_DATA,4.5891,74.3870,44.4088
661,BASELINE,NEW_DATA,4.5876,74.3870,44.7254
662,BASELINE,NEW_DATA,4.5883,74.3870,44.7254
663,BASELINE,NEW_DATA,4.5853,74.3870,44.7254
664,BASELINE,NEW_DATA,4.5845,74.3870,44.7254
665,BASELINE,NEW_DATA,4.5853,74.3870,44.7254
666,BASELINE,NEW_DATA,4.5898,74.4006,44.8888
667,BASELINE,NEW_DATA,4.5826,74.4006,44.8888
668,BASELINE,NEW_DATA,4.5837,74.4006,44.8888
669,BASELINE,NEW_DATA,4.5837,74.4006,44.8888
670,BASELINE,NEW_DATA,4.5815,74.4006,44.8888
671,BASELINE,NEW_DATA,4.5837,74.4006,44.8888
672,BASELINE,NEW_DATA,4.5776,74.2793,45.5835
673,BASELINE,NEW_DATA,4.5776,74.2793,45.5835
674,BASELINE,NEW_DATA,4.5792,74.2793,45.5835
675,BASELINE,NEW_DATA,4.5738,74.2793,45.5835
676,BASELINE,NEW_DATA,4.5776,74.2793,45.5835
677,BASELINE,NEW_DATA,4.5761,74.2793,45.5835
678,BASELINE,NEW_DATA,4.5761,74.2793,45.5835
679,BASELINE,NEW_DATA,4.5738,74.2793,45.5835
680,BASELINE,NEW_DATA,4.5731,74.2793,45.5835
681,BASELINE,NEW_DATA,4.5708,74.1262,45.3951
682,BASELINE,NEW_DATA,4.5685,74.1262,45.3951
683,BASELINE,NEW_DATA,4.5753,74.1262,45.3951
684,BASELINE,NEW_DATA,4.5685,74.1262,45.3951
685,BASELINE,NEW_DATA,4.5673,74.1262,45.3951
686,BASELINE,NEW_DATA,4.5643,74.1262,44.5631
687,BASELINE,NEW_DATA,4.5639,74.1262,44.5631
688,BASELINE,NEW_DATA,4.5624,74.1262,44.5631
689,BASELINE,NEW_DATA,4.5635,74.1262,44.5631
690,BASELINE,NEW_DATA,4.5647,74.1262,44.5631
691,BASELINE,NEW_DATA,4.5616,73.9904,44.3444
692,BASELINE,NEW_DATA,4.5601,73.9904,44.3444
693,BASELINE,NEW_DATA,4.5601,73.9904,44.3444
694,BASELINE,NEW_DATA,4.5593,73.9904,44.3444
695,BASELINE,NEW_DATA,4.5624,73.9904,44.3444
696,BASELINE,NEW_DATA,4.5609,73.9767,43.9683
697,BASELINE,NEW_DATA,4.5609,73.9767,43.9683
698,BASELINE,NEW_DATA,4.5593,73.9767,43.9683
699,BASELINE,NEW_DATA,4.5643,73.9767,43.9683
700,BASELINE,NEW_DATA,4.5593,73.9767,43.9683
701,BASELINE,NEW_DATA,4.5578,73.9767,43.9683
702,BASELINE,NEW_DATA,4.5593,73.9767,43.9683
703,BASELINE,NEW_DATA,4.5586,73.9767,43.9683
704,BASELINE,NEW_DATA,4.5578,73.9767,43.9683
705,BASELINE,NEW_DATA,4.5540,73.9767,43.9683
706,BASELINE,NEW_DATA,4.5578,73.9644,44.2800
707,BASELINE,NEW_DATA,4.5601,73.9644,44.2800
708,BASELINE,NEW_DATA,4.5647,73.9644,44.2800
709,BASELINE,NEW_DATA,4.5689,73.9644,44.2800
710,BASELINE,NEW_DATA,4.5700,73.9644,44.2800
711,BASELINE,NEW_DATA,4.5715,73.9075,44.1054
712,BASELINE,NEW_DATA,4.5708,73.9075,44.1054
713,BASELINE,NEW_DATA,4.5700,73.9075,44.1054
714,BASELINE,NEW_DATA,4.5685,73.9075,44.1054
715,BASELINE,NEW_DATA,4.5670,73.9075,44.1054
716,BASELINE,NEW_DATA,4.5692,73.7702,44.1183
717,BASELINE,NEW_DATA,4.5635,73.7702,44.1183
718,BASELINE,NEW_DATA,4.5631,73.7702,44.1183
719,BASELINE,NEW_DATA,4.5593,73.7702,44.1183
720,BASELINE,NEW_DATA,4.5639,73.7702,44.1183
721,BASELINE,NEW_DATA,4.5612,73.5782,44.2194
722,BASELINE,NEW_DATA,4.5570,73.5782,44.2194
723,BASELINE,NEW_DATA,4.5609,73.5782,44.2194
724,BASELINE,NEW_DATA,4.5586,73.5782,44.2194
725,BASELINE,NEW_DATA,4.5563,73.5782,44.2194
726,BASELINE,NEW_DATA,4.5551,73.5239,44.2194
727,BASELINE,NEW_DATA,4.5536,73.5239,44.2194
728,BASELINE,NEW_DATA,4.5532,73.5239,44.2194
729,BASELINE,NEW_DATA,4.5517,73.5239,44.2194
730,BASELINE,NEW_DATA,4.5502,73.5239,44.2194
731,BASELINE,NEW_DATA,4.5502,73.5651,43.8626
732,BASELINE,NEW_DATA,4.5479,73.5651,43.8626
733,BASELINE,NEW_DATA,4.5483,73.5651,43.8626
734,BASELINE,NEW_DATA,4.5456,73.5651,43.8626
735,BASELINE,NEW_DATA,4.5456,73.5651,43.8626
736,BASELINE,NEW_DATA,4.5448,73.4261,43.8626
737,BASELINE,NEW_DATA,4.5425,73.4261,43.8626
738,BASELINE,NEW_DATA,4.5418,73.4261,43.8626
739,BASELINE,NEW_DATA,4.5403,73.4261,43.8626
740,BASELINE,NEW_DATA,4.5383,73.4261,43.8626
741,BASELINE,NEW_DATA,4.5425,73.2697,44.9603
742,BASELINE,NEW_DATA,4.5357,73.2697,44.9603
743,BASELINE,NEW_DATA,4.5368,73.2697,44.9603
744,BASELINE,NEW_DATA,4.5341,73.2697,44.9603
745,BASELINE,NEW_DATA,4.5345,73.2697,44.9603
746,BASELINE,NEW_DATA,4.5364,73.2066,44.9603
747,BASELINE,NEW_DATA,4.5345,73.2066,44.9603
748,BASELINE,NEW_DATA,4.5334,73.2066,44.9603
749,BASELINE,NEW_DATA,4.5319,73.2066,44.9603
750,BASELINE,NEW_DATA,4.5334,73.2066,44.9603
751,BASELINE,NEW_DATA,4.5319,72.9631,40.8482
752,BASELINE,NEW_DATA,4.5311,72.9631,40.8482
753,BASELINE,NEW_DATA,4.5303,72.9631,40.8482
754,BASELINE,NEW_DATA,4.5280,72.9631,40.8482
755,BASELINE,NEW_DATA,4.5303,72.9631,40.8482
756,BASELINE,NEW_DATA,4.5292,72.9326,41.6559
757,BASELINE,NEW_DATA,4.5288,72.9326,41.6559
758,BASELINE,NEW_DATA,4.5242,72.9326,41.6559
759,BASELINE,NEW_DATA,4.5235,72.9326,41.6559
760,BASELINE,NEW_DATA,4.5223,72.9326,41.6559
761,BASELINE,NEW_DATA,4.5227,72.9507,41.9481
762,BASELINE,NEW_DATA,4.5212,72.9507,41.9481
763,BASELINE,NEW_DATA,4.5212,72.9507,41.9481
764,BASELINE,NEW_DATA,4.5189,72.9507,41.9481
765,BASELINE,NEW_DATA,4.5197,72.9507,41.9481
766,BASELINE,NEW_DATA,4.5181,72.7095,42.2559
767,BASELINE,NEW_DATA,4.5166,72.7095,42.2559
768,BASELINE,NEW_DATA,4.5166,72.7095,42.2559
769,BASELINE,NEW_DATA,4.5135,72.7095,42.2559
770,BASELINE,NEW_DATA,4.5177,72.7095,42.2873
771,BASELINE,NEW_DATA,4.5151,72.7095,42.2873
772,BASELINE,NEW_DATA,4.5166,72.7095,42.2873
773,BASELINE,NEW_DATA,4.5135,72.7095,42.2873
774,BASELINE,NEW_DATA,4.5135,72.7095,42.2873
775,BASELINE,NEW_DATA,4.5135,72.4844,41.8671
776,BASELINE,NEW_DATA,4.5120,72.4844,41.8671
777,BASELINE,NEW_DATA,4.5105,72.4844,41.8671
778,BASELINE,NEW_DATA,4.5097,72.4844,41.8671
779,BASELINE,NEW_DATA,4.5105,72.4844,41.8671
780,BASELINE,NEW_DATA,4.5101,72.4844,41.8671
781,BASELINE,NEW_DATA,4.5074,72.4844,41.8671
782,BASELINE,NEW_DATA,4.5059,72.4844,41.8671
783,BASELINE,NEW_DATA,4.5013,72.4844,41.8671
784,BASELINE,NEW_DATA,4.5044,72.4844,41.8671
785,BASELINE,NEW_DATA,4.5044,72.3559,41.8885
786,BASELINE,NEW_DATA,4.4975,72.3559,41.8885
787,BASELINE,NEW_DATA,4.4968,72.3559,41.8885
788,BASELINE,NEW_DATA,4.4971,72.3559,41.8885
789,BASELINE,NEW_DATA,4.4983,72.3559,41.8885
790,BASELINE,NEW_DATA,4.4998,72.3559,41.8885
791,BASELINE,NEW_DATA,4.4987,72.3559,41.8885
792,BASELINE,NEW_DATA,4.4968,72.3559,41.8885
793,BASELINE,NEW_DATA,4.4960,72.3559,41.8885
794,BASELINE,NEW_DATA,4.4952,72.3559,41.8885
795,BASELINE,NEW_DATA,4.4922,72.3559,41.8885
796,BASELINE,NEW_DATA,4.4956,72.3559,41.8885
797,BASELINE,NEW_DATA,4.4952,72.3559,41.8885
798,BASELINE,NEW_DATA,4.4945,72.3559,41.8885
799,BASELINE,NEW_DATA,4.4937,72.3559,41.8885
800,BASELINE,NEW_DATA,4.4922,72.3426,41.7988
801,BASELINE,NEW_DATA,4.4907,72.3426,41.7988
802,BASELINE,NEW_DATA,4.4914,72.3426,41.7988
803,BASELINE,NEW_DATA,4.4907,72.3426,41.7988
804,BASELINE,NEW_DATA,4.4891,72.3426,41.7988
805,BASELINE,NEW_DATA,4.4876,72.3426,41.7988
806,BASELINE,NEW_DATA,4.4876,72.3426,41.7988
807,BASELINE,NEW_DATA,4.4849,72.3426,41.7988
808,BASELINE,NEW_DATA,4.4846,72.3426,41.7988
809,BASELINE,NEW_DATA,4.4846,72.3426,41.7988
810,BASELINE,NEW_DATA,4.4834,72.2793,41.4341
811,BASELINE,NEW_DATA,4.4788,72.2793,41.4341
812,BASELINE,NEW_DATA,4.4769,72.2793,41.4341
813,BASELINE,NEW_DATA,4.4769,72.2793,41.4341
814,BASELINE,NEW_DATA,4.4781,72.2793,41.4341
815,BASELINE,NEW_DATA,4.4758,72.2675,41.1530
816,BASELINE,NEW_DATA,4.4758,72.2675,41.1530
817,BASELINE,NEW_DATA,4.4754,72.2675,41.1530
818,BASELINE,NEW_DATA,4.4724,72.2675,41.1530
819,BASELINE,NEW_DATA,4.4724,72.2675,41.1530
820,BASELINE,NEW_DATA,4.4739,72.2675,41.1530
821,BASELINE,NEW_DATA,4.4754,72.2675,41.1530
822,BASELINE,NEW_DATA,4.4731,72.2675,41.1530
823,BASELINE,NEW_DATA,4.4724,72.2675,41.1530
824,BASELINE,NEW_DATA,4.4739,72.2675,41.1530
825,BASELINE,NEW_DATA,4.4773,72.4266,40.0045
826,BASELINE,NEW_DATA,4.4762,72.4266,40.0045
827,BASELINE,NEW_DATA,4.4754,72.4266,40.0045
828,BASELINE,NEW_DATA,4.4792,72.4266,40.0045
829,BASELINE,NEW_DATA,4.4731,72.4266,40.0045
830,BASELINE,NEW_DATA,4.4754,72.5380,39.7926
831,BASELINE,NEW_DATA,4.4746,72.5380,39.7926
832,BASELINE,NEW_DATA,4.4739,72.5380,39.7926
833,BASELINE,NEW_DATA,4.4731,72.5380,39.7926
834,BASELINE,NEW_DATA,4.4754,72.5380,39.7926
835,BASELINE,NEW_DATA,4.4697,72.5068,40.0758
836,BASELINE,NEW_DATA,4.4682,72.5068,40.0758
837,BASELINE,NEW_DATA,4.4662,72.5068,40.0758
838,BASELINE,NEW_DATA,4.4662,72.5068,40.0758
839,BASELINE,NEW_DATA,4.4640,72.5068,40.0758
840,BASELINE,NEW_DATA,4.4624,72.6257,40.0748
841,BASELINE,NEW_DATA,4.4617,72.6257,40.0748
842,BASELINE,NEW_DATA,4.4556,72.6257,40.0748
843,BASELINE,NEW_DATA,4.4502,72.6257,40.0748
844,BASELINE,NEW_DATA,4.4540,72.6257,40.0748
845,BASELINE,NEW_DATA,4.4533,72.6257,40.0000
846,BASELINE,NEW_DATA,4.4525,72.6257,40.0000
847,BASELINE,NEW_DATA,4.4529,72.6257,40.0000
848,BASELINE,NEW_DATA,4.4556,72.6257,40.0000
849,BASELINE,NEW_DATA,4.4533,72.6257,40.0000
850,BASELINE,NEW_DATA,4.4579,73.0048,40.1581
851,BASELINE,NEW_DATA,4.4514,73.0048,40.1581
852,BASELINE,NEW_DATA,4.4518,73.0048,40.1581
853,BASELINE,NEW_DATA,4.4510,73.0048,40.1581
854,BASELINE,NEW_DATA,4.4521,73.0048,40.1581
855,BASELINE,NEW_DATA,4.4510,72.9974,40.3157
856,BASELINE,NEW_DATA,4.4495,72.9974,40.3157
857,BASELINE,NEW_DATA,4.4483,72.9974,40.3157
858,BASELINE,NEW_DATA,4.4514,72.9974,40.3157
859,BASELINE,NEW_DATA,4.4464,72.9974,40.3157
860,BASELINE,NEW_DATA,4.4449,73.2099,40.3201
861,BASELINE,NEW_DATA,4.4449,73.2099,40.3201
862,BASELINE,NEW_DATA,4.4418,73.2099,40.3201
863,BASELINE,NEW_DATA,4.4426,73.2099,40.3201
864,BASELINE,NEW_DATA,4.4422,73.2099,40.3201
865,BASELINE,NEW_DATA,4.4403,73.3407,40.5638
866,BASELINE,NEW_DATA,4.4392,73.3407,40.5638
867,BASELINE,NEW_DATA,4.4388,73.3407,40.5638
868,BASELINE,NEW_DATA,4.4380,73.3407,40.5638
869,BASELINE,NEW_DATA,4.4392,73.3407,40.5638
870,BASELINE,NEW_DATA,4.4449,73.4031,40.4247
871,BASELINE,NEW_DATA,4.4392,73.4031,40.4247
872,BASELINE,NEW_DATA,4.4376,73.4031,40.4247
873,BASELINE,NEW_DATA,4.4361,73.4031,40.4247
874,BASELINE,NEW_DATA,4.4373,73.4031,40.4247
875,BASELINE,NEW_DATA,4.4357,73.5299,40.4247
876,BASELINE,NEW_DATA,4.4365,73.5299,40.4247
877,BASELINE,NEW_DATA,4.4365,73.5299,40.4247
878,BASELINE,NEW_DATA,4.4365,73.5299,40.4247
879,BASELINE,NEW_DATA,4.4350,73.5299,40.4247
880,BASELINE,NEW_DATA,4.4346,73.5452,40.1494
881,BASELINE,NEW_DATA,4.4342,73.5452,40.1494
882,BASELINE,NEW_DATA,4.4346,73.5452,40.1494
883,BASELINE,NEW_DATA,4.4319,73.5452,40.1494
884,BASELINE,NEW_DATA,4.4327,73.5452,40.1494
885,BASELINE,NEW_DATA,4.4312,73.6176,40.1494
886,BASELINE,NEW_DATA,4.4315,73.6176,40.1494
887,BASELINE,NEW_DATA,4.4312,73.6176,40.1494
888,BASELINE,NEW_DATA,4.4342,73.6176,40.1494
889,BASELINE,NEW_DATA,4.4304,73.6176,40.1494
890,BASELINE,NEW_DATA,4.4308,73.6178,40.1143
891,BASELINE,NEW_DATA,4.4239,73.6178,40.1143
892,BASELINE,NEW_DATA,4.4266,73.6178,40.1143
893,BASELINE,NEW_DATA,4.4239,73.6178,40.1143
894,BASELINE,NEW_DATA,4.4235,73.6178,40.1143
895,BASELINE,NEW_DATA,4.4205,73.3777,40.4421
896,BASELINE,NEW_DATA,4.4212,73.3777,40.4421
897,BASELINE,NEW_DATA,4.4235,73.3777,40.4421
898,BASELINE,NEW_DATA,4.4212,73.3777,40.4421
899,BASELINE,NEW_DATA,4.4220,73.3777,40.4421
900,BASELINE,NEW_DATA,4.4205,73.2334,40.4421
901,BASELINE,NEW_DATA,4.4209,73.2334,40.4421
902,BASELINE,NEW_DATA,4.4197,73.2334,40.4421
903,BASELINE,NEW_DATA,4.4189,73.2334,40.4421
904,BASELINE,NEW_DATA,4.4170,73.2334,40.4421
905,BASELINE,NEW_DATA,4.4151,73.2195,41.0256
906,BASELINE,NEW_DATA,4.4159,73.2195,41.0256
907,BASELINE,NEW_DATA,4.4147,73.2195,41.0256
908,BASELINE,NEW_DATA,4.4106,73.2195,41.0256
909,BASELINE,NEW_DATA,4.4098,73.0412,41.0256
910,BASELINE,NEW_DATA,4.4090,73.0412,41.0256
911,BASELINE,NEW_DATA,4.4090,73.0412,41.0256
912,BASELINE,NEW_DATA,4.4083,73.0412,41.0256
913,BASELINE,NEW_DATA,4.4083,73.0412,41.0256
914,BASELINE,NEW_DATA,4.4067,72.9198,41.5374
915,BASELINE,NEW_DATA,4.4067,72.9198,41.5374
916,BASELINE,NEW_DATA,4.4075,72.9198,41.5374
917,BASELINE,NEW_DATA,4.4083,72.9198,41.5374
918,BASELINE,NEW_DATA,4.4052,72.9198,41.5374
919,BASELINE,NEW_DATA,4.4044,73.0447,41.1156
920,BASELINE,NEW_DATA,4.4060,73.0447,41.1156
921,BASELINE,NEW_DATA,4.4037,73.0447,41.1156
922,BASELINE,NEW_DATA,4.4044,73.0447,41.1156
923,BASELINE,NEW_DATA,4.4037,73.0447,41.1156
924,BASELINE,NEW_DATA,4.4067,72.6666,41.1156
925,BASELINE,NEW_DATA,4.4041,72.6666,41.1156
926,BASELINE,NEW_DATA,4.4014,72.6666,41.1156
927,BASELINE,NEW_DATA,4.4022,72.6666,41.1156
928,BASELINE,NEW_DATA,4.4006,72.6666,41.1156
929,BASELINE,NEW_DATA,4.3999,72.2813,43.4109
930,BASELINE,NEW_DATA,4.3999,72.2813,43.4109
931,BASELINE,NEW_DATA,4.3999,72.2813,43.4109
932,BASELINE,NEW_DATA,4.4067,72.2813,43.4109
933,BASELINE,NEW_DATA,4.4010,72.2813,43.4109
934,BASELINE,NEW_DATA,4.3976,72.2813,43.4109
935,BASELINE,NEW_DATA,4.3980,72.2813,43.4109
936,BASELINE,NEW_DATA,4.3980,72.2813,43.4109
937,BASELINE,NEW_DATA,4.3964,72.2813,43.4109
938,BASELINE,NEW_DATA,4.3945,72.2813,43.4109
939,BASELINE,NEW_DATA,4.3945,71.9989,43.3947
940,BASELINE,NEW_DATA,4.3983,71.9989,43.3947
941,BASELINE,NEW_DATA,4.3938,71.9989,43.3947
942,BASELINE,NEW_DATA,4.3919,71.9989,43.3947
943,BASELINE,NEW_DATA,4.3900,71.9989,43.3947
944,BASELINE,NEW_DATA,4.3922,72.0622,44.5359
945,BASELINE,NEW_DATA,4.3930,72.0622,44.5359
946,BASELINE,NEW_DATA,4.3945,72.0622,44.5359
947,BASELINE,NEW_DATA,4.3831,72.0622,44.5359
948,BASELINE,NEW_DATA,4.4083,72.0622,44.5359
949,BASELINE,NEW_DATA,4.3900,72.0622,44.5359
950,BASELINE,NEW_DATA,4.3831,72.0622,44.5359
951,BASELINE,NEW_DATA,4.3797,72.0622,44.5359
952,BASELINE,NEW_DATA,4.3800,72.0622,44.5359
953,BASELINE,NEW_DATA,4.3781,72.0622,44.5359
954,BASELINE,NEW_DATA,4.3785,71.9553,44.2981
955,BASELINE,NEW_DATA,4.3777,71.9553,44.2981
956,BASELINE,NEW_DATA,4.3777,71.9553,44.2981
957,BASELINE,NEW_DATA,4.3816,71.9553,44.2981
958,BASELINE,NEW_DATA,4.3846,71.9553,44.2981
959,BASELINE,NEW_DATA,4.3873,71.9553,44.2981
960,BASELINE,NEW_DATA,4.3861,71.9553,44.2981
961,BASELINE,NEW_DATA,4.3922,71.9553,44.2981
962,BASELINE,NEW_DATA,4.3922,71.9553,44.2981
963,BASELINE,NEW_DATA,4.3915,71.9553,44.2981
964,BASELINE,NEW_DATA,4.4067,72.1201,44.3775
965,BASELINE,NEW_DATA,4.4098,72.1201,44.3775
966,BASELINE,NEW_DATA,4.4022,72.1201,44.3775
967,BASELINE,NEW_DATA,4.3907,72.1201,44.3775
968,BASELINE,NEW_DATA,4.3858,72.1201,44.3775
969,BASELINE,NEW_DATA,4.3827,72.2141,44.6938
970,BASELINE,NEW_DATA,4.3797,72.2141,44.6938
971,BASELINE,NEW_DATA,4.3770,72.2141,44.6938
972,BASELINE,NEW_DATA,4.3739,72.2141,44.6938
973,BASELINE,NEW_DATA,4.3785,72.2141,44.6938
974,BASELINE,NEW_DATA,4.3766,72.2141,44.6938
975,BASELINE,NEW_DATA,4.3755,72.2141,44.6938
976,BASELINE,NEW_DATA,4.3739,72.2141,44.6938
977,BASELINE,NEW_DATA,4.3736,72.2141,44.6938
978,BASELINE,NEW_DATA,4.3751,72.2141,44.6938
979,BASELINE,NEW_DATA,4.3770,72.2752,44.6741
980,BASELINE,NEW_DATA,4.3751,72.2752,44.6741
981,BASELINE,NEW_DATA,4.3762,72.2752,44.6741
982,BASELINE,NEW_DATA,4.3781,72.2752,44.6741
983,BASELINE,NEW_DATA,4.3785,72.2752,44.6741
984,BASELINE,NEW_DATA,4.3823,72.2752,44.6741
985,BASELINE,NEW_DATA,4.3808,72.2752,44.6741
986,BASELINE,NEW_DATA,4.3793,72.2752,44.6741
987,BASELINE,NEW_DATA,4.3823,72.2752,44.6741
988,BASELINE,NEW_DATA,4.3793,72.2752,44.6741
989,BASELINE,NEW_DATA,4.3751,72.1682,44.6149
990,BASELINE,NEW_DATA,4.3736,72.1682,44.6149
991,BASELINE,NEW_DATA,4.3720,72.1682,44.6149
992,BASELINE,NEW_DATA,4.3686,72.1682,44.6149
993,BASELINE,NEW_DATA,4.3671,72.1682,44.6149
994,BASELINE,NEW_DATA,4.3655,72.0953,44.4885
995,BASELINE,NEW_DATA,4.3640,72.0953,44.4885
996,BASELINE,NEW_DATA,4.3625,72.0953,44.4885
997,BASELINE,NEW_DATA,4.3640,72.0953,44.4885
998,BASELINE,NEW_DATA,4.3617,72.0953,44.4885
999,BASELINE,NEW_DATA,4.3610,72.0953,44.4885
1000,BASELINE,NEW_DATA,4.3598,72.0953,44.4885
1001,BASELINE,NEW_DATA,4.3602,72.0953,44.4885
1002,BASELINE,NEW_DATA,4.3594,72.0953,44.4885
1003,BASELINE,NEW_DATA,4.3587,72.0953,44.4885
1004,BASELINE,NEW_DATA,4.3568,72.1183,44.3498
1005,BASELINE,NEW_DATA,4.3556,72.1183,44.3498
1006,BASELINE,NEW_DATA,4.3552,72.1183,44.3498
1007,BASELINE,NEW_DATA,4.3568,72.1183,44.3498
1008,BASELINE,NEW_DATA,4.3579,72.1183,44.3498
1009,BASELINE,NEW_DATA,4.3549,72.1183,44.6014
1010,BASELINE,NEW_DATA,4.3541,72.1183,44.6014
1011,BASELINE,NEW_DATA,4.3537,72.1183,44.6014
1012,BASELINE,NEW_DATA,4.3522,72.1183,44.6014
1013,BASELINE,NEW_DATA,4.3503,72.1183,44.6014
1014,BASELINE,NEW_DATA,4.3472,72.2731,45.1718
1015,BASELINE,NEW_DATA,4.3461,72.2731,45.1718
1016,BASELINE,NEW_DATA,4.3461,72.2731,45.1718
1017,BASELINE,NEW_DATA,4.3442,72.2731,45.1718
1018,BASELINE,NEW_DATA,4.3449,72.2731,45.1718
1019,BASELINE,NEW_DATA,4.3449,72.2467,45.1718
1020,BASELINE,NEW_DATA,4.3430,72.2467,45.1718
1021,BASELINE,NEW_DATA,4.3427,72.2467,45.1718
1022,BASELINE,NEW_DATA,4.3396,72.2467,45.1718
1023,BASELINE,NEW_DATA,4.3381,72.2467,45.1718
1024,BASELINE,NEW_DATA,4.3400,72.2467,45.3518
1025,BASELINE,NEW_DATA,4.3381,72.2467,45.3518
1026,BASELINE,NEW_DATA,4.3385,72.2467,45.3518
1027,BASELINE,NEW_DATA,4.3369,72.2467,45.3518
1028,BASELINE,NEW_DATA,4.3396,72.2467,45.3518
1029,BASELINE,NEW_DATA,4.3365,72.3629,45.1289
1030,BASELINE,NEW_DATA,4.3381,72.3629,45.1289
1031,BASELINE,NEW_DATA,4.3365,72.3629,45.1289
1032,BASELINE,NEW_DATA,4.3365,72.3629,45.1289
1033,BASELINE,NEW_DATA,4.3335,72.3629,45.1289
1034,BASELINE,NEW_DATA,4.3350,72.3629,45.3085
1035,BASELINE,NEW_DATA,4.3343,72.3629,45.3085
1036,BASELINE,NEW_DATA,4.3343,72.3629,45.3085
1037,BASELINE,NEW_DATA,4.3335,72.3629,45.3085
1038,BASELINE,NEW_DATA,4.3320,72.3629,45.3085
1039,BASELINE,NEW_DATA,4.3316,72.4717,45.1289
1040,BASELINE,NEW_DATA,4.3312,72.4717,45.1289
1041,BASELINE,NEW_DATA,4.3297,72.4717,45.1289
1042,BASELINE,NEW_DATA,4.3293,72.4717,45.1289
1043,BASELINE,NEW_DATA,4.3282,72.4717,45.1289
1044,BASELINE,NEW_DATA,4.3266,72.4194,45.1289
1045,BASELINE,NEW_DATA,4.3243,72.4194,45.1289
1046,BASELINE,NEW_DATA,4.3217,72.4194,45.1289
1047,BASELINE,NEW_DATA,4.3228,72.4194,45.1289
1048,BASELINE,NEW_DATA,4.3221,72.4194,45.1289
1049,BASELINE,NEW_DATA,4.3213,72.4354,45.3872
1050,BASELINE,NEW_DATA,4.3198,72.4354,45.3872
1051,BASELINE,NEW_DATA,4.3205,72.4354,45.3872
1052,BASELINE,NEW_DATA,4.3190,72.4354,45.3872
1053,BASELINE,NEW_DATA,4.3198,72.6766,45.5367
1054,BASELINE,NEW_DATA,4.3190,72.6766,45.5367
1055,BASELINE,NEW_DATA,4.3186,72.6766,45.5367
1056,BASELINE,NEW_DATA,4.3175,72.6766,45.5367
1057,BASELINE,NEW_DATA,4.3167,72.6766,45.5367
1058,BASELINE,NEW_DATA,4.3182,72.6766,45.6696
1059,BASELINE,NEW_DATA,4.3171,72.6766,45.6696
1060,BASELINE,NEW_DATA,4.3171,72.6766,45.6696
1061,BASELINE,NEW_DATA,4.3171,72.6766,45.6696
1062,BASELINE,NEW_DATA,4.3152,72.6766,45.6696
1063,BASELINE,NEW_DATA,4.3152,72.8757,45.7165
1064,BASELINE,NEW_DATA,4.3144,72.8757,45.7165
1065,BASELINE,NEW_DATA,4.3152,72.8757,45.7165
1066,BASELINE,NEW_DATA,4.3129,72.8757,45.7165
1067,BASELINE,NEW_DATA,4.3129,72.8757,45.7165
1068,BASELINE,NEW_DATA,4.3110,72.9090,45.3973
1069,BASELINE,NEW_DATA,4.3091,72.9090,45.3973
1070,BASELINE,NEW_DATA,4.3079,72.9090,45.3973
1071,BASELINE,NEW_DATA,4.3087,72.9090,45.3973
1072,BASELINE,NEW_DATA,4.3060,72.9090,45.3973
1073,BASELINE,NEW_DATA,4.3060,73.0553,45.6227
1074,BASELINE,NEW_DATA,4.3037,73.0553,45.6227
1075,BASELINE,NEW_DATA,4.3037,73.0553,45.6227
1076,BASELINE,NEW_DATA,4.3045,73.0553,45.6227
1077,BASELINE,NEW_DATA,4.3022,73.0553,45.6227
1078,BASELINE,NEW_DATA,4.3030,73.1224,45.3352
1079,BASELINE,NEW_DATA,4.3030,73.1224,45.3352
1080,BASELINE,NEW_DATA,4.3022,73.1224,45.3352
1081,BASELINE,NEW_DATA,4.3015,73.1224,45.3352
1082,BASELINE,NEW_DATA,4.3003,73.1224,45.3352
1083,BASELINE,NEW_DATA,4.2999,73.4098,45.6255
1084,BASELINE,NEW_DATA,4.2984,73.4098,45.6255
1085,BASELINE,NEW_DATA,4.2999,73.4098,45.6255
1086,BASELINE,NEW_DATA,4.2984,73.4098,45.6255
1087,BASELINE,NEW_DATA,4.2988,73.4098,45.6255
1088,BASELINE,NEW_DATA,4.2969,73.3776,45.4776
1089,BASELINE,NEW_DATA,4.2953,73.3776,45.4776
1090,BASELINE,NEW_DATA,4.2976,73.3776,45.4776
1091,BASELINE,NEW_DATA,4.2984,73.3776,45.4776
1092,BASELINE,NEW_DATA,4.2973,73.3776,45.4776
1093,BASELINE,NEW_DATA,4.2969,73.5466,45.1718
1094,BASELINE,NEW_DATA,4.2973,73.5466,45.1718
1095,BASELINE,NEW_DATA,4.2953,73.5466,45.1718
1096,BASELINE,NEW_DATA,4.2953,73.5466,45.1718
1097,BASELINE,NEW_DATA,4.2946,73.5466,45.1718
1098,BASELINE,NEW_DATA,4.2957,73.5708,45.9140
1099,BASELINE,NEW_DATA,4.2938,73.5708,45.9140
1100,BASELINE,NEW_DATA,4.2946,73.5708,45.9140
1101,BASELINE,NEW_DATA,4.2923,73.5708,45.9140
1102,BASELINE,NEW_DATA,4.2908,73.5708,45.9140
1103,BASELINE,NEW_DATA,4.2892,73.5708,45.9140
1104,BASELINE,NEW_DATA,4.2892,73.5708,45.9140
1105,BASELINE,NEW_DATA,4.2892,73.5708,45.9140
1106,BASELINE,NEW_DATA,4.2877,73.5708,45.9140
1107,BASELINE,NEW_DATA,4.2862,73.5708,45.9140
1108,BASELINE,NEW_DATA,4.2847,73.4128,47.3376
1109,BASELINE,NEW_DATA,4.2862,73.4128,47.3376
1110,BASELINE,NEW_DATA,4.2847,73.4128,47.3376
1111,BASELINE,NEW_DATA,4.2892,73.4128,47.3376
1112,BASELINE,NEW_DATA,4.2824,73.4128,47.3376
1113,BASELINE,NEW_DATA,4.2847,73.3807,47.6145
1114,BASELINE,NEW_DATA,4.2820,73.3807,47.6145
1115,BASELINE,NEW_DATA,4.2831,73.3807,47.6145
1116,BASELINE,NEW_DATA,4.2816,73.3807,47.6145
1117,BASELINE,NEW_DATA,4.2801,73.3807,47.6145
1118,BASELINE,NEW_DATA,4.2805,73.1241,47.2817
1119,BASELINE,NEW_DATA,4.2847,73.1241,47.2817
1120,BASELINE,NEW_DATA,4.2824,73.1241,47.2817
1121,BASELINE,NEW_DATA,4.2835,73.1241,47.2817
1122,BASELINE,NEW_DATA,4.2820,73.1241,47.2817
1123,BASELINE,NEW_DATA,4.2805,73.0295,47.1623
1124,BASELINE,NEW_DATA,4.2816,73.0295,47.1623
1125,BASELINE,NEW_DATA,4.2786,73.0295,47.1623
1126,BASELINE,NEW_DATA,4.2786,73.0295,47.1623
1127,BASELINE,NEW_DATA,4.2786,73.0295,47.1623
1128,BASELINE,NEW_DATA,4.2747,72.9924,48.1671
1129,BASELINE,NEW_DATA,4.2755,72.9924,48.1671
1130,BASELINE,NEW_DATA,4.2732,72.9924,48.1671
1131,BASELINE,NEW_DATA,4.2725,72.9924,48.1671
1132,BASELINE,NEW_DATA,4.2732,72.9924,48.1671
1133,BASELINE,NEW_DATA,4.2725,73.0353,47.8186
1134,BASELINE,NEW_DATA,4.2725,73.0353,47.8186
1135,BASELINE,NEW_DATA,4.2709,73.0353,47.8186
1136,BASELINE,NEW_DATA,4.2702,73.0353,47.8186
1137,BASELINE,NEW_DATA,4.2679,73.0353,47.8186
1138,BASELINE,NEW_DATA,4.2671,72.9101,47.6220
1139,BASELINE,NEW_DATA,4.2683,72.9101,47.6220
1140,BASELINE,NEW_DATA,4.2671,72.9101,47.6220
1141,BASELINE,NEW_DATA,4.2664,72.9101,47.6220
1142,BASELINE,NEW_DATA,4.2652,72.9101,47.6220
1143,BASELINE,NEW_DATA,4.2664,72.9175,47.3190
1144,BASELINE,NEW_DATA,4.2671,72.9175,47.3190
1145,BASELINE,NEW_DATA,4.2683,72.9175,47.3190
1146,BASELINE,NEW_DATA,4.2664,72.9175,47.3190
1147,BASELINE,NEW_DATA,4.2664,72.9175,47.3190
1148,BASELINE,NEW_DATA,4.2641,72.9228,47.5958
1149,BASELINE,NEW_DATA,4.2648,72.9228,47.5958
1150,BASELINE,NEW_DATA,4.2637,72.9228,47.5958
1151,BASELINE,NEW_DATA,4.2633,72.9228,47.5958
1152,BASELINE,NEW_DATA,4.2637,72.9228,47.5958
1153,BASELINE,NEW_DATA,4.2633,72.8666,47.3933
1154,BASELINE,NEW_DATA,4.2622,72.8666,47.3933
1155,BASELINE,NEW_DATA,4.2603,72.8666,47.3933
1156,BASELINE,NEW_DATA,4.2603,72.8666,47.3933
1157,BASELINE,NEW_DATA,4.2603,72.8666,47.3933
1158,BASELINE,NEW_DATA,4.2580,73.0792,46.6142
1159,BASELINE,NEW_DATA,4.2561,73.0792,46.6142
1160,BASELINE,NEW_DATA,4.2587,73.0792,46.6142
1161,BASELINE,NEW_DATA,4.2526,73.0792,46.6142
1162,BASELINE,NEW_DATA,4.2542,73.0792,46.6142
1163,BASELINE,NEW_DATA,4.2542,73.0375,46.6142
1164,BASELINE,NEW_DATA,4.2522,73.0375,46.6142
1165,BASELINE,NEW_DATA,4.2526,73.0375,46.6142
1166,BASELINE,NEW_DATA,4.2503,73.0375,46.6142
1167,BASELINE,NEW_DATA,4.2480,73.0375,46.6142
1168,BASELINE,NEW_DATA,4.2450,73.1764,46.4060
1169,BASELINE,NEW_DATA,4.2496,73.1764,46.4060
1170,BASELINE,NEW_DATA,4.2496,73.1764,46.4060
1171,BASELINE,NEW_DATA,4.2496,73.1764,46.4060
1172,BASELINE,NEW_DATA,4.2480,73.1764,46.4060
1173,BASELINE,NEW_DATA,4.2458,73.2272,46.5538
1174,BASELINE,NEW_DATA,4.2454,73.2272,46.5538
1175,BASELINE,NEW_DATA,4.2469,73.2272,46.5538
1176,BASELINE,NEW_DATA,4.2480,73.2272,46.5538
1177,BASELINE,NEW_DATA,4.2461,73.2272,46.5538
1178,BASELINE,NEW_DATA,4.2473,73.2158,46.5538
1179,BASELINE,NEW_DATA,4.2442,73.2158,46.5538
1180,BASELINE,NEW_DATA,4.2465,73.2158,46.5538
1181,BASELINE,NEW_DATA,4.2435,73.2158,46.5538
1182,BASELINE,NEW_DATA,4.2419,73.2158,46.5538
1183,BASELINE,NEW_DATA,4.2419,73.2526,46.0098
1184,BASELINE,NEW_DATA,4.2419,73.2526,46.0098
1185,BASELINE,NEW_DATA,4.2412,73.2526,46.0098
1186,BASELINE,NEW_DATA,4.2423,73.2526,46.0098
1187,BASELINE,NEW_DATA,4.2435,73.2526,46.0098
1188,BASELINE,NEW_DATA,4.2404,73.5480,45.9317
1189,BASELINE,NEW_DATA,4.2362,73.5480,45.9317
1190,BASELINE,NEW_DATA,4.2297,73.5480,45.9317
1191,BASELINE,NEW_DATA,4.2343,73.5480,45.9317
1192,BASELINE,NEW_DATA,4.2259,73.5480,45.9317
1193,BASELINE,NEW_DATA,4.2343,73.5713,46.1931
1194,BASELINE,NEW_DATA,4.2286,73.5713,46.1931
1195,BASELINE,NEW_DATA,4.2252,73.5713,46.1931
1196,BASELINE,NEW_DATA,4.2244,73.5713,46.1931
1197,BASELINE,NEW_DATA,4.2313,73.5713,46.1931
1198,BASELINE,NEW_DATA,4.2316,73.7350,46.1931
1199,BASELINE,NEW_DATA,4.2328,73.7350,46.1931
1200,BASELINE,NEW_DATA,4.2328,73.7350,46.1931
1201,BASELINE,NEW_DATA,4.2336,73.7350,46.1931
1202,BASELINE,NEW_DATA,4.2328,73.6671,46.1128
1203,BASELINE,NEW_DATA,4.2343,73.6671,46.1128
1204,BASELINE,NEW_DATA,4.2313,73.6671,46.1128
1205,BASELINE,NEW_DATA,4.2305,73.6671,46.1128
1206,BASELINE,NEW_DATA,4.2297,73.6671,46.1128
1207,BASELINE,NEW_DATA,4.2290,73.6671,46.3415
1208,BASELINE,NEW_DATA,4.2290,73.6671,46.3415
1209,BASELINE,NEW_DATA,4.2297,73.6671,46.3415
1210,BASELINE,NEW_DATA,4.2313,73.6671,46.3415
1211,BASELINE,NEW_DATA,4.2297,73.6671,46.3415
1212,BASELINE,NEW_DATA,4.2297,73.5492,46.2502
1213,BASELINE,NEW_DATA,4.2282,73.5492,46.2502
1214,BASELINE,NEW_DATA,4.2244,73.5492,46.2502
1215,BASELINE,NEW_DATA,4.2271,73.5492,46.2502
1216,BASELINE,NEW_DATA,4.2267,73.5492,46.2502
1217,BASELINE,NEW_DATA,4.2274,73.7355,46.2502
1218,BASELINE,NEW_DATA,4.2244,73.7355,46.2502
1219,BASELINE,NEW_DATA,4.2229,73.7355,46.2502
1220,BASELINE,NEW_DATA,4.2210,73.7355,46.2502
1221,BASELINE,NEW_DATA,4.2236,73.7355,46.2502
1222,BASELINE,NEW_DATA,4.2221,73.8241,46.1130
1223,BASELINE,NEW_DATA,4.2206,73.8241,46.1130
1224,BASELINE,NEW_DATA,4.2206,73.8241,46.1130
1225,BASELINE,NEW_DATA,4.2198,73.8241,46.1130
1226,BASELINE,NEW_DATA,4.2179,73.8241,46.1130
1227,BASELINE,NEW_DATA,4.2168,74.1992,46.1130
1228,BASELINE,NEW_DATA,4.2122,74.1992,46.1130
1229,BASELINE,NEW_DATA,4.2175,74.1992,46.1130
1230,BASELINE,NEW_DATA,4.2252,74.1992,46.1130
1231,BASELINE,NEW_DATA,4.2183,74.1992,46.1130
1232,BASELINE,NEW_DATA,4.2175,74.1992,46.1130
1233,BASELINE,NEW_DATA,4.2160,74.1992,46.1130
1234,BASELINE,NEW_DATA,4.2160,74.1992,46.1130
1235,BASELINE,NEW_DATA,4.2145,74.1992,46.1130
1236,BASELINE,NEW_DATA,4.2152,74.1992,46.1130
1237,BASELINE,NEW_DATA,4.2137,74.3200,45.7104
1238,BASELINE,NEW_DATA,4.2160,74.3200,45.7104
1239,BASELINE,NEW_DATA,4.2130,74.3200,45.7104
1240,BASELINE,NEW_DATA,4.2160,74.3200,45.7104
1241,BASELINE,NEW_DATA,4.2137,74.3200,45.7104
1242,BASELINE,NEW_DATA,4.2118,74.3839,45.3818
1243,BASELINE,NEW_DATA,4.2107,74.3839,45.3818
1244,BASELINE,NEW_DATA,4.2114,74.3839,45.3818
1245,BASELINE,NEW_DATA,4.2107,74.3839,45.3818
1246,BASELINE,NEW_DATA,4.2084,74.3839,45.3818
1247,BASELINE,NEW_DATA,4.2076,74.3839,45.3818
1248,BASELINE,NEW_DATA,4.2084,74.3839,45.3818
1249,BASELINE,NEW_DATA,4.2084,74.3839,45.3818
1250,BASELINE,NEW_DATA,4.2057,74.3839,45.3818
1251,BASELINE,NEW_DATA,4.2057,74.3839,45.3818
1252,BASELINE,NEW_DATA,4.2053,74.2822,44.6938
1253,BASELINE,NEW_DATA,4.2030,74.2822,44.6938
1254,BASELINE,NEW_DATA,4.2030,74.2822,44.6938
1255,BASELINE,NEW_DATA,4.2038,74.2822,44.6938
1256,BASELINE,NEW_DATA,4.2027,74.2822,44.6938
1257,BASELINE,NEW_DATA,4.2023,74.2822,44.6938
1258,BASELINE,NEW_DATA,4.2007,74.2822,44.6938
1259,BASELINE,NEW_DATA,4.2023,74.2822,44.6938
1260,BASELINE,NEW_DATA,4.2023,74.2822,44.6938
1261,BASELINE,NEW_DATA,4.2023,74.2822,44.6938
1262,BASELINE,NEW_DATA,4.2011,74.1479,45.2925
1263,BASELINE,NEW_DATA,4.2007,74.1479,45.2925
1264,BASELINE,NEW_DATA,4.2007,74.1479,45.2925
1265,BASELINE,NEW_DATA,4.1992,74.1479,45.2925
1266,BASELINE,NEW_DATA,4.2000,74.1479,45.2925
1267,BASELINE,NEW_DATA,4.2004,74.1479,45.9524
1268,BASELINE,NEW_DATA,4.2007,74.1479,45.9524
1269,BASELINE,NEW_DATA,4.2000,74.1479,45.9524
1270,BASELINE,NEW_DATA,4.1992,74.1479,45.9524
1271,BASELINE,NEW_DATA,4.1992,74.1479,45.9524
1272,BASELINE,NEW_DATA,4.1992,74.1479,45.9524
1273,BASELINE,NEW_DATA,4.1996,74.1479,45.9524
1274,BASELINE,NEW_DATA,4.1977,74.1479,45.9524
1275,BASELINE,NEW_DATA,4.1985,74.1479,45.9524
1276,BASELINE,NEW_DATA,4.1962,74.1479,45.9524
1277,BASELINE,NEW_DATA,4.1962,73.9361,46.4402
1278,BASELINE,NEW_DATA,4.1962,73.9361,46.4402
1279,BASELINE,NEW_DATA,4.1946,73.9361,46.4402
1280,BASELINE,NEW_DATA,4.1992,73.9361,46.4402
1281,BASELINE,NEW_DATA,4.1931,73.9361,46.4402
1282,BASELINE,NEW_DATA,4.1931,73.9361,46.4402
1283,BASELINE,NEW_DATA,4.1931,73.9361,46.4402
1284,BASELINE,NEW_DATA,4.1916,73.9361,46.4402
1285,BASELINE,NEW_DATA,4.1878,73.9361,46.4402
1286,BASELINE,NEW_DATA,4.1901,73.9361,46.4402
1287,BASELINE,NEW_DATA,4.1870,73.7977,46.1359
1288,BASELINE,NEW_DATA,4.1862,73.7977,46.1359
1289,BASELINE,NEW_DATA,4.1916,73.7977,46.1359
1290,BASELINE,NEW_DATA,4.1855,73.7977,46.1359
1291,BASELINE,NEW_DATA,4.1840,73.7977,46.1359
1292,BASELINE,NEW_DATA,4.1878,73.9128,46.1519
1293,BASELINE,NEW_DATA,4.1878,73.9128,46.1519
1294,BASELINE,NEW_DATA,4.1870,73.9128,46.1519
1295,BASELINE,NEW_DATA,4.1866,73.9128,46.1519
1296,BASELINE,NEW_DATA,4.1870,73.9128,46.1519
1297,BASELINE,NEW_DATA,4.1851,73.7216,45.9217
1298,BASELINE,NEW_DATA,4.1885,73.7216,45.9217
1299,BASELINE,NEW_DATA,4.1794,73.7216,45.9217
1300,BASELINE,NEW_DATA,4.1870,73.7216,45.9217
1301,BASELINE,NEW_DATA,4.1840,73.7216,45.9217
1302,BASELINE,NEW_DATA,4.1870,73.6440,46.1519
1303,BASELINE,NEW_DATA,4.1859,73.6440,46.1519
1304,BASELINE,NEW_DATA,4.1855,73.6440,46.1519
1305,BASELINE,NEW_DATA,4.1855,73.6440,46.1519
1306,BASELINE,NEW_DATA,4.1840,73.6440,46.1519
1307,BASELINE,NEW_DATA,4.1847,73.5478,46.0710
1308,BASELINE,NEW_DATA,4.1840,73.5478,46.0710
1309,BASELINE,NEW_DATA,4.1840,73.5478,46.0710
1310,BASELINE,NEW_DATA,4.1843,73.5478,46.0710
1311,BASELINE,NEW_DATA,4.1801,73.5478,46.0710
1312,BASELINE,NEW_DATA,4.1779,73.3625,45.9485
1313,BASELINE,NEW_DATA,4.1782,73.3625,45.9485
1314,BASELINE,NEW_DATA,4.1790,73.3625,45.9485
1315,BASELINE,NEW_DATA,4.1794,73.3625,45.9485
1316,BASELINE,NEW_DATA,4.1771,73.3625,45.9485
1317,BASELINE,NEW_DATA,4.1748,73.4053,45.1466
1318,BASELINE,NEW_DATA,4.1744,73.4053,45.1466
1319,BASELINE,NEW_DATA,4.1748,73.4053,45.1466
1320,BASELINE,NEW_DATA,4.1756,73.4053,45.1466
1321,BASELINE,NEW_DATA,4.1763,73.4053,45.1466
1322,BASELINE,NEW_DATA,4.1752,73.2388,44.8275
1323,BASELINE,NEW_DATA,4.1771,73.2388,44.8275
1324,BASELINE,NEW_DATA,4.1763,73.2388,44.8275
1325,BASELINE,NEW_DATA,4.1695,73.2388,44.8275
1326,BASELINE,NEW_DATA,4.1748,73.2388,44.8275
1327,BASELINE,NEW_DATA,4.1763,73.3494,45.0040
1328,BASELINE,NEW_DATA,4.1740,73.3494,45.0040
1329,BASELINE,NEW_DATA,4.1733,73.3494,45.0040
1330,BASELINE,NEW_DATA,4.1725,73.3494,45.0040
1331,BASELINE,NEW_DATA,4.1733,73.3494,45.0040
1332,BASELINE,NEW_DATA,4.1702,73.2729,44.9374
1333,BASELINE,NEW_DATA,4.1706,73.2729,44.9374
1334,BASELINE,NEW_DATA,4.1702,73.2729,44.9374
1335,BASELINE,NEW_DATA,4.1672,73.2729,44.9374
1336,BASELINE,NEW_DATA,4.1702,73.2729,44.9374
1337,BASELINE,NEW_DATA,4.1710,73.3572,44.1189
1338,BASELINE,NEW_DATA,4.1676,73.3572,44.1189
1339,BASELINE,NEW_DATA,4.1695,73.3572,44.1189
1340,BASELINE,NEW_DATA,4.1672,73.3572,44.1189
1341,BASELINE,NEW_DATA,4.1676,73.3572,44.1189
1342,BASELINE,NEW_DATA,4.1679,73.2966,44.1189
1343,BASELINE,NEW_DATA,4.1676,73.2966,44.1189
1344,BASELINE,NEW_DATA,4.1664,73.2966,44.1189
1345,BASELINE,NEW_DATA,4.1664,73.2966,44.1189
1346,BASELINE,NEW_DATA,4.1649,73.2966,44.1189
1347,BASELINE,NEW_DATA,4.1641,73.2100,43.7985
1348,BASELINE,NEW_DATA,4.1649,73.2100,43.7985
1349,BASELINE,NEW_DATA,4.1660,73.2100,43.7985
1350,BASELINE,NEW_DATA,4.1641,73.2100,43.7985
1351,BASELINE,NEW_DATA,4.1656,73.2100,43.7985
1352,BASELINE,NEW_DATA,4.1630,73.1981,44.1062
1353,BASELINE,NEW_DATA,4.1626,73.1981,44.1062
1354,BASELINE,NEW_DATA,4.1649,73.1981,44.1062
1355,BASELINE,NEW_DATA,4.1641,73.1981,44.1062
1356,BASELINE,NEW_DATA,4.1634,73.1981,44.1062
1357,BASELINE,NEW_DATA,4.1626,73.0696,43.8588
1358,BASELINE,NEW_DATA,4.1641,73.0696,43.8588
1359,BASELINE,NEW_DATA,4.1618,73.0696,43.8588
1360,BASELINE,NEW_DATA,4.1611,73.0696,43.8588
1361,BASELINE,NEW_DATA,4.1611,73.0696,43.8588
1362,BASELINE,NEW_DATA,4.1611,73.0407,44.1345
1363,BASELINE,NEW_DATA,4.1603,73.0407,44.1345
1364,BASELINE,NEW_DATA,4.1611,73.0407,44.1345
1365,BASELINE,NEW_DATA,4.1599,73.0407,44.1345
1366,BASELINE,NEW_DATA,4.1664,72.9750,44.3061
1367,BASELINE,NEW_DATA,4.1595,72.9750,44.3061
1368,BASELINE,NEW_DATA,4.1588,72.9750,44.3061
1369,BASELINE,NEW_DATA,4.1557,72.9750,44.3061
1370,BASELINE,NEW_DATA,4.1580,72.9750,44.3061
1371,BASELINE,NEW_DATA,4.1565,73.0058,44.1787
1372,BASELINE,NEW_DATA,4.1565,73.0058,44.1787
1373,BASELINE,NEW_DATA,4.1557,73.0058,44.1787
1374,BASELINE,NEW_DATA,4.1603,73.0058,44.1787
1375,BASELINE,NEW_DATA,4.1550,73.0058,44.1787
1376,BASELINE,NEW_DATA,4.1553,72.7909,44.1787
1377,BASELINE,NEW_DATA,4.1550,72.7909,44.1787
1378,BASELINE,NEW_DATA,4.1550,72.7909,44.1787
1379,BASELINE,NEW_DATA,4.1550,72.7909,44.1787
1380,BASELINE,NEW_DATA,4.1534,72.7909,44.1787
1381,BASELINE,NEW_DATA,4.1538,72.4799,44.4529
1382,BASELINE,NEW_DATA,4.1519,72.4799,44.4529
1383,BASELINE,NEW_DATA,4.1527,72.4799,44.4529
1384,BASELINE,NEW_DATA,4.1523,72.4799,44.4529
1385,BASELINE,NEW_DATA,4.1512,72.4799,44.4529
1386,BASELINE,NEW_DATA,4.1519,72.4799,44.6254
1387,BASELINE,NEW_DATA,4.1542,72.4799,44.6254
1388,BASELINE,NEW_DATA,4.1519,72.4799,44.6254
1389,BASELINE,NEW_DATA,4.1519,72.4799,44.6254
1390,BASELINE,NEW_DATA,4.1519,72.4799,44.6254
1391,BASELINE,NEW_DATA,4.1504,72.2750,44.5636
1392,BASELINE,NEW_DATA,4.1504,72.2750,44.5636
1393,BASELINE,NEW_DATA,4.1504,72.2750,44.5636
1394,BASELINE,NEW_DATA,4.1489,72.2750,44.5636
1395,BASELINE,NEW_DATA,4.1492,72.2750,44.5636
1396,BASELINE,NEW_DATA,4.1504,72.4732,45.3818
1397,BASELINE,NEW_DATA,4.1496,72.4732,45.3818
1398,BASELINE,NEW_DATA,4.1489,72.4732,45.3818
1399,BASELINE,NEW_DATA,4.1504,72.4732,45.3818
1400,BASELINE,NEW_DATA,4.1473,72.4732,45.3818
1401,BASELINE,NEW_DATA,4.1447,72.4732,45.3818
1402,BASELINE,NEW_DATA,4.1451,72.4732,45.3818
1403,BASELINE,NEW_DATA,4.1439,72.4732,45.3818
1404,BASELINE,NEW_DATA,4.1447,72.4732,45.3818
1405,BASELINE,NEW_DATA,4.1428,72.4732,45.3818
1406,BASELINE,NEW_DATA,4.1428,72.5884,45.2419
1407,BASELINE,NEW_DATA,4.1431,72.5884,45.2419
1408,BASELINE,NEW_DATA,4.1424,72.5884,45.2419
1409,BASELINE,NEW_DATA,4.1473,72.5884,45.2419
1410,BASELINE,NEW_DATA,4.1416,72.5884,45.2419
1411,BASELINE,NEW_DATA,4.1428,72.5884,45.5012
1412,BASELINE,NEW_DATA,4.1420,72.5884,45.5012
1413,BASELINE,NEW_DATA,4.1428,72.5884,45.5012
1414,BASELINE,NEW_DATA,4.1420,72.5884,45.5012
1415,BASELINE,NEW_DATA,4.1401,72.5884,45.5012
1416,BASELINE,NEW_DATA,4.1416,72.5884,45.4283
1417,BASELINE,NEW_DATA,4.1412,72.5884,45.4283
1418,BASELINE,NEW_DATA,4.1412,72.5884,45.4283
1419,BASELINE,NEW_DATA,4.1416,72.5884,45.4283
1420,BASELINE,NEW_DATA,4.1405,72.5884,45.4283
1421,BASELINE,NEW_DATA,4.1405,72.6555,45.4283
1422,BASELINE,NEW_DATA,4.1412,72.6555,45.4283
1423,BASELINE,NEW_DATA,4.1382,72.6555,45.4283
1424,BASELINE,NEW_DATA,4.1386,72.6555,45.4283
1425,BASELINE,NEW_DATA,4.1382,72.6555,45.4283
1426,BASELINE,NEW_DATA,4.1382,72.6017,45.3597
1427,BASELINE,NEW_DATA,4.1367,72.6017,45.3597
1428,BASELINE,NEW_DATA,4.1370,72.6017,45.3597
1429,BASELINE,NEW_DATA,4.1374,72.6017,45.3597
1430,BASELINE,NEW_DATA,4.1363,72.6017,45.3597
1431,BASELINE,NEW_DATA,4.1351,72.7371,45.1796
1432,BASELINE,NEW_DATA,4.1351,72.7371,45.1796
1433,BASELINE,NEW_DATA,4.1412,72.7371,45.1796
1434,BASELINE,NEW_DATA,4.1328,72.7371,45.1796
1435,BASELINE,NEW_DATA,4.1313,72.7371,45.1796
1436,BASELINE,NEW_DATA,4.1321,72.7371,45.1070
1437,BASELINE,NEW_DATA,4.1336,72.7371,45.1070
1438,BASELINE,NEW_DATA,4.1309,72.7371,45.1070
1439,BASELINE,NEW_DATA,4.1325,72.7371,45.1070
1440,BASELINE,NEW_DATA,4.1336,72.7371,45.1070
1441,BASELINE,NEW_DATA,4.1336,72.8225,44.8040
1442,BASELINE,NEW_DATA,4.1325,72.8225,44.8040
1443,BASELINE,NEW_DATA,4.1321,72.8225,44.8040
1444,BASELINE,NEW_DATA,4.1313,72.8225,44.8040
1445,BASELINE,NEW_DATA,4.1336,72.8225,44.8040
1446,BASELINE,NEW_DATA,4.1336,73.1793,44.8942
1447,BASELINE,NEW_DATA,4.1321,73.1793,44.8942
1448,BASELINE,NEW_DATA,4.1340,73.1793,44.8942
1449,BASELINE,NEW_DATA,4.1344,73.1793,44.8942
1450,BASELINE,NEW_DATA,4.1351,73.1793,44.8942
1451,BASELINE,NEW_DATA,4.1359,73.4097,44.8000
1452,BASELINE,NEW_DATA,4.1367,73.4097,44.8000
1453,BASELINE,NEW_DATA,4.1397,73.4097,44.8000
1454,BASELINE,NEW_DATA,4.1481,73.4097,44.8000
1455,BASELINE,NEW_DATA,4.1481,73.4097,44.8000
1456,BASELINE,NEW_DATA,4.1477,73.2516,44.8000
1457,BASELINE,NEW_DATA,4.1473,73.2516,44.8000
1458,BASELINE,NEW_DATA,4.1451,73.2516,44.8000
1459,BASELINE,NEW_DATA,4.1397,73.2516,44.8000
1460,BASELINE,NEW_DATA,4.1351,73.2516,44.8000
1461,BASELINE,NEW_DATA,4.1382,73.5966,44.8942
1462,BASELINE,NEW_DATA,4.1317,73.5966,44.8942
1463,BASELINE,NEW_DATA,4.1328,73.5966,44.8942
1464,BASELINE,NEW_DATA,4.1298,73.5966,44.8942
1465,BASELINE,NEW_DATA,4.1290,73.5966,44.8942
1466,BASELINE,NEW_DATA,4.1275,73.8272,44.9530
1467,BASELINE,NEW_DATA,4.1290,73.8272,44.9530
1468,BASELINE,NEW_DATA,4.1309,73.8272,44.9530
1469,BASELINE,NEW_DATA,4.1264,73.8272,44.9530
1470,BASELINE,NEW_DATA,4.1279,73.8272,44.9530
1471,BASELINE,NEW_DATA,4.1275,73.8067,44.9530
1472,BASELINE,NEW_DATA,4.1275,73.8067,44.9530
1473,BASELINE,NEW_DATA,4.1260,73.8067,44.9530
1474,BASELINE,NEW_DATA,4.1260,73.8067,44.9530
1475,BASELINE,NEW_DATA,4.1260,73.8067,44.9530
1476,BASELINE,NEW_DATA,4.1264,74.0869,44.1827
1477,BASELINE,NEW_DATA,4.1252,74.0869,44.1827
1478,BASELINE,NEW_DATA,4.1248,74.0869,44.1827
1479,BASELINE,NEW_DATA,4.1245,74.0869,44.1827
1480,BASELINE,NEW_DATA,4.1229,74.0869,44.1827
1481,BASELINE,NEW_DATA,4.1229,73.9788,45.1387
1482,BASELINE,NEW_DATA,4.1222,73.9788,45.1387
1483,BASELINE,NEW_DATA,4.1229,73.9788,45.1387
1484,BASELINE,NEW_DATA,4.1229,73.9788,45.1387
1485,BASELINE,NEW_DATA,4.1229,73.9788,45.1387
1486,BASELINE,NEW_DATA,4.1199,73.8219,44.8942
1487,BASELINE,NEW_DATA,4.1199,73.8219,44.8942
1488,BASELINE,NEW_DATA,4.1222,73.8219,44.8942
1489,BASELINE,NEW_DATA,4.1210,73.8219,44.8942
1490,BASELINE,NEW_DATA,4.1176,73.5727,46.6444
1491,BASELINE,NEW_DATA,4.1168,73.5727,46.6444
1492,BASELINE,NEW_DATA,4.1191,73.5727,46.6444
1493,BASELINE,NEW_DATA,4.1157,73.5727,46.6444
1494,BASELINE,NEW_DATA,4.1183,73.5181,46.6444
1495,BASELINE,NEW_DATA,4.1161,73.5181,46.6444
1496,BASELINE,NEW_DATA,4.1168,73.5181,46.6444
1497,BASELINE,NEW_DATA,4.1191,73.5181,46.6444
1498,BASELINE,NEW_DATA,4.1153,73.5181,46.6444
1499,BASELINE,NEW_DATA,4.1153,73.2700,46.6444
1500,BASELINE,NEW_DATA,4.1176,73.2700,46.6444
1501,BASELINE,NEW_DATA,4.1183,73.2700,46.6444
1502,BASELINE,NEW_DATA,4.1168,73.2700,46.6444
1503,BASELINE,NEW_DATA,4.1176,73.2700,46.6444
1504,BASELINE,NEW_DATA,4.1183,73.2700,46.6444
1505,BASELINE,NEW_DATA,4.1183,73.2700,46.6444
1506,BASELINE,NEW_DATA,4.1195,73.2700,46.6444
1507,BASELINE,NEW_DATA,4.1199,73.2700,46.6444
1508,BASELINE,NEW_DATA,4.1183,73.1377,45.9753
1509,BASELINE,NEW_DATA,4.1168,73.1377,45.9753
1510,BASELINE,NEW_DATA,4.1176,73.1377,45.9753
1511,BASELINE,NEW_DATA,4.1176,73.1377,45.9753
1512,BASELINE,NEW_DATA,4.1168,73.0444,46.1130
1513,BASELINE,NEW_DATA,4.1130,73.0444,46.1130
1514,BASELINE,NEW_DATA,4.1122,73.0444,46.1130
1515,BASELINE,NEW_DATA,4.1153,73.0444,46.1130
1516,BASELINE,NEW_DATA,4.1130,73.0444,46.1130
1517,BASELINE,NEW_DATA,4.1130,72.8306,46.1130
1518,BASELINE,NEW_DATA,4.1138,72.8306,46.1130
1519,BASELINE,NEW_DATA,4.1092,72.8306,46.1130
1520,BASELINE,NEW_DATA,4.1130,72.8306,46.1130
1521,BASELINE,NEW_DATA,4.1092,72.5951,45.0000
1522,BASELINE,NEW_DATA,4.1111,72.5951,45.0000
1523,BASELINE,NEW_DATA,4.1069,72.5951,45.0000
1524,BASELINE,NEW_DATA,4.1100,72.5951,45.0000
1525,BASELINE,NEW_DATA,4.1107,72.5951,45.0000
1526,BASELINE,NEW_DATA,4.1065,72.5951,45.0000
1527,BASELINE,NEW_DATA,4.1115,72.5951,45.0000
1528,BASELINE,NEW_DATA,4.1065,72.5951,45.0000
1529,BASELINE,NEW_DATA,4.1092,72.5951,45.0000
1530,BASELINE,NEW_DATA,4.1115,72.5552,45.3003
1531,BASELINE,NEW_DATA,4.1107,72.5552,45.3003
1532,BASELINE,NEW_DATA,4.1065,72.5552,45.3003
1533,BASELINE,NEW_DATA,4.1080,72.5552,45.3003
1534,BASELINE,NEW_DATA,4.1077,72.5552,45.3003
1535,BASELINE,NEW_DATA,4.1096,72.6460,45.1952
1536,BASELINE,NEW_DATA,4.1061,72.6460,45.1952
1537,BASELINE,NEW_DATA,4.1092,72.6460,45.1952
1538,BASELINE,NEW_DATA,4.1046,72.6460,45.1952
1539,BASELINE,NEW_DATA,4.1061,72.6460,45.1952
1540,BASELINE,NEW_DATA,4.1008,72.6460,45.1952
1541,BASELINE,NEW_DATA,4.1039,72.6460,45.1952
1542,BASELINE,NEW_DATA,4.1054,72.6460,45.1952
1543,BASELINE,NEW_DATA,4.1019,72.6460,45.1952
1544,BASELINE,NEW_DATA,4.1046,72.6568,46.2731
1545,BASELINE,NEW_DATA,4.1061,72.6568,46.2731
1546,BASELINE,NEW_DATA,4.1031,72.6568,46.2731
1547,BASELINE,NEW_DATA,4.1008,72.6568,46.2731
1548,BASELINE,NEW_DATA,4.1023,72.6568,46.2731
1549,BASELINE,NEW_DATA,4.1031,72.6568,46.2731
1550,BASELINE,NEW_DATA,4.1000,72.6568,46.2731
1551,BASELINE,NEW_DATA,4.1031,72.6568,46.2731
1552,BASELINE,NEW_DATA,4.1000,72.6568,46.2731
1553,BASELINE,NEW_DATA,4.1004,72.4940,46.2617
1554,BASELINE,NEW_DATA,4.0974,72.4940,46.2617
1555,BASELINE,NEW_DATA,4.1008,72.4940,46.2617
1556,BASELINE,NEW_DATA,4.0989,72.4940,46.2617
1557,BASELINE,NEW_DATA,4.1027,72.6989,46.9979
1558,BASELINE,NEW_DATA,4.1019,72.6989,46.9979
1559,BASELINE,NEW_DATA,4.0977,72.6989,46.9979
1560,BASELINE,NEW_DATA,4.0977,72.6989,46.9979
1561,BASELINE,NEW_DATA,4.0974,72.6989,46.9979
1562,BASELINE,NEW_DATA,4.0997,72.6989,46.9979
1563,BASELINE,NEW_DATA,4.0970,72.6989,46.9979
1564,BASELINE,NEW_DATA,4.0997,72.6989,46.9979
1565,BASELINE,NEW_DATA,4.0955,72.6989,46.9979
1566,BASELINE,NEW_DATA,4.0939,72.6989,46.9979
1567,BASELINE,NEW_DATA,4.0909,72.9141,46.8140
1568,BASELINE,NEW_DATA,4.0939,72.9141,46.8140
1569,BASELINE,NEW_DATA,4.0939,72.9141,46.8140
1570,BASELINE,NEW_DATA,4.0958,72.9141,46.8140
1571,BASELINE,NEW_DATA,4.0909,72.9141,46.8140
1572,BASELINE,NEW_DATA,4.0962,72.9141,46.8140
1573,BASELINE,NEW_DATA,4.0924,72.9141,46.8140
1574,BASELINE,NEW_DATA,4.0955,72.9141,46.8140
1575,BASELINE,NEW_DATA,4.0924,72.9141,46.8140
1576,BASELINE,NEW_DATA,4.0928,72.8617,48.1488
1577,BASELINE,NEW_DATA,4.0924,72.8617,48.1488
1578,BASELINE,NEW_DATA,4.0894,72.8617,48.1488
1579,BASELINE,NEW_DATA,4.0928,72.8617,48.1488
1580,BASELINE,NEW_DATA,4.0894,72.8617,47.6558
1581,BASELINE,NEW_DATA,4.0928,72.8617,47.6558
1582,BASELINE,NEW_DATA,4.0886,72.8617,47.6558
1583,BASELINE,NEW_DATA,4.0913,72.8617,47.6558
1584,BASELINE,NEW_DATA,4.0886,72.8617,47.6558
1585,BASELINE,NEW_DATA,4.0924,72.8046,47.5565
1586,BASELINE,NEW_DATA,4.0863,72.8046,47.5565
1587,BASELINE,NEW_DATA,4.0913,72.8046,47.5565
1588,BASELINE,NEW_DATA,4.0874,72.8046,47.5565
1589,BASELINE,NEW_DATA,4.0894,72.8046,47.5565
1590,BASELINE,NEW_DATA,4.0897,72.6764,47.4638
1591,BASELINE,NEW_DATA,4.0867,72.6764,47.4638
1592,BASELINE,NEW_DATA,4.0863,72.6764,47.4638
1593,BASELINE,NEW_DATA,4.0848,72.6764,47.4638
1594,BASELINE,NEW_DATA,4.0863,72.8266,47.4638
1595,BASELINE,NEW_DATA,4.0886,72.8266,47.4638
1596,BASELINE,NEW_DATA,4.0817,72.8266,47.4638
1597,BASELINE,NEW_DATA,4.0863,72.8266,47.4638
1598,BASELINE,NEW_DATA,4.0821,72.7334,47.8186
1599,BASELINE,NEW_DATA,4.0863,72.7334,47.8186
1600,BASELINE,NEW_DATA,4.0817,72.7334,47.8186
1601,BASELINE,NEW_DATA,4.0848,72.7334,47.8186
1602,BASELINE,NEW_DATA,4.0825,72.7334,47.8186
1603,BASELINE,NEW_DATA,4.0833,72.7334,48.0253
1604,BASELINE,NEW_DATA,4.0817,72.7334,48.0253
1605,BASELINE,NEW_DATA,4.0817,72.7334,48.0253
1606,BASELINE,NEW_DATA,4.0810,72.7334,48.0253
1607,BASELINE,NEW_DATA,4.0821,72.6425,47.9840
1608,BASELINE,NEW_DATA,4.0825,72.6425,47.9840
1609,BASELINE,NEW_DATA,4.0833,72.6425,47.9840
1610,BASELINE,NEW_DATA,4.0791,72.6425,47.9840
1611,BASELINE,NEW_DATA,4.0791,72.6425,47.9840
1612,BASELINE,NEW_DATA,4.0829,72.6425,48.2923
1613,BASELINE,NEW_DATA,4.0802,72.6425,48.2923
1614,BASELINE,NEW_DATA,4.0817,72.6425,48.2923
1615,BASELINE,NEW_DATA,4.0794,72.6425,48.2923
1616,BASELINE,NEW_DATA,4.0817,72.6425,48.2923
1617,BASELINE,NEW_DATA,4.0825,72.5441,48.1305
1618,BASELINE,NEW_DATA,4.0810,72.5441,48.1305
1619,BASELINE,NEW_DATA,4.0794,72.5441,48.1305
1620,BASELINE,NEW_DATA,4.0775,72.5441,48.1305
1621,BASELINE,NEW_DATA,4.0802,72.6133,48.0253
1622,BASELINE,NEW_DATA,4.0775,72.6133,48.0253
1623,BASELINE,NEW_DATA,4.0760,72.6133,48.0253
1624,BASELINE,NEW_DATA,4.0779,72.6133,48.0253
1625,BASELINE,NEW_DATA,4.0756,72.6133,48.0253
1626,BASELINE,NEW_DATA,4.0764,72.4542,48.2034
1627,BASELINE,NEW_DATA,4.0741,72.4542,48.2034
1628,BASELINE,NEW_DATA,4.0726,72.4542,48.2034
1629,BASELINE,NEW_DATA,4.0760,72.4542,48.2034
1630,BASELINE,NEW_DATA,4.0726,72.4430,47.8959
1631,BASELINE,NEW_DATA,4.0695,72.4430,47.8959
1632,BASELINE,NEW_DATA,4.0733,72.4430,47.8959
1633,BASELINE,NEW_DATA,4.0726,72.4430,47.8959
1634,BASELINE,NEW_DATA,4.0733,72.4430,47.8959
1635,BASELINE,NEW_DATA,4.0741,72.4430,48.2331
1636,BASELINE,NEW_DATA,4.0726,72.4430,48.2331
1637,BASELINE,NEW_DATA,4.0726,72.4430,48.2331
1638,BASELINE,NEW_DATA,4.0710,72.4430,48.2331
1639,BASELINE,NEW_DATA,4.0718,72.4430,48.2331
1640,BASELINE,NEW_DATA,4.0730,72.4179,48.2584
1641,BASELINE,NEW_DATA,4.0710,72.4179,48.2584
1642,BASELINE,NEW_DATA,4.0699,72.4179,48.2584
1643,BASELINE,NEW_DATA,4.0695,72.4179,48.2584
1644,BASELINE,NEW_DATA,4.0695,72.4179,48.2584
1645,BASELINE,NEW_DATA,4.0688,72.4179,48.5688
1646,BASELINE,NEW_DATA,4.0680,72.4179,48.5688
1647,BASELINE,NEW_DATA,4.0680,72.4179,48.5688
1648,BASELINE,NEW_DATA,4.0665,72.4179,48.5688
1649,BASELINE,NEW_DATA,4.0707,72.4179,48.5688
1650,BASELINE,NEW_DATA,4.0703,72.3303,48.2331
1651,BASELINE,NEW_DATA,4.0699,72.3303,48.2331
1652,BASELINE,NEW_DATA,4.0665,72.3303,48.2331
1653,BASELINE,NEW_DATA,4.0668,72.3303,48.2331
1654,BASELINE,NEW_DATA,4.0634,72.3415,47.9840
1655,BASELINE,NEW_DATA,4.0657,72.3415,47.9840
1656,BASELINE,NEW_DATA,4.0638,72.3415,47.9840
1657,BASELINE,NEW_DATA,4.0649,72.3415,47.9840
1658,BASELINE,NEW_DATA,4.0661,72.3415,47.9840
1659,BASELINE,NEW_DATA,4.0672,72.3415,48.3107
1660,BASELINE,NEW_DATA,4.0657,72.3415,48.3107
1661,BASELINE,NEW_DATA,4.0649,72.3415,48.3107
1662,BASELINE,NEW_DATA,4.0619,72.3415,48.3107
1663,BASELINE,NEW_DATA,4.0619,72.3415,48.3107
1664,BASELINE,NEW_DATA,4.0657,72.3519,47.8203
1665,BASELINE,NEW_DATA,4.0649,72.3519,47.8203
1666,BASELINE,NEW_DATA,4.0665,72.3519,47.8203
1667,BASELINE,NEW_DATA,4.0596,72.3519,47.8203
1668,BASELINE,NEW_DATA,4.0607,72.3519,47.8203
1669,BASELINE,NEW_DATA,4.0604,72.3519,47.8203
1670,BASELINE,NEW_DATA,4.0642,72.3519,47.8203
1671,BASELINE,NEW_DATA,4.0619,72.3519,47.8203
1672,BASELINE,NEW_DATA,4.0619,72.3519,47.8203
1673,BASELINE,NEW_DATA,4.0623,72.3398,46.7936
1674,LIVE,NEW_DATA,4.0604,72.3398,46.7936
1675,LIVE,NEW_DATA,4.0604,72.3398,46.7936
1676,LIVE,NEW_DATA,4.0619,72.3398,46.7936
1677,LIVE,NEW_DATA,4.0604,72.4618,47.1276
1678,LIVE,NEW_DATA,4.0604,72.4618,47.1276
1679,LIVE,NEW_DATA,4.0581,72.4618,47.1276
1680,LIVE,NEW_DATA,4.0558,72.4618,47.1276
1681,LIVE,NEW_DATA,4.0573,72.4618,47.1276
1682,LIVE,NEW_DATA,4.0588,72.2858,47.3362
1683,LIVE,NEW_DATA,4.0596,72.2858,47.3362
1684,LIVE,NEW_DATA,4.0558,72.2858,47.3362
1685,LIVE,NEW_DATA,4.0588,72.2858,47.3362
1686,LIVE,NEW_DATA,4.0558,72.3106,46.2860
1687,LIVE,NEW_DATA,4.0581,72.3106,46.2860
1688,LIVE,NEW_DATA,4.0527,72.3106,46.2860
1689,LIVE,NEW_DATA,4.0565,72.3106,46.2860
1690,LIVE,NEW_DATA,4.0543,72.3106,46.2860
1691,LIVE,NEW_DATA,4.0558,72.0877,46.0512
1692,LIVE,NEW_DATA,4.0516,72.0877,46.0512
1693,LIVE,NEW_DATA,4.0554,72.0877,46.0512
1694,LIVE,NEW_DATA,4.0512,72.0877,46.0512
1695,LIVE,NEW_DATA,4.0546,71.9267,46.5142
1696,LIVE,NEW_DATA,4.0520,71.9267,46.5142
1697,LIVE,NEW_DATA,4.0573,71.9267,46.5142
1698,LIVE,NEW_DATA,4.0508,71.9267,46.5142
1699,LIVE,NEW_DATA,4.0562,71.9267,46.5142
1700,LIVE,NEW_DATA,4.0543,71.7504,46.5142
1701,LIVE,NEW_DATA,4.0543,71.7504,46.5142
1702,LIVE,NEW_DATA,4.0504,71.7504,46.5142
1703,LIVE,NEW_DATA,4.0527,71.7504,46.5142
1704,LIVE,NEW_DATA,4.0512,71.6712,46.4835
1705,LIVE,NEW_DATA,4.0543,71.6712,46.4835
1706,LIVE,NEW_DATA,4.0543,71.6712,46.4835
1707,LIVE,NEW_DATA,4.0543,71.6712,46.4835
1708,LIVE,NEW_DATA,4.0493,71.6712,46.4835
1709,LIVE,NEW_DATA,4.0520,71.4574,46.6796
1710,LIVE,NEW_DATA,4.0489,71.4574,46.6796
1711,LIVE,NEW_DATA,4.0512,71.4574,46.6796
1712,LIVE,NEW_DATA,4.0482,71.4574,46.6796
1713,LIVE,NEW_DATA,4.0531,71.2997,46.5909
1714,LIVE,NEW_DATA,4.0497,71.2997,46.5909
1715,LIVE,NEW_DATA,4.0485,71.2997,46.5909
1716,LIVE,NEW_DATA,4.0466,71.2997,46.5909
1717,LIVE,NEW_DATA,4.0497,71.2997,46.5909
1718,LIVE,NEW_DATA,4.0451,70.8776,46.6136
1719,LIVE,NEW_DATA,4.0497,70.8776,46.6136
1720,LIVE,NEW_DATA,4.0459,70.8776,46.6136
1721,LIVE,NEW_DATA,4.0482,70.8776,46.6136
1722,LIVE,NEW_DATA,4.0474,70.8776,46.6136
1723,LIVE,NEW_DATA,4.0455,70.2718,46.4181
1724,LIVE,NEW_DATA,4.0497,70.2718,46.4181
1725,LIVE,NEW_DATA,4.0459,70.2718,46.4181
1726,LIVE,NEW_DATA,4.0497,70.2718,46.4181
1727,LIVE,NEW_DATA,4.0459,69.9317,47.1320
1728,LIVE,NEW_DATA,4.0466,69.9317,47.1320
1729,LIVE,NEW_DATA,4.0451,69.9317,47.1320
1730,LIVE,NEW_DATA,4.0451,69.9317,47.1320
1731,LIVE,NEW_DATA,4.0447,69.9317,47.1320
1732,LIVE,NEW_DATA,4.0462,69.9317,47.2275
1733,LIVE,NEW_DATA,4.0436,69.9317,47.2275
1734,LIVE,NEW_DATA,4.0459,69.9317,47.2275
1735,LIVE,NEW_DATA,4.0421,69.9317,47.2275
1736,LIVE,NEW_DATA,4.0443,69.5588,47.1320
1737,LIVE,NEW_DATA,4.0421,69.5588,47.1320
1738,LIVE,NEW_DATA,4.0451,69.5588,47.1320
1739,LIVE,NEW_DATA,4.0405,69.5588,47.1320
1740,LIVE,NEW_DATA,4.0428,69.5588,47.1320
1741,LIVE,NEW_DATA,4.0394,69.1259,47.4685
1742,LIVE,NEW_DATA,4.0413,69.1259,47.4685
1743,LIVE,NEW_DATA,4.0382,69.1259,47.4685
1744,LIVE,NEW_DATA,4.0405,69.1259,47.4685
1745,LIVE,NEW_DATA,4.0375,69.0427,47.6856
1746,LIVE,NEW_DATA,4.0451,69.0427,47.6856
1747,LIVE,NEW_DATA,4.0379,69.0427,47.6856
1748,LIVE,NEW_DATA,4.0405,69.0427,47.6856
1749,LIVE,NEW_DATA,4.0382,69.0427,47.6856
1750,LIVE,NEW_DATA,4.0390,68.9393,47.8838
1751,LIVE,NEW_DATA,4.0390,68.9393,47.8838
1752,LIVE,NEW_DATA,4.0394,68.9393,47.8838
1753,LIVE,NEW_DATA,4.0352,68.9393,47.8838
1754,LIVE,NEW_DATA,4.0394,68.9393,47.8838
1755,LIVE,NEW_DATA,4.0359,69.0628,48.2145
1756,LIVE,NEW_DATA,4.0359,69.0628,48.2145
1757,LIVE,NEW_DATA,4.0348,69.0628,48.2145
1758,LIVE,NEW_DATA,4.0398,69.0628,48.2145
1759,LIVE,NEW_DATA,4.0344,69.0601,48.0677
1760,LIVE,NEW_DATA,4.0359,69.0601,48.0677
1761,LIVE,NEW_DATA,4.0379,69.0601,48.0677
1762,LIVE,NEW_DATA,4.0352,69.0601,48.0677
1763,LIVE,NEW_DATA,4.0363,69.0601,48.0677
1764,LIVE,NEW_DATA,4.0333,69.1979,48.0677
1765,LIVE,NEW_DATA,4.0359,69.1979,48.0677
1766,LIVE,NEW_DATA,4.0348,69.1979,48.0677
1767,LIVE,NEW_DATA,4.0337,69.1979,48.0677
1768,LIVE,NEW_DATA,4.0344,69.3147,48.3496
1769,LIVE,NEW_DATA,4.0356,69.3147,48.3496
1770,LIVE,NEW_DATA,4.0291,69.3147,48.3496
1771,LIVE,NEW_DATA,4.0329,69.3147,48.3496
1772,LIVE,NEW_DATA,4.0318,69.3147,48.3496
1773,LIVE,NEW_DATA,4.0329,69.2246,48.4616
1774,LIVE,NEW_DATA,4.0344,69.2246,48.4616
1775,LIVE,NEW_DATA,4.0283,69.2246,48.4616
1776,LIVE,NEW_DATA,4.0329,69.2246,48.4616
1777,LIVE,NEW_DATA,4.0298,69.3020,48.1431
1778,LIVE,NEW_DATA,4.0318,69.3020,48.1431
1779,LIVE,NEW_DATA,4.0283,69.3020,48.1431
1780,LIVE,NEW_DATA,4.0318,69.3020,48.1431
1781,LIVE,NEW_DATA,4.0279,69.3020,48.1431
1782,LIVE,NEW_DATA,4.0298,69.3633,47.9583
1783,LIVE,NEW_DATA,4.0283,69.3633,47.9583
1784,LIVE,NEW_DATA,4.0302,69.3633,47.9583
1785,LIVE,NEW_DATA,4.0291,69.3633,47.9583
1786,LIVE,NEW_DATA,4.0287,69.3633,47.9583
1787,LIVE,NEW_DATA,4.0276,69.3386,47.9583
1788,LIVE,NEW_DATA,4.0314,69.3386,47.9583
1789,LIVE,NEW_DATA,4.0276,69.3386,47.9583
1790,LIVE,NEW_DATA,4.0318,69.3386,47.9583
1791,LIVE,NEW_DATA,4.0272,69.5187,48.1393
1792,LIVE,NEW_DATA,4.0283,69.5187,48.1393
1793,LIVE,NEW_DATA,4.0260,69.5187,48.1393
1794,LIVE,NEW_DATA,4.0287,69.5187,48.1393
1795,LIVE,NEW_DATA,4.0268,69.5187,48.1393
1796,LIVE,NEW_DATA,4.0253,69.4287,48.3795
1797,LIVE,NEW_DATA,4.0257,69.4287,48.3795
1798,LIVE,NEW_DATA,4.0253,69.4287,48.3795
1799,LIVE,NEW_DATA,4.0249,69.4287,48.3795
1800,LIVE,NEW_DATA,4.0283,69.4287,48.3795
1801,LIVE,NEW_DATA,4.0260,69.4287,48.3795
1802,LIVE,NEW_DATA,4.0283,69.4287,48.3795
1803,LIVE,NEW_DATA,4.0260,69.4287,48.3795
1804,LIVE,NEW_DATA,4.0268,69.4287,48.3795
1805,LIVE,NEW_DATA,4.0268,69.4287,48.3795
1806,LIVE,NEW_DATA,4.0257,69.2495,48.2558
1807,LIVE,NEW_DATA,4.0253,69.2495,48.2558
1808,LIVE,NEW_DATA,4.0245,69.2495,48.2558
1809,LIVE,NEW_DATA,4.0245,69.2495,48.2558
1810,LIVE,NEW_DATA,4.0245,69.2495,48.2558
1811,LIVE,NEW_DATA,4.0253,69.3050,47.9660
1812,LIVE,NEW_DATA,4.0264,69.3050,47.9660
1813,LIVE,NEW_DATA,4.0222,69.3050,47.9660
1814,LIVE,NEW_DATA,4.0215,69.3050,47.9660
1815,LIVE,NEW_DATA,4.0253,69.3050,47.9660
1816,LIVE,NEW_DATA,4.0222,69.4318,47.9961
1817,LIVE,NEW_DATA,4.0237,69.4318,47.9961
1818,LIVE,NEW_DATA,4.0215,69.4318,47.9961
1819,LIVE,NEW_DATA,4.0222,69.4318,47.9961
1820,LIVE,NEW_DATA,4.0207,69.4318,47.9961
1821,LIVE,NEW_DATA,4.0222,69.6385,47.2543
1822,LIVE,NEW_DATA,4.0215,69.6385,47.2543
1823,LIVE,NEW_DATA,4.0230,69.6385,47.2543
1824,LIVE,NEW_DATA,4.0222,69.6385,47.2543
1825,LIVE,NEW_DATA,4.0215,69.6385,47.2543
1826,LIVE,NEW_DATA,4.0230,69.6385,47.2543
1827,LIVE,NEW_DATA,4.0237,69.6385,47.2543
1828,LIVE,NEW_DATA,4.0230,69.6385,47.2543
1829,LIVE,NEW_DATA,4.0207,69.6385,47.2543
1830,LIVE,NEW_DATA,4.0215,69.6385,47.2543
1831,LIVE,NEW_DATA,4.0207,69.5757,46.2468
1832,LIVE,NEW_DATA,4.0207,69.5757,46.2468
1833,LIVE,NEW_DATA,4.0260,69.5757,46.2468
1834,LIVE,NEW_DATA,4.0199,69.5757,46.2468
1835,LIVE,NEW_DATA,4.0192,69.5757,46.2468
1836,LIVE,NEW_DATA,4.0192,69.4802,46.5817
1837,LIVE,NEW_DATA,4.0184,69.4802,46.5817
1838,LIVE,NEW_DATA,4.0180,69.4802,46.5817
1839,LIVE,NEW_DATA,4.0180,69.4802,46.5817
1840,LIVE,NEW_DATA,4.0169,69.4196,46.4929
1841,LIVE,NEW_DATA,4.0146,69.4196,46.4929
1842,LIVE,NEW_DATA,4.0146,69.4196,46.4929
1843,LIVE,NEW_DATA,4.0146,69.4196,46.4929
1844,LIVE,NEW_DATA,4.0203,69.4196,46.4929
1845,LIVE,NEW_DATA,4.0237,69.5470,46.7353
1846,LIVE,NEW_DATA,4.0237,69.5470,46.7353
1847,LIVE,NEW_DATA,4.0283,69.5470,46.7353
1848,LIVE,NEW_DATA,4.0264,69.5470,46.7353
1849,LIVE,NEW_DATA,4.0298,69.5470,46.7353
1850,LIVE,NEW_DATA,4.0314,69.6024,46.7843
1851,LIVE,NEW_DATA,4.0298,69.6024,46.7843
1852,LIVE,NEW_DATA,4.0298,69.6024,46.7843
1853,LIVE,NEW_DATA,4.0291,69.6024,46.7843
1854,LIVE,NEW_DATA,4.0298,69.6024,46.7843
1855,LIVE,NEW_DATA,4.0306,69.7490,46.5980
1856,LIVE,NEW_DATA,4.0298,69.7490,46.5980
1857,LIVE,NEW_DATA,4.0306,69.7490,46.5980
1858,LIVE,NEW_DATA,4.0298,69.7490,46.5980
1859,LIVE,NEW_DATA,4.0298,69.7490,46.5980
1860,LIVE,NEW_DATA,4.0298,69.7490,46.5980
1861,LIVE,NEW_DATA,4.0283,69.7490,46.5980
1862,LIVE,NEW_DATA,4.0272,69.7490,46.5980
1863,LIVE,NEW_DATA,4.0260,69.7490,46.5980
1864,LIVE,NEW_DATA,4.0283,69.7490,46.5980
1865,LIVE,NEW_DATA,4.0260,69.9221,46.4228
1866,LIVE,NEW_DATA,4.0268,69.9221,46.4228
1867,LIVE,NEW_DATA,4.0260,69.9221,46.4228
1868,LIVE,NEW_DATA,4.0257,69.9221,46.4228
1869,LIVE,NEW_DATA,4.0260,69.9221,46.4228
1870,LIVE,NEW_DATA,4.0257,70.2828,46.1867
1871,LIVE,NEW_DATA,4.0268,70.2828,46.1867
1872,LIVE,NEW_DATA,4.0268,70.2828,46.1867
1873,LIVE,NEW_DATA,4.0268,70.2828,46.1867
1874,LIVE,NEW_DATA,4.0298,70.2828,46.1867
1875,LIVE,NEW_DATA,4.0268,70.2828,46.5202
1876,LIVE,NEW_DATA,4.0283,70.2828,46.5202
1877,LIVE,NEW_DATA,4.0253,70.2828,46.5202
1878,LIVE,NEW_DATA,4.0253,70.2828,46.5202
1879,LIVE,NEW_DATA,4.0245,70.2828,46.5202
1880,LIVE,NEW_DATA,4.0215,70.5620,46.2742
1881,LIVE,NEW_DATA,4.0199,70.5620,46.2742
1882,LIVE,NEW_DATA,4.0211,70.5620,46.2742
1883,LIVE,NEW_DATA,4.0211,70.5620,46.2742
1884,LIVE,NEW_DATA,4.0207,70.5620,46.2742
1885,LIVE,NEW_DATA,4.0207,70.5620,46.2742
1886,LIVE,NEW_DATA,4.0192,70.5620,46.2742
1887,LIVE,NEW_DATA,4.0176,70.5620,46.2742
1888,LIVE,NEW_DATA,4.0215,70.5620,46.2742
1889,LIVE,NEW_DATA,4.0161,70.5620,46.2742
1890,LIVE,NEW_DATA,4.0169,70.7746,46.0859
1891,LIVE,NEW_DATA,4.0161,70.7746,46.0859
1892,LIVE,NEW_DATA,4.0146,70.7746,46.0859
1893,LIVE,NEW_DATA,4.0161,70.7746,46.0859
1894,LIVE,NEW_DATA,4.0161,70.7746,46.0859
1895,LIVE,NEW_DATA,4.0142,70.9500,45.7595
1896,LIVE,NEW_DATA,4.0131,70.9500,45.7595
1897,LIVE,NEW_DATA,4.0134,70.9500,45.7595
1898,LIVE,NEW_DATA,4.0131,70.9500,45.7595
1899,LIVE,NEW_DATA,4.0100,70.9500,45.7595
1900,LIVE,NEW_DATA,4.0100,71.0650,45.8376
1901,LIVE,NEW_DATA,4.0119,71.0650,45.8376
1902,LIVE,NEW_DATA,4.0115,71.0650,45.8376
1903,LIVE,NEW_DATA,4.0104,71.0650,45.8376
1904,LIVE,NEW_DATA,4.0119,71.0650,45.8376
1905,LIVE,NEW_DATA,4.0176,71.2606,45.7902
1906,LIVE,NEW_DATA,4.0131,71.2606,45.7902
1907,LIVE,NEW_DATA,4.0131,71.2606,45.7902
1908,LIVE,NEW_DATA,4.0134,71.2606,45.7902
1909,LIVE,NEW_DATA,4.0119,71.2606,45.7902
1910,LIVE,NEW_DATA,4.0108,71.4421,45.6540
1911,LIVE,NEW_DATA,4.0131,71.4421,45.6540
1912,LIVE,NEW_DATA,4.0104,71.4421,45.6540
1913,LIVE,NEW_DATA,4.0131,71.4421,45.6540
1914,LIVE,NEW_DATA,4.0077,71.4421,45.6540
1915,LIVE,NEW_DATA,4.0070,71.4170,45.5044
1916,LIVE,NEW_DATA,4.0024,71.4170,45.5044
1917,LIVE,NEW_DATA,4.0016,71.4170,45.5044
1918,LIVE,NEW_DATA,4.0043,71.4170,45.5044
1919,LIVE,NEW_DATA,4.0047,71.4170,45.5044
1920,LIVE,NEW_DATA,4.0070,71.5602,45.2414
1921,LIVE,NEW_DATA,4.0058,71.5602,45.2414
1922,LIVE,NEW_DATA,4.0043,71.5602,45.2414
1923,LIVE,NEW_DATA,4.0070,71.5602,45.2414
1924,LIVE,NEW_DATA,4.0054,71.5602,45.2414
1925,LIVE,NEW_DATA,4.0054,71.6348,45.3675
1926,LIVE,NEW_DATA,4.0077,71.6348,45.3675
1927,LIVE,NEW_DATA,4.0070,71.6348,45.3675
1928,LIVE,NEW_DATA,4.0039,71.6348,45.3675
1929,LIVE,NEW_DATA,4.0047,71.6348,45.3675
1930,LIVE,NEW_DATA,4.0054,71.6348,45.3675
1931,LIVE,NEW_DATA,4.0039,71.6348,45.3675
1932,LIVE,NEW_DATA,3.9997,71.6348,45.3675
1933,LIVE,NEW_DATA,4.0009,71.6348,45.3675
1934,LIVE,NEW_DATA,3.9993,71.6348,45.3675
1935,LIVE,NEW_DATA,3.9997,71.6236,45.2690
1936,LIVE,NEW_DATA,3.9997,71.6236,45.2690
1937,LIVE,NEW_DATA,3.9978,71.6236,45.2690
1938,LIVE,NEW_DATA,3.9993,71.6236,45.2690
1939,LIVE,NEW_DATA,3.9978,71.6236,45.2690
1940,LIVE,NEW_DATA,4.0001,71.7911,45.3409
1941,LIVE,NEW_DATA,3.9989,71.7911,45.3409
1942,LIVE,NEW_DATA,3.9993,71.7911,45.3409
1943,LIVE,NEW_DATA,3.9997,71.7911,45.3409
1944,LIVE,NEW_DATA,3.9993,71.7911,45.3409
1945,LIVE,NEW_DATA,3.9993,71.8696,45.7868
1946,LIVE,NEW_DATA,3.9986,71.8696,45.7868
1947,LIVE,NEW_DATA,3.9997,71.8696,45.7868
1948,LIVE,NEW_DATA,3.9982,71.8696,45.7868
1949,LIVE,NEW_DATA,3.9993,71.8696,45.7868
1950,LIVE,NEW_DATA,3.9986,71.9442,44.9166
1951,LIVE,NEW_DATA,3.9986,71.9442,44.9166
1952,LIVE,NEW_DATA,3.9970,71.9442,44.9166
1953,LIVE,NEW_DATA,3.9970,71.9442,44.9166
1954,LIVE,NEW_DATA,3.9967,71.9442,44.9166
1955,LIVE,NEW_DATA,4.0009,71.9442,44.9166
1956,LIVE,NEW_DATA,3.9963,71.9442,44.9166
1957,LIVE,NEW_DATA,3.9948,71.9442,44.9166
1958,LIVE,NEW_DATA,3.9978,71.9442,44.9166
1959,LIVE,NEW_DATA,3.9989,71.9442,44.9166
1960,LIVE,NEW_DATA,3.9951,72.1409,44.6654
1961,LIVE,NEW_DATA,3.9963,72.1409,44.6654
1962,LIVE,NEW_DATA,3.9955,72.1409,44.6654
1963,LIVE,NEW_DATA,3.9986,72.1409,44.6654
1964,LIVE,NEW_DATA,3.9986,72.1409,44.6654
1965,LIVE,NEW_DATA,3.9963,72.1409,44.7295
1966,LIVE,NEW_DATA,3.9978,72.1409,44.7295
1967,LIVE,NEW_DATA,3.9982,72.1409,44.7295
1968,LIVE,NEW_DATA,3.9997,72.1409,44.7295
1969,LIVE,NEW_DATA,4.0009,72.1409,44.7295
1970,LIVE,NEW_DATA,4.0012,72.1509,46.1481
1971,LIVE,NEW_DATA,4.0024,72.1509,46.1481
1972,LIVE,NEW_DATA,4.0031,72.1509,46.1481
1973,LIVE,NEW_DATA,4.0031,72.1509,46.1481
1974,LIVE,NEW_DATA,4.0039,72.1509,46.1481
1975,LIVE,NEW_DATA,4.0043,72.1509,46.2311
1976,LIVE,NEW_DATA,4.0054,72.1509,46.2311
1977,LIVE,NEW_DATA,4.0062,72.1509,46.2311
1978,LIVE,NEW_DATA,4.0070,72.1509,46.2311
1979,LIVE,NEW_DATA,4.0073,72.0219,45.8997
1980,LIVE,NEW_DATA,4.0115,72.0219,45.8997
1981,LIVE,NEW_DATA,4.0077,72.0219,45.8997
1982,LIVE,NEW_DATA,4.0104,72.0219,45.8997
1983,LIVE,NEW_DATA,4.0115,72.0219,45.8997
1984,LIVE,NEW_DATA,4.0123,72.1117,46.0899
1985,LIVE,NEW_DATA,4.0119,72.1117,46.0899
1986,LIVE,NEW_DATA,4.0131,72.1117,46.0899
1987,LIVE,NEW_DATA,4.0131,72.1117,46.0899
1988,LIVE,NEW_DATA,4.0123,72.1117,46.0899
1989,LIVE,NEW_DATA,4.0146,72.0333,46.6369
1990,LIVE,NEW_DATA,4.0115,72.0333,46.6369
1991,LIVE,NEW_DATA,4.0131,72.0333,46.6369
1992,LIVE,NEW_DATA,4.0146,72.0333,46.6369
1993,LIVE,NEW_DATA,4.0150,72.0333,46.6369
1994,LIVE,NEW_DATA,4.0146,72.1316,46.3026
1995,LIVE,NEW_DATA,4.0154,72.1316,46.3026
1996,LIVE,NEW_DATA,4.0134,72.1316,46.3026
1997,LIVE,NEW_DATA,4.0176,72.1316,46.3026
1998,LIVE,NEW_DATA,4.0176,72.1316,46.3026
1999,LIVE,NEW_DATA,4.0165,72.1316,46.0741
2000,LIVE,NEW_DATA,4.0161,72.1316,46.0741
2001,LIVE,NEW_DATA,4.0169,72.1316,46.0741
2002,LIVE,NEW_DATA,4.0165,72.1316,46.0741
2003,LIVE,NEW_DATA,4.0176,72.1316,46.0741
2004,LIVE,NEW_DATA,4.0176,72.2492,45.9347
2005,LIVE,NEW_DATA,4.0146,72.2492,45.9347
2006,LIVE,NEW_DATA,4.0157,72.2492,45.9347
2007,LIVE,NEW_DATA,4.0161,72.2492,45.9347
2008,LIVE,NEW_DATA,4.0146,72.2492,45.9347
2009,LIVE,NEW_DATA,4.0154,72.4065,46.3950
2010,LIVE,NEW_DATA,4.0138,72.4065,46.3950
2011,LIVE,NEW_DATA,4.0115,72.4065,46.3950
2012,LIVE,NEW_DATA,4.0119,72.4065,46.3950
2013,LIVE,NEW_DATA,4.0146,72.4065,46.3950
2014,LIVE,NEW_DATA,4.0131,72.3588,46.6330
2015,LIVE,NEW_DATA,4.0131,72.3588,46.6330
2016,LIVE,NEW_DATA,4.0142,72.3588,46.6330
2017,LIVE,NEW_DATA,4.0146,72.3588,46.6330
2018,LIVE,NEW_DATA,4.0161,72.3588,46.6330
2019,LIVE,NEW_DATA,4.0146,72.4983,46.6680
2020,LIVE,NEW_DATA,4.0161,72.4983,46.6680
2021,LIVE,NEW_DATA,4.0230,72.4983,46.6680
2022,LIVE,NEW_DATA,4.0169,72.4983,46.6680
2023,LIVE,NEW_DATA,4.0161,72.4983,46.6680
2024,LIVE,NEW_DATA,4.0176,72.4983,46.6680
2025,LIVE,NEW_DATA,4.0180,72.4983,46.6680
2026,LIVE,NEW_DATA,4.0165,72.4983,46.6680
2027,LIVE,NEW_DATA,4.0176,72.4983,46.6680
2028,LIVE,NEW_DATA,4.0161,72.4983,46.6680
2029,LIVE,NEW_DATA,4.0161,72.6453,46.9775
2030,LIVE,NEW_DATA,4.0161,72.6453,46.9775
2031,LIVE,NEW_DATA,4.0165,72.6453,46.9775
2032,LIVE,NEW_DATA,4.0165,72.6453,46.9775
2033,LIVE,NEW_DATA,4.0154,72.6453,46.9775
2034,LIVE,NEW_DATA,4.0150,72.6453,46.0459
2035,LIVE,NEW_DATA,4.0146,72.6453,46.0459
2036,LIVE,NEW_DATA,4.0104,72.6453,46.0459
2037,LIVE,NEW_DATA,4.0176,72.6453,46.0459
2038,LIVE,NEW_DATA,4.0176,72.6453,46.0459
2039,LIVE,NEW_DATA,4.0146,72.4793,46.7145
2040,LIVE,NEW_DATA,4.0119,72.4793,46.7145
2041,LIVE,NEW_DATA,4.0131,72.4793,46.7145
2042,LIVE,NEW_DATA,4.0123,72.4793,46.7145
2043,LIVE,NEW_DATA,4.0131,72.4793,46.7145
2044,LIVE,NEW_DATA,4.0131,72.4907,44.9154
2045,LIVE,NEW_DATA,4.0131,72.4907,44.9154
2046,LIVE,NEW_DATA,4.0123,72.4907,44.9154
2047,LIVE,NEW_DATA,4.0146,72.4907,44.9154
2048,LIVE,NEW_DATA,4.0119,72.4907,44.9154
2049,LIVE,NEW_DATA,4.0142,72.4907,45.2404
2050,LIVE,NEW_DATA,4.0119,72.4907,45.2404
2051,LIVE,NEW_DATA,4.0119,72.4907,45.2404
2052,LIVE,NEW_DATA,4.0131,72.4907,45.2404
2053,LIVE,NEW_DATA,4.0131,72.4907,45.2404
2054,LIVE,NEW_DATA,4.0131,72.4531,45.0563
2055,LIVE,NEW_DATA,4.0119,72.4531,45.0563
2056,LIVE,NEW_DATA,4.0100,72.4531,45.0563
2057,LIVE,NEW_DATA,4.0108,72.4531,45.0563
2058,LIVE,NEW_DATA,4.0131,72.4531,45.0563
2059,LIVE,NEW_DATA,4.0119,72.4531,43.7363
2060,LIVE,NEW_DATA,4.0112,72.4531,43.7363
2061,LIVE,NEW_DATA,4.0092,72.4531,43.7363
2062,LIVE,NEW_DATA,4.0070,72.4531,43.7363
2063,LIVE,NEW_DATA,4.0054,72.4531,43.7363
2064,LIVE,NEW_DATA,4.0039,72.1846,45.9521
2065,LIVE,NEW_DATA,4.0092,72.1846,45.9521
2066,LIVE,NEW_DATA,4.0047,72.1846,45.9521
2067,LIVE,NEW_DATA,4.0047,72.1846,45.9521
2068,LIVE,NEW_DATA,4.0031,72.1846,45.9521
2069,LIVE,NEW_DATA,4.0070,72.1846,46.1455
2070,LIVE,NEW_DATA,4.0051,72.1846,46.1455
2071,LIVE,NEW_DATA,4.0054,72.1846,46.1455
2072,LIVE,NEW_DATA,4.0039,72.1846,46.1455
2073,LIVE,NEW_DATA,4.0047,72.1846,46.1455
2074,LIVE,NEW_DATA,4.0062,71.9448,45.8455
2075,LIVE,NEW_DATA,4.0054,71.9448,45.8455
2076,LIVE,NEW_DATA,4.0047,71.9448,45.8455
2077,LIVE,NEW_DATA,4.0070,71.9448,45.8455
2078,LIVE,NEW_DATA,4.0077,71.9448,45.8455
2079,LIVE,NEW_DATA,4.0096,71.8410,46.1774
2080,LIVE,NEW_DATA,4.0108,71.8410,46.1774
2081,LIVE,NEW_DATA,4.0100,71.8410,46.1774
2082,LIVE,NEW_DATA,4.0096,71.8410,46.1774
2083,LIVE,NEW_DATA,4.0115,71.8410,46.1774
2084,LIVE,NEW_DATA,4.0085,71.6931,46.1774
2085,LIVE,NEW_DATA,4.0100,71.6931,46.1774
2086,LIVE,NEW_DATA,4.0104,71.6931,46.1774
2087,LIVE,NEW_DATA,4.0096,71.6931,46.1774
2088,LIVE,NEW_DATA,4.0104,71.6931,46.1774
2089,LIVE,NEW_DATA,4.0092,71.6812,46.2351
2090,LIVE,NEW_DATA,4.0104,71.6812,46.2351
2091,LIVE,NEW_DATA,4.0108,71.6812,46.2351
2092,LIVE,NEW_DATA,4.0100,71.6812,46.2351
2093,LIVE,NEW_DATA,4.0108,71.6812,46.2351
2094,LIVE,NEW_DATA,4.0108,71.7491,46.5382
2095,LIVE,NEW_DATA,4.0108,71.7491,46.5382
2096,LIVE,NEW_DATA,4.0119,71.7491,46.5382
2097,LIVE,NEW_DATA,4.0089,71.7491,46.5382
2098,LIVE,NEW_DATA,4.0119,71.7491,46.5382
2099,LIVE,NEW_DATA,4.0131,71.7648,46.2625
2100,LIVE,NEW_DATA,4.0146,71.7648,46.2625
2101,LIVE,NEW_DATA,4.0100,71.7648,46.2625
2102,LIVE,NEW_DATA,4.0085,71.7648,46.2625
2103,LIVE,NEW_DATA,4.0096,71.7648,46.2625
2104,LIVE,NEW_DATA,4.0081,71.8589,45.2289
2105,LIVE,NEW_DATA,4.0070,71.8589,45.2289
2106,LIVE,NEW_DATA,4.0062,71.8589,45.2289
2107,LIVE,NEW_DATA,4.0047,71.8589,45.2289
2108,LIVE,NEW_DATA,4.0062,71.8589,45.2289
2109,LIVE,NEW_DATA,4.0054,71.8589,45.5562
2110,LIVE,NEW_DATA,4.0043,71.8589,45.5562
2111,LIVE,NEW_DATA,4.0043,71.8589,45.5562
2112,LIVE,NEW_DATA,4.0047,71.8589,45.5562
2113,LIVE,NEW_DATA,4.0051,71.8589,45.5562
2114,LIVE,NEW_DATA,4.0035,71.9830,45.2609
2115,LIVE,NEW_DATA,4.0047,71.9830,45.2609
2116,LIVE,NEW_DATA,4.0028,71.9830,45.2609
2117,LIVE,NEW_DATA,4.0039,71.9830,45.2609
2118,LIVE,NEW_DATA,4.0070,72.0238,44.7953
2119,LIVE,NEW_DATA,4.0070,72.0238,44.7953
2120,LIVE,NEW_DATA,4.0077,72.0238,44.7953
2121,LIVE,NEW_DATA,4.0077,72.0238,44.7953
2122,LIVE,NEW_DATA,4.0085,72.0238,44.7953
2123,LIVE,NEW_DATA,4.0085,72.0696,44.8750
2124,LIVE,NEW_DATA,4.0047,72.0696,44.8750
2125,LIVE,NEW_DATA,4.0070,72.0696,44.8750
2126,LIVE,NEW_DATA,4.0054,72.0696,44.8750
2127,LIVE,NEW_DATA,4.0047,72.0696,44.8750
2128,LIVE,NEW_DATA,4.0047,72.3273,45.0201
2129,LIVE,NEW_DATA,4.0054,72.3273,45.0201
2130,LIVE,NEW_DATA,4.0043,72.3273,45.0201
2131,LIVE,NEW_DATA,4.0070,72.3273,45.0201
2132,LIVE,NEW_DATA,4.0028,72.3273,45.0201
2133,LIVE,NEW_DATA,4.0047,72.3273,43.8623
2134,LIVE,NEW_DATA,4.0039,72.3273,43.8623
2135,LIVE,NEW_DATA,4.0054,72.3273,43.8623
2136,LIVE,NEW_DATA,4.0039,72.3273,43.8623
2137,LIVE,NEW_DATA,4.0024,72.3273,43.8623
2138,LIVE,NEW_DATA,4.0024,72.3644,43.8087
2139,LIVE,NEW_DATA,4.0001,72.3644,43.8087
2140,LIVE,NEW_DATA,4.0012,72.3644,43.8087
2141,LIVE,NEW_DATA,3.9997,72.3644,43.8087
2142,LIVE,NEW_DATA,3.9997,72.3644,43.8087
2143,LIVE,NEW_DATA,4.0005,72.3644,43.8623
2144,LIVE,NEW_DATA,4.0005,72.3644,43.8623
2145,LIVE,NEW_DATA,3.9993,72.3644,43.8623
2146,LIVE,NEW_DATA,3.9997,72.3644,43.8623
2147,LIVE,NEW_DATA,4.0001,72.3644,43.8623
2148,LIVE,NEW_DATA,3.9982,71.9776,43.8623
2149,LIVE,NEW_DATA,4.0024,71.9776,43.8623
2150,LIVE,NEW_DATA,4.0009,71.9776,43.8623
2151,LIVE,NEW_DATA,4.0016,71.9776,43.8623
2152,LIVE,NEW_DATA,4.0009,71.9776,43.8623
2153,LIVE,NEW_DATA,4.0012,71.9157,44.1884
2154,LIVE,NEW_DATA,4.0001,71.9157,44.1884
2155,LIVE,NEW_DATA,3.9986,71.9157,44.1884
2156,LIVE,NEW_DATA,3.9993,71.9157,44.1884
2157,LIVE,NEW_DATA,3.9986,71.9157,44.1884
2158,LIVE,NEW_DATA,3.9993,71.5566,43.8664
2159,LIVE,NEW_DATA,4.0009,71.5566,43.8664
2160,LIVE,NEW_DATA,3.9986,71.5566,43.8664
2161,LIVE,NEW_DATA,3.9993,71.5566,43.8664
2162,LIVE,NEW_DATA,3.9986,71.5566,43.8664
2163,LIVE,NEW_DATA,3.9986,71.4132,43.6788
2164,LIVE,NEW_DATA,3.9978,71.4132,43.6788
2165,LIVE,NEW_DATA,3.9955,71.4132,43.6788
2166,LIVE,NEW_DATA,3.9951,71.4132,43.6788
2167,LIVE,NEW_DATA,3.9955,71.4132,43.6788
2168,LIVE,NEW_DATA,3.9951,71.0794,44.8588
2169,LIVE,NEW_DATA,3.9955,71.0794,44.8588
2170,LIVE,NEW_DATA,3.9948,71.0794,44.8588
2171,LIVE,NEW_DATA,3.9955,71.0794,44.8588
2172,LIVE,NEW_DATA,3.9940,71.0794,44.8588
2173,LIVE,NEW_DATA,3.9948,71.0794,44.8588
2174,LIVE,NEW_DATA,3.9932,71.0794,44.8588
2175,LIVE,NEW_DATA,3.9948,71.0794,44.8588
2176,LIVE,NEW_DATA,3.9963,71.0794,44.8588
2177,LIVE,NEW_DATA,3.9948,71.0794,44.8588
2178,LIVE,NEW_DATA,3.9993,70.6212,45.1573
2179,LIVE,NEW_DATA,3.9925,70.6212,45.1573
2180,LIVE,NEW_DATA,3.9951,70.6212,45.1573
2181,LIVE,NEW_DATA,3.9940,70.6212,45.1573
2182,LIVE,NEW_DATA,3.9940,70.6212,45.1573
2183,LIVE,NEW_DATA,3.9948,70.6212,45.1573
2184,LIVE,NEW_DATA,3.9951,70.6212,45.1573
2185,LIVE,NEW_DATA,3.9948,70.6212,45.1573
2186,LIVE,NEW_DATA,3.9932,70.6212,45.1573
2187,LIVE,NEW_DATA,3.9948,70.6212,45.1573
2188,LIVE,NEW_DATA,3.9936,70.2261,44.9959
2189,LIVE,NEW_DATA,3.9925,70.2261,44.9959
2190,LIVE,NEW_DATA,3.9917,70.2261,44.9959
2191,LIVE,NEW_DATA,3.9879,70.2261,44.9959
2192,LIVE,NEW_DATA,3.9886,70.2261,44.9959
2193,LIVE,NEW_DATA,3.9902,69.9290,45.2526
2194,LIVE,NEW_DATA,3.9883,69.9290,45.2526
2195,LIVE,NEW_DATA,3.9894,69.9290,45.2526
2196,LIVE,NEW_DATA,3.9890,69.9290,45.2526
2197,LIVE,NEW_DATA,3.9894,69.9290,45.2526
2198,LIVE,NEW_DATA,3.9902,69.9290,45.5522
2199,LIVE,NEW_DATA,3.9886,69.9290,45.5522
2200,LIVE,NEW_DATA,3.9902,69.9290,45.5522
2201,LIVE,NEW_DATA,3.9906,69.9290,45.5522
2202,LIVE,NEW_DATA,3.9894,69.9290,45.5522
2203,LIVE,NEW_DATA,3.9902,69.8505,45.6207
2204,LIVE,NEW_DATA,3.9886,69.8505,45.6207
2205,LIVE,NEW_DATA,3.9906,69.8505,45.6207
2206,LIVE,NEW_DATA,3.9909,69.8505,45.6207
2207,LIVE,NEW_DATA,3.9917,69.8505,45.6207
2208,LIVE,NEW_DATA,3.9917,69.6513,45.5522
2209,LIVE,NEW_DATA,3.9917,69.6513,45.5522
2210,LIVE,NEW_DATA,3.9917,69.6513,45.5522
2211,LIVE,NEW_DATA,3.9890,69.6513,45.5522
2212,LIVE,NEW_DATA,3.9906,69.6513,45.5522
2213,LIVE,NEW_DATA,3.9959,69.6914,45.5317
2214,LIVE,NEW_DATA,3.9909,69.6914,45.5317
2215,LIVE,NEW_DATA,3.9917,69.6914,45.5317
2216,LIVE,NEW_DATA,3.9921,69.6914,45.5317
2217,LIVE,NEW_DATA,3.9902,69.6914,45.5317
2218,LIVE,NEW_DATA,3.9871,69.6147,45.1957
2219,LIVE,NEW_DATA,3.9848,69.6147,45.1957
2220,LIVE,NEW_DATA,3.9848,69.6147,45.1957
2221,LIVE,NEW_DATA,3.9841,69.6147,45.1957
2222,LIVE,NEW_DATA,3.9841,69.6147,45.1957
2223,LIVE,NEW_DATA,3.9825,69.6460,45.4291
2224,LIVE,NEW_DATA,3.9776,69.6460,45.4291
2225,LIVE,NEW_DATA,3.9810,69.6460,45.4291
2226,LIVE,NEW_DATA,3.9833,69.6460,45.4291
2227,LIVE,NEW_DATA,3.9856,69.6460,45.4291
2228,LIVE,NEW_DATA,3.9848,69.6147,45.2404
2229,LIVE,NEW_DATA,3.9848,69.6147,45.2404
2230,LIVE,NEW_DATA,3.9883,69.6147,45.2404
2231,LIVE,NEW_DATA,3.9856,69.6147,45.2404
2232,LIVE,NEW_DATA,3.9860,69.6147,45.2404
2233,LIVE,NEW_DATA,3.9886,69.4656,45.3140
2234,LIVE,NEW_DATA,3.9860,69.4656,45.3140
2235,LIVE,NEW_DATA,3.9860,69.4656,45.3140
2236,LIVE,NEW_DATA,3.9856,69.4656,45.3140
2237,LIVE,NEW_DATA,3.9890,69.4656,45.3140
2238,LIVE,NEW_DATA,3.9871,69.4748,44.6504
2239,LIVE,NEW_DATA,3.9845,69.4748,44.6504
2240,LIVE,NEW_DATA,3.9848,69.4748,44.6504
2241,LIVE,NEW_DATA,3.9871,69.4748,44.6504
2242,LIVE,NEW_DATA,3.9856,69.4748,44.6504
2243,LIVE,NEW_DATA,3.9856,69.3491,44.6504
2244,LIVE,NEW_DATA,3.9848,69.3491,44.6504
2245,LIVE,NEW_DATA,3.9829,69.3491,44.6504
2246,LIVE,NEW_DATA,3.9814,69.3491,44.6504
2247,LIVE,NEW_DATA,3.9803,69.3491,44.6504
2248,LIVE,NEW_DATA,3.9825,69.0868,44.8671
2249,LIVE,NEW_DATA,3.9787,69.0868,44.8671
2250,LIVE,NEW_DATA,3.9795,69.0868,44.8671
2251,LIVE,NEW_DATA,3.9787,69.0868,44.8671
2252,LIVE,NEW_DATA,3.9803,69.0868,44.8671
2253,LIVE,NEW_DATA,3.9787,69.0868,44.8671
2254,LIVE,NEW_DATA,3.9780,69.0868,44.8671
2255,LIVE,NEW_DATA,3.9810,69.0868,44.8671
2256,LIVE,NEW_DATA,3.9783,69.0868,44.8671
2257,LIVE,NEW_DATA,3.9795,69.0349,44.8297
2258,LIVE,NEW_DATA,3.9795,69.0349,44.8297
2259,LIVE,NEW_DATA,3.9783,69.0349,44.8297
2260,LIVE,NEW_DATA,3.9780,69.0349,44.8297
2261,LIVE,NEW_DATA,3.9787,69.0349,44.8297
2262,LIVE,NEW_DATA,3.9810,68.9021,44.5649
2263,LIVE,NEW_DATA,3.9795,68.9021,44.5649
2264,LIVE,NEW_DATA,3.9810,68.9021,44.5649
2265,LIVE,NEW_DATA,3.9825,68.9021,44.5649
2266,LIVE,NEW_DATA,3.9814,68.9021,44.5649
2267,LIVE,NEW_DATA,3.9810,69.0243,44.1884
2268,LIVE,NEW_DATA,3.9810,69.0243,44.1884
2269,LIVE,NEW_DATA,3.9810,69.0243,44.1884
2270,LIVE,NEW_DATA,3.9818,69.0243,44.1884
2271,LIVE,NEW_DATA,3.9810,69.0243,44.1884
2272,LIVE,NEW_DATA,3.9810,68.9552,44.0129
2273,LIVE,NEW_DATA,3.9803,68.9552,44.0129
2274,LIVE,NEW_DATA,3.9803,68.9552,44.0129
2275,LIVE,NEW_DATA,3.9799,68.9552,44.0129
2276,LIVE,NEW_DATA,3.9768,68.9552,44.0129
2277,LIVE,NEW_DATA,3.9814,68.9425,44.3359
2278,LIVE,NEW_DATA,3.9795,68.9425,44.3359
2279,LIVE,NEW_DATA,3.9810,68.9425,44.3359
2280,LIVE,NEW_DATA,3.9787,68.9425,44.3359
2281,LIVE,NEW_DATA,3.9764,68.9425,44.3359
2282,LIVE,NEW_DATA,3.9780,69.0539,45.0083
2283,LIVE,NEW_DATA,3.9787,69.0539,45.0083
2284,LIVE,NEW_DATA,3.9902,69.0539,45.0083
2285,LIVE,NEW_DATA,3.9845,69.0539,45.0083
2286,LIVE,NEW_DATA,3.9764,69.0539,45.0083
2287,LIVE,NEW_DATA,3.9780,69.0442,45.0083
2288,LIVE,NEW_DATA,3.9757,69.0442,45.0083
2289,LIVE,NEW_DATA,3.9810,69.0442,45.0083
2290,LIVE,NEW_DATA,3.9856,69.0442,45.0083
2291,LIVE,NEW_DATA,3.9825,69.0442,45.0083
2292,LIVE,NEW_DATA,3.9864,68.9803,45.0083
2293,LIVE,NEW_DATA,3.9696,68.9803,45.0083
2294,LIVE,NEW_DATA,3.9749,68.9803,45.0083
2295,LIVE,NEW_DATA,3.9780,68.9803,45.0083
2296,LIVE,NEW_DATA,3.9833,68.9803,45.0083
2297,LIVE,NEW_DATA,3.9810,69.0037,44.6802
2298,LIVE,NEW_DATA,3.9833,69.0037,44.6802
2299,LIVE,NEW_DATA,3.9875,69.0037,44.6802
2300,LIVE,NEW_DATA,3.9795,69.0037,44.6802
2301,LIVE,NEW_DATA,3.9787,69.0037,44.6802
2302,LIVE,NEW_DATA,3.9764,68.7342,44.1926
2303,LIVE,NEW_DATA,3.9787,68.7342,44.1926
2304,LIVE,NEW_DATA,3.9791,68.7342,44.1926
2305,LIVE,NEW_DATA,3.9799,68.7342,44.1926
2306,LIVE,NEW_DATA,3.9783,68.7342,44.1926
2307,LIVE,NEW_DATA,3.9772,68.5497,43.8706
2308,LIVE,NEW_DATA,3.9780,68.5497,43.8706
2309,LIVE,NEW_DATA,3.9795,68.5497,43.8706
2310,LIVE,NEW_DATA,3.9772,68.5497,43.8706
2311,LIVE,NEW_DATA,3.9795,68.5497,43.8706
2312,LIVE,NEW_DATA,3.9799,68.5497,43.9258
2313,LIVE,NEW_DATA,3.9780,68.5497,43.9258
2314,LIVE,NEW_DATA,3.9795,68.5497,43.9258
2315,LIVE,NEW_DATA,3.9799,68.5497,43.9258
2316,LIVE,NEW_DATA,3.9799,68.5497,43.9258
2317,LIVE,NEW_DATA,3.9783,68.6023,43.7556
2318,LIVE,NEW_DATA,3.9787,68.6023,43.7556
2319,LIVE,NEW_DATA,3.9780,68.6023,43.7556
2320,LIVE,NEW_DATA,3.9795,68.6023,43.7556
2321,LIVE,NEW_DATA,3.9806,68.6023,43.7556
2322,LIVE,NEW_DATA,3.9803,68.6133,43.8539
2323,LIVE,NEW_DATA,3.9795,68.6133,43.8539
2324,LIVE,NEW_DATA,3.9799,68.6133,43.8539
2325,LIVE,NEW_DATA,3.9776,68.6133,43.8539
2326,LIVE,NEW_DATA,3.9825,68.6133,43.8539
2327,LIVE,NEW_DATA,3.9780,68.7160,43.5676
2328,LIVE,NEW_DATA,3.9780,68.7160,43.5676
2329,LIVE,NEW_DATA,3.9764,68.7160,43.5676
2330,LIVE,NEW_DATA,3.9780,68.7160,43.5676
2331,LIVE,NEW_DATA,3.9780,68.7160,43.5676
2332,LIVE,NEW_DATA,3.9738,68.6560,43.3988
2333,LIVE,NEW_DATA,3.9734,68.6560,43.3988
2334,LIVE,NEW_DATA,3.9719,68.6560,43.3988
2335,LIVE,NEW_DATA,3.9780,68.6560,43.3988
2336,LIVE,NEW_DATA,3.9719,68.6560,43.3988
2337,LIVE,NEW_DATA,3.9726,68.6343,43.6147
2338,LIVE,NEW_DATA,3.9726,68.6343,43.6147
2339,LIVE,NEW_DATA,3.9745,68.6343,43.6147
2340,LIVE,NEW_DATA,3.9742,68.6343,43.6147
2341,LIVE,NEW_DATA,3.9734,68.6343,43.6147
2342,LIVE,NEW_DATA,3.9734,68.4998,43.2021
2343,LIVE,NEW_DATA,3.9734,68.4998,43.2021
2344,LIVE,NEW_DATA,3.9734,68.4998,43.2021
2345,LIVE,NEW_DATA,3.9703,68.4998,43.2021
2346,LIVE,NEW_DATA,3.9726,68.4998,43.2021
2347,LIVE,NEW_DATA,3.9726,68.4998,43.2021
2348,LIVE,NEW_DATA,3.9749,68.4998,43.2021
2349,LIVE,NEW_DATA,3.9757,68.4998,43.2021
2350,LIVE,NEW_DATA,3.9738,68.4998,43.2021
2351,LIVE,NEW_DATA,3.9749,68.4998,43.2021
2352,LIVE,NEW_DATA,3.9753,68.7329,43.3745
2353,LIVE,NEW_DATA,3.9734,68.7329,43.3745
2354,LIVE,NEW_DATA,3.9742,68.7329,43.3745
2355,LIVE,NEW_DATA,3.9719,68.7329,43.3745
2356,LIVE,NEW_DATA,3.9738,68.7329,43.3745
2357,LIVE,NEW_DATA,3.9719,68.8504,43.2078
2358,LIVE,NEW_DATA,3.9742,68.8504,43.2078
2359,LIVE,NEW_DATA,3.9742,68.8504,43.2078
2360,LIVE,NEW_DATA,3.9749,68.8504,43.2078
2361,LIVE,NEW_DATA,3.9734,68.8504,43.2078
2362,LIVE,NEW_DATA,3.9700,69.0129,43.5290
2363,LIVE,NEW_DATA,3.9696,69.0129,43.5290
2364,LIVE,NEW_DATA,3.9711,69.0129,43.5290
2365,LIVE,NEW_DATA,3.9711,69.0129,43.5290
2366,LIVE,NEW_DATA,3.9680,69.0129,43.5290
2367,LIVE,NEW_DATA,3.9696,69.0473,43.3607
2368,LIVE,NEW_DATA,3.9680,69.0473,43.3607
2369,LIVE,NEW_DATA,3.9742,69.0473,43.3607
2370,LIVE,NEW_DATA,3.9688,69.0473,43.3607
2371,LIVE,NEW_DATA,3.9711,69.0473,43.3607
2372,LIVE,NEW_DATA,3.9719,69.1192,43.4089
2373,LIVE,NEW_DATA,3.9719,69.1192,43.4089
2374,LIVE,NEW_DATA,3.9719,69.1192,43.4089
2375,LIVE,NEW_DATA,3.9703,69.1192,43.4089
2376,LIVE,NEW_DATA,3.9719,69.1192,43.4089
2377,LIVE,NEW_DATA,3.9696,69.1385,42.9813
2378,LIVE,NEW_DATA,3.9711,69.1385,42.9813
2379,LIVE,NEW_DATA,3.9700,69.1385,42.9813
2380,LIVE,NEW_DATA,3.9703,69.1385,42.9813
2381,LIVE,NEW_DATA,3.9711,69.1385,42.9813
2382,LIVE,NEW_DATA,3.9703,69.0944,42.9813
2383,LIVE,NEW_DATA,3.9684,69.0944,42.9813
2384,LIVE,NEW_DATA,3.9696,69.0944,42.9813
2385,LIVE,NEW_DATA,3.9703,69.0944,42.9813
2386,LIVE,NEW_DATA,3.9734,69.0944,42.9813
2387,LIVE,NEW_DATA,3.9673,69.0305,42.9161
2388,LIVE,NEW_DATA,3.9673,69.0305,42.9161
2389,LIVE,NEW_DATA,3.9661,69.0305,42.9161
2390,LIVE,NEW_DATA,3.9688,69.0305,42.9161
2391,LIVE,NEW_DATA,3.9665,69.2621,43.4561
2392,LIVE,NEW_DATA,3.9658,69.2621,43.4561
2393,LIVE,NEW_DATA,3.9650,69.2621,43.4561
2394,LIVE,NEW_DATA,3.9680,69.2621,43.4561
2395,LIVE,NEW_DATA,3.9665,69.2621,43.4561
2396,LIVE,NEW_DATA,3.9650,69.0305,43.4561
2397,LIVE,NEW_DATA,3.9661,69.0305,43.4561
2398,LIVE,NEW_DATA,3.9658,69.0305,43.4561
2399,LIVE,NEW_DATA,3.9673,69.0305,43.4561
2400,LIVE,NEW_DATA,3.9642,69.0305,43.4561
2401,LIVE,NEW_DATA,3.9658,68.8585,43.7982
2402,LIVE,NEW_DATA,3.9703,68.8585,43.7982
2403,LIVE,NEW_DATA,3.9658,68.8585,43.7982
2404,LIVE,NEW_DATA,3.9673,68.8585,43.7982
2405,LIVE,NEW_DATA,3.9673,68.8585,43.7982
2406,LIVE,NEW_DATA,3.9673,68.9723,43.4750
2407,LIVE,NEW_DATA,3.9665,68.9723,43.4750
2408,LIVE,NEW_DATA,3.9650,68.9723,43.4750
2409,LIVE,NEW_DATA,3.9642,68.9723,43.4750
2410,LIVE,NEW_DATA,3.9711,68.9723,43.4750
2411,LIVE,NEW_DATA,3.9619,68.8316,43.5247
2412,LIVE,NEW_DATA,3.9658,68.8316,43.5247
2413,LIVE,NEW_DATA,3.9627,68.8316,43.5247
2414,LIVE,NEW_DATA,3.9658,68.8316,43.5247
2415,LIVE,NEW_DATA,3.9619,68.8316,43.5247
2416,LIVE,NEW_DATA,3.9642,68.8957,43.3185
2417,LIVE,NEW_DATA,3.9619,68.8957,43.3185
2418,LIVE,NEW_DATA,3.9642,68.8957,43.3185
2419,LIVE,NEW_DATA,3.9612,68.8957,43.3185
2420,LIVE,NEW_DATA,3.9631,68.6677,43.3185
2421,LIVE,NEW_DATA,3.9627,68.6677,43.3185
2422,LIVE,NEW_DATA,3.9661,68.6677,43.3185
2423,LIVE,NEW_DATA,3.9612,68.6677,43.3185
2424,LIVE,NEW_DATA,3.9654,68.6677,43.3185
2425,LIVE,NEW_DATA,3.9665,68.7363,43.2366
2426,LIVE,NEW_DATA,3.9658,68.7363,43.2366
2427,LIVE,NEW_DATA,3.9627,68.7363,43.2366
2428,LIVE,NEW_DATA,3.9658,68.7363,43.2366
2429,LIVE,NEW_DATA,3.9612,68.8409,43.0714
2430,LIVE,NEW_DATA,3.9658,68.8409,43.0714
2431,LIVE,NEW_DATA,3.9612,68.8409,43.0714
2432,LIVE,NEW_DATA,3.9646,68.8409,43.0714
2433,LIVE,NEW_DATA,3.9635,68.8409,43.0714
2434,LIVE,NEW_DATA,3.9642,69.1188,43.3228
2435,LIVE,NEW_DATA,3.9627,69.1188,43.3228
2436,LIVE,NEW_DATA,3.9646,69.1188,43.3228
2437,LIVE,NEW_DATA,3.9646,69.1188,43.3228
2438,LIVE,NEW_DATA,3.9642,69.1188,43.3228
2439,LIVE,NEW_DATA,3.9650,69.1745,43.0415
2440,LIVE,NEW_DATA,3.9627,69.1745,43.0415
2441,LIVE,NEW_DATA,3.9627,69.1745,43.0415
2442,LIVE,NEW_DATA,3.9642,69.1745,43.0415
2443,LIVE,NEW_DATA,3.9627,69.4717,43.3443
2444,LIVE,NEW_DATA,3.9642,69.4717,43.3443
2445,LIVE,NEW_DATA,3.9635,69.4717,43.3443
2446,LIVE,NEW_DATA,3.9616,69.4717,43.3443
2447,LIVE,NEW_DATA,3.9635,69.4717,43.3443
2448,LIVE,NEW_DATA,3.9642,69.5047,43.2409
2449,LIVE,NEW_DATA,3.9650,69.5047,43.2409
2450,LIVE,NEW_DATA,3.9650,69.5047,43.2409
2451,LIVE,NEW_DATA,3.9642,69.5047,43.2409
2452,LIVE,NEW_DATA,3.9612,69.7818,43.3479
2453,LIVE,NEW_DATA,3.9642,69.7818,43.3479
2454,LIVE,NEW_DATA,3.9612,69.7818,43.3479
2455,LIVE,NEW_DATA,3.9642,69.7818,43.3479
2456,LIVE,NEW_DATA,3.9585,69.7818,43.3479
2457,LIVE,NEW_DATA,3.9627,69.7818,43.6660
2458,LIVE,NEW_DATA,3.9627,69.7818,43.6660
2459,LIVE,NEW_DATA,3.9631,69.7818,43.6660
2460,LIVE,NEW_DATA,3.9627,69.7818,43.6660
2461,LIVE,NEW_DATA,3.9589,70.1689,43.6617
2462,LIVE,NEW_DATA,3.9627,70.1689,43.6617
2463,LIVE,NEW_DATA,3.9597,70.1689,43.6617
2464,LIVE,NEW_DATA,3.9631,70.1689,43.6617
2465,LIVE,NEW_DATA,3.9612,70.1689,43.6617
2466,LIVE,NEW_DATA,3.9627,70.1689,43.6617
2467,LIVE,NEW_DATA,3.9612,70.1689,43.6617
2468,LIVE,NEW_DATA,3.9627,70.1689,43.6617
2469,LIVE,NEW_DATA,3.9612,70.1689,43.6617
2470,LIVE,NEW_DATA,3.9619,70.1689,43.6617
2471,LIVE,NEW_DATA,3.9604,70.4806,43.6745
2472,LIVE,NEW_DATA,3.9589,70.4806,43.6745
2473,LIVE,NEW_DATA,3.9612,70.4806,43.6745
2474,LIVE,NEW_DATA,3.9581,70.4806,43.6745
2475,LIVE,NEW_DATA,3.9619,70.6927,43.6227
2476,LIVE,NEW_DATA,3.9562,70.6927,43.6227
2477,LIVE,NEW_DATA,3.9627,70.6927,43.6227
2478,LIVE,NEW_DATA,3.9574,70.6927,43.6227
2479,LIVE,NEW_DATA,3.9616,70.6927,43.6227
2480,LIVE,NEW_DATA,3.9597,70.7779,43.9301
2481,LIVE,NEW_DATA,3.9612,70.7779,43.9301
2482,LIVE,NEW_DATA,3.9593,70.7779,43.9301
2483,LIVE,NEW_DATA,3.9597,70.7779,43.9301
2484,LIVE,NEW_DATA,3.9581,70.8430,43.9937
2485,LIVE,NEW_DATA,3.9604,70.8430,43.9937
2486,LIVE,NEW_DATA,3.9558,70.8430,43.9937
2487,LIVE,NEW_DATA,3.9604,70.8430,43.9937
2488,LIVE,NEW_DATA,3.9566,70.8430,43.9937
2489,LIVE,NEW_DATA,3.9597,70.8969,43.7069
2490,LIVE,NEW_DATA,3.9551,70.8969,43.7069
2491,LIVE,NEW_DATA,3.9589,70.8969,43.7069
2492,LIVE,NEW_DATA,3.9635,70.8969,43.7069
2493,LIVE,NEW_DATA,3.9581,70.8936,43.9640
2494,LIVE,NEW_DATA,3.9574,70.8936,43.9640
2495,LIVE,NEW_DATA,3.9570,70.8936,43.9640
2496,LIVE,NEW_DATA,3.9581,70.8936,43.9640
2497,LIVE,NEW_DATA,3.9581,70.8936,43.9640
2498,LIVE,NEW_DATA,3.9581,70.9335,43.8153
2499,LIVE,NEW_DATA,3.9539,70.9335,43.8153
2500,LIVE,NEW_DATA,3.9543,70.9335,43.8153
2501,LIVE,NEW_DATA,3.9551,70.9335,43.8153
2502,LIVE,NEW_DATA,3.9585,70.9335,43.8153
2503,LIVE,NEW_DATA,3.9570,70.9313,43.8153
2504,LIVE,NEW_DATA,3.9577,70.9313,43.8153
2505,LIVE,NEW_DATA,3.9539,70.9313,43.8153
2506,LIVE,NEW_DATA,3.9612,70.9313,43.8153
2507,LIVE,NEW_DATA,3.9589,71.1341,43.4089
2508,LIVE,NEW_DATA,3.9566,71.1341,43.4089
2509,LIVE,NEW_DATA,3.9581,71.1341,43.4089
2510,LIVE,NEW_DATA,3.9574,71.1341,43.4089
2511,LIVE,NEW_DATA,3.9589,71.1341,43.4089
2512,LIVE,NEW_DATA,3.9566,71.3421,42.7157
2513,LIVE,NEW_DATA,3.9597,71.3421,42.7157
2514,LIVE,NEW_DATA,3.9600,71.3421,42.7157
2515,LIVE,NEW_DATA,3.9589,71.3421,42.7157
2516,LIVE,NEW_DATA,3.9558,71.3883,42.7157
2517,LIVE,NEW_DATA,3.9597,71.3883,42.7157
2518,LIVE,NEW_DATA,3.9543,71.3883,42.7157
2519,LIVE,NEW_DATA,3.9600,71.3883,42.7157
2520,LIVE,NEW_DATA,3.9581,71.3883,42.7157
2521,LIVE,NEW_DATA,3.9566,71.4915,42.9117
2522,LIVE,NEW_DATA,3.9536,71.4915,42.9117
2523,LIVE,NEW_DATA,3.9558,71.4915,42.9117
2524,LIVE,NEW_DATA,3.9574,71.4915,42.9117
2525,LIVE,NEW_DATA,3.9566,71.7142,42.7501
2526,LIVE,NEW_DATA,3.9536,71.7142,42.7501
2527,LIVE,NEW_DATA,3.9574,71.7142,42.7501
2528,LIVE,NEW_DATA,3.9509,71.7142,42.7501
2529,LIVE,NEW_DATA,3.9574,71.7142,42.7501
2530,LIVE,NEW_DATA,3.9551,71.7142,43.0636
2531,LIVE,NEW_DATA,3.9566,71.7142,43.0636
2532,LIVE,NEW_DATA,3.9524,71.7142,43.0636
2533,LIVE,NEW_DATA,3.9566,71.7142,43.0636
2534,LIVE,NEW_DATA,3.9551,71.8924,41.3305
2535,LIVE,NEW_DATA,3.9543,71.8924,41.3305
2536,LIVE,NEW_DATA,3.9539,71.8924,41.3305
2537,LIVE,NEW_DATA,3.9555,71.8924,41.3305
2538,LIVE,NEW_DATA,3.9509,71.8924,41.3305
2539,LIVE,NEW_DATA,3.9543,71.8924,41.3305
2540,LIVE,NEW_DATA,3.9551,71.8924,41.3305
2541,LIVE,NEW_DATA,3.9536,71.8924,41.3305
2542,LIVE,NEW_DATA,3.9532,71.8924,41.3305
2543,LIVE,NEW_DATA,3.9536,71.8924,41.3305
2544,LIVE,NEW_DATA,3.9536,72.0665,41.3711
2545,LIVE,NEW_DATA,3.9543,72.0665,41.3711
2546,LIVE,NEW_DATA,3.9539,72.0665,41.3711
2547,LIVE,NEW_DATA,3.9539,72.0665,41.3711
2548,LIVE,NEW_DATA,3.9536,72.2916,41.4268
2549,LIVE,NEW_DATA,3.9539,72.2916,41.4268
2550,LIVE,NEW_DATA,3.9555,72.2916,41.4268
2551,LIVE,NEW_DATA,3.9524,72.2916,41.4268
2552,LIVE,NEW_DATA,3.9520,72.2916,41.4268
2553,LIVE,NEW_DATA,3.9524,72.2916,41.0860
2554,LIVE,NEW_DATA,3.9513,72.2916,41.0860
2555,LIVE,NEW_DATA,3.9536,72.2916,41.0860
2556,LIVE,NEW_DATA,3.9516,72.2916,41.0860
2557,LIVE,NEW_DATA,3.9520,72.2544,41.0030
2558,LIVE,NEW_DATA,3.9528,72.2544,41.0030
2559,LIVE,NEW_DATA,3.9520,72.2544,41.0030
2560,LIVE,NEW_DATA,3.9536,72.2544,41.0030
2561,LIVE,NEW_DATA,3.9520,72.2544,41.0030
2562,LIVE,NEW_DATA,3.9528,72.2544,41.3079
2563,LIVE,NEW_DATA,3.9505,72.2544,41.3079
2564,LIVE,NEW_DATA,3.9505,72.2544,41.3079
2565,LIVE,NEW_DATA,3.9520,72.2544,41.3079
2566,LIVE,NEW_DATA,3.9497,72.2544,41.0434
2567,LIVE,NEW_DATA,3.9566,72.2544,41.0434
2568,LIVE,NEW_DATA,3.9474,72.2544,41.0434
2569,LIVE,NEW_DATA,3.9528,72.2544,41.0434
2570,LIVE,NEW_DATA,3.9509,72.2544,41.0434
2571,LIVE,NEW_DATA,3.9516,72.2544,41.1269
2572,LIVE,NEW_DATA,3.9474,72.2544,41.1269
2573,LIVE,NEW_DATA,3.9524,72.2544,41.1269
2574,LIVE,NEW_DATA,3.9486,72.2544,41.1269
2575,LIVE,NEW_DATA,3.9551,72.2544,40.4729
2576,LIVE,NEW_DATA,3.9459,72.2544,40.4729
2577,LIVE,NEW_DATA,3.9505,72.2544,40.4729
2578,LIVE,NEW_DATA,3.9459,72.2544,40.4729
2579,LIVE,NEW_DATA,3.9520,72.2544,40.4729
2580,LIVE,NEW_DATA,3.9467,72.3506,40.3978
2581,LIVE,NEW_DATA,3.9520,72.3506,40.3978
2582,LIVE,NEW_DATA,3.9459,72.3506,40.3978
2583,LIVE,NEW_DATA,3.9490,72.3506,40.3978
2584,LIVE,NEW_DATA,3.9452,72.3506,40.5834
2585,LIVE,NEW_DATA,3.9497,72.3506,40.5834
2586,LIVE,NEW_DATA,3.9459,72.3506,40.5834
2587,LIVE,NEW_DATA,3.9505,72.3506,40.5834
2588,LIVE,NEW_DATA,3.9459,72.3506,40.5834
2589,LIVE,NEW_DATA,3.9490,72.4576,40.5834
2590,LIVE,NEW_DATA,3.9467,72.4576,40.5834
2591,LIVE,NEW_DATA,3.9490,72.4576,40.5834
2592,LIVE,NEW_DATA,3.9459,72.4576,40.5834
2593,LIVE,NEW_DATA,3.9497,72.4576,40.5834
2594,LIVE,NEW_DATA,3.9452,72.5026,40.4479
2595,LIVE,NEW_DATA,3.9474,72.5026,40.4479
2596,LIVE,NEW_DATA,3.9459,72.5026,40.4479
2597,LIVE,NEW_DATA,3.9490,72.5026,40.4479
2598,LIVE,NEW_DATA,3.9459,72.6037,39.5591
2599,LIVE,NEW_DATA,3.9463,72.6037,39.5591
2600,LIVE,NEW_DATA,3.9436,72.6037,39.5591
2601,LIVE,NEW_DATA,3.9467,72.6037,39.5591
2602,LIVE,NEW_DATA,3.9452,72.6037,39.5591
2603,LIVE,NEW_DATA,3.9459,72.8028,39.2719
2604,LIVE,NEW_DATA,3.9436,72.8028,39.2719
2605,LIVE,NEW_DATA,3.9459,72.8028,39.2719
2606,LIVE,NEW_DATA,3.9436,72.8028,39.2719
2607,LIVE,NEW_DATA,3.9448,72.8028,38.9891
2608,LIVE,NEW_DATA,3.9459,72.8028,38.9891
2609,LIVE,NEW_DATA,3.9448,72.8028,38.9891
2610,LIVE,NEW_DATA,3.9421,72.8028,38.9891
2611,LIVE,NEW_DATA,3.9413,72.8028,38.9891
2612,LIVE,NEW_DATA,3.9478,72.8819,39.0041
2613,LIVE,NEW_DATA,3.9402,72.8819,39.0041
2614,LIVE,NEW_DATA,3.9444,72.8819,39.0041
2615,LIVE,NEW_DATA,3.9398,72.8819,39.0041
2616,LIVE,NEW_DATA,3.9433,72.9670,39.6260
2617,LIVE,NEW_DATA,3.9421,72.9670,39.6260
2618,LIVE,NEW_DATA,3.9459,72.9670,39.6260
2619,LIVE,NEW_DATA,3.9436,72.9670,39.6260
2620,LIVE,NEW_DATA,3.9436,72.9670,39.6260
2621,LIVE,NEW_DATA,3.9413,73.0468,36.8842
2622,LIVE,NEW_DATA,3.9429,73.0468,36.8842
2623,LIVE,NEW_DATA,3.9413,73.0468,36.8842
2624,LIVE,NEW_DATA,3.9429,73.0468,36.8842
2625,LIVE,NEW_DATA,3.9406,73.0258,36.9320
2626,LIVE,NEW_DATA,3.9413,73.0258,36.9320
2627,LIVE,NEW_DATA,3.9429,73.0258,36.9320
2628,LIVE,NEW_DATA,3.9413,73.0258,36.9320
2629,LIVE,NEW_DATA,3.9413,73.0258,36.9320
2630,LIVE,NEW_DATA,3.9429,73.0343,37.1614
2631,LIVE,NEW_DATA,3.9398,73.0343,37.1614
2632,LIVE,NEW_DATA,3.9429,73.0343,37.1614
2633,LIVE,NEW_DATA,3.9391,73.0343,37.1614
2634,LIVE,NEW_DATA,3.9413,73.0343,37.1614
2635,LIVE,NEW_DATA,3.9474,72.9772,37.3822
2636,LIVE,NEW_DATA,3.9429,72.9772,37.3822
2637,LIVE,NEW_DATA,3.9429,72.9772,37.3822
2638,LIVE,NEW_DATA,3.9398,72.9772,37.3822
2639,LIVE,NEW_DATA,3.9413,72.9772,37.2567
2640,LIVE,NEW_DATA,3.9413,72.9772,37.2567
2641,LIVE,NEW_DATA,3.9417,72.9772,37.2567
2642,LIVE,NEW_DATA,3.9375,72.9772,37.2567
2643,LIVE,NEW_DATA,3.9459,72.9772,37.2567
2644,LIVE,NEW_DATA,3.9375,72.9097,37.0016
2645,LIVE,NEW_DATA,3.9413,72.9097,37.0016
2646,LIVE,NEW_DATA,3.9383,72.9097,37.0016
2647,LIVE,NEW_DATA,3.9417,72.9097,37.0016
2648,LIVE,NEW_DATA,3.9368,72.8805,37.1058
2649,LIVE,NEW_DATA,3.9413,72.8805,37.1058
2650,LIVE,NEW_DATA,3.9383,72.8805,37.1058
2651,LIVE,NEW_DATA,3.9413,72.8805,37.1058
2652,LIVE,NEW_DATA,3.9379,72.8805,37.1058
2653,LIVE,NEW_DATA,3.9398,72.9578,37.1058
2654,LIVE,NEW_DATA,3.9368,72.9578,37.1058
2655,LIVE,NEW_DATA,3.9371,72.9578,37.1058
2656,LIVE,NEW_DATA,3.9368,72.9578,37.1058
2657,LIVE,NEW_DATA,3.9391,72.8579,37.2047
2658,LIVE,NEW_DATA,3.9352,72.8579,37.2047
2659,LIVE,NEW_DATA,3.9387,72.8579,37.2047
2660,LIVE,NEW_DATA,3.9360,72.8579,37.2047
2661,LIVE,NEW_DATA,3.9383,72.8579,37.2047
2662,LIVE,NEW_DATA,3.9356,72.7419,36.9802
2663,LIVE,NEW_DATA,3.9383,72.7419,36.9802
2664,LIVE,NEW_DATA,3.9383,72.7419,36.9802
2665,LIVE,NEW_DATA,3.9368,72.7419,36.9802
2666,LIVE,NEW_DATA,3.9394,72.7419,36.9802
2667,LIVE,NEW_DATA,3.9352,72.6343,36.7123
2668,LIVE,NEW_DATA,3.9371,72.6343,36.7123
2669,LIVE,NEW_DATA,3.9352,72.6343,36.7123
2670,LIVE,NEW_DATA,3.9352,72.6343,36.7123
2671,LIVE,NEW_DATA,3.9337,72.5660,36.7123
2672,LIVE,NEW_DATA,3.9352,72.5660,36.7123
2673,LIVE,NEW_DATA,3.9352,72.5660,36.7123
2674,LIVE,NEW_DATA,3.9368,72.5660,36.7123
2675,LIVE,NEW_DATA,3.9337,72.5660,36.7123
2676,LIVE,NEW_DATA,3.9368,72.5613,36.4773
2677,LIVE,NEW_DATA,3.9337,72.5613,36.4773
2678,LIVE,NEW_DATA,3.9352,72.5613,36.4773
2679,LIVE,NEW_DATA,3.9337,72.5613,36.4773
2680,LIVE,NEW_DATA,3.9371,72.6754,36.8173
2681,LIVE,NEW_DATA,3.9337,72.6754,36.8173
2682,LIVE,NEW_DATA,3.9352,72.6754,36.8173
2683,LIVE,NEW_DATA,3.9322,72.6754,36.8173
2684,LIVE,NEW_DATA,3.9360,72.6754,36.8173
2685,LIVE,NEW_DATA,3.9341,72.6754,36.9095
2686,LIVE,NEW_DATA,3.9352,72.6754,36.9095
2687,LIVE,NEW_DATA,3.9341,72.6754,36.9095
2688,LIVE,NEW_DATA,3.9352,72.6754,36.9095
2689,LIVE,NEW_DATA,3.9394,72.6360,36.6823
2690,LIVE,NEW_DATA,3.9341,72.6360,36.6823
2691,LIVE,NEW_DATA,3.9337,72.6360,36.6823
2692,LIVE,NEW_DATA,3.9345,72.6360,36.6823
2693,LIVE,NEW_DATA,3.9337,72.6360,36.6823
2694,LIVE,NEW_DATA,3.9337,72.6264,36.4056
2695,LIVE,NEW_DATA,3.9337,72.6264,36.4056
2696,LIVE,NEW_DATA,3.9352,72.6264,36.4056
2697,LIVE,NEW_DATA,3.9352,72.6264,36.4056
2698,LIVE,NEW_DATA,3.9314,72.6360,36.4056
2699,LIVE,NEW_DATA,3.9345,72.6360,36.4056
2700,LIVE,NEW_DATA,3.9330,72.6360,36.4056
2701,LIVE,NEW_DATA,3.9337,72.6360,36.4056
2702,LIVE,NEW_DATA,3.9295,72.6360,36.4056
2703,LIVE,NEW_DATA,3.9337,72.6360,36.1859
2704,LIVE,NEW_DATA,3.9299,72.6360,36.1859
2705,LIVE,NEW_DATA,3.9314,72.6360,36.1859
2706,LIVE,NEW_DATA,3.9307,72.6360,36.1859
2707,LIVE,NEW_DATA,3.9307,72.6360,36.1859
2708,LIVE,NEW_DATA,3.9291,72.6360,36.4460
2709,LIVE,NEW_DATA,3.9272,72.6360,36.4460
2710,LIVE,NEW_DATA,3.9284,72.6360,36.4460
2711,LIVE,NEW_DATA,3.9291,72.6360,36.4460
2712,LIVE,NEW_DATA,3.9341,72.6846,36.2259
2713,LIVE,NEW_DATA,3.9276,72.6846,36.2259
2714,LIVE,NEW_DATA,3.9284,72.6846,36.2259
2715,LIVE,NEW_DATA,3.9291,72.6846,36.2259
2716,LIVE,NEW_DATA,3.9295,72.6846,36.2259
2717,LIVE,NEW_DATA,3.9307,72.7360,34.5048
2718,LIVE,NEW_DATA,3.9337,72.7360,34.5048
2719,LIVE,NEW_DATA,3.9280,72.7360,34.5048
2720,LIVE,NEW_DATA,3.9295,72.7360,34.5048
2721,LIVE,NEW_DATA,3.9280,72.6713,34.5048
2722,LIVE,NEW_DATA,3.9314,72.6713,34.5048
2723,LIVE,NEW_DATA,3.9284,72.6713,34.5048
2724,LIVE,NEW_DATA,3.9322,72.6713,34.5048
2725,LIVE,NEW_DATA,3.9276,72.6713,34.5048
2726,LIVE,NEW_DATA,3.9310,72.5573,34.2042
2727,LIVE,NEW_DATA,3.9322,72.5573,34.2042
2728,LIVE,NEW_DATA,3.9330,72.5573,34.2042
2729,LIVE,NEW_DATA,3.9261,72.5573,34.2042
2730,LIVE,NEW_DATA,3.9307,72.5573,34.2042
2731,LIVE,NEW_DATA,3.9295,72.5573,34.2042
2732,LIVE,NEW_DATA,3.9261,72.5573,34.2042
2733,LIVE,NEW_DATA,3.9307,72.5573,34.2042
2734,LIVE,NEW_DATA,3.9276,72.5573,34.2042
2735,LIVE,NEW_DATA,3.9322,72.4577,34.0769
2736,LIVE,NEW_DATA,3.9261,72.4577,34.0769
2737,LIVE,NEW_DATA,3.9322,72.4577,34.0769
2738,LIVE,NEW_DATA,3.9265,72.4577,34.0769
2739,LIVE,NEW_DATA,3.9276,72.4577,34.0769
2740,LIVE,NEW_DATA,3.9276,72.4652,33.9643
2741,LIVE,NEW_DATA,3.9295,72.4652,33.9643
2742,LIVE,NEW_DATA,3.9291,72.4652,33.9643
2743,LIVE,NEW_DATA,3.9265,72.4652,33.9643
2744,LIVE,NEW_DATA,3.9276,72.3096,33.4382
2745,LIVE,NEW_DATA,3.9307,72.3096,33.4382
2746,LIVE,NEW_DATA,3.9261,72.3096,33.4382
2747,LIVE,NEW_DATA,3.9291,72.3096,33.4382
2748,LIVE,NEW_DATA,3.9299,72.3096,33.4382
2749,LIVE,NEW_DATA,3.9307,72.3494,33.3916
2750,LIVE,NEW_DATA,3.9284,72.3494,33.3916
2751,LIVE,NEW_DATA,3.9291,72.3494,33.3916
2752,LIVE,NEW_DATA,3.9268,72.3494,33.3916
2753,LIVE,NEW_DATA,3.9299,72.3494,33.0897
2754,LIVE,NEW_DATA,3.9253,72.3494,33.0897
2755,LIVE,NEW_DATA,3.9307,72.3494,33.0897
2756,LIVE,NEW_DATA,3.9291,72.3494,33.0897
2757,LIVE,NEW_DATA,3.9326,72.3494,33.0897
2758,LIVE,NEW_DATA,3.9265,72.2648,33.9810
2759,LIVE,NEW_DATA,3.9322,72.2648,33.9810
2760,LIVE,NEW_DATA,3.9284,72.2648,33.9810
2761,LIVE,NEW_DATA,3.9337,72.2648,33.9810
2762,LIVE,NEW_DATA,3.9284,72.0828,34.2626
2763,LIVE,NEW_DATA,3.9322,72.0828,34.2626
2764,LIVE,NEW_DATA,3.9276,72.0828,34.2626
2765,LIVE,NEW_DATA,3.9314,72.0828,34.2626
2766,LIVE,NEW_DATA,3.9268,72.0828,34.2626
2767,LIVE,NEW_DATA,3.9284,72.0828,34.5100
2768,LIVE,NEW_DATA,3.9268,72.0828,34.5100
2769,LIVE,NEW_DATA,3.9291,72.0828,34.5100
2770,LIVE,NEW_DATA,3.9276,72.0828,34.5100
2771,LIVE,NEW_DATA,3.9291,71.7398,34.5171
2772,LIVE,NEW_DATA,3.9299,71.7398,34.5171
2773,LIVE,NEW_DATA,3.9310,71.7398,34.5171
2774,LIVE,NEW_DATA,3.9322,71.7398,34.5171
2775,LIVE,NEW_DATA,3.9322,71.7398,34.5171
2776,LIVE,NEW_DATA,3.9295,71.7398,34.5782
2777,LIVE,NEW_DATA,3.9326,71.7398,34.5782
2778,LIVE,NEW_DATA,3.9291,71.7398,34.5782
2779,LIVE,NEW_DATA,3.9314,71.7398,34.5782
2780,LIVE,NEW_DATA,3.9276,71.4473,35.4065
2781,LIVE,NEW_DATA,3.9330,71.4473,35.4065
2782,LIVE,NEW_DATA,3.9322,71.4473,35.4065
2783,LIVE,NEW_DATA,3.9352,71.4473,35.4065
2784,LIVE,NEW_DATA,3.9310,71.4473,35.4065
2785,LIVE,NEW_DATA,3.9345,71.3428,35.4065
2786,LIVE,NEW_DATA,3.9375,71.3428,35.4065
2787,LIVE,NEW_DATA,3.9387,71.3428,35.4065
2788,LIVE,NEW_DATA,3.9375,71.3428,35.4065
2789,LIVE,NEW_DATA,3.9375,71.3428,35.4065
2790,LIVE,NEW_DATA,3.9368,71.2091,34.4733
2791,LIVE,NEW_DATA,3.9368,71.2091,34.4733
2792,LIVE,NEW_DATA,3.9398,71.2091,34.4733
2793,LIVE,NEW_DATA,3.9368,71.2091,34.4733
2794,LIVE,NEW_DATA,3.9406,71.1772,34.4733
2795,LIVE,NEW_DATA,3.9368,71.1772,34.4733
2796,LIVE,NEW_DATA,3.9398,71.1772,34.4733
2797,LIVE,NEW_DATA,3.9398,71.1772,34.4733
2798,LIVE,NEW_DATA,3.9444,71.1772,34.4733
2799,LIVE,NEW_DATA,3.9413,71.0868,34.3943
2800,LIVE,NEW_DATA,3.9410,71.0868,34.3943
2801,LIVE,NEW_DATA,3.9406,71.0868,34.3943
2802,LIVE,NEW_DATA,3.9474,71.0868,34.3943
2803,LIVE,NEW_DATA,3.9444,71.0967,35.0204
2804,LIVE,NEW_DATA,3.9459,71.0967,35.0204
2805,LIVE,NEW_DATA,3.9444,71.0967,35.0204
2806,LIVE,NEW_DATA,3.9486,71.0967,35.0204
2807,LIVE,NEW_DATA,3.9459,71.0967,35.0204
2808,LIVE,NEW_DATA,3.9490,71.1115,35.1910
2809,LIVE,NEW_DATA,3.9463,71.1115,35.1910
2810,LIVE,NEW_DATA,3.9490,71.1115,35.1910
2811,LIVE,NEW_DATA,3.9463,71.1115,35.1910
2812,LIVE,NEW_DATA,3.9505,71.2496,35.4461
2813,LIVE,NEW_DATA,3.9490,71.2496,35.4461
2814,LIVE,NEW_DATA,3.9505,71.2496,35.4461
2815,LIVE,NEW_DATA,3.9501,71.2496,35.4461
2816,LIVE,NEW_DATA,3.9509,71.2496,35.4461
2817,LIVE,NEW_DATA,3.9520,71.1530,35.5189
2818,LIVE,NEW_DATA,3.9509,71.1530,35.5189
2819,LIVE,NEW_DATA,3.9494,71.1530,35.5189
2820,LIVE,NEW_DATA,3.9524,71.1530,35.5189
2821,LIVE,NEW_DATA,3.9497,71.1283,35.1034
2822,LIVE,NEW_DATA,3.9520,71.1283,35.1034
2823,LIVE,NEW_DATA,3.9505,71.1283,35.1034
2824,LIVE,NEW_DATA,3.9536,71.1283,35.1034
2825,LIVE,NEW_DATA,3.9505,71.1283,35.1034
2826,LIVE,NEW_DATA,3.9543,71.0331,35.1019
2827,LIVE,NEW_DATA,3.9509,71.0331,35.1019
2828,LIVE,NEW_DATA,3.9539,71.0331,35.1019
2829,LIVE,NEW_DATA,3.9543,71.0331,35.1019
2830,LIVE,NEW_DATA,3.9566,71.0331,35.1019
2831,LIVE,NEW_DATA,3.9551,71.0582,35.1704
2832,LIVE,NEW_DATA,3.9581,71.0582,35.1704
2833,LIVE,NEW_DATA,3.9555,71.0582,35.1704
2834,LIVE,NEW_DATA,3.9597,71.0582,35.1704
2835,LIVE,NEW_DATA,3.9597,70.9541,34.9234
2836,LIVE,NEW_DATA,3.9646,70.9541,34.9234
2837,LIVE,NEW_DATA,3.9627,70.9541,34.9234
2838,LIVE,NEW_DATA,3.9661,70.9541,34.9234
2839,LIVE,NEW_DATA,3.9688,70.9541,34.9234
2840,LIVE,NEW_DATA,3.9753,70.9889,35.1704
2841,LIVE,NEW_DATA,3.9738,70.9889,35.1704
2842,LIVE,NEW_DATA,3.9749,70.9889,35.1704
2843,LIVE,NEW_DATA,3.9776,70.9889,35.1704
2844,LIVE,NEW_DATA,3.9795,70.9895,35.3301
2845,LIVE,NEW_DATA,3.9902,70.9895,35.3301
2846,LIVE,NEW_DATA,3.9837,70.9895,35.3301
2847,LIVE,NEW_DATA,3.9856,70.9895,35.3301
2848,LIVE,NEW_DATA,3.9886,70.9895,35.3301
2849,LIVE,NEW_DATA,3.9879,70.9383,35.5801
2850,LIVE,NEW_DATA,3.9825,70.9383,35.5801
2851,LIVE,NEW_DATA,3.9856,70.9383,35.5801
2852,LIVE,NEW_DATA,3.9871,70.9383,35.5801
2853,LIVE,NEW_DATA,3.9856,70.5531,36.9783
2854,LIVE,NEW_DATA,3.9803,70.5531,36.9783
2855,LIVE,NEW_DATA,3.9833,70.5531,36.9783
2856,LIVE,NEW_DATA,3.9795,70.5531,36.9783
2857,LIVE,NEW_DATA,3.9825,70.5531,36.9783
2858,LIVE,NEW_DATA,3.9795,70.5531,36.9783
2859,LIVE,NEW_DATA,3.9848,70.5531,36.9783
2860,LIVE,NEW_DATA,3.9829,70.5531,36.9783
2861,LIVE,NEW_DATA,3.9803,70.5531,36.9783
2862,LIVE,NEW_DATA,3.9795,70.5531,36.9783
2863,LIVE,NEW_DATA,3.9799,70.2315,36.5049
2864,LIVE,NEW_DATA,3.9772,70.2315,36.5049
2865,LIVE,NEW_DATA,3.9780,70.2315,36.5049
2866,LIVE,NEW_DATA,3.9764,70.2315,36.5049
2867,LIVE,NEW_DATA,3.9795,70.0380,36.8346
2868,LIVE,NEW_DATA,3.9753,70.0380,36.8346
2869,LIVE,NEW_DATA,3.9795,70.0380,36.8346
2870,LIVE,NEW_DATA,3.9757,70.0380,36.8346
2871,LIVE,NEW_DATA,3.9783,70.0380,36.8346
2872,LIVE,NEW_DATA,3.9764,70.0380,36.9243
2873,LIVE,NEW_DATA,3.9783,70.0380,36.9243
2874,LIVE,NEW_DATA,3.9764,70.0380,36.9243
2875,LIVE,NEW_DATA,3.9795,70.0380,36.9243
2876,LIVE,NEW_DATA,3.9753,69.9347,36.9096
2877,LIVE,NEW_DATA,3.9749,69.9347,36.9096
2878,LIVE,NEW_DATA,3.9776,69.9347,36.9096
2879,LIVE,NEW_DATA,3.9780,69.9347,36.9096
2880,LIVE,NEW_DATA,3.9772,69.9347,36.9096
2881,LIVE,NEW_DATA,3.9757,69.9347,36.9096
2882,LIVE,NEW_DATA,3.9772,69.9347,36.9096
2883,LIVE,NEW_DATA,3.9749,69.9347,36.9096
2884,LIVE,NEW_DATA,3.9780,69.9347,36.9096
2885,LIVE,NEW_DATA,3.9749,69.5883,36.9096
2886,LIVE,NEW_DATA,3.9780,69.5883,36.9096
2887,LIVE,NEW_DATA,3.9749,69.5883,36.9096
2888,LIVE,NEW_DATA,3.9780,69.5883,36.9096
2889,LIVE,NEW_DATA,3.9757,69.5883,36.9096
2890,LIVE,NEW_DATA,3.9772,69.5065,36.9096
2891,LIVE,NEW_DATA,3.9749,69.5065,36.9096
2892,LIVE,NEW_DATA,3.9768,69.5065,36.9096
2893,LIVE,NEW_DATA,3.9738,69.5065,36.9096
2894,LIVE,NEW_DATA,3.9764,69.4340,37.0468
2895,LIVE,NEW_DATA,3.9726,69.4340,37.0468
2896,LIVE,NEW_DATA,3.9742,69.4340,37.0468
2897,LIVE,NEW_DATA,3.9738,69.4340,37.0468
2898,LIVE,NEW_DATA,3.9749,69.4340,37.0468
2899,LIVE,NEW_DATA,3.9764,69.4718,37.0468
2900,STOPPED,NEW_DATA,3.9742,69.5282,37.6627
2901,STOPPED,HOLD_LAST,3.9742,69.5282,37.6627
2902,STOPPED,NEW_DATA,3.9761,69.5282,37.6627
2903,STOPPED,NEW_DATA,3.9730,69.5282,37.6627
2904,STOPPED,NEW_DATA,3.9764,69.5282,37.6627
2905,STOPPED,NEW_DATA,3.9738,69.5282,37.6627
2906,STOPPED,NEW_DATA,3.9753,69.5282,37.6627
2907,STOPPED,NEW_DATA,3.9719,69.5282,37.6627
2908,STOPPED,NEW_DATA,3.9742,69.5282,37.6627
2909,STOPPED,NEW_DATA,3.9734,69.4089,37.6579
2910,STOPPED,NEW_DATA,3.9734,69.4089,37.6579
2911,STOPPED,NEW_DATA,3.9711,69.4089,37.6579
2912,STOPPED,NEW_DATA,3.9726,69.4089,37.6579
2913,STOPPED,NEW_DATA,3.9719,69.4101,37.6579
2914,STOPPED,NEW_DATA,3.9703,69.4101,37.6579
2915,STOPPED,NEW_DATA,3.9726,69.4101,37.6579
2916,STOPPED,NEW_DATA,3.9707,69.4101,37.6579
2917,STOPPED,NEW_DATA,3.9726,69.4101,37.6579
2918,STOPPED,NEW_DATA,3.9722,69.4948,37.1542
2919,STOPPED,NEW_DATA,3.9711,69.4948,37.1542
2920,STOPPED,NEW_DATA,3.9688,69.4948,37.1542
2921,STOPPED,NEW_DATA,3.9715,69.4948,37.1542
2922,STOPPED,NEW_DATA,3.9703,69.5304,37.0087
2923,STOPPED,NEW_DATA,3.9703,69.5304,37.0087
2924,STOPPED,NEW_DATA,3.9688,69.5304,37.0087
2925,STOPPED,NEW_DATA,3.9692,69.5304,37.0087
