timestamp,phase,status,raw_eda,raw_hr,raw_hrv,smooth_eda,smooth_hr,smooth_hrv
2026-06-02 14:38:12.728,BASELINE,NEW_DATA,8.8771,nan,nan,8.8771,nan,nan
2026-06-02 14:38:12.770,BASELINE,NEW_DATA,8.8765,nan,nan,8.8765,nan,nan
2026-06-02 14:38:12.789,BASELINE,NEW_DATA,8.8723,nan,nan,8.8723,nan,nan
2026-06-02 14:38:12.818,BASELINE,NEW_DATA,8.8719,nan,nan,8.8719,nan,nan
2026-06-02 14:38:12.837,BASELINE,NEW_DATA,8.8716,nan,nan,8.8716,nan,nan
2026-06-02 14:38:12.857,BASELINE,NEW_DATA,8.8702,nan,nan,8.8702,nan,nan
2026-06-02 14:38:12.877,BASELINE,NEW_DATA,8.8702,nan,nan,8.8702,nan,nan
2026-06-02 14:38:12.897,BASELINE,NEW_DATA,8.8702,nan,nan,8.8702,nan,nan
2026-06-02 14:38:12.917,BASELINE,NEW_DATA,8.8692,nan,nan,8.8692,nan,nan
2026-06-02 14:38:12.937,BASELINE,NEW_DATA,8.8654,nan,nan,8.8654,nan,nan
2026-06-02 14:38:12.958,BASELINE,NEW_DATA,8.8674,nan,nan,8.8674,nan,nan
2026-06-02 14:38:12.978,BASELINE,NEW_DATA,8.8622,nan,nan,8.8622,nan,nan
2026-06-02 14:38:12.998,BASELINE,NEW_DATA,8.8626,nan,nan,8.8626,nan,nan
2026-06-02 14:38:13.018,BASELINE,NEW_DATA,8.8584,nan,nan,8.8584,nan,nan
2026-06-02 14:38:13.039,BASELINE,NEW_DATA,8.8598,nan,nan,8.8598,nan,nan
2026-06-02 14:38:13.060,BASELINE,NEW_DATA,8.8563,nan,nan,8.8563,nan,nan
2026-06-02 14:38:13.080,BASELINE,NEW_DATA,8.8556,nan,nan,8.8556,nan,nan
2026-06-02 14:38:13.101,BASELINE,NEW_DATA,8.8584,nan,nan,8.8584,nan,nan
2026-06-02 14:38:13.122,BASELINE,NEW_DATA,8.8556,nan,nan,8.8556,nan,nan
2026-06-02 14:38:13.144,BASELINE,NEW_DATA,8.8570,nan,nan,8.8570,nan,nan
2026-06-02 14:38:13.164,BASELINE,NEW_DATA,8.8584,nan,nan,8.8584,nan,nan
2026-06-02 14:38:13.185,BASELINE,NEW_DATA,8.8574,nan,nan,8.8574,nan,nan
2026-06-02 14:38:13.206,BASELINE,NEW_DATA,8.8546,nan,nan,8.8546,nan,nan
2026-06-02 14:38:13.226,BASELINE,NEW_DATA,8.8567,nan,nan,8.8567,nan,nan
2026-06-02 14:38:13.247,BASELINE,NEW_DATA,8.8615,nan,nan,8.8615,nan,nan
2026-06-02 14:38:13.268,BASELINE,NEW_DATA,8.8654,nan,nan,8.8654,nan,nan
2026-06-02 14:38:13.289,BASELINE,NEW_DATA,8.8633,nan,nan,8.8633,nan,nan
2026-06-02 14:38:13.310,BASELINE,NEW_DATA,8.8543,nan,nan,8.8543,nan,nan
2026-06-02 14:38:13.330,BASELINE,NEW_DATA,8.8629,nan,nan,8.8629,nan,nan
2026-06-02 14:38:13.351,BASELINE,NEW_DATA,8.8654,nan,nan,8.8654,nan,nan
2026-06-02 14:38:13.371,BASELINE,NEW_DATA,8.8688,nan,nan,8.8688,nan,nan
2026-06-02 14:38:13.391,BASELINE,NEW_DATA,8.8782,nan,nan,8.8782,nan,nan
2026-06-02 14:38:13.412,BASELINE,NEW_DATA,8.8695,nan,nan,8.8695,nan,nan
2026-06-02 14:38:13.432,BASELINE,NEW_DATA,8.8733,nan,nan,8.8733,nan,nan
2026-06-02 14:38:13.453,BASELINE,NEW_DATA,8.8730,nan,nan,8.8730,nan,nan
2026-06-02 14:38:13.474,BASELINE,NEW_DATA,8.8765,nan,nan,8.8765,nan,nan
2026-06-02 14:38:13.493,BASELINE,NEW_DATA,8.8765,nan,nan,8.8765,nan,nan
2026-06-02 14:38:13.513,BASELINE,NEW_DATA,8.8803,nan,nan,8.8803,nan,nan
2026-06-02 14:38:13.534,BASELINE,NEW_DATA,8.8848,nan,nan,8.8848,nan,nan
2026-06-02 14:38:13.555,BASELINE,NEW_DATA,8.8879,nan,nan,8.8879,nan,nan
2026-06-02 14:38:13.575,BASELINE,NEW_DATA,8.8879,nan,nan,8.8879,nan,nan
2026-06-02 14:38:13.595,BASELINE,NEW_DATA,8.8903,nan,nan,8.8903,nan,nan
2026-06-02 14:38:13.616,BASELINE,NEW_DATA,8.8914,nan,nan,8.8914,nan,nan
2026-06-02 14:38:13.636,BASELINE,NEW_DATA,8.8858,nan,nan,8.8858,nan,nan
2026-06-02 14:38:13.657,BASELINE,NEW_DATA,8.8865,nan,nan,8.8865,nan,nan
2026-06-02 14:38:13.678,BASELINE,NEW_DATA,8.8844,nan,nan,8.8844,nan,nan
2026-06-02 14:38:13.699,BASELINE,NEW_DATA,8.8848,nan,nan,8.8848,nan,nan
2026-06-02 14:38:13.719,BASELINE,NEW_DATA,8.8841,nan,nan,8.8841,nan,nan
2026-06-02 14:38:13.739,BASELINE,NEW_DATA,8.8803,nan,nan,8.8803,nan,nan
2026-06-02 14:38:13.760,BASELINE,NEW_DATA,8.8778,nan,nan,8.8778,nan,nan
2026-06-02 14:38:13.780,BASELINE,NEW_DATA,8.8844,nan,nan,8.8844,nan,nan
2026-06-02 14:38:13.800,BASELINE,NEW_DATA,8.8848,nan,nan,8.8848,nan,nan
2026-06-02 14:38:13.821,BASELINE,NEW_DATA,8.8803,nan,nan,8.8803,nan,nan
2026-06-02 14:38:13.841,BASELINE,NEW_DATA,8.8789,nan,nan,8.8789,nan,nan
2026-06-02 14:38:13.862,BASELINE,NEW_DATA,8.8775,nan,nan,8.8775,nan,nan
2026-06-02 14:38:13.883,BASELINE,NEW_DATA,8.8792,nan,nan,8.8792,nan,nan
2026-06-02 14:38:13.903,BASELINE,NEW_DATA,8.8761,nan,nan,8.8761,nan,nan
2026-06-02 14:38:13.923,BASELINE,NEW_DATA,8.8758,nan,nan,8.8758,nan,nan
2026-06-02 14:38:13.944,BASELINE,NEW_DATA,8.8747,nan,nan,8.8747,nan,nan
2026-06-02 14:38:13.964,BASELINE,NEW_DATA,8.8765,nan,nan,8.8765,nan,nan
2026-06-02 14:38:13.984,BASELINE,NEW_DATA,8.8737,nan,nan,8.8737,nan,nan
2026-06-02 14:38:14.004,BASELINE,NEW_DATA,8.8709,nan,nan,8.8709,nan,nan
2026-06-02 14:38:14.025,BASELINE,NEW_DATA,8.8716,nan,nan,8.8716,nan,nan
2026-06-02 14:38:14.045,BASELINE,NEW_DATA,8.8671,nan,nan,8.8671,nan,nan
2026-06-02 14:38:14.066,BASELINE,NEW_DATA,8.8692,nan,nan,8.8692,nan,nan
2026-06-02 14:38:14.087,BASELINE,NEW_DATA,8.8716,nan,nan,8.8716,nan,nan
2026-06-02 14:38:14.109,BASELINE,NEW_DATA,8.8778,nan,nan,8.8778,nan,nan
2026-06-02 14:38:14.129,BASELINE,NEW_DATA,8.8744,nan,nan,8.8744,nan,nan
2026-06-02 14:38:14.150,BASELINE,NEW_DATA,8.8667,nan,nan,8.8667,nan,nan
2026-06-02 14:38:14.171,BASELINE,NEW_DATA,8.8674,nan,nan,8.8674,nan,nan
2026-06-02 14:38:14.191,BASELINE,NEW_DATA,8.8685,nan,nan,8.8685,nan,nan
2026-06-02 14:38:14.212,BASELINE,NEW_DATA,8.8699,nan,nan,8.8699,nan,nan
2026-06-02 14:38:14.233,BASELINE,NEW_DATA,8.8667,nan,nan,8.8667,nan,nan
2026-06-02 14:38:14.253,BASELINE,NEW_DATA,8.8692,nan,nan,8.8692,nan,nan
2026-06-02 14:38:14.274,BASELINE,NEW_DATA,8.8667,nan,nan,8.8667,nan,nan
2026-06-02 14:38:14.294,BASELINE,NEW_DATA,8.8699,nan,nan,8.8699,nan,nan
2026-06-02 14:38:14.314,BASELINE,NEW_DATA,8.8723,nan,nan,8.8723,nan,nan
2026-06-02 14:38:14.335,BASELINE,NEW_DATA,8.8716,nan,nan,8.8716,nan,nan
2026-06-02 14:38:14.355,BASELINE,NEW_DATA,8.8709,nan,nan,8.8709,nan,nan
2026-06-02 14:38:14.376,BASELINE,NEW_DATA,8.8716,nan,nan,8.8716,nan,nan
2026-06-02 14:38:14.396,BASELINE,NEW_DATA,8.8713,nan,nan,8.8713,nan,nan
2026-06-02 14:38:14.417,BASELINE,NEW_DATA,8.8723,nan,nan,8.8723,nan,nan
2026-06-02 14:38:14.437,BASELINE,NEW_DATA,8.8740,nan,nan,8.8740,nan,nan
2026-06-02 14:38:14.459,BASELINE,NEW_DATA,8.8740,nan,nan,8.8740,nan,nan
2026-06-02 14:38:14.479,BASELINE,NEW_DATA,8.8723,nan,nan,8.8723,nan,nan
2026-06-02 14:38:14.500,BASELINE,NEW_DATA,8.8737,nan,nan,8.8737,nan,nan
2026-06-02 14:38:14.520,BASELINE,NEW_DATA,8.8647,nan,nan,8.8647,nan,nan
2026-06-02 14:38:14.541,BASELINE,NEW_DATA,8.8733,nan,nan,8.8733,nan,nan
2026-06-02 14:38:14.561,BASELINE,NEW_DATA,8.8737,nan,nan,8.8737,nan,nan
2026-06-02 14:38:14.582,BASELINE,NEW_DATA,8.8730,nan,nan,8.8730,nan,nan
2026-06-02 14:38:14.603,BASELINE,NEW_DATA,8.8719,nan,nan,8.8719,nan,nan
2026-06-02 14:38:14.623,BASELINE,NEW_DATA,8.8709,nan,nan,8.8709,nan,nan
2026-06-02 14:38:14.644,BASELINE,NEW_DATA,8.8709,nan,nan,8.8709,nan,nan
2026-06-02 14:38:14.664,BASELINE,NEW_DATA,8.8709,nan,nan,8.8709,nan,nan
2026-06-02 14:38:14.685,BASELINE,NEW_DATA,8.8747,nan,nan,8.8747,nan,nan
2026-06-02 14:38:14.706,BASELINE,NEW_DATA,8.8751,nan,nan,8.8751,nan,nan
2026-06-02 14:38:14.727,BASELINE,NEW_DATA,8.8730,nan,nan,8.8730,nan,nan
2026-06-02 14:38:14.747,BASELINE,NEW_DATA,8.8737,nan,nan,8.8737,nan,nan
2026-06-02 14:38:14.768,BASELINE,NEW_DATA,8.8719,nan,nan,8.8719,nan,nan
2026-06-02 14:38:14.788,BASELINE,NEW_DATA,8.8775,nan,nan,8.8775,nan,nan
2026-06-02 14:38:14.808,BASELINE,NEW_DATA,8.8803,nan,nan,8.8803,nan,nan
2026-06-02 14:38:14.829,BASELINE,NEW_DATA,8.8744,nan,nan,8.8744,nan,nan
2026-06-02 14:38:14.850,BASELINE,NEW_DATA,8.8737,nan,nan,8.8737,nan,nan
2026-06-02 14:38:14.871,BASELINE,NEW_DATA,8.8713,nan,nan,8.8713,nan,nan
2026-06-02 14:38:14.891,BASELINE,NEW_DATA,8.8737,nan,nan,8.8737,nan,nan
2026-06-02 14:38:14.912,BASELINE,NEW_DATA,8.8730,nan,nan,8.8730,nan,nan
2026-06-02 14:38:14.932,BASELINE,NEW_DATA,8.8726,nan,nan,8.8726,nan,nan
2026-06-02 14:38:14.952,BASELINE,NEW_DATA,8.8751,nan,nan,8.8751,nan,nan
2026-06-02 14:38:14.972,BASELINE,NEW_DATA,8.8737,nan,nan,8.8737,nan,nan
2026-06-02 14:38:14.992,BASELINE,NEW_DATA,8.8744,nan,nan,8.8744,nan,nan
2026-06-02 14:38:15.012,BASELINE,NEW_DATA,8.8765,nan,nan,8.8765,nan,nan
2026-06-02 14:38:15.032,BASELINE,NEW_DATA,8.8740,nan,nan,8.8740,nan,nan
2026-06-02 14:38:15.053,BASELINE,NEW_DATA,8.8765,nan,nan,8.8765,nan,nan
2026-06-02 14:38:15.074,BASELINE,NEW_DATA,8.8775,nan,nan,8.8775,nan,nan
2026-06-02 14:38:15.095,BASELINE,NEW_DATA,8.8754,nan,nan,8.8754,nan,nan
2026-06-02 14:38:15.115,BASELINE,NEW_DATA,8.8737,nan,nan,8.8737,nan,nan
2026-06-02 14:38:15.136,BASELINE,NEW_DATA,8.8751,nan,nan,8.8751,nan,nan
2026-06-02 14:38:15.156,BASELINE,NEW_DATA,8.8754,nan,nan,8.8754,nan,nan
2026-06-02 14:38:15.176,BASELINE,NEW_DATA,8.8747,nan,nan,8.8747,nan,nan
2026-06-02 14:38:15.197,BASELINE,NEW_DATA,8.8768,nan,nan,8.8768,nan,nan
2026-06-02 14:38:15.217,BASELINE,NEW_DATA,8.8765,nan,nan,8.8765,nan,nan
2026-06-02 14:38:15.237,BASELINE,NEW_DATA,8.8778,84.4267,nan,8.8778,84.4267,nan
2026-06-02 14:38:15.258,BASELINE,NEW_DATA,8.8775,84.4267,nan,8.8775,84.4267,nan
2026-06-02 14:38:15.278,BASELINE,NEW_DATA,8.8771,84.4267,nan,8.8771,84.4267,nan
2026-06-02 14:38:15.300,BASELINE,NEW_DATA,8.8771,84.4267,nan,8.8771,84.4267,nan
2026-06-02 14:38:15.320,BASELINE,NEW_DATA,8.8785,84.4267,nan,8.8785,84.4267,nan
2026-06-02 14:38:15.340,BASELINE,NEW_DATA,8.8785,84.4267,nan,8.8785,84.4267,nan
2026-06-02 14:38:15.361,BASELINE,NEW_DATA,8.8792,84.4267,nan,8.8792,84.4267,nan
2026-06-02 14:38:15.382,BASELINE,NEW_DATA,8.8803,84.4267,nan,8.8803,84.4267,nan
2026-06-02 14:38:15.402,BASELINE,NEW_DATA,8.8792,84.4267,nan,8.8792,84.4267,nan
2026-06-02 14:38:15.423,BASELINE,NEW_DATA,8.8785,84.4267,nan,8.8785,84.4267,nan
2026-06-02 14:38:15.444,BASELINE,NEW_DATA,8.8789,84.4267,nan,8.8789,84.4267,nan
2026-06-02 14:38:15.464,BASELINE,NEW_DATA,8.8796,84.4267,nan,8.8796,84.4267,nan
2026-06-02 14:38:15.485,BASELINE,NEW_DATA,8.8799,84.4267,nan,8.8799,84.4267,nan
2026-06-02 14:38:15.505,BASELINE,NEW_DATA,8.8931,84.4267,nan,8.8931,84.4267,nan
2026-06-02 14:38:15.525,BASELINE,NEW_DATA,8.8869,84.4267,nan,8.8869,84.4267,nan
2026-06-02 14:38:15.547,BASELINE,NEW_DATA,8.8778,84.4267,nan,8.8778,84.4267,nan
2026-06-02 14:38:15.568,BASELINE,NEW_DATA,8.8792,84.4267,nan,8.8792,84.4267,nan
2026-06-02 14:38:15.588,BASELINE,NEW_DATA,8.8803,84.4267,nan,8.8803,84.4267,nan
2026-06-02 14:38:15.608,BASELINE,NEW_DATA,8.8792,84.4267,nan,8.8792,84.4267,nan
2026-06-02 14:38:15.629,BASELINE,NEW_DATA,8.8837,84.4267,nan,8.8837,84.4267,nan
2026-06-02 14:38:15.650,BASELINE,NEW_DATA,8.8803,84.4267,nan,8.8803,84.4267,nan
2026-06-02 14:38:15.671,BASELINE,NEW_DATA,8.8837,84.4267,nan,8.8837,84.4267,nan
2026-06-02 14:38:15.691,BASELINE,NEW_DATA,8.8848,84.4267,nan,8.8848,84.4267,nan
2026-06-02 14:38:15.711,BASELINE,NEW_DATA,8.8834,84.4267,nan,8.8834,84.4267,nan
2026-06-02 14:38:15.732,BASELINE,NEW_DATA,8.8882,85.4065,nan,8.8882,85.4065,nan
2026-06-02 14:38:15.753,BASELINE,NEW_DATA,8.8851,85.4065,nan,8.8851,85.4065,nan
2026-06-02 14:38:15.773,BASELINE,NEW_DATA,8.8830,85.4065,nan,8.8830,85.4065,nan
2026-06-02 14:38:15.794,BASELINE,NEW_DATA,8.8869,85.4065,nan,8.8869,85.4065,nan
2026-06-02 14:38:15.814,BASELINE,NEW_DATA,8.8869,85.4065,nan,8.8869,85.4065,nan
2026-06-02 14:38:15.834,BASELINE,NEW_DATA,8.8855,85.4065,nan,8.8855,85.4065,nan
2026-06-02 14:38:15.855,BASELINE,NEW_DATA,8.8858,85.4065,nan,8.8858,85.4065,nan
2026-06-02 14:38:15.875,BASELINE,NEW_DATA,8.8841,85.4065,nan,8.8841,85.4065,nan
2026-06-02 14:38:15.895,BASELINE,NEW_DATA,8.8855,85.4065,nan,8.8855,85.4065,nan
2026-06-02 14:38:15.916,BASELINE,NEW_DATA,8.8830,85.4065,nan,8.8830,85.4065,nan
2026-06-02 14:38:15.936,BASELINE,NEW_DATA,8.8841,85.4065,nan,8.8841,85.4065,nan
2026-06-02 14:38:15.956,BASELINE,NEW_DATA,8.8803,85.4065,nan,8.8803,85.4065,nan
2026-06-02 14:38:15.977,BASELINE,NEW_DATA,8.8830,85.4065,nan,8.8830,85.4065,nan
2026-06-02 14:38:15.997,BASELINE,NEW_DATA,8.8851,85.4065,nan,8.8851,85.4065,nan
2026-06-02 14:38:16.018,BASELINE,NEW_DATA,8.8886,85.4065,nan,8.8886,85.4065,nan
2026-06-02 14:38:16.039,BASELINE,NEW_DATA,8.8862,85.4065,nan,8.8862,85.4065,nan
2026-06-02 14:38:16.059,BASELINE,NEW_DATA,8.8869,85.4065,nan,8.8869,85.4065,nan
2026-06-02 14:38:16.080,BASELINE,NEW_DATA,8.8855,85.4065,nan,8.8855,85.4065,nan
2026-06-02 14:38:16.100,BASELINE,NEW_DATA,8.8876,85.4065,nan,8.8876,85.4065,nan
2026-06-02 14:38:16.121,BASELINE,NEW_DATA,8.8851,85.4065,nan,8.8851,85.4065,nan
2026-06-02 14:38:16.141,BASELINE,NEW_DATA,8.8869,85.4065,nan,8.8869,85.4065,nan
2026-06-02 14:38:16.162,BASELINE,NEW_DATA,8.8882,85.4065,nan,8.8882,85.4065,nan
2026-06-02 14:38:16.183,BASELINE,NEW_DATA,8.8980,85.4065,nan,8.8980,85.4065,nan
2026-06-02 14:38:16.203,BASELINE,NEW_DATA,8.8938,85.4065,nan,8.8938,85.4065,nan
2026-06-02 14:38:16.223,BASELINE,NEW_DATA,8.8803,85.4065,nan,8.8803,85.4065,nan
2026-06-02 14:38:16.244,BASELINE,NEW_DATA,8.8841,85.4065,nan,8.8841,85.4065,nan
2026-06-02 14:38:16.264,BASELINE,NEW_DATA,8.8827,85.4065,nan,8.8827,85.4065,nan
2026-06-02 14:38:16.285,BASELINE,NEW_DATA,8.8803,85.4065,nan,8.8803,85.4065,nan
2026-06-02 14:38:16.305,BASELINE,NEW_DATA,8.8803,85.4065,nan,8.8803,85.4065,nan
2026-06-02 14:38:16.325,BASELINE,NEW_DATA,8.8775,85.4065,nan,8.8775,85.4065,nan
2026-06-02 14:38:16.345,BASELINE,NEW_DATA,8.8803,85.4065,nan,8.8803,85.4065,nan
2026-06-02 14:38:16.366,BASELINE,NEW_DATA,8.8796,85.4065,nan,8.8796,85.4065,nan
2026-06-02 14:38:16.386,BASELINE,NEW_DATA,8.8782,85.4065,nan,8.8782,85.4065,nan
2026-06-02 14:38:16.407,BASELINE,NEW_DATA,8.8803,85.4065,nan,8.8803,85.4065,nan
2026-06-02 14:38:16.429,BASELINE,NEW_DATA,8.8792,85.4065,nan,8.8792,85.4065,nan
2026-06-02 14:38:16.449,BASELINE,NEW_DATA,8.8803,85.4065,nan,8.8803,85.4065,nan
2026-06-02 14:38:16.470,BASELINE,NEW_DATA,8.8803,85.4065,nan,8.8803,85.4065,nan
2026-06-02 14:38:16.490,BASELINE,NEW_DATA,8.8778,85.4065,nan,8.8778,85.4065,nan
2026-06-02 14:38:16.511,BASELINE,NEW_DATA,8.8803,85.4065,nan,8.8803,85.4065,nan
2026-06-02 14:38:16.531,BASELINE,NEW_DATA,8.8775,85.4065,nan,8.8775,85.4065,nan
2026-06-02 14:38:16.552,BASELINE,NEW_DATA,8.8803,85.4065,nan,8.8803,85.4065,nan
2026-06-02 14:38:16.572,BASELINE,NEW_DATA,8.8803,85.4065,nan,8.8803,85.4065,nan
2026-06-02 14:38:16.593,BASELINE,NEW_DATA,8.8785,85.4065,nan,8.8785,85.4065,nan
2026-06-02 14:38:16.613,BASELINE,NEW_DATA,8.8765,85.4065,nan,8.8765,85.4065,nan
2026-06-02 14:38:16.633,BASELINE,NEW_DATA,8.8740,85.4065,nan,8.8740,85.4065,nan
2026-06-02 14:38:16.654,BASELINE,NEW_DATA,8.8730,85.4065,nan,8.8730,85.4065,nan
2026-06-02 14:38:16.675,BASELINE,NEW_DATA,8.8737,85.4065,nan,8.8737,85.4065,nan
2026-06-02 14:38:16.696,BASELINE,NEW_DATA,8.8737,85.4065,nan,8.8737,85.4065,nan
2026-06-02 14:38:16.716,BASELINE,NEW_DATA,8.8709,85.4065,nan,8.8709,85.4065,nan
2026-06-02 14:38:16.736,BASELINE,NEW_DATA,8.8674,85.8947,nan,8.8674,85.8947,nan
2026-06-02 14:38:16.756,BASELINE,NEW_DATA,8.8660,85.8947,nan,8.8660,85.8947,nan
2026-06-02 14:38:16.777,BASELINE,NEW_DATA,8.8654,85.8947,nan,8.8654,85.8947,nan
2026-06-02 14:38:16.797,BASELINE,NEW_DATA,8.8629,85.8947,nan,8.8629,85.8947,nan
2026-06-02 14:38:16.819,BASELINE,NEW_DATA,8.8598,85.8947,nan,8.8598,85.8947,nan
2026-06-02 14:38:16.839,BASELINE,NEW_DATA,8.8605,85.8947,nan,8.8605,85.8947,nan
2026-06-02 14:38:16.860,BASELINE,NEW_DATA,8.8681,85.8947,nan,8.8681,85.8947,nan
2026-06-02 14:38:16.880,BASELINE,NEW_DATA,8.8733,85.8947,nan,8.8733,85.8947,nan
2026-06-02 14:38:16.900,BASELINE,NEW_DATA,8.8626,85.8947,nan,8.8626,85.8947,nan
2026-06-02 14:38:16.921,BASELINE,NEW_DATA,8.8619,85.8947,nan,8.8619,85.8947,nan
2026-06-02 14:38:16.941,BASELINE,NEW_DATA,8.8574,85.8947,nan,8.8574,85.8947,nan
2026-06-02 14:38:16.961,BASELINE,NEW_DATA,8.8598,85.8947,nan,8.8598,85.8947,nan
2026-06-02 14:38:16.982,BASELINE,NEW_DATA,8.8581,85.8947,nan,8.8581,85.8947,nan
2026-06-02 14:38:17.002,BASELINE,NEW_DATA,8.8563,85.8947,nan,8.8563,85.8947,nan
2026-06-02 14:38:17.023,BASELINE,NEW_DATA,8.8574,85.8947,nan,8.8574,85.8947,nan
2026-06-02 14:38:17.043,BASELINE,NEW_DATA,8.8563,85.8947,nan,8.8563,85.8947,nan
2026-06-02 14:38:17.064,BASELINE,NEW_DATA,8.8581,85.8947,nan,8.8581,85.8947,nan
2026-06-02 14:38:17.085,BASELINE,NEW_DATA,8.8581,85.8947,nan,8.8581,85.8947,nan
2026-06-02 14:38:17.105,BASELINE,NEW_DATA,8.8584,85.8947,nan,8.8584,85.8947,nan
2026-06-02 14:38:17.125,BASELINE,NEW_DATA,8.8570,85.8947,nan,8.8570,85.8947,nan
2026-06-02 14:38:17.146,BASELINE,NEW_DATA,8.8588,85.8947,nan,8.8588,85.8947,nan
2026-06-02 14:38:17.166,BASELINE,NEW_DATA,8.8570,85.8947,nan,8.8570,85.8947,nan
2026-06-02 14:38:17.187,BASELINE,NEW_DATA,8.8539,85.8947,nan,8.8539,85.8947,nan
2026-06-02 14:38:17.207,BASELINE,NEW_DATA,8.8556,85.8947,nan,8.8556,85.8947,nan
2026-06-02 14:38:17.227,BASELINE,NEW_DATA,8.8553,86.1148,nan,8.8553,86.1148,nan
2026-06-02 14:38:17.248,BASELINE,NEW_DATA,8.8525,86.1148,nan,8.8525,86.1148,nan
2026-06-02 14:38:17.269,BASELINE,NEW_DATA,8.8550,86.1148,nan,8.8550,86.1148,nan
2026-06-02 14:38:17.289,BASELINE,NEW_DATA,8.8504,86.1148,nan,8.8504,86.1148,nan
2026-06-02 14:38:17.310,BASELINE,NEW_DATA,8.8529,86.1148,nan,8.8529,86.1148,nan
2026-06-02 14:38:17.330,BASELINE,NEW_DATA,8.8550,86.1148,nan,8.8550,86.1148,nan
2026-06-02 14:38:17.351,BASELINE,NEW_DATA,8.8511,86.1148,nan,8.8511,86.1148,nan
2026-06-02 14:38:17.372,BASELINE,NEW_DATA,8.8511,86.1148,nan,8.8511,86.1148,nan
2026-06-02 14:38:17.392,BASELINE,NEW_DATA,8.8518,86.1148,nan,8.8518,86.1148,nan
2026-06-02 14:38:17.412,BASELINE,NEW_DATA,8.8504,86.1148,nan,8.8504,86.1148,nan
2026-06-02 14:38:17.432,BASELINE,NEW_DATA,8.8522,86.1148,nan,8.8522,86.1148,nan
2026-06-02 14:38:17.453,BASELINE,NEW_DATA,8.8525,86.1148,nan,8.8525,86.1148,nan
2026-06-02 14:38:17.473,BASELINE,NEW_DATA,8.8491,86.1148,nan,8.8491,86.1148,nan
2026-06-02 14:38:17.494,BASELINE,NEW_DATA,8.8494,86.1148,nan,8.8494,86.1148,nan
2026-06-02 14:38:17.515,BASELINE,NEW_DATA,8.8504,86.1148,nan,8.8504,86.1148,nan
2026-06-02 14:38:17.535,BASELINE,NEW_DATA,8.8491,86.1148,nan,8.8491,86.1148,nan
2026-06-02 14:38:17.556,BASELINE,NEW_DATA,8.8588,86.1148,nan,8.8588,86.1148,nan
2026-06-02 14:38:17.577,BASELINE,NEW_DATA,8.8543,86.1148,nan,8.8543,86.1148,nan
2026-06-02 14:38:17.598,BASELINE,NEW_DATA,8.8449,86.1148,nan,8.8449,86.1148,nan
2026-06-02 14:38:17.618,BASELINE,NEW_DATA,8.8463,86.1148,nan,8.8463,86.1148,nan
2026-06-02 14:38:17.639,BASELINE,NEW_DATA,8.8494,86.1148,nan,8.8494,86.1148,nan
2026-06-02 14:38:17.659,BASELINE,NEW_DATA,8.8473,86.1148,nan,8.8473,86.1148,nan
2026-06-02 14:38:17.679,BASELINE,NEW_DATA,8.8470,86.1148,nan,8.8470,86.1148,nan
2026-06-02 14:38:17.700,BASELINE,NEW_DATA,8.8498,86.1148,nan,8.8498,86.1148,nan
2026-06-02 14:38:17.721,BASELINE,NEW_DATA,8.8511,86.1148,nan,8.8511,86.1148,nan
2026-06-02 14:38:17.741,BASELINE,NEW_DATA,8.8477,86.1148,nan,8.8477,86.1148,nan
2026-06-02 14:38:17.761,BASELINE,NEW_DATA,8.8525,86.1148,nan,8.8525,86.1148,nan
2026-06-02 14:38:17.781,BASELINE,NEW_DATA,8.8501,86.1148,nan,8.8501,86.1148,nan
2026-06-02 14:38:17.801,BASELINE,NEW_DATA,8.8536,86.1148,nan,8.8536,86.1148,nan
2026-06-02 14:38:17.822,BASELINE,NEW_DATA,8.8529,86.1148,nan,8.8529,86.1148,nan
2026-06-02 14:38:17.843,BASELINE,NEW_DATA,8.8487,86.1148,nan,8.8487,86.1148,nan
2026-06-02 14:38:17.867,BASELINE,NEW_DATA,8.8498,86.1148,nan,8.8498,86.1148,nan
2026-06-02 14:38:17.884,BASELINE,NEW_DATA,8.8435,86.1148,nan,8.8435,86.1148,nan
2026-06-02 14:38:17.904,BASELINE,NEW_DATA,8.8449,86.1148,nan,8.8449,86.1148,nan
2026-06-02 14:38:17.925,BASELINE,NEW_DATA,8.8466,86.1148,nan,8.8466,86.1148,nan
2026-06-02 14:38:17.945,BASELINE,NEW_DATA,8.8435,86.1148,nan,8.8435,86.1148,nan
2026-06-02 14:38:17.965,BASELINE,NEW_DATA,8.8439,86.1148,nan,8.8439,86.1148,nan
2026-06-02 14:38:17.985,BASELINE,NEW_DATA,8.8449,86.1148,nan,8.8449,86.1148,nan
2026-06-02 14:38:18.006,BASELINE,NEW_DATA,8.8439,86.1148,nan,8.8439,86.1148,nan
2026-06-02 14:38:18.026,BASELINE,NEW_DATA,8.8425,86.1148,nan,8.8425,86.1148,nan
2026-06-02 14:38:18.047,BASELINE,NEW_DATA,8.8390,86.1148,nan,8.8390,86.1148,nan
2026-06-02 14:38:18.068,BASELINE,NEW_DATA,8.8387,86.1148,nan,8.8387,86.1148,nan
2026-06-02 14:38:18.089,BASELINE,NEW_DATA,8.8414,86.1148,nan,8.8414,86.1148,nan
2026-06-02 14:38:18.109,BASELINE,NEW_DATA,8.8407,86.1148,nan,8.8407,86.1148,nan
2026-06-02 14:38:18.130,BASELINE,NEW_DATA,8.8383,86.1148,nan,8.8383,86.1148,nan
2026-06-02 14:38:18.151,BASELINE,NEW_DATA,8.8387,86.1148,nan,8.8387,86.1148,nan
2026-06-02 14:38:18.171,BASELINE,NEW_DATA,8.8387,86.1148,nan,8.8387,86.1148,nan
2026-06-02 14:38:18.192,BASELINE,NEW_DATA,8.8383,86.1148,nan,8.8383,86.1148,nan
2026-06-02 14:38:18.212,BASELINE,NEW_DATA,8.8348,86.1148,nan,8.8348,86.1148,nan
2026-06-02 14:38:18.233,BASELINE,NEW_DATA,8.8432,86.3080,nan,8.8432,86.3080,nan
2026-06-02 14:38:18.253,BASELINE,NEW_DATA,8.8473,86.3080,nan,8.8473,86.3080,nan
2026-06-02 14:38:18.274,BASELINE,NEW_DATA,8.8331,86.3080,nan,8.8331,86.3080,nan
2026-06-02 14:38:18.295,BASELINE,NEW_DATA,8.8376,86.3080,nan,8.8376,86.3080,nan
2026-06-02 14:38:18.315,BASELINE,NEW_DATA,8.8380,86.3080,nan,8.8380,86.3080,nan
2026-06-02 14:38:18.336,BASELINE,NEW_DATA,8.8359,86.3080,nan,8.8359,86.3080,nan
2026-06-02 14:38:18.356,BASELINE,NEW_DATA,8.8362,86.3080,nan,8.8362,86.3080,nan
2026-06-02 14:38:18.380,BASELINE,NEW_DATA,8.8376,86.3080,nan,8.8376,86.3080,nan
2026-06-02 14:38:18.398,BASELINE,NEW_DATA,8.8387,86.3080,nan,8.8387,86.3080,nan
2026-06-02 14:38:18.419,BASELINE,NEW_DATA,8.8397,86.3080,nan,8.8397,86.3080,nan
2026-06-02 14:38:18.439,BASELINE,NEW_DATA,8.8397,86.3080,nan,8.8397,86.3080,nan
2026-06-02 14:38:18.460,BASELINE,NEW_DATA,8.8428,86.3080,nan,8.8428,86.3080,nan
2026-06-02 14:38:18.480,BASELINE,NEW_DATA,8.8432,86.3080,nan,8.8432,86.3080,nan
2026-06-02 14:38:18.500,BASELINE,NEW_DATA,8.8435,86.3080,nan,8.8435,86.3080,nan
2026-06-02 14:38:18.521,BASELINE,NEW_DATA,8.8421,86.3080,nan,8.8421,86.3080,nan
2026-06-02 14:38:18.541,BASELINE,NEW_DATA,8.8411,86.3080,nan,8.8411,86.3080,nan
2026-06-02 14:38:18.562,BASELINE,NEW_DATA,8.8407,86.3080,nan,8.8407,86.3080,nan
2026-06-02 14:38:18.582,BASELINE,NEW_DATA,8.8404,86.3080,nan,8.8404,86.3080,nan
2026-06-02 14:38:18.602,BASELINE,NEW_DATA,8.8404,86.3080,nan,8.8404,86.3080,nan
2026-06-02 14:38:18.623,BASELINE,NEW_DATA,8.8414,86.3080,nan,8.8414,86.3080,nan
2026-06-02 14:38:18.643,BASELINE,NEW_DATA,8.8387,86.3080,nan,8.8387,86.3080,nan
2026-06-02 14:38:18.664,BASELINE,NEW_DATA,8.8411,86.3080,nan,8.8411,86.3080,nan
2026-06-02 14:38:18.684,BASELINE,NEW_DATA,8.8366,86.3080,nan,8.8366,86.3080,nan
2026-06-02 14:38:18.704,BASELINE,NEW_DATA,8.8387,86.3080,nan,8.8387,86.3080,nan
2026-06-02 14:38:18.724,BASELINE,NEW_DATA,8.8355,86.3080,nan,8.8355,86.3080,nan
2026-06-02 14:38:18.745,BASELINE,NEW_DATA,8.8362,87.0890,nan,8.8362,87.0890,nan
2026-06-02 14:38:18.765,BASELINE,NEW_DATA,8.8387,87.0890,nan,8.8387,87.0890,nan
2026-06-02 14:38:18.785,BASELINE,NEW_DATA,8.8380,87.0890,nan,8.8380,87.0890,nan
2026-06-02 14:38:18.805,BASELINE,NEW_DATA,8.8335,87.0890,nan,8.8335,87.0890,nan
2026-06-02 14:38:18.826,BASELINE,NEW_DATA,8.8359,87.0890,nan,8.8359,87.0890,nan
2026-06-02 14:38:18.846,BASELINE,NEW_DATA,8.8359,87.0890,nan,8.8359,87.0890,nan
2026-06-02 14:38:18.866,BASELINE,NEW_DATA,8.8328,87.0890,nan,8.8328,87.0890,nan
2026-06-02 14:38:18.891,BASELINE,NEW_DATA,8.8456,87.0890,nan,8.8456,87.0890,nan
2026-06-02 14:38:18.909,BASELINE,NEW_DATA,8.8411,87.0890,nan,8.8411,87.0890,nan
2026-06-02 14:38:18.929,BASELINE,NEW_DATA,8.8348,87.0890,nan,8.8348,87.0890,nan
2026-06-02 14:38:18.950,BASELINE,NEW_DATA,8.8359,87.0890,nan,8.8359,87.0890,nan
2026-06-02 14:38:18.970,BASELINE,NEW_DATA,8.8359,87.0890,nan,8.8359,87.0890,nan
2026-06-02 14:38:18.991,BASELINE,NEW_DATA,8.8359,87.0890,nan,8.8359,87.0890,nan
2026-06-02 14:38:19.011,BASELINE,NEW_DATA,8.8352,87.0890,nan,8.8352,87.0890,nan
2026-06-02 14:38:19.031,BASELINE,NEW_DATA,8.8387,87.0890,nan,8.8387,87.0890,nan
2026-06-02 14:38:19.052,BASELINE,NEW_DATA,8.8376,87.0890,nan,8.8376,87.0890,nan
2026-06-02 14:38:19.072,BASELINE,NEW_DATA,8.8407,87.0890,nan,8.8407,87.0890,nan
2026-06-02 14:38:19.093,BASELINE,NEW_DATA,8.8470,87.0890,nan,8.8470,87.0890,nan
2026-06-02 14:38:19.113,BASELINE,NEW_DATA,8.8480,87.0890,nan,8.8480,87.0890,nan
2026-06-02 14:38:19.133,BASELINE,NEW_DATA,8.8491,87.0890,nan,8.8491,87.0890,nan
2026-06-02 14:38:19.154,BASELINE,NEW_DATA,8.8498,87.0890,nan,8.8498,87.0890,nan
2026-06-02 14:38:19.174,BASELINE,NEW_DATA,8.8487,87.0890,nan,8.8487,87.0890,nan
2026-06-02 14:38:19.195,BASELINE,NEW_DATA,8.8473,87.0890,nan,8.8473,87.0890,nan
2026-06-02 14:38:19.216,BASELINE,NEW_DATA,8.8504,87.0890,nan,8.8504,87.0890,nan
2026-06-02 14:38:19.236,BASELINE,NEW_DATA,8.8477,87.1741,nan,8.8477,87.1741,nan
2026-06-02 14:38:19.257,BASELINE,NEW_DATA,8.8484,87.1741,nan,8.8484,87.1741,nan
2026-06-02 14:38:19.278,BASELINE,NEW_DATA,8.8508,87.1741,nan,8.8508,87.1741,nan
2026-06-02 14:38:19.299,BASELINE,NEW_DATA,8.8511,87.1741,nan,8.8511,87.1741,nan
2026-06-02 14:38:19.319,BASELINE,NEW_DATA,8.8487,87.1741,nan,8.8487,87.1741,nan
2026-06-02 14:38:19.340,BASELINE,NEW_DATA,8.8484,87.1741,nan,8.8484,87.1741,nan
2026-06-02 14:38:19.361,BASELINE,NEW_DATA,8.8515,87.1741,nan,8.8515,87.1741,nan
2026-06-02 14:38:19.381,BASELINE,NEW_DATA,8.8504,87.1741,nan,8.8504,87.1741,nan
2026-06-02 14:38:19.407,BASELINE,NEW_DATA,8.8511,87.1741,nan,8.8511,87.1741,nan
2026-06-02 14:38:19.423,BASELINE,NEW_DATA,8.8522,87.1741,nan,8.8522,87.1741,nan
2026-06-02 14:38:19.444,BASELINE,NEW_DATA,8.8525,87.1741,nan,8.8525,87.1741,nan
2026-06-02 14:38:19.465,BASELINE,NEW_DATA,8.8536,87.1741,nan,8.8536,87.1741,nan
2026-06-02 14:38:19.485,BASELINE,NEW_DATA,8.8522,87.1741,nan,8.8522,87.1741,nan
2026-06-02 14:38:19.506,BASELINE,NEW_DATA,8.8504,87.1741,nan,8.8504,87.1741,nan
2026-06-02 14:38:19.526,BASELINE,NEW_DATA,8.8491,87.1741,nan,8.8491,87.1741,nan
2026-06-02 14:38:19.546,BASELINE,NEW_DATA,8.8432,87.1741,nan,8.8432,87.1741,nan
2026-06-02 14:38:19.567,BASELINE,NEW_DATA,8.8529,87.1741,nan,8.8529,87.1741,nan
2026-06-02 14:38:19.587,BASELINE,NEW_DATA,8.8550,87.1741,nan,8.8550,87.1741,nan
2026-06-02 14:38:19.607,BASELINE,NEW_DATA,8.8418,87.1741,nan,8.8418,87.1741,nan
2026-06-02 14:38:19.628,BASELINE,NEW_DATA,8.8463,87.1741,nan,8.8463,87.1741,nan
2026-06-02 14:38:19.648,BASELINE,NEW_DATA,8.8456,87.1741,nan,8.8456,87.1741,nan
2026-06-02 14:38:19.670,BASELINE,NEW_DATA,8.8421,87.1741,nan,8.8421,87.1741,nan
2026-06-02 14:38:19.690,BASELINE,NEW_DATA,8.8459,87.1741,nan,8.8459,87.1741,nan
2026-06-02 14:38:19.710,BASELINE,NEW_DATA,8.8445,87.1741,nan,8.8445,87.1741,nan
2026-06-02 14:38:19.731,BASELINE,NEW_DATA,8.8452,87.1741,nan,8.8452,87.1741,nan
2026-06-02 14:38:19.752,BASELINE,NEW_DATA,8.8470,87.1741,nan,8.8470,87.1741,nan
2026-06-02 14:38:19.772,BASELINE,NEW_DATA,8.8494,87.1741,nan,8.8494,87.1741,nan
2026-06-02 14:38:19.793,BASELINE,NEW_DATA,8.8480,87.1741,nan,8.8480,87.1741,nan
2026-06-02 14:38:19.813,BASELINE,NEW_DATA,8.8480,87.1741,nan,8.8480,87.1741,nan
2026-06-02 14:38:19.833,BASELINE,NEW_DATA,8.8498,87.1741,nan,8.8498,87.1741,nan
2026-06-02 14:38:19.853,BASELINE,NEW_DATA,8.8466,87.1741,nan,8.8466,87.1741,nan
2026-06-02 14:38:19.874,BASELINE,NEW_DATA,8.8359,87.1741,nan,8.8359,87.1741,nan
2026-06-02 14:38:19.894,BASELINE,NEW_DATA,8.8452,87.1741,nan,8.8452,87.1741,nan
2026-06-02 14:38:19.917,BASELINE,NEW_DATA,8.8439,87.1741,nan,8.8439,87.1741,nan
2026-06-02 14:38:19.936,BASELINE,NEW_DATA,8.8449,87.1741,nan,8.8449,87.1741,nan
2026-06-02 14:38:19.956,BASELINE,NEW_DATA,8.8449,87.1741,nan,8.8449,87.1741,nan
2026-06-02 14:38:19.976,BASELINE,NEW_DATA,8.8452,87.1741,nan,8.8452,87.1741,nan
2026-06-02 14:38:19.996,BASELINE,NEW_DATA,8.8435,87.1741,nan,8.8435,87.1741,nan
2026-06-02 14:38:20.017,BASELINE,NEW_DATA,8.8411,87.1741,nan,8.8411,87.1741,nan
2026-06-02 14:38:20.037,BASELINE,NEW_DATA,8.8432,87.1741,nan,8.8432,87.1741,nan
2026-06-02 14:38:20.057,BASELINE,NEW_DATA,8.8442,87.1741,nan,8.8442,87.1741,nan
2026-06-02 14:38:20.079,BASELINE,NEW_DATA,8.8432,87.1741,nan,8.8432,87.1741,nan
2026-06-02 14:38:20.100,BASELINE,NEW_DATA,8.8421,87.1741,nan,8.8421,87.1741,nan
2026-06-02 14:38:20.120,BASELINE,NEW_DATA,8.8411,87.1741,nan,8.8411,87.1741,nan
2026-06-02 14:38:20.140,BASELINE,NEW_DATA,8.8439,87.1741,nan,8.8439,87.1741,nan
2026-06-02 14:38:20.161,BASELINE,NEW_DATA,8.8425,87.1741,nan,8.8425,87.1741,nan
2026-06-02 14:38:20.181,BASELINE,NEW_DATA,8.8421,87.1741,nan,8.8421,87.1741,nan
2026-06-02 14:38:20.201,BASELINE,NEW_DATA,8.8432,87.1741,nan,8.8432,87.1741,nan
2026-06-02 14:38:20.222,BASELINE,NEW_DATA,8.8487,87.1741,nan,8.8487,87.1741,nan
2026-06-02 14:38:20.243,BASELINE,NEW_DATA,8.8553,87.5745,nan,8.8553,87.5745,nan
2026-06-02 14:38:20.263,BASELINE,NEW_DATA,8.8414,87.5745,nan,8.8414,87.5745,nan
2026-06-02 14:38:20.284,BASELINE,NEW_DATA,8.8439,87.5745,nan,8.8439,87.5745,nan
2026-06-02 14:38:20.305,BASELINE,NEW_DATA,8.8452,87.5745,nan,8.8452,87.5745,nan
2026-06-02 14:38:20.326,BASELINE,NEW_DATA,8.8439,87.5745,nan,8.8439,87.5745,nan
2026-06-02 14:38:20.346,BASELINE,NEW_DATA,8.8459,87.5745,nan,8.8459,87.5745,nan
2026-06-02 14:38:20.366,BASELINE,NEW_DATA,8.8504,87.5745,nan,8.8504,87.5745,nan
2026-06-02 14:38:20.386,BASELINE,NEW_DATA,8.8491,87.5745,nan,8.8491,87.5745,nan
2026-06-02 14:38:20.406,BASELINE,NEW_DATA,8.8525,87.5745,nan,8.8525,87.5745,nan
2026-06-02 14:38:20.429,BASELINE,NEW_DATA,8.8515,87.5745,nan,8.8515,87.5745,nan
2026-06-02 14:38:20.449,BASELINE,NEW_DATA,8.8529,87.5745,nan,8.8529,87.5745,nan
2026-06-02 14:38:20.469,BASELINE,NEW_DATA,8.8567,87.5745,nan,8.8567,87.5745,nan
2026-06-02 14:38:20.489,BASELINE,NEW_DATA,8.8570,87.5745,nan,8.8570,87.5745,nan
2026-06-02 14:38:20.509,BASELINE,NEW_DATA,8.8536,87.5745,nan,8.8536,87.5745,nan
2026-06-02 14:38:20.530,BASELINE,NEW_DATA,8.8518,87.5745,nan,8.8518,87.5745,nan
2026-06-02 14:38:20.550,BASELINE,NEW_DATA,8.8463,87.5745,nan,8.8463,87.5745,nan
2026-06-02 14:38:20.570,BASELINE,NEW_DATA,8.8511,87.5745,nan,8.8511,87.5745,nan
2026-06-02 14:38:20.590,BASELINE,NEW_DATA,8.8473,87.5745,nan,8.8473,87.5745,nan
2026-06-02 14:38:20.611,BASELINE,NEW_DATA,8.8477,87.5745,nan,8.8477,87.5745,nan
2026-06-02 14:38:20.631,BASELINE,NEW_DATA,8.8470,87.5745,nan,8.8470,87.5745,nan
2026-06-02 14:38:20.651,BASELINE,NEW_DATA,8.8522,87.5745,nan,8.8522,87.5745,nan
2026-06-02 14:38:20.672,BASELINE,NEW_DATA,8.8466,87.5745,nan,8.8466,87.5745,nan
2026-06-02 14:38:20.693,BASELINE,NEW_DATA,8.8477,87.5745,nan,8.8477,87.5745,nan
2026-06-02 14:38:20.714,BASELINE,NEW_DATA,8.8452,87.5745,nan,8.8452,87.5745,nan
2026-06-02 14:38:20.735,BASELINE,NEW_DATA,8.8477,87.6588,nan,8.8477,87.6588,nan
2026-06-02 14:38:20.755,BASELINE,NEW_DATA,8.8487,87.6588,nan,8.8487,87.6588,nan
2026-06-02 14:38:20.775,BASELINE,NEW_DATA,8.8494,87.6588,nan,8.8494,87.6588,nan
2026-06-02 14:38:20.796,BASELINE,NEW_DATA,8.8470,87.6588,nan,8.8470,87.6588,nan
2026-06-02 14:38:20.816,BASELINE,NEW_DATA,8.8463,87.6588,nan,8.8463,87.6588,nan
2026-06-02 14:38:20.836,BASELINE,NEW_DATA,8.8421,87.6588,nan,8.8421,87.6588,nan
2026-06-02 14:38:20.857,BASELINE,NEW_DATA,8.8459,87.6588,nan,8.8459,87.6588,nan
2026-06-02 14:38:20.877,BASELINE,NEW_DATA,8.8432,87.6588,nan,8.8432,87.6588,nan
2026-06-02 14:38:20.897,BASELINE,NEW_DATA,8.8466,87.6588,nan,8.8466,87.6588,nan
2026-06-02 14:38:20.918,BASELINE,NEW_DATA,8.8525,87.6588,nan,8.8525,87.6588,nan
2026-06-02 14:38:20.944,BASELINE,NEW_DATA,8.8432,87.6588,nan,8.8432,87.6588,nan
2026-06-02 14:38:20.960,BASELINE,NEW_DATA,8.8355,87.6588,nan,8.8355,87.6588,nan
2026-06-02 14:38:20.980,BASELINE,NEW_DATA,8.8362,87.6588,nan,8.8362,87.6588,nan
2026-06-02 14:38:21.000,BASELINE,NEW_DATA,8.8359,87.6588,nan,8.8359,87.6588,nan
2026-06-02 14:38:21.021,BASELINE,NEW_DATA,8.8359,87.6588,nan,8.8359,87.6588,nan
2026-06-02 14:38:21.042,BASELINE,NEW_DATA,8.8376,87.6588,nan,8.8376,87.6588,nan
2026-06-02 14:38:21.062,BASELINE,NEW_DATA,8.8348,87.6588,nan,8.8348,87.6588,nan
2026-06-02 14:38:21.083,BASELINE,NEW_DATA,8.8355,87.6588,nan,8.8355,87.6588,nan
2026-06-02 14:38:21.103,BASELINE,NEW_DATA,8.8380,87.6588,nan,8.8380,87.6588,nan
2026-06-02 14:38:21.124,BASELINE,NEW_DATA,8.8383,87.6588,nan,8.8383,87.6588,nan
2026-06-02 14:38:21.144,BASELINE,NEW_DATA,8.8383,87.6588,nan,8.8383,87.6588,nan
2026-06-02 14:38:21.164,BASELINE,NEW_DATA,8.8366,87.6588,nan,8.8366,87.6588,nan
2026-06-02 14:38:21.185,BASELINE,NEW_DATA,8.8376,87.6588,nan,8.8376,87.6588,nan
2026-06-02 14:38:21.205,BASELINE,NEW_DATA,8.8376,87.6588,nan,8.8376,87.6588,nan
2026-06-02 14:38:21.225,BASELINE,NEW_DATA,8.8362,87.6588,nan,8.8362,87.6588,nan
2026-06-02 14:38:21.246,BASELINE,NEW_DATA,8.8335,88.0218,nan,8.8335,88.0218,nan
2026-06-02 14:38:21.267,BASELINE,NEW_DATA,8.8359,88.0218,nan,8.8359,88.0218,nan
2026-06-02 14:38:21.287,BASELINE,NEW_DATA,8.8348,88.0218,nan,8.8348,88.0218,nan
2026-06-02 14:38:21.308,BASELINE,NEW_DATA,8.8348,88.0218,nan,8.8348,88.0218,nan
2026-06-02 14:38:21.330,BASELINE,NEW_DATA,8.8348,88.0218,nan,8.8348,88.0218,nan
2026-06-02 14:38:21.350,BASELINE,NEW_DATA,8.8341,88.0218,nan,8.8341,88.0218,nan
2026-06-02 14:38:21.370,BASELINE,NEW_DATA,8.8310,88.0218,nan,8.8310,88.0218,nan
2026-06-02 14:38:21.391,BASELINE,NEW_DATA,8.8335,88.0218,nan,8.8335,88.0218,nan
2026-06-02 14:38:21.412,BASELINE,NEW_DATA,8.8321,88.0218,nan,8.8321,88.0218,nan
2026-06-02 14:38:21.432,BASELINE,NEW_DATA,8.8324,88.0218,nan,8.8324,88.0218,nan
2026-06-02 14:38:21.457,BASELINE,NEW_DATA,8.8331,88.0218,nan,8.8331,88.0218,nan
2026-06-02 14:38:21.473,BASELINE,NEW_DATA,8.8296,88.0218,nan,8.8296,88.0218,nan
2026-06-02 14:38:21.494,BASELINE,NEW_DATA,8.8286,88.0218,nan,8.8286,88.0218,nan
2026-06-02 14:38:21.515,BASELINE,NEW_DATA,8.8276,88.0218,nan,8.8276,88.0218,nan
2026-06-02 14:38:21.535,BASELINE,NEW_DATA,8.8241,88.0218,nan,8.8241,88.0218,nan
2026-06-02 14:38:21.556,BASELINE,NEW_DATA,8.8362,88.0218,nan,8.8362,88.0218,nan
2026-06-02 14:38:21.576,BASELINE,NEW_DATA,8.8348,88.0218,nan,8.8348,88.0218,nan
2026-06-02 14:38:21.596,BASELINE,NEW_DATA,8.8265,88.0218,nan,8.8265,88.0218,nan
2026-06-02 14:38:21.616,BASELINE,NEW_DATA,8.8248,88.0218,nan,8.8248,88.0218,nan
2026-06-02 14:38:21.637,BASELINE,NEW_DATA,8.8244,88.0218,nan,8.8244,88.0218,nan
2026-06-02 14:38:21.657,BASELINE,NEW_DATA,8.8244,88.0218,nan,8.8244,88.0218,nan
2026-06-02 14:38:21.678,BASELINE,NEW_DATA,8.8262,88.0218,nan,8.8262,88.0218,nan
2026-06-02 14:38:21.699,BASELINE,NEW_DATA,8.8217,88.0218,nan,8.8217,88.0218,nan
2026-06-02 14:38:21.719,BASELINE,NEW_DATA,8.8244,88.0218,nan,8.8244,88.0218,nan
2026-06-02 14:38:21.740,BASELINE,NEW_DATA,8.8251,88.0218,nan,8.8251,88.0218,nan
2026-06-02 14:38:21.760,BASELINE,NEW_DATA,8.8286,88.0218,nan,8.8286,88.0218,nan
2026-06-02 14:38:21.781,BASELINE,NEW_DATA,8.8272,88.0218,nan,8.8272,88.0218,nan
2026-06-02 14:38:21.802,BASELINE,NEW_DATA,8.8279,88.0218,nan,8.8279,88.0218,nan
2026-06-02 14:38:21.823,BASELINE,NEW_DATA,8.8279,88.0218,nan,8.8279,88.0218,nan
2026-06-02 14:38:21.843,BASELINE,NEW_DATA,8.8265,88.0218,nan,8.8265,88.0218,nan
2026-06-02 14:38:21.864,BASELINE,NEW_DATA,8.8244,88.0218,nan,8.8244,88.0218,nan
2026-06-02 14:38:21.884,BASELINE,NEW_DATA,8.8237,88.0218,nan,8.8237,88.0218,nan
2026-06-02 14:38:21.904,BASELINE,NEW_DATA,8.8241,88.0218,nan,8.8241,88.0218,nan
2026-06-02 14:38:21.925,BASELINE,NEW_DATA,8.8210,88.0218,nan,8.8210,88.0218,nan
2026-06-02 14:38:21.945,BASELINE,NEW_DATA,8.8237,88.0218,nan,8.8237,88.0218,nan
2026-06-02 14:38:21.969,BASELINE,NEW_DATA,8.8244,88.0218,nan,8.8244,88.0218,nan
2026-06-02 14:38:21.986,BASELINE,NEW_DATA,8.8217,88.0218,nan,8.8217,88.0218,nan
2026-06-02 14:38:22.006,BASELINE,NEW_DATA,8.8217,88.0218,nan,8.8217,88.0218,nan
2026-06-02 14:38:22.027,BASELINE,NEW_DATA,8.8189,88.0218,nan,8.8189,88.0218,nan
2026-06-02 14:38:22.047,BASELINE,NEW_DATA,8.8210,88.0218,nan,8.8210,88.0218,nan
2026-06-02 14:38:22.068,BASELINE,NEW_DATA,8.8189,88.0218,nan,8.8189,88.0218,nan
2026-06-02 14:38:22.089,BASELINE,NEW_DATA,8.8182,88.0218,nan,8.8182,88.0218,nan
2026-06-02 14:38:22.109,BASELINE,NEW_DATA,8.8185,88.0218,nan,8.8185,88.0218,nan
2026-06-02 14:38:22.130,BASELINE,NEW_DATA,8.8182,88.0218,nan,8.8182,88.0218,nan
2026-06-02 14:38:22.150,BASELINE,NEW_DATA,8.8178,88.0218,nan,8.8178,88.0218,nan
2026-06-02 14:38:22.171,BASELINE,NEW_DATA,8.8140,88.0218,nan,8.8140,88.0218,nan
2026-06-02 14:38:22.192,BASELINE,NEW_DATA,8.8116,88.0218,nan,8.8116,88.0218,nan
2026-06-02 14:38:22.212,BASELINE,NEW_DATA,8.8140,88.0218,nan,8.8140,88.0218,nan
2026-06-02 14:38:22.232,BASELINE,NEW_DATA,8.8144,87.9209,nan,8.8144,87.9209,nan
2026-06-02 14:38:22.253,BASELINE,NEW_DATA,8.8282,87.9209,nan,8.8282,87.9209,nan
2026-06-02 14:38:22.273,BASELINE,NEW_DATA,8.8161,87.9209,nan,8.8161,87.9209,nan
2026-06-02 14:38:22.294,BASELINE,NEW_DATA,8.8120,87.9209,nan,8.8120,87.9209,nan
2026-06-02 14:38:22.315,BASELINE,NEW_DATA,8.8126,87.9209,nan,8.8126,87.9209,nan
2026-06-02 14:38:22.335,BASELINE,NEW_DATA,8.8099,87.9209,nan,8.8099,87.9209,nan
2026-06-02 14:38:22.356,BASELINE,NEW_DATA,8.8116,87.9209,nan,8.8116,87.9209,nan
2026-06-02 14:38:22.376,BASELINE,NEW_DATA,8.8074,87.9209,nan,8.8074,87.9209,nan
2026-06-02 14:38:22.396,BASELINE,NEW_DATA,8.8099,87.9209,nan,8.8099,87.9209,nan
2026-06-02 14:38:22.417,BASELINE,NEW_DATA,8.8102,87.9209,nan,8.8102,87.9209,nan
2026-06-02 14:38:22.438,BASELINE,NEW_DATA,8.8088,87.9209,nan,8.8088,87.9209,nan
2026-06-02 14:38:22.458,BASELINE,NEW_DATA,8.8106,87.9209,nan,8.8106,87.9209,nan
2026-06-02 14:38:22.483,BASELINE,NEW_DATA,8.8116,87.9209,nan,8.8116,87.9209,nan
2026-06-02 14:38:22.500,BASELINE,NEW_DATA,8.8140,87.9209,nan,8.8140,87.9209,nan
2026-06-02 14:38:22.521,BASELINE,NEW_DATA,8.8133,87.9209,nan,8.8133,87.9209,nan
2026-06-02 14:38:22.541,BASELINE,NEW_DATA,8.8113,87.9209,nan,8.8113,87.9209,nan
2026-06-02 14:38:22.562,BASELINE,NEW_DATA,8.8120,87.9209,nan,8.8120,87.9209,nan
2026-06-02 14:38:22.582,BASELINE,NEW_DATA,8.8116,87.9209,nan,8.8116,87.9209,nan
2026-06-02 14:38:22.602,BASELINE,NEW_DATA,8.8099,87.9209,nan,8.8099,87.9209,nan
2026-06-02 14:38:22.623,BASELINE,NEW_DATA,8.8029,87.9209,nan,8.8029,87.9209,nan
2026-06-02 14:38:22.644,BASELINE,NEW_DATA,8.8109,87.9209,nan,8.8109,87.9209,nan
2026-06-02 14:38:22.664,BASELINE,NEW_DATA,8.8154,87.9209,nan,8.8154,87.9209,nan
2026-06-02 14:38:22.685,BASELINE,NEW_DATA,8.8113,87.9209,nan,8.8113,87.9209,nan
2026-06-02 14:38:22.705,BASELINE,NEW_DATA,8.8099,87.9209,nan,8.8099,87.9209,nan
2026-06-02 14:38:22.726,BASELINE,NEW_DATA,8.8161,87.7899,nan,8.8161,87.7899,nan
2026-06-02 14:38:22.746,BASELINE,NEW_DATA,8.8109,87.7899,nan,8.8109,87.7899,nan
2026-06-02 14:38:22.767,BASELINE,NEW_DATA,8.8137,87.7899,nan,8.8137,87.7899,nan
2026-06-02 14:38:22.788,BASELINE,NEW_DATA,8.8140,87.7899,nan,8.8140,87.7899,nan
2026-06-02 14:38:22.808,BASELINE,NEW_DATA,8.8154,87.7899,nan,8.8154,87.7899,nan
2026-06-02 14:38:22.829,BASELINE,NEW_DATA,8.8158,87.7899,nan,8.8158,87.7899,nan
2026-06-02 14:38:22.850,BASELINE,NEW_DATA,8.8158,87.7899,nan,8.8158,87.7899,nan
2026-06-02 14:38:22.870,BASELINE,NEW_DATA,8.8126,87.7899,nan,8.8126,87.7899,nan
2026-06-02 14:38:22.891,BASELINE,NEW_DATA,8.8137,87.7899,nan,8.8137,87.7899,nan
2026-06-02 14:38:22.911,BASELINE,NEW_DATA,8.8116,87.7899,nan,8.8116,87.7899,nan
2026-06-02 14:38:22.931,BASELINE,NEW_DATA,8.8151,87.7899,nan,8.8151,87.7899,nan
2026-06-02 14:38:22.951,BASELINE,NEW_DATA,8.8269,87.7899,nan,8.8269,87.7899,nan
2026-06-02 14:38:22.971,BASELINE,NEW_DATA,8.8151,87.7899,nan,8.8151,87.7899,nan
2026-06-02 14:38:22.995,BASELINE,NEW_DATA,8.8123,87.7899,nan,8.8123,87.7899,nan
2026-06-02 14:38:23.012,BASELINE,NEW_DATA,8.8109,87.7899,nan,8.8109,87.7899,nan
2026-06-02 14:38:23.032,BASELINE,NEW_DATA,8.8092,87.7899,nan,8.8092,87.7899,nan
2026-06-02 14:38:23.052,BASELINE,NEW_DATA,8.8043,87.7899,nan,8.8043,87.7899,nan
2026-06-02 14:38:23.072,BASELINE,NEW_DATA,8.8047,87.7899,nan,8.8047,87.7899,nan
2026-06-02 14:38:23.092,BASELINE,NEW_DATA,8.8009,87.7899,nan,8.8009,87.7899,nan
2026-06-02 14:38:23.112,BASELINE,NEW_DATA,8.8019,87.7899,nan,8.8019,87.7899,nan
2026-06-02 14:38:23.133,BASELINE,NEW_DATA,8.7970,87.7899,nan,8.7970,87.7899,nan
2026-06-02 14:38:23.154,BASELINE,NEW_DATA,8.7946,87.7899,nan,8.7946,87.7899,nan
2026-06-02 14:38:23.174,BASELINE,NEW_DATA,8.7988,87.7899,nan,8.7988,87.7899,nan
2026-06-02 14:38:23.194,BASELINE,NEW_DATA,8.7967,87.7899,nan,8.7967,87.7899,nan
2026-06-02 14:38:23.214,BASELINE,NEW_DATA,8.7915,87.7899,nan,8.7915,87.7899,nan
2026-06-02 14:38:23.234,BASELINE,NEW_DATA,8.7911,87.6272,nan,8.7911,87.6272,nan
2026-06-02 14:38:23.255,BASELINE,NEW_DATA,8.7856,87.6272,nan,8.7856,87.6272,nan
2026-06-02 14:38:23.275,BASELINE,NEW_DATA,8.7814,87.6272,nan,8.7814,87.6272,nan
2026-06-02 14:38:23.295,BASELINE,NEW_DATA,8.7769,87.6272,nan,8.7769,87.6272,nan
2026-06-02 14:38:23.315,BASELINE,NEW_DATA,8.7752,87.6272,nan,8.7752,87.6272,nan
2026-06-02 14:38:23.335,BASELINE,NEW_DATA,8.7689,87.6272,nan,8.7689,87.6272,nan
2026-06-02 14:38:23.355,BASELINE,NEW_DATA,8.7696,87.6272,nan,8.7696,87.6272,nan
2026-06-02 14:38:23.375,BASELINE,NEW_DATA,8.7672,87.6272,nan,8.7672,87.6272,nan
2026-06-02 14:38:23.395,BASELINE,NEW_DATA,8.7679,87.6272,nan,8.7679,87.6272,nan
2026-06-02 14:38:23.415,BASELINE,NEW_DATA,8.7686,87.6272,nan,8.7686,87.6272,nan
2026-06-02 14:38:23.436,BASELINE,NEW_DATA,8.7658,87.6272,nan,8.7658,87.6272,nan
2026-06-02 14:38:23.456,BASELINE,NEW_DATA,8.7620,87.6272,nan,8.7620,87.6272,nan
2026-06-02 14:38:23.476,BASELINE,NEW_DATA,8.7641,87.6272,nan,8.7641,87.6272,nan
2026-06-02 14:38:23.500,BASELINE,NEW_DATA,8.7624,87.6272,nan,8.7624,87.6272,nan
2026-06-02 14:38:23.519,BASELINE,NEW_DATA,8.7568,87.6272,nan,8.7568,87.6272,nan
2026-06-02 14:38:23.539,BASELINE,NEW_DATA,8.7572,87.6272,nan,8.7572,87.6272,nan
2026-06-02 14:38:23.560,BASELINE,NEW_DATA,8.7596,87.6272,nan,8.7596,87.6272,nan
2026-06-02 14:38:23.580,BASELINE,NEW_DATA,8.7568,87.6272,nan,8.7568,87.6272,nan
2026-06-02 14:38:23.600,BASELINE,NEW_DATA,8.7516,87.6272,nan,8.7516,87.6272,nan
2026-06-02 14:38:23.620,BASELINE,NEW_DATA,8.7544,87.6272,nan,8.7544,87.6272,nan
2026-06-02 14:38:23.641,BASELINE,NEW_DATA,8.7544,87.6272,nan,8.7544,87.6272,nan
2026-06-02 14:38:23.661,BASELINE,NEW_DATA,8.7613,87.6272,nan,8.7613,87.6272,nan
2026-06-02 14:38:23.682,BASELINE,NEW_DATA,8.7582,87.6272,nan,8.7582,87.6272,nan
2026-06-02 14:38:23.704,BASELINE,NEW_DATA,8.7554,87.6272,nan,8.7554,87.6272,nan
2026-06-02 14:38:23.724,BASELINE,NEW_DATA,8.7516,87.6272,nan,8.7516,87.6272,nan
2026-06-02 14:38:23.745,BASELINE,NEW_DATA,8.7523,87.6272,nan,8.7523,87.6272,nan
2026-06-02 14:38:23.765,BASELINE,NEW_DATA,8.7516,87.6272,nan,8.7516,87.6272,nan
2026-06-02 14:38:23.785,BASELINE,NEW_DATA,8.7533,87.6272,nan,8.7533,87.6272,nan
2026-06-02 14:38:23.806,BASELINE,NEW_DATA,8.7568,87.6272,nan,8.7568,87.6272,nan
2026-06-02 14:38:23.827,BASELINE,NEW_DATA,8.7533,87.6272,nan,8.7533,87.6272,nan
2026-06-02 14:38:23.847,BASELINE,NEW_DATA,8.7565,87.6272,nan,8.7565,87.6272,nan
2026-06-02 14:38:23.867,BASELINE,NEW_DATA,8.7506,87.6272,nan,8.7506,87.6272,nan
2026-06-02 14:38:23.887,BASELINE,NEW_DATA,8.7502,87.6272,nan,8.7502,87.6272,nan
2026-06-02 14:38:23.908,BASELINE,NEW_DATA,8.7419,87.6272,nan,8.7419,87.6272,nan
2026-06-02 14:38:23.929,BASELINE,NEW_DATA,8.7395,87.6272,nan,8.7395,87.6272,nan
2026-06-02 14:38:23.950,BASELINE,NEW_DATA,8.7370,87.6272,nan,8.7370,87.6272,nan
2026-06-02 14:38:23.970,BASELINE,NEW_DATA,8.7280,87.6272,nan,8.7280,87.6272,nan
2026-06-02 14:38:23.990,BASELINE,NEW_DATA,8.7301,87.6272,nan,8.7301,87.6272,nan
2026-06-02 14:38:24.014,BASELINE,NEW_DATA,8.7277,87.6272,nan,8.7277,87.6272,nan
2026-06-02 14:38:24.030,BASELINE,NEW_DATA,8.7207,87.6272,nan,8.7207,87.6272,nan
2026-06-02 14:38:24.051,BASELINE,NEW_DATA,8.7176,87.6272,nan,8.7176,87.6272,nan
2026-06-02 14:38:24.071,BASELINE,NEW_DATA,8.7155,87.6272,nan,8.7155,87.6272,nan
2026-06-02 14:38:24.092,BASELINE,NEW_DATA,8.7148,87.6272,nan,8.7148,87.6272,nan
2026-06-02 14:38:24.113,BASELINE,NEW_DATA,8.7155,87.6272,nan,8.7155,87.6272,nan
2026-06-02 14:38:24.134,BASELINE,NEW_DATA,8.7090,87.6272,nan,8.7090,87.6272,nan
2026-06-02 14:38:24.154,BASELINE,NEW_DATA,8.7100,87.6272,nan,8.7100,87.6272,nan
2026-06-02 14:38:24.175,BASELINE,NEW_DATA,8.7076,87.6272,nan,8.7076,87.6272,nan
2026-06-02 14:38:24.195,BASELINE,NEW_DATA,8.7058,87.6272,nan,8.7058,87.6272,nan
2026-06-02 14:38:24.216,BASELINE,NEW_DATA,8.7079,87.6272,nan,8.7079,87.6272,nan
2026-06-02 14:38:24.236,BASELINE,NEW_DATA,8.7062,87.3151,nan,8.7062,87.3151,nan
2026-06-02 14:38:24.257,BASELINE,NEW_DATA,8.7027,87.3151,nan,8.7027,87.3151,nan
2026-06-02 14:38:24.277,BASELINE,NEW_DATA,8.7020,87.3151,nan,8.7020,87.3151,nan
2026-06-02 14:38:24.297,BASELINE,NEW_DATA,8.7006,87.3151,nan,8.7006,87.3151,nan
2026-06-02 14:38:24.318,BASELINE,NEW_DATA,8.6968,87.3151,nan,8.6968,87.3151,nan
2026-06-02 14:38:24.339,BASELINE,NEW_DATA,8.6951,87.3151,nan,8.6951,87.3151,nan
2026-06-02 14:38:24.359,BASELINE,NEW_DATA,8.6930,87.3151,nan,8.6930,87.3151,nan
2026-06-02 14:38:24.379,BASELINE,NEW_DATA,8.7024,87.3151,nan,8.7024,87.3151,nan
2026-06-02 14:38:24.399,BASELINE,NEW_DATA,8.6913,87.3151,nan,8.6913,87.3151,nan
2026-06-02 14:38:24.420,BASELINE,NEW_DATA,8.6843,87.3151,nan,8.6843,87.3151,nan
2026-06-02 14:38:24.441,BASELINE,NEW_DATA,8.6836,87.3151,nan,8.6836,87.3151,nan
2026-06-02 14:38:24.462,BASELINE,NEW_DATA,8.6829,87.3151,nan,8.6829,87.3151,nan
2026-06-02 14:38:24.482,BASELINE,NEW_DATA,8.6812,87.3151,nan,8.6812,87.3151,nan
2026-06-02 14:38:24.502,BASELINE,NEW_DATA,8.6712,87.3151,nan,8.6712,87.3151,nan
2026-06-02 14:38:24.525,BASELINE,NEW_DATA,8.6743,87.3151,nan,8.6743,87.3151,nan
2026-06-02 14:38:24.544,BASELINE,NEW_DATA,8.6732,87.3151,nan,8.6732,87.3151,nan
2026-06-02 14:38:24.564,BASELINE,NEW_DATA,8.6691,87.3151,nan,8.6691,87.3151,nan
2026-06-02 14:38:24.584,BASELINE,NEW_DATA,8.6691,87.3151,nan,8.6691,87.3151,nan
2026-06-02 14:38:24.605,BASELINE,NEW_DATA,8.6684,87.3151,nan,8.6684,87.3151,nan
2026-06-02 14:38:24.625,BASELINE,NEW_DATA,8.6673,87.3151,nan,8.6673,87.3151,nan
2026-06-02 14:38:24.646,BASELINE,NEW_DATA,8.6639,87.3151,nan,8.6639,87.3151,nan
2026-06-02 14:38:24.667,BASELINE,NEW_DATA,8.6587,87.3151,nan,8.6587,87.3151,nan
2026-06-02 14:38:24.688,BASELINE,NEW_DATA,8.6555,87.3151,nan,8.6555,87.3151,nan
2026-06-02 14:38:24.708,BASELINE,NEW_DATA,8.6542,87.3151,nan,8.6542,87.3151,nan
2026-06-02 14:38:24.728,BASELINE,NEW_DATA,8.6483,86.9538,nan,8.6483,86.9538,nan
2026-06-02 14:38:24.749,BASELINE,NEW_DATA,8.6434,86.9538,nan,8.6434,86.9538,nan
2026-06-02 14:38:24.770,BASELINE,NEW_DATA,8.6441,86.9538,nan,8.6441,86.9538,nan
2026-06-02 14:38:24.791,BASELINE,NEW_DATA,8.6386,86.9538,nan,8.6386,86.9538,nan
2026-06-02 14:38:24.812,BASELINE,NEW_DATA,8.6392,86.9538,nan,8.6392,86.9538,nan
2026-06-02 14:38:24.832,BASELINE,NEW_DATA,8.6337,86.9538,nan,8.6337,86.9538,nan
2026-06-02 14:38:24.853,BASELINE,NEW_DATA,8.6299,86.9538,nan,8.6299,86.9538,nan
2026-06-02 14:38:24.873,BASELINE,NEW_DATA,8.6316,86.9538,nan,8.6316,86.9538,nan
2026-06-02 14:38:24.894,BASELINE,NEW_DATA,8.6268,86.9538,nan,8.6268,86.9538,nan
2026-06-02 14:38:24.914,BASELINE,NEW_DATA,8.6275,86.9538,nan,8.6275,86.9538,nan
2026-06-02 14:38:24.934,BASELINE,NEW_DATA,8.6261,86.9538,nan,8.6261,86.9538,nan
2026-06-02 14:38:24.954,BASELINE,NEW_DATA,8.6236,86.9538,nan,8.6236,86.9538,nan
2026-06-02 14:38:24.974,BASELINE,NEW_DATA,8.6233,86.9538,nan,8.6233,86.9538,nan
2026-06-02 14:38:24.995,BASELINE,NEW_DATA,8.6261,86.9538,nan,8.6261,86.9538,nan
2026-06-02 14:38:25.016,BASELINE,NEW_DATA,8.6278,86.9538,nan,8.6278,86.9538,nan
2026-06-02 14:38:25.041,BASELINE,NEW_DATA,8.6223,86.9538,nan,8.6223,86.9538,nan
2026-06-02 14:38:25.058,BASELINE,NEW_DATA,8.6191,86.9538,nan,8.6191,86.9538,nan
2026-06-02 14:38:25.078,BASELINE,NEW_DATA,8.6184,86.9538,nan,8.6184,86.9538,nan
2026-06-02 14:38:25.098,BASELINE,NEW_DATA,8.6226,86.9538,nan,8.6226,86.9538,nan
2026-06-02 14:38:25.119,BASELINE,NEW_DATA,8.6330,86.9538,nan,8.6330,86.9538,nan
2026-06-02 14:38:25.139,BASELINE,NEW_DATA,8.6212,86.9538,nan,8.6212,86.9538,nan
2026-06-02 14:38:25.160,BASELINE,NEW_DATA,8.6129,86.9538,nan,8.6129,86.9538,nan
2026-06-02 14:38:25.181,BASELINE,NEW_DATA,8.6177,86.9538,nan,8.6177,86.9538,nan
2026-06-02 14:38:25.201,BASELINE,NEW_DATA,8.6139,86.9538,nan,8.6139,86.9538,nan
2026-06-02 14:38:25.222,BASELINE,NEW_DATA,8.6139,86.9538,nan,8.6139,86.9538,nan
2026-06-02 14:38:25.242,BASELINE,NEW_DATA,8.6139,86.9538,nan,8.6139,86.9538,nan
2026-06-02 14:38:25.263,BASELINE,NEW_DATA,8.6139,86.9538,nan,8.6139,86.9538,nan
2026-06-02 14:38:25.284,BASELINE,NEW_DATA,8.6212,86.9538,nan,8.6212,86.9538,nan
2026-06-02 14:38:25.304,BASELINE,NEW_DATA,8.6257,86.9538,nan,8.6257,86.9538,nan
2026-06-02 14:38:25.324,BASELINE,NEW_DATA,8.6368,86.9538,nan,8.6368,86.9538,nan
2026-06-02 14:38:25.344,BASELINE,NEW_DATA,8.6483,86.9538,nan,8.6483,86.9538,nan
2026-06-02 14:38:25.365,BASELINE,NEW_DATA,8.6614,86.9538,nan,8.6614,86.9538,nan
2026-06-02 14:38:25.386,BASELINE,NEW_DATA,8.6705,86.9538,nan,8.6705,86.9538,nan
2026-06-02 14:38:25.406,BASELINE,NEW_DATA,8.6823,86.9538,nan,8.6823,86.9538,nan
2026-06-02 14:38:25.427,BASELINE,NEW_DATA,8.6899,86.9538,nan,8.6899,86.9538,nan
2026-06-02 14:38:25.447,BASELINE,NEW_DATA,8.6958,86.9538,nan,8.6958,86.9538,nan
2026-06-02 14:38:25.468,BASELINE,NEW_DATA,8.7006,86.9538,nan,8.7006,86.9538,nan
2026-06-02 14:38:25.488,BASELINE,NEW_DATA,8.7027,86.9538,nan,8.7027,86.9538,nan
2026-06-02 14:38:25.508,BASELINE,NEW_DATA,8.7086,86.9538,nan,8.7086,86.9538,nan
2026-06-02 14:38:25.529,BASELINE,NEW_DATA,8.7117,86.9538,nan,8.7117,86.9538,nan
2026-06-02 14:38:25.554,BASELINE,NEW_DATA,8.7128,86.9538,nan,8.7128,86.9538,nan
2026-06-02 14:38:25.571,BASELINE,NEW_DATA,8.7135,86.9538,nan,8.7135,86.9538,nan
2026-06-02 14:38:25.592,BASELINE,NEW_DATA,8.7155,86.9538,nan,8.7155,86.9538,nan
2026-06-02 14:38:25.612,BASELINE,NEW_DATA,8.7121,86.9538,nan,8.7121,86.9538,nan
2026-06-02 14:38:25.632,BASELINE,NEW_DATA,8.7155,86.9538,nan,8.7155,86.9538,nan
2026-06-02 14:38:25.653,BASELINE,NEW_DATA,8.7187,86.9538,nan,8.7187,86.9538,nan
2026-06-02 14:38:25.673,BASELINE,NEW_DATA,8.7201,86.9538,nan,8.7201,86.9538,nan
2026-06-02 14:38:25.694,BASELINE,NEW_DATA,8.7183,86.9538,nan,8.7183,86.9538,nan
2026-06-02 14:38:25.714,BASELINE,NEW_DATA,8.7228,86.9538,nan,8.7228,86.9538,nan
2026-06-02 14:38:25.734,BASELINE,NEW_DATA,8.7204,86.8989,nan,8.7204,86.8989,nan
2026-06-02 14:38:25.755,BASELINE,NEW_DATA,8.7211,86.8989,nan,8.7211,86.8989,nan
2026-06-02 14:38:25.775,BASELINE,NEW_DATA,8.7242,86.8989,nan,8.7242,86.8989,nan
2026-06-02 14:38:25.795,BASELINE,NEW_DATA,8.7277,86.8989,nan,8.7277,86.8989,nan
2026-06-02 14:38:25.815,BASELINE,NEW_DATA,8.7381,86.8989,nan,8.7381,86.8989,nan
2026-06-02 14:38:25.836,BASELINE,NEW_DATA,8.7443,86.8989,nan,8.7443,86.8989,nan
2026-06-02 14:38:25.856,BASELINE,NEW_DATA,8.7391,86.8989,nan,8.7391,86.8989,nan
2026-06-02 14:38:25.876,BASELINE,NEW_DATA,8.7409,86.8989,nan,8.7409,86.8989,nan
2026-06-02 14:38:25.897,BASELINE,NEW_DATA,8.7471,86.8989,nan,8.7471,86.8989,nan
2026-06-02 14:38:25.918,BASELINE,NEW_DATA,8.7495,86.8989,nan,8.7495,86.8989,nan
2026-06-02 14:38:25.938,BASELINE,NEW_DATA,8.7471,86.8989,nan,8.7471,86.8989,nan
2026-06-02 14:38:25.959,BASELINE,NEW_DATA,8.7502,86.8989,nan,8.7502,86.8989,nan
2026-06-02 14:38:25.980,BASELINE,NEW_DATA,8.7544,86.8989,nan,8.7544,86.8989,nan
2026-06-02 14:38:26.001,BASELINE,NEW_DATA,8.7565,86.8989,nan,8.7565,86.8989,nan
2026-06-02 14:38:26.021,BASELINE,NEW_DATA,8.7582,86.8989,nan,8.7582,86.8989,nan
2026-06-02 14:38:26.042,BASELINE,NEW_DATA,8.7592,86.8989,nan,8.7592,86.8989,nan
2026-06-02 14:38:26.065,BASELINE,NEW_DATA,8.7610,86.8989,nan,8.7610,86.8989,nan
2026-06-02 14:38:26.082,BASELINE,NEW_DATA,8.7627,86.8989,nan,8.7627,86.8989,nan
2026-06-02 14:38:26.103,BASELINE,NEW_DATA,8.7641,86.8989,nan,8.7641,86.8989,nan
2026-06-02 14:38:26.123,BASELINE,NEW_DATA,8.7627,86.8989,nan,8.7627,86.8989,nan
2026-06-02 14:38:26.144,BASELINE,NEW_DATA,8.7613,86.8989,nan,8.7613,86.8989,nan
2026-06-02 14:38:26.164,BASELINE,NEW_DATA,8.7592,86.8989,nan,8.7592,86.8989,nan
2026-06-02 14:38:26.185,BASELINE,NEW_DATA,8.7641,86.8989,nan,8.7641,86.8989,nan
2026-06-02 14:38:26.205,BASELINE,NEW_DATA,8.7627,86.8989,nan,8.7627,86.8989,nan
2026-06-02 14:38:26.226,BASELINE,NEW_DATA,8.7627,86.8175,nan,8.7627,86.8175,nan
2026-06-02 14:38:26.247,BASELINE,NEW_DATA,8.7631,86.8175,nan,8.7631,86.8175,nan
2026-06-02 14:38:26.267,BASELINE,NEW_DATA,8.7634,86.8175,nan,8.7634,86.8175,nan
2026-06-02 14:38:26.288,BASELINE,NEW_DATA,8.7603,86.8175,nan,8.7603,86.8175,nan
2026-06-02 14:38:26.309,BASELINE,NEW_DATA,8.7637,86.8175,nan,8.7637,86.8175,nan
2026-06-02 14:38:26.329,BASELINE,NEW_DATA,8.7658,86.8175,nan,8.7658,86.8175,nan
2026-06-02 14:38:26.349,BASELINE,NEW_DATA,8.7631,86.8175,nan,8.7631,86.8175,nan
2026-06-02 14:38:26.370,BASELINE,NEW_DATA,8.7610,86.8175,nan,8.7610,86.8175,nan
2026-06-02 14:38:26.391,BASELINE,NEW_DATA,8.7624,86.8175,nan,8.7624,86.8175,nan
2026-06-02 14:38:26.411,BASELINE,NEW_DATA,8.7627,86.8175,nan,8.7627,86.8175,nan
2026-06-02 14:38:26.432,BASELINE,NEW_DATA,8.7665,86.8175,nan,8.7665,86.8175,nan
2026-06-02 14:38:26.452,BASELINE,NEW_DATA,8.7606,86.8175,nan,8.7606,86.8175,nan
2026-06-02 14:38:26.473,BASELINE,NEW_DATA,8.7610,86.8175,nan,8.7610,86.8175,nan
2026-06-02 14:38:26.493,BASELINE,NEW_DATA,8.7683,86.8175,nan,8.7683,86.8175,nan
2026-06-02 14:38:26.514,BASELINE,NEW_DATA,8.7759,86.8175,nan,8.7759,86.8175,nan
2026-06-02 14:38:26.534,BASELINE,NEW_DATA,8.7856,86.8175,nan,8.7856,86.8175,nan
2026-06-02 14:38:26.554,BASELINE,NEW_DATA,8.7728,86.8175,nan,8.7728,86.8175,nan
2026-06-02 14:38:26.577,BASELINE,NEW_DATA,8.7773,86.8175,nan,8.7773,86.8175,nan
2026-06-02 14:38:26.595,BASELINE,NEW_DATA,8.7752,86.8175,nan,8.7752,86.8175,nan
2026-06-02 14:38:26.615,BASELINE,NEW_DATA,8.7773,86.8175,nan,8.7773,86.8175,nan
2026-06-02 14:38:26.636,BASELINE,NEW_DATA,8.7790,86.8175,nan,8.7790,86.8175,nan
2026-06-02 14:38:26.657,BASELINE,NEW_DATA,8.7821,86.8175,nan,8.7821,86.8175,nan
2026-06-02 14:38:26.678,BASELINE,NEW_DATA,8.7849,86.8175,nan,8.7849,86.8175,nan
2026-06-02 14:38:26.698,BASELINE,NEW_DATA,8.7821,86.8175,nan,8.7821,86.8175,nan
2026-06-02 14:38:26.719,BASELINE,NEW_DATA,8.7852,86.8175,nan,8.7852,86.8175,nan
2026-06-02 14:38:26.740,BASELINE,NEW_DATA,8.7849,86.8175,nan,8.7849,86.8175,nan
2026-06-02 14:38:26.760,BASELINE,NEW_DATA,8.7870,86.8175,nan,8.7870,86.8175,nan
2026-06-02 14:38:26.780,BASELINE,NEW_DATA,8.7856,86.8175,nan,8.7856,86.8175,nan
2026-06-02 14:38:26.800,BASELINE,NEW_DATA,8.7898,86.8175,nan,8.7898,86.8175,nan
2026-06-02 14:38:26.821,BASELINE,NEW_DATA,8.7873,86.8175,nan,8.7873,86.8175,nan
2026-06-02 14:38:26.841,BASELINE,NEW_DATA,8.7880,86.8175,nan,8.7880,86.8175,nan
2026-06-02 14:38:26.861,BASELINE,NEW_DATA,8.7852,86.8175,nan,8.7852,86.8175,nan
2026-06-02 14:38:26.882,BASELINE,NEW_DATA,8.7794,86.8175,nan,8.7794,86.8175,nan
2026-06-02 14:38:26.902,BASELINE,NEW_DATA,8.7745,86.8175,nan,8.7745,86.8175,nan
2026-06-02 14:38:26.923,BASELINE,NEW_DATA,8.7703,86.8175,nan,8.7703,86.8175,nan
2026-06-02 14:38:26.943,BASELINE,NEW_DATA,8.7703,86.8175,nan,8.7703,86.8175,nan
2026-06-02 14:38:26.963,BASELINE,NEW_DATA,8.7717,86.8175,nan,8.7717,86.8175,nan
2026-06-02 14:38:26.983,BASELINE,NEW_DATA,8.7696,86.8175,nan,8.7696,86.8175,nan
2026-06-02 14:38:27.003,BASELINE,NEW_DATA,8.7665,86.8175,nan,8.7665,86.8175,nan
2026-06-02 14:38:27.024,BASELINE,NEW_DATA,8.7627,86.8175,nan,8.7627,86.8175,nan
2026-06-02 14:38:27.044,BASELINE,NEW_DATA,8.7641,86.8175,nan,8.7641,86.8175,nan
2026-06-02 14:38:27.065,BASELINE,NEW_DATA,8.7582,86.8175,nan,8.7582,86.8175,nan
2026-06-02 14:38:27.090,BASELINE,NEW_DATA,8.7627,86.8175,nan,8.7627,86.8175,nan
2026-06-02 14:38:27.106,BASELINE,NEW_DATA,8.7634,86.8175,nan,8.7634,86.8175,nan
2026-06-02 14:38:27.126,BASELINE,NEW_DATA,8.7634,86.8175,nan,8.7634,86.8175,nan
2026-06-02 14:38:27.146,BASELINE,NEW_DATA,8.7693,86.8175,nan,8.7693,86.8175,nan
2026-06-02 14:38:27.167,BASELINE,NEW_DATA,8.7624,86.8175,nan,8.7624,86.8175,nan
2026-06-02 14:38:27.188,BASELINE,NEW_DATA,8.7679,86.8175,nan,8.7679,86.8175,nan
2026-06-02 14:38:27.208,BASELINE,NEW_DATA,8.7811,86.8175,nan,8.7811,86.8175,nan
2026-06-02 14:38:27.229,BASELINE,NEW_DATA,8.7662,86.8628,nan,8.7662,86.8628,nan
2026-06-02 14:38:27.250,BASELINE,NEW_DATA,8.7627,86.8628,nan,8.7627,86.8628,nan
2026-06-02 14:38:27.271,BASELINE,NEW_DATA,8.7613,86.8628,nan,8.7613,86.8628,nan
2026-06-02 14:38:27.292,BASELINE,NEW_DATA,8.7610,86.8628,nan,8.7610,86.8628,nan
2026-06-02 14:38:27.312,BASELINE,NEW_DATA,8.7592,86.8628,nan,8.7592,86.8628,nan
2026-06-02 14:38:27.333,BASELINE,NEW_DATA,8.7572,86.8628,nan,8.7572,86.8628,nan
2026-06-02 14:38:27.354,BASELINE,NEW_DATA,8.7579,86.8628,nan,8.7579,86.8628,nan
2026-06-02 14:38:27.375,BASELINE,NEW_DATA,8.7561,86.8628,nan,8.7561,86.8628,nan
2026-06-02 14:38:27.395,BASELINE,NEW_DATA,8.7544,86.8628,nan,8.7544,86.8628,nan
2026-06-02 14:38:27.415,BASELINE,NEW_DATA,8.7471,86.8628,nan,8.7471,86.8628,nan
2026-06-02 14:38:27.436,BASELINE,NEW_DATA,8.7481,86.8628,nan,8.7481,86.8628,nan
2026-06-02 14:38:27.456,BASELINE,NEW_DATA,8.7436,86.8628,nan,8.7436,86.8628,nan
2026-06-02 14:38:27.477,BASELINE,NEW_DATA,8.7391,86.8628,nan,8.7391,86.8628,nan
2026-06-02 14:38:27.497,BASELINE,NEW_DATA,8.7367,86.8628,nan,8.7367,86.8628,nan
2026-06-02 14:38:27.517,BASELINE,NEW_DATA,8.7325,86.8628,nan,8.7325,86.8628,nan
2026-06-02 14:38:27.538,BASELINE,NEW_DATA,8.7350,86.8628,nan,8.7350,86.8628,nan
2026-06-02 14:38:27.559,BASELINE,NEW_DATA,8.7329,86.8628,nan,8.7329,86.8628,nan
2026-06-02 14:38:27.580,BASELINE,NEW_DATA,8.7336,86.8628,nan,8.7336,86.8628,nan
2026-06-02 14:38:27.606,BASELINE,NEW_DATA,8.7422,86.8628,nan,8.7422,86.8628,nan
2026-06-02 14:38:27.621,BASELINE,NEW_DATA,8.7471,86.8628,nan,8.7471,86.8628,nan
2026-06-02 14:38:27.641,BASELINE,NEW_DATA,8.7471,86.8628,nan,8.7471,86.8628,nan
2026-06-02 14:38:27.661,BASELINE,NEW_DATA,8.7526,86.8628,nan,8.7526,86.8628,nan
2026-06-02 14:38:27.682,BASELINE,NEW_DATA,8.7561,86.8628,nan,8.7561,86.8628,nan
2026-06-02 14:38:27.702,BASELINE,NEW_DATA,8.7565,86.8628,nan,8.7565,86.8628,nan
2026-06-02 14:38:27.723,BASELINE,NEW_DATA,8.7620,86.8628,nan,8.7620,86.8628,nan
2026-06-02 14:38:27.743,BASELINE,NEW_DATA,8.7631,86.9719,nan,8.7631,86.9719,nan
2026-06-02 14:38:27.763,BASELINE,NEW_DATA,8.7624,86.9719,nan,8.7624,86.9719,nan
2026-06-02 14:38:27.783,BASELINE,NEW_DATA,8.7644,86.9719,nan,8.7644,86.9719,nan
2026-06-02 14:38:27.804,BASELINE,NEW_DATA,8.7693,86.9719,nan,8.7693,86.9719,nan
2026-06-02 14:38:27.825,BASELINE,NEW_DATA,8.7651,86.9719,nan,8.7651,86.9719,nan
2026-06-02 14:38:27.845,BASELINE,NEW_DATA,8.7655,86.9719,nan,8.7655,86.9719,nan
2026-06-02 14:38:27.865,BASELINE,NEW_DATA,8.7724,86.9719,nan,8.7724,86.9719,nan
2026-06-02 14:38:27.887,BASELINE,NEW_DATA,8.7797,86.9719,nan,8.7797,86.9719,nan
2026-06-02 14:38:27.908,BASELINE,NEW_DATA,8.7693,86.9719,nan,8.7693,86.9719,nan
2026-06-02 14:38:27.928,BASELINE,NEW_DATA,8.7700,86.9719,nan,8.7700,86.9719,nan
2026-06-02 14:38:27.949,BASELINE,NEW_DATA,8.7738,86.9719,nan,8.7738,86.9719,nan
2026-06-02 14:38:27.969,BASELINE,NEW_DATA,8.7707,86.9719,nan,8.7707,86.9719,nan
2026-06-02 14:38:27.990,BASELINE,NEW_DATA,8.7724,86.9719,nan,8.7724,86.9719,nan
2026-06-02 14:38:28.010,BASELINE,NEW_DATA,8.7710,86.9719,nan,8.7710,86.9719,nan
2026-06-02 14:38:28.030,BASELINE,NEW_DATA,8.7742,86.9719,nan,8.7742,86.9719,nan
2026-06-02 14:38:28.050,BASELINE,NEW_DATA,8.7724,86.9719,nan,8.7724,86.9719,nan
2026-06-02 14:38:28.070,BASELINE,NEW_DATA,8.7776,86.9719,nan,8.7776,86.9719,nan
2026-06-02 14:38:28.091,BASELINE,NEW_DATA,8.7818,86.9719,nan,8.7818,86.9719,nan
2026-06-02 14:38:28.114,BASELINE,NEW_DATA,8.7835,86.9719,nan,8.7835,86.9719,nan
2026-06-02 14:38:28.132,BASELINE,NEW_DATA,8.7877,86.9719,nan,8.7877,86.9719,nan
2026-06-02 14:38:28.153,BASELINE,NEW_DATA,8.7887,86.9719,nan,8.7887,86.9719,nan
2026-06-02 14:38:28.173,BASELINE,NEW_DATA,8.7901,86.9719,nan,8.7901,86.9719,nan
2026-06-02 14:38:28.194,BASELINE,NEW_DATA,8.7915,86.9719,nan,8.7915,86.9719,nan
2026-06-02 14:38:28.214,BASELINE,NEW_DATA,8.7936,86.9719,nan,8.7936,86.9719,nan
2026-06-02 14:38:28.235,BASELINE,NEW_DATA,8.7925,87.0953,nan,8.7925,87.0953,nan
2026-06-02 14:38:28.255,BASELINE,NEW_DATA,8.7863,87.0953,nan,8.7863,87.0953,nan
2026-06-02 14:38:28.275,BASELINE,NEW_DATA,8.7905,87.0953,nan,8.7905,87.0953,nan
2026-06-02 14:38:28.296,BASELINE,NEW_DATA,8.7894,87.0953,nan,8.7894,87.0953,nan
2026-06-02 14:38:28.316,BASELINE,NEW_DATA,8.7901,87.0953,nan,8.7901,87.0953,nan
2026-06-02 14:38:28.337,BASELINE,NEW_DATA,8.7887,87.0953,nan,8.7887,87.0953,nan
2026-06-02 14:38:28.358,BASELINE,NEW_DATA,8.7891,87.0953,nan,8.7891,87.0953,nan
2026-06-02 14:38:28.378,BASELINE,NEW_DATA,8.7894,87.0953,nan,8.7894,87.0953,nan
2026-06-02 14:38:28.399,BASELINE,NEW_DATA,8.7915,87.0953,nan,8.7915,87.0953,nan
2026-06-02 14:38:28.419,BASELINE,NEW_DATA,8.7905,87.0953,nan,8.7905,87.0953,nan
2026-06-02 14:38:28.440,BASELINE,NEW_DATA,8.7908,87.0953,nan,8.7908,87.0953,nan
2026-06-02 14:38:28.461,BASELINE,NEW_DATA,8.7911,87.0953,nan,8.7911,87.0953,nan
2026-06-02 14:38:28.481,BASELINE,NEW_DATA,8.7873,87.0953,nan,8.7873,87.0953,nan
2026-06-02 14:38:28.502,BASELINE,NEW_DATA,8.7891,87.0953,nan,8.7891,87.0953,nan
2026-06-02 14:38:28.523,BASELINE,NEW_DATA,8.7915,87.0953,nan,8.7915,87.0953,nan
2026-06-02 14:38:28.543,BASELINE,NEW_DATA,8.8002,87.0953,nan,8.8002,87.0953,nan
2026-06-02 14:38:28.564,BASELINE,NEW_DATA,8.7946,87.0953,nan,8.7946,87.0953,nan
2026-06-02 14:38:28.585,BASELINE,NEW_DATA,8.7943,87.0953,nan,8.7943,87.0953,nan
2026-06-02 14:38:28.605,BASELINE,NEW_DATA,8.7939,87.0953,nan,8.7939,87.0953,nan
2026-06-02 14:38:28.628,BASELINE,NEW_DATA,8.7977,87.0953,nan,8.7977,87.0953,nan
2026-06-02 14:38:28.647,BASELINE,NEW_DATA,8.7991,87.0953,nan,8.7991,87.0953,nan
2026-06-02 14:38:28.668,BASELINE,NEW_DATA,8.8015,87.0953,nan,8.8015,87.0953,nan
2026-06-02 14:38:28.688,BASELINE,NEW_DATA,8.8047,87.0953,nan,8.8047,87.0953,nan
2026-06-02 14:38:28.709,BASELINE,NEW_DATA,8.8036,87.0953,nan,8.8036,87.0953,nan
2026-06-02 14:38:28.730,BASELINE,NEW_DATA,8.8092,87.0953,nan,8.8092,87.0953,nan
2026-06-02 14:38:28.751,BASELINE,NEW_DATA,8.8099,87.0953,nan,8.8099,87.0953,nan
2026-06-02 14:38:28.772,BASELINE,NEW_DATA,8.8130,87.0953,nan,8.8130,87.0953,nan
2026-06-02 14:38:28.793,BASELINE,NEW_DATA,8.8133,87.0953,nan,8.8133,87.0953,nan
2026-06-02 14:38:28.814,BASELINE,NEW_DATA,8.8161,87.0953,nan,8.8161,87.0953,nan
2026-06-02 14:38:28.836,BASELINE,NEW_DATA,8.8172,87.0953,nan,8.8172,87.0953,nan
2026-06-02 14:38:28.855,BASELINE,NEW_DATA,8.8154,87.0953,nan,8.8154,87.0953,nan
2026-06-02 14:38:28.875,BASELINE,NEW_DATA,8.8151,87.0953,nan,8.8151,87.0953,nan
2026-06-02 14:38:28.896,BASELINE,NEW_DATA,8.8137,87.0953,nan,8.8137,87.0953,nan
2026-06-02 14:38:28.917,BASELINE,NEW_DATA,8.8140,87.0953,nan,8.8140,87.0953,nan
2026-06-02 14:38:28.937,BASELINE,NEW_DATA,8.8140,87.0953,nan,8.8140,87.0953,nan
2026-06-02 14:38:28.959,BASELINE,NEW_DATA,8.8165,87.0953,nan,8.8165,87.0953,nan
2026-06-02 14:38:28.979,BASELINE,NEW_DATA,8.8130,87.0953,nan,8.8130,87.0953,nan
2026-06-02 14:38:28.999,BASELINE,NEW_DATA,8.8158,87.0953,nan,8.8158,87.0953,nan
2026-06-02 14:38:29.019,BASELINE,NEW_DATA,8.8140,87.0953,nan,8.8140,87.0953,nan
2026-06-02 14:38:29.039,BASELINE,NEW_DATA,8.8185,87.0953,nan,8.8185,87.0953,nan
2026-06-02 14:38:29.060,BASELINE,NEW_DATA,8.8126,87.0953,nan,8.8126,87.0953,nan
2026-06-02 14:38:29.081,BASELINE,NEW_DATA,8.8154,87.0953,nan,8.8154,87.0953,nan
2026-06-02 14:38:29.102,BASELINE,NEW_DATA,8.8168,87.0953,nan,8.8168,87.0953,nan
2026-06-02 14:38:29.122,BASELINE,NEW_DATA,8.8120,87.0953,nan,8.8120,87.0953,nan
2026-06-02 14:38:29.146,BASELINE,NEW_DATA,8.8120,87.0953,nan,8.8120,87.0953,nan
2026-06-02 14:38:29.163,BASELINE,NEW_DATA,8.8116,87.0953,nan,8.8116,87.0953,nan
2026-06-02 14:38:29.184,BASELINE,NEW_DATA,8.8154,87.0953,nan,8.8154,87.0953,nan
2026-06-02 14:38:29.207,BASELINE,NEW_DATA,8.8265,87.0953,nan,8.8265,87.0953,nan
2026-06-02 14:38:29.227,BASELINE,NEW_DATA,8.8113,87.0953,nan,8.8113,87.0953,nan
2026-06-02 14:38:29.248,BASELINE,NEW_DATA,8.8144,87.2911,nan,8.8144,87.2911,nan
2026-06-02 14:38:29.268,BASELINE,NEW_DATA,8.8133,87.2911,nan,8.8133,87.2911,nan
2026-06-02 14:38:29.289,BASELINE,NEW_DATA,8.8126,87.2911,nan,8.8126,87.2911,nan
2026-06-02 14:38:29.309,BASELINE,NEW_DATA,8.8140,87.2911,nan,8.8140,87.2911,nan
2026-06-02 14:38:29.329,BASELINE,NEW_DATA,8.8130,87.2911,nan,8.8130,87.2911,nan
2026-06-02 14:38:29.350,BASELINE,NEW_DATA,8.8158,87.2911,nan,8.8158,87.2911,nan
2026-06-02 14:38:29.370,BASELINE,NEW_DATA,8.8158,87.2911,nan,8.8158,87.2911,nan
2026-06-02 14:38:29.390,BASELINE,NEW_DATA,8.8182,87.2911,nan,8.8182,87.2911,nan
2026-06-02 14:38:29.411,BASELINE,NEW_DATA,8.8199,87.2911,nan,8.8199,87.2911,nan
2026-06-02 14:38:29.431,BASELINE,NEW_DATA,8.8161,87.2911,nan,8.8161,87.2911,nan
2026-06-02 14:38:29.452,BASELINE,NEW_DATA,8.8165,87.2911,nan,8.8165,87.2911,nan
2026-06-02 14:38:29.473,BASELINE,NEW_DATA,8.8213,87.2911,nan,8.8213,87.2911,nan
2026-06-02 14:38:29.494,BASELINE,NEW_DATA,8.8182,87.2911,nan,8.8182,87.2911,nan
2026-06-02 14:38:29.515,BASELINE,NEW_DATA,8.8203,87.2911,nan,8.8203,87.2911,nan
2026-06-02 14:38:29.535,BASELINE,NEW_DATA,8.8203,87.2911,nan,8.8203,87.2911,nan
2026-06-02 14:38:29.555,BASELINE,NEW_DATA,8.8210,87.2911,nan,8.8210,87.2911,nan
2026-06-02 14:38:29.576,BASELINE,NEW_DATA,8.8196,87.2911,nan,8.8196,87.2911,nan
2026-06-02 14:38:29.596,BASELINE,NEW_DATA,8.8133,87.2911,nan,8.8133,87.2911,nan
2026-06-02 14:38:29.617,BASELINE,NEW_DATA,8.8137,87.2911,nan,8.8137,87.2911,nan
2026-06-02 14:38:29.651,BASELINE,NEW_DATA,8.8099,87.2911,nan,8.8099,87.2911,nan
2026-06-02 14:38:29.689,BASELINE,NEW_DATA,8.8078,87.2911,nan,8.8078,87.2911,nan
2026-06-02 14:38:29.715,BASELINE,NEW_DATA,8.8043,87.2911,nan,8.8043,87.2911,nan
2026-06-02 14:38:29.747,BASELINE,NEW_DATA,8.8067,87.5779,nan,8.8067,87.5779,nan
2026-06-02 14:38:29.786,BASELINE,NEW_DATA,8.8043,87.5779,nan,8.8043,87.5779,nan
2026-06-02 14:38:29.825,BASELINE,NEW_DATA,8.8015,87.5779,nan,8.8015,87.5779,nan
2026-06-02 14:38:29.873,BASELINE,NEW_DATA,8.8199,87.5779,nan,8.8199,87.5779,nan
2026-06-02 14:38:29.902,BASELINE,NEW_DATA,8.8050,87.5779,nan,8.8050,87.5779,nan
2026-06-02 14:38:29.934,BASELINE,NEW_DATA,8.8033,87.5779,nan,8.8033,87.5779,nan
2026-06-02 14:38:29.965,BASELINE,NEW_DATA,8.8029,87.5779,nan,8.8029,87.5779,nan
2026-06-02 14:38:29.995,BASELINE,NEW_DATA,8.8033,87.5779,nan,8.8033,87.5779,nan
2026-06-02 14:38:30.027,BASELINE,NEW_DATA,8.8043,87.5779,nan,8.8043,87.5779,nan
2026-06-02 14:38:30.059,BASELINE,NEW_DATA,8.8078,87.5779,nan,8.8078,87.5779,nan
2026-06-02 14:38:30.091,BASELINE,NEW_DATA,8.8050,87.5779,nan,8.8050,87.5779,nan
2026-06-02 14:38:30.122,BASELINE,NEW_DATA,8.8061,87.5779,nan,8.8061,87.5779,nan
2026-06-02 14:38:30.153,BASELINE,NEW_DATA,8.8071,87.5779,nan,8.8071,87.5779,nan
2026-06-02 14:38:30.184,BASELINE,NEW_DATA,8.8064,87.5779,nan,8.8064,87.5779,nan
2026-06-02 14:38:30.217,BASELINE,NEW_DATA,8.8081,87.5779,nan,8.8081,87.5779,nan
2026-06-02 14:38:30.247,BASELINE,NEW_DATA,8.8029,87.8012,nan,8.8029,87.8012,nan
2026-06-02 14:38:30.277,BASELINE,NEW_DATA,8.8015,87.8012,nan,8.8015,87.8012,nan
2026-06-02 14:38:30.309,BASELINE,NEW_DATA,8.8054,87.8012,nan,8.8054,87.8012,nan
2026-06-02 14:38:30.339,BASELINE,NEW_DATA,8.8029,87.8012,nan,8.8029,87.8012,nan
2026-06-02 14:38:30.369,BASELINE,NEW_DATA,8.8078,87.8012,nan,8.8078,87.8012,nan
2026-06-02 14:38:30.401,BASELINE,NEW_DATA,8.8074,87.8012,nan,8.8074,87.8012,nan
2026-06-02 14:38:30.431,BASELINE,NEW_DATA,8.8050,87.8012,nan,8.8050,87.8012,nan
2026-06-02 14:38:30.463,BASELINE,NEW_DATA,8.8071,87.8012,nan,8.8071,87.8012,nan
2026-06-02 14:38:30.496,BASELINE,NEW_DATA,8.8196,87.8012,nan,8.8196,87.8012,nan
2026-06-02 14:38:30.523,BASELINE,NEW_DATA,8.8061,87.8012,nan,8.8061,87.8012,nan
2026-06-02 14:38:30.555,BASELINE,NEW_DATA,8.8029,87.8012,nan,8.8029,87.8012,nan
2026-06-02 14:38:30.585,BASELINE,NEW_DATA,8.8012,87.8012,nan,8.8012,87.8012,nan
2026-06-02 14:38:30.617,BASELINE,NEW_DATA,8.8071,87.8012,nan,8.8071,87.8012,nan
2026-06-02 14:38:30.647,BASELINE,NEW_DATA,8.8064,87.8012,nan,8.8064,87.8012,nan
2026-06-02 14:38:30.678,BASELINE,NEW_DATA,8.8071,87.8012,nan,8.8071,87.8012,nan
2026-06-02 14:38:30.710,BASELINE,NEW_DATA,8.8092,87.8012,nan,8.8092,87.8012,nan
2026-06-02 14:38:30.741,BASELINE,NEW_DATA,8.8099,87.8012,nan,8.8099,87.8012,nan
2026-06-02 14:38:30.772,BASELINE,NEW_DATA,8.8099,88.0352,nan,8.8099,88.0352,nan
2026-06-02 14:38:30.792,BASELINE,NEW_DATA,8.8092,88.0352,nan,8.8092,88.0352,nan
2026-06-02 14:38:30.812,BASELINE,NEW_DATA,8.8067,88.0352,nan,8.8067,88.0352,nan
2026-06-02 14:38:30.833,BASELINE,NEW_DATA,8.8081,88.0352,nan,8.8081,88.0352,nan
2026-06-02 14:38:30.854,BASELINE,NEW_DATA,8.8085,88.0352,nan,8.8085,88.0352,nan
2026-06-02 14:38:30.875,BASELINE,NEW_DATA,8.8071,88.0352,nan,8.8071,88.0352,nan
2026-06-02 14:38:30.895,BASELINE,NEW_DATA,8.8078,88.0352,nan,8.8078,88.0352,nan
2026-06-02 14:38:30.916,BASELINE,NEW_DATA,8.8064,88.0352,nan,8.8064,88.0352,nan
2026-06-02 14:38:30.936,BASELINE,NEW_DATA,8.8074,88.0352,nan,8.8074,88.0352,nan
2026-06-02 14:38:30.957,BASELINE,NEW_DATA,8.8071,88.0352,nan,8.8071,88.0352,nan
2026-06-02 14:38:30.977,BASELINE,NEW_DATA,8.8095,88.0352,nan,8.8095,88.0352,nan
2026-06-02 14:38:30.997,BASELINE,NEW_DATA,8.8085,88.0352,nan,8.8085,88.0352,nan
2026-06-02 14:38:31.019,BASELINE,NEW_DATA,8.8099,88.0352,nan,8.8099,88.0352,nan
2026-06-02 14:38:31.040,BASELINE,NEW_DATA,8.8074,88.0352,nan,8.8074,88.0352,nan
2026-06-02 14:38:31.060,BASELINE,NEW_DATA,8.8019,88.0352,nan,8.8019,88.0352,nan
2026-06-02 14:38:31.081,BASELINE,NEW_DATA,8.8043,88.0352,nan,8.8043,88.0352,nan
2026-06-02 14:38:31.106,BASELINE,NEW_DATA,8.8050,88.0352,nan,8.8050,88.0352,nan
2026-06-02 14:38:31.123,BASELINE,NEW_DATA,8.8140,88.0352,nan,8.8140,88.0352,nan
2026-06-02 14:38:31.143,BASELINE,NEW_DATA,8.8099,88.0352,nan,8.8099,88.0352,nan
2026-06-02 14:38:31.163,BASELINE,NEW_DATA,8.8036,88.0352,nan,8.8036,88.0352,nan
2026-06-02 14:38:31.184,BASELINE,NEW_DATA,8.8078,88.0352,nan,8.8078,88.0352,nan
2026-06-02 14:38:31.204,BASELINE,NEW_DATA,8.8085,88.0352,nan,8.8085,88.0352,nan
2026-06-02 14:38:31.225,BASELINE,NEW_DATA,8.8071,88.0352,nan,8.8071,88.0352,nan
2026-06-02 14:38:31.245,BASELINE,NEW_DATA,8.8088,88.0352,nan,8.8088,88.0352,nan
2026-06-02 14:38:31.266,BASELINE,NEW_DATA,8.8081,88.0352,nan,8.8081,88.0352,nan
2026-06-02 14:38:31.286,BASELINE,NEW_DATA,8.8102,88.0352,nan,8.8102,88.0352,nan
2026-06-02 14:38:31.307,BASELINE,NEW_DATA,8.8071,88.0352,nan,8.8071,88.0352,nan
2026-06-02 14:38:31.329,BASELINE,NEW_DATA,8.8102,88.0352,nan,8.8102,88.0352,nan
2026-06-02 14:38:31.351,BASELINE,NEW_DATA,8.8092,88.0352,nan,8.8092,88.0352,nan
2026-06-02 14:38:31.371,BASELINE,NEW_DATA,8.8085,88.0352,nan,8.8085,88.0352,nan
2026-06-02 14:38:31.394,BASELINE,NEW_DATA,8.8095,88.0352,nan,8.8095,88.0352,nan
2026-06-02 14:38:31.413,BASELINE,NEW_DATA,8.8071,88.0352,nan,8.8071,88.0352,nan
2026-06-02 14:38:31.436,BASELINE,NEW_DATA,8.8074,88.0352,nan,8.8074,88.0352,nan
2026-06-02 14:38:31.456,BASELINE,NEW_DATA,8.8067,88.0352,nan,8.8067,88.0352,nan
2026-06-02 14:38:31.476,BASELINE,NEW_DATA,8.8088,88.0352,nan,8.8088,88.0352,nan
2026-06-02 14:38:31.496,BASELINE,NEW_DATA,8.8064,88.0352,nan,8.8064,88.0352,nan
2026-06-02 14:38:31.519,BASELINE,NEW_DATA,8.8074,88.0352,nan,8.8074,88.0352,nan
2026-06-02 14:38:31.539,BASELINE,NEW_DATA,8.8106,88.0352,nan,8.8106,88.0352,nan
2026-06-02 14:38:31.559,BASELINE,NEW_DATA,8.8109,88.0352,nan,8.8109,88.0352,nan
2026-06-02 14:38:31.579,BASELINE,NEW_DATA,8.8092,88.0352,nan,8.8092,88.0352,nan
2026-06-02 14:38:31.601,BASELINE,NEW_DATA,8.8092,88.0352,nan,8.8092,88.0352,nan
2026-06-02 14:38:31.626,BASELINE,NEW_DATA,8.8106,88.0352,nan,8.8106,88.0352,nan
2026-06-02 14:38:31.643,BASELINE,NEW_DATA,8.8130,88.0352,nan,8.8130,88.0352,nan
2026-06-02 14:38:31.664,BASELINE,NEW_DATA,8.8099,88.0352,nan,8.8099,88.0352,nan
2026-06-02 14:38:31.685,BASELINE,NEW_DATA,8.8099,88.0352,nan,8.8099,88.0352,nan
2026-06-02 14:38:31.704,BASELINE,NEW_DATA,8.8120,88.0352,nan,8.8120,88.0352,nan
2026-06-02 14:38:31.748,BASELINE,NEW_DATA,8.8220,88.3811,nan,8.8220,88.3811,nan
2026-06-02 14:38:31.769,BASELINE,NEW_DATA,8.8123,88.3811,nan,8.8123,88.3811,nan
2026-06-02 14:38:31.788,BASELINE,NEW_DATA,8.8106,88.3811,nan,8.8106,88.3811,nan
2026-06-02 14:38:31.809,BASELINE,NEW_DATA,8.8106,88.3811,nan,8.8106,88.3811,nan
2026-06-02 14:38:31.829,BASELINE,NEW_DATA,8.8109,88.3811,nan,8.8109,88.3811,nan
2026-06-02 14:38:31.850,BASELINE,NEW_DATA,8.8102,88.3811,nan,8.8102,88.3811,nan
2026-06-02 14:38:31.870,BASELINE,NEW_DATA,8.8113,88.3811,nan,8.8113,88.3811,nan
2026-06-02 14:38:31.890,BASELINE,NEW_DATA,8.8120,88.3811,nan,8.8120,88.3811,nan
2026-06-02 14:38:31.911,BASELINE,NEW_DATA,8.8106,88.3811,nan,8.8106,88.3811,nan
2026-06-02 14:38:31.931,BASELINE,NEW_DATA,8.8144,88.3811,nan,8.8144,88.3811,nan
2026-06-02 14:38:31.952,BASELINE,NEW_DATA,8.8158,88.3811,nan,8.8158,88.3811,nan
2026-06-02 14:38:31.972,BASELINE,NEW_DATA,8.8126,88.3811,nan,8.8126,88.3811,nan
2026-06-02 14:38:31.993,BASELINE,NEW_DATA,8.8126,88.3811,nan,8.8126,88.3811,nan
2026-06-02 14:38:32.013,BASELINE,NEW_DATA,8.8140,88.3811,nan,8.8140,88.3811,nan
2026-06-02 14:38:32.033,BASELINE,NEW_DATA,8.8120,88.3811,nan,8.8120,88.3811,nan
2026-06-02 14:38:32.054,BASELINE,NEW_DATA,8.8116,88.3811,nan,8.8116,88.3811,nan
2026-06-02 14:38:32.074,BASELINE,NEW_DATA,8.8116,88.3811,nan,8.8116,88.3811,nan
2026-06-02 14:38:32.095,BASELINE,NEW_DATA,8.8102,88.3811,nan,8.8102,88.3811,nan
2026-06-02 14:38:32.115,BASELINE,NEW_DATA,8.8120,88.3811,nan,8.8120,88.3811,nan
2026-06-02 14:38:32.136,BASELINE,NEW_DATA,8.8078,88.3811,nan,8.8078,88.3811,nan
2026-06-02 14:38:32.160,BASELINE,NEW_DATA,8.8099,88.3811,nan,8.8099,88.3811,nan
2026-06-02 14:38:32.178,BASELINE,NEW_DATA,8.8071,88.3811,nan,8.8071,88.3811,nan
2026-06-02 14:38:32.198,BASELINE,NEW_DATA,8.8120,88.3811,nan,8.8120,88.3811,nan
2026-06-02 14:38:32.220,BASELINE,NEW_DATA,8.8071,88.3811,nan,8.8071,88.3811,nan
2026-06-02 14:38:32.240,BASELINE,NEW_DATA,8.8130,88.5520,nan,8.8130,88.5520,nan
2026-06-02 14:38:32.261,BASELINE,NEW_DATA,8.8092,88.5520,nan,8.8092,88.5520,nan
2026-06-02 14:38:32.281,BASELINE,NEW_DATA,8.8074,88.5520,nan,8.8074,88.5520,nan
2026-06-02 14:38:32.302,BASELINE,NEW_DATA,8.8106,88.5520,nan,8.8106,88.5520,nan
2026-06-02 14:38:32.322,BASELINE,NEW_DATA,8.8088,88.5520,nan,8.8088,88.5520,nan
2026-06-02 14:38:32.343,BASELINE,NEW_DATA,8.8043,88.5520,nan,8.8043,88.5520,nan
2026-06-02 14:38:32.363,BASELINE,NEW_DATA,8.8064,88.5520,nan,8.8064,88.5520,nan
2026-06-02 14:38:32.383,BASELINE,NEW_DATA,8.8227,88.5520,nan,8.8227,88.5520,nan
2026-06-02 14:38:32.405,BASELINE,NEW_DATA,8.8085,88.5520,nan,8.8085,88.5520,nan
2026-06-02 14:38:32.425,BASELINE,NEW_DATA,8.8057,88.5520,nan,8.8057,88.5520,nan
2026-06-02 14:38:32.445,BASELINE,NEW_DATA,8.8071,88.5520,nan,8.8071,88.5520,nan
2026-06-02 14:38:32.465,BASELINE,NEW_DATA,8.8054,88.5520,nan,8.8054,88.5520,nan
2026-06-02 14:38:32.485,BASELINE,NEW_DATA,8.8043,88.5520,nan,8.8043,88.5520,nan
2026-06-02 14:38:32.506,BASELINE,NEW_DATA,8.8050,88.5520,nan,8.8050,88.5520,nan
2026-06-02 14:38:32.527,BASELINE,NEW_DATA,8.8043,88.5520,nan,8.8043,88.5520,nan
2026-06-02 14:38:32.547,BASELINE,NEW_DATA,8.8057,88.5520,nan,8.8057,88.5520,nan
2026-06-02 14:38:32.569,BASELINE,NEW_DATA,8.8064,88.5520,nan,8.8064,88.5520,nan
2026-06-02 14:38:32.589,BASELINE,NEW_DATA,8.8099,88.5520,nan,8.8099,88.5520,nan
2026-06-02 14:38:32.610,BASELINE,NEW_DATA,8.8099,88.5520,nan,8.8099,88.5520,nan
2026-06-02 14:38:32.630,BASELINE,NEW_DATA,8.8092,88.5520,nan,8.8092,88.5520,nan
2026-06-02 14:38:32.650,BASELINE,NEW_DATA,8.8099,88.5520,nan,8.8099,88.5520,nan
2026-06-02 14:38:32.674,BASELINE,NEW_DATA,8.8074,88.5520,nan,8.8074,88.5520,nan
2026-06-02 14:38:32.691,BASELINE,NEW_DATA,8.8074,88.5520,nan,8.8074,88.5520,nan
2026-06-02 14:38:32.712,BASELINE,NEW_DATA,8.8092,88.5520,nan,8.8092,88.5520,nan
2026-06-02 14:38:32.732,BASELINE,NEW_DATA,8.8064,88.7822,nan,8.8064,88.7822,nan
2026-06-02 14:38:32.752,BASELINE,NEW_DATA,8.8033,88.7822,nan,8.8033,88.7822,nan
2026-06-02 14:38:32.773,BASELINE,NEW_DATA,8.8029,88.7822,nan,8.8029,88.7822,nan
2026-06-02 14:38:32.793,BASELINE,NEW_DATA,8.8019,88.7822,nan,8.8019,88.7822,nan
2026-06-02 14:38:32.813,BASELINE,NEW_DATA,8.8064,88.7822,nan,8.8064,88.7822,nan
2026-06-02 14:38:32.833,BASELINE,NEW_DATA,8.8043,88.7822,nan,8.8043,88.7822,nan
2026-06-02 14:38:32.853,BASELINE,NEW_DATA,8.8074,88.7822,nan,8.8074,88.7822,nan
2026-06-02 14:38:32.874,BASELINE,NEW_DATA,8.8043,88.7822,nan,8.8043,88.7822,nan
2026-06-02 14:38:32.895,BASELINE,NEW_DATA,8.8071,88.7822,nan,8.8071,88.7822,nan
2026-06-02 14:38:32.915,BASELINE,NEW_DATA,8.8022,88.7822,nan,8.8022,88.7822,nan
2026-06-02 14:38:32.936,BASELINE,NEW_DATA,8.8029,88.7822,nan,8.8029,88.7822,nan
2026-06-02 14:38:32.957,BASELINE,NEW_DATA,8.8029,88.7822,nan,8.8029,88.7822,nan
2026-06-02 14:38:32.977,BASELINE,NEW_DATA,8.8026,88.7822,nan,8.8026,88.7822,nan
2026-06-02 14:38:32.997,BASELINE,NEW_DATA,8.8029,88.7822,nan,8.8029,88.7822,nan
2026-06-02 14:38:33.018,BASELINE,NEW_DATA,8.8206,88.7822,nan,8.8206,88.7822,nan
2026-06-02 14:38:33.039,BASELINE,NEW_DATA,8.8064,88.7822,nan,8.8064,88.7822,nan
2026-06-02 14:38:33.059,BASELINE,NEW_DATA,8.7970,88.7822,nan,8.7970,88.7822,nan
2026-06-02 14:38:33.080,BASELINE,NEW_DATA,8.8015,88.7822,nan,8.8015,88.7822,nan
2026-06-02 14:38:33.100,BASELINE,NEW_DATA,8.7974,88.7822,nan,8.7974,88.7822,nan
2026-06-02 14:38:33.120,BASELINE,NEW_DATA,8.7988,88.7822,nan,8.7988,88.7822,nan
2026-06-02 14:38:33.141,BASELINE,NEW_DATA,8.8012,88.7822,nan,8.8012,88.7822,nan
2026-06-02 14:38:33.161,BASELINE,NEW_DATA,8.8009,88.7822,nan,8.8009,88.7822,nan
2026-06-02 14:38:33.184,BASELINE,NEW_DATA,8.8012,88.7822,nan,8.8012,88.7822,nan
2026-06-02 14:38:33.202,BASELINE,NEW_DATA,8.7977,88.7822,nan,8.7977,88.7822,nan
2026-06-02 14:38:33.223,BASELINE,NEW_DATA,8.8015,88.7822,nan,8.8015,88.7822,nan
2026-06-02 14:38:33.243,BASELINE,NEW_DATA,8.8019,88.8259,nan,8.8019,88.8259,nan
2026-06-02 14:38:33.263,BASELINE,NEW_DATA,8.8022,88.8259,nan,8.8022,88.8259,nan
2026-06-02 14:38:33.284,BASELINE,NEW_DATA,8.8036,88.8259,nan,8.8036,88.8259,nan
2026-06-02 14:38:33.305,BASELINE,NEW_DATA,8.8026,88.8259,nan,8.8026,88.8259,nan
2026-06-02 14:38:33.326,BASELINE,NEW_DATA,8.8005,88.8259,nan,8.8005,88.8259,nan
2026-06-02 14:38:33.347,BASELINE,NEW_DATA,8.8005,88.8259,nan,8.8005,88.8259,nan
2026-06-02 14:38:33.367,BASELINE,NEW_DATA,8.7960,88.8259,nan,8.7960,88.8259,nan
2026-06-02 14:38:33.387,BASELINE,NEW_DATA,8.7981,88.8259,nan,8.7981,88.8259,nan
2026-06-02 14:38:33.408,BASELINE,NEW_DATA,8.8005,88.8259,nan,8.8005,88.8259,nan
2026-06-02 14:38:33.428,BASELINE,NEW_DATA,8.8002,88.8259,nan,8.8002,88.8259,nan
2026-06-02 14:38:33.449,BASELINE,NEW_DATA,8.7943,88.8259,nan,8.7943,88.8259,nan
2026-06-02 14:38:33.469,BASELINE,NEW_DATA,8.7953,88.8259,nan,8.7953,88.8259,nan
2026-06-02 14:38:33.490,BASELINE,NEW_DATA,8.7967,88.8259,nan,8.7967,88.8259,nan
2026-06-02 14:38:33.511,BASELINE,NEW_DATA,8.7915,88.8259,nan,8.7915,88.8259,nan
2026-06-02 14:38:33.531,BASELINE,NEW_DATA,8.7960,88.8259,nan,8.7960,88.8259,nan
2026-06-02 14:38:33.551,BASELINE,NEW_DATA,8.7932,88.8259,nan,8.7932,88.8259,nan
2026-06-02 14:38:33.572,BASELINE,NEW_DATA,8.7953,88.8259,nan,8.7953,88.8259,nan
2026-06-02 14:38:33.592,BASELINE,NEW_DATA,8.7915,88.8259,nan,8.7915,88.8259,nan
2026-06-02 14:38:33.612,BASELINE,NEW_DATA,8.7877,88.8259,nan,8.7877,88.8259,nan
2026-06-02 14:38:33.632,BASELINE,NEW_DATA,8.7884,88.8259,nan,8.7884,88.8259,nan
2026-06-02 14:38:33.653,BASELINE,NEW_DATA,8.7884,88.8259,nan,8.7884,88.8259,nan
2026-06-02 14:38:33.674,BASELINE,NEW_DATA,8.8009,88.8259,nan,8.8009,88.8259,nan
2026-06-02 14:38:33.698,BASELINE,NEW_DATA,8.7915,88.8259,nan,8.7915,88.8259,nan
2026-06-02 14:38:33.716,BASELINE,NEW_DATA,8.7887,88.8259,nan,8.7887,88.8259,nan
2026-06-02 14:38:33.736,BASELINE,NEW_DATA,8.7901,88.8259,nan,8.7901,88.8259,nan
2026-06-02 14:38:33.757,BASELINE,NEW_DATA,8.7859,88.8259,nan,8.7859,88.8259,nan
2026-06-02 14:38:33.777,BASELINE,NEW_DATA,8.7877,88.8259,nan,8.7877,88.8259,nan
2026-06-02 14:38:33.799,BASELINE,NEW_DATA,8.7863,88.8259,nan,8.7863,88.8259,nan
2026-06-02 14:38:33.819,BASELINE,NEW_DATA,8.7884,88.8259,nan,8.7884,88.8259,nan
2026-06-02 14:38:33.840,BASELINE,NEW_DATA,8.7849,88.8259,nan,8.7849,88.8259,nan
2026-06-02 14:38:33.860,BASELINE,NEW_DATA,8.7891,88.8259,nan,8.7891,88.8259,nan
2026-06-02 14:38:33.881,BASELINE,NEW_DATA,8.7915,88.8259,nan,8.7915,88.8259,nan
2026-06-02 14:38:33.901,BASELINE,NEW_DATA,8.7891,88.8259,nan,8.7891,88.8259,nan
2026-06-02 14:38:33.922,BASELINE,NEW_DATA,8.7908,88.8259,nan,8.7908,88.8259,nan
2026-06-02 14:38:33.942,BASELINE,NEW_DATA,8.7901,88.8259,nan,8.7901,88.8259,nan
2026-06-02 14:38:33.962,BASELINE,NEW_DATA,8.7852,88.8259,nan,8.7852,88.8259,nan
2026-06-02 14:38:33.983,BASELINE,NEW_DATA,8.7842,88.8259,nan,8.7842,88.8259,nan
2026-06-02 14:38:34.003,BASELINE,NEW_DATA,8.7846,88.8259,nan,8.7846,88.8259,nan
2026-06-02 14:38:34.024,BASELINE,NEW_DATA,8.7811,88.8259,nan,8.7811,88.8259,nan
2026-06-02 14:38:34.044,BASELINE,NEW_DATA,8.7787,88.8259,nan,8.7787,88.8259,nan
2026-06-02 14:38:34.065,BASELINE,NEW_DATA,8.7787,88.8259,nan,8.7787,88.8259,nan
2026-06-02 14:38:34.085,BASELINE,NEW_DATA,8.7825,88.8259,nan,8.7825,88.8259,nan
2026-06-02 14:38:34.105,BASELINE,NEW_DATA,8.7814,88.8259,nan,8.7814,88.8259,nan
2026-06-02 14:38:34.125,BASELINE,NEW_DATA,8.7814,88.8259,nan,8.7814,88.8259,nan
2026-06-02 14:38:34.145,BASELINE,NEW_DATA,8.7797,88.8259,nan,8.7797,88.8259,nan
2026-06-02 14:38:34.166,BASELINE,NEW_DATA,8.7800,88.8259,nan,8.7800,88.8259,nan
2026-06-02 14:38:34.186,BASELINE,NEW_DATA,8.7783,88.8259,nan,8.7783,88.8259,nan
2026-06-02 14:38:34.209,BASELINE,NEW_DATA,8.7790,88.8259,nan,8.7790,88.8259,nan
2026-06-02 14:38:34.228,BASELINE,NEW_DATA,8.7825,88.6789,nan,8.7825,88.6789,nan
2026-06-02 14:38:34.248,BASELINE,NEW_DATA,8.7835,88.6789,nan,8.7835,88.6789,nan
2026-06-02 14:38:34.269,BASELINE,NEW_DATA,8.7880,88.6789,nan,8.7880,88.6789,nan
2026-06-02 14:38:34.289,BASELINE,NEW_DATA,8.7859,88.6789,nan,8.7859,88.6789,nan
2026-06-02 14:38:34.310,BASELINE,NEW_DATA,8.7863,88.6789,nan,8.7863,88.6789,nan
2026-06-02 14:38:34.331,BASELINE,NEW_DATA,8.7842,88.6789,nan,8.7842,88.6789,nan
2026-06-02 14:38:34.352,BASELINE,NEW_DATA,8.7887,88.6789,nan,8.7887,88.6789,nan
2026-06-02 14:38:34.373,BASELINE,NEW_DATA,8.7894,88.6789,nan,8.7894,88.6789,nan
2026-06-02 14:38:34.393,BASELINE,NEW_DATA,8.8009,88.6789,nan,8.8009,88.6789,nan
2026-06-02 14:38:34.414,BASELINE,NEW_DATA,8.7863,88.6789,nan,8.7863,88.6789,nan
2026-06-02 14:38:34.434,BASELINE,NEW_DATA,8.7880,88.6789,nan,8.7880,88.6789,nan
2026-06-02 14:38:34.454,BASELINE,NEW_DATA,8.7887,88.6789,nan,8.7887,88.6789,nan
2026-06-02 14:38:34.475,BASELINE,NEW_DATA,8.7859,88.6789,nan,8.7859,88.6789,nan
2026-06-02 14:38:34.495,BASELINE,NEW_DATA,8.7901,88.6789,nan,8.7901,88.6789,nan
2026-06-02 14:38:34.516,BASELINE,NEW_DATA,8.7894,88.6789,nan,8.7894,88.6789,nan
2026-06-02 14:38:34.537,BASELINE,NEW_DATA,8.7894,88.6789,nan,8.7894,88.6789,nan
2026-06-02 14:38:34.557,BASELINE,NEW_DATA,8.7866,88.6789,nan,8.7866,88.6789,nan
2026-06-02 14:38:34.577,BASELINE,NEW_DATA,8.7911,88.6789,nan,8.7911,88.6789,nan
2026-06-02 14:38:34.598,BASELINE,NEW_DATA,8.7915,88.6789,nan,8.7915,88.6789,nan
2026-06-02 14:38:34.618,BASELINE,NEW_DATA,8.7915,88.6789,nan,8.7915,88.6789,nan
2026-06-02 14:38:34.639,BASELINE,NEW_DATA,8.7915,88.6789,nan,8.7915,88.6789,nan
2026-06-02 14:38:34.659,BASELINE,NEW_DATA,8.7932,88.6789,nan,8.7932,88.6789,nan
2026-06-02 14:38:34.680,BASELINE,NEW_DATA,8.7911,88.6789,nan,8.7911,88.6789,nan
2026-06-02 14:38:34.700,BASELINE,NEW_DATA,8.7915,88.6789,nan,8.7915,88.6789,nan
2026-06-02 14:38:34.723,BASELINE,NEW_DATA,8.7911,88.6789,nan,8.7911,88.6789,nan
2026-06-02 14:38:34.741,BASELINE,NEW_DATA,8.7915,88.7147,nan,8.7915,88.7147,nan
2026-06-02 14:38:34.761,BASELINE,NEW_DATA,8.7859,88.7147,nan,8.7859,88.7147,nan
2026-06-02 14:38:34.781,BASELINE,NEW_DATA,8.7905,88.7147,nan,8.7905,88.7147,nan
2026-06-02 14:38:34.802,BASELINE,NEW_DATA,8.7905,88.7147,nan,8.7905,88.7147,nan
2026-06-02 14:38:34.823,BASELINE,NEW_DATA,8.7842,88.7147,nan,8.7842,88.7147,nan
2026-06-02 14:38:34.844,BASELINE,NEW_DATA,8.7873,88.7147,nan,8.7873,88.7147,nan
2026-06-02 14:38:34.864,BASELINE,NEW_DATA,8.7807,88.7147,nan,8.7807,88.7147,nan
2026-06-02 14:38:34.884,BASELINE,NEW_DATA,8.7776,88.7147,nan,8.7776,88.7147,nan
2026-06-02 14:38:34.905,BASELINE,NEW_DATA,8.7728,88.7147,nan,8.7728,88.7147,nan
2026-06-02 14:38:34.925,BASELINE,NEW_DATA,8.7759,88.7147,nan,8.7759,88.7147,nan
2026-06-02 14:38:34.945,BASELINE,NEW_DATA,8.7766,88.7147,nan,8.7766,88.7147,nan
2026-06-02 14:38:34.966,BASELINE,NEW_DATA,8.7724,88.7147,nan,8.7724,88.7147,nan
2026-06-02 14:38:34.987,BASELINE,NEW_DATA,8.7752,88.7147,nan,8.7752,88.7147,nan
2026-06-02 14:38:35.008,BASELINE,NEW_DATA,8.7728,88.7147,nan,8.7728,88.7147,nan
2026-06-02 14:38:35.029,BASELINE,NEW_DATA,8.7721,88.7147,nan,8.7721,88.7147,nan
2026-06-02 14:38:35.049,BASELINE,NEW_DATA,8.7797,88.7147,nan,8.7797,88.7147,nan
2026-06-02 14:38:35.070,BASELINE,NEW_DATA,8.7832,88.7147,nan,8.7832,88.7147,nan
2026-06-02 14:38:35.091,BASELINE,NEW_DATA,8.7724,88.7147,nan,8.7724,88.7147,nan
2026-06-02 14:38:35.111,BASELINE,NEW_DATA,8.7717,88.7147,nan,8.7717,88.7147,nan
2026-06-02 14:38:35.131,BASELINE,NEW_DATA,8.7717,88.7147,nan,8.7717,88.7147,nan
2026-06-02 14:38:35.151,BASELINE,NEW_DATA,8.7755,88.7147,nan,8.7755,88.7147,nan
2026-06-02 14:38:35.171,BASELINE,NEW_DATA,8.7721,88.7147,nan,8.7721,88.7147,nan
2026-06-02 14:38:35.192,BASELINE,NEW_DATA,8.7748,88.7147,nan,8.7748,88.7147,nan
2026-06-02 14:38:35.213,BASELINE,NEW_DATA,8.7738,88.7147,nan,8.7738,88.7147,nan
2026-06-02 14:38:35.236,BASELINE,NEW_DATA,8.7759,88.7147,nan,8.7759,88.7147,nan
2026-06-02 14:38:35.255,BASELINE,NEW_DATA,8.7728,88.7147,nan,8.7728,88.7147,nan
2026-06-02 14:38:35.275,BASELINE,NEW_DATA,8.7731,88.7147,nan,8.7731,88.7147,nan
2026-06-02 14:38:35.296,BASELINE,NEW_DATA,8.7721,88.7147,nan,8.7721,88.7147,nan
2026-06-02 14:38:35.316,BASELINE,NEW_DATA,8.7679,88.7147,nan,8.7679,88.7147,nan
2026-06-02 14:38:35.336,BASELINE,NEW_DATA,8.7700,88.7147,nan,8.7700,88.7147,nan
2026-06-02 14:38:35.356,BASELINE,NEW_DATA,8.7655,88.7147,nan,8.7655,88.7147,nan
2026-06-02 14:38:35.377,BASELINE,NEW_DATA,8.7631,88.7147,nan,8.7631,88.7147,nan
2026-06-02 14:38:35.399,BASELINE,NEW_DATA,8.7644,88.7147,nan,8.7644,88.7147,nan
2026-06-02 14:38:35.419,BASELINE,NEW_DATA,8.7617,88.7147,nan,8.7617,88.7147,nan
2026-06-02 14:38:35.440,BASELINE,NEW_DATA,8.7641,88.7147,nan,8.7641,88.7147,nan
2026-06-02 14:38:35.460,BASELINE,NEW_DATA,8.7641,88.7147,nan,8.7641,88.7147,nan
2026-06-02 14:38:35.481,BASELINE,NEW_DATA,8.7644,88.7147,nan,8.7644,88.7147,nan
2026-06-02 14:38:35.501,BASELINE,NEW_DATA,8.7644,88.7147,nan,8.7644,88.7147,nan
2026-06-02 14:38:35.522,BASELINE,NEW_DATA,8.7665,88.7147,nan,8.7665,88.7147,nan
2026-06-02 14:38:35.543,BASELINE,NEW_DATA,8.7693,88.7147,nan,8.7693,88.7147,nan
2026-06-02 14:38:35.563,BASELINE,NEW_DATA,8.7728,88.7147,nan,8.7728,88.7147,nan
2026-06-02 14:38:35.584,BASELINE,NEW_DATA,8.7748,88.7147,nan,8.7748,88.7147,nan
2026-06-02 14:38:35.604,BASELINE,NEW_DATA,8.7738,88.7147,nan,8.7738,88.7147,nan
2026-06-02 14:38:35.624,BASELINE,NEW_DATA,8.7752,88.7147,nan,8.7752,88.7147,nan
2026-06-02 14:38:35.645,BASELINE,NEW_DATA,8.7794,88.7147,nan,8.7794,88.7147,nan
2026-06-02 14:38:35.665,BASELINE,NEW_DATA,8.7800,88.7147,nan,8.7800,88.7147,nan
2026-06-02 14:38:35.686,BASELINE,NEW_DATA,8.7769,88.7147,nan,8.7769,88.7147,nan
2026-06-02 14:38:35.706,BASELINE,NEW_DATA,8.7759,88.7147,nan,8.7759,88.7147,nan
2026-06-02 14:38:35.727,BASELINE,NEW_DATA,8.7804,88.5981,nan,8.7804,88.5981,nan
2026-06-02 14:38:35.751,BASELINE,NEW_DATA,8.7797,88.5981,nan,8.7797,88.5981,nan
2026-06-02 14:38:35.769,BASELINE,NEW_DATA,8.7946,88.5981,nan,8.7946,88.5981,nan
2026-06-02 14:38:35.790,BASELINE,NEW_DATA,8.7821,88.5981,nan,8.7821,88.5981,nan
2026-06-02 14:38:35.810,BASELINE,NEW_DATA,8.7742,88.5981,nan,8.7742,88.5981,nan
2026-06-02 14:38:35.831,BASELINE,NEW_DATA,8.7804,88.5981,nan,8.7804,88.5981,nan
2026-06-02 14:38:35.851,BASELINE,NEW_DATA,8.7766,88.5981,nan,8.7766,88.5981,nan
2026-06-02 14:38:35.872,BASELINE,NEW_DATA,8.7780,88.5981,nan,8.7780,88.5981,nan
2026-06-02 14:38:35.892,BASELINE,NEW_DATA,8.7797,88.5981,nan,8.7797,88.5981,nan
2026-06-02 14:38:35.913,BASELINE,NEW_DATA,8.7759,88.5981,nan,8.7759,88.5981,nan
2026-06-02 14:38:35.933,BASELINE,NEW_DATA,8.7800,88.5981,nan,8.7800,88.5981,nan
2026-06-02 14:38:35.953,BASELINE,NEW_DATA,8.7825,88.5981,nan,8.7825,88.5981,nan
2026-06-02 14:38:35.974,BASELINE,NEW_DATA,8.7804,88.5981,nan,8.7804,88.5981,nan
2026-06-02 14:38:35.995,BASELINE,NEW_DATA,8.7828,88.5981,nan,8.7828,88.5981,nan
2026-06-02 14:38:36.015,BASELINE,NEW_DATA,8.7814,88.5981,nan,8.7814,88.5981,nan
2026-06-02 14:38:36.035,BASELINE,NEW_DATA,8.7821,88.5981,nan,8.7821,88.5981,nan
2026-06-02 14:38:36.055,BASELINE,NEW_DATA,8.7839,88.5981,nan,8.7839,88.5981,nan
2026-06-02 14:38:36.076,BASELINE,NEW_DATA,8.7800,88.5981,nan,8.7800,88.5981,nan
2026-06-02 14:38:36.096,BASELINE,NEW_DATA,8.7783,88.5981,nan,8.7783,88.5981,nan
2026-06-02 14:38:36.116,BASELINE,NEW_DATA,8.7794,88.5981,nan,8.7794,88.5981,nan
2026-06-02 14:38:36.137,BASELINE,NEW_DATA,8.7776,88.5981,nan,8.7776,88.5981,nan
2026-06-02 14:38:36.157,BASELINE,NEW_DATA,8.7748,88.5981,nan,8.7748,88.5981,nan
2026-06-02 14:38:36.178,BASELINE,NEW_DATA,8.7783,88.5981,nan,8.7783,88.5981,nan
2026-06-02 14:38:36.198,BASELINE,NEW_DATA,8.7773,88.5981,nan,8.7773,88.5981,nan
2026-06-02 14:38:36.219,BASELINE,NEW_DATA,8.7752,88.5981,nan,8.7752,88.5981,nan
2026-06-02 14:38:36.239,BASELINE,NEW_DATA,8.7790,88.6783,nan,8.7790,88.6783,nan
2026-06-02 14:38:36.263,BASELINE,NEW_DATA,8.7773,88.6783,nan,8.7773,88.6783,nan
2026-06-02 14:38:36.281,BASELINE,NEW_DATA,8.7769,88.6783,nan,8.7769,88.6783,nan
2026-06-02 14:38:36.301,BASELINE,NEW_DATA,8.7752,88.6783,nan,8.7752,88.6783,nan
2026-06-02 14:38:36.322,BASELINE,NEW_DATA,8.7752,88.6783,nan,8.7752,88.6783,nan
2026-06-02 14:38:36.343,BASELINE,NEW_DATA,8.7769,88.6783,nan,8.7769,88.6783,nan
2026-06-02 14:38:36.364,BASELINE,NEW_DATA,8.7717,88.6783,nan,8.7717,88.6783,nan
2026-06-02 14:38:36.385,BASELINE,NEW_DATA,8.7776,88.6783,nan,8.7776,88.6783,nan
2026-06-02 14:38:36.405,BASELINE,NEW_DATA,8.7762,88.6783,nan,8.7762,88.6783,nan
2026-06-02 14:38:36.426,BASELINE,NEW_DATA,8.7828,88.6783,nan,8.7828,88.6783,nan
2026-06-02 14:38:36.447,BASELINE,NEW_DATA,8.7748,88.6783,nan,8.7748,88.6783,nan
2026-06-02 14:38:36.467,BASELINE,NEW_DATA,8.7714,88.6783,nan,8.7714,88.6783,nan
2026-06-02 14:38:36.488,BASELINE,NEW_DATA,8.7669,88.6783,nan,8.7669,88.6783,nan
2026-06-02 14:38:36.510,BASELINE,NEW_DATA,8.7662,88.6783,nan,8.7662,88.6783,nan
2026-06-02 14:38:36.530,BASELINE,NEW_DATA,8.7665,88.6783,nan,8.7665,88.6783,nan
2026-06-02 14:38:36.550,BASELINE,NEW_DATA,8.7693,88.6783,nan,8.7693,88.6783,nan
2026-06-02 14:38:36.571,BASELINE,NEW_DATA,8.7672,88.6783,nan,8.7672,88.6783,nan
2026-06-02 14:38:36.591,BASELINE,NEW_DATA,8.7717,88.6783,nan,8.7717,88.6783,nan
2026-06-02 14:38:36.612,BASELINE,NEW_DATA,8.7748,88.6783,nan,8.7748,88.6783,nan
2026-06-02 14:38:36.632,BASELINE,NEW_DATA,8.7755,88.6783,nan,8.7755,88.6783,nan
2026-06-02 14:38:36.652,BASELINE,NEW_DATA,8.7748,88.6783,nan,8.7748,88.6783,nan
2026-06-02 14:38:36.673,BASELINE,NEW_DATA,8.7787,88.6783,nan,8.7787,88.6783,nan
2026-06-02 14:38:36.694,BASELINE,NEW_DATA,8.7780,88.6783,nan,8.7780,88.6783,nan
2026-06-02 14:38:36.715,BASELINE,NEW_DATA,8.7773,88.6783,nan,8.7773,88.6783,nan
2026-06-02 14:38:36.736,BASELINE,NEW_DATA,8.7811,88.6547,nan,8.7811,88.6547,nan
2026-06-02 14:38:36.756,BASELINE,NEW_DATA,8.7804,88.6547,nan,8.7804,88.6547,nan
2026-06-02 14:38:36.782,BASELINE,NEW_DATA,8.7769,88.6547,nan,8.7769,88.6547,nan
2026-06-02 14:38:36.799,BASELINE,NEW_DATA,8.7794,88.6547,nan,8.7794,88.6547,nan
2026-06-02 14:38:36.820,BASELINE,NEW_DATA,8.7780,88.6547,nan,8.7780,88.6547,nan
2026-06-02 14:38:36.840,BASELINE,NEW_DATA,8.7794,88.6547,nan,8.7794,88.6547,nan
2026-06-02 14:38:36.860,BASELINE,NEW_DATA,8.7769,88.6547,nan,8.7769,88.6547,nan
2026-06-02 14:38:36.880,BASELINE,NEW_DATA,8.7783,88.6547,nan,8.7783,88.6547,nan
2026-06-02 14:38:36.901,BASELINE,NEW_DATA,8.7752,88.6547,nan,8.7752,88.6547,nan
2026-06-02 14:38:36.921,BASELINE,NEW_DATA,8.7780,88.6547,nan,8.7780,88.6547,nan
2026-06-02 14:38:36.942,BASELINE,NEW_DATA,8.7752,88.6547,nan,8.7752,88.6547,nan
2026-06-02 14:38:36.962,BASELINE,NEW_DATA,8.7780,88.6547,nan,8.7780,88.6547,nan
2026-06-02 14:38:36.982,BASELINE,NEW_DATA,8.7797,88.6547,nan,8.7797,88.6547,nan
2026-06-02 14:38:37.003,BASELINE,NEW_DATA,8.7794,88.6547,nan,8.7794,88.6547,nan
2026-06-02 14:38:37.024,BASELINE,NEW_DATA,8.7752,88.6547,nan,8.7752,88.6547,nan
2026-06-02 14:38:37.044,BASELINE,NEW_DATA,8.7794,88.6547,nan,8.7794,88.6547,nan
2026-06-02 14:38:37.064,BASELINE,NEW_DATA,8.7745,88.6547,nan,8.7745,88.6547,nan
2026-06-02 14:38:37.085,BASELINE,NEW_DATA,8.7804,88.6547,nan,8.7804,88.6547,nan
2026-06-02 14:38:37.106,BASELINE,NEW_DATA,8.7977,88.6547,nan,8.7977,88.6547,nan
2026-06-02 14:38:37.127,BASELINE,NEW_DATA,8.7870,88.6547,nan,8.7870,88.6547,nan
2026-06-02 14:38:37.147,BASELINE,NEW_DATA,8.7804,88.6547,nan,8.7804,88.6547,nan
2026-06-02 14:38:37.168,BASELINE,NEW_DATA,8.7787,88.6547,nan,8.7787,88.6547,nan
2026-06-02 14:38:37.188,BASELINE,NEW_DATA,8.7828,88.6547,nan,8.7828,88.6547,nan
2026-06-02 14:38:37.208,BASELINE,NEW_DATA,8.7794,88.6547,nan,8.7794,88.6547,nan
2026-06-02 14:38:37.229,BASELINE,NEW_DATA,8.7807,88.6547,nan,8.7807,88.6547,nan
2026-06-02 14:38:37.250,BASELINE,NEW_DATA,8.7828,88.6547,nan,8.7828,88.6547,nan
2026-06-02 14:38:37.271,BASELINE,NEW_DATA,8.7825,88.6547,nan,8.7825,88.6547,nan
2026-06-02 14:38:37.296,BASELINE,NEW_DATA,8.7780,88.6547,nan,8.7780,88.6547,nan
2026-06-02 14:38:37.312,BASELINE,NEW_DATA,8.7773,88.6547,nan,8.7773,88.6547,nan
2026-06-02 14:38:37.334,BASELINE,NEW_DATA,8.7766,88.6547,nan,8.7766,88.6547,nan
2026-06-02 14:38:37.354,BASELINE,NEW_DATA,8.7780,88.6547,nan,8.7780,88.6547,nan
2026-06-02 14:38:37.375,BASELINE,NEW_DATA,8.7797,88.6547,nan,8.7797,88.6547,nan
2026-06-02 14:38:37.396,BASELINE,NEW_DATA,8.7849,88.6547,nan,8.7849,88.6547,nan
2026-06-02 14:38:37.416,BASELINE,NEW_DATA,8.7849,88.6547,nan,8.7849,88.6547,nan
2026-06-02 14:38:37.436,BASELINE,NEW_DATA,8.7852,88.6547,nan,8.7852,88.6547,nan
2026-06-02 14:38:37.457,BASELINE,NEW_DATA,8.7839,88.6547,nan,8.7839,88.6547,nan
2026-06-02 14:38:37.478,BASELINE,NEW_DATA,8.7859,88.6547,nan,8.7859,88.6547,nan
2026-06-02 14:38:37.498,BASELINE,NEW_DATA,8.7870,88.6547,nan,8.7870,88.6547,nan
2026-06-02 14:38:37.519,BASELINE,NEW_DATA,8.7818,88.6547,nan,8.7818,88.6547,nan
2026-06-02 14:38:37.541,BASELINE,NEW_DATA,8.7849,88.6547,nan,8.7849,88.6547,nan
2026-06-02 14:38:37.562,BASELINE,NEW_DATA,8.7908,88.6547,nan,8.7908,88.6547,nan
2026-06-02 14:38:37.582,BASELINE,NEW_DATA,8.7936,88.6547,nan,8.7936,88.6547,nan
2026-06-02 14:38:37.603,BASELINE,NEW_DATA,8.7915,88.6547,nan,8.7915,88.6547,nan
2026-06-02 14:38:37.623,BASELINE,NEW_DATA,8.7915,88.6547,nan,8.7915,88.6547,nan
2026-06-02 14:38:37.643,BASELINE,NEW_DATA,8.7915,88.6547,nan,8.7915,88.6547,nan
2026-06-02 14:38:37.664,BASELINE,NEW_DATA,8.7870,88.6547,nan,8.7870,88.6547,nan
2026-06-02 14:38:37.684,BASELINE,NEW_DATA,8.7811,88.6547,nan,8.7811,88.6547,nan
2026-06-02 14:38:37.705,BASELINE,NEW_DATA,8.7825,88.6547,nan,8.7825,88.6547,nan
2026-06-02 14:38:37.725,BASELINE,NEW_DATA,8.7745,88.6547,nan,8.7745,88.6547,nan
2026-06-02 14:38:37.746,BASELINE,NEW_DATA,8.7950,88.7641,nan,8.7950,88.7641,nan
2026-06-02 14:38:37.767,BASELINE,NEW_DATA,8.7967,88.7641,nan,8.7967,88.7641,nan
2026-06-02 14:38:37.788,BASELINE,NEW_DATA,8.7884,88.7641,nan,8.7884,88.7641,nan
2026-06-02 14:38:37.814,BASELINE,NEW_DATA,8.7946,88.7641,nan,8.7946,88.7641,nan
2026-06-02 14:38:37.831,BASELINE,NEW_DATA,8.7943,88.7641,nan,8.7943,88.7641,nan
2026-06-02 14:38:37.850,BASELINE,NEW_DATA,8.7960,88.7641,nan,8.7960,88.7641,nan
2026-06-02 14:38:37.870,BASELINE,NEW_DATA,8.7963,88.7641,nan,8.7963,88.7641,nan
2026-06-02 14:38:37.892,BASELINE,NEW_DATA,8.7984,88.7641,nan,8.7984,88.7641,nan
2026-06-02 14:38:37.912,BASELINE,NEW_DATA,8.8026,88.7641,nan,8.8026,88.7641,nan
2026-06-02 14:38:37.933,BASELINE,NEW_DATA,8.8002,88.7641,nan,8.8002,88.7641,nan
2026-06-02 14:38:37.954,BASELINE,NEW_DATA,8.8033,88.7641,nan,8.8033,88.7641,nan
2026-06-02 14:38:37.974,BASELINE,NEW_DATA,8.8078,88.7641,nan,8.8078,88.7641,nan
2026-06-02 14:38:37.995,BASELINE,NEW_DATA,8.8071,88.7641,nan,8.8071,88.7641,nan
2026-06-02 14:38:38.016,BASELINE,NEW_DATA,8.8061,88.7641,nan,8.8061,88.7641,nan
2026-06-02 14:38:38.036,BASELINE,NEW_DATA,8.8015,88.7641,nan,8.8015,88.7641,nan
2026-06-02 14:38:38.057,BASELINE,NEW_DATA,8.8026,88.7641,nan,8.8026,88.7641,nan
2026-06-02 14:38:38.077,BASELINE,NEW_DATA,8.8033,88.7641,nan,8.8033,88.7641,nan
2026-06-02 14:38:38.097,BASELINE,NEW_DATA,8.8050,88.7641,nan,8.8050,88.7641,nan
2026-06-02 14:38:38.118,BASELINE,NEW_DATA,8.8054,88.7641,nan,8.8054,88.7641,nan
2026-06-02 14:38:38.139,BASELINE,NEW_DATA,8.8026,88.7641,nan,8.8026,88.7641,nan
2026-06-02 14:38:38.159,BASELINE,NEW_DATA,8.8019,88.7641,nan,8.8019,88.7641,nan
2026-06-02 14:38:38.180,BASELINE,NEW_DATA,8.8036,88.7641,nan,8.8036,88.7641,nan
2026-06-02 14:38:38.200,BASELINE,NEW_DATA,8.8071,88.7641,nan,8.8071,88.7641,nan
2026-06-02 14:38:38.220,BASELINE,NEW_DATA,8.8029,88.7641,nan,8.8029,88.7641,nan
2026-06-02 14:38:38.241,BASELINE,NEW_DATA,8.8005,88.8909,nan,8.8005,88.8909,nan
2026-06-02 14:38:38.261,BASELINE,NEW_DATA,8.8067,88.8909,nan,8.8067,88.8909,nan
2026-06-02 14:38:38.281,BASELINE,NEW_DATA,8.8078,88.8909,nan,8.8078,88.8909,nan
2026-06-02 14:38:38.301,BASELINE,NEW_DATA,8.8099,88.8909,nan,8.8099,88.8909,nan
2026-06-02 14:38:38.326,BASELINE,NEW_DATA,8.8071,88.8909,nan,8.8071,88.8909,nan
2026-06-02 14:38:38.342,BASELINE,NEW_DATA,8.8081,88.8909,nan,8.8081,88.8909,nan
2026-06-02 14:38:38.362,BASELINE,NEW_DATA,8.8088,88.8909,nan,8.8088,88.8909,nan
2026-06-02 14:38:38.383,BASELINE,NEW_DATA,8.8147,88.8909,nan,8.8147,88.8909,nan
2026-06-02 14:38:38.403,BASELINE,NEW_DATA,8.8224,88.8909,nan,8.8224,88.8909,nan
2026-06-02 14:38:38.424,BASELINE,NEW_DATA,8.8130,88.8909,nan,8.8130,88.8909,nan
2026-06-02 14:38:38.445,BASELINE,NEW_DATA,8.8113,88.8909,nan,8.8113,88.8909,nan
2026-06-02 14:38:38.466,BASELINE,NEW_DATA,8.8113,88.8909,nan,8.8113,88.8909,nan
2026-06-02 14:38:38.486,BASELINE,NEW_DATA,8.8116,88.8909,nan,8.8116,88.8909,nan
2026-06-02 14:38:38.507,BASELINE,NEW_DATA,8.8106,88.8909,nan,8.8106,88.8909,nan
2026-06-02 14:38:38.527,BASELINE,NEW_DATA,8.8109,88.8909,nan,8.8109,88.8909,nan
2026-06-02 14:38:38.548,BASELINE,NEW_DATA,8.8102,88.8909,nan,8.8102,88.8909,nan
2026-06-02 14:38:38.569,BASELINE,NEW_DATA,8.8137,88.8909,nan,8.8137,88.8909,nan
2026-06-02 14:38:38.589,BASELINE,NEW_DATA,8.8140,88.8909,nan,8.8140,88.8909,nan
2026-06-02 14:38:38.609,BASELINE,NEW_DATA,8.8130,88.8909,nan,8.8130,88.8909,nan
2026-06-02 14:38:38.630,BASELINE,NEW_DATA,8.8154,88.8909,nan,8.8154,88.8909,nan
2026-06-02 14:38:38.650,BASELINE,NEW_DATA,8.8140,88.8909,nan,8.8140,88.8909,nan
2026-06-02 14:38:38.671,BASELINE,NEW_DATA,8.8106,88.8909,nan,8.8106,88.8909,nan
2026-06-02 14:38:38.692,BASELINE,NEW_DATA,8.8126,88.8909,nan,8.8126,88.8909,nan
2026-06-02 14:38:38.712,BASELINE,NEW_DATA,8.8133,88.8909,nan,8.8133,88.8909,nan
2026-06-02 14:38:38.732,BASELINE,NEW_DATA,8.8126,89.0303,nan,8.8126,89.0303,nan
2026-06-02 14:38:38.752,BASELINE,NEW_DATA,8.8137,89.0303,nan,8.8137,89.0303,nan
2026-06-02 14:38:38.773,BASELINE,NEW_DATA,8.8113,89.0303,nan,8.8113,89.0303,nan
2026-06-02 14:38:38.793,BASELINE,NEW_DATA,8.8147,89.0303,nan,8.8147,89.0303,nan
2026-06-02 14:38:38.813,BASELINE,NEW_DATA,8.8120,89.0303,nan,8.8120,89.0303,nan
2026-06-02 14:38:38.837,BASELINE,NEW_DATA,8.8140,89.0303,nan,8.8140,89.0303,nan
2026-06-02 14:38:38.855,BASELINE,NEW_DATA,8.8133,89.0303,nan,8.8133,89.0303,nan
2026-06-02 14:38:38.876,BASELINE,NEW_DATA,8.8158,89.0303,nan,8.8158,89.0303,nan
2026-06-02 14:38:38.896,BASELINE,NEW_DATA,8.8126,89.0303,nan,8.8126,89.0303,nan
2026-06-02 14:38:38.916,BASELINE,NEW_DATA,8.8147,89.0303,nan,8.8147,89.0303,nan
2026-06-02 14:38:38.937,BASELINE,NEW_DATA,8.8130,89.0303,nan,8.8130,89.0303,nan
2026-06-02 14:38:38.957,BASELINE,NEW_DATA,8.8126,89.0303,nan,8.8126,89.0303,nan
2026-06-02 14:38:38.977,BASELINE,NEW_DATA,8.8165,89.0303,nan,8.8165,89.0303,nan
2026-06-02 14:38:38.998,BASELINE,NEW_DATA,8.8116,89.0303,nan,8.8116,89.0303,nan
2026-06-02 14:38:39.018,BASELINE,NEW_DATA,8.8192,89.0303,nan,8.8192,89.0303,nan
2026-06-02 14:38:39.039,BASELINE,NEW_DATA,8.8293,89.0303,nan,8.8293,89.0303,nan
2026-06-02 14:38:39.060,BASELINE,NEW_DATA,8.8116,89.0303,nan,8.8116,89.0303,nan
2026-06-02 14:38:39.080,BASELINE,NEW_DATA,8.8144,89.0303,nan,8.8144,89.0303,nan
2026-06-02 14:38:39.101,BASELINE,NEW_DATA,8.8161,89.0303,nan,8.8161,89.0303,nan
2026-06-02 14:38:39.121,BASELINE,NEW_DATA,8.8182,89.0303,nan,8.8182,89.0303,nan
2026-06-02 14:38:39.141,BASELINE,NEW_DATA,8.8165,89.0303,nan,8.8165,89.0303,nan
2026-06-02 14:38:39.161,BASELINE,NEW_DATA,8.8189,89.0303,nan,8.8189,89.0303,nan
2026-06-02 14:38:39.182,BASELINE,NEW_DATA,8.8182,89.0303,nan,8.8182,89.0303,nan
2026-06-02 14:38:39.202,BASELINE,NEW_DATA,8.8210,89.0303,nan,8.8210,89.0303,nan
2026-06-02 14:38:39.223,BASELINE,NEW_DATA,8.8182,89.0303,nan,8.8182,89.0303,nan
2026-06-02 14:38:39.244,BASELINE,NEW_DATA,8.8185,89.1588,nan,8.8185,89.1588,nan
2026-06-02 14:38:39.265,BASELINE,NEW_DATA,8.8213,89.1588,nan,8.8213,89.1588,nan
2026-06-02 14:38:39.285,BASELINE,NEW_DATA,8.8192,89.1588,nan,8.8192,89.1588,nan
2026-06-02 14:38:39.306,BASELINE,NEW_DATA,8.8234,89.1588,nan,8.8234,89.1588,nan
2026-06-02 14:38:39.326,BASELINE,NEW_DATA,8.8154,89.1588,nan,8.8154,89.1588,nan
2026-06-02 14:38:39.350,BASELINE,NEW_DATA,8.8165,89.1588,nan,8.8165,89.1588,nan
2026-06-02 14:38:39.368,BASELINE,NEW_DATA,8.8154,89.1588,nan,8.8154,89.1588,nan
2026-06-02 14:38:39.388,BASELINE,NEW_DATA,8.8196,89.1588,nan,8.8196,89.1588,nan
2026-06-02 14:38:39.409,BASELINE,NEW_DATA,8.8182,89.1588,nan,8.8182,89.1588,nan
2026-06-02 14:38:39.429,BASELINE,NEW_DATA,8.8172,89.1588,nan,8.8172,89.1588,nan
2026-06-02 14:38:39.449,BASELINE,NEW_DATA,8.8182,89.1588,nan,8.8182,89.1588,nan
2026-06-02 14:38:39.469,BASELINE,NEW_DATA,8.8203,89.1588,nan,8.8203,89.1588,nan
2026-06-02 14:38:39.490,BASELINE,NEW_DATA,8.8203,89.1588,nan,8.8203,89.1588,nan
2026-06-02 14:38:39.511,BASELINE,NEW_DATA,8.8206,89.1588,nan,8.8206,89.1588,nan
2026-06-02 14:38:39.532,BASELINE,NEW_DATA,8.8227,89.1588,nan,8.8227,89.1588,nan
2026-06-02 14:38:39.552,BASELINE,NEW_DATA,8.8210,89.1588,nan,8.8210,89.1588,nan
2026-06-02 14:38:39.572,BASELINE,NEW_DATA,8.8241,89.1588,nan,8.8241,89.1588,nan
2026-06-02 14:38:39.592,BASELINE,NEW_DATA,8.8217,89.1588,nan,8.8217,89.1588,nan
2026-06-02 14:38:39.612,BASELINE,NEW_DATA,8.8210,89.1588,nan,8.8210,89.1588,nan
2026-06-02 14:38:39.633,BASELINE,NEW_DATA,8.8227,89.1588,nan,8.8227,89.1588,nan
2026-06-02 14:38:39.653,BASELINE,NEW_DATA,8.8237,89.1588,nan,8.8237,89.1588,nan
2026-06-02 14:38:39.673,BASELINE,NEW_DATA,8.8331,89.1588,nan,8.8331,89.1588,nan
2026-06-02 14:38:39.694,BASELINE,NEW_DATA,8.8199,89.1588,nan,8.8199,89.1588,nan
2026-06-02 14:38:39.715,BASELINE,NEW_DATA,8.8237,89.1588,nan,8.8237,89.1588,nan
2026-06-02 14:38:39.736,BASELINE,NEW_DATA,8.8272,89.1588,nan,8.8272,89.1588,nan
2026-06-02 14:38:39.756,BASELINE,NEW_DATA,8.8230,89.1588,nan,8.8230,89.1588,nan
2026-06-02 14:38:39.776,BASELINE,NEW_DATA,8.8237,89.1588,nan,8.8237,89.1588,nan
2026-06-02 14:38:39.796,BASELINE,NEW_DATA,8.8276,89.1588,nan,8.8276,89.1588,nan
2026-06-02 14:38:39.817,BASELINE,NEW_DATA,8.8258,89.1588,nan,8.8258,89.1588,nan
2026-06-02 14:38:39.838,BASELINE,NEW_DATA,8.8286,89.1588,nan,8.8286,89.1588,nan
2026-06-02 14:38:39.862,BASELINE,NEW_DATA,8.8296,89.1588,nan,8.8296,89.1588,nan
2026-06-02 14:38:39.879,BASELINE,NEW_DATA,8.8324,89.1588,nan,8.8324,89.1588,nan
2026-06-02 14:38:39.899,BASELINE,NEW_DATA,8.8348,89.1588,nan,8.8348,89.1588,nan
2026-06-02 14:38:39.920,BASELINE,NEW_DATA,8.8341,89.1588,nan,8.8341,89.1588,nan
2026-06-02 14:38:39.941,BASELINE,NEW_DATA,8.8341,89.1588,nan,8.8341,89.1588,nan
2026-06-02 14:38:39.962,BASELINE,NEW_DATA,8.8355,89.1588,nan,8.8355,89.1588,nan
2026-06-02 14:38:39.982,BASELINE,NEW_DATA,8.8348,89.1588,nan,8.8348,89.1588,nan
2026-06-02 14:38:40.002,BASELINE,NEW_DATA,8.8335,89.1588,nan,8.8335,89.1588,nan
2026-06-02 14:38:40.022,BASELINE,NEW_DATA,8.8355,89.1588,nan,8.8355,89.1588,nan
2026-06-02 14:38:40.042,BASELINE,NEW_DATA,8.8376,89.1588,nan,8.8376,89.1588,nan
2026-06-02 14:38:40.063,BASELINE,NEW_DATA,8.8376,89.1588,nan,8.8376,89.1588,nan
2026-06-02 14:38:40.083,BASELINE,NEW_DATA,8.8376,89.1588,nan,8.8376,89.1588,nan
2026-06-02 14:38:40.103,BASELINE,NEW_DATA,8.8393,89.1588,nan,8.8393,89.1588,nan
2026-06-02 14:38:40.124,BASELINE,NEW_DATA,8.8376,89.1588,nan,8.8376,89.1588,nan
2026-06-02 14:38:40.144,BASELINE,NEW_DATA,8.8404,89.1588,nan,8.8404,89.1588,nan
2026-06-02 14:38:40.164,BASELINE,NEW_DATA,8.8383,89.1588,nan,8.8383,89.1588,nan
2026-06-02 14:38:40.185,BASELINE,NEW_DATA,8.8397,89.1588,nan,8.8397,89.1588,nan
2026-06-02 14:38:40.205,BASELINE,NEW_DATA,8.8439,89.1588,nan,8.8439,89.1588,nan
2026-06-02 14:38:40.227,BASELINE,NEW_DATA,8.8439,89.1588,nan,8.8439,89.1588,nan
2026-06-02 14:38:40.247,BASELINE,NEW_DATA,8.8449,89.2026,nan,8.8449,89.2026,nan
2026-06-02 14:38:40.267,BASELINE,NEW_DATA,8.8442,89.2026,nan,8.8442,89.2026,nan
2026-06-02 14:38:40.288,BASELINE,NEW_DATA,8.8445,89.2026,nan,8.8445,89.2026,nan
2026-06-02 14:38:40.309,BASELINE,NEW_DATA,8.8445,89.2026,nan,8.8445,89.2026,nan
2026-06-02 14:38:40.329,BASELINE,NEW_DATA,8.8588,89.2026,nan,8.8588,89.2026,nan
2026-06-02 14:38:40.350,BASELINE,NEW_DATA,8.8452,89.2026,nan,8.8452,89.2026,nan
2026-06-02 14:38:40.373,BASELINE,NEW_DATA,8.8463,89.2026,nan,8.8463,89.2026,nan
2026-06-02 14:38:40.391,BASELINE,NEW_DATA,8.8463,89.2026,nan,8.8463,89.2026,nan
2026-06-02 14:38:40.411,BASELINE,NEW_DATA,8.8484,89.2026,nan,8.8484,89.2026,nan
2026-06-02 14:38:40.432,BASELINE,NEW_DATA,8.8494,89.2026,nan,8.8494,89.2026,nan
2026-06-02 14:38:40.452,BASELINE,NEW_DATA,8.8487,89.2026,nan,8.8487,89.2026,nan
2026-06-02 14:38:40.473,BASELINE,NEW_DATA,8.8511,89.2026,nan,8.8511,89.2026,nan
2026-06-02 14:38:40.494,BASELINE,NEW_DATA,8.8508,89.2026,nan,8.8508,89.2026,nan
2026-06-02 14:38:40.514,BASELINE,NEW_DATA,8.8539,89.2026,nan,8.8539,89.2026,nan
2026-06-02 14:38:40.534,BASELINE,NEW_DATA,8.8543,89.2026,nan,8.8543,89.2026,nan
2026-06-02 14:38:40.555,BASELINE,NEW_DATA,8.8581,89.2026,nan,8.8581,89.2026,nan
2026-06-02 14:38:40.575,BASELINE,NEW_DATA,8.8581,89.2026,nan,8.8581,89.2026,nan
2026-06-02 14:38:40.596,BASELINE,NEW_DATA,8.8588,89.2026,nan,8.8588,89.2026,nan
2026-06-02 14:38:40.615,BASELINE,NEW_DATA,8.8595,89.2026,nan,8.8595,89.2026,nan
2026-06-02 14:38:40.637,BASELINE,NEW_DATA,8.8608,89.2026,nan,8.8608,89.2026,nan
2026-06-02 14:38:40.656,BASELINE,NEW_DATA,8.8584,89.2026,nan,8.8584,89.2026,nan
2026-06-02 14:38:40.676,BASELINE,NEW_DATA,8.8563,89.2026,nan,8.8563,89.2026,nan
2026-06-02 14:38:40.696,BASELINE,NEW_DATA,8.8605,89.2026,nan,8.8605,89.2026,nan
2026-06-02 14:38:40.717,BASELINE,NEW_DATA,8.8584,89.2026,nan,8.8584,89.2026,nan
2026-06-02 14:38:40.738,BASELINE,NEW_DATA,8.8636,89.1634,nan,8.8636,89.1634,nan
2026-06-02 14:38:40.758,BASELINE,NEW_DATA,8.8629,89.1634,nan,8.8629,89.1634,nan
2026-06-02 14:38:40.779,BASELINE,NEW_DATA,8.8608,89.1634,nan,8.8608,89.1634,nan
2026-06-02 14:38:40.800,BASELINE,NEW_DATA,8.8650,89.1634,nan,8.8650,89.1634,nan
2026-06-02 14:38:40.820,BASELINE,NEW_DATA,8.8605,89.1634,nan,8.8605,89.1634,nan
2026-06-02 14:38:40.841,BASELINE,NEW_DATA,8.8619,89.1634,nan,8.8619,89.1634,nan
2026-06-02 14:38:40.862,BASELINE,NEW_DATA,8.8667,89.1634,nan,8.8667,89.1634,nan
2026-06-02 14:38:40.884,BASELINE,NEW_DATA,8.8654,89.1634,nan,8.8654,89.1634,nan
2026-06-02 14:38:40.901,BASELINE,NEW_DATA,8.8674,89.1634,nan,8.8674,89.1634,nan
2026-06-02 14:38:40.922,BASELINE,NEW_DATA,8.8657,89.1634,nan,8.8657,89.1634,nan
2026-06-02 14:38:40.942,BASELINE,NEW_DATA,8.8678,89.1634,nan,8.8678,89.1634,nan
2026-06-02 14:38:40.962,BASELINE,NEW_DATA,8.8654,89.1634,nan,8.8654,89.1634,nan
2026-06-02 14:38:40.983,BASELINE,NEW_DATA,8.8633,89.1634,nan,8.8633,89.1634,nan
2026-06-02 14:38:41.003,BASELINE,NEW_DATA,8.8709,89.1634,nan,8.8709,89.1634,nan
2026-06-02 14:38:41.023,BASELINE,NEW_DATA,8.8803,89.1634,nan,8.8803,89.1634,nan
2026-06-02 14:38:41.043,BASELINE,NEW_DATA,8.8719,89.1634,nan,8.8719,89.1634,nan
2026-06-02 14:38:41.064,BASELINE,NEW_DATA,8.8688,89.1634,nan,8.8688,89.1634,nan
2026-06-02 14:38:41.085,BASELINE,NEW_DATA,8.8688,89.1634,nan,8.8688,89.1634,nan
2026-06-02 14:38:41.105,BASELINE,NEW_DATA,8.8681,89.1634,nan,8.8681,89.1634,nan
2026-06-02 14:38:41.126,BASELINE,NEW_DATA,8.8713,89.1634,nan,8.8713,89.1634,nan
2026-06-02 14:38:41.146,BASELINE,NEW_DATA,8.8692,89.1634,nan,8.8692,89.1634,nan
2026-06-02 14:38:41.166,BASELINE,NEW_DATA,8.8709,89.1634,nan,8.8709,89.1634,nan
2026-06-02 14:38:41.186,BASELINE,NEW_DATA,8.8726,89.1634,nan,8.8726,89.1634,nan
2026-06-02 14:38:41.206,BASELINE,NEW_DATA,8.8726,89.1634,nan,8.8726,89.1634,nan
2026-06-02 14:38:41.226,BASELINE,NEW_DATA,8.8737,89.1634,nan,8.8737,89.1634,nan
2026-06-02 14:38:41.247,BASELINE,NEW_DATA,8.8754,89.1634,nan,8.8754,89.1634,nan
2026-06-02 14:38:41.268,BASELINE,NEW_DATA,8.8761,89.1634,nan,8.8761,89.1634,nan
2026-06-02 14:38:41.288,BASELINE,NEW_DATA,8.8730,89.1634,nan,8.8730,89.1634,nan
2026-06-02 14:38:41.309,BASELINE,NEW_DATA,8.8758,89.1634,nan,8.8758,89.1634,nan
2026-06-02 14:38:41.331,BASELINE,NEW_DATA,8.8737,89.1634,nan,8.8737,89.1634,nan
2026-06-02 14:38:41.351,BASELINE,NEW_DATA,8.8723,89.1634,nan,8.8723,89.1634,nan
2026-06-02 14:38:41.371,BASELINE,NEW_DATA,8.8709,89.1634,nan,8.8709,89.1634,nan
2026-06-02 14:38:41.396,BASELINE,NEW_DATA,8.8747,89.1634,nan,8.8747,89.1634,nan
2026-06-02 14:38:41.414,BASELINE,NEW_DATA,8.8747,89.1634,nan,8.8747,89.1634,nan
2026-06-02 14:38:41.434,BASELINE,NEW_DATA,8.8761,89.1634,nan,8.8761,89.1634,nan
2026-06-02 14:38:41.455,BASELINE,NEW_DATA,8.8785,89.1634,nan,8.8785,89.1634,nan
2026-06-02 14:38:41.475,BASELINE,NEW_DATA,8.8747,89.1634,nan,8.8747,89.1634,nan
2026-06-02 14:38:41.495,BASELINE,NEW_DATA,8.8744,89.1634,nan,8.8744,89.1634,nan
2026-06-02 14:38:41.516,BASELINE,NEW_DATA,8.8765,89.1634,nan,8.8765,89.1634,nan
2026-06-02 14:38:41.536,BASELINE,NEW_DATA,8.8778,89.1634,nan,8.8778,89.1634,nan
2026-06-02 14:38:41.557,BASELINE,NEW_DATA,8.8751,89.1634,nan,8.8751,89.1634,nan
2026-06-02 14:38:41.578,BASELINE,NEW_DATA,8.8747,89.1634,nan,8.8747,89.1634,nan
2026-06-02 14:38:41.597,BASELINE,NEW_DATA,8.8747,89.1634,nan,8.8747,89.1634,nan
2026-06-02 14:38:41.618,BASELINE,NEW_DATA,8.8716,89.1634,nan,8.8716,89.1634,nan
2026-06-02 14:38:41.639,BASELINE,NEW_DATA,8.8709,89.1634,nan,8.8709,89.1634,nan
2026-06-02 14:38:41.659,BASELINE,NEW_DATA,8.8664,89.1634,nan,8.8664,89.1634,nan
2026-06-02 14:38:41.680,BASELINE,NEW_DATA,8.8647,89.1634,nan,8.8647,89.1634,nan
2026-06-02 14:38:41.700,BASELINE,NEW_DATA,8.8643,89.1634,nan,8.8643,89.1634,nan
2026-06-02 14:38:41.721,BASELINE,NEW_DATA,8.8671,89.1634,nan,8.8671,89.1634,nan
2026-06-02 14:38:41.741,BASELINE,NEW_DATA,8.8837,89.0162,nan,8.8837,89.0162,nan
2026-06-02 14:38:41.761,BASELINE,NEW_DATA,8.8678,89.0162,nan,8.8678,89.0162,nan
2026-06-02 14:38:41.782,BASELINE,NEW_DATA,8.8650,89.0162,nan,8.8650,89.0162,nan
2026-06-02 14:38:41.802,BASELINE,NEW_DATA,8.8654,89.0162,nan,8.8654,89.0162,nan
2026-06-02 14:38:41.822,BASELINE,NEW_DATA,8.8636,89.0162,nan,8.8636,89.0162,nan
2026-06-02 14:38:41.843,BASELINE,NEW_DATA,8.8657,89.0162,nan,8.8657,89.0162,nan
2026-06-02 14:38:41.863,BASELINE,NEW_DATA,8.8681,89.0162,nan,8.8681,89.0162,nan
2026-06-02 14:38:41.884,BASELINE,NEW_DATA,8.8667,89.0162,nan,8.8667,89.0162,nan
2026-06-02 14:38:41.907,BASELINE,NEW_DATA,8.8664,89.0162,nan,8.8664,89.0162,nan
2026-06-02 14:38:41.926,BASELINE,NEW_DATA,8.8643,89.0162,nan,8.8643,89.0162,nan
2026-06-02 14:38:41.946,BASELINE,NEW_DATA,8.8671,89.0162,nan,8.8671,89.0162,nan
2026-06-02 14:38:41.967,BASELINE,NEW_DATA,8.8674,89.0162,nan,8.8674,89.0162,nan
2026-06-02 14:38:41.987,BASELINE,NEW_DATA,8.8681,89.0162,nan,8.8681,89.0162,nan
2026-06-02 14:38:42.008,BASELINE,NEW_DATA,8.8674,89.0162,nan,8.8674,89.0162,nan
2026-06-02 14:38:42.028,BASELINE,NEW_DATA,8.8681,89.0162,nan,8.8681,89.0162,nan
2026-06-02 14:38:42.048,BASELINE,NEW_DATA,8.8674,89.0162,nan,8.8674,89.0162,nan
2026-06-02 14:38:42.070,BASELINE,NEW_DATA,8.8633,89.0162,nan,8.8633,89.0162,nan
2026-06-02 14:38:42.091,BASELINE,NEW_DATA,8.8664,89.0162,nan,8.8664,89.0162,nan
2026-06-02 14:38:42.111,BASELINE,NEW_DATA,8.8615,89.0162,nan,8.8615,89.0162,nan
2026-06-02 14:38:42.132,BASELINE,NEW_DATA,8.8643,89.0162,nan,8.8643,89.0162,nan
2026-06-02 14:38:42.152,BASELINE,NEW_DATA,8.8615,89.0162,nan,8.8615,89.0162,nan
2026-06-02 14:38:42.173,BASELINE,NEW_DATA,8.8598,89.0162,nan,8.8598,89.0162,nan
2026-06-02 14:38:42.193,BASELINE,NEW_DATA,8.8629,89.0162,nan,8.8629,89.0162,nan
2026-06-02 14:38:42.214,BASELINE,NEW_DATA,8.8674,89.0162,nan,8.8674,89.0162,nan
2026-06-02 14:38:42.234,BASELINE,NEW_DATA,8.8643,88.7962,nan,8.8643,88.7962,nan
2026-06-02 14:38:42.255,BASELINE,NEW_DATA,8.8633,88.7962,nan,8.8633,88.7962,nan
2026-06-02 14:38:42.276,BASELINE,NEW_DATA,8.8640,88.7962,nan,8.8640,88.7962,nan
2026-06-02 14:38:42.296,BASELINE,NEW_DATA,8.8671,88.7962,nan,8.8671,88.7962,nan
2026-06-02 14:38:42.317,BASELINE,NEW_DATA,8.8654,88.7962,nan,8.8654,88.7962,nan
2026-06-02 14:38:42.337,BASELINE,NEW_DATA,8.8681,88.7962,nan,8.8681,88.7962,nan
2026-06-02 14:38:42.358,BASELINE,NEW_DATA,8.8685,88.7962,nan,8.8685,88.7962,nan
2026-06-02 14:38:42.379,BASELINE,NEW_DATA,8.8681,88.7962,nan,8.8681,88.7962,nan
2026-06-02 14:38:42.400,BASELINE,NEW_DATA,8.8671,88.7962,nan,8.8671,88.7962,nan
2026-06-02 14:38:42.423,BASELINE,NEW_DATA,8.8678,88.7962,nan,8.8678,88.7962,nan
2026-06-02 14:38:42.441,BASELINE,NEW_DATA,8.8667,88.7962,nan,8.8667,88.7962,nan
2026-06-02 14:38:42.461,BASELINE,NEW_DATA,8.8660,88.7962,nan,8.8660,88.7962,nan
2026-06-02 14:38:42.482,BASELINE,NEW_DATA,8.8744,88.7962,nan,8.8744,88.7962,nan
2026-06-02 14:38:42.502,BASELINE,NEW_DATA,8.8803,88.7962,nan,8.8803,88.7962,nan
2026-06-02 14:38:42.523,BASELINE,NEW_DATA,8.8695,88.7962,nan,8.8695,88.7962,nan
2026-06-02 14:38:42.543,BASELINE,NEW_DATA,8.8667,88.7962,nan,8.8667,88.7962,nan
2026-06-02 14:38:42.563,BASELINE,NEW_DATA,8.8688,88.7962,nan,8.8688,88.7962,nan
2026-06-02 14:38:42.583,BASELINE,NEW_DATA,8.8640,88.7962,nan,8.8640,88.7962,nan
2026-06-02 14:38:42.603,BASELINE,NEW_DATA,8.8667,88.7962,nan,8.8667,88.7962,nan
2026-06-02 14:38:42.623,BASELINE,NEW_DATA,8.8678,88.7962,nan,8.8678,88.7962,nan
2026-06-02 14:38:42.644,BASELINE,NEW_DATA,8.8660,88.7962,nan,8.8660,88.7962,nan
2026-06-02 14:38:42.665,BASELINE,NEW_DATA,8.8692,88.7962,nan,8.8692,88.7962,nan
2026-06-02 14:38:42.685,BASELINE,NEW_DATA,8.8699,88.7962,nan,8.8699,88.7962,nan
2026-06-02 14:38:42.706,BASELINE,NEW_DATA,8.8685,88.7962,nan,8.8685,88.7962,nan
2026-06-02 14:38:42.726,BASELINE,NEW_DATA,8.8702,88.7962,nan,8.8702,88.7962,nan
2026-06-02 14:38:42.747,BASELINE,NEW_DATA,8.8730,88.7962,nan,8.8730,88.7962,nan
2026-06-02 14:38:42.767,BASELINE,NEW_DATA,8.8706,88.7962,nan,8.8706,88.7962,nan
2026-06-02 14:38:42.787,BASELINE,NEW_DATA,8.8713,88.7962,nan,8.8713,88.7962,nan
2026-06-02 14:38:42.807,BASELINE,NEW_DATA,8.8685,88.7962,nan,8.8685,88.7962,nan
2026-06-02 14:38:42.828,BASELINE,NEW_DATA,8.8657,88.7962,nan,8.8657,88.7962,nan
2026-06-02 14:38:42.849,BASELINE,NEW_DATA,8.8657,88.7962,nan,8.8657,88.7962,nan
2026-06-02 14:38:42.870,BASELINE,NEW_DATA,8.8678,88.7962,nan,8.8678,88.7962,nan
2026-06-02 14:38:42.890,BASELINE,NEW_DATA,8.8674,88.7962,nan,8.8674,88.7962,nan
2026-06-02 14:38:42.911,BASELINE,NEW_DATA,8.8681,88.7962,nan,8.8681,88.7962,nan
2026-06-02 14:38:42.934,BASELINE,NEW_DATA,8.8692,88.7962,nan,8.8692,88.7962,nan
2026-06-02 14:38:42.951,BASELINE,NEW_DATA,8.8574,88.7962,nan,8.8574,88.7962,nan
2026-06-02 14:38:42.971,BASELINE,NEW_DATA,8.8674,88.7962,nan,8.8674,88.7962,nan
2026-06-02 14:38:42.991,BASELINE,NEW_DATA,8.8695,88.7962,nan,8.8695,88.7962,nan
2026-06-02 14:38:43.011,BASELINE,NEW_DATA,8.8674,88.7962,nan,8.8674,88.7962,nan
2026-06-02 14:38:43.032,BASELINE,NEW_DATA,8.8685,88.7962,nan,8.8685,88.7962,nan
2026-06-02 14:38:43.052,BASELINE,NEW_DATA,8.8667,88.7962,nan,8.8667,88.7962,nan
2026-06-02 14:38:43.072,BASELINE,NEW_DATA,8.8692,88.7962,nan,8.8692,88.7962,nan
2026-06-02 14:38:43.092,BASELINE,NEW_DATA,8.8716,88.7962,nan,8.8716,88.7962,nan
2026-06-02 14:38:43.113,BASELINE,NEW_DATA,8.8678,88.7962,nan,8.8678,88.7962,nan
2026-06-02 14:38:43.134,BASELINE,NEW_DATA,8.8719,88.7962,nan,8.8719,88.7962,nan
2026-06-02 14:38:43.155,BASELINE,NEW_DATA,8.8709,88.7962,nan,8.8709,88.7962,nan
2026-06-02 14:38:43.175,BASELINE,NEW_DATA,8.8674,88.7962,nan,8.8674,88.7962,nan
2026-06-02 14:38:43.195,BASELINE,NEW_DATA,8.8688,88.7962,nan,8.8688,88.7962,nan
2026-06-02 14:38:43.216,BASELINE,NEW_DATA,8.8737,88.7962,nan,8.8737,88.7962,nan
2026-06-02 14:38:43.236,BASELINE,NEW_DATA,8.8792,88.8014,nan,8.8792,88.8014,nan
2026-06-02 14:38:43.256,BASELINE,NEW_DATA,8.8636,88.8014,nan,8.8636,88.8014,nan
2026-06-02 14:38:43.276,BASELINE,NEW_DATA,8.8654,88.8014,nan,8.8654,88.8014,nan
2026-06-02 14:38:43.296,BASELINE,NEW_DATA,8.8681,88.8014,nan,8.8681,88.8014,nan
2026-06-02 14:38:43.317,BASELINE,NEW_DATA,8.8660,88.8014,nan,8.8660,88.8014,nan
2026-06-02 14:38:43.339,BASELINE,NEW_DATA,8.8654,88.8014,nan,8.8654,88.8014,nan
2026-06-02 14:38:43.359,BASELINE,NEW_DATA,8.8664,88.8014,nan,8.8664,88.8014,nan
2026-06-02 14:38:43.380,BASELINE,NEW_DATA,8.8619,88.8014,nan,8.8619,88.8014,nan
2026-06-02 14:38:43.401,BASELINE,NEW_DATA,8.8654,88.8014,nan,8.8654,88.8014,nan
2026-06-02 14:38:43.421,BASELINE,NEW_DATA,8.8660,88.8014,nan,8.8660,88.8014,nan
2026-06-02 14:38:43.446,BASELINE,NEW_DATA,8.8667,88.8014,nan,8.8667,88.8014,nan
2026-06-02 14:38:43.463,BASELINE,NEW_DATA,8.8674,88.8014,nan,8.8674,88.8014,nan
2026-06-02 14:38:43.483,BASELINE,NEW_DATA,8.8664,88.8014,nan,8.8664,88.8014,nan
2026-06-02 14:38:43.503,BASELINE,NEW_DATA,8.8664,88.8014,nan,8.8664,88.8014,nan
2026-06-02 14:38:43.524,BASELINE,NEW_DATA,8.8647,88.8014,nan,8.8647,88.8014,nan
2026-06-02 14:38:43.545,BASELINE,NEW_DATA,8.8633,88.8014,nan,8.8633,88.8014,nan
2026-06-02 14:38:43.566,BASELINE,NEW_DATA,8.8657,88.8014,nan,8.8657,88.8014,nan
2026-06-02 14:38:43.587,BASELINE,NEW_DATA,8.8640,88.8014,nan,8.8640,88.8014,nan
2026-06-02 14:38:43.607,BASELINE,NEW_DATA,8.8626,88.8014,nan,8.8626,88.8014,nan
2026-06-02 14:38:43.630,BASELINE,NEW_DATA,8.8605,88.8014,nan,8.8605,88.8014,nan
2026-06-02 14:38:43.649,BASELINE,NEW_DATA,8.8640,88.8014,nan,8.8640,88.8014,nan
2026-06-02 14:38:43.669,BASELINE,NEW_DATA,8.8626,88.8014,nan,8.8626,88.8014,nan
2026-06-02 14:38:43.690,BASELINE,NEW_DATA,8.8626,88.8014,nan,8.8626,88.8014,nan
2026-06-02 14:38:43.711,BASELINE,NEW_DATA,8.8577,88.8014,nan,8.8577,88.8014,nan
2026-06-02 14:38:43.731,BASELINE,NEW_DATA,8.8629,88.7376,nan,8.8629,88.7376,nan
2026-06-02 14:38:43.750,BASELINE,NEW_DATA,8.8602,88.7376,nan,8.8602,88.7376,nan
2026-06-02 14:38:43.770,BASELINE,NEW_DATA,8.8612,88.7376,nan,8.8612,88.7376,nan
2026-06-02 14:38:43.791,BASELINE,NEW_DATA,8.8615,88.7376,nan,8.8615,88.7376,nan
2026-06-02 14:38:43.812,BASELINE,NEW_DATA,8.8626,88.7376,nan,8.8626,88.7376,nan
2026-06-02 14:38:43.833,BASELINE,NEW_DATA,8.8598,88.7376,nan,8.8598,88.7376,nan
2026-06-02 14:38:43.853,BASELINE,NEW_DATA,8.8619,88.7376,nan,8.8619,88.7376,nan
2026-06-02 14:38:43.873,BASELINE,NEW_DATA,8.8522,88.7376,nan,8.8522,88.7376,nan
2026-06-02 14:38:43.895,BASELINE,NEW_DATA,8.8574,88.7376,nan,8.8574,88.7376,nan
2026-06-02 14:38:43.916,BASELINE,NEW_DATA,8.8608,88.7376,nan,8.8608,88.7376,nan
2026-06-02 14:38:43.936,BASELINE,NEW_DATA,8.8633,88.7376,nan,8.8633,88.7376,nan
2026-06-02 14:38:43.958,BASELINE,NEW_DATA,8.8765,88.7376,nan,8.8765,88.7376,nan
2026-06-02 14:38:43.977,BASELINE,NEW_DATA,8.8636,88.7376,nan,8.8636,88.7376,nan
2026-06-02 14:38:43.998,BASELINE,NEW_DATA,8.8577,88.7376,nan,8.8577,88.7376,nan
2026-06-02 14:38:44.019,BASELINE,NEW_DATA,8.8560,88.7376,nan,8.8560,88.7376,nan
2026-06-02 14:38:44.039,BASELINE,NEW_DATA,8.8543,88.7376,nan,8.8543,88.7376,nan
2026-06-02 14:38:44.060,BASELINE,NEW_DATA,8.8553,88.7376,nan,8.8553,88.7376,nan
2026-06-02 14:38:44.080,BASELINE,NEW_DATA,8.8532,88.7376,nan,8.8532,88.7376,nan
2026-06-02 14:38:44.101,BASELINE,NEW_DATA,8.8553,88.7376,nan,8.8553,88.7376,nan
2026-06-02 14:38:44.122,BASELINE,NEW_DATA,8.8543,88.7376,nan,8.8543,88.7376,nan
2026-06-02 14:38:44.143,BASELINE,NEW_DATA,8.8581,88.7376,nan,8.8581,88.7376,nan
2026-06-02 14:38:44.163,BASELINE,NEW_DATA,8.8570,88.7376,nan,8.8570,88.7376,nan
2026-06-02 14:38:44.183,BASELINE,NEW_DATA,8.8570,88.7376,nan,8.8570,88.7376,nan
2026-06-02 14:38:44.203,BASELINE,NEW_DATA,8.8595,88.7376,nan,8.8595,88.7376,nan
2026-06-02 14:38:44.223,BASELINE,NEW_DATA,8.8570,88.7376,nan,8.8570,88.7376,nan
2026-06-02 14:38:44.244,BASELINE,NEW_DATA,8.8536,88.6307,nan,8.8536,88.6307,nan
2026-06-02 14:38:44.264,BASELINE,NEW_DATA,8.8536,88.6307,nan,8.8536,88.6307,nan
2026-06-02 14:38:44.285,BASELINE,NEW_DATA,8.8546,88.6307,nan,8.8546,88.6307,nan
2026-06-02 14:38:44.305,BASELINE,NEW_DATA,8.8504,88.6307,nan,8.8504,88.6307,nan
2026-06-02 14:38:44.326,BASELINE,NEW_DATA,8.8546,88.6307,nan,8.8546,88.6307,nan
2026-06-02 14:38:44.346,BASELINE,NEW_DATA,8.8498,88.6307,nan,8.8498,88.6307,nan
2026-06-02 14:38:44.366,BASELINE,NEW_DATA,8.8501,88.6307,nan,8.8501,88.6307,nan
2026-06-02 14:38:44.386,BASELINE,NEW_DATA,8.8525,88.6307,nan,8.8525,88.6307,nan
2026-06-02 14:38:44.406,BASELINE,NEW_DATA,8.8498,88.6307,nan,8.8498,88.6307,nan
2026-06-02 14:38:44.426,BASELINE,NEW_DATA,8.8501,88.6307,nan,8.8501,88.6307,nan
2026-06-02 14:38:44.447,BASELINE,NEW_DATA,8.8504,88.6307,nan,8.8504,88.6307,nan
2026-06-02 14:38:44.471,BASELINE,NEW_DATA,8.8477,88.6307,nan,8.8477,88.6307,nan
2026-06-02 14:38:44.488,BASELINE,NEW_DATA,8.8501,88.6307,nan,8.8501,88.6307,nan
2026-06-02 14:38:44.509,BASELINE,NEW_DATA,8.8491,88.6307,nan,8.8491,88.6307,nan
2026-06-02 14:38:44.529,BASELINE,NEW_DATA,8.8491,88.6307,nan,8.8491,88.6307,nan
2026-06-02 14:38:44.550,BASELINE,NEW_DATA,8.8525,88.6307,nan,8.8525,88.6307,nan
2026-06-02 14:38:44.570,BASELINE,NEW_DATA,8.8487,88.6307,nan,8.8487,88.6307,nan
2026-06-02 14:38:44.591,BASELINE,NEW_DATA,8.8480,88.6307,nan,8.8480,88.6307,nan
2026-06-02 14:38:44.611,BASELINE,NEW_DATA,8.8480,88.6307,nan,8.8480,88.6307,nan
2026-06-02 14:38:44.633,BASELINE,NEW_DATA,8.8487,88.6307,nan,8.8487,88.6307,nan
2026-06-02 14:38:44.654,BASELINE,NEW_DATA,8.8543,88.6307,nan,8.8543,88.6307,nan
2026-06-02 14:38:44.674,BASELINE,NEW_DATA,8.8605,88.6307,nan,8.8605,88.6307,nan
2026-06-02 14:38:44.694,BASELINE,NEW_DATA,8.8501,88.6307,nan,8.8501,88.6307,nan
2026-06-02 14:38:44.715,BASELINE,NEW_DATA,8.8470,88.6307,nan,8.8470,88.6307,nan
2026-06-02 14:38:44.735,BASELINE,NEW_DATA,8.8473,88.6927,nan,8.8473,88.6927,nan
2026-06-02 14:38:44.755,BASELINE,NEW_DATA,8.8477,88.6927,nan,8.8477,88.6927,nan
2026-06-02 14:38:44.777,BASELINE,NEW_DATA,8.8442,88.6927,nan,8.8442,88.6927,nan
2026-06-02 14:38:44.797,BASELINE,NEW_DATA,8.8473,88.6927,nan,8.8473,88.6927,nan
2026-06-02 14:38:44.817,BASELINE,NEW_DATA,8.8494,88.6927,nan,8.8494,88.6927,nan
2026-06-02 14:38:44.838,BASELINE,NEW_DATA,8.8449,88.6927,nan,8.8449,88.6927,nan
2026-06-02 14:38:44.859,BASELINE,NEW_DATA,8.8487,88.6927,nan,8.8487,88.6927,nan
2026-06-02 14:38:44.880,BASELINE,NEW_DATA,8.8477,88.6927,nan,8.8477,88.6927,nan
2026-06-02 14:38:44.901,BASELINE,NEW_DATA,8.8487,88.6927,nan,8.8487,88.6927,nan
2026-06-02 14:38:44.921,BASELINE,NEW_DATA,8.8487,88.6927,nan,8.8487,88.6927,nan
2026-06-02 14:38:44.942,BASELINE,NEW_DATA,8.8480,88.6927,nan,8.8480,88.6927,nan
2026-06-02 14:38:44.963,BASELINE,NEW_DATA,8.8439,88.6927,nan,8.8439,88.6927,nan
2026-06-02 14:38:44.987,BASELINE,NEW_DATA,8.8439,88.6927,nan,8.8439,88.6927,nan
2026-06-02 14:38:45.004,BASELINE,NEW_DATA,8.8445,88.6927,nan,8.8445,88.6927,nan
2026-06-02 14:38:45.024,BASELINE,NEW_DATA,8.8435,88.6927,nan,8.8435,88.6927,nan
2026-06-02 14:38:45.045,BASELINE,NEW_DATA,8.8470,88.6927,nan,8.8470,88.6927,nan
2026-06-02 14:38:45.066,BASELINE,NEW_DATA,8.8445,88.6927,nan,8.8445,88.6927,nan
2026-06-02 14:38:45.087,BASELINE,NEW_DATA,8.8449,88.6927,nan,8.8449,88.6927,nan
2026-06-02 14:38:45.107,BASELINE,NEW_DATA,8.8449,88.6927,nan,8.8449,88.6927,nan
2026-06-02 14:38:45.127,BASELINE,NEW_DATA,8.8387,88.6927,nan,8.8387,88.6927,nan
2026-06-02 14:38:45.147,BASELINE,NEW_DATA,8.8466,88.6927,nan,8.8466,88.6927,nan
2026-06-02 14:38:45.167,BASELINE,NEW_DATA,8.8425,88.6927,nan,8.8425,88.6927,nan
2026-06-02 14:38:45.187,BASELINE,NEW_DATA,8.8411,88.6927,nan,8.8411,88.6927,nan
2026-06-02 14:38:45.207,BASELINE,NEW_DATA,8.8387,88.6927,nan,8.8387,88.6927,nan
2026-06-02 14:38:45.227,BASELINE,NEW_DATA,8.8380,88.5675,nan,8.8380,88.5675,nan
2026-06-02 14:38:45.248,BASELINE,NEW_DATA,8.8404,88.5675,nan,8.8404,88.5675,nan
2026-06-02 14:38:45.268,BASELINE,NEW_DATA,8.8425,88.5675,nan,8.8425,88.5675,nan
2026-06-02 14:38:45.289,BASELINE,NEW_DATA,8.8421,88.5675,nan,8.8421,88.5675,nan
2026-06-02 14:38:45.310,BASELINE,NEW_DATA,8.8411,88.5675,nan,8.8411,88.5675,nan
2026-06-02 14:38:45.330,BASELINE,NEW_DATA,8.8414,88.5675,nan,8.8414,88.5675,nan
2026-06-02 14:38:45.350,BASELINE,NEW_DATA,8.8376,88.5675,nan,8.8376,88.5675,nan
2026-06-02 14:38:45.370,BASELINE,NEW_DATA,8.8435,88.5675,nan,8.8435,88.5675,nan
2026-06-02 14:38:45.390,BASELINE,NEW_DATA,8.8560,88.5675,nan,8.8560,88.5675,nan
2026-06-02 14:38:45.411,BASELINE,NEW_DATA,8.8393,88.5675,nan,8.8393,88.5675,nan
2026-06-02 14:38:45.432,BASELINE,NEW_DATA,8.8393,88.5675,nan,8.8393,88.5675,nan
2026-06-02 14:38:45.452,BASELINE,NEW_DATA,8.8341,88.5675,nan,8.8341,88.5675,nan
2026-06-02 14:38:45.473,BASELINE,NEW_DATA,8.8355,88.5675,nan,8.8355,88.5675,nan
2026-06-02 14:38:45.499,BASELINE,NEW_DATA,8.8376,88.5675,nan,8.8376,88.5675,nan
2026-06-02 14:38:45.514,BASELINE,NEW_DATA,8.8376,88.5675,nan,8.8376,88.5675,nan
2026-06-02 14:38:45.534,BASELINE,NEW_DATA,8.8359,88.5675,nan,8.8359,88.5675,nan
2026-06-02 14:38:45.554,BASELINE,NEW_DATA,8.8376,88.5675,nan,8.8376,88.5675,nan
2026-06-02 14:38:45.575,BASELINE,NEW_DATA,8.8383,88.5675,nan,8.8383,88.5675,nan
2026-06-02 14:38:45.595,BASELINE,NEW_DATA,8.8359,88.5675,nan,8.8359,88.5675,nan
2026-06-02 14:38:45.615,BASELINE,NEW_DATA,8.8414,88.5675,nan,8.8414,88.5675,nan
2026-06-02 14:38:45.635,BASELINE,NEW_DATA,8.8393,88.5675,nan,8.8393,88.5675,nan
2026-06-02 14:38:45.656,BASELINE,NEW_DATA,8.8366,88.5675,nan,8.8366,88.5675,nan
2026-06-02 14:38:45.677,BASELINE,NEW_DATA,8.8338,88.5675,nan,8.8338,88.5675,nan
2026-06-02 14:38:45.696,BASELINE,NEW_DATA,8.8348,88.5675,nan,8.8348,88.5675,nan
2026-06-02 14:38:45.717,BASELINE,NEW_DATA,8.8341,88.5675,nan,8.8341,88.5675,nan
2026-06-02 14:38:45.737,BASELINE,NEW_DATA,8.8300,88.4842,nan,8.8300,88.4842,nan
2026-06-02 14:38:45.758,BASELINE,NEW_DATA,8.8310,88.4842,nan,8.8310,88.4842,nan
2026-06-02 14:38:45.779,BASELINE,NEW_DATA,8.8331,88.4842,nan,8.8331,88.4842,nan
2026-06-02 14:38:45.799,BASELINE,NEW_DATA,8.8293,88.4842,nan,8.8293,88.4842,nan
2026-06-02 14:38:45.819,BASELINE,NEW_DATA,8.8310,88.4842,nan,8.8310,88.4842,nan
2026-06-02 14:38:45.840,BASELINE,NEW_DATA,8.8289,88.4842,nan,8.8289,88.4842,nan
2026-06-02 14:38:45.860,BASELINE,NEW_DATA,8.8286,88.4842,nan,8.8286,88.4842,nan
2026-06-02 14:38:45.881,BASELINE,NEW_DATA,8.8289,88.4842,nan,8.8289,88.4842,nan
2026-06-02 14:38:45.901,BASELINE,NEW_DATA,8.8276,88.4842,nan,8.8276,88.4842,nan
2026-06-02 14:38:45.922,BASELINE,NEW_DATA,8.8230,88.4842,nan,8.8230,88.4842,nan
2026-06-02 14:38:45.943,BASELINE,NEW_DATA,8.8217,88.4842,nan,8.8217,88.4842,nan
2026-06-02 14:38:45.964,BASELINE,NEW_DATA,8.8237,88.4842,nan,8.8237,88.4842,nan
2026-06-02 14:38:45.985,BASELINE,NEW_DATA,8.8255,88.4842,nan,8.8255,88.4842,nan
2026-06-02 14:38:46.010,BASELINE,NEW_DATA,8.8213,88.4842,nan,8.8213,88.4842,nan
2026-06-02 14:38:46.028,BASELINE,NEW_DATA,8.8213,88.4842,nan,8.8213,88.4842,nan
2026-06-02 14:38:46.049,BASELINE,NEW_DATA,8.8217,88.4842,nan,8.8217,88.4842,nan
2026-06-02 14:38:46.069,BASELINE,NEW_DATA,8.8210,88.4842,nan,8.8210,88.4842,nan
2026-06-02 14:38:46.090,BASELINE,NEW_DATA,8.8276,88.4842,nan,8.8276,88.4842,nan
2026-06-02 14:38:46.110,BASELINE,NEW_DATA,8.8293,88.4842,nan,8.8293,88.4842,nan
2026-06-02 14:38:46.131,BASELINE,NEW_DATA,8.8203,88.4842,nan,8.8203,88.4842,nan
2026-06-02 14:38:46.151,BASELINE,NEW_DATA,8.8227,88.4842,nan,8.8227,88.4842,nan
2026-06-02 14:38:46.171,BASELINE,NEW_DATA,8.8224,88.4842,nan,8.8224,88.4842,nan
2026-06-02 14:38:46.191,BASELINE,NEW_DATA,8.8199,88.4842,nan,8.8199,88.4842,nan
2026-06-02 14:38:46.211,BASELINE,NEW_DATA,8.8227,88.4842,nan,8.8227,88.4842,nan
2026-06-02 14:38:46.232,BASELINE,NEW_DATA,8.8213,88.4842,nan,8.8213,88.4842,nan
2026-06-02 14:38:46.253,BASELINE,NEW_DATA,8.8210,88.4842,nan,8.8210,88.4842,nan
2026-06-02 14:38:46.273,BASELINE,NEW_DATA,8.8182,88.4842,nan,8.8182,88.4842,nan
2026-06-02 14:38:46.294,BASELINE,NEW_DATA,8.8213,88.4842,nan,8.8213,88.4842,nan
2026-06-02 14:38:46.314,BASELINE,NEW_DATA,8.8210,88.4842,nan,8.8210,88.4842,nan
2026-06-02 14:38:46.334,BASELINE,NEW_DATA,8.8213,88.4842,nan,8.8213,88.4842,nan
2026-06-02 14:38:46.355,BASELINE,NEW_DATA,8.8210,88.4842,nan,8.8210,88.4842,nan
2026-06-02 14:38:46.376,BASELINE,NEW_DATA,8.8206,88.4842,nan,8.8206,88.4842,nan
2026-06-02 14:38:46.396,BASELINE,NEW_DATA,8.8182,88.4842,nan,8.8182,88.4842,nan
2026-06-02 14:38:46.417,BASELINE,NEW_DATA,8.8137,88.4842,nan,8.8137,88.4842,nan
2026-06-02 14:38:46.438,BASELINE,NEW_DATA,8.8137,88.4842,nan,8.8137,88.4842,nan
2026-06-02 14:38:46.459,BASELINE,NEW_DATA,8.8116,88.4842,nan,8.8116,88.4842,nan
2026-06-02 14:38:46.479,BASELINE,NEW_DATA,8.8120,88.4842,nan,8.8120,88.4842,nan
2026-06-02 14:38:46.499,BASELINE,NEW_DATA,8.8102,88.4842,nan,8.8102,88.4842,nan
2026-06-02 14:38:46.523,BASELINE,NEW_DATA,8.8057,88.4842,nan,8.8057,88.4842,nan
2026-06-02 14:38:46.541,BASELINE,NEW_DATA,8.8085,88.4842,nan,8.8085,88.4842,nan
2026-06-02 14:38:46.561,BASELINE,NEW_DATA,8.8102,88.4842,nan,8.8102,88.4842,nan
2026-06-02 14:38:46.581,BASELINE,NEW_DATA,8.8071,88.4842,nan,8.8071,88.4842,nan
2026-06-02 14:38:46.601,BASELINE,NEW_DATA,8.8088,88.4842,nan,8.8088,88.4842,nan
2026-06-02 14:38:46.622,BASELINE,NEW_DATA,8.8067,88.4842,nan,8.8067,88.4842,nan
2026-06-02 14:38:46.643,BASELINE,NEW_DATA,8.8099,88.4842,nan,8.8099,88.4842,nan
2026-06-02 14:38:46.664,BASELINE,NEW_DATA,8.8054,88.4842,nan,8.8054,88.4842,nan
2026-06-02 14:38:46.685,BASELINE,NEW_DATA,8.8033,88.4842,nan,8.8033,88.4842,nan
2026-06-02 14:38:46.705,BASELINE,NEW_DATA,8.8054,88.4842,nan,8.8054,88.4842,nan
2026-06-02 14:38:46.726,BASELINE,NEW_DATA,8.8002,88.4842,nan,8.8002,88.4842,nan
2026-06-02 14:38:46.746,BASELINE,NEW_DATA,8.8015,88.4185,nan,8.8015,88.4185,nan
2026-06-02 14:38:46.767,BASELINE,NEW_DATA,8.7946,88.4185,nan,8.7946,88.4185,nan
2026-06-02 14:38:46.788,BASELINE,NEW_DATA,8.7967,88.4185,nan,8.7967,88.4185,nan
2026-06-02 14:38:46.810,BASELINE,NEW_DATA,8.8078,88.4185,nan,8.8078,88.4185,nan
2026-06-02 14:38:46.829,BASELINE,NEW_DATA,8.7918,88.4185,nan,8.7918,88.4185,nan
2026-06-02 14:38:46.850,BASELINE,NEW_DATA,8.7856,88.4185,nan,8.7856,88.4185,nan
2026-06-02 14:38:46.871,BASELINE,NEW_DATA,8.7766,88.4185,nan,8.7766,88.4185,nan
2026-06-02 14:38:46.891,BASELINE,NEW_DATA,8.7613,88.4185,nan,8.7613,88.4185,nan
2026-06-02 14:38:46.912,BASELINE,NEW_DATA,8.7499,88.4185,nan,8.7499,88.4185,nan
2026-06-02 14:38:46.932,BASELINE,NEW_DATA,8.7280,88.4185,nan,8.7280,88.4185,nan
2026-06-02 14:38:46.953,BASELINE,NEW_DATA,8.7027,88.4185,nan,8.7027,88.4185,nan
2026-06-02 14:38:46.973,BASELINE,NEW_DATA,8.6857,88.4185,nan,8.6857,88.4185,nan
2026-06-02 14:38:46.993,BASELINE,NEW_DATA,8.6666,88.4185,nan,8.6666,88.4185,nan
2026-06-02 14:38:47.014,BASELINE,NEW_DATA,8.6528,88.4185,nan,8.6528,88.4185,nan
2026-06-02 14:38:47.037,BASELINE,NEW_DATA,8.6389,88.4185,nan,8.6389,88.4185,nan
2026-06-02 14:38:47.054,BASELINE,NEW_DATA,8.6236,88.4185,nan,8.6236,88.4185,nan
2026-06-02 14:38:47.074,BASELINE,NEW_DATA,8.6139,88.4185,nan,8.6139,88.4185,nan
2026-06-02 14:38:47.094,BASELINE,NEW_DATA,8.6004,88.4185,nan,8.6004,88.4185,nan
2026-06-02 14:38:47.115,BASELINE,NEW_DATA,8.5935,88.4185,nan,8.5935,88.4185,nan
2026-06-02 14:38:47.136,BASELINE,NEW_DATA,8.5990,88.4185,nan,8.5990,88.4185,nan
2026-06-02 14:38:47.156,BASELINE,NEW_DATA,8.6018,88.4185,nan,8.6018,88.4185,nan
2026-06-02 14:38:47.177,BASELINE,NEW_DATA,8.6073,88.4185,nan,8.6073,88.4185,nan
2026-06-02 14:38:47.196,BASELINE,NEW_DATA,8.6171,88.4185,nan,8.6171,88.4185,nan
2026-06-02 14:38:47.216,BASELINE,NEW_DATA,8.6282,88.4185,nan,8.6282,88.4185,nan
2026-06-02 14:38:47.236,BASELINE,NEW_DATA,8.6441,88.3835,nan,8.6441,88.3835,nan
2026-06-02 14:38:47.257,BASELINE,NEW_DATA,8.6549,88.3835,nan,8.6549,88.3835,nan
2026-06-02 14:38:47.277,BASELINE,NEW_DATA,8.6639,88.3835,nan,8.6639,88.3835,nan
2026-06-02 14:38:47.298,BASELINE,NEW_DATA,8.6712,88.3835,nan,8.6712,88.3835,nan
2026-06-02 14:38:47.319,BASELINE,NEW_DATA,8.6729,88.3835,nan,8.6729,88.3835,nan
2026-06-02 14:38:47.339,BASELINE,NEW_DATA,8.6823,88.3835,nan,8.6823,88.3835,nan
2026-06-02 14:38:47.360,BASELINE,NEW_DATA,8.6850,88.3835,nan,8.6850,88.3835,nan
2026-06-02 14:38:47.381,BASELINE,NEW_DATA,8.6850,88.3835,nan,8.6850,88.3835,nan
2026-06-02 14:38:47.402,BASELINE,NEW_DATA,8.6885,88.3835,nan,8.6885,88.3835,nan
2026-06-02 14:38:47.422,BASELINE,NEW_DATA,8.6854,88.3835,nan,8.6854,88.3835,nan
2026-06-02 14:38:47.443,BASELINE,NEW_DATA,8.6819,88.3835,nan,8.6819,88.3835,nan
2026-06-02 14:38:47.463,BASELINE,NEW_DATA,8.6750,88.3835,nan,8.6750,88.3835,nan
2026-06-02 14:38:47.484,BASELINE,NEW_DATA,8.6684,88.3835,nan,8.6684,88.3835,nan
2026-06-02 14:38:47.504,BASELINE,NEW_DATA,8.6718,88.3835,nan,8.6718,88.3835,nan
2026-06-02 14:38:47.524,BASELINE,NEW_DATA,8.6531,88.3835,nan,8.6531,88.3835,nan
2026-06-02 14:38:47.548,BASELINE,NEW_DATA,8.6379,88.3835,nan,8.6379,88.3835,nan
2026-06-02 14:38:47.566,BASELINE,NEW_DATA,8.6288,88.3835,nan,8.6288,88.3835,nan
2026-06-02 14:38:47.586,BASELINE,NEW_DATA,8.6209,88.3835,nan,8.6209,88.3835,nan
2026-06-02 14:38:47.606,BASELINE,NEW_DATA,8.6136,88.3835,nan,8.6136,88.3835,nan
2026-06-02 14:38:47.626,BASELINE,NEW_DATA,8.6060,88.3835,nan,8.6060,88.3835,nan
2026-06-02 14:38:47.646,BASELINE,NEW_DATA,8.6053,88.3835,nan,8.6053,88.3835,nan
2026-06-02 14:38:47.667,BASELINE,NEW_DATA,8.6032,88.3835,nan,8.6032,88.3835,nan
2026-06-02 14:38:47.687,BASELINE,NEW_DATA,8.6046,88.3835,nan,8.6046,88.3835,nan
2026-06-02 14:38:47.709,BASELINE,NEW_DATA,8.6042,88.3835,nan,8.6042,88.3835,nan
2026-06-02 14:38:47.729,BASELINE,NEW_DATA,8.6077,88.3627,nan,8.6077,88.3627,nan
2026-06-02 14:38:47.750,BASELINE,NEW_DATA,8.6129,88.3627,nan,8.6129,88.3627,nan
2026-06-02 14:38:47.770,BASELINE,NEW_DATA,8.6191,88.3627,nan,8.6191,88.3627,nan
2026-06-02 14:38:47.791,BASELINE,NEW_DATA,8.6268,88.3627,nan,8.6268,88.3627,nan
2026-06-02 14:38:47.811,BASELINE,NEW_DATA,8.6375,88.3627,nan,8.6375,88.3627,nan
2026-06-02 14:38:47.831,BASELINE,NEW_DATA,8.6500,88.3627,nan,8.6500,88.3627,nan
2026-06-02 14:38:47.851,BASELINE,NEW_DATA,8.6614,88.3627,nan,8.6614,88.3627,nan
2026-06-02 14:38:47.872,BASELINE,NEW_DATA,8.6743,88.3627,nan,8.6743,88.3627,nan
2026-06-02 14:38:47.893,BASELINE,NEW_DATA,8.6823,88.3627,nan,8.6823,88.3627,nan
2026-06-02 14:38:47.913,BASELINE,NEW_DATA,8.6850,88.3627,nan,8.6850,88.3627,nan
2026-06-02 14:38:47.933,BASELINE,NEW_DATA,8.6972,88.3627,nan,8.6972,88.3627,nan
2026-06-02 14:38:47.954,BASELINE,NEW_DATA,8.6989,88.3627,nan,8.6989,88.3627,nan
2026-06-02 14:38:47.974,BASELINE,NEW_DATA,8.7027,88.3627,nan,8.7027,88.3627,nan
2026-06-02 14:38:47.994,BASELINE,NEW_DATA,8.7027,88.3627,nan,8.7027,88.3627,nan
2026-06-02 14:38:48.014,BASELINE,NEW_DATA,8.7079,88.3627,nan,8.7079,88.3627,nan
2026-06-02 14:38:48.035,BASELINE,NEW_DATA,8.7155,88.3627,nan,8.7155,88.3627,nan
2026-06-02 14:38:48.059,BASELINE,NEW_DATA,8.7155,88.3627,nan,8.7155,88.3627,nan
2026-06-02 14:38:48.077,BASELINE,NEW_DATA,8.7197,88.3627,nan,8.7197,88.3627,nan
2026-06-02 14:38:48.096,BASELINE,NEW_DATA,8.7207,88.3627,nan,8.7207,88.3627,nan
2026-06-02 14:38:48.116,BASELINE,NEW_DATA,8.7221,88.3627,nan,8.7221,88.3627,nan
2026-06-02 14:38:48.137,BASELINE,NEW_DATA,8.7187,88.3627,nan,8.7187,88.3627,nan
2026-06-02 14:38:48.157,BASELINE,NEW_DATA,8.7239,88.3627,nan,8.7239,88.3627,nan
2026-06-02 14:38:48.177,BASELINE,NEW_DATA,8.7256,88.3627,nan,8.7256,88.3627,nan
2026-06-02 14:38:48.197,BASELINE,NEW_DATA,8.7357,88.3627,nan,8.7357,88.3627,nan
2026-06-02 14:38:48.217,BASELINE,NEW_DATA,8.7183,88.3627,nan,8.7183,88.3627,nan
2026-06-02 14:38:48.238,BASELINE,NEW_DATA,8.7263,88.2643,nan,8.7263,88.2643,nan
2026-06-02 14:38:48.259,BASELINE,NEW_DATA,8.7259,88.2643,nan,8.7259,88.2643,nan
2026-06-02 14:38:48.278,BASELINE,NEW_DATA,8.7256,88.2643,nan,8.7256,88.2643,nan
2026-06-02 14:38:48.299,BASELINE,NEW_DATA,8.7315,88.2643,nan,8.7315,88.2643,nan
2026-06-02 14:38:48.319,BASELINE,NEW_DATA,8.7294,88.2643,nan,8.7294,88.2643,nan
2026-06-02 14:38:48.340,BASELINE,NEW_DATA,8.7301,88.2643,nan,8.7301,88.2643,nan
2026-06-02 14:38:48.360,BASELINE,NEW_DATA,8.7294,88.2643,nan,8.7294,88.2643,nan
2026-06-02 14:38:48.380,BASELINE,NEW_DATA,8.7325,88.2643,nan,8.7325,88.2643,nan
2026-06-02 14:38:48.400,BASELINE,NEW_DATA,8.7308,88.2643,nan,8.7308,88.2643,nan
2026-06-02 14:38:48.421,BASELINE,NEW_DATA,8.7360,88.2643,nan,8.7360,88.2643,nan
2026-06-02 14:38:48.442,BASELINE,NEW_DATA,8.7370,88.2643,nan,8.7370,88.2643,nan
2026-06-02 14:38:48.463,BASELINE,NEW_DATA,8.7377,88.2643,nan,8.7377,88.2643,nan
2026-06-02 14:38:48.484,BASELINE,NEW_DATA,8.7360,88.2643,nan,8.7360,88.2643,nan
2026-06-02 14:38:48.504,BASELINE,NEW_DATA,8.7329,88.2643,nan,8.7329,88.2643,nan
2026-06-02 14:38:48.525,BASELINE,NEW_DATA,8.7325,88.2643,nan,8.7325,88.2643,nan
2026-06-02 14:38:48.545,BASELINE,NEW_DATA,8.7311,88.2643,nan,8.7311,88.2643,nan
2026-06-02 14:38:48.569,BASELINE,NEW_DATA,8.7360,88.2643,nan,8.7360,88.2643,nan
2026-06-02 14:38:48.586,BASELINE,NEW_DATA,8.7360,88.2643,nan,8.7360,88.2643,nan
2026-06-02 14:38:48.607,BASELINE,NEW_DATA,8.7367,88.2643,nan,8.7367,88.2643,nan
2026-06-02 14:38:48.628,BASELINE,NEW_DATA,8.7357,88.2643,nan,8.7357,88.2643,nan
2026-06-02 14:38:48.649,BASELINE,NEW_DATA,8.7339,88.2643,nan,8.7339,88.2643,nan
2026-06-02 14:38:48.669,BASELINE,NEW_DATA,8.7374,88.2643,nan,8.7374,88.2643,nan
2026-06-02 14:38:48.690,BASELINE,NEW_DATA,8.7336,88.2643,nan,8.7336,88.2643,nan
2026-06-02 14:38:48.710,BASELINE,NEW_DATA,8.7353,88.2643,nan,8.7353,88.2643,nan
2026-06-02 14:38:48.731,BASELINE,NEW_DATA,8.7364,88.2916,nan,8.7364,88.2916,nan
2026-06-02 14:38:48.751,BASELINE,NEW_DATA,8.7370,88.2916,nan,8.7370,88.2916,nan
2026-06-02 14:38:48.772,BASELINE,NEW_DATA,8.7357,88.2916,nan,8.7357,88.2916,nan
2026-06-02 14:38:48.793,BASELINE,NEW_DATA,8.7353,88.2916,nan,8.7353,88.2916,nan
2026-06-02 14:38:48.812,BASELINE,NEW_DATA,8.7350,88.2916,nan,8.7350,88.2916,nan
2026-06-02 14:38:48.833,BASELINE,NEW_DATA,8.7367,88.2916,nan,8.7367,88.2916,nan
2026-06-02 14:38:48.853,BASELINE,NEW_DATA,8.7391,88.2916,nan,8.7391,88.2916,nan
2026-06-02 14:38:48.874,BASELINE,NEW_DATA,8.7461,88.2916,nan,8.7461,88.2916,nan
2026-06-02 14:38:48.895,BASELINE,NEW_DATA,8.7353,88.2916,nan,8.7353,88.2916,nan
2026-06-02 14:38:48.915,BASELINE,NEW_DATA,8.7370,88.2916,nan,8.7370,88.2916,nan
2026-06-02 14:38:48.936,BASELINE,NEW_DATA,8.7360,88.2916,nan,8.7360,88.2916,nan
2026-06-02 14:38:48.957,BASELINE,NEW_DATA,8.7353,88.2916,nan,8.7353,88.2916,nan
2026-06-02 14:38:48.977,BASELINE,NEW_DATA,8.7360,88.2916,nan,8.7360,88.2916,nan
2026-06-02 14:38:48.999,BASELINE,NEW_DATA,8.7350,88.2916,nan,8.7350,88.2916,nan
2026-06-02 14:38:49.019,BASELINE,NEW_DATA,8.7353,88.2916,nan,8.7353,88.2916,nan
2026-06-02 14:38:49.040,BASELINE,NEW_DATA,8.7350,88.2916,nan,8.7350,88.2916,nan
2026-06-02 14:38:49.060,BASELINE,NEW_DATA,8.7370,88.2916,nan,8.7370,88.2916,nan
2026-06-02 14:38:49.084,BASELINE,NEW_DATA,8.7367,88.2916,nan,8.7367,88.2916,nan
2026-06-02 14:38:49.102,BASELINE,NEW_DATA,8.7350,88.2916,nan,8.7350,88.2916,nan
2026-06-02 14:38:49.122,BASELINE,NEW_DATA,8.7374,88.2916,nan,8.7374,88.2916,nan
2026-06-02 14:38:49.143,BASELINE,NEW_DATA,8.7357,88.2916,nan,8.7357,88.2916,nan
2026-06-02 14:38:49.163,BASELINE,NEW_DATA,8.7353,88.2916,nan,8.7353,88.2916,nan
2026-06-02 14:38:49.184,BASELINE,NEW_DATA,8.7357,88.2916,nan,8.7357,88.2916,nan
2026-06-02 14:38:49.205,BASELINE,NEW_DATA,8.7353,88.2916,nan,8.7353,88.2916,nan
2026-06-02 14:38:49.225,BASELINE,NEW_DATA,8.7336,88.2916,nan,8.7336,88.2916,nan
2026-06-02 14:38:49.245,BASELINE,NEW_DATA,8.7384,88.2948,nan,8.7384,88.2948,nan
2026-06-02 14:38:49.265,BASELINE,NEW_DATA,8.7360,88.2948,nan,8.7360,88.2948,nan
2026-06-02 14:38:49.285,BASELINE,NEW_DATA,8.7360,88.2948,nan,8.7360,88.2948,nan
2026-06-02 14:38:49.306,BASELINE,NEW_DATA,8.7357,88.2948,nan,8.7357,88.2948,nan
2026-06-02 14:38:49.326,BASELINE,NEW_DATA,8.7329,88.2948,nan,8.7329,88.2948,nan
2026-06-02 14:38:49.347,BASELINE,NEW_DATA,8.7346,88.2948,nan,8.7346,88.2948,nan
2026-06-02 14:38:49.367,BASELINE,NEW_DATA,8.7343,88.2948,nan,8.7343,88.2948,nan
2026-06-02 14:38:49.387,BASELINE,NEW_DATA,8.7350,88.2948,nan,8.7350,88.2948,nan
2026-06-02 14:38:49.407,BASELINE,NEW_DATA,8.7360,88.2948,nan,8.7360,88.2948,nan
2026-06-02 14:38:49.429,BASELINE,NEW_DATA,8.7357,88.2948,nan,8.7357,88.2948,nan
2026-06-02 14:38:49.449,BASELINE,NEW_DATA,8.7346,88.2948,nan,8.7346,88.2948,nan
2026-06-02 14:38:49.469,BASELINE,NEW_DATA,8.7325,88.2948,nan,8.7325,88.2948,nan
2026-06-02 14:38:49.490,BASELINE,NEW_DATA,8.7322,88.2948,nan,8.7322,88.2948,nan
2026-06-02 14:38:49.511,BASELINE,NEW_DATA,8.7377,88.2948,nan,8.7377,88.2948,nan
2026-06-02 14:38:49.531,BASELINE,NEW_DATA,8.7454,88.2948,nan,8.7454,88.2948,nan
2026-06-02 14:38:49.552,BASELINE,NEW_DATA,8.7301,88.2948,nan,8.7301,88.2948,nan
2026-06-02 14:38:49.572,BASELINE,NEW_DATA,8.7311,88.2948,nan,8.7311,88.2948,nan
2026-06-02 14:38:49.597,BASELINE,NEW_DATA,8.7318,88.2948,nan,8.7318,88.2948,nan
2026-06-02 14:38:49.614,BASELINE,NEW_DATA,8.7308,88.2948,nan,8.7308,88.2948,nan
2026-06-02 14:38:49.634,BASELINE,NEW_DATA,8.7325,88.2948,nan,8.7325,88.2948,nan
2026-06-02 14:38:49.655,BASELINE,NEW_DATA,8.7325,88.2948,nan,8.7325,88.2948,nan
2026-06-02 14:38:49.675,BASELINE,NEW_DATA,8.7322,88.2948,nan,8.7322,88.2948,nan
2026-06-02 14:38:49.695,BASELINE,NEW_DATA,8.7353,88.2948,nan,8.7353,88.2948,nan
2026-06-02 14:38:49.716,BASELINE,NEW_DATA,8.7364,88.2948,nan,8.7364,88.2948,nan
2026-06-02 14:38:49.736,BASELINE,NEW_DATA,8.7367,88.3893,nan,8.7367,88.3893,nan
2026-06-02 14:38:49.758,BASELINE,NEW_DATA,8.7370,88.3893,nan,8.7370,88.3893,nan
2026-06-02 14:38:49.777,BASELINE,NEW_DATA,8.7360,88.3893,nan,8.7360,88.3893,nan
2026-06-02 14:38:49.797,BASELINE,NEW_DATA,8.7357,88.3893,nan,8.7357,88.3893,nan
2026-06-02 14:38:49.818,BASELINE,NEW_DATA,8.7377,88.3893,nan,8.7377,88.3893,nan
2026-06-02 14:38:49.839,BASELINE,NEW_DATA,8.7325,88.3893,nan,8.7325,88.3893,nan
2026-06-02 14:38:49.860,BASELINE,NEW_DATA,8.7350,88.3893,nan,8.7350,88.3893,nan
2026-06-02 14:38:49.881,BASELINE,NEW_DATA,8.7360,88.3893,nan,8.7360,88.3893,nan
2026-06-02 14:38:49.901,BASELINE,NEW_DATA,8.7350,88.3893,nan,8.7350,88.3893,nan
2026-06-02 14:38:49.921,BASELINE,NEW_DATA,8.7350,88.3893,nan,8.7350,88.3893,nan
2026-06-02 14:38:49.942,BASELINE,NEW_DATA,8.7357,88.3893,nan,8.7357,88.3893,nan
2026-06-02 14:38:49.963,BASELINE,NEW_DATA,8.7367,88.3893,nan,8.7367,88.3893,nan
2026-06-02 14:38:49.983,BASELINE,NEW_DATA,8.7360,88.3893,nan,8.7360,88.3893,nan
2026-06-02 14:38:50.003,BASELINE,NEW_DATA,8.7350,88.3893,nan,8.7350,88.3893,nan
2026-06-02 14:38:50.024,BASELINE,NEW_DATA,8.7350,88.3893,nan,8.7350,88.3893,nan
2026-06-02 14:38:50.044,BASELINE,NEW_DATA,8.7343,88.3893,nan,8.7343,88.3893,nan
2026-06-02 14:38:50.064,BASELINE,NEW_DATA,8.7343,88.3893,nan,8.7343,88.3893,nan
2026-06-02 14:38:50.084,BASELINE,NEW_DATA,8.7350,88.3893,nan,8.7350,88.3893,nan
2026-06-02 14:38:50.110,BASELINE,NEW_DATA,8.7329,88.3893,nan,8.7329,88.3893,nan
2026-06-02 14:38:50.126,BASELINE,NEW_DATA,8.7311,88.3893,nan,8.7311,88.3893,nan
2026-06-02 14:38:50.146,BASELINE,NEW_DATA,8.7346,88.3893,nan,8.7346,88.3893,nan
2026-06-02 14:38:50.167,BASELINE,NEW_DATA,8.7398,88.3893,nan,8.7398,88.3893,nan
2026-06-02 14:38:50.188,BASELINE,NEW_DATA,8.7370,88.3893,nan,8.7370,88.3893,nan
2026-06-02 14:38:50.209,BASELINE,NEW_DATA,8.7253,88.3893,nan,8.7253,88.3893,nan
2026-06-02 14:38:50.230,BASELINE,NEW_DATA,8.7298,88.3867,nan,8.7298,88.3867,nan
2026-06-02 14:38:50.250,BASELINE,NEW_DATA,8.7280,88.3867,nan,8.7280,88.3867,nan
2026-06-02 14:38:50.270,BASELINE,NEW_DATA,8.7305,88.3867,nan,8.7305,88.3867,nan
2026-06-02 14:38:50.291,BASELINE,NEW_DATA,8.7353,88.3867,nan,8.7353,88.3867,nan
2026-06-02 14:38:50.312,BASELINE,NEW_DATA,8.7329,88.3867,nan,8.7329,88.3867,nan
2026-06-02 14:38:50.332,BASELINE,NEW_DATA,8.7298,88.3867,nan,8.7298,88.3867,nan
2026-06-02 14:38:50.353,BASELINE,NEW_DATA,8.7329,88.3867,nan,8.7329,88.3867,nan
2026-06-02 14:38:50.373,BASELINE,NEW_DATA,8.7325,88.3867,nan,8.7325,88.3867,nan
2026-06-02 14:38:50.394,BASELINE,NEW_DATA,8.7315,88.3867,nan,8.7315,88.3867,nan
2026-06-02 14:38:50.414,BASELINE,NEW_DATA,8.7343,88.3867,nan,8.7343,88.3867,nan
2026-06-02 14:38:50.435,BASELINE,NEW_DATA,8.7329,88.3867,nan,8.7329,88.3867,nan
2026-06-02 14:38:50.456,BASELINE,NEW_DATA,8.7298,88.3867,nan,8.7298,88.3867,nan
2026-06-02 14:38:50.477,BASELINE,NEW_DATA,8.7346,88.3867,nan,8.7346,88.3867,nan
2026-06-02 14:38:50.497,BASELINE,NEW_DATA,8.7315,88.3867,nan,8.7315,88.3867,nan
2026-06-02 14:38:50.519,BASELINE,NEW_DATA,8.7305,88.3867,nan,8.7305,88.3867,nan
2026-06-02 14:38:50.539,BASELINE,NEW_DATA,8.7353,88.3867,nan,8.7353,88.3867,nan
2026-06-02 14:38:50.560,BASELINE,NEW_DATA,8.7339,88.3867,nan,8.7339,88.3867,nan
2026-06-02 14:38:50.580,BASELINE,NEW_DATA,8.7322,88.3867,nan,8.7322,88.3867,nan
2026-06-02 14:38:50.601,BASELINE,NEW_DATA,8.7336,88.3867,nan,8.7336,88.3867,nan
2026-06-02 14:38:50.625,BASELINE,NEW_DATA,8.7353,88.3867,nan,8.7353,88.3867,nan
2026-06-02 14:38:50.641,BASELINE,NEW_DATA,8.7343,88.3867,nan,8.7343,88.3867,nan
2026-06-02 14:38:50.661,BASELINE,NEW_DATA,8.7332,88.3867,nan,8.7332,88.3867,nan
2026-06-02 14:38:50.681,BASELINE,NEW_DATA,8.7322,88.3867,nan,8.7322,88.3867,nan
2026-06-02 14:38:50.702,BASELINE,NEW_DATA,8.7332,88.3867,nan,8.7332,88.3867,nan
2026-06-02 14:38:50.722,BASELINE,NEW_DATA,8.7301,88.3867,nan,8.7301,88.3867,nan
2026-06-02 14:38:50.744,BASELINE,NEW_DATA,8.7308,88.4542,nan,8.7308,88.4542,nan
2026-06-02 14:38:50.765,BASELINE,NEW_DATA,8.7322,88.4542,nan,8.7322,88.4542,nan
2026-06-02 14:38:50.785,BASELINE,NEW_DATA,8.7350,88.4542,nan,8.7350,88.4542,nan
2026-06-02 14:38:50.805,BASELINE,NEW_DATA,8.7454,88.4542,nan,8.7454,88.4542,nan
2026-06-02 14:38:50.825,BASELINE,NEW_DATA,8.7332,88.4542,nan,8.7332,88.4542,nan
2026-06-02 14:38:50.845,BASELINE,NEW_DATA,8.7298,88.4542,nan,8.7298,88.4542,nan
2026-06-02 14:38:50.865,BASELINE,NEW_DATA,8.7357,88.4542,nan,8.7357,88.4542,nan
2026-06-02 14:38:50.886,BASELINE,NEW_DATA,8.7350,88.4542,nan,8.7350,88.4542,nan
2026-06-02 14:38:50.907,BASELINE,NEW_DATA,8.7301,88.4542,nan,8.7301,88.4542,nan
2026-06-02 14:38:50.927,BASELINE,NEW_DATA,8.7301,88.4542,nan,8.7301,88.4542,nan
2026-06-02 14:38:50.949,BASELINE,NEW_DATA,8.7277,88.4542,nan,8.7277,88.4542,nan
2026-06-02 14:38:50.969,BASELINE,NEW_DATA,8.7280,88.4542,nan,8.7280,88.4542,nan
2026-06-02 14:38:50.989,BASELINE,NEW_DATA,8.7329,88.4542,nan,8.7329,88.4542,nan
2026-06-02 14:38:51.009,BASELINE,NEW_DATA,8.7364,88.4542,nan,8.7364,88.4542,nan
2026-06-02 14:38:51.030,BASELINE,NEW_DATA,8.7350,88.4542,nan,8.7350,88.4542,nan
2026-06-02 14:38:51.050,BASELINE,NEW_DATA,8.7360,88.4542,nan,8.7360,88.4542,nan
2026-06-02 14:38:51.070,BASELINE,NEW_DATA,8.7339,88.4542,nan,8.7339,88.4542,nan
2026-06-02 14:38:51.091,BASELINE,NEW_DATA,8.7308,88.4542,nan,8.7308,88.4542,nan
2026-06-02 14:38:51.111,BASELINE,NEW_DATA,8.7291,88.4542,nan,8.7291,88.4542,nan
2026-06-02 14:38:51.135,BASELINE,NEW_DATA,8.7225,88.4542,nan,8.7225,88.4542,nan
2026-06-02 14:38:51.152,BASELINE,NEW_DATA,8.7183,88.4542,nan,8.7183,88.4542,nan
2026-06-02 14:38:51.173,BASELINE,NEW_DATA,8.7155,88.4542,nan,8.7155,88.4542,nan
2026-06-02 14:38:51.193,BASELINE,NEW_DATA,8.7128,88.4542,nan,8.7128,88.4542,nan
2026-06-02 14:38:51.214,BASELINE,NEW_DATA,8.7110,88.4542,nan,8.7110,88.4542,nan
2026-06-02 14:38:51.234,BASELINE,NEW_DATA,8.7017,88.6953,nan,8.7017,88.6953,nan
2026-06-02 14:38:51.254,BASELINE,NEW_DATA,8.7027,88.6953,nan,8.7027,88.6953,nan
2026-06-02 14:38:51.275,BASELINE,NEW_DATA,8.7027,88.6953,nan,8.7027,88.6953,nan
2026-06-02 14:38:51.295,BASELINE,NEW_DATA,8.7027,88.6953,nan,8.7027,88.6953,nan
2026-06-02 14:38:51.316,BASELINE,NEW_DATA,8.7027,88.6953,nan,8.7027,88.6953,nan
2026-06-02 14:38:51.336,BASELINE,NEW_DATA,8.6982,88.6953,nan,8.6982,88.6953,nan
2026-06-02 14:38:51.357,BASELINE,NEW_DATA,8.7027,88.6953,nan,8.7027,88.6953,nan
2026-06-02 14:38:51.377,BASELINE,NEW_DATA,8.7027,88.6953,nan,8.7027,88.6953,nan
2026-06-02 14:38:51.397,BASELINE,NEW_DATA,8.7058,88.6953,nan,8.7058,88.6953,nan
2026-06-02 14:38:51.419,BASELINE,NEW_DATA,8.7138,88.6953,nan,8.7138,88.6953,nan
2026-06-02 14:38:51.440,BASELINE,NEW_DATA,8.7100,88.6953,nan,8.7100,88.6953,nan
2026-06-02 14:38:51.460,BASELINE,NEW_DATA,8.7027,88.6953,nan,8.7027,88.6953,nan
2026-06-02 14:38:51.481,BASELINE,NEW_DATA,8.7072,88.6953,nan,8.7072,88.6953,nan
2026-06-02 14:38:51.502,BASELINE,NEW_DATA,8.7096,88.6953,nan,8.7096,88.6953,nan
2026-06-02 14:38:51.523,BASELINE,NEW_DATA,8.7093,88.6953,nan,8.7093,88.6953,nan
2026-06-02 14:38:51.544,BASELINE,NEW_DATA,8.7065,88.6953,nan,8.7065,88.6953,nan
2026-06-02 14:38:51.564,BASELINE,NEW_DATA,8.7131,88.6953,nan,8.7131,88.6953,nan
2026-06-02 14:38:51.584,BASELINE,NEW_DATA,8.7135,88.6953,nan,8.7135,88.6953,nan
2026-06-02 14:38:51.604,BASELINE,NEW_DATA,8.7128,88.6953,nan,8.7128,88.6953,nan
2026-06-02 14:38:51.624,BASELINE,NEW_DATA,8.7128,88.6953,nan,8.7128,88.6953,nan
2026-06-02 14:38:51.649,BASELINE,NEW_DATA,8.7162,88.6953,nan,8.7162,88.6953,nan
2026-06-02 14:38:51.666,BASELINE,NEW_DATA,8.7169,88.6953,nan,8.7169,88.6953,nan
2026-06-02 14:38:51.687,BASELINE,NEW_DATA,8.7128,88.6953,nan,8.7128,88.6953,nan
2026-06-02 14:38:51.708,BASELINE,NEW_DATA,8.7183,88.6953,nan,8.7183,88.6953,nan
2026-06-02 14:38:51.729,BASELINE,NEW_DATA,8.7142,88.9109,nan,8.7142,88.9109,nan
2026-06-02 14:38:51.750,BASELINE,NEW_DATA,8.7128,88.9109,nan,8.7128,88.9109,nan
2026-06-02 14:38:51.770,BASELINE,NEW_DATA,8.7142,88.9109,nan,8.7142,88.9109,nan
2026-06-02 14:38:51.791,BASELINE,NEW_DATA,8.7169,88.9109,nan,8.7169,88.9109,nan
2026-06-02 14:38:51.811,BASELINE,NEW_DATA,8.7121,88.9109,nan,8.7121,88.9109,nan
2026-06-02 14:38:51.831,BASELINE,NEW_DATA,8.7148,88.9109,nan,8.7148,88.9109,nan
2026-06-02 14:38:51.852,BASELINE,NEW_DATA,8.7135,88.9109,nan,8.7135,88.9109,nan
2026-06-02 14:38:51.873,BASELINE,NEW_DATA,8.7117,88.9109,nan,8.7117,88.9109,nan
2026-06-02 14:38:51.893,BASELINE,NEW_DATA,8.7145,88.9109,nan,8.7145,88.9109,nan
2026-06-02 14:38:51.914,BASELINE,NEW_DATA,8.7176,88.9109,nan,8.7176,88.9109,nan
2026-06-02 14:38:51.934,BASELINE,NEW_DATA,8.7128,88.9109,nan,8.7128,88.9109,nan
2026-06-02 14:38:51.955,BASELINE,NEW_DATA,8.7114,88.9109,nan,8.7114,88.9109,nan
2026-06-02 14:38:51.975,BASELINE,NEW_DATA,8.7155,88.9109,nan,8.7155,88.9109,nan
2026-06-02 14:38:51.996,BASELINE,NEW_DATA,8.7138,88.9109,nan,8.7138,88.9109,nan
2026-06-02 14:38:52.017,BASELINE,NEW_DATA,8.7176,88.9109,nan,8.7176,88.9109,nan
2026-06-02 14:38:52.037,BASELINE,NEW_DATA,8.7263,88.9109,nan,8.7263,88.9109,nan
2026-06-02 14:38:52.057,BASELINE,NEW_DATA,8.7221,88.9109,nan,8.7221,88.9109,nan
2026-06-02 14:38:52.077,BASELINE,NEW_DATA,8.7121,88.9109,nan,8.7121,88.9109,nan
2026-06-02 14:38:52.098,BASELINE,NEW_DATA,8.7110,88.9109,nan,8.7110,88.9109,nan
2026-06-02 14:38:52.120,BASELINE,NEW_DATA,8.7114,88.9109,nan,8.7114,88.9109,nan
2026-06-02 14:38:52.141,BASELINE,NEW_DATA,8.7128,88.9109,nan,8.7128,88.9109,nan
2026-06-02 14:38:52.165,BASELINE,NEW_DATA,8.7121,88.9109,nan,8.7121,88.9109,nan
2026-06-02 14:38:52.183,BASELINE,NEW_DATA,8.7110,88.9109,nan,8.7110,88.9109,nan
2026-06-02 14:38:52.203,BASELINE,NEW_DATA,8.7128,88.9109,nan,8.7128,88.9109,nan
2026-06-02 14:38:52.223,BASELINE,NEW_DATA,8.7152,88.9109,nan,8.7152,88.9109,nan
2026-06-02 14:38:52.244,BASELINE,NEW_DATA,8.7155,89.2116,nan,8.7155,89.2116,nan
2026-06-02 14:38:52.265,BASELINE,NEW_DATA,8.7152,89.2116,nan,8.7152,89.2116,nan
2026-06-02 14:38:52.285,BASELINE,NEW_DATA,8.7162,89.2116,nan,8.7162,89.2116,nan
2026-06-02 14:38:52.306,BASELINE,NEW_DATA,8.7148,89.2116,nan,8.7148,89.2116,nan
2026-06-02 14:38:52.326,BASELINE,NEW_DATA,8.7103,89.2116,nan,8.7103,89.2116,nan
2026-06-02 14:38:52.347,BASELINE,NEW_DATA,8.7121,89.2116,nan,8.7121,89.2116,nan
2026-06-02 14:38:52.367,BASELINE,NEW_DATA,8.7124,89.2116,nan,8.7124,89.2116,nan
2026-06-02 14:38:52.387,BASELINE,NEW_DATA,8.7162,89.2116,nan,8.7162,89.2116,nan
2026-06-02 14:38:52.407,BASELINE,NEW_DATA,8.7142,89.2116,nan,8.7142,89.2116,nan
2026-06-02 14:38:52.427,BASELINE,NEW_DATA,8.7159,89.2116,nan,8.7159,89.2116,nan
2026-06-02 14:38:52.449,BASELINE,NEW_DATA,8.7176,89.2116,nan,8.7176,89.2116,nan
2026-06-02 14:38:52.469,BASELINE,NEW_DATA,8.7166,89.2116,nan,8.7166,89.2116,nan
2026-06-02 14:38:52.491,BASELINE,NEW_DATA,8.7173,89.2116,nan,8.7173,89.2116,nan
2026-06-02 14:38:52.511,BASELINE,NEW_DATA,8.7246,89.2116,nan,8.7246,89.2116,nan
2026-06-02 14:38:52.532,BASELINE,NEW_DATA,8.7194,89.2116,nan,8.7194,89.2116,nan
2026-06-02 14:38:52.553,BASELINE,NEW_DATA,8.7228,89.2116,nan,8.7228,89.2116,nan
2026-06-02 14:38:52.574,BASELINE,NEW_DATA,8.7155,89.2116,nan,8.7155,89.2116,nan
2026-06-02 14:38:52.594,BASELINE,NEW_DATA,8.7114,89.2116,nan,8.7114,89.2116,nan
2026-06-02 14:38:52.615,BASELINE,NEW_DATA,8.7103,89.2116,nan,8.7103,89.2116,nan
2026-06-02 14:38:52.635,BASELINE,NEW_DATA,8.7183,89.2116,nan,8.7183,89.2116,nan
2026-06-02 14:38:52.655,BASELINE,NEW_DATA,8.7044,89.2116,nan,8.7044,89.2116,nan
2026-06-02 14:38:52.679,BASELINE,NEW_DATA,8.6992,89.2116,nan,8.6992,89.2116,nan
2026-06-02 14:38:52.697,BASELINE,NEW_DATA,8.6940,89.2116,nan,8.6940,89.2116,nan
2026-06-02 14:38:52.717,BASELINE,NEW_DATA,8.6906,89.2116,nan,8.6906,89.2116,nan
2026-06-02 14:38:52.738,BASELINE,NEW_DATA,8.6809,89.3014,nan,8.6809,89.3014,nan
2026-06-02 14:38:52.759,BASELINE,NEW_DATA,8.6739,89.3014,nan,8.6739,89.3014,nan
2026-06-02 14:38:52.781,BASELINE,NEW_DATA,8.6663,89.3014,nan,8.6663,89.3014,nan
2026-06-02 14:38:52.800,BASELINE,NEW_DATA,8.6608,89.3014,nan,8.6608,89.3014,nan
2026-06-02 14:38:52.820,BASELINE,NEW_DATA,8.6614,89.3014,nan,8.6614,89.3014,nan
2026-06-02 14:38:52.841,BASELINE,NEW_DATA,8.6497,89.3014,nan,8.6497,89.3014,nan
2026-06-02 14:38:52.861,BASELINE,NEW_DATA,8.6455,89.3014,nan,8.6455,89.3014,nan
2026-06-02 14:38:52.881,BASELINE,NEW_DATA,8.6351,89.3014,nan,8.6351,89.3014,nan
2026-06-02 14:38:52.902,BASELINE,NEW_DATA,8.6295,89.3014,nan,8.6295,89.3014,nan
2026-06-02 14:38:52.923,BASELINE,NEW_DATA,8.6226,89.3014,nan,8.6226,89.3014,nan
2026-06-02 14:38:52.943,BASELINE,NEW_DATA,8.6188,89.3014,nan,8.6188,89.3014,nan
2026-06-02 14:38:52.964,BASELINE,NEW_DATA,8.6132,89.3014,nan,8.6132,89.3014,nan
2026-06-02 14:38:52.984,BASELINE,NEW_DATA,8.6049,89.3014,nan,8.6049,89.3014,nan
2026-06-02 14:38:53.005,BASELINE,NEW_DATA,8.5980,89.3014,nan,8.5980,89.3014,nan
2026-06-02 14:38:53.025,BASELINE,NEW_DATA,8.5945,89.3014,nan,8.5945,89.3014,nan
2026-06-02 14:38:53.046,BASELINE,NEW_DATA,8.5893,89.3014,nan,8.5893,89.3014,nan
2026-06-02 14:38:53.066,BASELINE,NEW_DATA,8.5848,89.3014,nan,8.5848,89.3014,nan
2026-06-02 14:38:53.086,BASELINE,NEW_DATA,8.5751,89.3014,nan,8.5751,89.3014,nan
2026-06-02 14:38:53.107,BASELINE,NEW_DATA,8.5671,89.3014,nan,8.5671,89.3014,nan
2026-06-02 14:38:53.127,BASELINE,NEW_DATA,8.5588,89.3014,nan,8.5588,89.3014,nan
2026-06-02 14:38:53.147,BASELINE,NEW_DATA,8.5539,89.3014,nan,8.5539,89.3014,nan
2026-06-02 14:38:53.168,BASELINE,NEW_DATA,8.5418,89.3014,nan,8.5418,89.3014,nan
2026-06-02 14:38:53.193,BASELINE,NEW_DATA,8.5366,89.3014,nan,8.5366,89.3014,nan
2026-06-02 14:38:53.209,BASELINE,NEW_DATA,8.5300,89.3014,nan,8.5300,89.3014,nan
2026-06-02 14:38:53.229,BASELINE,NEW_DATA,8.5290,89.6856,nan,8.5290,89.6856,nan
2026-06-02 14:38:53.250,BASELINE,NEW_DATA,8.5311,89.6856,nan,8.5311,89.6856,nan
2026-06-02 14:38:53.271,BASELINE,NEW_DATA,8.5158,89.6856,nan,8.5158,89.6856,nan
2026-06-02 14:38:53.292,BASELINE,NEW_DATA,8.5113,89.6856,nan,8.5113,89.6856,nan
2026-06-02 14:38:53.312,BASELINE,NEW_DATA,8.5026,89.6856,nan,8.5026,89.6856,nan
2026-06-02 14:38:53.332,BASELINE,NEW_DATA,8.4985,89.6856,nan,8.4985,89.6856,nan
2026-06-02 14:38:53.353,BASELINE,NEW_DATA,8.4926,89.6856,nan,8.4926,89.6856,nan
2026-06-02 14:38:53.374,BASELINE,NEW_DATA,8.4842,89.6856,nan,8.4842,89.6856,nan
2026-06-02 14:38:53.394,BASELINE,NEW_DATA,8.4790,89.6856,nan,8.4790,89.6856,nan
2026-06-02 14:38:53.415,BASELINE,NEW_DATA,8.4780,89.6856,nan,8.4780,89.6856,nan
2026-06-02 14:38:53.435,BASELINE,NEW_DATA,8.4714,89.6856,nan,8.4714,89.6856,nan
2026-06-02 14:38:53.457,BASELINE,NEW_DATA,8.4693,89.6856,nan,8.4693,89.6856,nan
2026-06-02 14:38:53.477,BASELINE,NEW_DATA,8.4634,89.6856,nan,8.4634,89.6856,nan
2026-06-02 14:38:53.498,BASELINE,NEW_DATA,8.4589,89.6856,nan,8.4589,89.6856,nan
2026-06-02 14:38:53.519,BASELINE,NEW_DATA,8.4596,89.6856,nan,8.4596,89.6856,nan
2026-06-02 14:38:53.539,BASELINE,NEW_DATA,8.4555,89.6856,nan,8.4555,89.6856,nan
2026-06-02 14:38:53.560,BASELINE,NEW_DATA,8.4464,89.6856,nan,8.4464,89.6856,nan
2026-06-02 14:38:53.580,BASELINE,NEW_DATA,8.4464,89.6856,nan,8.4464,89.6856,nan
2026-06-02 14:38:53.600,BASELINE,NEW_DATA,8.4437,89.6856,nan,8.4437,89.6856,nan
2026-06-02 14:38:53.620,BASELINE,NEW_DATA,8.4409,89.6856,nan,8.4409,89.6856,nan
2026-06-02 14:38:53.640,BASELINE,NEW_DATA,8.4433,89.6856,nan,8.4433,89.6856,nan
2026-06-02 14:38:53.660,BASELINE,NEW_DATA,8.4405,89.6856,nan,8.4405,89.6856,nan
2026-06-02 14:38:53.680,BASELINE,NEW_DATA,8.4346,89.6856,nan,8.4346,89.6856,nan
2026-06-02 14:38:53.706,BASELINE,NEW_DATA,8.4364,89.6856,nan,8.4364,89.6856,nan
2026-06-02 14:38:53.723,BASELINE,NEW_DATA,8.4353,89.6856,nan,8.4353,89.6856,nan
2026-06-02 14:38:53.743,BASELINE,NEW_DATA,8.4409,89.8290,nan,8.4409,89.8290,nan
2026-06-02 14:38:53.763,BASELINE,NEW_DATA,8.4416,89.8290,nan,8.4416,89.8290,nan
2026-06-02 14:38:53.784,BASELINE,NEW_DATA,8.4423,89.8290,nan,8.4423,89.8290,nan
2026-06-02 14:38:53.804,BASELINE,NEW_DATA,8.4409,89.8290,nan,8.4409,89.8290,nan
2026-06-02 14:38:53.824,BASELINE,NEW_DATA,8.4364,89.8290,nan,8.4364,89.8290,nan
2026-06-02 14:38:53.845,BASELINE,NEW_DATA,8.4402,89.8290,nan,8.4402,89.8290,nan
2026-06-02 14:38:53.865,BASELINE,NEW_DATA,8.4513,89.8290,nan,8.4513,89.8290,nan
2026-06-02 14:38:53.886,BASELINE,NEW_DATA,8.4485,89.8290,nan,8.4485,89.8290,nan
2026-06-02 14:38:53.907,BASELINE,NEW_DATA,8.4364,89.8290,nan,8.4364,89.8290,nan
2026-06-02 14:38:53.928,BASELINE,NEW_DATA,8.4461,89.8290,nan,8.4461,89.8290,nan
2026-06-02 14:38:53.949,BASELINE,NEW_DATA,8.4423,89.8290,nan,8.4423,89.8290,nan
2026-06-02 14:38:53.969,BASELINE,NEW_DATA,8.4464,89.8290,nan,8.4464,89.8290,nan
2026-06-02 14:38:53.990,BASELINE,NEW_DATA,8.4447,89.8290,nan,8.4447,89.8290,nan
2026-06-02 14:38:54.010,BASELINE,NEW_DATA,8.4430,89.8290,nan,8.4430,89.8290,nan
2026-06-02 14:38:54.031,BASELINE,NEW_DATA,8.4492,89.8290,nan,8.4492,89.8290,nan
2026-06-02 14:38:54.052,BASELINE,NEW_DATA,8.4502,89.8290,nan,8.4502,89.8290,nan
2026-06-02 14:38:54.072,BASELINE,NEW_DATA,8.4509,89.8290,nan,8.4509,89.8290,nan
2026-06-02 14:38:54.094,BASELINE,NEW_DATA,8.4537,89.8290,nan,8.4537,89.8290,nan
2026-06-02 14:38:54.115,BASELINE,NEW_DATA,8.4492,89.8290,nan,8.4492,89.8290,nan
2026-06-02 14:38:54.135,BASELINE,NEW_DATA,8.4513,89.8290,nan,8.4513,89.8290,nan
2026-06-02 14:38:54.156,BASELINE,NEW_DATA,8.4523,89.8290,nan,8.4523,89.8290,nan
2026-06-02 14:38:54.176,BASELINE,NEW_DATA,8.4454,89.8290,nan,8.4454,89.8290,nan
2026-06-02 14:38:54.198,BASELINE,NEW_DATA,8.4496,89.8290,nan,8.4496,89.8290,nan
2026-06-02 14:38:54.223,BASELINE,NEW_DATA,8.4482,89.8290,nan,8.4482,89.8290,nan
2026-06-02 14:38:54.238,BASELINE,NEW_DATA,8.4464,90.1049,nan,8.4464,90.1049,nan
2026-06-02 14:38:54.258,BASELINE,NEW_DATA,8.4468,90.1049,nan,8.4468,90.1049,nan
2026-06-02 14:38:54.279,BASELINE,NEW_DATA,8.4464,90.1049,nan,8.4464,90.1049,nan
2026-06-02 14:38:54.300,BASELINE,NEW_DATA,8.4450,90.1049,nan,8.4450,90.1049,nan
2026-06-02 14:38:54.321,BASELINE,NEW_DATA,8.4426,90.1049,nan,8.4426,90.1049,nan
2026-06-02 14:38:54.342,BASELINE,NEW_DATA,8.4385,90.1049,nan,8.4385,90.1049,nan
2026-06-02 14:38:54.363,BASELINE,NEW_DATA,8.4485,90.1049,nan,8.4485,90.1049,nan
2026-06-02 14:38:54.383,BASELINE,NEW_DATA,8.4388,90.1049,nan,8.4388,90.1049,nan
2026-06-02 14:38:54.403,BASELINE,NEW_DATA,8.4412,90.1049,nan,8.4412,90.1049,nan
2026-06-02 14:38:54.424,BASELINE,NEW_DATA,8.4388,90.1049,nan,8.4388,90.1049,nan
2026-06-02 14:38:54.445,BASELINE,NEW_DATA,8.4360,90.1049,nan,8.4360,90.1049,nan
2026-06-02 14:38:54.465,BASELINE,NEW_DATA,8.4312,90.1049,nan,8.4312,90.1049,nan
2026-06-02 14:38:54.486,BASELINE,NEW_DATA,8.4308,90.1049,nan,8.4308,90.1049,nan
2026-06-02 14:38:54.506,BASELINE,NEW_DATA,8.4364,90.1049,nan,8.4364,90.1049,nan
2026-06-02 14:38:54.527,BASELINE,NEW_DATA,8.4256,90.1049,nan,8.4256,90.1049,nan
2026-06-02 14:38:54.548,BASELINE,NEW_DATA,8.4204,90.1049,nan,8.4204,90.1049,nan
2026-06-02 14:38:54.569,BASELINE,NEW_DATA,8.4131,90.1049,nan,8.4131,90.1049,nan
2026-06-02 14:38:54.590,BASELINE,NEW_DATA,8.4097,90.1049,nan,8.4097,90.1049,nan
2026-06-02 14:38:54.609,BASELINE,NEW_DATA,8.4083,90.1049,nan,8.4083,90.1049,nan
2026-06-02 14:38:54.629,BASELINE,NEW_DATA,8.3920,90.1049,nan,8.3920,90.1049,nan
2026-06-02 14:38:54.650,BASELINE,NEW_DATA,8.3937,90.1049,nan,8.3937,90.1049,nan
2026-06-02 14:38:54.670,BASELINE,NEW_DATA,8.3892,90.1049,nan,8.3892,90.1049,nan
2026-06-02 14:38:54.690,BASELINE,NEW_DATA,8.3823,90.1049,nan,8.3823,90.1049,nan
2026-06-02 14:38:54.711,BASELINE,NEW_DATA,8.3774,90.1049,nan,8.3774,90.1049,nan
2026-06-02 14:38:54.734,BASELINE,NEW_DATA,8.3743,90.1596,nan,8.3743,90.1596,nan
2026-06-02 14:38:54.752,BASELINE,NEW_DATA,8.3688,90.1596,nan,8.3688,90.1596,nan
2026-06-02 14:38:54.774,BASELINE,NEW_DATA,8.3653,90.1596,nan,8.3653,90.1596,nan
2026-06-02 14:38:54.794,BASELINE,NEW_DATA,8.3597,90.1596,nan,8.3597,90.1596,nan
2026-06-02 14:38:54.816,BASELINE,NEW_DATA,8.3570,90.1596,nan,8.3570,90.1596,nan
2026-06-02 14:38:54.836,BASELINE,NEW_DATA,8.3556,90.1596,nan,8.3556,90.1596,nan
2026-06-02 14:38:54.857,BASELINE,NEW_DATA,8.3476,90.1596,nan,8.3476,90.1596,nan
2026-06-02 14:38:54.878,BASELINE,NEW_DATA,8.3476,90.1596,nan,8.3476,90.1596,nan
2026-06-02 14:38:54.898,BASELINE,NEW_DATA,8.3476,90.1596,nan,8.3476,90.1596,nan
2026-06-02 14:38:54.919,BASELINE,NEW_DATA,8.3417,90.1596,nan,8.3417,90.1596,nan
2026-06-02 14:38:54.941,BASELINE,NEW_DATA,8.3441,90.1596,nan,8.3441,90.1596,nan
2026-06-02 14:38:54.961,BASELINE,NEW_DATA,8.3410,90.1596,nan,8.3410,90.1596,nan
2026-06-02 14:38:54.982,BASELINE,NEW_DATA,8.3365,90.1596,nan,8.3365,90.1596,nan
2026-06-02 14:38:55.002,BASELINE,NEW_DATA,8.3365,90.1596,nan,8.3365,90.1596,nan
2026-06-02 14:38:55.024,BASELINE,NEW_DATA,8.3285,90.1596,nan,8.3285,90.1596,nan
2026-06-02 14:38:55.044,BASELINE,NEW_DATA,8.3320,90.1596,nan,8.3320,90.1596,nan
2026-06-02 14:38:55.064,BASELINE,NEW_DATA,8.3327,90.1596,nan,8.3327,90.1596,nan
2026-06-02 14:38:55.084,BASELINE,NEW_DATA,8.3271,90.1596,nan,8.3271,90.1596,nan
2026-06-02 14:38:55.106,BASELINE,NEW_DATA,8.3223,90.1596,nan,8.3223,90.1596,nan
2026-06-02 14:38:55.125,BASELINE,NEW_DATA,8.3209,90.1596,nan,8.3209,90.1596,nan
2026-06-02 14:38:55.146,BASELINE,NEW_DATA,8.3112,90.1596,nan,8.3112,90.1596,nan
2026-06-02 14:38:55.166,BASELINE,NEW_DATA,8.3112,90.1596,nan,8.3112,90.1596,nan
2026-06-02 14:38:55.186,BASELINE,NEW_DATA,8.3223,90.1596,nan,8.3223,90.1596,nan
2026-06-02 14:38:55.207,BASELINE,NEW_DATA,8.3164,90.1596,nan,8.3164,90.1596,nan
2026-06-02 14:38:55.227,BASELINE,NEW_DATA,8.3049,90.1596,nan,8.3049,90.1596,nan
2026-06-02 14:38:55.252,BASELINE,NEW_DATA,8.2987,90.1596,nan,8.2987,90.1596,nan
2026-06-02 14:38:55.269,BASELINE,NEW_DATA,8.2966,90.1596,nan,8.2966,90.1596,nan
2026-06-02 14:38:55.290,BASELINE,NEW_DATA,8.2935,90.1596,nan,8.2935,90.1596,nan
2026-06-02 14:38:55.311,BASELINE,NEW_DATA,8.2886,90.1596,nan,8.2886,90.1596,nan
2026-06-02 14:38:55.331,BASELINE,NEW_DATA,8.2814,90.1596,nan,8.2814,90.1596,nan
2026-06-02 14:38:55.352,BASELINE,NEW_DATA,8.2852,90.1596,nan,8.2852,90.1596,nan
2026-06-02 14:38:55.374,BASELINE,NEW_DATA,8.2765,90.1596,nan,8.2765,90.1596,nan
2026-06-02 14:38:55.395,BASELINE,NEW_DATA,8.2786,90.1596,nan,8.2786,90.1596,nan
2026-06-02 14:38:55.415,BASELINE,NEW_DATA,8.2789,90.1596,nan,8.2789,90.1596,nan
2026-06-02 14:38:55.435,BASELINE,NEW_DATA,8.2755,90.1596,nan,8.2755,90.1596,nan
2026-06-02 14:38:55.457,BASELINE,NEW_DATA,8.2734,90.1596,nan,8.2734,90.1596,nan
2026-06-02 14:38:55.477,BASELINE,NEW_DATA,8.2664,90.1596,nan,8.2664,90.1596,nan
2026-06-02 14:38:55.497,BASELINE,NEW_DATA,8.2696,90.1596,nan,8.2696,90.1596,nan
2026-06-02 14:38:55.519,BASELINE,NEW_DATA,8.2696,90.1596,nan,8.2696,90.1596,nan
2026-06-02 14:38:55.540,BASELINE,NEW_DATA,8.2623,90.1596,nan,8.2623,90.1596,nan
2026-06-02 14:38:55.561,BASELINE,NEW_DATA,8.2671,90.1596,nan,8.2671,90.1596,nan
2026-06-02 14:38:55.581,BASELINE,NEW_DATA,8.2671,90.1596,nan,8.2671,90.1596,nan
2026-06-02 14:38:55.601,BASELINE,NEW_DATA,8.2703,90.1596,nan,8.2703,90.1596,nan
2026-06-02 14:38:55.622,BASELINE,NEW_DATA,8.2661,90.1596,nan,8.2661,90.1596,nan
2026-06-02 14:38:55.642,BASELINE,NEW_DATA,8.2619,90.1596,nan,8.2619,90.1596,nan
2026-06-02 14:38:55.662,BASELINE,NEW_DATA,8.2730,90.1596,nan,8.2730,90.1596,nan
2026-06-02 14:38:55.683,BASELINE,NEW_DATA,8.2755,90.1596,nan,8.2755,90.1596,nan
2026-06-02 14:38:55.704,BASELINE,NEW_DATA,8.2769,90.1596,nan,8.2769,90.1596,nan
2026-06-02 14:38:55.724,BASELINE,NEW_DATA,8.2786,90.1596,nan,8.2786,90.1596,nan
2026-06-02 14:38:55.745,BASELINE,NEW_DATA,8.2762,90.2799,nan,8.2762,90.2799,nan
2026-06-02 14:38:55.769,BASELINE,NEW_DATA,8.2821,90.2799,nan,8.2821,90.2799,nan
2026-06-02 14:38:55.787,BASELINE,NEW_DATA,8.2845,90.2799,nan,8.2845,90.2799,nan
2026-06-02 14:38:55.807,BASELINE,NEW_DATA,8.2800,90.2799,nan,8.2800,90.2799,nan
2026-06-02 14:38:55.828,BASELINE,NEW_DATA,8.2893,90.2799,nan,8.2893,90.2799,nan
2026-06-02 14:38:55.849,BASELINE,NEW_DATA,8.2963,90.2799,nan,8.2963,90.2799,nan
2026-06-02 14:38:55.869,BASELINE,NEW_DATA,8.2990,90.2799,nan,8.2990,90.2799,nan
2026-06-02 14:38:55.890,BASELINE,NEW_DATA,8.2862,90.2799,nan,8.2862,90.2799,nan
2026-06-02 14:38:55.911,BASELINE,NEW_DATA,8.2904,90.2799,nan,8.2904,90.2799,nan
2026-06-02 14:38:55.932,BASELINE,NEW_DATA,8.2918,90.2799,nan,8.2918,90.2799,nan
2026-06-02 14:38:55.952,BASELINE,NEW_DATA,8.2873,90.2799,nan,8.2873,90.2799,nan
2026-06-02 14:38:55.973,BASELINE,NEW_DATA,8.2897,90.2799,nan,8.2897,90.2799,nan
2026-06-02 14:38:55.993,BASELINE,NEW_DATA,8.2994,90.2799,nan,8.2994,90.2799,nan
2026-06-02 14:38:56.013,BASELINE,NEW_DATA,8.3032,90.2799,nan,8.3032,90.2799,nan
2026-06-02 14:38:56.034,BASELINE,NEW_DATA,8.3049,90.2799,nan,8.3049,90.2799,nan
2026-06-02 14:38:56.054,BASELINE,NEW_DATA,8.3084,90.2799,nan,8.3084,90.2799,nan
2026-06-02 14:38:56.074,BASELINE,NEW_DATA,8.3105,90.2799,nan,8.3105,90.2799,nan
2026-06-02 14:38:56.095,BASELINE,NEW_DATA,8.3178,90.2799,nan,8.3178,90.2799,nan
2026-06-02 14:38:56.117,BASELINE,NEW_DATA,8.3230,90.2799,nan,8.3230,90.2799,nan
2026-06-02 14:38:56.137,BASELINE,NEW_DATA,8.3195,90.2799,nan,8.3195,90.2799,nan
2026-06-02 14:38:56.157,BASELINE,NEW_DATA,8.3275,90.2799,nan,8.3275,90.2799,nan
2026-06-02 14:38:56.179,BASELINE,NEW_DATA,8.3264,90.2799,nan,8.3264,90.2799,nan
2026-06-02 14:38:56.199,BASELINE,NEW_DATA,8.3278,90.2799,nan,8.3278,90.2799,nan
2026-06-02 14:38:56.219,BASELINE,NEW_DATA,8.3285,90.2799,nan,8.3285,90.2799,nan
2026-06-02 14:38:56.240,BASELINE,NEW_DATA,8.3348,90.2887,nan,8.3348,90.2887,nan
2026-06-02 14:38:56.261,BASELINE,NEW_DATA,8.3323,90.2887,nan,8.3323,90.2887,nan
2026-06-02 14:38:56.283,BASELINE,NEW_DATA,8.3299,90.2887,nan,8.3299,90.2887,nan
2026-06-02 14:38:56.301,BASELINE,NEW_DATA,8.3351,90.2887,nan,8.3351,90.2887,nan
2026-06-02 14:38:56.323,BASELINE,NEW_DATA,8.3355,90.2887,nan,8.3355,90.2887,nan
2026-06-02 14:38:56.342,BASELINE,NEW_DATA,8.3368,90.2887,nan,8.3368,90.2887,nan
2026-06-02 14:38:56.362,BASELINE,NEW_DATA,8.3400,90.2887,nan,8.3400,90.2887,nan
2026-06-02 14:38:56.383,BASELINE,NEW_DATA,8.3393,90.2887,nan,8.3393,90.2887,nan
2026-06-02 14:38:56.403,BASELINE,NEW_DATA,8.3438,90.2887,nan,8.3438,90.2887,nan
2026-06-02 14:38:56.423,BASELINE,NEW_DATA,8.3434,90.2887,nan,8.3434,90.2887,nan
2026-06-02 14:38:56.444,BASELINE,NEW_DATA,8.3389,90.2887,nan,8.3389,90.2887,nan
2026-06-02 14:38:56.465,BASELINE,NEW_DATA,8.3389,90.2887,nan,8.3389,90.2887,nan
2026-06-02 14:38:56.485,BASELINE,NEW_DATA,8.3473,90.2887,nan,8.3473,90.2887,nan
2026-06-02 14:38:56.506,BASELINE,NEW_DATA,8.3393,90.2887,nan,8.3393,90.2887,nan
2026-06-02 14:38:56.527,BASELINE,NEW_DATA,8.3514,90.2887,nan,8.3514,90.2887,nan
2026-06-02 14:38:56.547,BASELINE,NEW_DATA,8.3476,90.2887,nan,8.3476,90.2887,nan
2026-06-02 14:38:56.568,BASELINE,NEW_DATA,8.3438,90.2887,nan,8.3438,90.2887,nan
2026-06-02 14:38:56.589,BASELINE,NEW_DATA,8.3476,90.2887,nan,8.3476,90.2887,nan
2026-06-02 14:38:56.609,BASELINE,NEW_DATA,8.3476,90.2887,nan,8.3476,90.2887,nan
2026-06-02 14:38:56.629,BASELINE,NEW_DATA,8.3521,90.2887,nan,8.3521,90.2887,nan
2026-06-02 14:38:56.650,BASELINE,NEW_DATA,8.3476,90.2887,nan,8.3476,90.2887,nan
2026-06-02 14:38:56.670,BASELINE,NEW_DATA,8.3535,90.2887,nan,8.3535,90.2887,nan
2026-06-02 14:38:56.690,BASELINE,NEW_DATA,8.3542,90.2887,nan,8.3542,90.2887,nan
2026-06-02 14:38:56.711,BASELINE,NEW_DATA,8.3549,90.2887,nan,8.3549,90.2887,nan
2026-06-02 14:38:56.731,BASELINE,NEW_DATA,8.3577,90.2887,nan,8.3577,90.2887,nan
2026-06-02 14:38:56.752,BASELINE,NEW_DATA,8.3590,90.2887,nan,8.3590,90.2887,nan
2026-06-02 14:38:56.772,BASELINE,NEW_DATA,8.3611,90.2887,nan,8.3611,90.2887,nan
2026-06-02 14:38:56.796,BASELINE,NEW_DATA,8.3604,90.2887,nan,8.3604,90.2887,nan
2026-06-02 14:38:56.813,BASELINE,NEW_DATA,8.3559,90.2887,nan,8.3559,90.2887,nan
2026-06-02 14:38:56.833,BASELINE,NEW_DATA,8.3597,90.2887,nan,8.3597,90.2887,nan
2026-06-02 14:38:56.853,BASELINE,NEW_DATA,8.3570,90.2887,nan,8.3570,90.2887,nan
2026-06-02 14:38:56.873,BASELINE,NEW_DATA,8.3580,90.2887,nan,8.3580,90.2887,nan
2026-06-02 14:38:56.893,BASELINE,NEW_DATA,8.3597,90.2887,nan,8.3597,90.2887,nan
2026-06-02 14:38:56.914,BASELINE,NEW_DATA,8.3625,90.2887,nan,8.3625,90.2887,nan
2026-06-02 14:38:56.934,BASELINE,NEW_DATA,8.3618,90.2887,nan,8.3618,90.2887,nan
2026-06-02 14:38:56.955,BASELINE,NEW_DATA,8.3622,90.2887,nan,8.3622,90.2887,nan
2026-06-02 14:38:56.976,BASELINE,NEW_DATA,8.3632,90.2887,nan,8.3632,90.2887,nan
2026-06-02 14:38:56.997,BASELINE,NEW_DATA,8.3604,90.2887,nan,8.3604,90.2887,nan
2026-06-02 14:38:57.018,BASELINE,NEW_DATA,8.3587,90.2887,nan,8.3587,90.2887,nan
2026-06-02 14:38:57.039,BASELINE,NEW_DATA,8.3514,90.2887,nan,8.3514,90.2887,nan
2026-06-02 14:38:57.059,BASELINE,NEW_DATA,8.3535,90.2887,nan,8.3535,90.2887,nan
2026-06-02 14:38:57.080,BASELINE,NEW_DATA,8.3511,90.2887,nan,8.3511,90.2887,nan
2026-06-02 14:38:57.100,BASELINE,NEW_DATA,8.3535,90.2887,nan,8.3535,90.2887,nan
2026-06-02 14:38:57.120,BASELINE,NEW_DATA,8.3518,90.2887,nan,8.3518,90.2887,nan
2026-06-02 14:38:57.141,BASELINE,NEW_DATA,8.3507,90.2887,nan,8.3507,90.2887,nan
2026-06-02 14:38:57.161,BASELINE,NEW_DATA,8.3473,90.2887,nan,8.3473,90.2887,nan
2026-06-02 14:38:57.182,BASELINE,NEW_DATA,8.3441,90.2887,nan,8.3441,90.2887,nan
2026-06-02 14:38:57.202,BASELINE,NEW_DATA,8.3410,90.2887,nan,8.3410,90.2887,nan
2026-06-02 14:38:57.222,BASELINE,NEW_DATA,8.3525,90.2887,nan,8.3525,90.2887,nan
2026-06-02 14:38:57.243,BASELINE,NEW_DATA,8.3476,90.2273,nan,8.3476,90.2273,nan
2026-06-02 14:38:57.264,BASELINE,NEW_DATA,8.3400,90.2273,nan,8.3400,90.2273,nan
2026-06-02 14:38:57.284,BASELINE,NEW_DATA,8.3414,90.2273,nan,8.3414,90.2273,nan
2026-06-02 14:38:57.310,BASELINE,NEW_DATA,8.3427,90.2273,nan,8.3427,90.2273,nan
2026-06-02 14:38:57.326,BASELINE,NEW_DATA,8.3473,90.2273,nan,8.3473,90.2273,nan
2026-06-02 14:38:57.347,BASELINE,NEW_DATA,8.3476,90.2273,nan,8.3476,90.2273,nan
2026-06-02 14:38:57.367,BASELINE,NEW_DATA,8.3531,90.2273,nan,8.3531,90.2273,nan
2026-06-02 14:38:57.388,BASELINE,NEW_DATA,8.3507,90.2273,nan,8.3507,90.2273,nan
2026-06-02 14:38:57.409,BASELINE,NEW_DATA,8.3552,90.2273,nan,8.3552,90.2273,nan
2026-06-02 14:38:57.429,BASELINE,NEW_DATA,8.3538,90.2273,nan,8.3538,90.2273,nan
2026-06-02 14:38:57.449,BASELINE,NEW_DATA,8.3618,90.2273,nan,8.3618,90.2273,nan
2026-06-02 14:38:57.469,BASELINE,NEW_DATA,8.3583,90.2273,nan,8.3583,90.2273,nan
2026-06-02 14:38:57.490,BASELINE,NEW_DATA,8.3625,90.2273,nan,8.3625,90.2273,nan
2026-06-02 14:38:57.510,BASELINE,NEW_DATA,8.3649,90.2273,nan,8.3649,90.2273,nan
2026-06-02 14:38:57.531,BASELINE,NEW_DATA,8.3632,90.2273,nan,8.3632,90.2273,nan
2026-06-02 14:38:57.551,BASELINE,NEW_DATA,8.3611,90.2273,nan,8.3611,90.2273,nan
2026-06-02 14:38:57.573,BASELINE,NEW_DATA,8.3636,90.2273,nan,8.3636,90.2273,nan
2026-06-02 14:38:57.593,BASELINE,NEW_DATA,8.3629,90.2273,nan,8.3629,90.2273,nan
2026-06-02 14:38:57.613,BASELINE,NEW_DATA,8.3660,90.2273,nan,8.3660,90.2273,nan
2026-06-02 14:38:57.634,BASELINE,NEW_DATA,8.3594,90.2273,nan,8.3594,90.2273,nan
2026-06-02 14:38:57.655,BASELINE,NEW_DATA,8.3632,90.2273,nan,8.3632,90.2273,nan
2026-06-02 14:38:57.675,BASELINE,NEW_DATA,8.3660,90.2273,nan,8.3660,90.2273,nan
2026-06-02 14:38:57.695,BASELINE,NEW_DATA,8.3684,90.2273,nan,8.3684,90.2273,nan
2026-06-02 14:38:57.716,BASELINE,NEW_DATA,8.3688,90.2273,nan,8.3688,90.2273,nan
2026-06-02 14:38:57.736,BASELINE,NEW_DATA,8.3753,90.1738,nan,8.3753,90.1738,nan
2026-06-02 14:38:57.757,BASELINE,NEW_DATA,8.3691,90.1738,nan,8.3691,90.1738,nan
2026-06-02 14:38:57.777,BASELINE,NEW_DATA,8.3771,90.1738,nan,8.3771,90.1738,nan
2026-06-02 14:38:57.799,BASELINE,NEW_DATA,8.3774,90.1738,nan,8.3774,90.1738,nan
2026-06-02 14:38:57.825,BASELINE,NEW_DATA,8.3750,90.1738,nan,8.3750,90.1738,nan
2026-06-02 14:38:57.841,BASELINE,NEW_DATA,8.3750,90.1738,nan,8.3750,90.1738,nan
2026-06-02 14:38:57.862,BASELINE,NEW_DATA,8.3795,90.1738,nan,8.3795,90.1738,nan
2026-06-02 14:38:57.882,BASELINE,NEW_DATA,8.3792,90.1738,nan,8.3792,90.1738,nan
2026-06-02 14:38:57.905,BASELINE,NEW_DATA,8.3854,90.1738,nan,8.3854,90.1738,nan
2026-06-02 14:38:57.925,BASELINE,NEW_DATA,8.3868,90.1738,nan,8.3868,90.1738,nan
2026-06-02 14:38:57.946,BASELINE,NEW_DATA,8.3771,90.1738,nan,8.3771,90.1738,nan
2026-06-02 14:38:57.966,BASELINE,NEW_DATA,8.3844,90.1738,nan,8.3844,90.1738,nan
2026-06-02 14:38:57.986,BASELINE,NEW_DATA,8.3854,90.1738,nan,8.3854,90.1738,nan
2026-06-02 14:38:58.007,BASELINE,NEW_DATA,8.3844,90.1738,nan,8.3844,90.1738,nan
2026-06-02 14:38:58.027,BASELINE,NEW_DATA,8.3826,90.1738,nan,8.3826,90.1738,nan
2026-06-02 14:38:58.048,BASELINE,NEW_DATA,8.3847,90.1738,nan,8.3847,90.1738,nan
2026-06-02 14:38:58.069,BASELINE,NEW_DATA,8.3837,90.1738,nan,8.3837,90.1738,nan
2026-06-02 14:38:58.089,BASELINE,NEW_DATA,8.3896,90.1738,nan,8.3896,90.1738,nan
2026-06-02 14:38:58.109,BASELINE,NEW_DATA,8.3916,90.1738,nan,8.3916,90.1738,nan
2026-06-02 14:38:58.130,BASELINE,NEW_DATA,8.3896,90.1738,nan,8.3896,90.1738,nan
2026-06-02 14:38:58.150,BASELINE,NEW_DATA,8.3882,90.1738,nan,8.3882,90.1738,nan
2026-06-02 14:38:58.172,BASELINE,NEW_DATA,8.3871,90.1738,nan,8.3871,90.1738,nan
2026-06-02 14:38:58.193,BASELINE,NEW_DATA,8.3903,90.1738,nan,8.3903,90.1738,nan
2026-06-02 14:38:58.213,BASELINE,NEW_DATA,8.3941,90.1738,nan,8.3941,90.1738,nan
2026-06-02 14:38:58.234,BASELINE,NEW_DATA,8.4000,90.0826,nan,8.4000,90.0826,nan
2026-06-02 14:38:58.255,BASELINE,NEW_DATA,8.4076,90.0826,nan,8.4076,90.0826,nan
2026-06-02 14:38:58.275,BASELINE,NEW_DATA,8.4128,90.0826,nan,8.4128,90.0826,nan
2026-06-02 14:38:58.296,BASELINE,NEW_DATA,8.4218,90.0826,nan,8.4218,90.0826,nan
2026-06-02 14:38:58.317,BASELINE,NEW_DATA,8.4412,90.0826,nan,8.4412,90.0826,nan
2026-06-02 14:38:58.343,BASELINE,NEW_DATA,8.4534,90.0826,nan,8.4534,90.0826,nan
2026-06-02 14:38:58.359,BASELINE,NEW_DATA,8.4728,90.0826,nan,8.4728,90.0826,nan
2026-06-02 14:38:58.379,BASELINE,NEW_DATA,8.4880,90.0826,nan,8.4880,90.0826,nan
2026-06-02 14:38:58.400,BASELINE,NEW_DATA,8.5016,90.0826,nan,8.5016,90.0826,nan
2026-06-02 14:38:58.422,BASELINE,NEW_DATA,8.5186,90.0826,nan,8.5186,90.0826,nan
2026-06-02 14:38:58.442,BASELINE,NEW_DATA,8.5328,90.0826,nan,8.5328,90.0826,nan
2026-06-02 14:38:58.462,BASELINE,NEW_DATA,8.5408,90.0826,nan,8.5408,90.0826,nan
2026-06-02 14:38:58.482,BASELINE,NEW_DATA,8.5532,90.0826,nan,8.5532,90.0826,nan
2026-06-02 14:38:58.502,BASELINE,NEW_DATA,8.5664,90.0826,nan,8.5664,90.0826,nan
2026-06-02 14:38:58.523,BASELINE,NEW_DATA,8.5689,90.0826,nan,8.5689,90.0826,nan
2026-06-02 14:38:58.544,BASELINE,NEW_DATA,8.5772,90.0826,nan,8.5772,90.0826,nan
2026-06-02 14:38:58.565,BASELINE,NEW_DATA,8.5872,90.0826,nan,8.5872,90.0826,nan
2026-06-02 14:38:58.585,BASELINE,NEW_DATA,8.5980,90.0826,nan,8.5980,90.0826,nan
2026-06-02 14:38:58.605,BASELINE,NEW_DATA,8.6125,90.0826,nan,8.6125,90.0826,nan
2026-06-02 14:38:58.625,BASELINE,NEW_DATA,8.5983,90.0826,nan,8.5983,90.0826,nan
2026-06-02 14:38:58.646,BASELINE,NEW_DATA,8.6087,90.0826,nan,8.6087,90.0826,nan
2026-06-02 14:38:58.666,BASELINE,NEW_DATA,8.6139,90.0826,nan,8.6139,90.0826,nan
2026-06-02 14:38:58.688,BASELINE,NEW_DATA,8.6139,90.0826,nan,8.6139,90.0826,nan
2026-06-02 14:38:58.708,BASELINE,NEW_DATA,8.6188,90.0826,nan,8.6188,90.0826,nan
2026-06-02 14:38:58.729,BASELINE,NEW_DATA,8.6223,90.0826,nan,8.6223,90.0826,nan
2026-06-02 14:38:58.750,BASELINE,NEW_DATA,8.6282,90.0826,nan,8.6282,90.0826,nan
2026-06-02 14:38:58.771,BASELINE,NEW_DATA,8.6372,90.0826,nan,8.6372,90.0826,nan
2026-06-02 14:38:58.790,BASELINE,NEW_DATA,8.6462,90.0826,nan,8.6462,90.0826,nan
2026-06-02 14:38:58.810,BASELINE,NEW_DATA,8.6552,90.0826,nan,8.6552,90.0826,nan
2026-06-02 14:38:58.830,BASELINE,NEW_DATA,8.6580,90.0826,nan,8.6580,90.0826,nan
2026-06-02 14:38:58.856,BASELINE,NEW_DATA,8.6632,90.0826,nan,8.6632,90.0826,nan
2026-06-02 14:38:58.871,BASELINE,NEW_DATA,8.6698,90.0826,nan,8.6698,90.0826,nan
2026-06-02 14:38:58.892,BASELINE,NEW_DATA,8.6739,90.0826,nan,8.6739,90.0826,nan
2026-06-02 14:38:58.913,BASELINE,NEW_DATA,8.6760,90.0826,nan,8.6760,90.0826,nan
2026-06-02 14:38:58.934,BASELINE,NEW_DATA,8.6802,90.0826,nan,8.6802,90.0826,nan
2026-06-02 14:38:58.954,BASELINE,NEW_DATA,8.6840,90.0826,nan,8.6840,90.0826,nan
2026-06-02 14:38:58.974,BASELINE,NEW_DATA,8.6923,90.0826,nan,8.6923,90.0826,nan
2026-06-02 14:38:58.995,BASELINE,NEW_DATA,8.6958,90.0826,nan,8.6958,90.0826,nan
2026-06-02 14:38:59.015,BASELINE,NEW_DATA,8.6965,90.0826,nan,8.6965,90.0826,nan
2026-06-02 14:38:59.036,BASELINE,NEW_DATA,8.7024,90.0826,nan,8.7024,90.0826,nan
2026-06-02 14:38:59.056,BASELINE,NEW_DATA,8.7072,90.0826,nan,8.7072,90.0826,nan
2026-06-02 14:38:59.077,BASELINE,NEW_DATA,8.7110,90.0826,nan,8.7110,90.0826,nan
2026-06-02 14:38:59.097,BASELINE,NEW_DATA,8.7121,90.0826,nan,8.7121,90.0826,nan
2026-06-02 14:38:59.118,BASELINE,NEW_DATA,8.7218,90.0826,nan,8.7218,90.0826,nan
2026-06-02 14:38:59.138,BASELINE,NEW_DATA,8.7249,90.0826,nan,8.7249,90.0826,nan
2026-06-02 14:38:59.159,BASELINE,NEW_DATA,8.7280,90.0826,nan,8.7280,90.0826,nan
2026-06-02 14:38:59.179,BASELINE,NEW_DATA,8.7315,90.0826,nan,8.7315,90.0826,nan
2026-06-02 14:38:59.199,BASELINE,NEW_DATA,8.7318,90.0826,nan,8.7318,90.0826,nan
2026-06-02 14:38:59.221,BASELINE,NEW_DATA,8.7284,90.0826,nan,8.7284,90.0826,nan
2026-06-02 14:38:59.240,BASELINE,NEW_DATA,8.7402,90.0367,nan,8.7402,90.0367,nan
2026-06-02 14:38:59.261,BASELINE,NEW_DATA,8.7405,90.0367,nan,8.7405,90.0367,nan
2026-06-02 14:38:59.282,BASELINE,NEW_DATA,8.7422,90.0367,nan,8.7422,90.0367,nan
2026-06-02 14:38:59.303,BASELINE,NEW_DATA,8.7377,90.0367,nan,8.7377,90.0367,nan
2026-06-02 14:38:59.323,BASELINE,NEW_DATA,8.7353,90.0367,nan,8.7353,90.0367,nan
2026-06-02 14:38:59.344,BASELINE,NEW_DATA,8.7370,90.0367,nan,8.7370,90.0367,nan
2026-06-02 14:38:59.366,BASELINE,NEW_DATA,8.7381,90.0367,nan,8.7381,90.0367,nan
2026-06-02 14:38:59.384,BASELINE,NEW_DATA,8.7350,90.0367,nan,8.7350,90.0367,nan
2026-06-02 14:38:59.405,BASELINE,NEW_DATA,8.7405,90.0367,nan,8.7405,90.0367,nan
2026-06-02 14:38:59.425,BASELINE,NEW_DATA,8.7419,90.0367,nan,8.7419,90.0367,nan
2026-06-02 14:38:59.446,BASELINE,NEW_DATA,8.7395,90.0367,nan,8.7395,90.0367,nan
2026-06-02 14:38:59.466,BASELINE,NEW_DATA,8.7488,90.0367,nan,8.7488,90.0367,nan
2026-06-02 14:38:59.487,BASELINE,NEW_DATA,8.7523,90.0367,nan,8.7523,90.0367,nan
2026-06-02 14:38:59.509,BASELINE,NEW_DATA,8.7530,90.0367,nan,8.7530,90.0367,nan
2026-06-02 14:38:59.529,BASELINE,NEW_DATA,8.7509,90.0367,nan,8.7509,90.0367,nan
2026-06-02 14:38:59.551,BASELINE,NEW_DATA,8.7554,90.0367,nan,8.7554,90.0367,nan
2026-06-02 14:38:59.571,BASELINE,NEW_DATA,8.7579,90.0367,nan,8.7579,90.0367,nan
2026-06-02 14:38:59.591,BASELINE,NEW_DATA,8.7579,90.0367,nan,8.7579,90.0367,nan
2026-06-02 14:38:59.611,BASELINE,NEW_DATA,8.7610,90.0367,nan,8.7610,90.0367,nan
2026-06-02 14:38:59.632,BASELINE,NEW_DATA,8.7603,90.0367,nan,8.7603,90.0367,nan
2026-06-02 14:38:59.653,BASELINE,NEW_DATA,8.7658,90.0367,nan,8.7658,90.0367,nan
2026-06-02 14:38:59.675,BASELINE,NEW_DATA,8.7707,90.0367,nan,8.7707,90.0367,nan
2026-06-02 14:38:59.695,BASELINE,NEW_DATA,8.7686,90.0367,nan,8.7686,90.0367,nan
2026-06-02 14:38:59.715,BASELINE,NEW_DATA,8.7731,90.0367,nan,8.7731,90.0367,nan
2026-06-02 14:38:59.735,BASELINE,NEW_DATA,8.7755,90.0269,nan,8.7755,90.0269,nan
2026-06-02 14:38:59.756,BASELINE,NEW_DATA,8.7748,90.0269,nan,8.7748,90.0269,nan
2026-06-02 14:38:59.777,BASELINE,NEW_DATA,8.7776,90.0269,nan,8.7776,90.0269,nan
2026-06-02 14:38:59.797,BASELINE,NEW_DATA,8.7766,90.0269,nan,8.7766,90.0269,nan
2026-06-02 14:38:59.817,BASELINE,NEW_DATA,8.7825,90.0269,nan,8.7825,90.0269,nan
2026-06-02 14:38:59.839,BASELINE,NEW_DATA,8.7828,90.0269,nan,8.7828,90.0269,nan
2026-06-02 14:38:59.859,BASELINE,NEW_DATA,8.7870,90.0269,nan,8.7870,90.0269,nan
2026-06-02 14:38:59.883,BASELINE,NEW_DATA,8.7932,90.0269,nan,8.7932,90.0269,nan
2026-06-02 14:38:59.900,BASELINE,NEW_DATA,8.8029,90.0269,nan,8.8029,90.0269,nan
2026-06-02 14:38:59.921,BASELINE,NEW_DATA,8.7905,90.0269,nan,8.7905,90.0269,nan
2026-06-02 14:38:59.941,BASELINE,NEW_DATA,8.7950,90.0269,nan,8.7950,90.0269,nan
2026-06-02 14:38:59.961,BASELINE,NEW_DATA,8.7953,90.0269,nan,8.7953,90.0269,nan
2026-06-02 14:38:59.982,BASELINE,NEW_DATA,8.8015,90.0269,nan,8.8015,90.0269,nan
2026-06-02 14:39:00.002,BASELINE,NEW_DATA,8.8033,90.0269,nan,8.8033,90.0269,nan
2026-06-02 14:39:00.023,BASELINE,NEW_DATA,8.8064,90.0269,nan,8.8064,90.0269,nan
2026-06-02 14:39:00.043,BASELINE,NEW_DATA,8.8071,90.0269,nan,8.8071,90.0269,nan
2026-06-02 14:39:00.064,BASELINE,NEW_DATA,8.8102,90.0269,nan,8.8102,90.0269,nan
2026-06-02 14:39:00.084,BASELINE,NEW_DATA,8.8154,90.0269,nan,8.8154,90.0269,nan
2026-06-02 14:39:00.106,BASELINE,NEW_DATA,8.8192,90.0269,nan,8.8192,90.0269,nan
2026-06-02 14:39:00.126,BASELINE,NEW_DATA,8.8210,90.0269,nan,8.8210,90.0269,nan
2026-06-02 14:39:00.147,BASELINE,NEW_DATA,8.8220,90.0269,nan,8.8220,90.0269,nan
2026-06-02 14:39:00.167,BASELINE,NEW_DATA,8.8262,90.0269,nan,8.8262,90.0269,nan
2026-06-02 14:39:00.187,BASELINE,NEW_DATA,8.8230,90.0269,nan,8.8230,90.0269,nan
2026-06-02 14:39:00.208,BASELINE,NEW_DATA,8.8296,90.0269,nan,8.8296,90.0269,nan
2026-06-02 14:39:00.228,BASELINE,NEW_DATA,8.8279,90.1354,nan,8.8279,90.1354,nan
2026-06-02 14:39:00.249,BASELINE,NEW_DATA,8.8345,90.1354,nan,8.8345,90.1354,nan
2026-06-02 14:39:00.270,BASELINE,NEW_DATA,8.8331,90.1354,nan,8.8331,90.1354,nan
2026-06-02 14:39:00.290,BASELINE,NEW_DATA,8.8341,90.1354,nan,8.8341,90.1354,nan
2026-06-02 14:39:00.311,BASELINE,NEW_DATA,8.8376,90.1354,nan,8.8376,90.1354,nan
2026-06-02 14:39:00.331,BASELINE,NEW_DATA,8.8425,90.1354,nan,8.8425,90.1354,nan
2026-06-02 14:39:00.351,BASELINE,NEW_DATA,8.8432,90.1354,nan,8.8432,90.1354,nan
2026-06-02 14:39:00.373,BASELINE,NEW_DATA,8.8456,90.1354,nan,8.8456,90.1354,nan
2026-06-02 14:39:00.396,BASELINE,NEW_DATA,8.8477,90.1354,nan,8.8477,90.1354,nan
2026-06-02 14:39:00.414,BASELINE,NEW_DATA,8.8470,90.1354,nan,8.8470,90.1354,nan
2026-06-02 14:39:00.435,BASELINE,NEW_DATA,8.8522,90.1354,nan,8.8522,90.1354,nan
2026-06-02 14:39:00.455,BASELINE,NEW_DATA,8.8487,90.1354,nan,8.8487,90.1354,nan
2026-06-02 14:39:00.476,BASELINE,NEW_DATA,8.8532,90.1354,nan,8.8532,90.1354,nan
2026-06-02 14:39:00.496,BASELINE,NEW_DATA,8.8640,90.1354,nan,8.8640,90.1354,nan
2026-06-02 14:39:00.517,BASELINE,NEW_DATA,8.8678,90.1354,nan,8.8678,90.1354,nan
2026-06-02 14:39:00.537,BASELINE,NEW_DATA,8.8640,90.1354,nan,8.8640,90.1354,nan
2026-06-02 14:39:00.558,BASELINE,NEW_DATA,8.8626,90.1354,nan,8.8626,90.1354,nan
2026-06-02 14:39:00.579,BASELINE,NEW_DATA,8.8643,90.1354,nan,8.8643,90.1354,nan
2026-06-02 14:39:00.600,BASELINE,NEW_DATA,8.8706,90.1354,nan,8.8706,90.1354,nan
2026-06-02 14:39:00.620,BASELINE,NEW_DATA,8.8681,90.1354,nan,8.8681,90.1354,nan
2026-06-02 14:39:00.640,BASELINE,NEW_DATA,8.8688,90.1354,nan,8.8688,90.1354,nan
2026-06-02 14:39:00.660,BASELINE,NEW_DATA,8.8709,90.1354,nan,8.8709,90.1354,nan
2026-06-02 14:39:00.681,BASELINE,NEW_DATA,8.8751,90.1354,nan,8.8751,90.1354,nan
2026-06-02 14:39:00.701,BASELINE,NEW_DATA,8.8765,90.1354,nan,8.8765,90.1354,nan
2026-06-02 14:39:00.721,BASELINE,NEW_DATA,8.8778,90.1354,nan,8.8778,90.1354,nan
2026-06-02 14:39:00.742,BASELINE,NEW_DATA,8.8803,90.0102,nan,8.8803,90.0102,nan
2026-06-02 14:39:00.763,BASELINE,NEW_DATA,8.8820,90.0102,nan,8.8820,90.0102,nan
2026-06-02 14:39:00.783,BASELINE,NEW_DATA,8.8827,90.0102,nan,8.8827,90.0102,nan
2026-06-02 14:39:00.803,BASELINE,NEW_DATA,8.8803,90.0102,nan,8.8803,90.0102,nan
2026-06-02 14:39:00.823,BASELINE,NEW_DATA,8.8879,90.0102,nan,8.8879,90.0102,nan
2026-06-02 14:39:00.844,BASELINE,NEW_DATA,8.8879,90.0102,nan,8.8879,90.0102,nan
2026-06-02 14:39:00.864,BASELINE,NEW_DATA,8.8896,90.0102,nan,8.8896,90.0102,nan
2026-06-02 14:39:00.885,BASELINE,NEW_DATA,8.8917,90.0102,nan,8.8917,90.0102,nan
2026-06-02 14:39:00.909,BASELINE,NEW_DATA,8.8917,90.0102,nan,8.8917,90.0102,nan
2026-06-02 14:39:00.926,BASELINE,NEW_DATA,8.8969,90.0102,nan,8.8969,90.0102,nan
2026-06-02 14:39:00.947,BASELINE,NEW_DATA,8.8962,90.0102,nan,8.8962,90.0102,nan
2026-06-02 14:39:00.967,BASELINE,NEW_DATA,8.8993,90.0102,nan,8.8993,90.0102,nan
2026-06-02 14:39:00.987,BASELINE,NEW_DATA,8.9042,90.0102,nan,8.9042,90.0102,nan
2026-06-02 14:39:01.009,BASELINE,NEW_DATA,8.9025,90.0102,nan,8.9025,90.0102,nan
2026-06-02 14:39:01.030,BASELINE,NEW_DATA,8.9045,90.0102,nan,8.9045,90.0102,nan
2026-06-02 14:39:01.050,BASELINE,NEW_DATA,8.9045,90.0102,nan,8.9045,90.0102,nan
2026-06-02 14:39:01.071,BASELINE,NEW_DATA,8.9056,90.0102,nan,8.9056,90.0102,nan
2026-06-02 14:39:01.090,BASELINE,NEW_DATA,8.9077,90.0102,nan,8.9077,90.0102,nan
2026-06-02 14:39:01.111,BASELINE,NEW_DATA,8.9063,90.0102,nan,8.9063,90.0102,nan
2026-06-02 14:39:01.131,BASELINE,NEW_DATA,8.9191,90.0102,nan,8.9191,90.0102,nan
2026-06-02 14:39:01.151,BASELINE,NEW_DATA,8.9181,90.0102,nan,8.9181,90.0102,nan
2026-06-02 14:39:01.172,BASELINE,NEW_DATA,8.9226,90.0102,nan,8.9226,90.0102,nan
2026-06-02 14:39:01.192,BASELINE,NEW_DATA,8.9257,90.0102,nan,8.9257,90.0102,nan
2026-06-02 14:39:01.213,BASELINE,NEW_DATA,8.9257,90.0102,nan,8.9257,90.0102,nan
2026-06-02 14:39:01.233,BASELINE,NEW_DATA,8.9347,90.0102,nan,8.9347,90.0102,nan
2026-06-02 14:39:01.254,BASELINE,NEW_DATA,8.9413,90.0102,nan,8.9413,90.0102,nan
2026-06-02 14:39:01.274,BASELINE,NEW_DATA,8.9420,90.0102,nan,8.9420,90.0102,nan
2026-06-02 14:39:01.294,BASELINE,NEW_DATA,8.9465,90.0102,nan,8.9465,90.0102,nan
2026-06-02 14:39:01.315,BASELINE,NEW_DATA,8.9524,90.0102,nan,8.9524,90.0102,nan
2026-06-02 14:39:01.337,BASELINE,NEW_DATA,8.9521,90.0102,nan,8.9521,90.0102,nan
2026-06-02 14:39:01.357,BASELINE,NEW_DATA,8.9517,90.0102,nan,8.9517,90.0102,nan
2026-06-02 14:39:01.377,BASELINE,NEW_DATA,8.9507,90.0102,nan,8.9507,90.0102,nan
2026-06-02 14:39:01.398,BASELINE,NEW_DATA,8.9534,90.0102,nan,8.9534,90.0102,nan
2026-06-02 14:39:01.425,BASELINE,NEW_DATA,8.9514,90.0102,nan,8.9514,90.0102,nan
2026-06-02 14:39:01.438,BASELINE,NEW_DATA,8.9548,90.0102,nan,8.9548,90.0102,nan
2026-06-02 14:39:01.459,BASELINE,NEW_DATA,8.9569,90.0102,nan,8.9569,90.0102,nan
2026-06-02 14:39:01.479,BASELINE,NEW_DATA,8.9569,90.0102,nan,8.9569,90.0102,nan
2026-06-02 14:39:01.499,BASELINE,NEW_DATA,8.9614,90.0102,nan,8.9614,90.0102,nan
2026-06-02 14:39:01.520,BASELINE,NEW_DATA,8.9586,90.0102,nan,8.9586,90.0102,nan
2026-06-02 14:39:01.541,BASELINE,NEW_DATA,8.9625,90.0102,nan,8.9625,90.0102,nan
2026-06-02 14:39:01.562,BASELINE,NEW_DATA,8.9656,90.0102,nan,8.9656,90.0102,nan
2026-06-02 14:39:01.582,BASELINE,NEW_DATA,8.9690,90.0102,nan,8.9690,90.0102,nan
2026-06-02 14:39:01.603,BASELINE,NEW_DATA,8.9763,90.0102,nan,8.9763,90.0102,nan
2026-06-02 14:39:01.623,BASELINE,NEW_DATA,8.9781,90.0102,nan,8.9781,90.0102,nan
2026-06-02 14:39:01.643,BASELINE,NEW_DATA,8.9729,90.0102,nan,8.9729,90.0102,nan
2026-06-02 14:39:01.663,BASELINE,NEW_DATA,8.9742,90.0102,nan,8.9742,90.0102,nan
2026-06-02 14:39:01.684,BASELINE,NEW_DATA,8.9791,90.0102,nan,8.9791,90.0102,nan
2026-06-02 14:39:01.705,BASELINE,NEW_DATA,8.9798,90.0102,nan,8.9798,90.0102,nan
2026-06-02 14:39:01.725,BASELINE,NEW_DATA,8.9860,90.0102,nan,8.9860,90.0102,nan
2026-06-02 14:39:01.746,BASELINE,NEW_DATA,8.9985,90.2034,nan,8.9985,90.2034,nan
2026-06-02 14:39:01.766,BASELINE,NEW_DATA,8.9985,90.2034,nan,8.9985,90.2034,nan
2026-06-02 14:39:01.786,BASELINE,NEW_DATA,8.9964,90.2034,nan,8.9964,90.2034,nan
2026-06-02 14:39:01.809,BASELINE,NEW_DATA,9.0051,90.2034,nan,9.0051,90.2034,nan
2026-06-02 14:39:01.828,BASELINE,NEW_DATA,9.0041,90.2034,nan,9.0041,90.2034,nan
2026-06-02 14:39:01.849,BASELINE,NEW_DATA,9.0062,90.2034,nan,9.0062,90.2034,nan
2026-06-02 14:39:01.869,BASELINE,NEW_DATA,9.0107,90.2034,nan,9.0107,90.2034,nan
2026-06-02 14:39:01.891,BASELINE,NEW_DATA,9.0127,90.2034,nan,9.0127,90.2034,nan
2026-06-02 14:39:01.911,BASELINE,NEW_DATA,9.0190,90.2034,nan,9.0190,90.2034,nan
2026-06-02 14:39:01.938,BASELINE,NEW_DATA,9.0207,90.2034,nan,9.0207,90.2034,nan
2026-06-02 14:39:01.954,BASELINE,NEW_DATA,9.0197,90.2034,nan,9.0197,90.2034,nan
2026-06-02 14:39:01.974,BASELINE,NEW_DATA,9.0280,90.2034,nan,9.0280,90.2034,nan
2026-06-02 14:39:01.994,BASELINE,NEW_DATA,9.0214,90.2034,nan,9.0214,90.2034,nan
2026-06-02 14:39:02.015,BASELINE,NEW_DATA,9.0218,90.2034,nan,9.0218,90.2034,nan
2026-06-02 14:39:02.035,BASELINE,NEW_DATA,9.0249,90.2034,nan,9.0249,90.2034,nan
2026-06-02 14:39:02.056,BASELINE,NEW_DATA,9.0200,90.2034,nan,9.0200,90.2034,nan
2026-06-02 14:39:02.077,BASELINE,NEW_DATA,9.0235,90.2034,nan,9.0235,90.2034,nan
2026-06-02 14:39:02.098,BASELINE,NEW_DATA,9.0252,90.2034,nan,9.0252,90.2034,nan
2026-06-02 14:39:02.120,BASELINE,NEW_DATA,9.0245,90.2034,nan,9.0245,90.2034,nan
2026-06-02 14:39:02.141,BASELINE,NEW_DATA,9.0280,90.2034,nan,9.0280,90.2034,nan
2026-06-02 14:39:02.161,BASELINE,NEW_DATA,9.0277,90.2034,nan,9.0277,90.2034,nan
2026-06-02 14:39:02.182,BASELINE,NEW_DATA,9.0325,90.2034,nan,9.0325,90.2034,nan
2026-06-02 14:39:02.202,BASELINE,NEW_DATA,9.0332,90.2034,nan,9.0332,90.2034,nan
2026-06-02 14:39:02.223,BASELINE,NEW_DATA,9.0412,90.2034,nan,9.0412,90.2034,nan
2026-06-02 14:39:02.243,BASELINE,NEW_DATA,9.0405,90.2925,nan,9.0405,90.2925,nan
2026-06-02 14:39:02.263,BASELINE,NEW_DATA,9.0433,90.2925,nan,9.0433,90.2925,nan
2026-06-02 14:39:02.284,BASELINE,NEW_DATA,9.0429,90.2925,nan,9.0429,90.2925,nan
2026-06-02 14:39:02.304,BASELINE,NEW_DATA,9.0464,90.2925,nan,9.0464,90.2925,nan
2026-06-02 14:39:02.324,BASELINE,NEW_DATA,9.0530,90.2925,nan,9.0530,90.2925,nan
2026-06-02 14:39:02.345,BASELINE,NEW_DATA,9.0682,90.2925,nan,9.0682,90.2925,nan
2026-06-02 14:39:02.366,BASELINE,NEW_DATA,9.0578,90.2925,nan,9.0578,90.2925,nan
2026-06-02 14:39:02.387,BASELINE,NEW_DATA,9.0578,90.2925,nan,9.0578,90.2925,nan
2026-06-02 14:39:02.407,BASELINE,NEW_DATA,9.0578,90.2925,nan,9.0578,90.2925,nan
2026-06-02 14:39:02.427,BASELINE,NEW_DATA,9.0606,90.2925,nan,9.0606,90.2925,nan
2026-06-02 14:39:02.452,BASELINE,NEW_DATA,9.0655,90.2925,nan,9.0655,90.2925,nan
2026-06-02 14:39:02.471,BASELINE,NEW_DATA,9.0686,90.2925,nan,9.0686,90.2925,nan
2026-06-02 14:39:02.490,BASELINE,NEW_DATA,9.0675,90.2925,nan,9.0675,90.2925,nan
2026-06-02 14:39:02.511,BASELINE,NEW_DATA,9.0707,90.2925,nan,9.0707,90.2925,nan
2026-06-02 14:39:02.532,BASELINE,NEW_DATA,9.0731,90.2925,nan,9.0731,90.2925,nan
2026-06-02 14:39:02.553,BASELINE,NEW_DATA,9.0734,90.2925,nan,9.0734,90.2925,nan
2026-06-02 14:39:02.573,BASELINE,NEW_DATA,9.0762,90.2925,nan,9.0762,90.2925,nan
2026-06-02 14:39:02.593,BASELINE,NEW_DATA,9.0779,90.2925,nan,9.0779,90.2925,nan
2026-06-02 14:39:02.614,BASELINE,NEW_DATA,9.0779,90.2925,nan,9.0779,90.2925,nan
2026-06-02 14:39:02.635,BASELINE,NEW_DATA,9.0783,90.2925,nan,9.0783,90.2925,nan
2026-06-02 14:39:02.655,BASELINE,NEW_DATA,9.0776,90.2925,nan,9.0776,90.2925,nan
2026-06-02 14:39:02.676,BASELINE,NEW_DATA,9.0804,90.2925,nan,9.0804,90.2925,nan
2026-06-02 14:39:02.697,BASELINE,NEW_DATA,9.0804,90.2925,nan,9.0804,90.2925,nan
2026-06-02 14:39:02.717,BASELINE,NEW_DATA,9.0845,90.2925,nan,9.0845,90.2925,nan
2026-06-02 14:39:02.739,BASELINE,NEW_DATA,9.0859,90.5286,nan,9.0859,90.5286,nan
2026-06-02 14:39:02.759,BASELINE,NEW_DATA,9.0873,90.5286,nan,9.0873,90.5286,nan
2026-06-02 14:39:02.779,BASELINE,NEW_DATA,9.0876,90.5286,nan,9.0876,90.5286,nan
2026-06-02 14:39:02.800,BASELINE,NEW_DATA,9.0904,90.5286,nan,9.0904,90.5286,nan
2026-06-02 14:39:02.820,BASELINE,NEW_DATA,9.0935,90.5286,nan,9.0935,90.5286,nan
2026-06-02 14:39:02.841,BASELINE,NEW_DATA,9.0942,90.5286,nan,9.0942,90.5286,nan
2026-06-02 14:39:02.861,BASELINE,NEW_DATA,9.0963,90.5286,nan,9.0963,90.5286,nan
2026-06-02 14:39:02.882,BASELINE,NEW_DATA,9.0984,90.5286,nan,9.0984,90.5286,nan
2026-06-02 14:39:02.902,BASELINE,NEW_DATA,9.0970,90.5286,nan,9.0970,90.5286,nan
2026-06-02 14:39:02.923,BASELINE,NEW_DATA,9.0984,90.5286,nan,9.0984,90.5286,nan
2026-06-02 14:39:02.944,BASELINE,NEW_DATA,9.1130,90.5286,nan,9.1130,90.5286,nan
2026-06-02 14:39:02.967,BASELINE,NEW_DATA,9.1081,90.5286,nan,9.1081,90.5286,nan
2026-06-02 14:39:02.986,BASELINE,NEW_DATA,9.1022,90.5286,nan,9.1022,90.5286,nan
2026-06-02 14:39:03.006,BASELINE,NEW_DATA,9.1046,90.5286,nan,9.1046,90.5286,nan
2026-06-02 14:39:03.026,BASELINE,NEW_DATA,9.1071,90.5286,nan,9.1071,90.5286,nan
2026-06-02 14:39:03.047,BASELINE,NEW_DATA,9.1102,90.5286,nan,9.1102,90.5286,nan
2026-06-02 14:39:03.067,BASELINE,NEW_DATA,9.1098,90.5286,nan,9.1098,90.5286,nan
2026-06-02 14:39:03.088,BASELINE,NEW_DATA,9.1130,90.5286,nan,9.1130,90.5286,nan
2026-06-02 14:39:03.108,BASELINE,NEW_DATA,9.1150,90.5286,nan,9.1150,90.5286,nan
2026-06-02 14:39:03.128,BASELINE,NEW_DATA,9.1178,90.5286,nan,9.1178,90.5286,nan
2026-06-02 14:39:03.149,BASELINE,NEW_DATA,9.1209,90.5286,nan,9.1209,90.5286,nan
2026-06-02 14:39:03.171,BASELINE,NEW_DATA,9.1199,90.5286,nan,9.1199,90.5286,nan
2026-06-02 14:39:03.191,BASELINE,NEW_DATA,9.1213,90.5286,nan,9.1213,90.5286,nan
2026-06-02 14:39:03.212,BASELINE,NEW_DATA,9.1192,90.5286,nan,9.1192,90.5286,nan
2026-06-02 14:39:03.232,BASELINE,NEW_DATA,9.1216,90.7409,nan,9.1216,90.7409,nan
2026-06-02 14:39:03.254,BASELINE,NEW_DATA,9.1216,90.7409,nan,9.1216,90.7409,nan
2026-06-02 14:39:03.273,BASELINE,NEW_DATA,9.1223,90.7409,nan,9.1223,90.7409,nan
2026-06-02 14:39:03.293,BASELINE,NEW_DATA,9.1206,90.7409,nan,9.1206,90.7409,nan
2026-06-02 14:39:03.313,BASELINE,NEW_DATA,9.1234,90.7409,nan,9.1234,90.7409,nan
2026-06-02 14:39:03.333,BASELINE,NEW_DATA,9.1268,90.7409,nan,9.1268,90.7409,nan
2026-06-02 14:39:03.354,BASELINE,NEW_DATA,9.1254,90.7409,nan,9.1254,90.7409,nan
2026-06-02 14:39:03.374,BASELINE,NEW_DATA,9.1286,90.7409,nan,9.1286,90.7409,nan
2026-06-02 14:39:03.394,BASELINE,NEW_DATA,9.1268,90.7409,nan,9.1268,90.7409,nan
2026-06-02 14:39:03.414,BASELINE,NEW_DATA,9.1275,90.7409,nan,9.1275,90.7409,nan
2026-06-02 14:39:03.436,BASELINE,NEW_DATA,9.1289,90.7409,nan,9.1289,90.7409,nan
2026-06-02 14:39:03.456,BASELINE,NEW_DATA,9.1303,90.7409,nan,9.1303,90.7409,nan
2026-06-02 14:39:03.480,BASELINE,NEW_DATA,9.1303,90.7409,nan,9.1303,90.7409,nan
2026-06-02 14:39:03.498,BASELINE,NEW_DATA,9.1310,90.7409,nan,9.1310,90.7409,nan
2026-06-02 14:39:03.520,BASELINE,NEW_DATA,9.1355,90.7409,nan,9.1355,90.7409,nan
2026-06-02 14:39:03.539,BASELINE,NEW_DATA,9.1338,90.7409,nan,9.1338,90.7409,nan
2026-06-02 14:39:03.559,BASELINE,NEW_DATA,9.1327,90.7409,nan,9.1327,90.7409,nan
2026-06-02 14:39:03.580,BASELINE,NEW_DATA,9.1404,90.7409,nan,9.1404,90.7409,nan
2026-06-02 14:39:03.600,BASELINE,NEW_DATA,9.1466,90.7409,nan,9.1466,90.7409,nan
2026-06-02 14:39:03.621,BASELINE,NEW_DATA,9.1362,90.7409,nan,9.1362,90.7409,nan
2026-06-02 14:39:03.642,BASELINE,NEW_DATA,9.1386,90.7409,nan,9.1386,90.7409,nan
2026-06-02 14:39:03.662,BASELINE,NEW_DATA,9.1359,90.7409,nan,9.1359,90.7409,nan
2026-06-02 14:39:03.683,BASELINE,NEW_DATA,9.1393,90.7409,nan,9.1393,90.7409,nan
2026-06-02 14:39:03.704,BASELINE,NEW_DATA,9.1376,90.7409,nan,9.1376,90.7409,nan
2026-06-02 14:39:03.725,BASELINE,NEW_DATA,9.1411,90.7409,nan,9.1411,90.7409,nan
2026-06-02 14:39:03.745,BASELINE,NEW_DATA,9.1414,90.7409,nan,9.1414,90.7409,nan
2026-06-02 14:39:03.765,BASELINE,NEW_DATA,9.1428,90.7409,nan,9.1428,90.7409,nan
2026-06-02 14:39:03.786,BASELINE,NEW_DATA,9.1459,90.7409,nan,9.1459,90.7409,nan
2026-06-02 14:39:03.806,BASELINE,NEW_DATA,9.1456,90.7409,nan,9.1456,90.7409,nan
2026-06-02 14:39:03.827,BASELINE,NEW_DATA,9.1466,90.7409,nan,9.1466,90.7409,nan
2026-06-02 14:39:03.849,BASELINE,NEW_DATA,9.1480,90.7409,nan,9.1480,90.7409,nan
2026-06-02 14:39:03.870,BASELINE,NEW_DATA,9.1466,90.7409,nan,9.1466,90.7409,nan
2026-06-02 14:39:03.890,BASELINE,NEW_DATA,9.1483,90.7409,nan,9.1483,90.7409,nan
2026-06-02 14:39:03.911,BASELINE,NEW_DATA,9.1494,90.7409,nan,9.1494,90.7409,nan
2026-06-02 14:39:03.931,BASELINE,NEW_DATA,9.1518,90.7409,nan,9.1518,90.7409,nan
2026-06-02 14:39:03.952,BASELINE,NEW_DATA,9.1518,90.7409,nan,9.1518,90.7409,nan
2026-06-02 14:39:03.972,BASELINE,NEW_DATA,9.1504,90.7409,nan,9.1504,90.7409,nan
2026-06-02 14:39:03.996,BASELINE,NEW_DATA,9.1546,90.7409,nan,9.1546,90.7409,nan
2026-06-02 14:39:04.013,BASELINE,NEW_DATA,9.1549,90.7409,nan,9.1549,90.7409,nan
2026-06-02 14:39:04.033,BASELINE,NEW_DATA,9.1560,90.7409,nan,9.1560,90.7409,nan
2026-06-02 14:39:04.054,BASELINE,NEW_DATA,9.1560,90.7409,nan,9.1560,90.7409,nan
2026-06-02 14:39:04.074,BASELINE,NEW_DATA,9.1591,90.7409,nan,9.1591,90.7409,nan
2026-06-02 14:39:04.095,BASELINE,NEW_DATA,9.1598,90.7409,nan,9.1598,90.7409,nan
2026-06-02 14:39:04.115,BASELINE,NEW_DATA,9.1580,90.7409,nan,9.1580,90.7409,nan
2026-06-02 14:39:04.136,BASELINE,NEW_DATA,9.1594,90.7409,nan,9.1594,90.7409,nan
2026-06-02 14:39:04.157,BASELINE,NEW_DATA,9.1594,90.7409,nan,9.1594,90.7409,nan
2026-06-02 14:39:04.177,BASELINE,NEW_DATA,9.1587,90.7409,nan,9.1587,90.7409,nan
2026-06-02 14:39:04.198,BASELINE,NEW_DATA,9.1584,90.7409,nan,9.1584,90.7409,nan
2026-06-02 14:39:04.218,BASELINE,NEW_DATA,9.1789,90.7409,nan,9.1789,90.7409,nan
2026-06-02 14:39:04.239,BASELINE,NEW_DATA,9.1584,90.8674,nan,9.1584,90.8674,nan
2026-06-02 14:39:04.260,BASELINE,NEW_DATA,9.1639,90.8674,nan,9.1639,90.8674,nan
2026-06-02 14:39:04.281,BASELINE,NEW_DATA,9.1626,90.8674,nan,9.1626,90.8674,nan
2026-06-02 14:39:04.303,BASELINE,NEW_DATA,9.1629,90.8674,nan,9.1629,90.8674,nan
2026-06-02 14:39:04.324,BASELINE,NEW_DATA,9.1626,90.8674,nan,9.1626,90.8674,nan
2026-06-02 14:39:04.344,BASELINE,NEW_DATA,9.1646,90.8674,nan,9.1646,90.8674,nan
2026-06-02 14:39:04.365,BASELINE,NEW_DATA,9.1664,90.8674,nan,9.1664,90.8674,nan
2026-06-02 14:39:04.386,BASELINE,NEW_DATA,9.1667,90.8674,nan,9.1667,90.8674,nan
2026-06-02 14:39:04.406,BASELINE,NEW_DATA,9.1685,90.8674,nan,9.1685,90.8674,nan
2026-06-02 14:39:04.427,BASELINE,NEW_DATA,9.1688,90.8674,nan,9.1688,90.8674,nan
2026-06-02 14:39:04.447,BASELINE,NEW_DATA,9.1726,90.8674,nan,9.1726,90.8674,nan
2026-06-02 14:39:04.469,BASELINE,NEW_DATA,9.1737,90.8674,nan,9.1737,90.8674,nan
2026-06-02 14:39:04.488,BASELINE,NEW_DATA,9.1737,90.8674,nan,9.1737,90.8674,nan
2026-06-02 14:39:04.512,BASELINE,NEW_DATA,9.1726,90.8674,nan,9.1726,90.8674,nan
2026-06-02 14:39:04.529,BASELINE,NEW_DATA,9.1733,90.8674,nan,9.1733,90.8674,nan
2026-06-02 14:39:04.549,BASELINE,NEW_DATA,9.1716,90.8674,nan,9.1716,90.8674,nan
2026-06-02 14:39:04.570,BASELINE,NEW_DATA,9.1775,90.8674,nan,9.1775,90.8674,nan
2026-06-02 14:39:04.590,BASELINE,NEW_DATA,9.1768,90.8674,nan,9.1768,90.8674,nan
2026-06-02 14:39:04.611,BASELINE,NEW_DATA,9.1775,90.8674,nan,9.1775,90.8674,nan
2026-06-02 14:39:04.631,BASELINE,NEW_DATA,9.1792,90.8674,nan,9.1792,90.8674,nan
2026-06-02 14:39:04.652,BASELINE,NEW_DATA,9.1809,90.8674,nan,9.1809,90.8674,nan
2026-06-02 14:39:04.673,BASELINE,NEW_DATA,9.1809,90.8674,nan,9.1809,90.8674,nan
2026-06-02 14:39:04.693,BASELINE,NEW_DATA,9.1823,90.8674,nan,9.1823,90.8674,nan
2026-06-02 14:39:04.714,BASELINE,NEW_DATA,9.1834,90.8674,nan,9.1834,90.8674,nan
2026-06-02 14:39:04.735,BASELINE,NEW_DATA,9.1844,91.0303,nan,9.1844,91.0303,nan
2026-06-02 14:39:04.755,BASELINE,NEW_DATA,9.1879,91.0303,nan,9.1879,91.0303,nan
2026-06-02 14:39:04.775,BASELINE,NEW_DATA,9.1851,91.0303,nan,9.1851,91.0303,nan
2026-06-02 14:39:04.796,BASELINE,NEW_DATA,9.1851,91.0303,nan,9.1851,91.0303,nan
2026-06-02 14:39:04.817,BASELINE,NEW_DATA,9.1844,91.0303,nan,9.1844,91.0303,nan
2026-06-02 14:39:04.837,BASELINE,NEW_DATA,9.1851,91.0303,nan,9.1851,91.0303,nan
2026-06-02 14:39:04.857,BASELINE,NEW_DATA,9.1965,91.0303,nan,9.1965,91.0303,nan
2026-06-02 14:39:04.877,BASELINE,NEW_DATA,9.2028,91.0303,nan,9.2028,91.0303,nan
2026-06-02 14:39:04.897,BASELINE,NEW_DATA,9.1886,91.0303,nan,9.1886,91.0303,nan
2026-06-02 14:39:04.917,BASELINE,NEW_DATA,9.1910,91.0303,nan,9.1910,91.0303,nan
2026-06-02 14:39:04.939,BASELINE,NEW_DATA,9.1910,91.0303,nan,9.1910,91.0303,nan
2026-06-02 14:39:04.959,BASELINE,NEW_DATA,9.1893,91.0303,nan,9.1893,91.0303,nan
2026-06-02 14:39:04.980,BASELINE,NEW_DATA,9.1900,91.0303,nan,9.1900,91.0303,nan
2026-06-02 14:39:05.001,BASELINE,NEW_DATA,9.1931,91.0303,nan,9.1931,91.0303,nan
2026-06-02 14:39:05.026,BASELINE,NEW_DATA,9.1934,91.0303,nan,9.1934,91.0303,nan
2026-06-02 14:39:05.042,BASELINE,NEW_DATA,9.1931,91.0303,nan,9.1931,91.0303,nan
2026-06-02 14:39:05.062,BASELINE,NEW_DATA,9.1941,91.0303,nan,9.1941,91.0303,nan
2026-06-02 14:39:05.083,BASELINE,NEW_DATA,9.1993,91.0303,nan,9.1993,91.0303,nan
2026-06-02 14:39:05.103,BASELINE,NEW_DATA,9.1990,91.0303,nan,9.1990,91.0303,nan
2026-06-02 14:39:05.124,BASELINE,NEW_DATA,9.2014,91.0303,nan,9.2014,91.0303,nan
2026-06-02 14:39:05.144,BASELINE,NEW_DATA,9.1983,91.0303,nan,9.1983,91.0303,nan
2026-06-02 14:39:05.165,BASELINE,NEW_DATA,9.1972,91.0303,nan,9.1972,91.0303,nan
2026-06-02 14:39:05.185,BASELINE,NEW_DATA,9.1955,91.0303,nan,9.1955,91.0303,nan
2026-06-02 14:39:05.207,BASELINE,NEW_DATA,9.1979,91.0303,nan,9.1979,91.0303,nan
2026-06-02 14:39:05.228,BASELINE,NEW_DATA,9.1990,90.9287,nan,9.1990,90.9287,nan
2026-06-02 14:39:05.249,BASELINE,NEW_DATA,9.1990,90.9287,nan,9.1990,90.9287,nan
2026-06-02 14:39:05.270,BASELINE,NEW_DATA,9.1969,90.9287,nan,9.1969,90.9287,nan
2026-06-02 14:39:05.291,BASELINE,NEW_DATA,9.2007,90.9287,nan,9.2007,90.9287,nan
2026-06-02 14:39:05.311,BASELINE,NEW_DATA,9.2010,90.9287,nan,9.2010,90.9287,nan
2026-06-02 14:39:05.332,BASELINE,NEW_DATA,9.2028,90.9287,nan,9.2028,90.9287,nan
2026-06-02 14:39:05.352,BASELINE,NEW_DATA,9.2017,90.9287,nan,9.2017,90.9287,nan
2026-06-02 14:39:05.373,BASELINE,NEW_DATA,9.2004,90.9287,nan,9.2004,90.9287,nan
2026-06-02 14:39:05.393,BASELINE,NEW_DATA,9.2028,90.9287,nan,9.2028,90.9287,nan
2026-06-02 14:39:05.413,BASELINE,NEW_DATA,9.2049,90.9287,nan,9.2049,90.9287,nan
2026-06-02 14:39:05.435,BASELINE,NEW_DATA,9.2049,90.9287,nan,9.2049,90.9287,nan
2026-06-02 14:39:05.456,BASELINE,NEW_DATA,9.2056,90.9287,nan,9.2056,90.9287,nan
2026-06-02 14:39:05.476,BASELINE,NEW_DATA,9.2052,90.9287,nan,9.2052,90.9287,nan
2026-06-02 14:39:05.497,BASELINE,NEW_DATA,9.2052,90.9287,nan,9.2052,90.9287,nan
2026-06-02 14:39:05.518,BASELINE,NEW_DATA,9.2056,90.9287,nan,9.2056,90.9287,nan
2026-06-02 14:39:05.542,BASELINE,NEW_DATA,9.2076,90.9287,nan,9.2076,90.9287,nan
2026-06-02 14:39:05.559,BASELINE,NEW_DATA,9.2232,90.9287,nan,9.2232,90.9287,nan
2026-06-02 14:39:05.580,BASELINE,NEW_DATA,9.2142,90.9287,nan,9.2142,90.9287,nan
2026-06-02 14:39:05.601,BASELINE,NEW_DATA,9.2073,90.9287,nan,9.2073,90.9287,nan
2026-06-02 14:39:05.621,BASELINE,NEW_DATA,9.2083,90.9287,nan,9.2083,90.9287,nan
2026-06-02 14:39:05.641,BASELINE,NEW_DATA,9.2052,90.9287,nan,9.2052,90.9287,nan
2026-06-02 14:39:05.661,BASELINE,NEW_DATA,9.2097,90.9287,nan,9.2097,90.9287,nan
2026-06-02 14:39:05.682,BASELINE,NEW_DATA,9.2066,90.9287,nan,9.2066,90.9287,nan
2026-06-02 14:39:05.703,BASELINE,NEW_DATA,9.2066,90.9287,nan,9.2066,90.9287,nan
2026-06-02 14:39:05.724,BASELINE,NEW_DATA,9.2066,90.9287,nan,9.2066,90.9287,nan
2026-06-02 14:39:05.746,BASELINE,NEW_DATA,9.2090,90.9195,nan,9.2090,90.9195,nan
2026-06-02 14:39:05.767,BASELINE,NEW_DATA,9.2094,90.9195,nan,9.2094,90.9195,nan
2026-06-02 14:39:05.787,BASELINE,NEW_DATA,9.2115,90.9195,nan,9.2115,90.9195,nan
2026-06-02 14:39:05.807,BASELINE,NEW_DATA,9.2111,90.9195,nan,9.2111,90.9195,nan
2026-06-02 14:39:05.827,BASELINE,NEW_DATA,9.2115,90.9195,nan,9.2115,90.9195,nan
2026-06-02 14:39:05.848,BASELINE,NEW_DATA,9.2097,90.9195,nan,9.2097,90.9195,nan
2026-06-02 14:39:05.868,BASELINE,NEW_DATA,9.2104,90.9195,nan,9.2104,90.9195,nan
2026-06-02 14:39:05.888,BASELINE,NEW_DATA,9.2080,90.9195,nan,9.2080,90.9195,nan
2026-06-02 14:39:05.909,BASELINE,NEW_DATA,9.2097,90.9195,nan,9.2097,90.9195,nan
2026-06-02 14:39:05.930,BASELINE,NEW_DATA,9.2076,90.9195,nan,9.2076,90.9195,nan
2026-06-02 14:39:05.950,BASELINE,NEW_DATA,9.2087,90.9195,nan,9.2087,90.9195,nan
2026-06-02 14:39:05.971,BASELINE,NEW_DATA,9.2101,90.9195,nan,9.2101,90.9195,nan
2026-06-02 14:39:05.991,BASELINE,NEW_DATA,9.2069,90.9195,nan,9.2069,90.9195,nan
2026-06-02 14:39:06.012,BASELINE,NEW_DATA,9.2076,90.9195,nan,9.2076,90.9195,nan
2026-06-02 14:39:06.033,BASELINE,NEW_DATA,9.2073,90.9195,nan,9.2073,90.9195,nan
2026-06-02 14:39:06.057,BASELINE,NEW_DATA,9.1972,90.9195,nan,9.1972,90.9195,nan
2026-06-02 14:39:06.074,BASELINE,NEW_DATA,9.2066,90.9195,nan,9.2066,90.9195,nan
2026-06-02 14:39:06.094,BASELINE,NEW_DATA,9.2066,90.9195,nan,9.2066,90.9195,nan
2026-06-02 14:39:06.114,BASELINE,NEW_DATA,9.2059,90.9195,nan,9.2059,90.9195,nan
2026-06-02 14:39:06.134,BASELINE,NEW_DATA,9.2056,90.9195,nan,9.2056,90.9195,nan
2026-06-02 14:39:06.156,BASELINE,NEW_DATA,9.2094,90.9195,nan,9.2094,90.9195,nan
2026-06-02 14:39:06.178,BASELINE,NEW_DATA,9.2080,90.9195,nan,9.2080,90.9195,nan
2026-06-02 14:39:06.200,BASELINE,NEW_DATA,9.2080,90.9195,nan,9.2080,90.9195,nan
2026-06-02 14:39:06.220,BASELINE,NEW_DATA,9.2066,90.9195,nan,9.2066,90.9195,nan
2026-06-02 14:39:06.241,BASELINE,NEW_DATA,9.2052,90.7552,nan,9.2052,90.7552,nan
2026-06-02 14:39:06.262,BASELINE,NEW_DATA,9.2083,90.7552,nan,9.2083,90.7552,nan
2026-06-02 14:39:06.282,BASELINE,NEW_DATA,9.2052,90.7552,nan,9.2052,90.7552,nan
2026-06-02 14:39:06.303,BASELINE,NEW_DATA,9.2198,90.7552,nan,9.2198,90.7552,nan
2026-06-02 14:39:06.324,BASELINE,NEW_DATA,9.2139,90.7552,nan,9.2139,90.7552,nan
2026-06-02 14:39:06.345,BASELINE,NEW_DATA,9.2038,90.7552,nan,9.2038,90.7552,nan
2026-06-02 14:39:06.366,BASELINE,NEW_DATA,9.2059,90.7552,nan,9.2059,90.7552,nan
2026-06-02 14:39:06.386,BASELINE,NEW_DATA,9.2017,90.7552,nan,9.2017,90.7552,nan
2026-06-02 14:39:06.407,BASELINE,NEW_DATA,9.2045,90.7552,nan,9.2045,90.7552,nan
2026-06-02 14:39:06.428,BASELINE,NEW_DATA,9.2052,90.7552,nan,9.2052,90.7552,nan
2026-06-02 14:39:06.448,BASELINE,NEW_DATA,9.2010,90.7552,nan,9.2010,90.7552,nan
2026-06-02 14:39:06.470,BASELINE,NEW_DATA,9.1955,90.7552,nan,9.1955,90.7552,nan
2026-06-02 14:39:06.489,BASELINE,NEW_DATA,9.2031,90.7552,nan,9.2031,90.7552,nan
2026-06-02 14:39:06.509,BASELINE,NEW_DATA,9.2038,90.7552,nan,9.2038,90.7552,nan
2026-06-02 14:39:06.530,BASELINE,NEW_DATA,9.2052,90.7552,nan,9.2052,90.7552,nan
2026-06-02 14:39:06.552,BASELINE,NEW_DATA,9.2052,90.7552,nan,9.2052,90.7552,nan
2026-06-02 14:39:06.575,BASELINE,NEW_DATA,9.2056,90.7552,nan,9.2056,90.7552,nan
2026-06-02 14:39:06.592,BASELINE,NEW_DATA,9.2038,90.7552,nan,9.2038,90.7552,nan
2026-06-02 14:39:06.613,BASELINE,NEW_DATA,9.2010,90.7552,nan,9.2010,90.7552,nan
2026-06-02 14:39:06.634,BASELINE,NEW_DATA,9.2031,90.7552,nan,9.2031,90.7552,nan
2026-06-02 14:39:06.654,BASELINE,NEW_DATA,9.2010,90.7552,nan,9.2010,90.7552,nan
2026-06-02 14:39:06.674,BASELINE,NEW_DATA,9.1983,90.7552,nan,9.1983,90.7552,nan
2026-06-02 14:39:06.694,BASELINE,NEW_DATA,9.1990,90.7552,nan,9.1990,90.7552,nan
2026-06-02 14:39:06.716,BASELINE,NEW_DATA,9.1965,90.7552,nan,9.1965,90.7552,nan
2026-06-02 14:39:06.737,BASELINE,NEW_DATA,9.1979,90.3845,nan,9.1979,90.3845,nan
2026-06-02 14:39:06.758,BASELINE,NEW_DATA,9.1972,90.3845,nan,9.1972,90.3845,nan
2026-06-02 14:39:06.779,BASELINE,NEW_DATA,9.1955,90.3845,nan,9.1955,90.3845,nan
2026-06-02 14:39:06.799,BASELINE,NEW_DATA,9.1958,90.3845,nan,9.1958,90.3845,nan
2026-06-02 14:39:06.819,BASELINE,NEW_DATA,9.1955,90.3845,nan,9.1955,90.3845,nan
2026-06-02 14:39:06.840,BASELINE,NEW_DATA,9.1962,90.3845,nan,9.1962,90.3845,nan
2026-06-02 14:39:06.861,BASELINE,NEW_DATA,9.1965,90.3845,nan,9.1965,90.3845,nan
2026-06-02 14:39:06.880,BASELINE,NEW_DATA,9.1955,90.3845,nan,9.1955,90.3845,nan
2026-06-02 14:39:06.901,BASELINE,NEW_DATA,9.1913,90.3845,nan,9.1913,90.3845,nan
2026-06-02 14:39:06.935,BASELINE,NEW_DATA,9.1927,90.3845,nan,9.1927,90.3845,nan
2026-06-02 14:39:06.966,BASELINE,NEW_DATA,9.1945,90.3845,nan,9.1945,90.3845,nan
2026-06-02 14:39:06.996,BASELINE,NEW_DATA,9.1945,90.3845,nan,9.1945,90.3845,nan
2026-06-02 14:39:07.028,BASELINE,NEW_DATA,9.1941,90.3845,nan,9.1941,90.3845,nan
2026-06-02 14:39:07.061,BASELINE,NEW_DATA,9.1910,90.3845,nan,9.1910,90.3845,nan
2026-06-02 14:39:07.091,BASELINE,NEW_DATA,9.1941,90.3845,nan,9.1941,90.3845,nan
2026-06-02 14:39:07.122,BASELINE,NEW_DATA,9.1990,90.3845,nan,9.1990,90.3845,nan
2026-06-02 14:39:07.154,BASELINE,NEW_DATA,9.1910,90.3845,nan,9.1910,90.3845,nan
2026-06-02 14:39:07.189,BASELINE,NEW_DATA,9.1906,90.3845,nan,9.1906,90.3845,nan
2026-06-02 14:39:07.217,BASELINE,NEW_DATA,9.1900,90.3845,nan,9.1900,90.3845,nan
2026-06-02 14:39:07.247,BASELINE,NEW_DATA,9.1886,90.3845,nan,9.1886,90.3845,nan
2026-06-02 14:39:07.279,BASELINE,NEW_DATA,9.1896,90.3845,nan,9.1896,90.3845,nan
2026-06-02 14:39:07.311,BASELINE,NEW_DATA,9.1875,90.3845,nan,9.1875,90.3845,nan
2026-06-02 14:39:07.390,BASELINE,NEW_DATA,9.1906,90.3845,nan,9.1906,90.3845,nan
2026-06-02 14:39:07.435,BASELINE,NEW_DATA,9.1854,90.3845,nan,9.1854,90.3845,nan
2026-06-02 14:39:07.470,BASELINE,NEW_DATA,9.1844,90.3845,nan,9.1844,90.3845,nan
2026-06-02 14:39:07.500,BASELINE,NEW_DATA,9.1834,90.3845,nan,9.1834,90.3845,nan
2026-06-02 14:39:07.530,BASELINE,NEW_DATA,9.1827,90.3845,nan,9.1827,90.3845,nan
2026-06-02 14:39:07.561,BASELINE,NEW_DATA,9.1789,90.3845,nan,9.1789,90.3845,nan
2026-06-02 14:39:07.593,BASELINE,NEW_DATA,9.1806,90.3845,nan,9.1806,90.3845,nan
2026-06-02 14:39:07.625,BASELINE,NEW_DATA,9.1809,90.3845,nan,9.1809,90.3845,nan
2026-06-02 14:39:07.657,BASELINE,NEW_DATA,9.1816,90.3845,nan,9.1816,90.3845,nan
2026-06-02 14:39:07.689,BASELINE,NEW_DATA,9.1775,90.3845,nan,9.1775,90.3845,nan
2026-06-02 14:39:07.719,BASELINE,NEW_DATA,9.1771,90.3845,nan,9.1771,90.3845,nan
2026-06-02 14:39:07.751,BASELINE,NEW_DATA,9.1789,89.9898,nan,9.1789,89.9898,nan
2026-06-02 14:39:07.781,BASELINE,NEW_DATA,9.1799,89.9898,nan,9.1799,89.9898,nan
2026-06-02 14:39:07.812,BASELINE,NEW_DATA,9.1806,89.9898,nan,9.1806,89.9898,nan
2026-06-02 14:39:07.843,BASELINE,NEW_DATA,9.1771,89.9898,nan,9.1771,89.9898,nan
2026-06-02 14:39:07.875,BASELINE,NEW_DATA,9.1827,89.9898,nan,9.1827,89.9898,nan
2026-06-02 14:39:07.906,BASELINE,NEW_DATA,9.1886,89.9898,nan,9.1886,89.9898,nan
2026-06-02 14:39:07.937,BASELINE,NEW_DATA,9.1799,89.9898,nan,9.1799,89.9898,nan
2026-06-02 14:39:07.970,BASELINE,NEW_DATA,9.1775,89.9898,nan,9.1775,89.9898,nan
2026-06-02 14:39:08.000,BASELINE,NEW_DATA,9.1785,89.9898,nan,9.1785,89.9898,nan
2026-06-02 14:39:08.035,BASELINE,NEW_DATA,9.1792,89.9898,nan,9.1792,89.9898,nan
2026-06-02 14:39:08.061,BASELINE,NEW_DATA,9.1802,89.9898,nan,9.1802,89.9898,nan
2026-06-02 14:39:08.092,BASELINE,NEW_DATA,9.1841,89.9898,nan,9.1841,89.9898,nan
2026-06-02 14:39:08.122,BASELINE,NEW_DATA,9.1830,89.9898,nan,9.1830,89.9898,nan
2026-06-02 14:39:08.154,BASELINE,NEW_DATA,9.1830,89.9898,nan,9.1830,89.9898,nan
2026-06-02 14:39:08.185,BASELINE,NEW_DATA,9.1816,89.9898,nan,9.1816,89.9898,nan
2026-06-02 14:39:08.216,BASELINE,NEW_DATA,9.1778,89.9898,nan,9.1778,89.9898,nan
2026-06-02 14:39:08.248,BASELINE,NEW_DATA,9.1795,89.5567,nan,9.1795,89.5567,nan
2026-06-02 14:39:08.279,BASELINE,NEW_DATA,9.1792,89.5567,nan,9.1792,89.5567,nan
2026-06-02 14:39:08.311,BASELINE,NEW_DATA,9.1761,89.5567,nan,9.1761,89.5567,nan
2026-06-02 14:39:08.343,BASELINE,NEW_DATA,9.1782,89.5567,nan,9.1782,89.5567,nan
2026-06-02 14:39:08.373,BASELINE,NEW_DATA,9.1792,89.5567,nan,9.1792,89.5567,nan
2026-06-02 14:39:08.404,BASELINE,NEW_DATA,9.1761,89.5567,nan,9.1761,89.5567,nan
2026-06-02 14:39:08.436,BASELINE,NEW_DATA,9.1761,89.5567,nan,9.1761,89.5567,nan
2026-06-02 14:39:08.467,BASELINE,NEW_DATA,9.1761,89.5567,nan,9.1761,89.5567,nan
2026-06-02 14:39:08.497,BASELINE,NEW_DATA,9.1750,89.5567,nan,9.1750,89.5567,nan
2026-06-02 14:39:08.529,BASELINE,NEW_DATA,9.1757,89.5567,nan,9.1757,89.5567,nan
2026-06-02 14:39:08.562,BASELINE,NEW_DATA,9.1747,89.5567,nan,9.1747,89.5567,nan
2026-06-02 14:39:08.592,BASELINE,NEW_DATA,9.1761,89.5567,nan,9.1761,89.5567,nan
2026-06-02 14:39:08.625,BASELINE,NEW_DATA,9.1716,89.5567,nan,9.1716,89.5567,nan
2026-06-02 14:39:08.657,BASELINE,NEW_DATA,9.1712,89.5567,nan,9.1712,89.5567,nan
2026-06-02 14:39:08.690,BASELINE,NEW_DATA,9.1844,89.5567,nan,9.1844,89.5567,nan
2026-06-02 14:39:08.722,BASELINE,NEW_DATA,9.1685,89.5567,nan,9.1685,89.5567,nan
2026-06-02 14:39:08.754,BASELINE,NEW_DATA,9.1709,89.4523,nan,9.1709,89.4523,nan
2026-06-02 14:39:08.790,BASELINE,NEW_DATA,9.1698,89.4523,nan,9.1698,89.4523,nan
2026-06-02 14:39:08.825,BASELINE,NEW_DATA,9.1712,89.4523,nan,9.1712,89.4523,nan
2026-06-02 14:39:08.833,BASELINE,NEW_DATA,9.1688,89.4523,nan,9.1688,89.4523,nan
2026-06-02 14:39:08.853,BASELINE,NEW_DATA,9.1698,89.4523,nan,9.1698,89.4523,nan
2026-06-02 14:39:08.874,BASELINE,NEW_DATA,9.1671,89.4523,nan,9.1671,89.4523,nan
2026-06-02 14:39:08.893,BASELINE,NEW_DATA,9.1702,89.4523,nan,9.1702,89.4523,nan
2026-06-02 14:39:08.915,BASELINE,NEW_DATA,9.1705,89.4523,nan,9.1705,89.4523,nan
2026-06-02 14:39:08.935,BASELINE,NEW_DATA,9.1705,89.4523,nan,9.1705,89.4523,nan
2026-06-02 14:39:08.956,BASELINE,NEW_DATA,9.1716,89.4523,nan,9.1716,89.4523,nan
2026-06-02 14:39:08.978,BASELINE,NEW_DATA,9.1688,89.4523,nan,9.1688,89.4523,nan
2026-06-02 14:39:09.000,BASELINE,NEW_DATA,9.1667,89.4523,nan,9.1667,89.4523,nan
2026-06-02 14:39:09.020,BASELINE,NEW_DATA,9.1643,89.4523,nan,9.1643,89.4523,nan
2026-06-02 14:39:09.041,BASELINE,NEW_DATA,9.1636,89.4523,nan,9.1636,89.4523,nan
2026-06-02 14:39:09.063,BASELINE,NEW_DATA,9.1664,89.4523,nan,9.1664,89.4523,nan
2026-06-02 14:39:09.086,BASELINE,NEW_DATA,9.1626,89.4523,nan,9.1626,89.4523,nan
2026-06-02 14:39:09.104,BASELINE,NEW_DATA,9.1622,89.4523,nan,9.1622,89.4523,nan
2026-06-02 14:39:09.125,BASELINE,NEW_DATA,9.1646,89.4523,nan,9.1646,89.4523,nan
2026-06-02 14:39:09.145,BASELINE,NEW_DATA,9.1615,89.4523,nan,9.1615,89.4523,nan
2026-06-02 14:39:09.166,BASELINE,NEW_DATA,9.1612,89.4523,nan,9.1612,89.4523,nan
2026-06-02 14:39:09.185,BASELINE,NEW_DATA,9.1594,89.4523,nan,9.1594,89.4523,nan
2026-06-02 14:39:09.205,BASELINE,NEW_DATA,9.1605,89.4523,nan,9.1605,89.4523,nan
2026-06-02 14:39:09.227,BASELINE,NEW_DATA,9.1580,89.4523,nan,9.1580,89.4523,nan
2026-06-02 14:39:09.247,BASELINE,NEW_DATA,9.1612,89.1330,nan,9.1612,89.1330,nan
2026-06-02 14:39:09.267,BASELINE,NEW_DATA,9.1605,89.1330,nan,9.1605,89.1330,nan
2026-06-02 14:39:09.289,BASELINE,NEW_DATA,9.1605,89.1330,nan,9.1605,89.1330,nan
2026-06-02 14:39:09.310,BASELINE,NEW_DATA,9.1601,89.1330,nan,9.1601,89.1330,nan
2026-06-02 14:39:09.353,BASELINE,NEW_DATA,9.1612,89.1330,nan,9.1612,89.1330,nan
2026-06-02 14:39:09.355,BASELINE,NEW_DATA,9.1608,89.1330,nan,9.1608,89.1330,nan
2026-06-02 14:39:09.376,BASELINE,NEW_DATA,9.1605,89.1330,nan,9.1605,89.1330,nan
2026-06-02 14:39:09.396,BASELINE,NEW_DATA,9.1594,89.1330,nan,9.1594,89.1330,nan
2026-06-02 14:39:09.418,BASELINE,NEW_DATA,9.1560,89.1330,nan,9.1560,89.1330,nan
2026-06-02 14:39:09.438,BASELINE,NEW_DATA,9.1608,89.1330,nan,9.1608,89.1330,nan
2026-06-02 14:39:09.458,BASELINE,NEW_DATA,9.1733,89.1330,nan,9.1733,89.1330,nan
2026-06-02 14:39:09.479,BASELINE,NEW_DATA,9.1577,89.1330,nan,9.1577,89.1330,nan
2026-06-02 14:39:09.500,BASELINE,NEW_DATA,9.1580,89.1330,nan,9.1580,89.1330,nan
2026-06-02 14:39:09.521,BASELINE,NEW_DATA,9.1553,89.1330,nan,9.1553,89.1330,nan
2026-06-02 14:39:09.541,BASELINE,NEW_DATA,9.1580,89.1330,nan,9.1580,89.1330,nan
2026-06-02 14:39:09.562,BASELINE,NEW_DATA,9.1549,89.1330,nan,9.1549,89.1330,nan
2026-06-02 14:39:09.583,BASELINE,NEW_DATA,9.1560,89.1330,nan,9.1560,89.1330,nan
2026-06-02 14:39:09.603,BASELINE,NEW_DATA,9.1567,89.1330,nan,9.1567,89.1330,nan
2026-06-02 14:39:09.623,BASELINE,NEW_DATA,9.1567,89.1330,nan,9.1567,89.1330,nan
2026-06-02 14:39:09.643,BASELINE,NEW_DATA,9.1587,89.1330,nan,9.1587,89.1330,nan
2026-06-02 14:39:09.663,BASELINE,NEW_DATA,9.1594,89.1330,nan,9.1594,89.1330,nan
2026-06-02 14:39:09.683,BASELINE,NEW_DATA,9.1574,89.1330,nan,9.1574,89.1330,nan
2026-06-02 14:39:09.704,BASELINE,NEW_DATA,9.1601,89.1330,nan,9.1601,89.1330,nan
2026-06-02 14:39:09.725,BASELINE,NEW_DATA,9.1574,89.1330,nan,9.1574,89.1330,nan
2026-06-02 14:39:09.745,BASELINE,NEW_DATA,9.1577,89.1330,nan,9.1577,89.1330,nan
2026-06-02 14:39:09.766,BASELINE,NEW_DATA,9.1556,89.1330,nan,9.1556,89.1330,nan
2026-06-02 14:39:09.786,BASELINE,NEW_DATA,9.1563,89.1330,nan,9.1563,89.1330,nan
2026-06-02 14:39:09.806,BASELINE,NEW_DATA,9.1528,89.1330,nan,9.1528,89.1330,nan
2026-06-02 14:39:09.827,BASELINE,NEW_DATA,9.1511,89.1330,nan,9.1511,89.1330,nan
2026-06-02 14:39:09.853,BASELINE,NEW_DATA,9.1518,89.1330,nan,9.1518,89.1330,nan
2026-06-02 14:39:09.868,BASELINE,NEW_DATA,9.1539,89.1330,nan,9.1539,89.1330,nan
2026-06-02 14:39:09.888,BASELINE,NEW_DATA,9.1539,89.1330,nan,9.1539,89.1330,nan
2026-06-02 14:39:09.909,BASELINE,NEW_DATA,9.1539,89.1330,nan,9.1539,89.1330,nan
2026-06-02 14:39:09.930,BASELINE,NEW_DATA,9.1528,89.1330,nan,9.1528,89.1330,nan
2026-06-02 14:39:09.951,BASELINE,NEW_DATA,9.1556,89.1330,nan,9.1556,89.1330,nan
2026-06-02 14:39:09.971,BASELINE,NEW_DATA,9.1539,89.1330,nan,9.1539,89.1330,nan
2026-06-02 14:39:09.992,BASELINE,NEW_DATA,9.1528,89.1330,nan,9.1528,89.1330,nan
2026-06-02 14:39:10.013,BASELINE,NEW_DATA,9.1518,89.1330,nan,9.1518,89.1330,nan
2026-06-02 14:39:10.034,BASELINE,NEW_DATA,9.1535,89.1330,nan,9.1535,89.1330,nan
2026-06-02 14:39:10.054,BASELINE,NEW_DATA,9.1542,89.1330,nan,9.1542,89.1330,nan
2026-06-02 14:39:10.075,BASELINE,NEW_DATA,9.1560,89.1330,nan,9.1560,89.1330,nan
2026-06-02 14:39:10.095,BASELINE,NEW_DATA,9.1535,89.1330,nan,9.1535,89.1330,nan
2026-06-02 14:39:10.117,BASELINE,NEW_DATA,9.1560,89.1330,nan,9.1560,89.1330,nan
2026-06-02 14:39:10.136,BASELINE,NEW_DATA,9.1556,89.1330,nan,9.1556,89.1330,nan
2026-06-02 14:39:10.157,BASELINE,NEW_DATA,9.1580,89.1330,nan,9.1580,89.1330,nan
2026-06-02 14:39:10.177,BASELINE,NEW_DATA,9.1546,89.1330,nan,9.1546,89.1330,nan
2026-06-02 14:39:10.197,BASELINE,NEW_DATA,9.1539,89.1330,nan,9.1539,89.1330,nan
2026-06-02 14:39:10.219,BASELINE,NEW_DATA,9.1501,89.1330,nan,9.1501,89.1330,nan
2026-06-02 14:39:10.240,BASELINE,NEW_DATA,9.1466,88.8108,nan,9.1466,88.8108,nan
2026-06-02 14:39:10.260,BASELINE,NEW_DATA,9.1556,88.8108,nan,9.1556,88.8108,nan
2026-06-02 14:39:10.280,BASELINE,NEW_DATA,9.1615,88.8108,nan,9.1615,88.8108,nan
2026-06-02 14:39:10.301,BASELINE,NEW_DATA,9.1456,88.8108,nan,9.1456,88.8108,nan
2026-06-02 14:39:10.323,BASELINE,NEW_DATA,9.1411,88.8108,nan,9.1411,88.8108,nan
2026-06-02 14:39:10.343,BASELINE,NEW_DATA,9.1365,88.8108,nan,9.1365,88.8108,nan
2026-06-02 14:39:10.370,BASELINE,NEW_DATA,9.1303,88.8108,nan,9.1303,88.8108,nan
2026-06-02 14:39:10.385,BASELINE,NEW_DATA,9.1251,88.8108,nan,9.1251,88.8108,nan
2026-06-02 14:39:10.405,BASELINE,NEW_DATA,9.1213,88.8108,nan,9.1213,88.8108,nan
2026-06-02 14:39:10.427,BASELINE,NEW_DATA,9.1171,88.8108,nan,9.1171,88.8108,nan
2026-06-02 14:39:10.447,BASELINE,NEW_DATA,9.1126,88.8108,nan,9.1126,88.8108,nan
2026-06-02 14:39:10.467,BASELINE,NEW_DATA,9.1119,88.8108,nan,9.1119,88.8108,nan
2026-06-02 14:39:10.488,BASELINE,NEW_DATA,9.1088,88.8108,nan,9.1088,88.8108,nan
2026-06-02 14:39:10.508,BASELINE,NEW_DATA,9.1067,88.8108,nan,9.1067,88.8108,nan
2026-06-02 14:39:10.529,BASELINE,NEW_DATA,9.1050,88.8108,nan,9.1050,88.8108,nan
2026-06-02 14:39:10.549,BASELINE,NEW_DATA,9.1012,88.8108,nan,9.1012,88.8108,nan
2026-06-02 14:39:10.569,BASELINE,NEW_DATA,9.0994,88.8108,nan,9.0994,88.8108,nan
2026-06-02 14:39:10.589,BASELINE,NEW_DATA,9.0991,88.8108,nan,9.0991,88.8108,nan
2026-06-02 14:39:10.610,BASELINE,NEW_DATA,9.0974,88.8108,nan,9.0974,88.8108,nan
2026-06-02 14:39:10.632,BASELINE,NEW_DATA,9.1022,88.8108,nan,9.1022,88.8108,nan
2026-06-02 14:39:10.651,BASELINE,NEW_DATA,9.0987,88.8108,nan,9.0987,88.8108,nan
2026-06-02 14:39:10.672,BASELINE,NEW_DATA,9.1012,88.8108,nan,9.1012,88.8108,nan
2026-06-02 14:39:10.692,BASELINE,NEW_DATA,9.1015,88.8108,nan,9.1015,88.8108,nan
2026-06-02 14:39:10.712,BASELINE,NEW_DATA,9.0984,88.8108,nan,9.0984,88.8108,nan
2026-06-02 14:39:10.733,BASELINE,NEW_DATA,9.0970,88.7386,nan,9.0970,88.7386,nan
2026-06-02 14:39:10.753,BASELINE,NEW_DATA,9.0991,88.7386,nan,9.0991,88.7386,nan
2026-06-02 14:39:10.773,BASELINE,NEW_DATA,9.0987,88.7386,nan,9.0987,88.7386,nan
2026-06-02 14:39:10.794,BASELINE,NEW_DATA,9.0994,88.7386,nan,9.0994,88.7386,nan
2026-06-02 14:39:10.815,BASELINE,NEW_DATA,9.0991,88.7386,nan,9.0991,88.7386,nan
2026-06-02 14:39:10.835,BASELINE,NEW_DATA,9.0991,88.7386,nan,9.0991,88.7386,nan
2026-06-02 14:39:10.855,BASELINE,NEW_DATA,9.0977,88.7386,nan,9.0977,88.7386,nan
2026-06-02 14:39:10.878,BASELINE,NEW_DATA,9.1012,88.7386,nan,9.1012,88.7386,nan
2026-06-02 14:39:10.896,BASELINE,NEW_DATA,9.1033,88.7386,nan,9.1033,88.7386,nan
2026-06-02 14:39:10.917,BASELINE,NEW_DATA,9.1022,88.7386,nan,9.1022,88.7386,nan
2026-06-02 14:39:10.937,BASELINE,NEW_DATA,9.1078,88.7386,nan,9.1078,88.7386,nan
2026-06-02 14:39:10.958,BASELINE,NEW_DATA,9.1067,88.7386,nan,9.1067,88.7386,nan
2026-06-02 14:39:10.978,BASELINE,NEW_DATA,9.1088,88.7386,nan,9.1088,88.7386,nan
2026-06-02 14:39:10.999,BASELINE,NEW_DATA,9.1022,88.7386,nan,9.1022,88.7386,nan
2026-06-02 14:39:11.019,BASELINE,NEW_DATA,9.1081,88.7386,nan,9.1081,88.7386,nan
2026-06-02 14:39:11.039,BASELINE,NEW_DATA,9.1022,88.7386,nan,9.1022,88.7386,nan
2026-06-02 14:39:11.060,BASELINE,NEW_DATA,9.0925,88.7386,nan,9.0925,88.7386,nan
2026-06-02 14:39:11.080,BASELINE,NEW_DATA,9.0863,88.7386,nan,9.0863,88.7386,nan
2026-06-02 14:39:11.101,BASELINE,NEW_DATA,9.0831,88.7386,nan,9.0831,88.7386,nan
2026-06-02 14:39:11.122,BASELINE,NEW_DATA,9.0818,88.7386,nan,9.0818,88.7386,nan
2026-06-02 14:39:11.142,BASELINE,NEW_DATA,9.0800,88.7386,nan,9.0800,88.7386,nan
2026-06-02 14:39:11.162,BASELINE,NEW_DATA,9.0790,88.7386,nan,9.0790,88.7386,nan
2026-06-02 14:39:11.183,BASELINE,NEW_DATA,9.0859,88.7386,nan,9.0859,88.7386,nan
2026-06-02 14:39:11.204,BASELINE,NEW_DATA,9.0904,88.7386,nan,9.0904,88.7386,nan
2026-06-02 14:39:11.224,BASELINE,NEW_DATA,9.0939,88.7386,nan,9.0939,88.7386,nan
2026-06-02 14:39:11.244,BASELINE,NEW_DATA,9.0974,88.7386,nan,9.0974,88.7386,nan
2026-06-02 14:39:11.266,BASELINE,NEW_DATA,9.1022,88.7386,nan,9.1022,88.7386,nan
2026-06-02 14:39:11.286,BASELINE,NEW_DATA,9.1057,88.7386,nan,9.1057,88.7386,nan
2026-06-02 14:39:11.306,BASELINE,NEW_DATA,9.1105,88.7386,nan,9.1105,88.7386,nan
2026-06-02 14:39:11.326,BASELINE,NEW_DATA,9.1078,88.7386,nan,9.1078,88.7386,nan
2026-06-02 14:39:11.346,BASELINE,NEW_DATA,9.1067,88.7386,nan,9.1067,88.7386,nan
2026-06-02 14:39:11.367,BASELINE,NEW_DATA,9.1043,88.7386,nan,9.1043,88.7386,nan
2026-06-02 14:39:11.391,BASELINE,NEW_DATA,9.1085,88.7386,nan,9.1085,88.7386,nan
2026-06-02 14:39:11.408,BASELINE,NEW_DATA,9.1085,88.7386,nan,9.1085,88.7386,nan
2026-06-02 14:39:11.429,BASELINE,NEW_DATA,9.1095,88.7386,nan,9.1095,88.7386,nan
2026-06-02 14:39:11.450,BASELINE,NEW_DATA,9.1071,88.7386,nan,9.1071,88.7386,nan
2026-06-02 14:39:11.470,BASELINE,NEW_DATA,9.1098,88.7386,nan,9.1098,88.7386,nan
2026-06-02 14:39:11.491,BASELINE,NEW_DATA,9.1078,88.7386,nan,9.1078,88.7386,nan
2026-06-02 14:39:11.511,BASELINE,NEW_DATA,9.1078,88.7386,nan,9.1078,88.7386,nan
2026-06-02 14:39:11.532,BASELINE,NEW_DATA,9.1060,88.7386,nan,9.1060,88.7386,nan
2026-06-02 14:39:11.553,BASELINE,NEW_DATA,9.1067,88.7386,nan,9.1067,88.7386,nan
2026-06-02 14:39:11.574,BASELINE,NEW_DATA,9.1022,88.7386,nan,9.1022,88.7386,nan
2026-06-02 14:39:11.595,BASELINE,NEW_DATA,9.1019,88.7386,nan,9.1019,88.7386,nan
2026-06-02 14:39:11.615,BASELINE,NEW_DATA,9.1022,88.7386,nan,9.1022,88.7386,nan
2026-06-02 14:39:11.635,BASELINE,NEW_DATA,9.1008,88.7386,nan,9.1008,88.7386,nan
2026-06-02 14:39:11.655,BASELINE,NEW_DATA,9.0994,88.7386,nan,9.0994,88.7386,nan
2026-06-02 14:39:11.675,BASELINE,NEW_DATA,9.0963,88.7386,nan,9.0963,88.7386,nan
2026-06-02 14:39:11.696,BASELINE,NEW_DATA,9.0942,88.7386,nan,9.0942,88.7386,nan
2026-06-02 14:39:11.717,BASELINE,NEW_DATA,9.0974,88.7386,nan,9.0974,88.7386,nan
2026-06-02 14:39:11.737,BASELINE,NEW_DATA,9.1043,88.8236,nan,9.1043,88.8236,nan
2026-06-02 14:39:11.758,BASELINE,NEW_DATA,9.0984,88.8236,nan,9.0984,88.8236,nan
2026-06-02 14:39:11.779,BASELINE,NEW_DATA,9.0908,88.8236,nan,9.0908,88.8236,nan
2026-06-02 14:39:11.801,BASELINE,NEW_DATA,9.0901,88.8236,nan,9.0901,88.8236,nan
2026-06-02 14:39:11.848,BASELINE,NEW_DATA,9.0887,88.8236,nan,9.0887,88.8236,nan
2026-06-02 14:39:11.908,BASELINE,NEW_DATA,9.0873,88.8236,nan,9.0873,88.8236,nan
2026-06-02 14:39:11.941,BASELINE,NEW_DATA,9.0897,88.8236,nan,9.0897,88.8236,nan
2026-06-02 14:39:11.985,BASELINE,NEW_DATA,9.0908,88.8236,nan,9.0908,88.8236,nan
2026-06-02 14:39:12.042,BASELINE,NEW_DATA,9.0915,88.8236,nan,9.0915,88.8236,nan
2026-06-02 14:39:12.043,BASELINE,NEW_DATA,9.0856,88.8236,nan,9.0856,88.8236,nan
2026-06-02 14:39:12.074,BASELINE,NEW_DATA,9.0883,88.8236,nan,9.0883,88.8236,nan
2026-06-02 14:39:12.103,BASELINE,NEW_DATA,9.0873,88.8236,nan,9.0873,88.8236,nan
2026-06-02 14:39:12.127,BASELINE,NEW_DATA,9.0845,88.8236,nan,9.0845,88.8236,nan
2026-06-02 14:39:12.148,BASELINE,NEW_DATA,9.0880,88.8236,nan,9.0880,88.8236,nan
2026-06-02 14:39:12.169,BASELINE,NEW_DATA,9.0849,88.8236,nan,9.0849,88.8236,nan
2026-06-02 14:39:12.188,BASELINE,NEW_DATA,9.0818,88.8236,nan,9.0818,88.8236,nan
2026-06-02 14:39:12.209,BASELINE,NEW_DATA,9.0811,88.8236,nan,9.0811,88.8236,nan
2026-06-02 14:39:12.229,BASELINE,NEW_DATA,9.0818,88.8992,25.7849,9.0818,88.8992,25.7849
2026-06-02 14:39:12.253,BASELINE,NEW_DATA,9.0790,88.8992,25.7849,9.0790,88.8992,25.7849
2026-06-02 14:39:12.273,BASELINE,NEW_DATA,9.0818,88.8992,25.7849,9.0818,88.8992,25.7849
2026-06-02 14:39:12.295,BASELINE,NEW_DATA,9.0811,88.8992,25.7849,9.0811,88.8992,25.7849
2026-06-02 14:39:12.321,BASELINE,NEW_DATA,9.0818,88.8992,25.7849,9.0818,88.8992,25.7849
2026-06-02 14:39:12.344,BASELINE,NEW_DATA,9.0821,88.8992,25.7849,9.0821,88.8992,25.7849
2026-06-02 14:39:12.371,BASELINE,NEW_DATA,9.0818,88.8992,25.7849,9.0818,88.8992,25.7849
2026-06-02 14:39:12.392,BASELINE,NEW_DATA,9.0793,88.8992,25.7849,9.0793,88.8992,25.7849
2026-06-02 14:39:12.437,BASELINE,NEW_DATA,9.0831,88.8992,25.7849,9.0831,88.8992,25.7849
2026-06-02 14:39:12.460,BASELINE,NEW_DATA,9.0929,88.8992,25.7849,9.0929,88.8992,25.7849
2026-06-02 14:39:12.525,BASELINE,NEW_DATA,9.0824,88.8992,25.7849,9.0824,88.8992,25.7849
2026-06-02 14:39:12.526,BASELINE,HOLD_LAST,9.0824,88.8992,25.7849,9.0824,88.8992,25.7849
2026-06-02 14:39:12.549,BASELINE,NEW_DATA,9.0880,88.8992,25.7849,9.0880,88.8992,25.7849
2026-06-02 14:39:12.582,BASELINE,NEW_DATA,9.0866,88.8992,25.7849,9.0866,88.8992,25.7849
2026-06-02 14:39:12.604,BASELINE,NEW_DATA,9.0859,88.8992,25.7849,9.0859,88.8992,25.7849
2026-06-02 14:39:12.625,BASELINE,NEW_DATA,9.0873,88.8992,25.7849,9.0873,88.8992,25.7849
2026-06-02 14:39:12.663,BASELINE,NEW_DATA,9.0908,88.8992,25.7849,9.0908,88.8992,25.7849
2026-06-02 14:39:12.665,BASELINE,NEW_DATA,9.0880,88.8992,25.7849,9.0880,88.8992,25.7849
2026-06-02 14:39:12.689,BASELINE,NEW_DATA,9.0918,88.8992,25.7849,9.0918,88.8992,25.7849
2026-06-02 14:39:12.708,BASELINE,NEW_DATA,9.0876,88.8992,25.7849,9.0876,88.8992,25.7849
2026-06-02 14:39:12.730,BASELINE,NEW_DATA,9.0835,88.8355,25.6544,9.0835,88.8355,25.6544
2026-06-02 14:39:12.750,BASELINE,NEW_DATA,9.0863,88.8355,25.6544,9.0863,88.8355,25.6544
2026-06-02 14:39:12.771,BASELINE,NEW_DATA,9.0831,88.8355,25.6544,9.0831,88.8355,25.6544
2026-06-02 14:39:12.791,BASELINE,NEW_DATA,9.0821,88.8355,25.6544,9.0821,88.8355,25.6544
2026-06-02 14:39:12.811,BASELINE,NEW_DATA,9.0821,88.8355,25.6544,9.0821,88.8355,25.6544
2026-06-02 14:39:12.831,BASELINE,NEW_DATA,9.0845,88.8355,25.6544,9.0845,88.8355,25.6544
2026-06-02 14:39:12.852,BASELINE,NEW_DATA,9.0831,88.8355,25.6544,9.0831,88.8355,25.6544
2026-06-02 14:39:12.872,BASELINE,NEW_DATA,9.0814,88.8355,25.6544,9.0814,88.8355,25.6544
2026-06-02 14:39:12.892,BASELINE,NEW_DATA,9.0811,88.8355,25.6544,9.0811,88.8355,25.6544
2026-06-02 14:39:12.913,BASELINE,NEW_DATA,9.0793,88.8355,25.6544,9.0793,88.8355,25.6544
2026-06-02 14:39:12.934,BASELINE,NEW_DATA,9.0790,88.8355,25.6544,9.0790,88.8355,25.6544
2026-06-02 14:39:12.954,BASELINE,NEW_DATA,9.0824,88.8355,25.6544,9.0824,88.8355,25.6544
2026-06-02 14:39:12.974,BASELINE,NEW_DATA,9.0818,88.8355,25.6544,9.0818,88.8355,25.6544
2026-06-02 14:39:12.997,BASELINE,NEW_DATA,9.0797,88.8355,25.6544,9.0797,88.8355,25.6544
2026-06-02 14:39:13.019,BASELINE,NEW_DATA,9.0804,88.8355,25.6544,9.0804,88.8355,25.6544
2026-06-02 14:39:13.039,BASELINE,NEW_DATA,9.0800,88.8355,25.6544,9.0800,88.8355,25.6544
2026-06-02 14:39:13.061,BASELINE,NEW_DATA,9.0811,88.8355,25.6544,9.0811,88.8355,25.6544
2026-06-02 14:39:13.081,BASELINE,NEW_DATA,9.0800,88.8355,25.6544,9.0800,88.8355,25.6544
2026-06-02 14:39:13.101,BASELINE,NEW_DATA,9.0779,88.8355,25.6544,9.0779,88.8355,25.6544
2026-06-02 14:39:13.122,BASELINE,NEW_DATA,9.0790,88.8355,25.6544,9.0790,88.8355,25.6544
2026-06-02 14:39:13.142,BASELINE,NEW_DATA,9.0894,88.8355,25.6544,9.0894,88.8355,25.6544
2026-06-02 14:39:13.167,BASELINE,NEW_DATA,9.0838,88.8355,25.6544,9.0838,88.8355,25.6544
2026-06-02 14:39:13.183,BASELINE,NEW_DATA,9.0755,88.8355,25.6544,9.0755,88.8355,25.6544
2026-06-02 14:39:13.203,BASELINE,NEW_DATA,9.0783,88.8355,25.6544,9.0783,88.8355,25.6544
2026-06-02 14:39:13.223,BASELINE,NEW_DATA,9.0793,88.8355,25.6544,9.0793,88.8355,25.6544
2026-06-02 14:39:13.244,BASELINE,NEW_DATA,9.0776,88.9687,25.4928,9.0776,88.9687,25.4928
2026-06-02 14:39:13.264,BASELINE,NEW_DATA,9.0800,88.9687,25.4928,9.0800,88.9687,25.4928
2026-06-02 14:39:13.285,BASELINE,NEW_DATA,9.0797,88.9687,25.4928,9.0797,88.9687,25.4928
2026-06-02 14:39:13.306,BASELINE,NEW_DATA,9.0804,88.9687,25.4928,9.0804,88.9687,25.4928
2026-06-02 14:39:13.327,BASELINE,NEW_DATA,9.0811,88.9687,25.4928,9.0811,88.9687,25.4928
2026-06-02 14:39:13.347,BASELINE,NEW_DATA,9.0828,88.9687,25.4928,9.0828,88.9687,25.4928
2026-06-02 14:39:13.369,BASELINE,NEW_DATA,9.0849,88.9687,25.4928,9.0849,88.9687,25.4928
2026-06-02 14:39:13.389,BASELINE,NEW_DATA,9.0838,88.9687,25.4928,9.0838,88.9687,25.4928
2026-06-02 14:39:13.410,BASELINE,NEW_DATA,9.0821,88.9687,25.4928,9.0821,88.9687,25.4928
2026-06-02 14:39:13.429,BASELINE,NEW_DATA,9.0818,88.9687,25.4928,9.0818,88.9687,25.4928
2026-06-02 14:39:13.450,BASELINE,NEW_DATA,9.0818,88.9687,25.4928,9.0818,88.9687,25.4928
2026-06-02 14:39:13.470,BASELINE,NEW_DATA,9.0776,88.9687,25.4928,9.0776,88.9687,25.4928
2026-06-02 14:39:13.491,BASELINE,NEW_DATA,9.0783,88.9687,25.4928,9.0783,88.9687,25.4928
2026-06-02 14:39:13.511,BASELINE,NEW_DATA,9.0776,88.9687,25.4928,9.0776,88.9687,25.4928
2026-06-02 14:39:13.532,BASELINE,NEW_DATA,9.0800,88.9687,25.4928,9.0800,88.9687,25.4928
2026-06-02 14:39:13.552,BASELINE,NEW_DATA,9.0807,88.9687,25.4928,9.0807,88.9687,25.4928
2026-06-02 14:39:13.573,BASELINE,NEW_DATA,9.0828,88.9687,25.4928,9.0828,88.9687,25.4928
2026-06-02 14:39:13.593,BASELINE,NEW_DATA,9.0797,88.9687,25.4928,9.0797,88.9687,25.4928
2026-06-02 14:39:13.615,BASELINE,NEW_DATA,9.0804,88.9687,25.4928,9.0804,88.9687,25.4928
2026-06-02 14:39:13.635,BASELINE,NEW_DATA,9.0811,88.9687,25.4928,9.0811,88.9687,25.4928
2026-06-02 14:39:13.655,BASELINE,NEW_DATA,9.0814,88.9687,25.4928,9.0814,88.9687,25.4928
2026-06-02 14:39:13.678,BASELINE,NEW_DATA,9.0807,88.9687,25.4928,9.0807,88.9687,25.4928
2026-06-02 14:39:13.697,BASELINE,NEW_DATA,9.0811,88.9687,25.4928,9.0811,88.9687,25.4928
2026-06-02 14:39:13.717,BASELINE,NEW_DATA,9.0831,88.9687,25.4928,9.0831,88.9687,25.4928
2026-06-02 14:39:13.739,BASELINE,NEW_DATA,9.0804,89.0756,25.5837,9.0804,89.0756,25.5837
2026-06-02 14:39:13.760,BASELINE,NEW_DATA,9.0811,89.0756,25.5837,9.0811,89.0756,25.5837
2026-06-02 14:39:13.780,BASELINE,NEW_DATA,9.0807,89.0756,25.5837,9.0807,89.0756,25.5837
2026-06-02 14:39:13.801,BASELINE,NEW_DATA,9.0807,89.0756,25.5837,9.0807,89.0756,25.5837
2026-06-02 14:39:13.821,BASELINE,NEW_DATA,9.0956,89.0756,25.5837,9.0956,89.0756,25.5837
2026-06-02 14:39:13.842,BASELINE,NEW_DATA,9.0859,89.0756,25.5837,9.0859,89.0756,25.5837
2026-06-02 14:39:13.862,BASELINE,NEW_DATA,9.0831,89.0756,25.5837,9.0831,89.0756,25.5837
2026-06-02 14:39:13.883,BASELINE,NEW_DATA,9.0838,89.0756,25.5837,9.0838,89.0756,25.5837
2026-06-02 14:39:13.904,BASELINE,NEW_DATA,9.0828,89.0756,25.5837,9.0828,89.0756,25.5837
2026-06-02 14:39:13.924,BASELINE,NEW_DATA,9.0831,89.0756,25.5837,9.0831,89.0756,25.5837
2026-06-02 14:39:13.944,BASELINE,NEW_DATA,9.0831,89.0756,25.5837,9.0831,89.0756,25.5837
2026-06-02 14:39:13.965,BASELINE,NEW_DATA,9.0849,89.0756,25.5837,9.0849,89.0756,25.5837
2026-06-02 14:39:13.985,BASELINE,NEW_DATA,9.0845,89.0756,25.5837,9.0845,89.0756,25.5837
2026-06-02 14:39:14.005,BASELINE,NEW_DATA,9.0856,89.0756,25.5837,9.0856,89.0756,25.5837
2026-06-02 14:39:14.026,BASELINE,NEW_DATA,9.0887,89.0756,25.5837,9.0887,89.0756,25.5837
2026-06-02 14:39:14.045,BASELINE,NEW_DATA,9.0876,89.0756,25.5837,9.0876,89.0756,25.5837
2026-06-02 14:39:14.066,BASELINE,NEW_DATA,9.0901,89.0756,25.5837,9.0901,89.0756,25.5837
2026-06-02 14:39:14.101,BASELINE,NEW_DATA,9.0883,89.0756,25.5837,9.0883,89.0756,25.5837
2026-06-02 14:39:14.117,BASELINE,NEW_DATA,9.0873,89.0756,25.5837,9.0873,89.0756,25.5837
2026-06-02 14:39:14.136,BASELINE,NEW_DATA,9.0845,89.0756,25.5837,9.0845,89.0756,25.5837
2026-06-02 14:39:14.156,BASELINE,NEW_DATA,9.0831,89.0756,25.5837,9.0831,89.0756,25.5837
2026-06-02 14:39:14.177,BASELINE,NEW_DATA,9.0845,89.0756,25.5837,9.0845,89.0756,25.5837
2026-06-02 14:39:14.203,BASELINE,NEW_DATA,9.0831,89.0756,25.5837,9.0831,89.0756,25.5837
2026-06-02 14:39:14.219,BASELINE,NEW_DATA,9.0828,89.0756,25.5837,9.0828,89.0756,25.5837
2026-06-02 14:39:14.238,BASELINE,NEW_DATA,9.0842,89.2794,25.5554,9.0842,89.2794,25.5554
2026-06-02 14:39:14.259,BASELINE,NEW_DATA,9.0845,89.2794,25.5554,9.0845,89.2794,25.5554
2026-06-02 14:39:14.281,BASELINE,NEW_DATA,9.0818,89.2794,25.5554,9.0818,89.2794,25.5554
2026-06-02 14:39:14.301,BASELINE,NEW_DATA,9.0828,89.2794,25.5554,9.0828,89.2794,25.5554
2026-06-02 14:39:14.321,BASELINE,NEW_DATA,9.0835,89.2794,25.5554,9.0835,89.2794,25.5554
2026-06-02 14:39:14.341,BASELINE,NEW_DATA,9.0845,89.2794,25.5554,9.0845,89.2794,25.5554
2026-06-02 14:39:14.361,BASELINE,NEW_DATA,9.0859,89.2794,25.5554,9.0859,89.2794,25.5554
2026-06-02 14:39:14.383,BASELINE,NEW_DATA,9.0845,89.2794,25.5554,9.0845,89.2794,25.5554
2026-06-02 14:39:14.402,BASELINE,NEW_DATA,9.0824,89.2794,25.5554,9.0824,89.2794,25.5554
2026-06-02 14:39:14.423,BASELINE,NEW_DATA,9.0790,89.2794,25.5554,9.0790,89.2794,25.5554
2026-06-02 14:39:14.443,BASELINE,NEW_DATA,9.0800,89.2794,25.5554,9.0800,89.2794,25.5554
2026-06-02 14:39:14.465,BASELINE,NEW_DATA,9.0859,89.2794,25.5554,9.0859,89.2794,25.5554
2026-06-02 14:39:14.486,BASELINE,NEW_DATA,9.0963,89.2794,25.5554,9.0963,89.2794,25.5554
2026-06-02 14:39:14.506,BASELINE,NEW_DATA,9.0769,89.2794,25.5554,9.0769,89.2794,25.5554
2026-06-02 14:39:14.527,BASELINE,NEW_DATA,9.0776,89.2794,25.5554,9.0776,89.2794,25.5554
2026-06-02 14:39:14.548,BASELINE,NEW_DATA,9.0797,89.2794,25.5554,9.0797,89.2794,25.5554
2026-06-02 14:39:14.568,BASELINE,NEW_DATA,9.0790,89.2794,25.5554,9.0790,89.2794,25.5554
2026-06-02 14:39:14.588,BASELINE,NEW_DATA,9.0797,89.2794,25.5554,9.0797,89.2794,25.5554
2026-06-02 14:39:14.608,BASELINE,NEW_DATA,9.0793,89.2794,25.5554,9.0793,89.2794,25.5554
2026-06-02 14:39:14.628,BASELINE,NEW_DATA,9.0779,89.2794,25.5554,9.0779,89.2794,25.5554
2026-06-02 14:39:14.649,BASELINE,NEW_DATA,9.0783,89.2794,25.5554,9.0783,89.2794,25.5554
2026-06-02 14:39:14.669,BASELINE,NEW_DATA,9.0800,89.2794,25.5554,9.0800,89.2794,25.5554
2026-06-02 14:39:14.705,BASELINE,NEW_DATA,9.0828,89.2794,25.5554,9.0828,89.2794,25.5554
2026-06-02 14:39:14.723,BASELINE,NEW_DATA,9.0804,89.2794,25.5554,9.0804,89.2794,25.5554
2026-06-02 14:39:14.732,BASELINE,NEW_DATA,9.0800,89.2678,25.5831,9.0800,89.2678,25.5831
2026-06-02 14:39:14.751,BASELINE,NEW_DATA,9.0804,89.2678,25.5831,9.0804,89.2678,25.5831
2026-06-02 14:39:14.772,BASELINE,NEW_DATA,9.0790,89.2678,25.5831,9.0790,89.2678,25.5831
2026-06-02 14:39:14.792,BASELINE,NEW_DATA,9.0790,89.2678,25.5831,9.0790,89.2678,25.5831
2026-06-02 14:39:14.813,BASELINE,NEW_DATA,9.0741,89.2678,25.5831,9.0741,89.2678,25.5831
2026-06-02 14:39:14.833,BASELINE,NEW_DATA,9.0769,89.2678,25.5831,9.0769,89.2678,25.5831
2026-06-02 14:39:14.853,BASELINE,NEW_DATA,9.0786,89.2678,25.5831,9.0786,89.2678,25.5831
2026-06-02 14:39:14.874,BASELINE,NEW_DATA,9.0766,89.2678,25.5831,9.0766,89.2678,25.5831
2026-06-02 14:39:14.894,BASELINE,NEW_DATA,9.0779,89.2678,25.5831,9.0779,89.2678,25.5831
2026-06-02 14:39:14.915,BASELINE,NEW_DATA,9.0741,89.2678,25.5831,9.0741,89.2678,25.5831
2026-06-02 14:39:14.936,BASELINE,NEW_DATA,9.0769,89.2678,25.5831,9.0769,89.2678,25.5831
2026-06-02 14:39:14.956,BASELINE,NEW_DATA,9.0762,89.2678,25.5831,9.0762,89.2678,25.5831
2026-06-02 14:39:14.976,BASELINE,NEW_DATA,9.0766,89.2678,25.5831,9.0766,89.2678,25.5831
2026-06-02 14:39:14.997,BASELINE,NEW_DATA,9.0748,89.2678,25.5831,9.0748,89.2678,25.5831
2026-06-02 14:39:15.018,BASELINE,NEW_DATA,9.0769,89.2678,25.5831,9.0769,89.2678,25.5831
2026-06-02 14:39:15.038,BASELINE,NEW_DATA,9.0745,89.2678,25.5831,9.0745,89.2678,25.5831
2026-06-02 14:39:15.058,BASELINE,NEW_DATA,9.0738,89.2678,25.5831,9.0738,89.2678,25.5831
2026-06-02 14:39:15.079,BASELINE,NEW_DATA,9.0748,89.2678,25.5831,9.0748,89.2678,25.5831
2026-06-02 14:39:15.099,BASELINE,NEW_DATA,9.0745,89.2678,25.5831,9.0745,89.2678,25.5831
2026-06-02 14:39:15.120,BASELINE,NEW_DATA,9.0710,89.2678,25.5831,9.0710,89.2678,25.5831
2026-06-02 14:39:15.140,BASELINE,NEW_DATA,9.0776,89.2678,25.5831,9.0776,89.2678,25.5831
2026-06-02 14:39:15.161,BASELINE,NEW_DATA,9.0824,89.2678,25.5831,9.0824,89.2678,25.5831
2026-06-02 14:39:15.181,BASELINE,NEW_DATA,9.0717,89.2678,25.5831,9.0717,89.2678,25.5831
2026-06-02 14:39:15.201,BASELINE,NEW_DATA,9.0682,89.2678,25.5831,9.0682,89.2678,25.5831
2026-06-02 14:39:15.225,BASELINE,NEW_DATA,9.0675,89.2678,25.5831,9.0675,89.2678,25.5831
2026-06-02 14:39:15.243,BASELINE,NEW_DATA,9.0668,89.3838,25.7278,9.0668,89.3838,25.7278
2026-06-02 14:39:15.265,BASELINE,NEW_DATA,9.0658,89.3838,25.7278,9.0658,89.3838,25.7278
2026-06-02 14:39:15.284,BASELINE,NEW_DATA,9.0658,89.3838,25.7278,9.0658,89.3838,25.7278
2026-06-02 14:39:15.305,BASELINE,NEW_DATA,9.0661,89.3838,25.7278,9.0661,89.3838,25.7278
2026-06-02 14:39:15.325,BASELINE,NEW_DATA,9.0655,89.3838,25.7278,9.0655,89.3838,25.7278
2026-06-02 14:39:15.345,BASELINE,NEW_DATA,9.0658,89.3838,25.7278,9.0658,89.3838,25.7278
2026-06-02 14:39:15.367,BASELINE,NEW_DATA,9.0665,89.3838,25.7278,9.0665,89.3838,25.7278
2026-06-02 14:39:15.387,BASELINE,NEW_DATA,9.0630,89.3838,25.7278,9.0630,89.3838,25.7278
2026-06-02 14:39:15.407,BASELINE,NEW_DATA,9.0623,89.3838,25.7278,9.0623,89.3838,25.7278
2026-06-02 14:39:15.428,BASELINE,NEW_DATA,9.0627,89.3838,25.7278,9.0627,89.3838,25.7278
2026-06-02 14:39:15.448,BASELINE,NEW_DATA,9.0578,89.3838,25.7278,9.0578,89.3838,25.7278
2026-06-02 14:39:15.468,BASELINE,NEW_DATA,9.0578,89.3838,25.7278,9.0578,89.3838,25.7278
2026-06-02 14:39:15.489,BASELINE,NEW_DATA,9.0578,89.3838,25.7278,9.0578,89.3838,25.7278
2026-06-02 14:39:15.509,BASELINE,NEW_DATA,9.0613,89.3838,25.7278,9.0613,89.3838,25.7278
2026-06-02 14:39:15.530,BASELINE,NEW_DATA,9.0651,89.3838,25.7278,9.0651,89.3838,25.7278
2026-06-02 14:39:15.551,BASELINE,NEW_DATA,9.0630,89.3838,25.7278,9.0630,89.3838,25.7278
2026-06-02 14:39:15.572,BASELINE,NEW_DATA,9.0679,89.3838,25.7278,9.0679,89.3838,25.7278
2026-06-02 14:39:15.592,BASELINE,NEW_DATA,9.0627,89.3838,25.7278,9.0627,89.3838,25.7278
2026-06-02 14:39:15.613,BASELINE,NEW_DATA,9.0616,89.3838,25.7278,9.0616,89.3838,25.7278
2026-06-02 14:39:15.633,BASELINE,NEW_DATA,9.0596,89.3838,25.7278,9.0596,89.3838,25.7278
2026-06-02 14:39:15.655,BASELINE,NEW_DATA,9.0578,89.3838,25.7278,9.0578,89.3838,25.7278
2026-06-02 14:39:15.675,BASELINE,NEW_DATA,9.0564,89.3838,25.7278,9.0564,89.3838,25.7278
2026-06-02 14:39:15.696,BASELINE,NEW_DATA,9.0575,89.3838,25.7278,9.0575,89.3838,25.7278
2026-06-02 14:39:15.716,BASELINE,NEW_DATA,9.0557,89.3838,25.7278,9.0557,89.3838,25.7278
2026-06-02 14:39:15.740,BASELINE,NEW_DATA,9.0481,89.3565,26.1758,9.0481,89.3565,26.1758
2026-06-02 14:39:15.759,BASELINE,NEW_DATA,9.0571,89.3565,26.1758,9.0571,89.3565,26.1758
2026-06-02 14:39:15.781,BASELINE,NEW_DATA,9.0551,89.3565,26.1758,9.0551,89.3565,26.1758
2026-06-02 14:39:15.801,BASELINE,NEW_DATA,9.0561,89.3565,26.1758,9.0561,89.3565,26.1758
2026-06-02 14:39:15.822,BASELINE,NEW_DATA,9.0547,89.3565,26.1758,9.0547,89.3565,26.1758
2026-06-02 14:39:15.842,BASELINE,NEW_DATA,9.0571,89.3565,26.1758,9.0571,89.3565,26.1758
2026-06-02 14:39:15.862,BASELINE,NEW_DATA,9.0609,89.3565,26.1758,9.0609,89.3565,26.1758
2026-06-02 14:39:15.883,BASELINE,NEW_DATA,9.0724,89.3565,26.1758,9.0724,89.3565,26.1758
2026-06-02 14:39:15.904,BASELINE,NEW_DATA,9.0575,89.3565,26.1758,9.0575,89.3565,26.1758
2026-06-02 14:39:15.924,BASELINE,NEW_DATA,9.0540,89.3565,26.1758,9.0540,89.3565,26.1758
2026-06-02 14:39:15.944,BASELINE,NEW_DATA,9.0575,89.3565,26.1758,9.0575,89.3565,26.1758
2026-06-02 14:39:15.965,BASELINE,NEW_DATA,9.0554,89.3565,26.1758,9.0554,89.3565,26.1758
2026-06-02 14:39:15.985,BASELINE,NEW_DATA,9.0540,89.3565,26.1758,9.0540,89.3565,26.1758
2026-06-02 14:39:16.005,BASELINE,NEW_DATA,9.0544,89.3565,26.1758,9.0544,89.3565,26.1758
2026-06-02 14:39:16.026,BASELINE,NEW_DATA,9.0540,89.3565,26.1758,9.0540,89.3565,26.1758
2026-06-02 14:39:16.046,BASELINE,NEW_DATA,9.0502,89.3565,26.1758,9.0502,89.3565,26.1758
2026-06-02 14:39:16.067,BASELINE,NEW_DATA,9.0498,89.3565,26.1758,9.0498,89.3565,26.1758
2026-06-02 14:39:16.088,BASELINE,NEW_DATA,9.0495,89.3565,26.1758,9.0495,89.3565,26.1758
2026-06-02 14:39:16.108,BASELINE,NEW_DATA,9.0526,89.3565,26.1758,9.0526,89.3565,26.1758
2026-06-02 14:39:16.128,BASELINE,NEW_DATA,9.0519,89.3565,26.1758,9.0519,89.3565,26.1758
2026-06-02 14:39:16.148,BASELINE,NEW_DATA,9.0516,89.3565,26.1758,9.0516,89.3565,26.1758
2026-06-02 14:39:16.168,BASELINE,NEW_DATA,9.0533,89.3565,26.1758,9.0533,89.3565,26.1758
2026-06-02 14:39:16.188,BASELINE,NEW_DATA,9.0516,89.3565,26.1758,9.0516,89.3565,26.1758
2026-06-02 14:39:16.209,BASELINE,NEW_DATA,9.0523,89.3565,26.1758,9.0523,89.3565,26.1758
2026-06-02 14:39:16.229,BASELINE,NEW_DATA,9.0512,89.1126,26.4116,9.0512,89.1126,26.4116
2026-06-02 14:39:16.252,BASELINE,NEW_DATA,9.0540,89.1126,26.4116,9.0540,89.1126,26.4116
2026-06-02 14:39:16.270,BASELINE,NEW_DATA,9.0492,89.1126,26.4116,9.0492,89.1126,26.4116
2026-06-02 14:39:16.291,BASELINE,NEW_DATA,9.0498,89.1126,26.4116,9.0498,89.1126,26.4116
2026-06-02 14:39:16.311,BASELINE,NEW_DATA,9.0498,89.1126,26.4116,9.0498,89.1126,26.4116
2026-06-02 14:39:16.332,BASELINE,NEW_DATA,9.0429,89.1126,26.4116,9.0429,89.1126,26.4116
2026-06-02 14:39:16.353,BASELINE,NEW_DATA,9.0374,89.1126,26.4116,9.0374,89.1126,26.4116
2026-06-02 14:39:16.374,BASELINE,NEW_DATA,9.0356,89.1126,26.4116,9.0356,89.1126,26.4116
2026-06-02 14:39:16.394,BASELINE,NEW_DATA,9.0346,89.1126,26.4116,9.0346,89.1126,26.4116
2026-06-02 14:39:16.414,BASELINE,NEW_DATA,9.0377,89.1126,26.4116,9.0377,89.1126,26.4116
2026-06-02 14:39:16.434,BASELINE,NEW_DATA,9.0336,89.1126,26.4116,9.0336,89.1126,26.4116
2026-06-02 14:39:16.455,BASELINE,NEW_DATA,9.0346,89.1126,26.4116,9.0346,89.1126,26.4116
2026-06-02 14:39:16.475,BASELINE,NEW_DATA,9.0318,89.1126,26.4116,9.0318,89.1126,26.4116
2026-06-02 14:39:16.497,BASELINE,NEW_DATA,9.0277,89.1126,26.4116,9.0277,89.1126,26.4116
2026-06-02 14:39:16.517,BASELINE,NEW_DATA,9.0252,89.1126,26.4116,9.0252,89.1126,26.4116
2026-06-02 14:39:16.537,BASELINE,NEW_DATA,9.0273,89.1126,26.4116,9.0273,89.1126,26.4116
2026-06-02 14:39:16.558,BASELINE,NEW_DATA,9.0245,89.1126,26.4116,9.0245,89.1126,26.4116
2026-06-02 14:39:16.580,BASELINE,NEW_DATA,9.0238,89.1126,26.4116,9.0238,89.1126,26.4116
2026-06-02 14:39:16.600,BASELINE,NEW_DATA,9.0204,89.1126,26.4116,9.0204,89.1126,26.4116
2026-06-02 14:39:16.620,BASELINE,NEW_DATA,9.0238,89.1126,26.4116,9.0238,89.1126,26.4116
2026-06-02 14:39:16.640,BASELINE,NEW_DATA,9.0391,89.1126,26.4116,9.0391,89.1126,26.4116
2026-06-02 14:39:16.662,BASELINE,NEW_DATA,9.0263,89.1126,26.4116,9.0263,89.1126,26.4116
2026-06-02 14:39:16.681,BASELINE,NEW_DATA,9.0207,89.1126,26.4116,9.0207,89.1126,26.4116
2026-06-02 14:39:16.702,BASELINE,NEW_DATA,9.0179,89.1126,26.4116,9.0179,89.1126,26.4116
2026-06-02 14:39:16.722,BASELINE,NEW_DATA,9.0204,89.1126,26.4116,9.0204,89.1126,26.4116
2026-06-02 14:39:16.744,BASELINE,NEW_DATA,9.0166,89.1856,26.5639,9.0166,89.1856,26.5639
2026-06-02 14:39:16.771,BASELINE,NEW_DATA,9.0186,89.1856,26.5639,9.0186,89.1856,26.5639
2026-06-02 14:39:16.784,BASELINE,NEW_DATA,9.0263,89.1856,26.5639,9.0263,89.1856,26.5639
2026-06-02 14:39:16.806,BASELINE,NEW_DATA,9.0266,89.1856,26.5639,9.0266,89.1856,26.5639
2026-06-02 14:39:16.827,BASELINE,NEW_DATA,9.0301,89.1856,26.5639,9.0301,89.1856,26.5639
2026-06-02 14:39:16.847,BASELINE,NEW_DATA,9.0256,89.1856,26.5639,9.0256,89.1856,26.5639
2026-06-02 14:39:16.868,BASELINE,NEW_DATA,9.0270,89.1856,26.5639,9.0270,89.1856,26.5639
2026-06-02 14:39:16.888,BASELINE,NEW_DATA,9.0290,89.1856,26.5639,9.0290,89.1856,26.5639
2026-06-02 14:39:16.909,BASELINE,NEW_DATA,9.0290,89.1856,26.5639,9.0290,89.1856,26.5639
2026-06-02 14:39:16.930,BASELINE,NEW_DATA,9.0315,89.1856,26.5639,9.0315,89.1856,26.5639
2026-06-02 14:39:16.950,BASELINE,NEW_DATA,9.0325,89.1856,26.5639,9.0325,89.1856,26.5639
2026-06-02 14:39:16.971,BASELINE,NEW_DATA,9.0342,89.1856,26.5639,9.0342,89.1856,26.5639
2026-06-02 14:39:16.991,BASELINE,NEW_DATA,9.0332,89.1856,26.5639,9.0332,89.1856,26.5639
2026-06-02 14:39:17.011,BASELINE,NEW_DATA,9.0336,89.1856,26.5639,9.0336,89.1856,26.5639
2026-06-02 14:39:17.031,BASELINE,NEW_DATA,9.0304,89.1856,26.5639,9.0304,89.1856,26.5639
2026-06-02 14:39:17.051,BASELINE,NEW_DATA,9.0360,89.1856,26.5639,9.0360,89.1856,26.5639
2026-06-02 14:39:17.073,BASELINE,NEW_DATA,9.0398,89.1856,26.5639,9.0398,89.1856,26.5639
2026-06-02 14:39:17.092,BASELINE,NEW_DATA,9.0401,89.1856,26.5639,9.0401,89.1856,26.5639
2026-06-02 14:39:17.116,BASELINE,NEW_DATA,9.0429,89.1856,26.5639,9.0429,89.1856,26.5639
2026-06-02 14:39:17.136,BASELINE,NEW_DATA,9.0467,89.1856,26.5639,9.0467,89.1856,26.5639
2026-06-02 14:39:17.156,BASELINE,NEW_DATA,9.0478,89.1856,26.5639,9.0478,89.1856,26.5639
2026-06-02 14:39:17.176,BASELINE,NEW_DATA,9.0464,89.1856,26.5639,9.0464,89.1856,26.5639
2026-06-02 14:39:17.196,BASELINE,NEW_DATA,9.0540,89.1856,26.5639,9.0540,89.1856,26.5639
2026-06-02 14:39:17.216,BASELINE,NEW_DATA,9.0603,89.1856,26.5639,9.0603,89.1856,26.5639
2026-06-02 14:39:17.236,BASELINE,NEW_DATA,9.0568,89.0549,26.4445,9.0568,89.0549,26.4445
2026-06-02 14:39:17.257,BASELINE,NEW_DATA,9.0485,89.0549,26.4445,9.0485,89.0549,26.4445
2026-06-02 14:39:17.281,BASELINE,NEW_DATA,9.0422,89.0549,26.4445,9.0422,89.0549,26.4445
2026-06-02 14:39:17.298,BASELINE,NEW_DATA,9.0381,89.0549,26.4445,9.0381,89.0549,26.4445
2026-06-02 14:39:17.318,BASELINE,NEW_DATA,9.0360,89.0549,26.4445,9.0360,89.0549,26.4445
2026-06-02 14:39:17.339,BASELINE,NEW_DATA,9.0304,89.0549,26.4445,9.0304,89.0549,26.4445
2026-06-02 14:39:17.360,BASELINE,NEW_DATA,9.0294,89.0549,26.4445,9.0294,89.0549,26.4445
2026-06-02 14:39:17.380,BASELINE,NEW_DATA,9.0325,89.0549,26.4445,9.0325,89.0549,26.4445
2026-06-02 14:39:17.401,BASELINE,NEW_DATA,9.0173,89.0549,26.4445,9.0173,89.0549,26.4445
2026-06-02 14:39:17.422,BASELINE,NEW_DATA,9.0110,89.0549,26.4445,9.0110,89.0549,26.4445
2026-06-02 14:39:17.442,BASELINE,NEW_DATA,9.0058,89.0549,26.4445,9.0058,89.0549,26.4445
2026-06-02 14:39:17.463,BASELINE,NEW_DATA,9.0013,89.0549,26.4445,9.0013,89.0549,26.4445
2026-06-02 14:39:17.484,BASELINE,NEW_DATA,8.9964,89.0549,26.4445,8.9964,89.0549,26.4445
2026-06-02 14:39:17.504,BASELINE,NEW_DATA,8.9971,89.0549,26.4445,8.9971,89.0549,26.4445
2026-06-02 14:39:17.524,BASELINE,NEW_DATA,8.9899,89.0549,26.4445,8.9899,89.0549,26.4445
2026-06-02 14:39:17.544,BASELINE,NEW_DATA,8.9888,89.0549,26.4445,8.9888,89.0549,26.4445
2026-06-02 14:39:17.565,BASELINE,NEW_DATA,8.9871,89.0549,26.4445,8.9871,89.0549,26.4445
2026-06-02 14:39:17.585,BASELINE,NEW_DATA,8.9860,89.0549,26.4445,8.9860,89.0549,26.4445
2026-06-02 14:39:17.606,BASELINE,NEW_DATA,8.9833,89.0549,26.4445,8.9833,89.0549,26.4445
2026-06-02 14:39:17.626,BASELINE,NEW_DATA,8.9829,89.0549,26.4445,8.9829,89.0549,26.4445
2026-06-02 14:39:17.646,BASELINE,NEW_DATA,8.9791,89.0549,26.4445,8.9791,89.0549,26.4445
2026-06-02 14:39:17.666,BASELINE,NEW_DATA,8.9763,89.0549,26.4445,8.9763,89.0549,26.4445
2026-06-02 14:39:17.687,BASELINE,NEW_DATA,8.9777,89.0549,26.4445,8.9777,89.0549,26.4445
2026-06-02 14:39:17.708,BASELINE,NEW_DATA,8.9736,89.0549,26.4445,8.9736,89.0549,26.4445
2026-06-02 14:39:17.729,BASELINE,NEW_DATA,8.9732,89.1445,27.8976,8.9732,89.1445,27.8976
2026-06-02 14:39:17.750,BASELINE,NEW_DATA,8.9690,89.1445,27.8976,8.9690,89.1445,27.8976
2026-06-02 14:39:17.771,BASELINE,NEW_DATA,8.9690,89.1445,27.8976,8.9690,89.1445,27.8976
2026-06-02 14:39:17.796,BASELINE,NEW_DATA,8.9690,89.1445,27.8976,8.9690,89.1445,27.8976
2026-06-02 14:39:17.810,BASELINE,NEW_DATA,8.9638,89.1445,27.8976,8.9638,89.1445,27.8976
2026-06-02 14:39:17.831,BASELINE,NEW_DATA,8.9670,89.1445,27.8976,8.9670,89.1445,27.8976
2026-06-02 14:39:17.852,BASELINE,NEW_DATA,8.9659,89.1445,27.8976,8.9659,89.1445,27.8976
2026-06-02 14:39:17.872,BASELINE,NEW_DATA,8.9690,89.1445,27.8976,8.9690,89.1445,27.8976
2026-06-02 14:39:17.892,BASELINE,NEW_DATA,8.9690,89.1445,27.8976,8.9690,89.1445,27.8976
2026-06-02 14:39:17.913,BASELINE,NEW_DATA,8.9687,89.1445,27.8976,8.9687,89.1445,27.8976
2026-06-02 14:39:17.933,BASELINE,NEW_DATA,8.9670,89.1445,27.8976,8.9670,89.1445,27.8976
2026-06-02 14:39:17.953,BASELINE,NEW_DATA,8.9652,89.1445,27.8976,8.9652,89.1445,27.8976
2026-06-02 14:39:17.973,BASELINE,NEW_DATA,8.9632,89.1445,27.8976,8.9632,89.1445,27.8976
2026-06-02 14:39:17.995,BASELINE,NEW_DATA,8.9684,89.1445,27.8976,8.9684,89.1445,27.8976
2026-06-02 14:39:18.014,BASELINE,NEW_DATA,8.9739,89.1445,27.8976,8.9739,89.1445,27.8976
2026-06-02 14:39:18.034,BASELINE,NEW_DATA,8.9715,89.1445,27.8976,8.9715,89.1445,27.8976
2026-06-02 14:39:18.055,BASELINE,NEW_DATA,8.9677,89.1445,27.8976,8.9677,89.1445,27.8976
2026-06-02 14:39:18.075,BASELINE,NEW_DATA,8.9638,89.1445,27.8976,8.9638,89.1445,27.8976
2026-06-02 14:39:18.096,BASELINE,NEW_DATA,8.9638,89.1445,27.8976,8.9638,89.1445,27.8976
2026-06-02 14:39:18.117,BASELINE,NEW_DATA,8.9635,89.1445,27.8976,8.9635,89.1445,27.8976
2026-06-02 14:39:18.138,BASELINE,NEW_DATA,8.9642,89.1445,27.8976,8.9642,89.1445,27.8976
2026-06-02 14:39:18.158,BASELINE,NEW_DATA,8.9638,89.1445,27.8976,8.9638,89.1445,27.8976
2026-06-02 14:39:18.179,BASELINE,NEW_DATA,8.9663,89.1445,27.8976,8.9663,89.1445,27.8976
2026-06-02 14:39:18.199,BASELINE,NEW_DATA,8.9656,89.1445,27.8976,8.9656,89.1445,27.8976
2026-06-02 14:39:18.219,BASELINE,NEW_DATA,8.9666,89.1445,27.8976,8.9666,89.1445,27.8976
2026-06-02 14:39:18.239,BASELINE,NEW_DATA,8.9687,89.1445,27.8043,8.9687,89.1445,27.8043
2026-06-02 14:39:18.260,BASELINE,NEW_DATA,8.9666,89.1445,27.8043,8.9666,89.1445,27.8043
2026-06-02 14:39:18.280,BASELINE,NEW_DATA,8.9670,89.1445,27.8043,8.9670,89.1445,27.8043
2026-06-02 14:39:18.303,BASELINE,NEW_DATA,8.9659,89.1445,27.8043,8.9659,89.1445,27.8043
2026-06-02 14:39:18.322,BASELINE,NEW_DATA,8.9649,89.1445,27.8043,8.9649,89.1445,27.8043
2026-06-02 14:39:18.342,BASELINE,NEW_DATA,8.9659,89.1445,27.8043,8.9659,89.1445,27.8043
2026-06-02 14:39:18.363,BASELINE,NEW_DATA,8.9632,89.1445,27.8043,8.9632,89.1445,27.8043
2026-06-02 14:39:18.383,BASELINE,NEW_DATA,8.9684,89.1445,27.8043,8.9684,89.1445,27.8043
2026-06-02 14:39:18.404,BASELINE,NEW_DATA,8.9670,89.1445,27.8043,8.9670,89.1445,27.8043
2026-06-02 14:39:18.424,BASELINE,NEW_DATA,8.9638,89.1445,27.8043,8.9638,89.1445,27.8043
2026-06-02 14:39:18.444,BASELINE,NEW_DATA,8.9690,89.1445,27.8043,8.9690,89.1445,27.8043
2026-06-02 14:39:18.465,BASELINE,NEW_DATA,8.9666,89.1445,27.8043,8.9666,89.1445,27.8043
2026-06-02 14:39:18.486,BASELINE,NEW_DATA,8.9659,89.1445,27.8043,8.9659,89.1445,27.8043
2026-06-02 14:39:18.507,BASELINE,NEW_DATA,8.9652,89.1445,27.8043,8.9652,89.1445,27.8043
2026-06-02 14:39:18.528,BASELINE,NEW_DATA,8.9666,89.1445,27.8043,8.9666,89.1445,27.8043
2026-06-02 14:39:18.548,BASELINE,NEW_DATA,8.9663,89.1445,27.8043,8.9663,89.1445,27.8043
2026-06-02 14:39:18.568,BASELINE,NEW_DATA,8.9684,89.1445,27.8043,8.9684,89.1445,27.8043
2026-06-02 14:39:18.589,BASELINE,NEW_DATA,8.9666,89.1445,27.8043,8.9666,89.1445,27.8043
2026-06-02 14:39:18.609,BASELINE,NEW_DATA,8.9670,89.1445,27.8043,8.9670,89.1445,27.8043
2026-06-02 14:39:18.629,BASELINE,NEW_DATA,8.9680,89.1445,27.8043,8.9680,89.1445,27.8043
2026-06-02 14:39:18.650,BASELINE,NEW_DATA,8.9690,89.1445,27.8043,8.9690,89.1445,27.8043
2026-06-02 14:39:18.670,BASELINE,NEW_DATA,8.9690,89.1445,27.8043,8.9690,89.1445,27.8043
2026-06-02 14:39:18.691,BASELINE,NEW_DATA,8.9687,89.1445,27.8043,8.9687,89.1445,27.8043
2026-06-02 14:39:18.711,BASELINE,NEW_DATA,8.9690,89.1445,27.8043,8.9690,89.1445,27.8043
2026-06-02 14:39:18.732,BASELINE,NEW_DATA,8.9746,88.9425,28.9868,8.9746,88.9425,28.9868
2026-06-02 14:39:18.752,BASELINE,NEW_DATA,8.9843,88.9425,28.9868,8.9843,88.9425,28.9868
2026-06-02 14:39:18.773,BASELINE,NEW_DATA,8.9708,88.9425,28.9868,8.9708,88.9425,28.9868
2026-06-02 14:39:18.794,BASELINE,NEW_DATA,8.9690,88.9425,28.9868,8.9690,88.9425,28.9868
2026-06-02 14:39:18.818,BASELINE,NEW_DATA,8.9708,88.9425,28.9868,8.9708,88.9425,28.9868
2026-06-02 14:39:18.835,BASELINE,NEW_DATA,8.9729,88.9425,28.9868,8.9729,88.9425,28.9868
2026-06-02 14:39:18.855,BASELINE,NEW_DATA,8.9763,88.9425,28.9868,8.9763,88.9425,28.9868
2026-06-02 14:39:18.876,BASELINE,NEW_DATA,8.9749,88.9425,28.9868,8.9749,88.9425,28.9868
2026-06-02 14:39:18.897,BASELINE,NEW_DATA,8.9777,88.9425,28.9868,8.9777,88.9425,28.9868
2026-06-02 14:39:18.917,BASELINE,NEW_DATA,8.9791,88.9425,28.9868,8.9791,88.9425,28.9868
2026-06-02 14:39:18.938,BASELINE,NEW_DATA,8.9843,88.9425,28.9868,8.9843,88.9425,28.9868
2026-06-02 14:39:18.958,BASELINE,NEW_DATA,8.9847,88.9425,28.9868,8.9847,88.9425,28.9868
2026-06-02 14:39:18.978,BASELINE,NEW_DATA,8.9857,88.9425,28.9868,8.9857,88.9425,28.9868
2026-06-02 14:39:18.999,BASELINE,NEW_DATA,8.9840,88.9425,28.9868,8.9840,88.9425,28.9868
2026-06-02 14:39:19.019,BASELINE,NEW_DATA,8.9819,88.9425,28.9868,8.9819,88.9425,28.9868
2026-06-02 14:39:19.039,BASELINE,NEW_DATA,8.9815,88.9425,28.9868,8.9815,88.9425,28.9868
2026-06-02 14:39:19.059,BASELINE,NEW_DATA,8.9767,88.9425,28.9868,8.9767,88.9425,28.9868
2026-06-02 14:39:19.080,BASELINE,NEW_DATA,8.9763,88.9425,28.9868,8.9763,88.9425,28.9868
2026-06-02 14:39:19.100,BASELINE,NEW_DATA,8.9736,88.9425,28.9868,8.9736,88.9425,28.9868
2026-06-02 14:39:19.121,BASELINE,NEW_DATA,8.9749,88.9425,28.9868,8.9749,88.9425,28.9868
2026-06-02 14:39:19.141,BASELINE,NEW_DATA,8.9732,88.9425,28.9868,8.9732,88.9425,28.9868
2026-06-02 14:39:19.162,BASELINE,NEW_DATA,8.9690,88.9425,28.9868,8.9690,88.9425,28.9868
2026-06-02 14:39:19.183,BASELINE,NEW_DATA,8.9708,88.9425,28.9868,8.9708,88.9425,28.9868
2026-06-02 14:39:19.203,BASELINE,NEW_DATA,8.9652,88.9425,28.9868,8.9652,88.9425,28.9868
2026-06-02 14:39:19.223,BASELINE,NEW_DATA,8.9666,88.9425,28.9868,8.9666,88.9425,28.9868
2026-06-02 14:39:19.243,BASELINE,NEW_DATA,8.9659,88.5946,29.3662,8.9659,88.5946,29.3662
2026-06-02 14:39:19.263,BASELINE,NEW_DATA,8.9597,88.5946,29.3662,8.9597,88.5946,29.3662
2026-06-02 14:39:19.284,BASELINE,NEW_DATA,8.9625,88.5946,29.3662,8.9625,88.5946,29.3662
2026-06-02 14:39:19.305,BASELINE,NEW_DATA,8.9604,88.5946,29.3662,8.9604,88.5946,29.3662
2026-06-02 14:39:19.329,BASELINE,NEW_DATA,8.9583,88.5946,29.3662,8.9583,88.5946,29.3662
2026-06-02 14:39:19.347,BASELINE,NEW_DATA,8.9590,88.5946,29.3662,8.9590,88.5946,29.3662
2026-06-02 14:39:19.368,BASELINE,NEW_DATA,8.9562,88.5946,29.3662,8.9562,88.5946,29.3662
2026-06-02 14:39:19.388,BASELINE,NEW_DATA,8.9555,88.5946,29.3662,8.9555,88.5946,29.3662
2026-06-02 14:39:19.409,BASELINE,NEW_DATA,8.9552,88.5946,29.3662,8.9552,88.5946,29.3662
2026-06-02 14:39:19.430,BASELINE,NEW_DATA,8.9555,88.5946,29.3662,8.9555,88.5946,29.3662
2026-06-02 14:39:19.450,BASELINE,NEW_DATA,8.9562,88.5946,29.3662,8.9562,88.5946,29.3662
2026-06-02 14:39:19.470,BASELINE,NEW_DATA,8.9517,88.5946,29.3662,8.9517,88.5946,29.3662
2026-06-02 14:39:19.491,BASELINE,NEW_DATA,8.9500,88.5946,29.3662,8.9500,88.5946,29.3662
2026-06-02 14:39:19.511,BASELINE,NEW_DATA,8.9482,88.5946,29.3662,8.9482,88.5946,29.3662
2026-06-02 14:39:19.532,BASELINE,NEW_DATA,8.9493,88.5946,29.3662,8.9493,88.5946,29.3662
2026-06-02 14:39:19.552,BASELINE,NEW_DATA,8.9517,88.5946,29.3662,8.9517,88.5946,29.3662
2026-06-02 14:39:19.573,BASELINE,NEW_DATA,8.9573,88.5946,29.3662,8.9573,88.5946,29.3662
2026-06-02 14:39:19.593,BASELINE,NEW_DATA,8.9465,88.5946,29.3662,8.9465,88.5946,29.3662
2026-06-02 14:39:19.613,BASELINE,NEW_DATA,8.9396,88.5946,29.3662,8.9396,88.5946,29.3662
2026-06-02 14:39:19.634,BASELINE,NEW_DATA,8.9423,88.5946,29.3662,8.9423,88.5946,29.3662
2026-06-02 14:39:19.654,BASELINE,NEW_DATA,8.9392,88.5946,29.3662,8.9392,88.5946,29.3662
2026-06-02 14:39:19.675,BASELINE,NEW_DATA,8.9385,88.5946,29.3662,8.9385,88.5946,29.3662
2026-06-02 14:39:19.695,BASELINE,NEW_DATA,8.9358,88.5946,29.3662,8.9358,88.5946,29.3662
2026-06-02 14:39:19.716,BASELINE,NEW_DATA,8.9354,88.5946,29.3662,8.9354,88.5946,29.3662
2026-06-02 14:39:19.736,BASELINE,NEW_DATA,8.9358,88.4436,29.3662,8.9358,88.4436,29.3662
2026-06-02 14:39:19.756,BASELINE,NEW_DATA,8.9368,88.4436,29.3662,8.9368,88.4436,29.3662
2026-06-02 14:39:19.776,BASELINE,NEW_DATA,8.9347,88.4436,29.3662,8.9347,88.4436,29.3662
2026-06-02 14:39:19.796,BASELINE,NEW_DATA,8.9382,88.4436,29.3662,8.9382,88.4436,29.3662
2026-06-02 14:39:19.816,BASELINE,NEW_DATA,8.9364,88.4436,29.3662,8.9364,88.4436,29.3662
2026-06-02 14:39:19.839,BASELINE,NEW_DATA,8.9351,88.4436,29.3662,8.9351,88.4436,29.3662
2026-06-02 14:39:19.858,BASELINE,NEW_DATA,8.9319,88.4436,29.3662,8.9319,88.4436,29.3662
2026-06-02 14:39:19.878,BASELINE,NEW_DATA,8.9208,88.4436,29.3662,8.9208,88.4436,29.3662
2026-06-02 14:39:19.899,BASELINE,NEW_DATA,8.9319,88.4436,29.3662,8.9319,88.4436,29.3662
2026-06-02 14:39:19.920,BASELINE,NEW_DATA,8.9302,88.4436,29.3662,8.9302,88.4436,29.3662
2026-06-02 14:39:19.941,BASELINE,NEW_DATA,8.9309,88.4436,29.3662,8.9309,88.4436,29.3662
2026-06-02 14:39:19.962,BASELINE,NEW_DATA,8.9295,88.4436,29.3662,8.9295,88.4436,29.3662
2026-06-02 14:39:19.983,BASELINE,NEW_DATA,8.9274,88.4436,29.3662,8.9274,88.4436,29.3662
2026-06-02 14:39:20.003,BASELINE,NEW_DATA,8.9299,88.4436,29.3662,8.9299,88.4436,29.3662
2026-06-02 14:39:20.023,BASELINE,NEW_DATA,8.9281,88.4436,29.3662,8.9281,88.4436,29.3662
2026-06-02 14:39:20.043,BASELINE,NEW_DATA,8.9292,88.4436,29.3662,8.9292,88.4436,29.3662
2026-06-02 14:39:20.064,BASELINE,NEW_DATA,8.9323,88.4436,29.3662,8.9323,88.4436,29.3662
2026-06-02 14:39:20.085,BASELINE,NEW_DATA,8.9333,88.4436,29.3662,8.9333,88.4436,29.3662
2026-06-02 14:39:20.105,BASELINE,NEW_DATA,8.9337,88.4436,29.3662,8.9337,88.4436,29.3662
2026-06-02 14:39:20.126,BASELINE,NEW_DATA,8.9410,88.4436,29.3662,8.9410,88.4436,29.3662
2026-06-02 14:39:20.146,BASELINE,NEW_DATA,8.9489,88.4436,29.3662,8.9489,88.4436,29.3662
2026-06-02 14:39:20.166,BASELINE,NEW_DATA,8.9548,88.4436,29.3662,8.9548,88.4436,29.3662
2026-06-02 14:39:20.187,BASELINE,NEW_DATA,8.9552,88.4436,29.3662,8.9552,88.4436,29.3662
2026-06-02 14:39:20.208,BASELINE,NEW_DATA,8.9517,88.4436,29.3662,8.9517,88.4436,29.3662
2026-06-02 14:39:20.228,BASELINE,NEW_DATA,8.9521,88.1868,29.2322,8.9521,88.1868,29.2322
2026-06-02 14:39:20.248,BASELINE,NEW_DATA,8.9489,88.1868,29.2322,8.9489,88.1868,29.2322
2026-06-02 14:39:20.269,BASELINE,NEW_DATA,8.9500,88.1868,29.2322,8.9500,88.1868,29.2322
2026-06-02 14:39:20.289,BASELINE,NEW_DATA,8.9576,88.1868,29.2322,8.9576,88.1868,29.2322
2026-06-02 14:39:20.310,BASELINE,NEW_DATA,8.9479,88.1868,29.2322,8.9479,88.1868,29.2322
2026-06-02 14:39:20.330,BASELINE,NEW_DATA,8.9462,88.1868,29.2322,8.9462,88.1868,29.2322
2026-06-02 14:39:20.354,BASELINE,NEW_DATA,8.9430,88.1868,29.2322,8.9430,88.1868,29.2322
2026-06-02 14:39:20.372,BASELINE,NEW_DATA,8.9458,88.1868,29.2322,8.9458,88.1868,29.2322
2026-06-02 14:39:20.392,BASELINE,NEW_DATA,8.9444,88.1868,29.2322,8.9444,88.1868,29.2322
2026-06-02 14:39:20.413,BASELINE,NEW_DATA,8.9448,88.1868,29.2322,8.9448,88.1868,29.2322
2026-06-02 14:39:20.433,BASELINE,NEW_DATA,8.9465,88.1868,29.2322,8.9465,88.1868,29.2322
2026-06-02 14:39:20.454,BASELINE,NEW_DATA,8.9493,88.1868,29.2322,8.9493,88.1868,29.2322
2026-06-02 14:39:20.474,BASELINE,NEW_DATA,8.9486,88.1868,29.2322,8.9486,88.1868,29.2322
2026-06-02 14:39:20.494,BASELINE,NEW_DATA,8.9486,88.1868,29.2322,8.9486,88.1868,29.2322
2026-06-02 14:39:20.515,BASELINE,NEW_DATA,8.9489,88.1868,29.2322,8.9489,88.1868,29.2322
2026-06-02 14:39:20.536,BASELINE,NEW_DATA,8.9507,88.1868,29.2322,8.9507,88.1868,29.2322
2026-06-02 14:39:20.556,BASELINE,NEW_DATA,8.9545,88.1868,29.2322,8.9545,88.1868,29.2322
2026-06-02 14:39:20.576,BASELINE,NEW_DATA,8.9552,88.1868,29.2322,8.9552,88.1868,29.2322
2026-06-02 14:39:20.596,BASELINE,NEW_DATA,8.9555,88.1868,29.2322,8.9555,88.1868,29.2322
2026-06-02 14:39:20.617,BASELINE,NEW_DATA,8.9562,88.1868,29.2322,8.9562,88.1868,29.2322
2026-06-02 14:39:20.637,BASELINE,NEW_DATA,8.9562,88.1868,29.2322,8.9562,88.1868,29.2322
2026-06-02 14:39:20.658,BASELINE,NEW_DATA,8.9579,88.1868,29.2322,8.9579,88.1868,29.2322
2026-06-02 14:39:20.679,BASELINE,NEW_DATA,8.9586,88.1868,29.2322,8.9586,88.1868,29.2322
2026-06-02 14:39:20.700,BASELINE,NEW_DATA,8.9579,88.1868,29.2322,8.9579,88.1868,29.2322
2026-06-02 14:39:20.721,BASELINE,NEW_DATA,8.9607,88.1868,29.2322,8.9607,88.1868,29.2322
2026-06-02 14:39:20.742,BASELINE,NEW_DATA,8.9583,87.9115,29.9088,8.9583,87.9115,29.9088
2026-06-02 14:39:20.762,BASELINE,NEW_DATA,8.9555,87.9115,29.9088,8.9555,87.9115,29.9088
2026-06-02 14:39:20.782,BASELINE,NEW_DATA,8.9593,87.9115,29.9088,8.9593,87.9115,29.9088
2026-06-02 14:39:20.802,BASELINE,NEW_DATA,8.9555,87.9115,29.9088,8.9555,87.9115,29.9088
2026-06-02 14:39:20.822,BASELINE,NEW_DATA,8.9625,87.9115,29.9088,8.9625,87.9115,29.9088
2026-06-02 14:39:20.842,BASELINE,NEW_DATA,8.9652,87.9115,29.9088,8.9652,87.9115,29.9088
2026-06-02 14:39:20.866,BASELINE,NEW_DATA,8.9673,87.9115,29.9088,8.9673,87.9115,29.9088
2026-06-02 14:39:20.884,BASELINE,NEW_DATA,8.9690,87.9115,29.9088,8.9690,87.9115,29.9088
2026-06-02 14:39:20.904,BASELINE,NEW_DATA,8.9718,87.9115,29.9088,8.9718,87.9115,29.9088
2026-06-02 14:39:20.924,BASELINE,NEW_DATA,8.9736,87.9115,29.9088,8.9736,87.9115,29.9088
2026-06-02 14:39:20.944,BASELINE,NEW_DATA,8.9763,87.9115,29.9088,8.9763,87.9115,29.9088
2026-06-02 14:39:20.965,BASELINE,NEW_DATA,8.9791,87.9115,29.9088,8.9791,87.9115,29.9088
2026-06-02 14:39:20.986,BASELINE,NEW_DATA,8.9874,87.9115,29.9088,8.9874,87.9115,29.9088
2026-06-02 14:39:21.007,BASELINE,NEW_DATA,8.9867,87.9115,29.9088,8.9867,87.9115,29.9088
2026-06-02 14:39:21.027,BASELINE,NEW_DATA,8.9777,87.9115,29.9088,8.9777,87.9115,29.9088
2026-06-02 14:39:21.048,BASELINE,NEW_DATA,8.9749,87.9115,29.9088,8.9749,87.9115,29.9088
2026-06-02 14:39:21.068,BASELINE,NEW_DATA,8.9690,87.9115,29.9088,8.9690,87.9115,29.9088
2026-06-02 14:39:21.089,BASELINE,NEW_DATA,8.9732,87.9115,29.9088,8.9732,87.9115,29.9088
2026-06-02 14:39:21.109,BASELINE,NEW_DATA,8.9770,87.9115,29.9088,8.9770,87.9115,29.9088
2026-06-02 14:39:21.129,BASELINE,NEW_DATA,8.9826,87.9115,29.9088,8.9826,87.9115,29.9088
2026-06-02 14:39:21.149,BASELINE,NEW_DATA,8.9840,87.9115,29.9088,8.9840,87.9115,29.9088
2026-06-02 14:39:21.169,BASELINE,NEW_DATA,8.9902,87.9115,29.9088,8.9902,87.9115,29.9088
2026-06-02 14:39:21.189,BASELINE,NEW_DATA,8.9957,87.9115,29.9088,8.9957,87.9115,29.9088
2026-06-02 14:39:21.211,BASELINE,NEW_DATA,8.9971,87.9115,29.9088,8.9971,87.9115,29.9088
2026-06-02 14:39:21.230,BASELINE,NEW_DATA,8.9999,87.6669,30.0793,8.9999,87.6669,30.0793
2026-06-02 14:39:21.251,BASELINE,NEW_DATA,8.9992,87.6669,30.0793,8.9992,87.6669,30.0793
2026-06-02 14:39:21.272,BASELINE,NEW_DATA,9.0016,87.6669,30.0793,9.0016,87.6669,30.0793
2026-06-02 14:39:21.293,BASELINE,NEW_DATA,8.9992,87.6669,30.0793,8.9992,87.6669,30.0793
2026-06-02 14:39:21.313,BASELINE,NEW_DATA,8.9992,87.6669,30.0793,8.9992,87.6669,30.0793
2026-06-02 14:39:21.333,BASELINE,NEW_DATA,8.9992,87.6669,30.0793,8.9992,87.6669,30.0793
2026-06-02 14:39:21.354,BASELINE,NEW_DATA,8.9996,87.6669,30.0793,8.9996,87.6669,30.0793
2026-06-02 14:39:21.378,BASELINE,NEW_DATA,9.0027,87.6669,30.0793,9.0027,87.6669,30.0793
2026-06-02 14:39:21.395,BASELINE,NEW_DATA,8.9930,87.6669,30.0793,8.9930,87.6669,30.0793
2026-06-02 14:39:21.415,BASELINE,NEW_DATA,9.0041,87.6669,30.0793,9.0041,87.6669,30.0793
2026-06-02 14:39:21.436,BASELINE,NEW_DATA,9.0079,87.6669,30.0793,9.0079,87.6669,30.0793
2026-06-02 14:39:21.457,BASELINE,NEW_DATA,9.0079,87.6669,30.0793,9.0079,87.6669,30.0793
2026-06-02 14:39:21.478,BASELINE,NEW_DATA,9.0131,87.6669,30.0793,9.0131,87.6669,30.0793
2026-06-02 14:39:21.498,BASELINE,NEW_DATA,9.0114,87.6669,30.0793,9.0114,87.6669,30.0793
2026-06-02 14:39:21.520,BASELINE,NEW_DATA,9.0152,87.6669,30.0793,9.0152,87.6669,30.0793
2026-06-02 14:39:21.540,BASELINE,NEW_DATA,9.0162,87.6669,30.0793,9.0162,87.6669,30.0793
2026-06-02 14:39:21.560,BASELINE,NEW_DATA,9.0197,87.6669,30.0793,9.0197,87.6669,30.0793
2026-06-02 14:39:21.580,BASELINE,NEW_DATA,9.0186,87.6669,30.0793,9.0186,87.6669,30.0793
2026-06-02 14:39:21.600,BASELINE,NEW_DATA,9.0207,87.6669,30.0793,9.0207,87.6669,30.0793
2026-06-02 14:39:21.620,BASELINE,NEW_DATA,9.0249,87.6669,30.0793,9.0249,87.6669,30.0793
2026-06-02 14:39:21.640,BASELINE,NEW_DATA,9.0214,87.6669,30.0793,9.0214,87.6669,30.0793
2026-06-02 14:39:21.661,BASELINE,NEW_DATA,9.0242,87.6669,30.0793,9.0242,87.6669,30.0793
2026-06-02 14:39:21.681,BASELINE,NEW_DATA,9.0311,87.6669,30.0793,9.0311,87.6669,30.0793
2026-06-02 14:39:21.702,BASELINE,NEW_DATA,9.0436,87.6669,30.0793,9.0436,87.6669,30.0793
2026-06-02 14:39:21.723,BASELINE,NEW_DATA,9.0263,87.6669,30.0793,9.0263,87.6669,30.0793
2026-06-02 14:39:21.743,BASELINE,NEW_DATA,9.0287,87.3318,29.9039,9.0287,87.3318,29.9039
2026-06-02 14:39:21.764,BASELINE,NEW_DATA,9.0339,87.3318,29.9039,9.0339,87.3318,29.9039
2026-06-02 14:39:21.784,BASELINE,NEW_DATA,9.0332,87.3318,29.9039,9.0332,87.3318,29.9039
2026-06-02 14:39:21.804,BASELINE,NEW_DATA,9.0346,87.3318,29.9039,9.0346,87.3318,29.9039
2026-06-02 14:39:21.825,BASELINE,NEW_DATA,9.0377,87.3318,29.9039,9.0377,87.3318,29.9039
2026-06-02 14:39:21.845,BASELINE,NEW_DATA,9.0391,87.3318,29.9039,9.0391,87.3318,29.9039
2026-06-02 14:39:21.865,BASELINE,NEW_DATA,9.0426,87.3318,29.9039,9.0426,87.3318,29.9039
2026-06-02 14:39:21.890,BASELINE,NEW_DATA,9.0436,87.3318,29.9039,9.0436,87.3318,29.9039
2026-06-02 14:39:21.906,BASELINE,NEW_DATA,9.0460,87.3318,29.9039,9.0460,87.3318,29.9039
2026-06-02 14:39:21.926,BASELINE,NEW_DATA,9.0464,87.3318,29.9039,9.0464,87.3318,29.9039
2026-06-02 14:39:21.946,BASELINE,NEW_DATA,9.0471,87.3318,29.9039,9.0471,87.3318,29.9039
2026-06-02 14:39:21.967,BASELINE,NEW_DATA,9.0474,87.3318,29.9039,9.0474,87.3318,29.9039
2026-06-02 14:39:21.988,BASELINE,NEW_DATA,9.0460,87.3318,29.9039,9.0460,87.3318,29.9039
2026-06-02 14:39:22.008,BASELINE,NEW_DATA,9.0485,87.3318,29.9039,9.0485,87.3318,29.9039
2026-06-02 14:39:22.028,BASELINE,NEW_DATA,9.0460,87.3318,29.9039,9.0460,87.3318,29.9039
2026-06-02 14:39:22.048,BASELINE,NEW_DATA,9.0502,87.3318,29.9039,9.0502,87.3318,29.9039
2026-06-02 14:39:22.069,BASELINE,NEW_DATA,9.0512,87.3318,29.9039,9.0512,87.3318,29.9039
2026-06-02 14:39:22.089,BASELINE,NEW_DATA,9.0509,87.3318,29.9039,9.0509,87.3318,29.9039
2026-06-02 14:39:22.109,BASELINE,NEW_DATA,9.0502,87.3318,29.9039,9.0502,87.3318,29.9039
2026-06-02 14:39:22.129,BASELINE,NEW_DATA,9.0533,87.3318,29.9039,9.0533,87.3318,29.9039
2026-06-02 14:39:22.149,BASELINE,NEW_DATA,9.0530,87.3318,29.9039,9.0530,87.3318,29.9039
2026-06-02 14:39:22.169,BASELINE,NEW_DATA,9.0554,87.3318,29.9039,9.0554,87.3318,29.9039
2026-06-02 14:39:22.190,BASELINE,NEW_DATA,9.0547,87.3318,29.9039,9.0547,87.3318,29.9039
2026-06-02 14:39:22.211,BASELINE,NEW_DATA,9.0516,87.3318,29.9039,9.0516,87.3318,29.9039
2026-06-02 14:39:22.231,BASELINE,NEW_DATA,9.0561,86.9948,29.8977,9.0561,86.9948,29.8977
2026-06-02 14:39:22.251,BASELINE,NEW_DATA,9.0568,86.9948,29.8977,9.0568,86.9948,29.8977
2026-06-02 14:39:22.272,BASELINE,NEW_DATA,9.0578,86.9948,29.8977,9.0578,86.9948,29.8977
2026-06-02 14:39:22.293,BASELINE,NEW_DATA,9.0578,86.9948,29.8977,9.0578,86.9948,29.8977
2026-06-02 14:39:22.314,BASELINE,NEW_DATA,9.0578,86.9948,29.8977,9.0578,86.9948,29.8977
2026-06-02 14:39:22.335,BASELINE,NEW_DATA,9.0578,86.9948,29.8977,9.0578,86.9948,29.8977
2026-06-02 14:39:22.356,BASELINE,NEW_DATA,9.0623,86.9948,29.8977,9.0623,86.9948,29.8977
2026-06-02 14:39:22.377,BASELINE,NEW_DATA,9.0616,86.9948,29.8977,9.0616,86.9948,29.8977
2026-06-02 14:39:22.400,BASELINE,NEW_DATA,9.0679,86.9948,29.8977,9.0679,86.9948,29.8977
2026-06-02 14:39:22.419,BASELINE,NEW_DATA,9.0672,86.9948,29.8977,9.0672,86.9948,29.8977
2026-06-02 14:39:22.439,BASELINE,NEW_DATA,9.0578,86.9948,29.8977,9.0578,86.9948,29.8977
2026-06-02 14:39:22.459,BASELINE,NEW_DATA,9.0651,86.9948,29.8977,9.0651,86.9948,29.8977
2026-06-02 14:39:22.479,BASELINE,NEW_DATA,9.0655,86.9948,29.8977,9.0655,86.9948,29.8977
2026-06-02 14:39:22.500,BASELINE,NEW_DATA,9.0665,86.9948,29.8977,9.0665,86.9948,29.8977
2026-06-02 14:39:22.520,BASELINE,NEW_DATA,9.0658,86.9948,29.8977,9.0658,86.9948,29.8977
2026-06-02 14:39:22.541,BASELINE,NEW_DATA,9.0703,86.9948,29.8977,9.0703,86.9948,29.8977
2026-06-02 14:39:22.561,BASELINE,NEW_DATA,9.0707,86.9948,29.8977,9.0707,86.9948,29.8977
2026-06-02 14:39:22.582,BASELINE,NEW_DATA,9.0707,86.9948,29.8977,9.0707,86.9948,29.8977
2026-06-02 14:39:22.602,BASELINE,NEW_DATA,9.0724,86.9948,29.8977,9.0724,86.9948,29.8977
2026-06-02 14:39:22.622,BASELINE,NEW_DATA,9.0707,86.9948,29.8977,9.0707,86.9948,29.8977
2026-06-02 14:39:22.642,BASELINE,NEW_DATA,9.0755,86.9948,29.8977,9.0755,86.9948,29.8977
2026-06-02 14:39:22.663,BASELINE,NEW_DATA,9.0759,86.9948,29.8977,9.0759,86.9948,29.8977
2026-06-02 14:39:22.684,BASELINE,NEW_DATA,9.0755,86.9948,29.8977,9.0755,86.9948,29.8977
2026-06-02 14:39:22.704,BASELINE,NEW_DATA,9.0752,86.9948,29.8977,9.0752,86.9948,29.8977
2026-06-02 14:39:22.724,BASELINE,NEW_DATA,9.0734,86.9948,29.8977,9.0734,86.9948,29.8977
2026-06-02 14:39:22.744,BASELINE,NEW_DATA,9.0724,86.9568,29.7964,9.0724,86.9568,29.7964
2026-06-02 14:39:22.764,BASELINE,NEW_DATA,9.0741,86.9568,29.7964,9.0741,86.9568,29.7964
2026-06-02 14:39:22.785,BASELINE,NEW_DATA,9.0752,86.9568,29.7964,9.0752,86.9568,29.7964
2026-06-02 14:39:22.805,BASELINE,NEW_DATA,9.0786,86.9568,29.7964,9.0786,86.9568,29.7964
2026-06-02 14:39:22.825,BASELINE,NEW_DATA,9.0752,86.9568,29.7964,9.0752,86.9568,29.7964
2026-06-02 14:39:22.846,BASELINE,NEW_DATA,9.0776,86.9568,29.7964,9.0776,86.9568,29.7964
2026-06-02 14:39:22.867,BASELINE,NEW_DATA,9.0783,86.9568,29.7964,9.0783,86.9568,29.7964
2026-06-02 14:39:22.887,BASELINE,NEW_DATA,9.0779,86.9568,29.7964,9.0779,86.9568,29.7964
2026-06-02 14:39:22.913,BASELINE,NEW_DATA,9.0772,86.9568,29.7964,9.0772,86.9568,29.7964
2026-06-02 14:39:22.930,BASELINE,NEW_DATA,9.0786,86.9568,29.7964,9.0786,86.9568,29.7964
2026-06-02 14:39:22.950,BASELINE,NEW_DATA,9.0852,86.9568,29.7964,9.0852,86.9568,29.7964
2026-06-02 14:39:22.971,BASELINE,NEW_DATA,9.0849,86.9568,29.7964,9.0849,86.9568,29.7964
2026-06-02 14:39:22.992,BASELINE,NEW_DATA,9.0873,86.9568,29.7964,9.0873,86.9568,29.7964
2026-06-02 14:39:23.013,BASELINE,NEW_DATA,9.0863,86.9568,29.7964,9.0863,86.9568,29.7964
2026-06-02 14:39:23.033,BASELINE,NEW_DATA,9.0873,86.9568,29.7964,9.0873,86.9568,29.7964
2026-06-02 14:39:23.053,BASELINE,NEW_DATA,9.0894,86.9568,29.7964,9.0894,86.9568,29.7964
2026-06-02 14:39:23.073,BASELINE,NEW_DATA,9.0863,86.9568,29.7964,9.0863,86.9568,29.7964
2026-06-02 14:39:23.093,BASELINE,NEW_DATA,9.0974,86.9568,29.7964,9.0974,86.9568,29.7964
2026-06-02 14:39:23.113,BASELINE,NEW_DATA,9.1039,86.9568,29.7964,9.1039,86.9568,29.7964
2026-06-02 14:39:23.134,BASELINE,NEW_DATA,9.1015,86.9568,29.7964,9.1015,86.9568,29.7964
2026-06-02 14:39:23.154,BASELINE,NEW_DATA,9.1001,86.9568,29.7964,9.1001,86.9568,29.7964
2026-06-02 14:39:23.175,BASELINE,NEW_DATA,9.1005,86.9568,29.7964,9.1005,86.9568,29.7964
2026-06-02 14:39:23.195,BASELINE,NEW_DATA,9.1026,86.9568,29.7964,9.1026,86.9568,29.7964
2026-06-02 14:39:23.216,BASELINE,NEW_DATA,9.1102,86.9568,29.7964,9.1102,86.9568,29.7964
2026-06-02 14:39:23.237,BASELINE,NEW_DATA,9.1116,86.7418,29.9380,9.1116,86.7418,29.9380
2026-06-02 14:39:23.257,BASELINE,NEW_DATA,9.1133,86.7418,29.9380,9.1133,86.7418,29.9380
2026-06-02 14:39:23.278,BASELINE,NEW_DATA,9.1109,86.7418,29.9380,9.1109,86.7418,29.9380
2026-06-02 14:39:23.299,BASELINE,NEW_DATA,9.1147,86.7418,29.9380,9.1147,86.7418,29.9380
2026-06-02 14:39:23.319,BASELINE,NEW_DATA,9.1178,86.7418,29.9380,9.1178,86.7418,29.9380
2026-06-02 14:39:23.339,BASELINE,NEW_DATA,9.1178,86.7418,29.9380,9.1178,86.7418,29.9380
2026-06-02 14:39:23.359,BASELINE,NEW_DATA,9.1216,86.7418,29.9380,9.1216,86.7418,29.9380
2026-06-02 14:39:23.379,BASELINE,NEW_DATA,9.1227,86.7418,29.9380,9.1227,86.7418,29.9380
2026-06-02 14:39:23.399,BASELINE,NEW_DATA,9.1268,86.7418,29.9380,9.1268,86.7418,29.9380
2026-06-02 14:39:23.422,BASELINE,NEW_DATA,9.1261,86.7418,29.9380,9.1261,86.7418,29.9380
2026-06-02 14:39:23.441,BASELINE,NEW_DATA,9.1230,86.7418,29.9380,9.1230,86.7418,29.9380
2026-06-02 14:39:23.461,BASELINE,NEW_DATA,9.1234,86.7418,29.9380,9.1234,86.7418,29.9380
2026-06-02 14:39:23.482,BASELINE,NEW_DATA,9.1254,86.7418,29.9380,9.1254,86.7418,29.9380
2026-06-02 14:39:23.502,BASELINE,NEW_DATA,9.1234,86.7418,29.9380,9.1234,86.7418,29.9380
2026-06-02 14:39:23.523,BASELINE,NEW_DATA,9.1254,86.7418,29.9380,9.1254,86.7418,29.9380
2026-06-02 14:39:23.544,BASELINE,NEW_DATA,9.1289,86.7418,29.9380,9.1289,86.7418,29.9380
2026-06-02 14:39:23.564,BASELINE,NEW_DATA,9.1248,86.7418,29.9380,9.1248,86.7418,29.9380
2026-06-02 14:39:23.584,BASELINE,NEW_DATA,9.1234,86.7418,29.9380,9.1234,86.7418,29.9380
2026-06-02 14:39:23.605,BASELINE,NEW_DATA,9.1209,86.7418,29.9380,9.1209,86.7418,29.9380
2026-06-02 14:39:23.627,BASELINE,NEW_DATA,9.1241,86.7418,29.9380,9.1241,86.7418,29.9380
2026-06-02 14:39:23.647,BASELINE,NEW_DATA,9.1248,86.7418,29.9380,9.1248,86.7418,29.9380
2026-06-02 14:39:23.667,BASELINE,NEW_DATA,9.1230,86.7418,29.9380,9.1230,86.7418,29.9380
2026-06-02 14:39:23.688,BASELINE,NEW_DATA,9.1244,86.7418,29.9380,9.1244,86.7418,29.9380
2026-06-02 14:39:23.709,BASELINE,NEW_DATA,9.1223,86.7418,29.9380,9.1223,86.7418,29.9380
2026-06-02 14:39:23.728,BASELINE,NEW_DATA,9.1213,86.5438,29.7652,9.1213,86.5438,29.7652
2026-06-02 14:39:23.749,BASELINE,NEW_DATA,9.1144,86.5438,29.7652,9.1144,86.5438,29.7652
2026-06-02 14:39:23.770,BASELINE,NEW_DATA,9.1189,86.5438,29.7652,9.1189,86.5438,29.7652
2026-06-02 14:39:23.790,BASELINE,NEW_DATA,9.1178,86.5438,29.7652,9.1178,86.5438,29.7652
2026-06-02 14:39:23.810,BASELINE,NEW_DATA,9.1254,86.5438,29.7652,9.1254,86.5438,29.7652
2026-06-02 14:39:23.830,BASELINE,NEW_DATA,9.1199,86.5438,29.7652,9.1199,86.5438,29.7652
2026-06-02 14:39:23.851,BASELINE,NEW_DATA,9.1164,86.5438,29.7652,9.1164,86.5438,29.7652
2026-06-02 14:39:23.872,BASELINE,NEW_DATA,9.1133,86.5438,29.7652,9.1133,86.5438,29.7652
2026-06-02 14:39:23.892,BASELINE,NEW_DATA,9.1150,86.5438,29.7652,9.1150,86.5438,29.7652
2026-06-02 14:39:23.913,BASELINE,NEW_DATA,9.1213,86.5438,29.7652,9.1213,86.5438,29.7652
2026-06-02 14:39:23.937,BASELINE,NEW_DATA,9.1150,86.5438,29.7652,9.1150,86.5438,29.7652
2026-06-02 14:39:23.954,BASELINE,NEW_DATA,9.1185,86.5438,29.7652,9.1185,86.5438,29.7652
2026-06-02 14:39:23.974,BASELINE,NEW_DATA,9.1196,86.5438,29.7652,9.1196,86.5438,29.7652
2026-06-02 14:39:23.994,BASELINE,NEW_DATA,9.1234,86.5438,29.7652,9.1234,86.5438,29.7652
2026-06-02 14:39:24.015,BASELINE,NEW_DATA,9.1216,86.5438,29.7652,9.1216,86.5438,29.7652
2026-06-02 14:39:24.035,BASELINE,NEW_DATA,9.1227,86.5438,29.7652,9.1227,86.5438,29.7652
2026-06-02 14:39:24.055,BASELINE,NEW_DATA,9.1227,86.5438,29.7652,9.1227,86.5438,29.7652
2026-06-02 14:39:24.075,BASELINE,NEW_DATA,9.1241,86.5438,29.7652,9.1241,86.5438,29.7652
2026-06-02 14:39:24.096,BASELINE,NEW_DATA,9.1223,86.5438,29.7652,9.1223,86.5438,29.7652
2026-06-02 14:39:24.117,BASELINE,NEW_DATA,9.1254,86.5438,29.7652,9.1254,86.5438,29.7652
2026-06-02 14:39:24.137,BASELINE,NEW_DATA,9.1234,86.5438,29.7652,9.1234,86.5438,29.7652
2026-06-02 14:39:24.157,BASELINE,NEW_DATA,9.1268,86.5438,29.7652,9.1268,86.5438,29.7652
2026-06-02 14:39:24.178,BASELINE,NEW_DATA,9.1254,86.5438,29.7652,9.1254,86.5438,29.7652
2026-06-02 14:39:24.199,BASELINE,NEW_DATA,9.1244,86.5438,29.7652,9.1244,86.5438,29.7652
2026-06-02 14:39:24.219,BASELINE,NEW_DATA,9.1300,86.5438,29.7652,9.1300,86.5438,29.7652
2026-06-02 14:39:24.240,BASELINE,NEW_DATA,9.1268,86.4924,29.4547,9.1268,86.4924,29.4547
2026-06-02 14:39:24.260,BASELINE,NEW_DATA,9.1286,86.4924,29.4547,9.1286,86.4924,29.4547
2026-06-02 14:39:24.280,BASELINE,NEW_DATA,9.1286,86.4924,29.4547,9.1286,86.4924,29.4547
2026-06-02 14:39:24.300,BASELINE,NEW_DATA,9.1313,86.4924,29.4547,9.1313,86.4924,29.4547
2026-06-02 14:39:24.320,BASELINE,NEW_DATA,9.1320,86.4924,29.4547,9.1320,86.4924,29.4547
2026-06-02 14:39:24.341,BASELINE,NEW_DATA,9.1317,86.4924,29.4547,9.1317,86.4924,29.4547
2026-06-02 14:39:24.361,BASELINE,NEW_DATA,9.1327,86.4924,29.4547,9.1327,86.4924,29.4547
2026-06-02 14:39:24.382,BASELINE,NEW_DATA,9.1359,86.4924,29.4547,9.1359,86.4924,29.4547
2026-06-02 14:39:24.402,BASELINE,NEW_DATA,9.1334,86.4924,29.4547,9.1334,86.4924,29.4547
2026-06-02 14:39:24.422,BASELINE,NEW_DATA,9.1310,86.4924,29.4547,9.1310,86.4924,29.4547
2026-06-02 14:39:24.448,BASELINE,NEW_DATA,9.1345,86.4924,29.4547,9.1345,86.4924,29.4547
2026-06-02 14:39:24.463,BASELINE,NEW_DATA,9.1327,86.4924,29.4547,9.1327,86.4924,29.4547
2026-06-02 14:39:24.484,BASELINE,NEW_DATA,9.1365,86.4924,29.4547,9.1365,86.4924,29.4547
2026-06-02 14:39:24.505,BASELINE,NEW_DATA,9.1400,86.4924,29.4547,9.1400,86.4924,29.4547
2026-06-02 14:39:24.527,BASELINE,NEW_DATA,9.1414,86.4924,29.4547,9.1414,86.4924,29.4547
2026-06-02 14:39:24.547,BASELINE,NEW_DATA,9.1331,86.4924,29.4547,9.1331,86.4924,29.4547
2026-06-02 14:39:24.567,BASELINE,NEW_DATA,9.1317,86.4924,29.4547,9.1317,86.4924,29.4547
2026-06-02 14:39:24.588,BASELINE,NEW_DATA,9.1362,86.4924,29.4547,9.1362,86.4924,29.4547
2026-06-02 14:39:24.610,BASELINE,NEW_DATA,9.1376,86.4924,29.4547,9.1376,86.4924,29.4547
2026-06-02 14:39:24.630,BASELINE,NEW_DATA,9.1376,86.4924,29.4547,9.1376,86.4924,29.4547
2026-06-02 14:39:24.650,BASELINE,NEW_DATA,9.1390,86.4924,29.4547,9.1390,86.4924,29.4547
2026-06-02 14:39:24.671,BASELINE,NEW_DATA,9.1393,86.4924,29.4547,9.1393,86.4924,29.4547
2026-06-02 14:39:24.692,BASELINE,NEW_DATA,9.1379,86.4924,29.4547,9.1379,86.4924,29.4547
2026-06-02 14:39:24.712,BASELINE,NEW_DATA,9.1393,86.4924,29.4547,9.1393,86.4924,29.4547
2026-06-02 14:39:24.733,BASELINE,NEW_DATA,9.1414,86.3913,29.6225,9.1414,86.3913,29.6225
2026-06-02 14:39:24.753,BASELINE,NEW_DATA,9.1400,86.3913,29.6225,9.1400,86.3913,29.6225
2026-06-02 14:39:24.774,BASELINE,NEW_DATA,9.1404,86.3913,29.6225,9.1404,86.3913,29.6225
2026-06-02 14:39:24.795,BASELINE,NEW_DATA,9.1424,86.3913,29.6225,9.1424,86.3913,29.6225
2026-06-02 14:39:24.815,BASELINE,NEW_DATA,9.1404,86.3913,29.6225,9.1404,86.3913,29.6225
2026-06-02 14:39:24.836,BASELINE,NEW_DATA,9.1411,86.3913,29.6225,9.1411,86.3913,29.6225
2026-06-02 14:39:24.856,BASELINE,NEW_DATA,9.1359,86.3913,29.6225,9.1359,86.3913,29.6225
2026-06-02 14:39:24.876,BASELINE,NEW_DATA,9.1379,86.3913,29.6225,9.1379,86.3913,29.6225
2026-06-02 14:39:24.897,BASELINE,NEW_DATA,9.1372,86.3913,29.6225,9.1372,86.3913,29.6225
2026-06-02 14:39:24.918,BASELINE,NEW_DATA,9.1428,86.3913,29.6225,9.1428,86.3913,29.6225
2026-06-02 14:39:24.939,BASELINE,NEW_DATA,9.1407,86.3913,29.6225,9.1407,86.3913,29.6225
2026-06-02 14:39:24.964,BASELINE,NEW_DATA,9.1393,86.3913,29.6225,9.1393,86.3913,29.6225
2026-06-02 14:39:24.981,BASELINE,NEW_DATA,9.1417,86.3913,29.6225,9.1417,86.3913,29.6225
2026-06-02 14:39:25.002,BASELINE,NEW_DATA,9.1411,86.3913,29.6225,9.1411,86.3913,29.6225
2026-06-02 14:39:25.022,BASELINE,NEW_DATA,9.1417,86.3913,29.6225,9.1417,86.3913,29.6225
2026-06-02 14:39:25.044,BASELINE,NEW_DATA,9.1456,86.3913,29.6225,9.1456,86.3913,29.6225
2026-06-02 14:39:25.064,BASELINE,NEW_DATA,9.1466,86.3913,29.6225,9.1466,86.3913,29.6225
2026-06-02 14:39:25.084,BASELINE,NEW_DATA,9.1497,86.3913,29.6225,9.1497,86.3913,29.6225
2026-06-02 14:39:25.104,BASELINE,NEW_DATA,9.1445,86.3913,29.6225,9.1445,86.3913,29.6225
2026-06-02 14:39:25.126,BASELINE,NEW_DATA,9.1442,86.3913,29.6225,9.1442,86.3913,29.6225
2026-06-02 14:39:25.150,BASELINE,NEW_DATA,9.1428,86.3913,29.6225,9.1428,86.3913,29.6225
2026-06-02 14:39:25.170,BASELINE,NEW_DATA,9.1397,86.3913,29.6225,9.1397,86.3913,29.6225
2026-06-02 14:39:25.191,BASELINE,NEW_DATA,9.1494,86.3913,29.6225,9.1494,86.3913,29.6225
2026-06-02 14:39:25.212,BASELINE,NEW_DATA,9.1449,86.3913,29.6225,9.1449,86.3913,29.6225
2026-06-02 14:39:25.232,BASELINE,NEW_DATA,9.1417,86.4080,29.4595,9.1417,86.4080,29.4595
2026-06-02 14:39:25.253,BASELINE,NEW_DATA,9.1359,86.4080,29.4595,9.1359,86.4080,29.4595
2026-06-02 14:39:25.274,BASELINE,NEW_DATA,9.1338,86.4080,29.4595,9.1338,86.4080,29.4595
2026-06-02 14:39:25.295,BASELINE,NEW_DATA,9.1372,86.4080,29.4595,9.1372,86.4080,29.4595
2026-06-02 14:39:25.316,BASELINE,NEW_DATA,9.1376,86.4080,29.4595,9.1376,86.4080,29.4595
2026-06-02 14:39:25.338,BASELINE,NEW_DATA,9.1383,86.4080,29.4595,9.1383,86.4080,29.4595
2026-06-02 14:39:25.358,BASELINE,NEW_DATA,9.1411,86.4080,29.4595,9.1411,86.4080,29.4595
2026-06-02 14:39:25.380,BASELINE,NEW_DATA,9.1411,86.4080,29.4595,9.1411,86.4080,29.4595
2026-06-02 14:39:25.401,BASELINE,NEW_DATA,9.1414,86.4080,29.4595,9.1414,86.4080,29.4595
2026-06-02 14:39:25.421,BASELINE,NEW_DATA,9.1414,86.4080,29.4595,9.1414,86.4080,29.4595
2026-06-02 14:39:25.442,BASELINE,NEW_DATA,9.1417,86.4080,29.4595,9.1417,86.4080,29.4595
2026-06-02 14:39:25.463,BASELINE,NEW_DATA,9.1386,86.4080,29.4595,9.1386,86.4080,29.4595
2026-06-02 14:39:25.487,BASELINE,NEW_DATA,9.1390,86.4080,29.4595,9.1390,86.4080,29.4595
2026-06-02 14:39:25.505,BASELINE,NEW_DATA,9.1362,86.4080,29.4595,9.1362,86.4080,29.4595
2026-06-02 14:39:25.526,BASELINE,NEW_DATA,9.1372,86.4080,29.4595,9.1372,86.4080,29.4595
2026-06-02 14:39:25.546,BASELINE,NEW_DATA,9.1320,86.4080,29.4595,9.1320,86.4080,29.4595
2026-06-02 14:39:25.566,BASELINE,NEW_DATA,9.1345,86.4080,29.4595,9.1345,86.4080,29.4595
2026-06-02 14:39:25.587,BASELINE,NEW_DATA,9.1317,86.4080,29.4595,9.1317,86.4080,29.4595
2026-06-02 14:39:25.607,BASELINE,NEW_DATA,9.1293,86.4080,29.4595,9.1293,86.4080,29.4595
2026-06-02 14:39:25.629,BASELINE,NEW_DATA,9.1324,86.4080,29.4595,9.1324,86.4080,29.4595
2026-06-02 14:39:25.649,BASELINE,NEW_DATA,9.1275,86.4080,29.4595,9.1275,86.4080,29.4595
2026-06-02 14:39:25.669,BASELINE,NEW_DATA,9.1244,86.4080,29.4595,9.1244,86.4080,29.4595
2026-06-02 14:39:25.690,BASELINE,NEW_DATA,9.1324,86.4080,29.4595,9.1324,86.4080,29.4595
2026-06-02 14:39:25.710,BASELINE,NEW_DATA,9.1327,86.4080,29.4595,9.1327,86.4080,29.4595
2026-06-02 14:39:25.730,BASELINE,NEW_DATA,9.1359,86.3927,29.3899,9.1359,86.3927,29.3899
2026-06-02 14:39:25.750,BASELINE,NEW_DATA,9.1254,86.3927,29.3899,9.1254,86.3927,29.3899
2026-06-02 14:39:25.771,BASELINE,NEW_DATA,9.1199,86.3927,29.3899,9.1199,86.3927,29.3899
2026-06-02 14:39:25.791,BASELINE,NEW_DATA,9.1227,86.3927,29.3899,9.1227,86.3927,29.3899
2026-06-02 14:39:25.812,BASELINE,NEW_DATA,9.1289,86.3927,29.3899,9.1289,86.3927,29.3899
2026-06-02 14:39:25.832,BASELINE,NEW_DATA,9.1300,86.3927,29.3899,9.1300,86.3927,29.3899
2026-06-02 14:39:25.853,BASELINE,NEW_DATA,9.1348,86.3927,29.3899,9.1348,86.3927,29.3899
2026-06-02 14:39:25.874,BASELINE,NEW_DATA,9.1421,86.3927,29.3899,9.1421,86.3927,29.3899
2026-06-02 14:39:25.894,BASELINE,NEW_DATA,9.1466,86.3927,29.3899,9.1466,86.3927,29.3899
2026-06-02 14:39:25.916,BASELINE,NEW_DATA,9.1383,86.3927,29.3899,9.1383,86.3927,29.3899
2026-06-02 14:39:25.937,BASELINE,NEW_DATA,9.1372,86.3927,29.3899,9.1372,86.3927,29.3899
2026-06-02 14:39:25.957,BASELINE,NEW_DATA,9.1400,86.3927,29.3899,9.1400,86.3927,29.3899
2026-06-02 14:39:25.978,BASELINE,NEW_DATA,9.1352,86.3927,29.3899,9.1352,86.3927,29.3899
2026-06-02 14:39:26.001,BASELINE,NEW_DATA,9.1376,86.3927,29.3899,9.1376,86.3927,29.3899
2026-06-02 14:39:26.020,BASELINE,NEW_DATA,9.1372,86.3927,29.3899,9.1372,86.3927,29.3899
2026-06-02 14:39:26.040,BASELINE,NEW_DATA,9.1390,86.3927,29.3899,9.1390,86.3927,29.3899
2026-06-02 14:39:26.060,BASELINE,NEW_DATA,9.1359,86.3927,29.3899,9.1359,86.3927,29.3899
2026-06-02 14:39:26.082,BASELINE,NEW_DATA,9.1417,86.3927,29.3899,9.1417,86.3927,29.3899
2026-06-02 14:39:26.102,BASELINE,NEW_DATA,9.1421,86.3927,29.3899,9.1421,86.3927,29.3899
2026-06-02 14:39:26.123,BASELINE,NEW_DATA,9.1414,86.3927,29.3899,9.1414,86.3927,29.3899
2026-06-02 14:39:26.144,BASELINE,NEW_DATA,9.1400,86.3927,29.3899,9.1400,86.3927,29.3899
2026-06-02 14:39:26.166,BASELINE,NEW_DATA,9.1428,86.3927,29.3899,9.1428,86.3927,29.3899
2026-06-02 14:39:26.187,BASELINE,NEW_DATA,9.1379,86.3927,29.3899,9.1379,86.3927,29.3899
2026-06-02 14:39:26.209,BASELINE,NEW_DATA,9.1345,86.3927,29.3899,9.1345,86.3927,29.3899
2026-06-02 14:39:26.230,BASELINE,NEW_DATA,9.1296,86.4320,29.3709,9.1296,86.4320,29.3709
2026-06-02 14:39:26.251,BASELINE,NEW_DATA,9.1282,86.4320,29.3709,9.1282,86.4320,29.3709
2026-06-02 14:39:26.272,BASELINE,NEW_DATA,9.1261,86.4320,29.3709,9.1261,86.4320,29.3709
2026-06-02 14:39:26.292,BASELINE,NEW_DATA,9.1289,86.4320,29.3709,9.1289,86.4320,29.3709
2026-06-02 14:39:26.313,BASELINE,NEW_DATA,9.1289,86.4320,29.3709,9.1289,86.4320,29.3709
2026-06-02 14:39:26.334,BASELINE,NEW_DATA,9.1220,86.4320,29.3709,9.1220,86.4320,29.3709
2026-06-02 14:39:26.355,BASELINE,NEW_DATA,9.1230,86.4320,29.3709,9.1230,86.4320,29.3709
2026-06-02 14:39:26.376,BASELINE,NEW_DATA,9.1206,86.4320,29.3709,9.1206,86.4320,29.3709
2026-06-02 14:39:26.396,BASELINE,NEW_DATA,9.1130,86.4320,29.3709,9.1130,86.4320,29.3709
2026-06-02 14:39:26.417,BASELINE,NEW_DATA,9.1116,86.4320,29.3709,9.1116,86.4320,29.3709
2026-06-02 14:39:26.439,BASELINE,NEW_DATA,9.1102,86.4320,29.3709,9.1102,86.4320,29.3709
2026-06-02 14:39:26.459,BASELINE,NEW_DATA,9.0932,86.4320,29.3709,9.0932,86.4320,29.3709
2026-06-02 14:39:26.480,BASELINE,NEW_DATA,9.0939,86.4320,29.3709,9.0939,86.4320,29.3709
2026-06-02 14:39:26.501,BASELINE,NEW_DATA,9.1033,86.4320,29.3709,9.1033,86.4320,29.3709
2026-06-02 14:39:26.525,BASELINE,NEW_DATA,9.1144,86.4320,29.3709,9.1144,86.4320,29.3709
2026-06-02 14:39:26.543,BASELINE,NEW_DATA,9.1206,86.4320,29.3709,9.1206,86.4320,29.3709
2026-06-02 14:39:26.565,BASELINE,NEW_DATA,9.1417,86.4320,29.3709,9.1417,86.4320,29.3709
2026-06-02 14:39:26.586,BASELINE,NEW_DATA,9.1365,86.4320,29.3709,9.1365,86.4320,29.3709
2026-06-02 14:39:26.606,BASELINE,NEW_DATA,9.1334,86.4320,29.3709,9.1334,86.4320,29.3709
2026-06-02 14:39:26.628,BASELINE,NEW_DATA,9.1334,86.4320,29.3709,9.1334,86.4320,29.3709
2026-06-02 14:39:26.648,BASELINE,NEW_DATA,9.1320,86.4320,29.3709,9.1320,86.4320,29.3709
2026-06-02 14:39:26.668,BASELINE,NEW_DATA,9.1327,86.4320,29.3709,9.1327,86.4320,29.3709
2026-06-02 14:39:26.690,BASELINE,NEW_DATA,9.1338,86.4320,29.3709,9.1338,86.4320,29.3709
2026-06-02 14:39:26.712,BASELINE,NEW_DATA,9.1331,86.4320,29.3709,9.1331,86.4320,29.3709
2026-06-02 14:39:26.732,BASELINE,NEW_DATA,9.1345,86.4320,29.3709,9.1345,86.4320,29.3709
2026-06-02 14:39:26.753,BASELINE,NEW_DATA,9.1352,86.4320,29.3709,9.1352,86.4320,29.3709
2026-06-02 14:39:26.774,BASELINE,NEW_DATA,9.1369,86.4320,29.3709,9.1369,86.4320,29.3709
2026-06-02 14:39:26.794,BASELINE,NEW_DATA,9.1376,86.4320,29.3709,9.1376,86.4320,29.3709
2026-06-02 14:39:26.816,BASELINE,NEW_DATA,9.1376,86.4320,29.3709,9.1376,86.4320,29.3709
2026-06-02 14:39:26.838,BASELINE,NEW_DATA,9.1372,86.4320,29.3709,9.1372,86.4320,29.3709
2026-06-02 14:39:26.859,BASELINE,NEW_DATA,9.1365,86.4320,29.3709,9.1365,86.4320,29.3709
2026-06-02 14:39:26.880,BASELINE,NEW_DATA,9.1362,86.4320,29.3709,9.1362,86.4320,29.3709
2026-06-02 14:39:26.901,BASELINE,NEW_DATA,9.1383,86.4320,29.3709,9.1383,86.4320,29.3709
2026-06-02 14:39:26.921,BASELINE,NEW_DATA,9.1365,86.4320,29.3709,9.1365,86.4320,29.3709
2026-06-02 14:39:26.942,BASELINE,NEW_DATA,9.1303,86.4320,29.3709,9.1303,86.4320,29.3709
2026-06-02 14:39:26.964,BASELINE,NEW_DATA,9.1320,86.4320,29.3709,9.1320,86.4320,29.3709
2026-06-02 14:39:26.984,BASELINE,NEW_DATA,9.1341,86.4320,29.3709,9.1341,86.4320,29.3709
2026-06-02 14:39:27.005,BASELINE,NEW_DATA,9.1348,86.4320,29.3709,9.1348,86.4320,29.3709
2026-06-02 14:39:27.026,BASELINE,NEW_DATA,9.1338,86.4320,29.3709,9.1338,86.4320,29.3709
2026-06-02 14:39:27.050,BASELINE,NEW_DATA,9.1279,86.4320,29.3709,9.1279,86.4320,29.3709
2026-06-02 14:39:27.068,BASELINE,NEW_DATA,9.1296,86.4320,29.3709,9.1296,86.4320,29.3709
2026-06-02 14:39:27.089,BASELINE,NEW_DATA,9.1324,86.4320,29.3709,9.1324,86.4320,29.3709
2026-06-02 14:39:27.110,BASELINE,NEW_DATA,9.1282,86.4320,29.3709,9.1282,86.4320,29.3709
2026-06-02 14:39:27.132,BASELINE,NEW_DATA,9.1327,86.4320,29.3709,9.1327,86.4320,29.3709
2026-06-02 14:39:27.153,BASELINE,NEW_DATA,9.1320,86.4320,29.3709,9.1320,86.4320,29.3709
2026-06-02 14:39:27.174,BASELINE,NEW_DATA,9.1310,86.4320,29.3709,9.1310,86.4320,29.3709
2026-06-02 14:39:27.195,BASELINE,NEW_DATA,9.1310,86.4320,29.3709,9.1310,86.4320,29.3709
2026-06-02 14:39:27.216,BASELINE,NEW_DATA,9.1345,86.4320,29.3709,9.1345,86.4320,29.3709
2026-06-02 14:39:27.237,BASELINE,NEW_DATA,9.1442,86.4752,29.3804,9.1442,86.4752,29.3804
2026-06-02 14:39:27.257,BASELINE,NEW_DATA,9.1376,86.4752,29.3804,9.1376,86.4752,29.3804
2026-06-02 14:39:27.277,BASELINE,NEW_DATA,9.1355,86.4752,29.3804,9.1355,86.4752,29.3804
2026-06-02 14:39:27.298,BASELINE,NEW_DATA,9.1296,86.4752,29.3804,9.1296,86.4752,29.3804
2026-06-02 14:39:27.318,BASELINE,NEW_DATA,9.1289,86.4752,29.3804,9.1289,86.4752,29.3804
2026-06-02 14:39:27.340,BASELINE,NEW_DATA,9.1334,86.4752,29.3804,9.1334,86.4752,29.3804
2026-06-02 14:39:27.361,BASELINE,NEW_DATA,9.1296,86.4752,29.3804,9.1296,86.4752,29.3804
2026-06-02 14:39:27.382,BASELINE,NEW_DATA,9.1307,86.4752,29.3804,9.1307,86.4752,29.3804
2026-06-02 14:39:27.404,BASELINE,NEW_DATA,9.1268,86.4752,29.3804,9.1268,86.4752,29.3804
2026-06-02 14:39:27.424,BASELINE,NEW_DATA,9.1293,86.4752,29.3804,9.1293,86.4752,29.3804
2026-06-02 14:39:27.446,BASELINE,NEW_DATA,9.1272,86.4752,29.3804,9.1272,86.4752,29.3804
2026-06-02 14:39:27.467,BASELINE,NEW_DATA,9.1241,86.4752,29.3804,9.1241,86.4752,29.3804
2026-06-02 14:39:27.489,BASELINE,NEW_DATA,9.1237,86.4752,29.3804,9.1237,86.4752,29.3804
2026-06-02 14:39:27.510,BASELINE,NEW_DATA,9.1248,86.4752,29.3804,9.1248,86.4752,29.3804
2026-06-02 14:39:27.531,BASELINE,NEW_DATA,9.1192,86.4752,29.3804,9.1192,86.4752,29.3804
2026-06-02 14:39:27.553,BASELINE,NEW_DATA,9.1206,86.4752,29.3804,9.1206,86.4752,29.3804
2026-06-02 14:39:27.578,BASELINE,NEW_DATA,9.1213,86.4752,29.3804,9.1213,86.4752,29.3804
2026-06-02 14:39:27.596,BASELINE,NEW_DATA,9.1213,86.4752,29.3804,9.1213,86.4752,29.3804
2026-06-02 14:39:27.616,BASELINE,NEW_DATA,9.1254,86.4752,29.3804,9.1254,86.4752,29.3804
2026-06-02 14:39:27.637,BASELINE,NEW_DATA,9.1261,86.4752,29.3804,9.1261,86.4752,29.3804
2026-06-02 14:39:27.658,BASELINE,NEW_DATA,9.1282,86.4752,29.3804,9.1282,86.4752,29.3804
2026-06-02 14:39:27.680,BASELINE,NEW_DATA,9.1348,86.4752,29.3804,9.1348,86.4752,29.3804
2026-06-02 14:39:27.702,BASELINE,NEW_DATA,9.1390,86.4752,29.3804,9.1390,86.4752,29.3804
2026-06-02 14:39:27.723,BASELINE,NEW_DATA,9.1428,86.4752,29.3804,9.1428,86.4752,29.3804
2026-06-02 14:39:27.743,BASELINE,NEW_DATA,9.1390,86.5573,29.3804,9.1390,86.5573,29.3804
2026-06-02 14:39:27.764,BASELINE,NEW_DATA,9.1390,86.5573,29.3804,9.1390,86.5573,29.3804
2026-06-02 14:39:27.785,BASELINE,NEW_DATA,9.1372,86.5573,29.3804,9.1372,86.5573,29.3804
2026-06-02 14:39:27.806,BASELINE,NEW_DATA,9.1338,86.5573,29.3804,9.1338,86.5573,29.3804
2026-06-02 14:39:27.827,BASELINE,NEW_DATA,9.1289,86.5573,29.3804,9.1289,86.5573,29.3804
2026-06-02 14:39:27.848,BASELINE,NEW_DATA,9.1293,86.5573,29.3804,9.1293,86.5573,29.3804
2026-06-02 14:39:27.870,BASELINE,NEW_DATA,9.1300,86.5573,29.3804,9.1300,86.5573,29.3804
2026-06-02 14:39:27.891,BASELINE,NEW_DATA,9.1345,86.5573,29.3804,9.1345,86.5573,29.3804
2026-06-02 14:39:27.912,BASELINE,NEW_DATA,9.1324,86.5573,29.3804,9.1324,86.5573,29.3804
2026-06-02 14:39:27.933,BASELINE,NEW_DATA,9.1206,86.5573,29.3804,9.1206,86.5573,29.3804
2026-06-02 14:39:27.955,BASELINE,NEW_DATA,9.1227,86.5573,29.3804,9.1227,86.5573,29.3804
2026-06-02 14:39:27.976,BASELINE,NEW_DATA,9.1220,86.5573,29.3804,9.1220,86.5573,29.3804
2026-06-02 14:39:27.996,BASELINE,NEW_DATA,9.1202,86.5573,29.3804,9.1202,86.5573,29.3804
2026-06-02 14:39:28.017,BASELINE,NEW_DATA,9.1254,86.5573,29.3804,9.1254,86.5573,29.3804
2026-06-02 14:39:28.038,BASELINE,NEW_DATA,9.1241,86.5573,29.3804,9.1241,86.5573,29.3804
2026-06-02 14:39:28.060,BASELINE,NEW_DATA,9.1209,86.5573,29.3804,9.1209,86.5573,29.3804
2026-06-02 14:39:28.081,BASELINE,NEW_DATA,9.1227,86.5573,29.3804,9.1227,86.5573,29.3804
2026-06-02 14:39:28.105,BASELINE,NEW_DATA,9.1282,86.5573,29.3804,9.1282,86.5573,29.3804
2026-06-02 14:39:28.123,BASELINE,NEW_DATA,9.1317,86.5573,29.3804,9.1317,86.5573,29.3804
2026-06-02 14:39:28.144,BASELINE,NEW_DATA,9.1296,86.5573,29.3804,9.1296,86.5573,29.3804
2026-06-02 14:39:28.165,BASELINE,NEW_DATA,9.1307,86.5573,29.3804,9.1307,86.5573,29.3804
2026-06-02 14:39:28.186,BASELINE,NEW_DATA,9.1310,86.5573,29.3804,9.1310,86.5573,29.3804
2026-06-02 14:39:28.207,BASELINE,NEW_DATA,9.1289,86.5573,29.3804,9.1289,86.5573,29.3804
2026-06-02 14:39:28.227,BASELINE,NEW_DATA,9.1275,86.5641,29.3361,9.1275,86.5641,29.3361
2026-06-02 14:39:28.248,BASELINE,NEW_DATA,9.1251,86.5641,29.3361,9.1251,86.5641,29.3361
2026-06-02 14:39:28.270,BASELINE,NEW_DATA,9.1261,86.5641,29.3361,9.1261,86.5641,29.3361
2026-06-02 14:39:28.291,BASELINE,NEW_DATA,9.1244,86.5641,29.3361,9.1244,86.5641,29.3361
2026-06-02 14:39:28.311,BASELINE,NEW_DATA,9.1234,86.5641,29.3361,9.1234,86.5641,29.3361
2026-06-02 14:39:28.332,BASELINE,NEW_DATA,9.1244,86.5641,29.3361,9.1244,86.5641,29.3361
2026-06-02 14:39:28.354,BASELINE,NEW_DATA,9.1241,86.5641,29.3361,9.1241,86.5641,29.3361
2026-06-02 14:39:28.376,BASELINE,NEW_DATA,9.1244,86.5641,29.3361,9.1244,86.5641,29.3361
2026-06-02 14:39:28.396,BASELINE,NEW_DATA,9.1248,86.5641,29.3361,9.1248,86.5641,29.3361
2026-06-02 14:39:28.418,BASELINE,NEW_DATA,9.1206,86.5641,29.3361,9.1206,86.5641,29.3361
2026-06-02 14:39:28.439,BASELINE,NEW_DATA,9.1261,86.5641,29.3361,9.1261,86.5641,29.3361
2026-06-02 14:39:28.461,BASELINE,NEW_DATA,9.1244,86.5641,29.3361,9.1244,86.5641,29.3361
2026-06-02 14:39:28.482,BASELINE,NEW_DATA,9.1223,86.5641,29.3361,9.1223,86.5641,29.3361
2026-06-02 14:39:28.503,BASELINE,NEW_DATA,9.1192,86.5641,29.3361,9.1192,86.5641,29.3361
2026-06-02 14:39:28.523,BASELINE,NEW_DATA,9.1220,86.5641,29.3361,9.1220,86.5641,29.3361
2026-06-02 14:39:28.544,BASELINE,NEW_DATA,9.1241,86.5641,29.3361,9.1241,86.5641,29.3361
2026-06-02 14:39:28.564,BASELINE,NEW_DATA,9.1216,86.5641,29.3361,9.1216,86.5641,29.3361
2026-06-02 14:39:28.585,BASELINE,NEW_DATA,9.1192,86.5641,29.3361,9.1192,86.5641,29.3361
2026-06-02 14:39:28.606,BASELINE,NEW_DATA,9.1189,86.5641,29.3361,9.1189,86.5641,29.3361
2026-06-02 14:39:28.630,BASELINE,NEW_DATA,9.1171,86.5641,29.3361,9.1171,86.5641,29.3361
2026-06-02 14:39:28.649,BASELINE,NEW_DATA,9.1178,86.5641,29.3361,9.1178,86.5641,29.3361
2026-06-02 14:39:28.669,BASELINE,NEW_DATA,9.1199,86.5641,29.3361,9.1199,86.5641,29.3361
2026-06-02 14:39:28.690,BASELINE,NEW_DATA,9.1182,86.5641,29.3361,9.1182,86.5641,29.3361
2026-06-02 14:39:28.711,BASELINE,NEW_DATA,9.1161,86.5641,29.3361,9.1161,86.5641,29.3361
2026-06-02 14:39:28.732,BASELINE,NEW_DATA,9.1178,86.7076,29.1678,9.1178,86.7076,29.1678
2026-06-02 14:39:28.753,BASELINE,NEW_DATA,9.1137,86.7076,29.1678,9.1137,86.7076,29.1678
2026-06-02 14:39:28.774,BASELINE,NEW_DATA,9.1164,86.7076,29.1678,9.1164,86.7076,29.1678
2026-06-02 14:39:28.795,BASELINE,NEW_DATA,9.1168,86.7076,29.1678,9.1168,86.7076,29.1678
2026-06-02 14:39:28.817,BASELINE,NEW_DATA,9.1178,86.7076,29.1678,9.1178,86.7076,29.1678
2026-06-02 14:39:28.839,BASELINE,NEW_DATA,9.1168,86.7076,29.1678,9.1168,86.7076,29.1678
2026-06-02 14:39:28.861,BASELINE,NEW_DATA,9.1154,86.7076,29.1678,9.1154,86.7076,29.1678
2026-06-02 14:39:28.881,BASELINE,NEW_DATA,9.1196,86.7076,29.1678,9.1196,86.7076,29.1678
2026-06-02 14:39:28.902,BASELINE,NEW_DATA,9.1178,86.7076,29.1678,9.1178,86.7076,29.1678
2026-06-02 14:39:28.923,BASELINE,NEW_DATA,9.1261,86.7076,29.1678,9.1261,86.7076,29.1678
2026-06-02 14:39:28.943,BASELINE,NEW_DATA,9.1327,86.7076,29.1678,9.1327,86.7076,29.1678
2026-06-02 14:39:28.964,BASELINE,NEW_DATA,9.1393,86.7076,29.1678,9.1393,86.7076,29.1678
2026-06-02 14:39:28.986,BASELINE,NEW_DATA,9.1407,86.7076,29.1678,9.1407,86.7076,29.1678
2026-06-02 14:39:29.007,BASELINE,NEW_DATA,9.1317,86.7076,29.1678,9.1317,86.7076,29.1678
2026-06-02 14:39:29.027,BASELINE,NEW_DATA,9.1268,86.7076,29.1678,9.1268,86.7076,29.1678
2026-06-02 14:39:29.048,BASELINE,NEW_DATA,9.1196,86.7076,29.1678,9.1196,86.7076,29.1678
2026-06-02 14:39:29.069,BASELINE,NEW_DATA,9.1189,86.7076,29.1678,9.1189,86.7076,29.1678
2026-06-02 14:39:29.091,BASELINE,NEW_DATA,9.1161,86.7076,29.1678,9.1161,86.7076,29.1678
2026-06-02 14:39:29.112,BASELINE,NEW_DATA,9.1182,86.7076,29.1678,9.1182,86.7076,29.1678
2026-06-02 14:39:29.133,BASELINE,NEW_DATA,9.1230,86.7076,29.1678,9.1230,86.7076,29.1678
2026-06-02 14:39:29.158,BASELINE,NEW_DATA,9.1154,86.7076,29.1678,9.1154,86.7076,29.1678
2026-06-02 14:39:29.175,BASELINE,NEW_DATA,9.1171,86.7076,29.1678,9.1171,86.7076,29.1678
2026-06-02 14:39:29.196,BASELINE,NEW_DATA,9.1317,86.7076,29.1678,9.1317,86.7076,29.1678
2026-06-02 14:39:29.218,BASELINE,NEW_DATA,9.1223,86.7076,29.1678,9.1223,86.7076,29.1678
2026-06-02 14:39:29.239,BASELINE,NEW_DATA,9.1130,86.5641,29.3271,9.1130,86.5641,29.3271
2026-06-02 14:39:29.260,BASELINE,NEW_DATA,9.1109,86.5641,29.3271,9.1109,86.5641,29.3271
2026-06-02 14:39:29.283,BASELINE,NEW_DATA,9.1102,86.5641,29.3271,9.1102,86.5641,29.3271
2026-06-02 14:39:29.303,BASELINE,NEW_DATA,9.1085,86.5641,29.3271,9.1085,86.5641,29.3271
2026-06-02 14:39:29.324,BASELINE,NEW_DATA,9.1119,86.5641,29.3271,9.1119,86.5641,29.3271
2026-06-02 14:39:29.346,BASELINE,NEW_DATA,9.1088,86.5641,29.3271,9.1088,86.5641,29.3271
2026-06-02 14:39:29.368,BASELINE,NEW_DATA,9.1081,86.5641,29.3271,9.1081,86.5641,29.3271
2026-06-02 14:39:29.389,BASELINE,NEW_DATA,9.1022,86.5641,29.3271,9.1022,86.5641,29.3271
2026-06-02 14:39:29.410,BASELINE,NEW_DATA,9.1046,86.5641,29.3271,9.1046,86.5641,29.3271
2026-06-02 14:39:29.431,BASELINE,NEW_DATA,9.1039,86.5641,29.3271,9.1039,86.5641,29.3271
2026-06-02 14:39:29.453,BASELINE,NEW_DATA,9.1078,86.5641,29.3271,9.1078,86.5641,29.3271
2026-06-02 14:39:29.474,BASELINE,NEW_DATA,9.1074,86.5641,29.3271,9.1074,86.5641,29.3271
2026-06-02 14:39:29.495,BASELINE,NEW_DATA,9.1067,86.5641,29.3271,9.1067,86.5641,29.3271
2026-06-02 14:39:29.517,BASELINE,NEW_DATA,9.1053,86.5641,29.3271,9.1053,86.5641,29.3271
2026-06-02 14:39:29.539,BASELINE,NEW_DATA,9.1067,86.5641,29.3271,9.1067,86.5641,29.3271
2026-06-02 14:39:29.560,BASELINE,NEW_DATA,9.1067,86.5641,29.3271,9.1067,86.5641,29.3271
2026-06-02 14:39:29.581,BASELINE,NEW_DATA,9.1046,86.5641,29.3271,9.1046,86.5641,29.3271
2026-06-02 14:39:29.602,BASELINE,NEW_DATA,9.1022,86.5641,29.3271,9.1022,86.5641,29.3271
2026-06-02 14:39:29.623,BASELINE,NEW_DATA,9.1123,86.5641,29.3271,9.1123,86.5641,29.3271
2026-06-02 14:39:29.643,BASELINE,NEW_DATA,9.1112,86.5641,29.3271,9.1112,86.5641,29.3271
2026-06-02 14:39:29.664,BASELINE,NEW_DATA,9.1085,86.5641,29.3271,9.1085,86.5641,29.3271
2026-06-02 14:39:29.689,BASELINE,NEW_DATA,9.1105,86.5641,29.3271,9.1105,86.5641,29.3271
2026-06-02 14:39:29.707,BASELINE,NEW_DATA,9.1039,86.5641,29.3271,9.1039,86.5641,29.3271
2026-06-02 14:39:29.728,BASELINE,NEW_DATA,9.0987,86.4506,29.3349,9.0987,86.4506,29.3349
2026-06-02 14:39:29.749,BASELINE,NEW_DATA,9.0939,86.4506,29.3349,9.0939,86.4506,29.3349
2026-06-02 14:39:29.770,BASELINE,NEW_DATA,9.0908,86.4506,29.3349,9.0908,86.4506,29.3349
2026-06-02 14:39:29.792,BASELINE,NEW_DATA,9.0911,86.4506,29.3349,9.0911,86.4506,29.3349
2026-06-02 14:39:29.813,BASELINE,NEW_DATA,9.0911,86.4506,29.3349,9.0911,86.4506,29.3349
2026-06-02 14:39:29.835,BASELINE,NEW_DATA,9.1039,86.4506,29.3349,9.1039,86.4506,29.3349
2026-06-02 14:39:29.855,BASELINE,NEW_DATA,9.0887,86.4506,29.3349,9.0887,86.4506,29.3349
2026-06-02 14:39:29.875,BASELINE,NEW_DATA,9.0963,86.4506,29.3349,9.0963,86.4506,29.3349
2026-06-02 14:39:29.896,BASELINE,NEW_DATA,9.0994,86.4506,29.3349,9.0994,86.4506,29.3349
2026-06-02 14:39:29.917,BASELINE,NEW_DATA,9.1019,86.4506,29.3349,9.1019,86.4506,29.3349
2026-06-02 14:39:29.939,BASELINE,NEW_DATA,9.1022,86.4506,29.3349,9.1022,86.4506,29.3349
2026-06-02 14:39:29.960,BASELINE,NEW_DATA,9.1067,86.4506,29.3349,9.1067,86.4506,29.3349
2026-06-02 14:39:29.982,BASELINE,NEW_DATA,9.1043,86.4506,29.3349,9.1043,86.4506,29.3349
2026-06-02 14:39:30.004,BASELINE,NEW_DATA,9.1102,86.4506,29.3349,9.1102,86.4506,29.3349
2026-06-02 14:39:30.025,BASELINE,NEW_DATA,9.1133,86.4506,29.3349,9.1133,86.4506,29.3349
2026-06-02 14:39:30.046,BASELINE,NEW_DATA,9.1189,86.4506,29.3349,9.1189,86.4506,29.3349
2026-06-02 14:39:30.068,BASELINE,NEW_DATA,9.1185,86.4506,29.3349,9.1185,86.4506,29.3349
2026-06-02 14:39:30.088,BASELINE,NEW_DATA,9.1130,86.4506,29.3349,9.1130,86.4506,29.3349
2026-06-02 14:39:30.109,BASELINE,NEW_DATA,9.1074,86.4506,29.3349,9.1074,86.4506,29.3349
2026-06-02 14:39:30.130,BASELINE,NEW_DATA,9.1078,86.4506,29.3349,9.1078,86.4506,29.3349
2026-06-02 14:39:30.151,BASELINE,NEW_DATA,9.1109,86.4506,29.3349,9.1109,86.4506,29.3349
2026-06-02 14:39:30.172,BASELINE,NEW_DATA,9.1098,86.4506,29.3349,9.1098,86.4506,29.3349
2026-06-02 14:39:30.194,BASELINE,NEW_DATA,9.1039,86.4506,29.3349,9.1039,86.4506,29.3349
2026-06-02 14:39:30.218,BASELINE,NEW_DATA,9.1019,86.4506,29.3349,9.1019,86.4506,29.3349
2026-06-02 14:39:30.234,BASELINE,NEW_DATA,9.1046,86.6913,29.7427,9.1046,86.6913,29.7427
2026-06-02 14:39:30.255,BASELINE,NEW_DATA,9.1036,86.6913,29.7427,9.1036,86.6913,29.7427
2026-06-02 14:39:30.275,BASELINE,NEW_DATA,9.1046,86.6913,29.7427,9.1046,86.6913,29.7427
2026-06-02 14:39:30.297,BASELINE,NEW_DATA,9.1039,86.6913,29.7427,9.1039,86.6913,29.7427
2026-06-02 14:39:30.319,BASELINE,NEW_DATA,9.1071,86.6913,29.7427,9.1071,86.6913,29.7427
2026-06-02 14:39:30.341,BASELINE,NEW_DATA,9.1050,86.6913,29.7427,9.1050,86.6913,29.7427
2026-06-02 14:39:30.363,BASELINE,NEW_DATA,9.1043,86.6913,29.7427,9.1043,86.6913,29.7427
2026-06-02 14:39:30.383,BASELINE,NEW_DATA,9.1085,86.6913,29.7427,9.1085,86.6913,29.7427
2026-06-02 14:39:30.404,BASELINE,NEW_DATA,9.1074,86.6913,29.7427,9.1074,86.6913,29.7427
2026-06-02 14:39:30.425,BASELINE,NEW_DATA,9.1050,86.6913,29.7427,9.1050,86.6913,29.7427
2026-06-02 14:39:30.446,BASELINE,NEW_DATA,9.1053,86.6913,29.7427,9.1053,86.6913,29.7427
2026-06-02 14:39:30.468,BASELINE,NEW_DATA,9.1095,86.6913,29.7427,9.1095,86.6913,29.7427
2026-06-02 14:39:30.489,BASELINE,NEW_DATA,9.1237,86.6913,29.7427,9.1237,86.6913,29.7427
2026-06-02 14:39:30.509,BASELINE,NEW_DATA,9.1109,86.6913,29.7427,9.1109,86.6913,29.7427
2026-06-02 14:39:30.531,BASELINE,NEW_DATA,9.1095,86.6913,29.7427,9.1095,86.6913,29.7427
2026-06-02 14:39:30.552,BASELINE,NEW_DATA,9.1046,86.6913,29.7427,9.1046,86.6913,29.7427
2026-06-02 14:39:30.573,BASELINE,NEW_DATA,9.1039,86.6913,29.7427,9.1039,86.6913,29.7427
2026-06-02 14:39:30.595,BASELINE,NEW_DATA,9.1005,86.6913,29.7427,9.1005,86.6913,29.7427
2026-06-02 14:39:30.616,BASELINE,NEW_DATA,9.1001,86.6913,29.7427,9.1001,86.6913,29.7427
2026-06-02 14:39:30.637,BASELINE,NEW_DATA,9.1008,86.6913,29.7427,9.1008,86.6913,29.7427
2026-06-02 14:39:30.658,BASELINE,NEW_DATA,9.0994,86.6913,29.7427,9.0994,86.6913,29.7427
2026-06-02 14:39:30.678,BASELINE,NEW_DATA,9.0994,86.6913,29.7427,9.0994,86.6913,29.7427
2026-06-02 14:39:30.699,BASELINE,NEW_DATA,9.1046,86.6913,29.7427,9.1046,86.6913,29.7427
2026-06-02 14:39:30.721,BASELINE,NEW_DATA,9.1029,86.6913,29.7427,9.1029,86.6913,29.7427
2026-06-02 14:39:30.746,BASELINE,NEW_DATA,9.1029,86.3264,29.7626,9.1029,86.3264,29.7626
2026-06-02 14:39:30.764,BASELINE,NEW_DATA,9.1012,86.3264,29.7626,9.1012,86.3264,29.7626
2026-06-02 14:39:30.784,BASELINE,NEW_DATA,9.1012,86.3264,29.7626,9.1012,86.3264,29.7626
2026-06-02 14:39:30.806,BASELINE,NEW_DATA,9.0998,86.3264,29.7626,9.0998,86.3264,29.7626
2026-06-02 14:39:30.827,BASELINE,NEW_DATA,9.1012,86.3264,29.7626,9.1012,86.3264,29.7626
2026-06-02 14:39:30.848,BASELINE,NEW_DATA,9.0970,86.3264,29.7626,9.0970,86.3264,29.7626
2026-06-02 14:39:30.870,BASELINE,NEW_DATA,9.1015,86.3264,29.7626,9.1015,86.3264,29.7626
2026-06-02 14:39:30.890,BASELINE,NEW_DATA,9.1012,86.3264,29.7626,9.1012,86.3264,29.7626
2026-06-02 14:39:30.912,BASELINE,NEW_DATA,9.1005,86.3264,29.7626,9.1005,86.3264,29.7626
2026-06-02 14:39:30.933,BASELINE,NEW_DATA,9.1039,86.3264,29.7626,9.1039,86.3264,29.7626
2026-06-02 14:39:30.953,BASELINE,NEW_DATA,9.1012,86.3264,29.7626,9.1012,86.3264,29.7626
2026-06-02 14:39:30.974,BASELINE,NEW_DATA,9.1012,86.3264,29.7626,9.1012,86.3264,29.7626
2026-06-02 14:39:30.997,BASELINE,NEW_DATA,9.1022,86.3264,29.7626,9.1022,86.3264,29.7626
2026-06-02 14:39:31.017,BASELINE,NEW_DATA,9.0994,86.3264,29.7626,9.0994,86.3264,29.7626
2026-06-02 14:39:31.039,BASELINE,NEW_DATA,9.1022,86.3264,29.7626,9.1022,86.3264,29.7626
2026-06-02 14:39:31.060,BASELINE,NEW_DATA,9.1022,86.3264,29.7626,9.1022,86.3264,29.7626
2026-06-02 14:39:31.080,BASELINE,NEW_DATA,9.1043,86.3264,29.7626,9.1043,86.3264,29.7626
2026-06-02 14:39:31.101,BASELINE,NEW_DATA,9.1015,86.3264,29.7626,9.1015,86.3264,29.7626
2026-06-02 14:39:31.123,BASELINE,NEW_DATA,9.1019,86.3264,29.7626,9.1019,86.3264,29.7626
2026-06-02 14:39:31.144,BASELINE,NEW_DATA,9.0991,86.3264,29.7626,9.0991,86.3264,29.7626
2026-06-02 14:39:31.165,BASELINE,NEW_DATA,9.0984,86.3264,29.7626,9.0984,86.3264,29.7626
2026-06-02 14:39:31.187,BASELINE,NEW_DATA,9.1071,86.3264,29.7626,9.1071,86.3264,29.7626
2026-06-02 14:39:31.208,BASELINE,NEW_DATA,9.1116,86.3264,29.7626,9.1116,86.3264,29.7626
2026-06-02 14:39:31.230,BASELINE,NEW_DATA,9.0963,86.1023,29.7626,9.0963,86.1023,29.7626
2026-06-02 14:39:31.252,BASELINE,NEW_DATA,9.0970,86.1023,29.7626,9.0970,86.1023,29.7626
2026-06-02 14:39:31.276,BASELINE,NEW_DATA,9.0956,86.1023,29.7626,9.0956,86.1023,29.7626
2026-06-02 14:39:31.292,BASELINE,NEW_DATA,9.0977,86.1023,29.7626,9.0977,86.1023,29.7626
2026-06-02 14:39:31.314,BASELINE,NEW_DATA,9.0984,86.1023,29.7626,9.0984,86.1023,29.7626
2026-06-02 14:39:31.334,BASELINE,NEW_DATA,9.0981,86.1023,29.7626,9.0981,86.1023,29.7626
2026-06-02 14:39:31.355,BASELINE,NEW_DATA,9.0987,86.1023,29.7626,9.0987,86.1023,29.7626
2026-06-02 14:39:31.376,BASELINE,NEW_DATA,9.0977,86.1023,29.7626,9.0977,86.1023,29.7626
2026-06-02 14:39:31.396,BASELINE,NEW_DATA,9.1008,86.1023,29.7626,9.1008,86.1023,29.7626
2026-06-02 14:39:31.417,BASELINE,NEW_DATA,9.1012,86.1023,29.7626,9.1012,86.1023,29.7626
2026-06-02 14:39:31.439,BASELINE,NEW_DATA,9.1019,86.1023,29.7626,9.1019,86.1023,29.7626
2026-06-02 14:39:31.460,BASELINE,NEW_DATA,9.1022,86.1023,29.7626,9.1022,86.1023,29.7626
2026-06-02 14:39:31.481,BASELINE,NEW_DATA,9.1005,86.1023,29.7626,9.1005,86.1023,29.7626
2026-06-02 14:39:31.503,BASELINE,NEW_DATA,9.1001,86.1023,29.7626,9.1001,86.1023,29.7626
2026-06-02 14:39:31.523,BASELINE,NEW_DATA,9.0981,86.1023,29.7626,9.0981,86.1023,29.7626
2026-06-02 14:39:31.544,BASELINE,NEW_DATA,9.0963,86.1023,29.7626,9.0963,86.1023,29.7626
2026-06-02 14:39:31.566,BASELINE,NEW_DATA,9.0987,86.1023,29.7626,9.0987,86.1023,29.7626
2026-06-02 14:39:31.587,BASELINE,NEW_DATA,9.0984,86.1023,29.7626,9.0984,86.1023,29.7626
2026-06-02 14:39:31.608,BASELINE,NEW_DATA,9.0963,86.1023,29.7626,9.0963,86.1023,29.7626
2026-06-02 14:39:31.628,BASELINE,NEW_DATA,9.0960,86.1023,29.7626,9.0960,86.1023,29.7626
2026-06-02 14:39:31.649,BASELINE,NEW_DATA,9.0984,86.1023,29.7626,9.0984,86.1023,29.7626
2026-06-02 14:39:31.670,BASELINE,NEW_DATA,9.0960,86.1023,29.7626,9.0960,86.1023,29.7626
2026-06-02 14:39:31.690,BASELINE,NEW_DATA,9.0977,86.1023,29.7626,9.0977,86.1023,29.7626
2026-06-02 14:39:31.710,BASELINE,NEW_DATA,9.0963,86.1023,29.7626,9.0963,86.1023,29.7626
2026-06-02 14:39:31.731,BASELINE,NEW_DATA,9.0970,85.5544,29.7365,9.0970,85.5544,29.7365
2026-06-02 14:39:31.752,BASELINE,NEW_DATA,9.0981,85.5544,29.7365,9.0981,85.5544,29.7365
2026-06-02 14:39:31.774,BASELINE,NEW_DATA,9.0960,85.5544,29.7365,9.0960,85.5544,29.7365
2026-06-02 14:39:31.798,BASELINE,NEW_DATA,9.0953,85.5544,29.7365,9.0953,85.5544,29.7365
2026-06-02 14:39:31.817,BASELINE,NEW_DATA,9.0956,85.5544,29.7365,9.0956,85.5544,29.7365
2026-06-02 14:39:31.838,BASELINE,NEW_DATA,9.0994,85.5544,29.7365,9.0994,85.5544,29.7365
2026-06-02 14:39:31.860,BASELINE,NEW_DATA,9.0991,85.5544,29.7365,9.0991,85.5544,29.7365
2026-06-02 14:39:31.881,BASELINE,NEW_DATA,9.0984,85.5544,29.7365,9.0984,85.5544,29.7365
2026-06-02 14:39:31.902,BASELINE,NEW_DATA,9.0939,85.5544,29.7365,9.0939,85.5544,29.7365
2026-06-02 14:39:31.923,BASELINE,NEW_DATA,9.0929,85.5544,29.7365,9.0929,85.5544,29.7365
2026-06-02 14:39:31.944,BASELINE,NEW_DATA,9.0946,85.5544,29.7365,9.0946,85.5544,29.7365
2026-06-02 14:39:31.966,BASELINE,NEW_DATA,9.1008,85.5544,29.7365,9.1008,85.5544,29.7365
2026-06-02 14:39:31.986,BASELINE,NEW_DATA,9.1140,85.5544,29.7365,9.1140,85.5544,29.7365
2026-06-02 14:39:32.008,BASELINE,NEW_DATA,9.0974,85.5544,29.7365,9.0974,85.5544,29.7365
2026-06-02 14:39:32.029,BASELINE,NEW_DATA,9.0939,85.5544,29.7365,9.0939,85.5544,29.7365
2026-06-02 14:39:32.049,BASELINE,NEW_DATA,9.0987,85.5544,29.7365,9.0987,85.5544,29.7365
2026-06-02 14:39:32.069,BASELINE,NEW_DATA,9.0929,85.5544,29.7365,9.0929,85.5544,29.7365
2026-06-02 14:39:32.091,BASELINE,NEW_DATA,9.0970,85.5544,29.7365,9.0970,85.5544,29.7365
2026-06-02 14:39:32.112,BASELINE,NEW_DATA,9.0942,85.5544,29.7365,9.0942,85.5544,29.7365
2026-06-02 14:39:32.133,BASELINE,NEW_DATA,9.0967,85.5544,29.7365,9.0967,85.5544,29.7365
2026-06-02 14:39:32.155,BASELINE,NEW_DATA,9.0956,85.5544,29.7365,9.0956,85.5544,29.7365
2026-06-02 14:39:32.176,BASELINE,NEW_DATA,9.0967,85.5544,29.7365,9.0967,85.5544,29.7365
2026-06-02 14:39:32.197,BASELINE,NEW_DATA,9.0987,85.5544,29.7365,9.0987,85.5544,29.7365
2026-06-02 14:39:32.218,BASELINE,NEW_DATA,9.1019,85.5544,29.7365,9.1019,85.5544,29.7365
2026-06-02 14:39:32.238,BASELINE,NEW_DATA,9.0984,85.1909,29.6540,9.0984,85.1909,29.6540
2026-06-02 14:39:32.260,BASELINE,NEW_DATA,9.0991,85.1909,29.6540,9.0991,85.1909,29.6540
2026-06-02 14:39:32.281,BASELINE,NEW_DATA,9.0929,85.1909,29.6540,9.0929,85.1909,29.6540
2026-06-02 14:39:32.302,BASELINE,NEW_DATA,9.0984,85.1909,29.6540,9.0984,85.1909,29.6540
2026-06-02 14:39:32.327,BASELINE,NEW_DATA,9.0939,85.1909,29.6540,9.0939,85.1909,29.6540
2026-06-02 14:39:32.344,BASELINE,NEW_DATA,9.0935,85.1909,29.6540,9.0935,85.1909,29.6540
2026-06-02 14:39:32.365,BASELINE,NEW_DATA,9.0911,85.1909,29.6540,9.0911,85.1909,29.6540
2026-06-02 14:39:32.386,BASELINE,NEW_DATA,9.0908,85.1909,29.6540,9.0908,85.1909,29.6540
2026-06-02 14:39:32.407,BASELINE,NEW_DATA,9.0932,85.1909,29.6540,9.0932,85.1909,29.6540
2026-06-02 14:39:32.428,BASELINE,NEW_DATA,9.0939,85.1909,29.6540,9.0939,85.1909,29.6540
2026-06-02 14:39:32.449,BASELINE,NEW_DATA,9.0935,85.1909,29.6540,9.0935,85.1909,29.6540
2026-06-02 14:39:32.469,BASELINE,NEW_DATA,9.0915,85.1909,29.6540,9.0915,85.1909,29.6540
2026-06-02 14:39:32.490,BASELINE,NEW_DATA,9.0929,85.1909,29.6540,9.0929,85.1909,29.6540
2026-06-02 14:39:32.511,BASELINE,NEW_DATA,9.0935,85.1909,29.6540,9.0935,85.1909,29.6540
2026-06-02 14:39:32.532,BASELINE,NEW_DATA,9.0949,85.1909,29.6540,9.0949,85.1909,29.6540
2026-06-02 14:39:32.553,BASELINE,NEW_DATA,9.0918,85.1909,29.6540,9.0918,85.1909,29.6540
2026-06-02 14:39:32.574,BASELINE,NEW_DATA,9.0939,85.1909,29.6540,9.0939,85.1909,29.6540
2026-06-02 14:39:32.596,BASELINE,NEW_DATA,9.0929,85.1909,29.6540,9.0929,85.1909,29.6540
2026-06-02 14:39:32.618,BASELINE,NEW_DATA,9.0901,85.1909,29.6540,9.0901,85.1909,29.6540
2026-06-02 14:39:32.639,BASELINE,NEW_DATA,9.0908,85.1909,29.6540,9.0908,85.1909,29.6540
2026-06-02 14:39:32.660,BASELINE,NEW_DATA,9.0922,85.1909,29.6540,9.0922,85.1909,29.6540
2026-06-02 14:39:32.681,BASELINE,NEW_DATA,9.0894,85.1909,29.6540,9.0894,85.1909,29.6540
2026-06-02 14:39:32.702,BASELINE,NEW_DATA,9.0883,85.1909,29.6540,9.0883,85.1909,29.6540
2026-06-02 14:39:32.724,BASELINE,NEW_DATA,9.0883,85.1909,29.6540,9.0883,85.1909,29.6540
2026-06-02 14:39:32.746,BASELINE,NEW_DATA,9.0873,84.7324,29.2660,9.0873,84.7324,29.2660
2026-06-02 14:39:32.767,BASELINE,NEW_DATA,9.0880,84.7324,29.2660,9.0880,84.7324,29.2660
2026-06-02 14:39:32.787,BASELINE,NEW_DATA,9.1022,84.7324,29.2660,9.1022,84.7324,29.2660
2026-06-02 14:39:32.807,BASELINE,NEW_DATA,9.0953,84.7324,29.2660,9.0953,84.7324,29.2660
2026-06-02 14:39:32.828,BASELINE,NEW_DATA,9.0849,84.7324,29.2660,9.0849,84.7324,29.2660
2026-06-02 14:39:32.855,BASELINE,NEW_DATA,9.0856,84.7324,29.2660,9.0856,84.7324,29.2660
2026-06-02 14:39:32.869,BASELINE,NEW_DATA,9.0842,84.7324,29.2660,9.0842,84.7324,29.2660
2026-06-02 14:39:32.889,BASELINE,NEW_DATA,9.0856,84.7324,29.2660,9.0856,84.7324,29.2660
2026-06-02 14:39:32.911,BASELINE,NEW_DATA,9.0873,84.7324,29.2660,9.0873,84.7324,29.2660
2026-06-02 14:39:32.932,BASELINE,NEW_DATA,9.0859,84.7324,29.2660,9.0859,84.7324,29.2660
2026-06-02 14:39:32.953,BASELINE,NEW_DATA,9.0831,84.7324,29.2660,9.0831,84.7324,29.2660
2026-06-02 14:39:32.973,BASELINE,NEW_DATA,9.0866,84.7324,29.2660,9.0866,84.7324,29.2660
2026-06-02 14:39:32.994,BASELINE,NEW_DATA,9.0901,84.7324,29.2660,9.0901,84.7324,29.2660
2026-06-02 14:39:33.015,BASELINE,NEW_DATA,9.0887,84.7324,29.2660,9.0887,84.7324,29.2660
2026-06-02 14:39:33.037,BASELINE,NEW_DATA,9.0894,84.7324,29.2660,9.0894,84.7324,29.2660
2026-06-02 14:39:33.057,BASELINE,NEW_DATA,9.0873,84.7324,29.2660,9.0873,84.7324,29.2660
2026-06-02 14:39:33.079,BASELINE,NEW_DATA,9.0887,84.7324,29.2660,9.0887,84.7324,29.2660
2026-06-02 14:39:33.101,BASELINE,NEW_DATA,9.0863,84.7324,29.2660,9.0863,84.7324,29.2660
2026-06-02 14:39:33.122,BASELINE,NEW_DATA,9.0856,84.7324,29.2660,9.0856,84.7324,29.2660
2026-06-02 14:39:33.143,BASELINE,NEW_DATA,9.0821,84.7324,29.2660,9.0821,84.7324,29.2660
2026-06-02 14:39:33.164,BASELINE,NEW_DATA,9.0828,84.7324,29.2660,9.0828,84.7324,29.2660
2026-06-02 14:39:33.185,BASELINE,NEW_DATA,9.0828,84.7324,29.2660,9.0828,84.7324,29.2660
2026-06-02 14:39:33.207,BASELINE,NEW_DATA,9.0824,84.7324,29.2660,9.0824,84.7324,29.2660
2026-06-02 14:39:33.228,BASELINE,NEW_DATA,9.0804,84.2103,28.8863,9.0804,84.2103,28.8863
2026-06-02 14:39:33.249,BASELINE,NEW_DATA,9.0824,84.2103,28.8863,9.0824,84.2103,28.8863
2026-06-02 14:39:33.269,BASELINE,NEW_DATA,9.0783,84.2103,28.8863,9.0783,84.2103,28.8863
2026-06-02 14:39:33.290,BASELINE,NEW_DATA,9.0762,84.2103,28.8863,9.0762,84.2103,28.8863
2026-06-02 14:39:33.312,BASELINE,NEW_DATA,9.0766,84.2103,28.8863,9.0766,84.2103,28.8863
2026-06-02 14:39:33.333,BASELINE,NEW_DATA,9.0755,84.2103,28.8863,9.0755,84.2103,28.8863
2026-06-02 14:39:33.355,BASELINE,NEW_DATA,9.0776,84.2103,28.8863,9.0776,84.2103,28.8863
2026-06-02 14:39:33.380,BASELINE,NEW_DATA,9.0797,84.2103,28.8863,9.0797,84.2103,28.8863
2026-06-02 14:39:33.398,BASELINE,NEW_DATA,9.0762,84.2103,28.8863,9.0762,84.2103,28.8863
2026-06-02 14:39:33.419,BASELINE,NEW_DATA,9.0776,84.2103,28.8863,9.0776,84.2103,28.8863
2026-06-02 14:39:33.440,BASELINE,NEW_DATA,9.0790,84.2103,28.8863,9.0790,84.2103,28.8863
2026-06-02 14:39:33.460,BASELINE,NEW_DATA,9.0800,84.2103,28.8863,9.0800,84.2103,28.8863
2026-06-02 14:39:33.481,BASELINE,NEW_DATA,9.0779,84.2103,28.8863,9.0779,84.2103,28.8863
2026-06-02 14:39:33.503,BASELINE,NEW_DATA,9.0769,84.2103,28.8863,9.0769,84.2103,28.8863
2026-06-02 14:39:33.526,BASELINE,NEW_DATA,9.0748,84.2103,28.8863,9.0748,84.2103,28.8863
2026-06-02 14:39:33.547,BASELINE,NEW_DATA,9.0752,84.2103,28.8863,9.0752,84.2103,28.8863
2026-06-02 14:39:33.568,BASELINE,NEW_DATA,9.0762,84.2103,28.8863,9.0762,84.2103,28.8863
2026-06-02 14:39:33.590,BASELINE,NEW_DATA,9.0831,84.2103,28.8863,9.0831,84.2103,28.8863
2026-06-02 14:39:33.611,BASELINE,NEW_DATA,9.0876,84.2103,28.8863,9.0876,84.2103,28.8863
2026-06-02 14:39:33.632,BASELINE,NEW_DATA,9.0772,84.2103,28.8863,9.0772,84.2103,28.8863
2026-06-02 14:39:33.652,BASELINE,NEW_DATA,9.0745,84.2103,28.8863,9.0745,84.2103,28.8863
2026-06-02 14:39:33.673,BASELINE,NEW_DATA,9.0762,84.2103,28.8863,9.0762,84.2103,28.8863
2026-06-02 14:39:33.695,BASELINE,NEW_DATA,9.0755,84.2103,28.8863,9.0755,84.2103,28.8863
2026-06-02 14:39:33.716,BASELINE,NEW_DATA,9.0745,84.2103,28.8863,9.0745,84.2103,28.8863
2026-06-02 14:39:33.737,BASELINE,NEW_DATA,9.0759,84.2103,28.8863,9.0759,84.2103,28.8863
2026-06-02 14:39:33.758,BASELINE,NEW_DATA,9.0727,84.2103,28.8863,9.0727,84.2103,28.8863
2026-06-02 14:39:33.780,BASELINE,NEW_DATA,9.0772,84.2103,28.8863,9.0772,84.2103,28.8863
2026-06-02 14:39:33.801,BASELINE,NEW_DATA,9.0779,84.2103,28.8863,9.0779,84.2103,28.8863
2026-06-02 14:39:33.822,BASELINE,NEW_DATA,9.0790,84.2103,28.8863,9.0790,84.2103,28.8863
2026-06-02 14:39:33.844,BASELINE,NEW_DATA,9.0807,84.2103,28.8863,9.0807,84.2103,28.8863
2026-06-02 14:39:33.864,BASELINE,NEW_DATA,9.0790,84.2103,28.8863,9.0790,84.2103,28.8863
2026-06-02 14:39:33.884,BASELINE,NEW_DATA,9.0762,84.2103,28.8863,9.0762,84.2103,28.8863
2026-06-02 14:39:33.909,BASELINE,NEW_DATA,9.0762,84.2103,28.8863,9.0762,84.2103,28.8863
2026-06-02 14:39:33.926,BASELINE,NEW_DATA,9.0772,84.2103,28.8863,9.0772,84.2103,28.8863
2026-06-02 14:39:33.947,BASELINE,NEW_DATA,9.0745,84.2103,28.8863,9.0745,84.2103,28.8863
2026-06-02 14:39:33.967,BASELINE,NEW_DATA,9.0734,84.2103,28.8863,9.0734,84.2103,28.8863
2026-06-02 14:39:33.988,BASELINE,NEW_DATA,9.0752,84.2103,28.8863,9.0752,84.2103,28.8863
2026-06-02 14:39:34.009,BASELINE,NEW_DATA,9.0748,84.2103,28.8863,9.0748,84.2103,28.8863
2026-06-02 14:39:34.031,BASELINE,NEW_DATA,9.0720,84.2103,28.8863,9.0720,84.2103,28.8863
2026-06-02 14:39:34.051,BASELINE,NEW_DATA,9.0724,84.2103,28.8863,9.0724,84.2103,28.8863
2026-06-02 14:39:34.072,BASELINE,NEW_DATA,9.0720,84.2103,28.8863,9.0720,84.2103,28.8863
2026-06-02 14:39:34.093,BASELINE,NEW_DATA,9.0727,84.2103,28.8863,9.0727,84.2103,28.8863
2026-06-02 14:39:34.113,BASELINE,NEW_DATA,9.0720,84.2103,28.8863,9.0720,84.2103,28.8863
2026-06-02 14:39:34.134,BASELINE,NEW_DATA,9.0717,84.2103,28.8863,9.0717,84.2103,28.8863
2026-06-02 14:39:34.154,BASELINE,NEW_DATA,9.0668,84.2103,28.8863,9.0668,84.2103,28.8863
2026-06-02 14:39:34.175,BASELINE,NEW_DATA,9.0693,84.2103,28.8863,9.0693,84.2103,28.8863
2026-06-02 14:39:34.195,BASELINE,NEW_DATA,9.0700,84.2103,28.8863,9.0700,84.2103,28.8863
2026-06-02 14:39:34.216,BASELINE,NEW_DATA,9.0682,84.2103,28.8863,9.0682,84.2103,28.8863
2026-06-02 14:39:34.236,BASELINE,NEW_DATA,9.0703,83.9819,30.0387,9.0703,83.9819,30.0387
2026-06-02 14:39:34.257,BASELINE,NEW_DATA,9.0696,83.9819,30.0387,9.0696,83.9819,30.0387
2026-06-02 14:39:34.277,BASELINE,NEW_DATA,9.0717,83.9819,30.0387,9.0717,83.9819,30.0387
2026-06-02 14:39:34.298,BASELINE,NEW_DATA,9.0717,83.9819,30.0387,9.0717,83.9819,30.0387
2026-06-02 14:39:34.319,BASELINE,NEW_DATA,9.0710,83.9819,30.0387,9.0710,83.9819,30.0387
2026-06-02 14:39:34.341,BASELINE,NEW_DATA,9.0710,83.9819,30.0387,9.0710,83.9819,30.0387
2026-06-02 14:39:34.363,BASELINE,NEW_DATA,9.0693,83.9819,30.0387,9.0693,83.9819,30.0387
2026-06-02 14:39:34.384,BASELINE,NEW_DATA,9.0727,83.9819,30.0387,9.0727,83.9819,30.0387
2026-06-02 14:39:34.406,BASELINE,NEW_DATA,9.0790,83.9819,30.0387,9.0790,83.9819,30.0387
2026-06-02 14:39:34.430,BASELINE,NEW_DATA,9.0752,83.9819,30.0387,9.0752,83.9819,30.0387
2026-06-02 14:39:34.447,BASELINE,NEW_DATA,9.0661,83.9819,30.0387,9.0661,83.9819,30.0387
2026-06-02 14:39:34.469,BASELINE,NEW_DATA,9.0641,83.9819,30.0387,9.0641,83.9819,30.0387
2026-06-02 14:39:34.490,BASELINE,NEW_DATA,9.0648,83.9819,30.0387,9.0648,83.9819,30.0387
2026-06-02 14:39:34.510,BASELINE,NEW_DATA,9.0641,83.9819,30.0387,9.0641,83.9819,30.0387
2026-06-02 14:39:34.532,BASELINE,NEW_DATA,9.0668,83.9819,30.0387,9.0668,83.9819,30.0387
2026-06-02 14:39:34.553,BASELINE,NEW_DATA,9.0651,83.9819,30.0387,9.0651,83.9819,30.0387
2026-06-02 14:39:34.574,BASELINE,NEW_DATA,9.0672,83.9819,30.0387,9.0672,83.9819,30.0387
2026-06-02 14:39:34.594,BASELINE,NEW_DATA,9.0686,83.9819,30.0387,9.0686,83.9819,30.0387
2026-06-02 14:39:34.615,BASELINE,NEW_DATA,9.0672,83.9819,30.0387,9.0672,83.9819,30.0387
2026-06-02 14:39:34.636,BASELINE,NEW_DATA,9.0675,83.9819,30.0387,9.0675,83.9819,30.0387
2026-06-02 14:39:34.657,BASELINE,NEW_DATA,9.0651,83.9819,30.0387,9.0651,83.9819,30.0387
2026-06-02 14:39:34.680,BASELINE,NEW_DATA,9.0655,83.9819,30.0387,9.0655,83.9819,30.0387
2026-06-02 14:39:34.701,BASELINE,NEW_DATA,9.0644,83.9819,30.0387,9.0644,83.9819,30.0387
2026-06-02 14:39:34.722,BASELINE,NEW_DATA,9.0641,83.9819,30.0387,9.0641,83.9819,30.0387
2026-06-02 14:39:34.743,BASELINE,NEW_DATA,9.0630,83.7516,30.0998,9.0630,83.7516,30.0998
2026-06-02 14:39:34.764,BASELINE,NEW_DATA,9.0609,83.7516,30.0998,9.0609,83.7516,30.0998
2026-06-02 14:39:34.784,BASELINE,NEW_DATA,9.0603,83.7516,30.0998,9.0603,83.7516,30.0998
2026-06-02 14:39:34.805,BASELINE,NEW_DATA,9.0578,83.7516,30.0998,9.0578,83.7516,30.0998
2026-06-02 14:39:34.825,BASELINE,NEW_DATA,9.0578,83.7516,30.0998,9.0578,83.7516,30.0998
2026-06-02 14:39:34.846,BASELINE,NEW_DATA,9.0623,83.7516,30.0998,9.0623,83.7516,30.0998
2026-06-02 14:39:34.868,BASELINE,NEW_DATA,9.0623,83.7516,30.0998,9.0623,83.7516,30.0998
2026-06-02 14:39:34.889,BASELINE,NEW_DATA,9.0578,83.7516,30.0998,9.0578,83.7516,30.0998
2026-06-02 14:39:34.911,BASELINE,NEW_DATA,9.0575,83.7516,30.0998,9.0575,83.7516,30.0998
2026-06-02 14:39:34.932,BASELINE,NEW_DATA,9.0568,83.7516,30.0998,9.0568,83.7516,30.0998
2026-06-02 14:39:34.956,BASELINE,NEW_DATA,9.0578,83.7516,30.0998,9.0578,83.7516,30.0998
2026-06-02 14:39:34.974,BASELINE,NEW_DATA,9.0568,83.7516,30.0998,9.0568,83.7516,30.0998
2026-06-02 14:39:34.995,BASELINE,NEW_DATA,9.0575,83.7516,30.0998,9.0575,83.7516,30.0998
2026-06-02 14:39:35.016,BASELINE,NEW_DATA,9.0578,83.7516,30.0998,9.0578,83.7516,30.0998
2026-06-02 14:39:35.037,BASELINE,NEW_DATA,9.0547,83.7516,30.0998,9.0547,83.7516,30.0998
2026-06-02 14:39:35.057,BASELINE,NEW_DATA,9.0568,83.7516,30.0998,9.0568,83.7516,30.0998
2026-06-02 14:39:35.077,BASELINE,NEW_DATA,9.0564,83.7516,30.0998,9.0564,83.7516,30.0998
2026-06-02 14:39:35.097,BASELINE,NEW_DATA,9.0578,83.7516,30.0998,9.0578,83.7516,30.0998
2026-06-02 14:39:35.119,BASELINE,NEW_DATA,9.0544,83.7516,30.0998,9.0544,83.7516,30.0998
2026-06-02 14:39:35.140,BASELINE,NEW_DATA,9.0523,83.7516,30.0998,9.0523,83.7516,30.0998
2026-06-02 14:39:35.161,BASELINE,NEW_DATA,9.0526,83.7516,30.0998,9.0526,83.7516,30.0998
2026-06-02 14:39:35.182,BASELINE,NEW_DATA,9.0516,83.7516,30.0998,9.0516,83.7516,30.0998
2026-06-02 14:39:35.203,BASELINE,NEW_DATA,9.0575,83.7516,30.0998,9.0575,83.7516,30.0998
2026-06-02 14:39:35.224,BASELINE,NEW_DATA,9.0648,83.7516,30.0998,9.0648,83.7516,30.0998
2026-06-02 14:39:35.244,BASELINE,NEW_DATA,9.0498,83.8290,30.0998,9.0498,83.8290,30.0998
2026-06-02 14:39:35.266,BASELINE,NEW_DATA,9.0512,83.8290,30.0998,9.0512,83.8290,30.0998
2026-06-02 14:39:35.287,BASELINE,NEW_DATA,9.0530,83.8290,30.0998,9.0530,83.8290,30.0998
2026-06-02 14:39:35.307,BASELINE,NEW_DATA,9.0505,83.8290,30.0998,9.0505,83.8290,30.0998
2026-06-02 14:39:35.328,BASELINE,NEW_DATA,9.0512,83.8290,30.0998,9.0512,83.8290,30.0998
2026-06-02 14:39:35.349,BASELINE,NEW_DATA,9.0492,83.8290,30.0998,9.0492,83.8290,30.0998
2026-06-02 14:39:35.370,BASELINE,NEW_DATA,9.0485,83.8290,30.0998,9.0485,83.8290,30.0998
2026-06-02 14:39:35.392,BASELINE,NEW_DATA,9.0498,83.8290,30.0998,9.0498,83.8290,30.0998
2026-06-02 14:39:35.412,BASELINE,NEW_DATA,9.0502,83.8290,30.0998,9.0502,83.8290,30.0998
2026-06-02 14:39:35.433,BASELINE,NEW_DATA,9.0547,83.8290,30.0998,9.0547,83.8290,30.0998
2026-06-02 14:39:35.454,BASELINE,NEW_DATA,9.0554,83.8290,30.0998,9.0554,83.8290,30.0998
2026-06-02 14:39:35.478,BASELINE,NEW_DATA,9.0561,83.8290,30.0998,9.0561,83.8290,30.0998
2026-06-02 14:39:35.497,BASELINE,NEW_DATA,9.0526,83.8290,30.0998,9.0526,83.8290,30.0998
2026-06-02 14:39:35.518,BASELINE,NEW_DATA,9.0502,83.8290,30.0998,9.0502,83.8290,30.0998
2026-06-02 14:39:35.539,BASELINE,NEW_DATA,9.0502,83.8290,30.0998,9.0502,83.8290,30.0998
2026-06-02 14:39:35.560,BASELINE,NEW_DATA,9.0492,83.8290,30.0998,9.0492,83.8290,30.0998
2026-06-02 14:39:35.581,BASELINE,NEW_DATA,9.0443,83.8290,30.0998,9.0443,83.8290,30.0998
2026-06-02 14:39:35.602,BASELINE,NEW_DATA,9.0457,83.8290,30.0998,9.0457,83.8290,30.0998
2026-06-02 14:39:35.623,BASELINE,NEW_DATA,9.0481,83.8290,30.0998,9.0481,83.8290,30.0998
2026-06-02 14:39:35.645,BASELINE,NEW_DATA,9.0485,83.8290,30.0998,9.0485,83.8290,30.0998
2026-06-02 14:39:35.665,BASELINE,NEW_DATA,9.0460,83.8290,30.0998,9.0460,83.8290,30.0998
2026-06-02 14:39:35.686,BASELINE,NEW_DATA,9.0443,83.8290,30.0998,9.0443,83.8290,30.0998
2026-06-02 14:39:35.707,BASELINE,NEW_DATA,9.0464,83.8290,30.0998,9.0464,83.8290,30.0998
2026-06-02 14:39:35.728,BASELINE,NEW_DATA,9.0443,83.8088,30.5824,9.0443,83.8088,30.5824
2026-06-02 14:39:35.748,BASELINE,NEW_DATA,9.0488,83.8088,30.5824,9.0488,83.8088,30.5824
2026-06-02 14:39:35.769,BASELINE,NEW_DATA,9.0485,83.8088,30.5824,9.0485,83.8088,30.5824
2026-06-02 14:39:35.814,BASELINE,NEW_DATA,9.0471,83.8088,30.5824,9.0471,83.8088,30.5824
2026-06-02 14:39:35.835,BASELINE,NEW_DATA,9.0464,83.8088,30.5824,9.0464,83.8088,30.5824
2026-06-02 14:39:35.856,BASELINE,NEW_DATA,9.0471,83.8088,30.5824,9.0471,83.8088,30.5824
2026-06-02 14:39:35.876,BASELINE,NEW_DATA,9.0498,83.8088,30.5824,9.0498,83.8088,30.5824
2026-06-02 14:39:35.897,BASELINE,NEW_DATA,9.0492,83.8088,30.5824,9.0492,83.8088,30.5824
2026-06-02 14:39:35.918,BASELINE,NEW_DATA,9.0498,83.8088,30.5824,9.0498,83.8088,30.5824
2026-06-02 14:39:35.938,BASELINE,NEW_DATA,9.0457,83.8088,30.5824,9.0457,83.8088,30.5824
2026-06-02 14:39:35.960,BASELINE,NEW_DATA,9.0471,83.8088,30.5824,9.0471,83.8088,30.5824
2026-06-02 14:39:35.981,BASELINE,NEW_DATA,9.0471,83.8088,30.5824,9.0471,83.8088,30.5824
2026-06-02 14:39:36.002,BASELINE,NEW_DATA,9.0578,83.8088,30.5824,9.0578,83.8088,30.5824
2026-06-02 14:39:36.027,BASELINE,NEW_DATA,9.0533,83.8088,30.5824,9.0533,83.8088,30.5824
2026-06-02 14:39:36.044,BASELINE,NEW_DATA,9.0485,83.8088,30.5824,9.0485,83.8088,30.5824
2026-06-02 14:39:36.064,BASELINE,NEW_DATA,9.0516,83.8088,30.5824,9.0516,83.8088,30.5824
2026-06-02 14:39:36.086,BASELINE,NEW_DATA,9.0505,83.8088,30.5824,9.0505,83.8088,30.5824
2026-06-02 14:39:36.106,BASELINE,NEW_DATA,9.0533,83.8088,30.5824,9.0533,83.8088,30.5824
2026-06-02 14:39:36.126,BASELINE,NEW_DATA,9.0502,83.8088,30.5824,9.0502,83.8088,30.5824
2026-06-02 14:39:36.148,BASELINE,NEW_DATA,9.0519,83.8088,30.5824,9.0519,83.8088,30.5824
2026-06-02 14:39:36.169,BASELINE,NEW_DATA,9.0544,83.8088,30.5824,9.0544,83.8088,30.5824
2026-06-02 14:39:36.189,BASELINE,NEW_DATA,9.0533,83.8088,30.5824,9.0533,83.8088,30.5824
2026-06-02 14:39:36.210,BASELINE,NEW_DATA,9.0526,83.8088,30.5824,9.0526,83.8088,30.5824
2026-06-02 14:39:36.232,BASELINE,NEW_DATA,9.0540,83.9686,30.3433,9.0540,83.9686,30.3433
2026-06-02 14:39:36.253,BASELINE,NEW_DATA,9.0551,83.9686,30.3433,9.0551,83.9686,30.3433
2026-06-02 14:39:36.275,BASELINE,NEW_DATA,9.0540,83.9686,30.3433,9.0540,83.9686,30.3433
2026-06-02 14:39:36.296,BASELINE,NEW_DATA,9.0551,83.9686,30.3433,9.0551,83.9686,30.3433
2026-06-02 14:39:36.316,BASELINE,NEW_DATA,9.0519,83.9686,30.3433,9.0519,83.9686,30.3433
2026-06-02 14:39:36.337,BASELINE,NEW_DATA,9.0492,83.9686,30.3433,9.0492,83.9686,30.3433
2026-06-02 14:39:36.358,BASELINE,NEW_DATA,9.0495,83.9686,30.3433,9.0495,83.9686,30.3433
2026-06-02 14:39:36.379,BASELINE,NEW_DATA,9.0512,83.9686,30.3433,9.0512,83.9686,30.3433
2026-06-02 14:39:36.399,BASELINE,NEW_DATA,9.0502,83.9686,30.3433,9.0502,83.9686,30.3433
2026-06-02 14:39:36.421,BASELINE,NEW_DATA,9.0516,83.9686,30.3433,9.0516,83.9686,30.3433
2026-06-02 14:39:36.442,BASELINE,NEW_DATA,9.0533,83.9686,30.3433,9.0533,83.9686,30.3433
2026-06-02 14:39:36.464,BASELINE,NEW_DATA,9.0537,83.9686,30.3433,9.0537,83.9686,30.3433
2026-06-02 14:39:36.486,BASELINE,NEW_DATA,9.0533,83.9686,30.3433,9.0533,83.9686,30.3433
2026-06-02 14:39:36.507,BASELINE,NEW_DATA,9.0523,83.9686,30.3433,9.0523,83.9686,30.3433
2026-06-02 14:39:36.529,BASELINE,NEW_DATA,9.0523,83.9686,30.3433,9.0523,83.9686,30.3433
2026-06-02 14:39:36.553,BASELINE,NEW_DATA,9.0533,83.9686,30.3433,9.0533,83.9686,30.3433
2026-06-02 14:39:36.570,BASELINE,NEW_DATA,9.0533,83.9686,30.3433,9.0533,83.9686,30.3433
2026-06-02 14:39:36.591,BASELINE,NEW_DATA,9.0464,83.9686,30.3433,9.0464,83.9686,30.3433
2026-06-02 14:39:36.612,BASELINE,NEW_DATA,9.0613,83.9686,30.3433,9.0613,83.9686,30.3433
2026-06-02 14:39:36.633,BASELINE,NEW_DATA,9.0623,83.9686,30.3433,9.0623,83.9686,30.3433
2026-06-02 14:39:36.655,BASELINE,NEW_DATA,9.0679,83.9686,30.3433,9.0679,83.9686,30.3433
2026-06-02 14:39:36.677,BASELINE,NEW_DATA,9.0641,83.9686,30.3433,9.0641,83.9686,30.3433
2026-06-02 14:39:36.697,BASELINE,NEW_DATA,9.0679,83.9686,30.3433,9.0679,83.9686,30.3433
2026-06-02 14:39:36.718,BASELINE,NEW_DATA,9.0623,83.9686,30.3433,9.0623,83.9686,30.3433
2026-06-02 14:39:36.739,BASELINE,NEW_DATA,9.0609,84.1644,30.5184,9.0609,84.1644,30.5184
2026-06-02 14:39:36.759,BASELINE,NEW_DATA,9.0637,84.1644,30.5184,9.0637,84.1644,30.5184
2026-06-02 14:39:36.781,BASELINE,NEW_DATA,9.0613,84.1644,30.5184,9.0613,84.1644,30.5184
2026-06-02 14:39:36.803,BASELINE,NEW_DATA,9.0720,84.1644,30.5184,9.0720,84.1644,30.5184
2026-06-02 14:39:36.824,BASELINE,NEW_DATA,9.0658,84.1644,30.5184,9.0658,84.1644,30.5184
2026-06-02 14:39:36.845,BASELINE,NEW_DATA,9.0658,84.1644,30.5184,9.0658,84.1644,30.5184
2026-06-02 14:39:36.866,BASELINE,NEW_DATA,9.0651,84.1644,30.5184,9.0651,84.1644,30.5184
2026-06-02 14:39:36.887,BASELINE,NEW_DATA,9.0637,84.1644,30.5184,9.0637,84.1644,30.5184
2026-06-02 14:39:36.909,BASELINE,NEW_DATA,9.0700,84.1644,30.5184,9.0700,84.1644,30.5184
2026-06-02 14:39:36.930,BASELINE,NEW_DATA,9.0675,84.1644,30.5184,9.0675,84.1644,30.5184
2026-06-02 14:39:36.950,BASELINE,NEW_DATA,9.0686,84.1644,30.5184,9.0686,84.1644,30.5184
2026-06-02 14:39:36.972,BASELINE,NEW_DATA,9.0700,84.1644,30.5184,9.0700,84.1644,30.5184
2026-06-02 14:39:36.994,BASELINE,NEW_DATA,9.0700,84.1644,30.5184,9.0700,84.1644,30.5184
2026-06-02 14:39:37.015,BASELINE,NEW_DATA,9.0762,84.1644,30.5184,9.0762,84.1644,30.5184
2026-06-02 14:39:37.037,BASELINE,NEW_DATA,9.0769,84.1644,30.5184,9.0769,84.1644,30.5184
2026-06-02 14:39:37.057,BASELINE,NEW_DATA,9.0734,84.1644,30.5184,9.0734,84.1644,30.5184
2026-06-02 14:39:37.081,BASELINE,NEW_DATA,9.0797,84.1644,30.5184,9.0797,84.1644,30.5184
2026-06-02 14:39:37.100,BASELINE,NEW_DATA,9.0762,84.1644,30.5184,9.0762,84.1644,30.5184
2026-06-02 14:39:37.121,BASELINE,NEW_DATA,9.0797,84.1644,30.5184,9.0797,84.1644,30.5184
2026-06-02 14:39:37.141,BASELINE,NEW_DATA,9.0818,84.1644,30.5184,9.0818,84.1644,30.5184
2026-06-02 14:39:37.162,BASELINE,NEW_DATA,9.0824,84.1644,30.5184,9.0824,84.1644,30.5184
2026-06-02 14:39:37.183,BASELINE,NEW_DATA,9.0856,84.1644,30.5184,9.0856,84.1644,30.5184
2026-06-02 14:39:37.204,BASELINE,NEW_DATA,9.0852,84.1644,30.5184,9.0852,84.1644,30.5184
2026-06-02 14:39:37.225,BASELINE,NEW_DATA,9.0873,84.1644,30.5184,9.0873,84.1644,30.5184
2026-06-02 14:39:37.247,BASELINE,NEW_DATA,9.0901,83.7246,30.5184,9.0901,83.7246,30.5184
2026-06-02 14:39:37.267,BASELINE,NEW_DATA,9.0880,83.7246,30.5184,9.0880,83.7246,30.5184
2026-06-02 14:39:37.288,BASELINE,NEW_DATA,9.0908,83.7246,30.5184,9.0908,83.7246,30.5184
2026-06-02 14:39:37.309,BASELINE,NEW_DATA,9.0873,83.7246,30.5184,9.0873,83.7246,30.5184
2026-06-02 14:39:37.329,BASELINE,NEW_DATA,9.0911,83.7246,30.5184,9.0911,83.7246,30.5184
2026-06-02 14:39:37.350,BASELINE,NEW_DATA,9.0949,83.7246,30.5184,9.0949,83.7246,30.5184
2026-06-02 14:39:37.370,BASELINE,NEW_DATA,9.0977,83.7246,30.5184,9.0977,83.7246,30.5184
2026-06-02 14:39:37.390,BASELINE,NEW_DATA,9.0939,83.7246,30.5184,9.0939,83.7246,30.5184
2026-06-02 14:39:37.412,BASELINE,NEW_DATA,9.0949,83.7246,30.5184,9.0949,83.7246,30.5184
2026-06-02 14:39:37.433,BASELINE,NEW_DATA,9.0994,83.7246,30.5184,9.0994,83.7246,30.5184
2026-06-02 14:39:37.454,BASELINE,NEW_DATA,9.0991,83.7246,30.5184,9.0991,83.7246,30.5184
2026-06-02 14:39:37.476,BASELINE,NEW_DATA,9.1022,83.7246,30.5184,9.1022,83.7246,30.5184
2026-06-02 14:39:37.497,BASELINE,NEW_DATA,9.1067,83.7246,30.5184,9.1067,83.7246,30.5184
2026-06-02 14:39:37.518,BASELINE,NEW_DATA,9.0956,83.7246,30.5184,9.0956,83.7246,30.5184
2026-06-02 14:39:37.540,BASELINE,NEW_DATA,9.1022,83.7246,30.5184,9.1022,83.7246,30.5184
2026-06-02 14:39:37.561,BASELINE,NEW_DATA,9.0984,83.7246,30.5184,9.0984,83.7246,30.5184
2026-06-02 14:39:37.581,BASELINE,NEW_DATA,9.1067,83.7246,30.5184,9.1067,83.7246,30.5184
2026-06-02 14:39:37.605,BASELINE,NEW_DATA,9.1202,83.7246,30.5184,9.1202,83.7246,30.5184
2026-06-02 14:39:37.623,BASELINE,NEW_DATA,9.1105,83.7246,30.5184,9.1105,83.7246,30.5184
2026-06-02 14:39:37.644,BASELINE,NEW_DATA,9.1091,83.7246,30.5184,9.1091,83.7246,30.5184
2026-06-02 14:39:37.665,BASELINE,NEW_DATA,9.1144,83.7246,30.5184,9.1144,83.7246,30.5184
2026-06-02 14:39:37.686,BASELINE,NEW_DATA,9.1123,83.7246,30.5184,9.1123,83.7246,30.5184
2026-06-02 14:39:37.706,BASELINE,NEW_DATA,9.1133,83.7246,30.5184,9.1133,83.7246,30.5184
2026-06-02 14:39:37.728,BASELINE,NEW_DATA,9.1154,83.7246,30.5184,9.1154,83.7246,30.5184
2026-06-02 14:39:37.750,BASELINE,NEW_DATA,9.1157,83.9382,30.6990,9.1157,83.9382,30.6990
2026-06-02 14:39:37.771,BASELINE,NEW_DATA,9.1137,83.9382,30.6990,9.1137,83.9382,30.6990
2026-06-02 14:39:37.792,BASELINE,NEW_DATA,9.1154,83.9382,30.6990,9.1154,83.9382,30.6990
2026-06-02 14:39:37.813,BASELINE,NEW_DATA,9.1182,83.9382,30.6990,9.1182,83.9382,30.6990
2026-06-02 14:39:37.834,BASELINE,NEW_DATA,9.1213,83.9382,30.6990,9.1213,83.9382,30.6990
2026-06-02 14:39:37.855,BASELINE,NEW_DATA,9.1241,83.9382,30.6990,9.1241,83.9382,30.6990
2026-06-02 14:39:37.877,BASELINE,NEW_DATA,9.1216,83.9382,30.6990,9.1216,83.9382,30.6990
2026-06-02 14:39:37.897,BASELINE,NEW_DATA,9.1227,83.9382,30.6990,9.1227,83.9382,30.6990
2026-06-02 14:39:37.918,BASELINE,NEW_DATA,9.1254,83.9382,30.6990,9.1254,83.9382,30.6990
2026-06-02 14:39:37.938,BASELINE,NEW_DATA,9.1261,83.9382,30.6990,9.1261,83.9382,30.6990
2026-06-02 14:39:37.958,BASELINE,NEW_DATA,9.1268,83.9382,30.6990,9.1268,83.9382,30.6990
2026-06-02 14:39:37.978,BASELINE,NEW_DATA,9.1268,83.9382,30.6990,9.1268,83.9382,30.6990
2026-06-02 14:39:37.998,BASELINE,NEW_DATA,9.1296,83.9382,30.6990,9.1296,83.9382,30.6990
2026-06-02 14:39:38.019,BASELINE,NEW_DATA,9.1355,83.9382,30.6990,9.1355,83.9382,30.6990
2026-06-02 14:39:38.040,BASELINE,NEW_DATA,9.1310,83.9382,30.6990,9.1310,83.9382,30.6990
2026-06-02 14:39:38.061,BASELINE,NEW_DATA,9.1345,83.9382,30.6990,9.1345,83.9382,30.6990
2026-06-02 14:39:38.084,BASELINE,NEW_DATA,9.1289,83.9382,30.6990,9.1289,83.9382,30.6990
2026-06-02 14:39:38.104,BASELINE,NEW_DATA,9.1310,83.9382,30.6990,9.1310,83.9382,30.6990
2026-06-02 14:39:38.128,BASELINE,NEW_DATA,9.1303,83.9382,30.6990,9.1303,83.9382,30.6990
2026-06-02 14:39:38.147,BASELINE,NEW_DATA,9.1293,83.9382,30.6990,9.1293,83.9382,30.6990
2026-06-02 14:39:38.169,BASELINE,NEW_DATA,9.1331,83.9382,30.6990,9.1331,83.9382,30.6990
2026-06-02 14:39:38.190,BASELINE,NEW_DATA,9.1331,83.9382,30.6990,9.1331,83.9382,30.6990
2026-06-02 14:39:38.212,BASELINE,NEW_DATA,9.1331,83.9382,30.6990,9.1331,83.9382,30.6990
2026-06-02 14:39:38.233,BASELINE,NEW_DATA,9.1331,83.6591,30.6990,9.1331,83.6591,30.6990
2026-06-02 14:39:38.254,BASELINE,NEW_DATA,9.1362,83.6591,30.6990,9.1362,83.6591,30.6990
2026-06-02 14:39:38.275,BASELINE,NEW_DATA,9.1376,83.6591,30.6990,9.1376,83.6591,30.6990
2026-06-02 14:39:38.295,BASELINE,NEW_DATA,9.1372,83.6591,30.6990,9.1372,83.6591,30.6990
2026-06-02 14:39:38.317,BASELINE,NEW_DATA,9.1379,83.6591,30.6990,9.1379,83.6591,30.6990
2026-06-02 14:39:38.338,BASELINE,NEW_DATA,9.1383,83.6591,30.6990,9.1383,83.6591,30.6990
2026-06-02 14:39:38.360,BASELINE,NEW_DATA,9.1431,83.6591,30.6990,9.1431,83.6591,30.6990
2026-06-02 14:39:38.381,BASELINE,NEW_DATA,9.1508,83.6591,30.6990,9.1508,83.6591,30.6990
2026-06-02 14:39:38.402,BASELINE,NEW_DATA,9.1383,83.6591,30.6990,9.1383,83.6591,30.6990
2026-06-02 14:39:38.424,BASELINE,NEW_DATA,9.1359,83.6591,30.6990,9.1359,83.6591,30.6990
2026-06-02 14:39:38.445,BASELINE,NEW_DATA,9.1400,83.6591,30.6990,9.1400,83.6591,30.6990
2026-06-02 14:39:38.466,BASELINE,NEW_DATA,9.1383,83.6591,30.6990,9.1383,83.6591,30.6990
2026-06-02 14:39:38.488,BASELINE,NEW_DATA,9.1424,83.6591,30.6990,9.1424,83.6591,30.6990
2026-06-02 14:39:38.509,BASELINE,NEW_DATA,9.1414,83.6591,30.6990,9.1414,83.6591,30.6990
2026-06-02 14:39:38.530,BASELINE,NEW_DATA,9.1435,83.6591,30.6990,9.1435,83.6591,30.6990
2026-06-02 14:39:38.552,BASELINE,NEW_DATA,9.1466,83.6591,30.6990,9.1466,83.6591,30.6990
2026-06-02 14:39:38.573,BASELINE,NEW_DATA,9.1504,83.6591,30.6990,9.1504,83.6591,30.6990
2026-06-02 14:39:38.594,BASELINE,NEW_DATA,9.1515,83.6591,30.6990,9.1515,83.6591,30.6990
2026-06-02 14:39:38.614,BASELINE,NEW_DATA,9.1428,83.6591,30.6990,9.1428,83.6591,30.6990
2026-06-02 14:39:38.635,BASELINE,NEW_DATA,9.1487,83.6591,30.6990,9.1487,83.6591,30.6990
2026-06-02 14:39:38.661,BASELINE,NEW_DATA,9.1466,83.6591,30.6990,9.1466,83.6591,30.6990
2026-06-02 14:39:38.677,BASELINE,NEW_DATA,9.1466,83.6591,30.6990,9.1466,83.6591,30.6990
2026-06-02 14:39:38.697,BASELINE,NEW_DATA,9.1466,83.6591,30.6990,9.1466,83.6591,30.6990
2026-06-02 14:39:38.718,BASELINE,NEW_DATA,9.1438,83.6591,30.6990,9.1438,83.6591,30.6990
2026-06-02 14:39:38.738,BASELINE,NEW_DATA,9.1463,83.7459,30.7910,9.1463,83.7459,30.7910
2026-06-02 14:39:38.760,BASELINE,NEW_DATA,9.1449,83.7459,30.7910,9.1449,83.7459,30.7910
2026-06-02 14:39:38.780,BASELINE,NEW_DATA,9.1456,83.7459,30.7910,9.1456,83.7459,30.7910
2026-06-02 14:39:38.801,BASELINE,NEW_DATA,9.1466,83.7459,30.7910,9.1466,83.7459,30.7910
2026-06-02 14:39:38.821,BASELINE,NEW_DATA,9.1466,83.7459,30.7910,9.1466,83.7459,30.7910
2026-06-02 14:39:38.842,BASELINE,NEW_DATA,9.1466,83.7459,30.7910,9.1466,83.7459,30.7910
2026-06-02 14:39:38.863,BASELINE,NEW_DATA,9.1463,83.7459,30.7910,9.1463,83.7459,30.7910
2026-06-02 14:39:38.884,BASELINE,NEW_DATA,9.1466,83.7459,30.7910,9.1466,83.7459,30.7910
2026-06-02 14:39:38.905,BASELINE,NEW_DATA,9.1456,83.7459,30.7910,9.1456,83.7459,30.7910
2026-06-02 14:39:38.926,BASELINE,NEW_DATA,9.1466,83.7459,30.7910,9.1466,83.7459,30.7910
2026-06-02 14:39:38.947,BASELINE,NEW_DATA,9.1490,83.7459,30.7910,9.1490,83.7459,30.7910
2026-06-02 14:39:38.967,BASELINE,NEW_DATA,9.1504,83.7459,30.7910,9.1504,83.7459,30.7910
2026-06-02 14:39:38.988,BASELINE,NEW_DATA,9.1515,83.7459,30.7910,9.1515,83.7459,30.7910
2026-06-02 14:39:39.009,BASELINE,NEW_DATA,9.1525,83.7459,30.7910,9.1525,83.7459,30.7910
2026-06-02 14:39:39.030,BASELINE,NEW_DATA,9.1494,83.7459,30.7910,9.1494,83.7459,30.7910
2026-06-02 14:39:39.051,BASELINE,NEW_DATA,9.1497,83.7459,30.7910,9.1497,83.7459,30.7910
2026-06-02 14:39:39.071,BASELINE,NEW_DATA,9.1490,83.7459,30.7910,9.1490,83.7459,30.7910
2026-06-02 14:39:39.092,BASELINE,NEW_DATA,9.1511,83.7459,30.7910,9.1511,83.7459,30.7910
2026-06-02 14:39:39.113,BASELINE,NEW_DATA,9.1608,83.7459,30.7910,9.1608,83.7459,30.7910
2026-06-02 14:39:39.134,BASELINE,NEW_DATA,9.1553,83.7459,30.7910,9.1553,83.7459,30.7910
2026-06-02 14:39:39.155,BASELINE,NEW_DATA,9.1483,83.7459,30.7910,9.1483,83.7459,30.7910
2026-06-02 14:39:39.180,BASELINE,NEW_DATA,9.1497,83.7459,30.7910,9.1497,83.7459,30.7910
2026-06-02 14:39:39.196,BASELINE,NEW_DATA,9.1532,83.7459,30.7910,9.1532,83.7459,30.7910
2026-06-02 14:39:39.217,BASELINE,NEW_DATA,9.1504,83.7459,30.7910,9.1504,83.7459,30.7910
2026-06-02 14:39:39.239,BASELINE,NEW_DATA,9.1522,83.9949,30.8565,9.1522,83.9949,30.8565
2026-06-02 14:39:39.259,BASELINE,NEW_DATA,9.1515,83.9949,30.8565,9.1515,83.9949,30.8565
2026-06-02 14:39:39.280,BASELINE,NEW_DATA,9.1522,83.9949,30.8565,9.1522,83.9949,30.8565
2026-06-02 14:39:39.301,BASELINE,NEW_DATA,9.1528,83.9949,30.8565,9.1528,83.9949,30.8565
2026-06-02 14:39:39.322,BASELINE,NEW_DATA,9.1539,83.9949,30.8565,9.1539,83.9949,30.8565
2026-06-02 14:39:39.342,BASELINE,NEW_DATA,9.1560,83.9949,30.8565,9.1560,83.9949,30.8565
2026-06-02 14:39:39.363,BASELINE,NEW_DATA,9.1570,83.9949,30.8565,9.1570,83.9949,30.8565
2026-06-02 14:39:39.384,BASELINE,NEW_DATA,9.1594,83.9949,30.8565,9.1594,83.9949,30.8565
2026-06-02 14:39:39.405,BASELINE,NEW_DATA,9.1560,83.9949,30.8565,9.1560,83.9949,30.8565
2026-06-02 14:39:39.426,BASELINE,NEW_DATA,9.1546,83.9949,30.8565,9.1546,83.9949,30.8565
2026-06-02 14:39:39.448,BASELINE,NEW_DATA,9.1532,83.9949,30.8565,9.1532,83.9949,30.8565
2026-06-02 14:39:39.468,BASELINE,NEW_DATA,9.1546,83.9949,30.8565,9.1546,83.9949,30.8565
2026-06-02 14:39:39.489,BASELINE,NEW_DATA,9.1528,83.9949,30.8565,9.1528,83.9949,30.8565
2026-06-02 14:39:39.510,BASELINE,NEW_DATA,9.1535,83.9949,30.8565,9.1535,83.9949,30.8565
2026-06-02 14:39:39.531,BASELINE,NEW_DATA,9.1494,83.9949,30.8565,9.1494,83.9949,30.8565
2026-06-02 14:39:39.552,BASELINE,NEW_DATA,9.1480,83.9949,30.8565,9.1480,83.9949,30.8565
2026-06-02 14:39:39.572,BASELINE,NEW_DATA,9.1522,83.9949,30.8565,9.1522,83.9949,30.8565
2026-06-02 14:39:39.593,BASELINE,NEW_DATA,9.1522,83.9949,30.8565,9.1522,83.9949,30.8565
2026-06-02 14:39:39.613,BASELINE,NEW_DATA,9.1515,83.9949,30.8565,9.1515,83.9949,30.8565
2026-06-02 14:39:39.635,BASELINE,NEW_DATA,9.1504,83.9949,30.8565,9.1504,83.9949,30.8565
2026-06-02 14:39:39.656,BASELINE,NEW_DATA,9.1532,83.9949,30.8565,9.1532,83.9949,30.8565
2026-06-02 14:39:39.677,BASELINE,NEW_DATA,9.1515,83.9949,30.8565,9.1515,83.9949,30.8565
2026-06-02 14:39:39.701,BASELINE,NEW_DATA,9.1539,83.9949,30.8565,9.1539,83.9949,30.8565
2026-06-02 14:39:39.718,BASELINE,NEW_DATA,9.1515,83.9949,30.8565,9.1515,83.9949,30.8565
2026-06-02 14:39:39.739,BASELINE,NEW_DATA,9.1532,83.7869,32.8895,9.1532,83.7869,32.8895
2026-06-02 14:39:39.760,BASELINE,NEW_DATA,9.1518,83.7869,32.8895,9.1518,83.7869,32.8895
2026-06-02 14:39:39.781,BASELINE,NEW_DATA,9.1504,83.7869,32.8895,9.1504,83.7869,32.8895
2026-06-02 14:39:39.803,BASELINE,NEW_DATA,9.1497,83.7869,32.8895,9.1497,83.7869,32.8895
2026-06-02 14:39:39.823,BASELINE,NEW_DATA,9.1473,83.7869,32.8895,9.1473,83.7869,32.8895
2026-06-02 14:39:39.843,BASELINE,NEW_DATA,9.1591,83.7869,32.8895,9.1591,83.7869,32.8895
2026-06-02 14:39:39.866,BASELINE,NEW_DATA,9.1629,83.7869,32.8895,9.1629,83.7869,32.8895
2026-06-02 14:39:39.886,BASELINE,NEW_DATA,9.1504,83.7869,32.8895,9.1504,83.7869,32.8895
2026-06-02 14:39:39.907,BASELINE,NEW_DATA,9.1466,83.7869,32.8895,9.1466,83.7869,32.8895
2026-06-02 14:39:39.927,BASELINE,NEW_DATA,9.1494,83.7869,32.8895,9.1494,83.7869,32.8895
2026-06-02 14:39:39.949,BASELINE,NEW_DATA,9.1497,83.7869,32.8895,9.1497,83.7869,32.8895
2026-06-02 14:39:39.970,BASELINE,NEW_DATA,9.1466,83.7869,32.8895,9.1466,83.7869,32.8895
2026-06-02 14:39:39.991,BASELINE,NEW_DATA,9.1466,83.7869,32.8895,9.1466,83.7869,32.8895
2026-06-02 14:39:40.012,BASELINE,NEW_DATA,9.1501,83.7869,32.8895,9.1501,83.7869,32.8895
2026-06-02 14:39:40.033,BASELINE,NEW_DATA,9.1497,83.7869,32.8895,9.1497,83.7869,32.8895
2026-06-02 14:39:40.054,BASELINE,NEW_DATA,9.1522,83.7869,32.8895,9.1522,83.7869,32.8895
2026-06-02 14:39:40.075,BASELINE,NEW_DATA,9.1522,83.7869,32.8895,9.1522,83.7869,32.8895
2026-06-02 14:39:40.095,BASELINE,NEW_DATA,9.1539,83.7869,32.8895,9.1539,83.7869,32.8895
2026-06-02 14:39:40.116,BASELINE,NEW_DATA,9.1525,83.7869,32.8895,9.1525,83.7869,32.8895
2026-06-02 14:39:40.137,BASELINE,NEW_DATA,9.1532,83.7869,32.8895,9.1532,83.7869,32.8895
2026-06-02 14:39:40.159,BASELINE,NEW_DATA,9.1515,83.7869,32.8895,9.1515,83.7869,32.8895
2026-06-02 14:39:40.180,BASELINE,NEW_DATA,9.1483,83.7869,32.8895,9.1483,83.7869,32.8895
2026-06-02 14:39:40.200,BASELINE,NEW_DATA,9.1466,83.7869,32.8895,9.1466,83.7869,32.8895
2026-06-02 14:39:40.226,BASELINE,NEW_DATA,9.1466,83.7869,32.8895,9.1466,83.7869,32.8895
2026-06-02 14:39:40.241,BASELINE,NEW_DATA,9.1466,83.9112,34.0834,9.1466,83.9112,34.0834
2026-06-02 14:39:40.263,BASELINE,NEW_DATA,9.1466,83.9112,34.0834,9.1466,83.9112,34.0834
2026-06-02 14:39:40.284,BASELINE,NEW_DATA,9.1473,83.9112,34.0834,9.1473,83.9112,34.0834
2026-06-02 14:39:40.304,BASELINE,NEW_DATA,9.1466,83.9112,34.0834,9.1466,83.9112,34.0834
2026-06-02 14:39:40.324,BASELINE,NEW_DATA,9.1459,83.9112,34.0834,9.1459,83.9112,34.0834
2026-06-02 14:39:40.345,BASELINE,NEW_DATA,9.1466,83.9112,34.0834,9.1466,83.9112,34.0834
2026-06-02 14:39:40.366,BASELINE,NEW_DATA,9.1466,83.9112,34.0834,9.1466,83.9112,34.0834
2026-06-02 14:39:40.387,BASELINE,NEW_DATA,9.1456,83.9112,34.0834,9.1456,83.9112,34.0834
2026-06-02 14:39:40.409,BASELINE,NEW_DATA,9.1449,83.9112,34.0834,9.1449,83.9112,34.0834
2026-06-02 14:39:40.431,BASELINE,NEW_DATA,9.1435,83.9112,34.0834,9.1435,83.9112,34.0834
2026-06-02 14:39:40.453,BASELINE,NEW_DATA,9.1449,83.9112,34.0834,9.1449,83.9112,34.0834
2026-06-02 14:39:40.474,BASELINE,NEW_DATA,9.1452,83.9112,34.0834,9.1452,83.9112,34.0834
2026-06-02 14:39:40.496,BASELINE,NEW_DATA,9.1428,83.9112,34.0834,9.1428,83.9112,34.0834
2026-06-02 14:39:40.516,BASELINE,NEW_DATA,9.1459,83.9112,34.0834,9.1459,83.9112,34.0834
2026-06-02 14:39:40.536,BASELINE,NEW_DATA,9.1463,83.9112,34.0834,9.1463,83.9112,34.0834
2026-06-02 14:39:40.558,BASELINE,NEW_DATA,9.1560,83.9112,34.0834,9.1560,83.9112,34.0834
2026-06-02 14:39:40.579,BASELINE,NEW_DATA,9.1435,83.9112,34.0834,9.1435,83.9112,34.0834
2026-06-02 14:39:40.601,BASELINE,NEW_DATA,9.1414,83.9112,34.0834,9.1414,83.9112,34.0834
2026-06-02 14:39:40.622,BASELINE,NEW_DATA,9.1417,83.9112,34.0834,9.1417,83.9112,34.0834
2026-06-02 14:39:40.643,BASELINE,NEW_DATA,9.1424,83.9112,34.0834,9.1424,83.9112,34.0834
2026-06-02 14:39:40.664,BASELINE,NEW_DATA,9.1411,83.9112,34.0834,9.1411,83.9112,34.0834
2026-06-02 14:39:40.684,BASELINE,NEW_DATA,9.1428,83.9112,34.0834,9.1428,83.9112,34.0834
2026-06-02 14:39:40.705,BASELINE,NEW_DATA,9.1456,83.9112,34.0834,9.1456,83.9112,34.0834
2026-06-02 14:39:40.726,BASELINE,NEW_DATA,9.1442,83.9112,34.0834,9.1442,83.9112,34.0834
2026-06-02 14:39:40.751,BASELINE,NEW_DATA,9.1456,83.9281,34.1202,9.1456,83.9281,34.1202
2026-06-02 14:39:40.770,BASELINE,NEW_DATA,9.1456,83.9281,34.1202,9.1456,83.9281,34.1202
2026-06-02 14:39:40.791,BASELINE,NEW_DATA,9.1466,83.9281,34.1202,9.1466,83.9281,34.1202
2026-06-02 14:39:40.812,BASELINE,NEW_DATA,9.1476,83.9281,34.1202,9.1476,83.9281,34.1202
2026-06-02 14:39:40.833,BASELINE,NEW_DATA,9.1466,83.9281,34.1202,9.1466,83.9281,34.1202
2026-06-02 14:39:40.853,BASELINE,NEW_DATA,9.1463,83.9281,34.1202,9.1463,83.9281,34.1202
2026-06-02 14:39:40.874,BASELINE,NEW_DATA,9.1452,83.9281,34.1202,9.1452,83.9281,34.1202
2026-06-02 14:39:40.896,BASELINE,NEW_DATA,9.1435,83.9281,34.1202,9.1435,83.9281,34.1202
2026-06-02 14:39:40.916,BASELINE,NEW_DATA,9.1435,83.9281,34.1202,9.1435,83.9281,34.1202
2026-06-02 14:39:40.937,BASELINE,NEW_DATA,9.1442,83.9281,34.1202,9.1442,83.9281,34.1202
2026-06-02 14:39:40.958,BASELINE,NEW_DATA,9.1459,83.9281,34.1202,9.1459,83.9281,34.1202
2026-06-02 14:39:40.978,BASELINE,NEW_DATA,9.1463,83.9281,34.1202,9.1463,83.9281,34.1202
2026-06-02 14:39:41.001,BASELINE,NEW_DATA,9.1435,83.9281,34.1202,9.1435,83.9281,34.1202
2026-06-02 14:39:41.023,BASELINE,NEW_DATA,9.1435,83.9281,34.1202,9.1435,83.9281,34.1202
2026-06-02 14:39:41.044,BASELINE,NEW_DATA,9.1463,83.9281,34.1202,9.1463,83.9281,34.1202
2026-06-02 14:39:41.065,BASELINE,NEW_DATA,9.1442,83.9281,34.1202,9.1442,83.9281,34.1202
2026-06-02 14:39:41.085,BASELINE,NEW_DATA,9.1435,83.9281,34.1202,9.1435,83.9281,34.1202
2026-06-02 14:39:41.106,BASELINE,NEW_DATA,9.1428,83.9281,34.1202,9.1428,83.9281,34.1202
2026-06-02 14:39:41.126,BASELINE,NEW_DATA,9.1466,83.9281,34.1202,9.1466,83.9281,34.1202
2026-06-02 14:39:41.147,BASELINE,NEW_DATA,9.1466,83.9281,34.1202,9.1466,83.9281,34.1202
2026-06-02 14:39:41.168,BASELINE,NEW_DATA,9.1466,83.9281,34.1202,9.1466,83.9281,34.1202
2026-06-02 14:39:41.189,BASELINE,NEW_DATA,9.1438,83.9281,34.1202,9.1438,83.9281,34.1202
2026-06-02 14:39:41.209,BASELINE,NEW_DATA,9.1421,83.9281,34.1202,9.1421,83.9281,34.1202
2026-06-02 14:39:41.229,BASELINE,NEW_DATA,9.1438,83.9339,33.9178,9.1438,83.9339,33.9178
2026-06-02 14:39:41.250,BASELINE,NEW_DATA,9.1463,83.9339,33.9178,9.1463,83.9339,33.9178
2026-06-02 14:39:41.277,BASELINE,NEW_DATA,9.1636,83.9339,33.9178,9.1636,83.9339,33.9178
2026-06-02 14:39:41.291,BASELINE,NEW_DATA,9.1456,83.9339,33.9178,9.1456,83.9339,33.9178
2026-06-02 14:39:41.311,BASELINE,NEW_DATA,9.1435,83.9339,33.9178,9.1435,83.9339,33.9178
2026-06-02 14:39:41.332,BASELINE,NEW_DATA,9.1466,83.9339,33.9178,9.1466,83.9339,33.9178
2026-06-02 14:39:41.355,BASELINE,NEW_DATA,9.1438,83.9339,33.9178,9.1438,83.9339,33.9178
2026-06-02 14:39:41.374,BASELINE,NEW_DATA,9.1459,83.9339,33.9178,9.1459,83.9339,33.9178
2026-06-02 14:39:41.394,BASELINE,NEW_DATA,9.1442,83.9339,33.9178,9.1442,83.9339,33.9178
2026-06-02 14:39:41.414,BASELINE,NEW_DATA,9.1466,83.9339,33.9178,9.1466,83.9339,33.9178
2026-06-02 14:39:41.435,BASELINE,NEW_DATA,9.1456,83.9339,33.9178,9.1456,83.9339,33.9178
2026-06-02 14:39:41.455,BASELINE,NEW_DATA,9.1494,83.9339,33.9178,9.1494,83.9339,33.9178
2026-06-02 14:39:41.475,BASELINE,NEW_DATA,9.1518,83.9339,33.9178,9.1518,83.9339,33.9178
2026-06-02 14:39:41.495,BASELINE,NEW_DATA,9.1501,83.9339,33.9178,9.1501,83.9339,33.9178
2026-06-02 14:39:41.516,BASELINE,NEW_DATA,9.1528,83.9339,33.9178,9.1528,83.9339,33.9178
2026-06-02 14:39:41.537,BASELINE,NEW_DATA,9.1490,83.9339,33.9178,9.1490,83.9339,33.9178
2026-06-02 14:39:41.557,BASELINE,NEW_DATA,9.1466,83.9339,33.9178,9.1466,83.9339,33.9178
2026-06-02 14:39:41.578,BASELINE,NEW_DATA,9.1466,83.9339,33.9178,9.1466,83.9339,33.9178
2026-06-02 14:39:41.598,BASELINE,NEW_DATA,9.1466,83.9339,33.9178,9.1466,83.9339,33.9178
2026-06-02 14:39:41.619,BASELINE,NEW_DATA,9.1466,83.9339,33.9178,9.1466,83.9339,33.9178
2026-06-02 14:39:41.639,BASELINE,NEW_DATA,9.1466,83.9339,33.9178,9.1466,83.9339,33.9178
2026-06-02 14:39:41.659,BASELINE,NEW_DATA,9.1456,83.9339,33.9178,9.1456,83.9339,33.9178
2026-06-02 14:39:41.679,BASELINE,NEW_DATA,9.1442,83.9339,33.9178,9.1442,83.9339,33.9178
2026-06-02 14:39:41.699,BASELINE,NEW_DATA,9.1466,83.9339,33.9178,9.1466,83.9339,33.9178
2026-06-02 14:39:41.721,BASELINE,NEW_DATA,9.1466,83.9339,33.9178,9.1466,83.9339,33.9178
2026-06-02 14:39:41.741,BASELINE,NEW_DATA,9.1466,83.9281,33.8495,9.1466,83.9281,33.8495
2026-06-02 14:39:41.763,BASELINE,NEW_DATA,9.1456,83.9281,33.8495,9.1456,83.9281,33.8495
2026-06-02 14:39:41.790,BASELINE,NEW_DATA,9.1452,83.9281,33.8495,9.1452,83.9281,33.8495
2026-06-02 14:39:41.805,BASELINE,NEW_DATA,9.1456,83.9281,33.8495,9.1456,83.9281,33.8495
2026-06-02 14:39:41.826,BASELINE,NEW_DATA,9.1459,83.9281,33.8495,9.1459,83.9281,33.8495
2026-06-02 14:39:41.848,BASELINE,NEW_DATA,9.1456,83.9281,33.8495,9.1456,83.9281,33.8495
2026-06-02 14:39:41.869,BASELINE,NEW_DATA,9.1466,83.9281,33.8495,9.1466,83.9281,33.8495
2026-06-02 14:39:41.889,BASELINE,NEW_DATA,9.1449,83.9281,33.8495,9.1449,83.9281,33.8495
2026-06-02 14:39:41.909,BASELINE,NEW_DATA,9.1407,83.9281,33.8495,9.1407,83.9281,33.8495
2026-06-02 14:39:41.930,BASELINE,NEW_DATA,9.1445,83.9281,33.8495,9.1445,83.9281,33.8495
2026-06-02 14:39:41.950,BASELINE,NEW_DATA,9.1438,83.9281,33.8495,9.1438,83.9281,33.8495
2026-06-02 14:39:41.971,BASELINE,NEW_DATA,9.1567,83.9281,33.8495,9.1567,83.9281,33.8495
2026-06-02 14:39:41.991,BASELINE,NEW_DATA,9.1532,83.9281,33.8495,9.1532,83.9281,33.8495
2026-06-02 14:39:42.011,BASELINE,NEW_DATA,9.1438,83.9281,33.8495,9.1438,83.9281,33.8495
2026-06-02 14:39:42.032,BASELINE,NEW_DATA,9.1428,83.9281,33.8495,9.1428,83.9281,33.8495
2026-06-02 14:39:42.052,BASELINE,NEW_DATA,9.1449,83.9281,33.8495,9.1449,83.9281,33.8495
2026-06-02 14:39:42.072,BASELINE,NEW_DATA,9.1438,83.9281,33.8495,9.1438,83.9281,33.8495
2026-06-02 14:39:42.093,BASELINE,NEW_DATA,9.1431,83.9281,33.8495,9.1431,83.9281,33.8495
2026-06-02 14:39:42.113,BASELINE,NEW_DATA,9.1456,83.9281,33.8495,9.1456,83.9281,33.8495
2026-06-02 14:39:42.135,BASELINE,NEW_DATA,9.1442,83.9281,33.8495,9.1442,83.9281,33.8495
2026-06-02 14:39:42.155,BASELINE,NEW_DATA,9.1449,83.9281,33.8495,9.1449,83.9281,33.8495
2026-06-02 14:39:42.176,BASELINE,NEW_DATA,9.1483,83.9281,33.8495,9.1483,83.9281,33.8495
2026-06-02 14:39:42.196,BASELINE,NEW_DATA,9.1501,83.9281,33.8495,9.1501,83.9281,33.8495
2026-06-02 14:39:42.216,BASELINE,NEW_DATA,9.1504,83.9281,33.8495,9.1504,83.9281,33.8495
2026-06-02 14:39:42.236,BASELINE,NEW_DATA,9.1483,83.8810,33.8278,9.1483,83.8810,33.8278
2026-06-02 14:39:42.256,BASELINE,NEW_DATA,9.1466,83.8810,33.8278,9.1466,83.8810,33.8278
2026-06-02 14:39:42.277,BASELINE,NEW_DATA,9.1466,83.8810,33.8278,9.1466,83.8810,33.8278
2026-06-02 14:39:42.301,BASELINE,NEW_DATA,9.1452,83.8810,33.8278,9.1452,83.8810,33.8278
2026-06-02 14:39:42.320,BASELINE,NEW_DATA,9.1466,83.8810,33.8278,9.1466,83.8810,33.8278
2026-06-02 14:39:42.341,BASELINE,NEW_DATA,9.1421,83.8810,33.8278,9.1421,83.8810,33.8278
2026-06-02 14:39:42.361,BASELINE,NEW_DATA,9.1438,83.8810,33.8278,9.1438,83.8810,33.8278
2026-06-02 14:39:42.382,BASELINE,NEW_DATA,9.1442,83.8810,33.8278,9.1442,83.8810,33.8278
2026-06-02 14:39:42.402,BASELINE,NEW_DATA,9.1445,83.8810,33.8278,9.1445,83.8810,33.8278
2026-06-02 14:39:42.422,BASELINE,NEW_DATA,9.1438,83.8810,33.8278,9.1438,83.8810,33.8278
2026-06-02 14:39:42.443,BASELINE,NEW_DATA,9.1397,83.8810,33.8278,9.1397,83.8810,33.8278
2026-06-02 14:39:42.463,BASELINE,NEW_DATA,9.1407,83.8810,33.8278,9.1407,83.8810,33.8278
2026-06-02 14:39:42.483,BASELINE,NEW_DATA,9.1445,83.8810,33.8278,9.1445,83.8810,33.8278
2026-06-02 14:39:42.503,BASELINE,NEW_DATA,9.1421,83.8810,33.8278,9.1421,83.8810,33.8278
2026-06-02 14:39:42.523,BASELINE,NEW_DATA,9.1428,83.8810,33.8278,9.1428,83.8810,33.8278
2026-06-02 14:39:42.544,BASELINE,NEW_DATA,9.1424,83.8810,33.8278,9.1424,83.8810,33.8278
2026-06-02 14:39:42.564,BASELINE,NEW_DATA,9.1379,83.8810,33.8278,9.1379,83.8810,33.8278
2026-06-02 14:39:42.586,BASELINE,NEW_DATA,9.1372,83.8810,33.8278,9.1372,83.8810,33.8278
2026-06-02 14:39:42.606,BASELINE,NEW_DATA,9.1372,83.8810,33.8278,9.1372,83.8810,33.8278
2026-06-02 14:39:42.626,BASELINE,NEW_DATA,9.1359,83.8810,33.8278,9.1359,83.8810,33.8278
2026-06-02 14:39:42.646,BASELINE,NEW_DATA,9.1365,83.8810,33.8278,9.1365,83.8810,33.8278
2026-06-02 14:39:42.666,BASELINE,NEW_DATA,9.1400,83.8810,33.8278,9.1400,83.8810,33.8278
2026-06-02 14:39:42.687,BASELINE,NEW_DATA,9.1546,83.8810,33.8278,9.1546,83.8810,33.8278
2026-06-02 14:39:42.707,BASELINE,NEW_DATA,9.1442,83.8810,33.8278,9.1442,83.8810,33.8278
2026-06-02 14:39:42.728,BASELINE,NEW_DATA,9.1390,83.7622,33.8278,9.1390,83.7622,33.8278
2026-06-02 14:39:42.749,BASELINE,NEW_DATA,9.1386,83.7622,33.8278,9.1386,83.7622,33.8278
2026-06-02 14:39:42.769,BASELINE,NEW_DATA,9.1393,83.7622,33.8278,9.1393,83.7622,33.8278
2026-06-02 14:39:42.790,BASELINE,NEW_DATA,9.1379,83.7622,33.8278,9.1379,83.7622,33.8278
2026-06-02 14:39:42.814,BASELINE,NEW_DATA,9.1407,83.7622,33.8278,9.1407,83.7622,33.8278
2026-06-02 14:39:42.831,BASELINE,NEW_DATA,9.1400,83.7622,33.8278,9.1400,83.7622,33.8278
2026-06-02 14:39:42.852,BASELINE,NEW_DATA,9.1400,83.7622,33.8278,9.1400,83.7622,33.8278
2026-06-02 14:39:42.872,BASELINE,NEW_DATA,9.1400,83.7622,33.8278,9.1400,83.7622,33.8278
2026-06-02 14:39:42.892,BASELINE,NEW_DATA,9.1424,83.7622,33.8278,9.1424,83.7622,33.8278
2026-06-02 14:39:42.913,BASELINE,NEW_DATA,9.1414,83.7622,33.8278,9.1414,83.7622,33.8278
2026-06-02 14:39:42.934,BASELINE,NEW_DATA,9.1393,83.7622,33.8278,9.1393,83.7622,33.8278
2026-06-02 14:39:42.953,BASELINE,NEW_DATA,9.1390,83.7622,33.8278,9.1390,83.7622,33.8278
2026-06-02 14:39:42.974,BASELINE,NEW_DATA,9.1386,83.7622,33.8278,9.1386,83.7622,33.8278
2026-06-02 14:39:42.994,BASELINE,NEW_DATA,9.1372,83.7622,33.8278,9.1372,83.7622,33.8278
2026-06-02 14:39:43.015,BASELINE,NEW_DATA,9.1359,83.7622,33.8278,9.1359,83.7622,33.8278
2026-06-02 14:39:43.035,BASELINE,NEW_DATA,9.1352,83.7622,33.8278,9.1352,83.7622,33.8278
2026-06-02 14:39:43.055,BASELINE,NEW_DATA,9.1359,83.7622,33.8278,9.1359,83.7622,33.8278
2026-06-02 14:39:43.076,BASELINE,NEW_DATA,9.1345,83.7622,33.8278,9.1345,83.7622,33.8278
2026-06-02 14:39:43.096,BASELINE,NEW_DATA,9.1338,83.7622,33.8278,9.1338,83.7622,33.8278
2026-06-02 14:39:43.116,BASELINE,NEW_DATA,9.1338,83.7622,33.8278,9.1338,83.7622,33.8278
2026-06-02 14:39:43.136,BASELINE,NEW_DATA,9.1345,83.7622,33.8278,9.1345,83.7622,33.8278
2026-06-02 14:39:43.156,BASELINE,NEW_DATA,9.1355,83.7622,33.8278,9.1355,83.7622,33.8278
2026-06-02 14:39:43.177,BASELINE,NEW_DATA,9.1327,83.7622,33.8278,9.1327,83.7622,33.8278
2026-06-02 14:39:43.198,BASELINE,NEW_DATA,9.1341,83.7622,33.8278,9.1341,83.7622,33.8278
2026-06-02 14:39:43.218,BASELINE,NEW_DATA,9.1341,83.7622,33.8278,9.1341,83.7622,33.8278
2026-06-02 14:39:43.238,BASELINE,NEW_DATA,9.1355,83.7578,33.8207,9.1355,83.7578,33.8207
2026-06-02 14:39:43.258,BASELINE,NEW_DATA,9.1345,83.7578,33.8207,9.1345,83.7578,33.8207
2026-06-02 14:39:43.278,BASELINE,NEW_DATA,9.1372,83.7578,33.8207,9.1372,83.7578,33.8207
2026-06-02 14:39:43.298,BASELINE,NEW_DATA,9.1338,83.7578,33.8207,9.1338,83.7578,33.8207
2026-06-02 14:39:43.323,BASELINE,NEW_DATA,9.1324,83.7578,33.8207,9.1324,83.7578,33.8207
2026-06-02 14:39:43.340,BASELINE,NEW_DATA,9.1327,83.7578,33.8207,9.1327,83.7578,33.8207
2026-06-02 14:39:43.360,BASELINE,NEW_DATA,9.1341,83.7578,33.8207,9.1341,83.7578,33.8207
2026-06-02 14:39:43.381,BASELINE,NEW_DATA,9.1345,83.7578,33.8207,9.1345,83.7578,33.8207
2026-06-02 14:39:43.402,BASELINE,NEW_DATA,9.1428,83.7578,33.8207,9.1428,83.7578,33.8207
2026-06-02 14:39:43.422,BASELINE,NEW_DATA,9.1390,83.7578,33.8207,9.1390,83.7578,33.8207
2026-06-02 14:39:43.442,BASELINE,NEW_DATA,9.1282,83.7578,33.8207,9.1282,83.7578,33.8207
2026-06-02 14:39:43.462,BASELINE,NEW_DATA,9.1313,83.7578,33.8207,9.1313,83.7578,33.8207
2026-06-02 14:39:43.483,BASELINE,NEW_DATA,9.1338,83.7578,33.8207,9.1338,83.7578,33.8207
2026-06-02 14:39:43.503,BASELINE,NEW_DATA,9.1324,83.7578,33.8207,9.1324,83.7578,33.8207
2026-06-02 14:39:43.523,BASELINE,NEW_DATA,9.1324,83.7578,33.8207,9.1324,83.7578,33.8207
2026-06-02 14:39:43.543,BASELINE,NEW_DATA,9.1327,83.7578,33.8207,9.1327,83.7578,33.8207
2026-06-02 14:39:43.564,BASELINE,NEW_DATA,9.1359,83.7578,33.8207,9.1359,83.7578,33.8207
2026-06-02 14:39:43.585,BASELINE,NEW_DATA,9.1365,83.7578,33.8207,9.1365,83.7578,33.8207
2026-06-02 14:39:43.605,BASELINE,NEW_DATA,9.1393,83.7578,33.8207,9.1393,83.7578,33.8207
2026-06-02 14:39:43.625,BASELINE,NEW_DATA,9.1400,83.7578,33.8207,9.1400,83.7578,33.8207
2026-06-02 14:39:43.646,BASELINE,NEW_DATA,9.1431,83.7578,33.8207,9.1431,83.7578,33.8207
2026-06-02 14:39:43.666,BASELINE,NEW_DATA,9.1386,83.7578,33.8207,9.1386,83.7578,33.8207
2026-06-02 14:39:43.686,BASELINE,NEW_DATA,9.1404,83.7578,33.8207,9.1404,83.7578,33.8207
2026-06-02 14:39:43.706,BASELINE,NEW_DATA,9.1404,83.7578,33.8207,9.1404,83.7578,33.8207
2026-06-02 14:39:43.727,BASELINE,NEW_DATA,9.1407,83.7578,33.8207,9.1407,83.7578,33.8207
2026-06-02 14:39:43.747,BASELINE,NEW_DATA,9.1400,83.5817,33.8176,9.1400,83.5817,33.8176
2026-06-02 14:39:43.768,BASELINE,NEW_DATA,9.1397,83.5817,33.8176,9.1397,83.5817,33.8176
2026-06-02 14:39:43.789,BASELINE,NEW_DATA,9.1407,83.5817,33.8176,9.1407,83.5817,33.8176
2026-06-02 14:39:43.809,BASELINE,NEW_DATA,9.1417,83.5817,33.8176,9.1417,83.5817,33.8176
2026-06-02 14:39:43.833,BASELINE,NEW_DATA,9.1428,83.5817,33.8176,9.1428,83.5817,33.8176
2026-06-02 14:39:43.851,BASELINE,NEW_DATA,9.1456,83.5817,33.8176,9.1456,83.5817,33.8176
2026-06-02 14:39:43.871,BASELINE,NEW_DATA,9.1445,83.5817,33.8176,9.1445,83.5817,33.8176
2026-06-02 14:39:43.891,BASELINE,NEW_DATA,9.1466,83.5817,33.8176,9.1466,83.5817,33.8176
2026-06-02 14:39:43.911,BASELINE,NEW_DATA,9.1466,83.5817,33.8176,9.1466,83.5817,33.8176
2026-06-02 14:39:43.933,BASELINE,NEW_DATA,9.1466,83.5817,33.8176,9.1466,83.5817,33.8176
2026-06-02 14:39:43.953,BASELINE,NEW_DATA,9.1463,83.5817,33.8176,9.1463,83.5817,33.8176
2026-06-02 14:39:43.974,BASELINE,NEW_DATA,9.1494,83.5817,33.8176,9.1494,83.5817,33.8176
2026-06-02 14:39:43.995,BASELINE,NEW_DATA,9.1518,83.5817,33.8176,9.1518,83.5817,33.8176
2026-06-02 14:39:44.016,BASELINE,NEW_DATA,9.1501,83.5817,33.8176,9.1501,83.5817,33.8176
2026-06-02 14:39:44.036,BASELINE,NEW_DATA,9.1511,83.5817,33.8176,9.1511,83.5817,33.8176
2026-06-02 14:39:44.056,BASELINE,NEW_DATA,9.1497,83.5817,33.8176,9.1497,83.5817,33.8176
2026-06-02 14:39:44.076,BASELINE,NEW_DATA,9.1539,83.5817,33.8176,9.1539,83.5817,33.8176
2026-06-02 14:39:44.096,BASELINE,NEW_DATA,9.1570,83.5817,33.8176,9.1570,83.5817,33.8176
2026-06-02 14:39:44.118,BASELINE,NEW_DATA,9.1678,83.5817,33.8176,9.1678,83.5817,33.8176
2026-06-02 14:39:44.138,BASELINE,NEW_DATA,9.1577,83.5817,33.8176,9.1577,83.5817,33.8176
2026-06-02 14:39:44.159,BASELINE,NEW_DATA,9.1577,83.5817,33.8176,9.1577,83.5817,33.8176
2026-06-02 14:39:44.179,BASELINE,NEW_DATA,9.1615,83.5817,33.8176,9.1615,83.5817,33.8176
2026-06-02 14:39:44.199,BASELINE,NEW_DATA,9.1629,83.5817,33.8176,9.1629,83.5817,33.8176
2026-06-02 14:39:44.219,BASELINE,NEW_DATA,9.1660,83.5817,33.8176,9.1660,83.5817,33.8176
2026-06-02 14:39:44.240,BASELINE,NEW_DATA,9.1681,83.4522,34.0061,9.1681,83.4522,34.0061
2026-06-02 14:39:44.260,BASELINE,NEW_DATA,9.1726,83.4522,34.0061,9.1726,83.4522,34.0061
2026-06-02 14:39:44.280,BASELINE,NEW_DATA,9.1723,83.4522,34.0061,9.1723,83.4522,34.0061
2026-06-02 14:39:44.300,BASELINE,NEW_DATA,9.1771,83.4522,34.0061,9.1771,83.4522,34.0061
2026-06-02 14:39:44.321,BASELINE,NEW_DATA,9.1792,83.4522,34.0061,9.1792,83.4522,34.0061
2026-06-02 14:39:44.344,BASELINE,NEW_DATA,9.1816,83.4522,34.0061,9.1816,83.4522,34.0061
2026-06-02 14:39:44.362,BASELINE,NEW_DATA,9.1848,83.4522,34.0061,9.1848,83.4522,34.0061
2026-06-02 14:39:44.384,BASELINE,NEW_DATA,9.1820,83.4522,34.0061,9.1820,83.4522,34.0061
2026-06-02 14:39:44.403,BASELINE,NEW_DATA,9.1861,83.4522,34.0061,9.1861,83.4522,34.0061
2026-06-02 14:39:44.424,BASELINE,NEW_DATA,9.1893,83.4522,34.0061,9.1893,83.4522,34.0061
2026-06-02 14:39:44.444,BASELINE,NEW_DATA,9.1858,83.4522,34.0061,9.1858,83.4522,34.0061
2026-06-02 14:39:44.464,BASELINE,NEW_DATA,9.1827,83.4522,34.0061,9.1827,83.4522,34.0061
2026-06-02 14:39:44.486,BASELINE,NEW_DATA,9.1906,83.4522,34.0061,9.1906,83.4522,34.0061
2026-06-02 14:39:44.505,BASELINE,NEW_DATA,9.1955,83.4522,34.0061,9.1955,83.4522,34.0061
2026-06-02 14:39:44.525,BASELINE,NEW_DATA,9.1955,83.4522,34.0061,9.1955,83.4522,34.0061
2026-06-02 14:39:44.546,BASELINE,NEW_DATA,9.1844,83.4522,34.0061,9.1844,83.4522,34.0061
2026-06-02 14:39:44.568,BASELINE,NEW_DATA,9.1969,83.4522,34.0061,9.1969,83.4522,34.0061
2026-06-02 14:39:44.588,BASELINE,NEW_DATA,9.1976,83.4522,34.0061,9.1976,83.4522,34.0061
2026-06-02 14:39:44.609,BASELINE,NEW_DATA,9.1983,83.4522,34.0061,9.1983,83.4522,34.0061
2026-06-02 14:39:44.629,BASELINE,NEW_DATA,9.1993,83.4522,34.0061,9.1993,83.4522,34.0061
2026-06-02 14:39:44.650,BASELINE,NEW_DATA,9.2031,83.4522,34.0061,9.2031,83.4522,34.0061
2026-06-02 14:39:44.669,BASELINE,NEW_DATA,9.2042,83.4522,34.0061,9.2042,83.4522,34.0061
2026-06-02 14:39:44.689,BASELINE,NEW_DATA,9.2056,83.4522,34.0061,9.2056,83.4522,34.0061
2026-06-02 14:39:44.709,BASELINE,NEW_DATA,9.2066,83.4522,34.0061,9.2066,83.4522,34.0061
2026-06-02 14:39:44.730,BASELINE,NEW_DATA,9.2073,83.5614,33.9095,9.2073,83.5614,33.9095
2026-06-02 14:39:44.752,BASELINE,NEW_DATA,9.2101,83.5614,33.9095,9.2101,83.5614,33.9095
2026-06-02 14:39:44.772,BASELINE,NEW_DATA,9.2121,83.5614,33.9095,9.2121,83.5614,33.9095
2026-06-02 14:39:44.792,BASELINE,NEW_DATA,9.2243,83.5614,33.9095,9.2243,83.5614,33.9095
2026-06-02 14:39:44.812,BASELINE,NEW_DATA,9.2288,83.5614,33.9095,9.2288,83.5614,33.9095
2026-06-02 14:39:44.833,BASELINE,NEW_DATA,9.2163,83.5614,33.9095,9.2163,83.5614,33.9095
2026-06-02 14:39:44.856,BASELINE,NEW_DATA,9.2177,83.5614,33.9095,9.2177,83.5614,33.9095
2026-06-02 14:39:44.874,BASELINE,NEW_DATA,9.2229,83.5614,33.9095,9.2229,83.5614,33.9095
2026-06-02 14:39:44.894,BASELINE,NEW_DATA,9.2232,83.5614,33.9095,9.2232,83.5614,33.9095
2026-06-02 14:39:44.914,BASELINE,NEW_DATA,9.2260,83.5614,33.9095,9.2260,83.5614,33.9095
2026-06-02 14:39:44.935,BASELINE,NEW_DATA,9.2291,83.5614,33.9095,9.2291,83.5614,33.9095
2026-06-02 14:39:44.955,BASELINE,NEW_DATA,9.2260,83.5614,33.9095,9.2260,83.5614,33.9095
2026-06-02 14:39:44.976,BASELINE,NEW_DATA,9.2347,83.5614,33.9095,9.2347,83.5614,33.9095
2026-06-02 14:39:44.996,BASELINE,NEW_DATA,9.2343,83.5614,33.9095,9.2343,83.5614,33.9095
2026-06-02 14:39:45.017,BASELINE,NEW_DATA,9.2354,83.5614,33.9095,9.2354,83.5614,33.9095
2026-06-02 14:39:45.038,BASELINE,NEW_DATA,9.2385,83.5614,33.9095,9.2385,83.5614,33.9095
2026-06-02 14:39:45.058,BASELINE,NEW_DATA,9.2402,83.5614,33.9095,9.2402,83.5614,33.9095
2026-06-02 14:39:45.079,BASELINE,NEW_DATA,9.2399,83.5614,33.9095,9.2399,83.5614,33.9095
2026-06-02 14:39:45.100,BASELINE,NEW_DATA,9.2354,83.5614,33.9095,9.2354,83.5614,33.9095
2026-06-02 14:39:45.120,BASELINE,NEW_DATA,9.2354,83.5614,33.9095,9.2354,83.5614,33.9095
2026-06-02 14:39:45.140,BASELINE,NEW_DATA,9.2354,83.5614,33.9095,9.2354,83.5614,33.9095
2026-06-02 14:39:45.160,BASELINE,NEW_DATA,9.2392,83.5614,33.9095,9.2392,83.5614,33.9095
2026-06-02 14:39:45.180,BASELINE,NEW_DATA,9.2409,83.5614,33.9095,9.2409,83.5614,33.9095
2026-06-02 14:39:45.200,BASELINE,NEW_DATA,9.2416,83.5614,33.9095,9.2416,83.5614,33.9095
2026-06-02 14:39:45.220,BASELINE,NEW_DATA,9.2465,83.5614,33.9095,9.2465,83.5614,33.9095
2026-06-02 14:39:45.241,BASELINE,NEW_DATA,9.2413,83.6475,33.9122,9.2413,83.6475,33.9122
2026-06-02 14:39:45.261,BASELINE,NEW_DATA,9.2454,83.6475,33.9122,9.2454,83.6475,33.9122
2026-06-02 14:39:45.281,BASELINE,NEW_DATA,9.2454,83.6475,33.9122,9.2454,83.6475,33.9122
2026-06-02 14:39:45.301,BASELINE,NEW_DATA,9.2465,83.6475,33.9122,9.2465,83.6475,33.9122
2026-06-02 14:39:45.322,BASELINE,NEW_DATA,9.2499,83.6475,33.9122,9.2499,83.6475,33.9122
2026-06-02 14:39:45.342,BASELINE,NEW_DATA,9.2496,83.6475,33.9122,9.2496,83.6475,33.9122
2026-06-02 14:39:45.369,BASELINE,NEW_DATA,9.2531,83.6475,33.9122,9.2531,83.6475,33.9122
2026-06-02 14:39:45.384,BASELINE,NEW_DATA,9.2524,83.6475,33.9122,9.2524,83.6475,33.9122
2026-06-02 14:39:45.404,BASELINE,NEW_DATA,9.2534,83.6475,33.9122,9.2534,83.6475,33.9122
2026-06-02 14:39:45.424,BASELINE,NEW_DATA,9.2517,83.6475,33.9122,9.2517,83.6475,33.9122
2026-06-02 14:39:45.445,BASELINE,NEW_DATA,9.2517,83.6475,33.9122,9.2517,83.6475,33.9122
2026-06-02 14:39:45.466,BASELINE,NEW_DATA,9.2551,83.6475,33.9122,9.2551,83.6475,33.9122
2026-06-02 14:39:45.488,BASELINE,NEW_DATA,9.2697,83.6475,33.9122,9.2697,83.6475,33.9122
2026-06-02 14:39:45.508,BASELINE,NEW_DATA,9.2583,83.6475,33.9122,9.2583,83.6475,33.9122
2026-06-02 14:39:45.528,BASELINE,NEW_DATA,9.2524,83.6475,33.9122,9.2524,83.6475,33.9122
2026-06-02 14:39:45.550,BASELINE,NEW_DATA,9.2538,83.6475,33.9122,9.2538,83.6475,33.9122
2026-06-02 14:39:45.570,BASELINE,NEW_DATA,9.2565,83.6475,33.9122,9.2565,83.6475,33.9122
2026-06-02 14:39:45.590,BASELINE,NEW_DATA,9.2534,83.6475,33.9122,9.2534,83.6475,33.9122
2026-06-02 14:39:45.611,BASELINE,NEW_DATA,9.2538,83.6475,33.9122,9.2538,83.6475,33.9122
2026-06-02 14:39:45.632,BASELINE,NEW_DATA,9.2551,83.6475,33.9122,9.2551,83.6475,33.9122
2026-06-02 14:39:45.652,BASELINE,NEW_DATA,9.2565,83.6475,33.9122,9.2565,83.6475,33.9122
2026-06-02 14:39:45.673,BASELINE,NEW_DATA,9.2572,83.6475,33.9122,9.2572,83.6475,33.9122
2026-06-02 14:39:45.694,BASELINE,NEW_DATA,9.2593,83.6475,33.9122,9.2593,83.6475,33.9122
2026-06-02 14:39:45.714,BASELINE,NEW_DATA,9.2600,83.6475,33.9122,9.2600,83.6475,33.9122
2026-06-02 14:39:45.735,BASELINE,NEW_DATA,9.2628,83.7726,34.0925,9.2628,83.7726,34.0925
2026-06-02 14:39:45.755,BASELINE,NEW_DATA,9.2635,83.7726,34.0925,9.2635,83.7726,34.0925
2026-06-02 14:39:45.775,BASELINE,NEW_DATA,9.2597,83.7726,34.0925,9.2597,83.7726,34.0925
2026-06-02 14:39:45.795,BASELINE,NEW_DATA,9.2614,83.7726,34.0925,9.2614,83.7726,34.0925
2026-06-02 14:39:45.817,BASELINE,NEW_DATA,9.2607,83.7726,34.0925,9.2607,83.7726,34.0925
2026-06-02 14:39:45.838,BASELINE,NEW_DATA,9.2614,83.7726,34.0925,9.2614,83.7726,34.0925
2026-06-02 14:39:45.859,BASELINE,NEW_DATA,9.2649,83.7726,34.0925,9.2649,83.7726,34.0925
2026-06-02 14:39:45.883,BASELINE,NEW_DATA,9.2635,83.7726,34.0925,9.2635,83.7726,34.0925
2026-06-02 14:39:45.900,BASELINE,NEW_DATA,9.2631,83.7726,34.0925,9.2631,83.7726,34.0925
2026-06-02 14:39:45.922,BASELINE,NEW_DATA,9.2607,83.7726,34.0925,9.2607,83.7726,34.0925
2026-06-02 14:39:45.942,BASELINE,NEW_DATA,9.2631,83.7726,34.0925,9.2631,83.7726,34.0925
2026-06-02 14:39:45.962,BASELINE,NEW_DATA,9.2607,83.7726,34.0925,9.2607,83.7726,34.0925
2026-06-02 14:39:45.983,BASELINE,NEW_DATA,9.2621,83.7726,34.0925,9.2621,83.7726,34.0925
2026-06-02 14:39:46.004,BASELINE,NEW_DATA,9.2621,83.7726,34.0925,9.2621,83.7726,34.0925
2026-06-02 14:39:46.024,BASELINE,NEW_DATA,9.2621,83.7726,34.0925,9.2621,83.7726,34.0925
2026-06-02 14:39:46.045,BASELINE,NEW_DATA,9.2635,83.7726,34.0925,9.2635,83.7726,34.0925
2026-06-02 14:39:46.065,BASELINE,NEW_DATA,9.2607,83.7726,34.0925,9.2607,83.7726,34.0925
2026-06-02 14:39:46.085,BASELINE,NEW_DATA,9.2656,83.7726,34.0925,9.2656,83.7726,34.0925
2026-06-02 14:39:46.105,BASELINE,NEW_DATA,9.2638,83.7726,34.0925,9.2638,83.7726,34.0925
2026-06-02 14:39:46.125,BASELINE,NEW_DATA,9.2638,83.7726,34.0925,9.2638,83.7726,34.0925
2026-06-02 14:39:46.145,BASELINE,NEW_DATA,9.2621,83.7726,34.0925,9.2621,83.7726,34.0925
2026-06-02 14:39:46.166,BASELINE,NEW_DATA,9.2638,83.7726,34.0925,9.2638,83.7726,34.0925
2026-06-02 14:39:46.187,BASELINE,NEW_DATA,9.2708,83.7726,34.0925,9.2708,83.7726,34.0925
2026-06-02 14:39:46.207,BASELINE,NEW_DATA,9.2753,83.7726,34.0925,9.2753,83.7726,34.0925
2026-06-02 14:39:46.227,BASELINE,NEW_DATA,9.2642,83.8300,33.9862,9.2642,83.8300,33.9862
2026-06-02 14:39:46.249,BASELINE,NEW_DATA,9.2635,83.8300,33.9862,9.2635,83.8300,33.9862
2026-06-02 14:39:46.269,BASELINE,NEW_DATA,9.2652,83.8300,33.9862,9.2652,83.8300,33.9862
2026-06-02 14:39:46.289,BASELINE,NEW_DATA,9.2656,83.8300,33.9862,9.2656,83.8300,33.9862
2026-06-02 14:39:46.309,BASELINE,NEW_DATA,9.2662,83.8300,33.9862,9.2662,83.8300,33.9862
2026-06-02 14:39:46.330,BASELINE,NEW_DATA,9.2669,83.8300,33.9862,9.2669,83.8300,33.9862
2026-06-02 14:39:46.350,BASELINE,NEW_DATA,9.2676,83.8300,33.9862,9.2676,83.8300,33.9862
2026-06-02 14:39:46.370,BASELINE,NEW_DATA,9.2676,83.8300,33.9862,9.2676,83.8300,33.9862
2026-06-02 14:39:46.393,BASELINE,NEW_DATA,9.2694,83.8300,33.9862,9.2694,83.8300,33.9862
2026-06-02 14:39:46.411,BASELINE,NEW_DATA,9.2711,83.8300,33.9862,9.2711,83.8300,33.9862
2026-06-02 14:39:46.431,BASELINE,NEW_DATA,9.2732,83.8300,33.9862,9.2732,83.8300,33.9862
2026-06-02 14:39:46.453,BASELINE,NEW_DATA,9.2732,83.8300,33.9862,9.2732,83.8300,33.9862
2026-06-02 14:39:46.473,BASELINE,NEW_DATA,9.2749,83.8300,33.9862,9.2749,83.8300,33.9862
2026-06-02 14:39:46.493,BASELINE,NEW_DATA,9.2697,83.8300,33.9862,9.2697,83.8300,33.9862
2026-06-02 14:39:46.513,BASELINE,NEW_DATA,9.2714,83.8300,33.9862,9.2714,83.8300,33.9862
2026-06-02 14:39:46.534,BASELINE,NEW_DATA,9.2704,83.8300,33.9862,9.2704,83.8300,33.9862
2026-06-02 14:39:46.555,BASELINE,NEW_DATA,9.2725,83.8300,33.9862,9.2725,83.8300,33.9862
2026-06-02 14:39:46.576,BASELINE,NEW_DATA,9.2732,83.8300,33.9862,9.2732,83.8300,33.9862
2026-06-02 14:39:46.597,BASELINE,NEW_DATA,9.2735,83.8300,33.9862,9.2735,83.8300,33.9862
2026-06-02 14:39:46.619,BASELINE,NEW_DATA,9.2725,83.8300,33.9862,9.2725,83.8300,33.9862
2026-06-02 14:39:46.638,BASELINE,NEW_DATA,9.2739,83.8300,33.9862,9.2739,83.8300,33.9862
2026-06-02 14:39:46.659,BASELINE,NEW_DATA,9.2742,83.8300,33.9862,9.2742,83.8300,33.9862
2026-06-02 14:39:46.680,BASELINE,NEW_DATA,9.2721,83.8300,33.9862,9.2721,83.8300,33.9862
2026-06-02 14:39:46.702,BASELINE,NEW_DATA,9.2732,83.8300,33.9862,9.2732,83.8300,33.9862
2026-06-02 14:39:46.723,BASELINE,NEW_DATA,9.2742,83.8300,33.9862,9.2742,83.8300,33.9862
2026-06-02 14:39:46.744,BASELINE,NEW_DATA,9.2746,83.7795,34.0401,9.2746,83.7795,34.0401
2026-06-02 14:39:46.765,BASELINE,NEW_DATA,9.2704,83.7795,34.0401,9.2704,83.7795,34.0401
2026-06-02 14:39:46.787,BASELINE,NEW_DATA,9.2746,83.7795,34.0401,9.2746,83.7795,34.0401
2026-06-02 14:39:46.807,BASELINE,NEW_DATA,9.2763,83.7795,34.0401,9.2763,83.7795,34.0401
2026-06-02 14:39:46.828,BASELINE,NEW_DATA,9.2760,83.7795,34.0401,9.2760,83.7795,34.0401
2026-06-02 14:39:46.849,BASELINE,NEW_DATA,9.2749,83.7795,34.0401,9.2749,83.7795,34.0401
2026-06-02 14:39:46.868,BASELINE,NEW_DATA,9.2767,83.7795,34.0401,9.2767,83.7795,34.0401
2026-06-02 14:39:46.888,BASELINE,NEW_DATA,9.2742,83.7795,34.0401,9.2742,83.7795,34.0401
2026-06-02 14:39:46.912,BASELINE,NEW_DATA,9.2735,83.7795,34.0401,9.2735,83.7795,34.0401
2026-06-02 14:39:46.930,BASELINE,NEW_DATA,9.2843,83.7795,34.0401,9.2843,83.7795,34.0401
2026-06-02 14:39:46.951,BASELINE,NEW_DATA,9.2843,83.7795,34.0401,9.2843,83.7795,34.0401
2026-06-02 14:39:46.971,BASELINE,NEW_DATA,9.2760,83.7795,34.0401,9.2760,83.7795,34.0401
2026-06-02 14:39:46.991,BASELINE,NEW_DATA,9.2787,83.7795,34.0401,9.2787,83.7795,34.0401
2026-06-02 14:39:47.011,BASELINE,NEW_DATA,9.2767,83.7795,34.0401,9.2767,83.7795,34.0401
2026-06-02 14:39:47.031,BASELINE,NEW_DATA,9.2798,83.7795,34.0401,9.2798,83.7795,34.0401
2026-06-02 14:39:47.052,BASELINE,NEW_DATA,9.2822,83.7795,34.0401,9.2822,83.7795,34.0401
2026-06-02 14:39:47.072,BASELINE,NEW_DATA,9.2787,83.7795,34.0401,9.2787,83.7795,34.0401
2026-06-02 14:39:47.093,BASELINE,NEW_DATA,9.2819,83.7795,34.0401,9.2819,83.7795,34.0401
2026-06-02 14:39:47.113,BASELINE,NEW_DATA,9.2819,83.7795,34.0401,9.2819,83.7795,34.0401
2026-06-02 14:39:47.134,BASELINE,NEW_DATA,9.2832,83.7795,34.0401,9.2832,83.7795,34.0401
2026-06-02 14:39:47.155,BASELINE,NEW_DATA,9.2874,83.7795,34.0401,9.2874,83.7795,34.0401
2026-06-02 14:39:47.177,BASELINE,NEW_DATA,9.2874,83.7795,34.0401,9.2874,83.7795,34.0401
2026-06-02 14:39:47.199,BASELINE,NEW_DATA,9.2874,83.7795,34.0401,9.2874,83.7795,34.0401
2026-06-02 14:39:47.218,BASELINE,NEW_DATA,9.2829,83.7795,34.0401,9.2829,83.7795,34.0401
2026-06-02 14:39:47.239,BASELINE,NEW_DATA,9.2853,83.4976,34.0169,9.2853,83.4976,34.0169
2026-06-02 14:39:47.260,BASELINE,NEW_DATA,9.2843,83.4976,34.0169,9.2843,83.4976,34.0169
2026-06-02 14:39:47.280,BASELINE,NEW_DATA,9.2846,83.4976,34.0169,9.2846,83.4976,34.0169
2026-06-02 14:39:47.300,BASELINE,NEW_DATA,9.2843,83.4976,34.0169,9.2843,83.4976,34.0169
2026-06-02 14:39:47.320,BASELINE,NEW_DATA,9.2843,83.4976,34.0169,9.2843,83.4976,34.0169
2026-06-02 14:39:47.341,BASELINE,NEW_DATA,9.2860,83.4976,34.0169,9.2860,83.4976,34.0169
2026-06-02 14:39:47.361,BASELINE,NEW_DATA,9.2871,83.4976,34.0169,9.2871,83.4976,34.0169
2026-06-02 14:39:47.383,BASELINE,NEW_DATA,9.2871,83.4976,34.0169,9.2871,83.4976,34.0169
2026-06-02 14:39:47.402,BASELINE,NEW_DATA,9.2867,83.4976,34.0169,9.2867,83.4976,34.0169
2026-06-02 14:39:47.425,BASELINE,NEW_DATA,9.2871,83.4976,34.0169,9.2871,83.4976,34.0169
2026-06-02 14:39:47.444,BASELINE,NEW_DATA,9.2888,83.4976,34.0169,9.2888,83.4976,34.0169
2026-06-02 14:39:47.464,BASELINE,NEW_DATA,9.2884,83.4976,34.0169,9.2884,83.4976,34.0169
2026-06-02 14:39:47.485,BASELINE,NEW_DATA,9.2898,83.4976,34.0169,9.2898,83.4976,34.0169
2026-06-02 14:39:47.506,BASELINE,NEW_DATA,9.2867,83.4976,34.0169,9.2867,83.4976,34.0169
2026-06-02 14:39:47.526,BASELINE,NEW_DATA,9.2891,83.4976,34.0169,9.2891,83.4976,34.0169
2026-06-02 14:39:47.547,BASELINE,NEW_DATA,9.2898,83.4976,34.0169,9.2898,83.4976,34.0169
2026-06-02 14:39:47.568,BASELINE,NEW_DATA,9.2909,83.4976,34.0169,9.2909,83.4976,34.0169
2026-06-02 14:39:47.589,BASELINE,NEW_DATA,9.2891,83.4976,34.0169,9.2891,83.4976,34.0169
2026-06-02 14:39:47.610,BASELINE,NEW_DATA,9.2871,83.4976,34.0169,9.2871,83.4976,34.0169
2026-06-02 14:39:47.630,BASELINE,NEW_DATA,9.2888,83.4976,34.0169,9.2888,83.4976,34.0169
2026-06-02 14:39:47.651,BASELINE,NEW_DATA,9.2877,83.4976,34.0169,9.2877,83.4976,34.0169
2026-06-02 14:39:47.672,BASELINE,NEW_DATA,9.2968,83.4976,34.0169,9.2968,83.4976,34.0169
2026-06-02 14:39:47.692,BASELINE,NEW_DATA,9.2905,83.4976,34.0169,9.2905,83.4976,34.0169
2026-06-02 14:39:47.712,BASELINE,NEW_DATA,9.2815,83.4976,34.0169,9.2815,83.4976,34.0169
2026-06-02 14:39:47.733,BASELINE,NEW_DATA,9.2732,83.5186,34.1760,9.2732,83.5186,34.1760
2026-06-02 14:39:47.752,BASELINE,NEW_DATA,9.2714,83.5186,34.1760,9.2714,83.5186,34.1760
2026-06-02 14:39:47.772,BASELINE,NEW_DATA,9.2621,83.5186,34.1760,9.2621,83.5186,34.1760
2026-06-02 14:39:47.793,BASELINE,NEW_DATA,9.2562,83.5186,34.1760,9.2562,83.5186,34.1760
2026-06-02 14:39:47.813,BASELINE,NEW_DATA,9.2503,83.5186,34.1760,9.2503,83.5186,34.1760
2026-06-02 14:39:47.834,BASELINE,NEW_DATA,9.2430,83.5186,34.1760,9.2430,83.5186,34.1760
2026-06-02 14:39:47.855,BASELINE,NEW_DATA,9.2388,83.5186,34.1760,9.2388,83.5186,34.1760
2026-06-02 14:39:47.875,BASELINE,NEW_DATA,9.2378,83.5186,34.1760,9.2378,83.5186,34.1760
2026-06-02 14:39:47.895,BASELINE,NEW_DATA,9.2354,83.5186,34.1760,9.2354,83.5186,34.1760
2026-06-02 14:39:47.917,BASELINE,NEW_DATA,9.2336,83.5186,34.1760,9.2336,83.5186,34.1760
2026-06-02 14:39:47.941,BASELINE,NEW_DATA,9.2350,83.5186,34.1760,9.2350,83.5186,34.1760
2026-06-02 14:39:47.958,BASELINE,NEW_DATA,9.2354,83.5186,34.1760,9.2354,83.5186,34.1760
2026-06-02 14:39:47.978,BASELINE,NEW_DATA,9.2350,83.5186,34.1760,9.2350,83.5186,34.1760
2026-06-02 14:39:48.000,BASELINE,NEW_DATA,9.2378,83.5186,34.1760,9.2378,83.5186,34.1760
2026-06-02 14:39:48.020,BASELINE,NEW_DATA,9.2406,83.5186,34.1760,9.2406,83.5186,34.1760
2026-06-02 14:39:48.040,BASELINE,NEW_DATA,9.2493,83.5186,34.1760,9.2493,83.5186,34.1760
2026-06-02 14:39:48.060,BASELINE,NEW_DATA,9.2499,83.5186,34.1760,9.2499,83.5186,34.1760
2026-06-02 14:39:48.081,BASELINE,NEW_DATA,9.2531,83.5186,34.1760,9.2531,83.5186,34.1760
2026-06-02 14:39:48.101,BASELINE,NEW_DATA,9.2558,83.5186,34.1760,9.2558,83.5186,34.1760
2026-06-02 14:39:48.121,BASELINE,NEW_DATA,9.2565,83.5186,34.1760,9.2565,83.5186,34.1760
2026-06-02 14:39:48.142,BASELINE,NEW_DATA,9.2524,83.5186,34.1760,9.2524,83.5186,34.1760
2026-06-02 14:39:48.162,BASELINE,NEW_DATA,9.2468,83.5186,34.1760,9.2468,83.5186,34.1760
2026-06-02 14:39:48.183,BASELINE,NEW_DATA,9.2413,83.5186,34.1760,9.2413,83.5186,34.1760
2026-06-02 14:39:48.204,BASELINE,NEW_DATA,9.2323,83.5186,34.1760,9.2323,83.5186,34.1760
2026-06-02 14:39:48.224,BASELINE,NEW_DATA,9.2212,83.5186,34.1760,9.2212,83.5186,34.1760
2026-06-02 14:39:48.245,BASELINE,NEW_DATA,9.2153,83.4784,33.9689,9.2153,83.4784,33.9689
2026-06-02 14:39:48.266,BASELINE,NEW_DATA,9.2173,83.4784,33.9689,9.2173,83.4784,33.9689
2026-06-02 14:39:48.286,BASELINE,NEW_DATA,9.2291,83.4784,33.9689,9.2291,83.4784,33.9689
2026-06-02 14:39:48.307,BASELINE,NEW_DATA,9.2326,83.4784,33.9689,9.2326,83.4784,33.9689
2026-06-02 14:39:48.328,BASELINE,NEW_DATA,9.2354,83.4784,33.9689,9.2354,83.4784,33.9689
2026-06-02 14:39:48.348,BASELINE,NEW_DATA,9.2416,83.4784,33.9689,9.2416,83.4784,33.9689
2026-06-02 14:39:48.369,BASELINE,NEW_DATA,9.2437,83.4784,33.9689,9.2437,83.4784,33.9689
2026-06-02 14:39:48.390,BASELINE,NEW_DATA,9.2413,83.4784,33.9689,9.2413,83.4784,33.9689
2026-06-02 14:39:48.410,BASELINE,NEW_DATA,9.2482,83.4784,33.9689,9.2482,83.4784,33.9689
2026-06-02 14:39:48.431,BASELINE,NEW_DATA,9.2191,83.4784,33.9689,9.2191,83.4784,33.9689
2026-06-02 14:39:48.455,BASELINE,NEW_DATA,9.2004,83.4784,33.9689,9.2004,83.4784,33.9689
2026-06-02 14:39:48.472,BASELINE,NEW_DATA,9.1795,83.4784,33.9689,9.1795,83.4784,33.9689
2026-06-02 14:39:48.492,BASELINE,NEW_DATA,9.1691,83.4784,33.9689,9.1691,83.4784,33.9689
2026-06-02 14:39:48.513,BASELINE,NEW_DATA,9.1653,83.4784,33.9689,9.1653,83.4784,33.9689
2026-06-02 14:39:48.533,BASELINE,NEW_DATA,9.1671,83.4784,33.9689,9.1671,83.4784,33.9689
2026-06-02 14:39:48.554,BASELINE,NEW_DATA,9.1674,83.4784,33.9689,9.1674,83.4784,33.9689
2026-06-02 14:39:48.575,BASELINE,NEW_DATA,9.1629,83.4784,33.9689,9.1629,83.4784,33.9689
2026-06-02 14:39:48.596,BASELINE,NEW_DATA,9.1528,83.4784,33.9689,9.1528,83.4784,33.9689
2026-06-02 14:39:48.617,BASELINE,NEW_DATA,9.1320,83.4784,33.9689,9.1320,83.4784,33.9689
2026-06-02 14:39:48.637,BASELINE,NEW_DATA,9.1012,83.4784,33.9689,9.1012,83.4784,33.9689
2026-06-02 14:39:48.658,BASELINE,NEW_DATA,9.0668,83.4784,33.9689,9.0668,83.4784,33.9689
2026-06-02 14:39:48.678,BASELINE,NEW_DATA,9.0311,83.4784,33.9689,9.0311,83.4784,33.9689
2026-06-02 14:39:48.700,BASELINE,NEW_DATA,9.0037,83.4784,33.9689,9.0037,83.4784,33.9689
2026-06-02 14:39:48.720,BASELINE,NEW_DATA,8.9871,83.4784,33.9689,8.9871,83.4784,33.9689
2026-06-02 14:39:48.740,BASELINE,NEW_DATA,8.9864,83.5443,33.9982,8.9864,83.5443,33.9982
2026-06-02 14:39:48.760,BASELINE,NEW_DATA,8.9944,83.5443,33.9982,8.9944,83.5443,33.9982
2026-06-02 14:39:48.781,BASELINE,NEW_DATA,9.0100,83.5443,33.9982,9.0100,83.5443,33.9982
2026-06-02 14:39:48.802,BASELINE,NEW_DATA,9.0377,83.5443,33.9982,9.0377,83.5443,33.9982
2026-06-02 14:39:48.822,BASELINE,NEW_DATA,9.0578,83.5443,33.9982,9.0578,83.5443,33.9982
2026-06-02 14:39:48.842,BASELINE,NEW_DATA,9.0811,83.5443,33.9982,9.0811,83.5443,33.9982
2026-06-02 14:39:48.863,BASELINE,NEW_DATA,9.0935,83.5443,33.9982,9.0935,83.5443,33.9982
2026-06-02 14:39:48.884,BASELINE,NEW_DATA,9.1012,83.5443,33.9982,9.1012,83.5443,33.9982
2026-06-02 14:39:48.904,BASELINE,NEW_DATA,9.1053,83.5443,33.9982,9.1053,83.5443,33.9982
2026-06-02 14:39:48.925,BASELINE,NEW_DATA,9.1022,83.5443,33.9982,9.1022,83.5443,33.9982
2026-06-02 14:39:48.945,BASELINE,NEW_DATA,9.0956,83.5443,33.9982,9.0956,83.5443,33.9982
2026-06-02 14:39:48.969,BASELINE,NEW_DATA,9.0970,83.5443,33.9982,9.0970,83.5443,33.9982
2026-06-02 14:39:48.986,BASELINE,NEW_DATA,9.0922,83.5443,33.9982,9.0922,83.5443,33.9982
2026-06-02 14:39:49.006,BASELINE,NEW_DATA,9.0890,83.5443,33.9982,9.0890,83.5443,33.9982
2026-06-02 14:39:49.027,BASELINE,NEW_DATA,9.0897,83.5443,33.9982,9.0897,83.5443,33.9982
2026-06-02 14:39:49.049,BASELINE,NEW_DATA,9.0922,83.5443,33.9982,9.0922,83.5443,33.9982
2026-06-02 14:39:49.069,BASELINE,NEW_DATA,9.0894,83.5443,33.9982,9.0894,83.5443,33.9982
2026-06-02 14:39:49.089,BASELINE,NEW_DATA,9.0866,83.5443,33.9982,9.0866,83.5443,33.9982
2026-06-02 14:39:49.109,BASELINE,NEW_DATA,9.0873,83.5443,33.9982,9.0873,83.5443,33.9982
2026-06-02 14:39:49.130,BASELINE,NEW_DATA,9.0890,83.5443,33.9982,9.0890,83.5443,33.9982
2026-06-02 14:39:49.150,BASELINE,NEW_DATA,9.1022,83.5443,33.9982,9.1022,83.5443,33.9982
2026-06-02 14:39:49.171,BASELINE,NEW_DATA,9.0970,83.5443,33.9982,9.0970,83.5443,33.9982
2026-06-02 14:39:49.191,BASELINE,NEW_DATA,9.0883,83.5443,33.9982,9.0883,83.5443,33.9982
2026-06-02 14:39:49.211,BASELINE,NEW_DATA,9.0887,83.5443,33.9982,9.0887,83.5443,33.9982
2026-06-02 14:39:49.231,BASELINE,NEW_DATA,9.0887,83.6973,34.1572,9.0887,83.6973,34.1572
2026-06-02 14:39:49.253,BASELINE,NEW_DATA,9.0942,83.6973,34.1572,9.0942,83.6973,34.1572
2026-06-02 14:39:49.273,BASELINE,NEW_DATA,9.0994,83.6973,34.1572,9.0994,83.6973,34.1572
2026-06-02 14:39:49.293,BASELINE,NEW_DATA,9.1071,83.6973,34.1572,9.1071,83.6973,34.1572
2026-06-02 14:39:49.313,BASELINE,NEW_DATA,9.1150,83.6973,34.1572,9.1150,83.6973,34.1572
2026-06-02 14:39:49.334,BASELINE,NEW_DATA,9.1241,83.6973,34.1572,9.1241,83.6973,34.1572
2026-06-02 14:39:49.354,BASELINE,NEW_DATA,9.1331,83.6973,34.1572,9.1331,83.6973,34.1572
2026-06-02 14:39:49.374,BASELINE,NEW_DATA,9.1414,83.6973,34.1572,9.1414,83.6973,34.1572
2026-06-02 14:39:49.395,BASELINE,NEW_DATA,9.1466,83.6973,34.1572,9.1466,83.6973,34.1572
2026-06-02 14:39:49.415,BASELINE,NEW_DATA,9.1553,83.6973,34.1572,9.1553,83.6973,34.1572
2026-06-02 14:39:49.435,BASELINE,NEW_DATA,9.1574,83.6973,34.1572,9.1574,83.6973,34.1572
2026-06-02 14:39:49.456,BASELINE,NEW_DATA,9.1629,83.6973,34.1572,9.1629,83.6973,34.1572
2026-06-02 14:39:49.481,BASELINE,NEW_DATA,9.1650,83.6973,34.1572,9.1650,83.6973,34.1572
2026-06-02 14:39:49.497,BASELINE,NEW_DATA,9.1709,83.6973,34.1572,9.1709,83.6973,34.1572
2026-06-02 14:39:49.517,BASELINE,NEW_DATA,9.1737,83.6973,34.1572,9.1737,83.6973,34.1572
2026-06-02 14:39:49.537,BASELINE,NEW_DATA,9.1726,83.6973,34.1572,9.1726,83.6973,34.1572
2026-06-02 14:39:49.558,BASELINE,NEW_DATA,9.1795,83.6973,34.1572,9.1795,83.6973,34.1572
2026-06-02 14:39:49.579,BASELINE,NEW_DATA,9.1830,83.6973,34.1572,9.1830,83.6973,34.1572
2026-06-02 14:39:49.599,BASELINE,NEW_DATA,9.1851,83.6973,34.1572,9.1851,83.6973,34.1572
2026-06-02 14:39:49.620,BASELINE,NEW_DATA,9.1882,83.6973,34.1572,9.1882,83.6973,34.1572
2026-06-02 14:39:49.641,BASELINE,NEW_DATA,9.1934,83.6973,34.1572,9.1934,83.6973,34.1572
2026-06-02 14:39:49.661,BASELINE,NEW_DATA,9.1962,83.6973,34.1572,9.1962,83.6973,34.1572
2026-06-02 14:39:49.682,BASELINE,NEW_DATA,9.2004,83.6973,34.1572,9.2004,83.6973,34.1572
2026-06-02 14:39:49.702,BASELINE,NEW_DATA,9.2010,83.6973,34.1572,9.2010,83.6973,34.1572
2026-06-02 14:39:49.722,BASELINE,NEW_DATA,9.2045,83.6973,34.1572,9.2045,83.6973,34.1572
2026-06-02 14:39:49.742,BASELINE,NEW_DATA,9.2094,83.6392,34.1396,9.2094,83.6392,34.1396
2026-06-02 14:39:49.762,BASELINE,NEW_DATA,9.2121,83.6392,34.1396,9.2121,83.6392,34.1396
2026-06-02 14:39:49.782,BASELINE,NEW_DATA,9.2180,83.6392,34.1396,9.2180,83.6392,34.1396
2026-06-02 14:39:49.802,BASELINE,NEW_DATA,9.2170,83.6392,34.1396,9.2170,83.6392,34.1396
2026-06-02 14:39:49.823,BASELINE,NEW_DATA,9.2184,83.6392,34.1396,9.2184,83.6392,34.1396
2026-06-02 14:39:49.844,BASELINE,NEW_DATA,9.2229,83.6392,34.1396,9.2229,83.6392,34.1396
2026-06-02 14:39:49.866,BASELINE,NEW_DATA,9.2219,83.6392,34.1396,9.2219,83.6392,34.1396
2026-06-02 14:39:49.885,BASELINE,NEW_DATA,9.2316,83.6392,34.1396,9.2316,83.6392,34.1396
2026-06-02 14:39:49.905,BASELINE,NEW_DATA,9.2354,83.6392,34.1396,9.2354,83.6392,34.1396
2026-06-02 14:39:49.925,BASELINE,NEW_DATA,9.2232,83.6392,34.1396,9.2232,83.6392,34.1396
2026-06-02 14:39:49.946,BASELINE,NEW_DATA,9.2226,83.6392,34.1396,9.2226,83.6392,34.1396
2026-06-02 14:39:49.967,BASELINE,NEW_DATA,9.2232,83.6392,34.1396,9.2232,83.6392,34.1396
2026-06-02 14:39:49.991,BASELINE,NEW_DATA,9.2208,83.6392,34.1396,9.2208,83.6392,34.1396
2026-06-02 14:39:50.009,BASELINE,NEW_DATA,9.2135,83.6392,34.1396,9.2135,83.6392,34.1396
2026-06-02 14:39:50.029,BASELINE,NEW_DATA,9.2232,83.6392,34.1396,9.2232,83.6392,34.1396
2026-06-02 14:39:50.049,BASELINE,NEW_DATA,9.2243,83.6392,34.1396,9.2243,83.6392,34.1396
2026-06-02 14:39:50.069,BASELINE,NEW_DATA,9.2239,83.6392,34.1396,9.2239,83.6392,34.1396
2026-06-02 14:39:50.089,BASELINE,NEW_DATA,9.2250,83.6392,34.1396,9.2250,83.6392,34.1396
2026-06-02 14:39:50.109,BASELINE,NEW_DATA,9.2260,83.6392,34.1396,9.2260,83.6392,34.1396
2026-06-02 14:39:50.130,BASELINE,NEW_DATA,9.2260,83.6392,34.1396,9.2260,83.6392,34.1396
2026-06-02 14:39:50.150,BASELINE,NEW_DATA,9.2236,83.6392,34.1396,9.2236,83.6392,34.1396
2026-06-02 14:39:50.170,BASELINE,NEW_DATA,9.2278,83.6392,34.1396,9.2278,83.6392,34.1396
2026-06-02 14:39:50.191,BASELINE,NEW_DATA,9.2236,83.6392,34.1396,9.2236,83.6392,34.1396
2026-06-02 14:39:50.212,BASELINE,NEW_DATA,9.2250,83.6392,34.1396,9.2250,83.6392,34.1396
2026-06-02 14:39:50.233,BASELINE,NEW_DATA,9.2257,83.5327,33.9311,9.2257,83.5327,33.9311
2026-06-02 14:39:50.253,BASELINE,NEW_DATA,9.2271,83.5327,33.9311,9.2271,83.5327,33.9311
2026-06-02 14:39:50.273,BASELINE,NEW_DATA,9.2274,83.5327,33.9311,9.2274,83.5327,33.9311
2026-06-02 14:39:50.294,BASELINE,NEW_DATA,9.2288,83.5327,33.9311,9.2288,83.5327,33.9311
2026-06-02 14:39:50.315,BASELINE,NEW_DATA,9.2309,83.5327,33.9311,9.2309,83.5327,33.9311
2026-06-02 14:39:50.335,BASELINE,NEW_DATA,9.2274,83.5327,33.9311,9.2274,83.5327,33.9311
2026-06-02 14:39:50.356,BASELINE,NEW_DATA,9.2302,83.5327,33.9311,9.2302,83.5327,33.9311
2026-06-02 14:39:50.377,BASELINE,NEW_DATA,9.2298,83.5327,33.9311,9.2298,83.5327,33.9311
2026-06-02 14:39:50.398,BASELINE,NEW_DATA,9.2288,83.5327,33.9311,9.2288,83.5327,33.9311
2026-06-02 14:39:50.419,BASELINE,NEW_DATA,9.2271,83.5327,33.9311,9.2271,83.5327,33.9311
2026-06-02 14:39:50.439,BASELINE,NEW_DATA,9.2253,83.5327,33.9311,9.2253,83.5327,33.9311
2026-06-02 14:39:50.460,BASELINE,NEW_DATA,9.2253,83.5327,33.9311,9.2253,83.5327,33.9311
2026-06-02 14:39:50.481,BASELINE,NEW_DATA,9.2278,83.5327,33.9311,9.2278,83.5327,33.9311
2026-06-02 14:39:50.503,BASELINE,NEW_DATA,9.2250,83.5327,33.9311,9.2250,83.5327,33.9311
2026-06-02 14:39:50.520,BASELINE,NEW_DATA,9.2288,83.5327,33.9311,9.2288,83.5327,33.9311
2026-06-02 14:39:50.540,BASELINE,NEW_DATA,9.2267,83.5327,33.9311,9.2267,83.5327,33.9311
2026-06-02 14:39:50.561,BASELINE,NEW_DATA,9.2305,83.5327,33.9311,9.2305,83.5327,33.9311
2026-06-02 14:39:50.582,BASELINE,NEW_DATA,9.2288,83.5327,33.9311,9.2288,83.5327,33.9311
2026-06-02 14:39:50.602,BASELINE,NEW_DATA,9.2319,83.5327,33.9311,9.2319,83.5327,33.9311
2026-06-02 14:39:50.623,BASELINE,NEW_DATA,9.2392,83.5327,33.9311,9.2392,83.5327,33.9311
2026-06-02 14:39:50.643,BASELINE,NEW_DATA,9.2427,83.5327,33.9311,9.2427,83.5327,33.9311
2026-06-02 14:39:50.665,BASELINE,NEW_DATA,9.2354,83.5327,33.9311,9.2354,83.5327,33.9311
2026-06-02 14:39:50.685,BASELINE,NEW_DATA,9.2347,83.5327,33.9311,9.2347,83.5327,33.9311
2026-06-02 14:39:50.705,BASELINE,NEW_DATA,9.2347,83.5327,33.9311,9.2347,83.5327,33.9311
2026-06-02 14:39:50.727,BASELINE,NEW_DATA,9.2354,83.4900,34.1336,9.2354,83.4900,34.1336
2026-06-02 14:39:50.749,BASELINE,NEW_DATA,9.2326,83.4900,34.1336,9.2326,83.4900,34.1336
2026-06-02 14:39:50.768,BASELINE,NEW_DATA,9.2350,83.4900,34.1336,9.2350,83.4900,34.1336
2026-06-02 14:39:50.789,BASELINE,NEW_DATA,9.2326,83.4900,34.1336,9.2326,83.4900,34.1336
2026-06-02 14:39:50.809,BASELINE,NEW_DATA,9.2343,83.4900,34.1336,9.2343,83.4900,34.1336
2026-06-02 14:39:50.831,BASELINE,NEW_DATA,9.2333,83.4900,34.1336,9.2333,83.4900,34.1336
2026-06-02 14:39:50.850,BASELINE,NEW_DATA,9.2330,83.4900,34.1336,9.2330,83.4900,34.1336
2026-06-02 14:39:50.870,BASELINE,NEW_DATA,9.2271,83.4900,34.1336,9.2271,83.4900,34.1336
2026-06-02 14:39:50.891,BASELINE,NEW_DATA,9.2243,83.4900,34.1336,9.2243,83.4900,34.1336
2026-06-02 14:39:50.912,BASELINE,NEW_DATA,9.2205,83.4900,34.1336,9.2205,83.4900,34.1336
2026-06-02 14:39:50.932,BASELINE,NEW_DATA,9.2052,83.4900,34.1336,9.2052,83.4900,34.1336
2026-06-02 14:39:50.953,BASELINE,NEW_DATA,9.1955,83.4900,34.1336,9.1955,83.4900,34.1336
2026-06-02 14:39:50.974,BASELINE,NEW_DATA,9.1865,83.4900,34.1336,9.1865,83.4900,34.1336
2026-06-02 14:39:50.996,BASELINE,NEW_DATA,9.1841,83.4900,34.1336,9.1841,83.4900,34.1336
2026-06-02 14:39:51.020,BASELINE,NEW_DATA,9.1719,83.4900,34.1336,9.1719,83.4900,34.1336
2026-06-02 14:39:51.037,BASELINE,NEW_DATA,9.1705,83.4900,34.1336,9.1705,83.4900,34.1336
2026-06-02 14:39:51.057,BASELINE,NEW_DATA,9.1664,83.4900,34.1336,9.1664,83.4900,34.1336
2026-06-02 14:39:51.077,BASELINE,NEW_DATA,9.1605,83.4900,34.1336,9.1605,83.4900,34.1336
2026-06-02 14:39:51.098,BASELINE,NEW_DATA,9.1570,83.4900,34.1336,9.1570,83.4900,34.1336
2026-06-02 14:39:51.118,BASELINE,NEW_DATA,9.1553,83.4900,34.1336,9.1553,83.4900,34.1336
2026-06-02 14:39:51.139,BASELINE,NEW_DATA,9.1522,83.4900,34.1336,9.1522,83.4900,34.1336
2026-06-02 14:39:51.159,BASELINE,NEW_DATA,9.1525,83.4900,34.1336,9.1525,83.4900,34.1336
2026-06-02 14:39:51.180,BASELINE,NEW_DATA,9.1449,83.4900,34.1336,9.1449,83.4900,34.1336
2026-06-02 14:39:51.200,BASELINE,NEW_DATA,9.1442,83.4900,34.1336,9.1442,83.4900,34.1336
2026-06-02 14:39:51.221,BASELINE,NEW_DATA,9.1438,83.4900,34.1336,9.1438,83.4900,34.1336
2026-06-02 14:39:51.241,BASELINE,NEW_DATA,9.1414,83.6250,34.9612,9.1414,83.6250,34.9612
2026-06-02 14:39:51.262,BASELINE,NEW_DATA,9.1352,83.6250,34.9612,9.1352,83.6250,34.9612
2026-06-02 14:39:51.282,BASELINE,NEW_DATA,9.1220,83.6250,34.9612,9.1220,83.6250,34.9612
2026-06-02 14:39:51.303,BASELINE,NEW_DATA,9.1150,83.6250,34.9612,9.1150,83.6250,34.9612
2026-06-02 14:39:51.323,BASELINE,NEW_DATA,9.1081,83.6250,34.9612,9.1081,83.6250,34.9612
2026-06-02 14:39:51.343,BASELINE,NEW_DATA,9.0918,83.6250,34.9612,9.0918,83.6250,34.9612
2026-06-02 14:39:51.365,BASELINE,NEW_DATA,9.0901,83.6250,34.9612,9.0901,83.6250,34.9612
2026-06-02 14:39:51.385,BASELINE,NEW_DATA,9.0828,83.6250,34.9612,9.0828,83.6250,34.9612
2026-06-02 14:39:51.407,BASELINE,NEW_DATA,9.0620,83.6250,34.9612,9.0620,83.6250,34.9612
2026-06-02 14:39:51.427,BASELINE,NEW_DATA,9.0492,83.6250,34.9612,9.0492,83.6250,34.9612
2026-06-02 14:39:51.448,BASELINE,NEW_DATA,9.0412,83.6250,34.9612,9.0412,83.6250,34.9612
2026-06-02 14:39:51.469,BASELINE,NEW_DATA,9.0356,83.6250,34.9612,9.0356,83.6250,34.9612
2026-06-02 14:39:51.490,BASELINE,NEW_DATA,9.0304,83.6250,34.9612,9.0304,83.6250,34.9612
2026-06-02 14:39:51.510,BASELINE,NEW_DATA,9.0339,83.6250,34.9612,9.0339,83.6250,34.9612
2026-06-02 14:39:51.535,BASELINE,NEW_DATA,9.0297,83.6250,34.9612,9.0297,83.6250,34.9612
2026-06-02 14:39:51.551,BASELINE,NEW_DATA,9.0356,83.6250,34.9612,9.0356,83.6250,34.9612
2026-06-02 14:39:51.572,BASELINE,NEW_DATA,9.0419,83.6250,34.9612,9.0419,83.6250,34.9612
2026-06-02 14:39:51.593,BASELINE,NEW_DATA,9.0485,83.6250,34.9612,9.0485,83.6250,34.9612
2026-06-02 14:39:51.614,BASELINE,NEW_DATA,9.0519,83.6250,34.9612,9.0519,83.6250,34.9612
2026-06-02 14:39:51.633,BASELINE,NEW_DATA,9.0578,83.6250,34.9612,9.0578,83.6250,34.9612
2026-06-02 14:39:51.654,BASELINE,NEW_DATA,9.0710,83.6250,34.9612,9.0710,83.6250,34.9612
2026-06-02 14:39:51.674,BASELINE,NEW_DATA,9.0752,83.6250,34.9612,9.0752,83.6250,34.9612
2026-06-02 14:39:51.694,BASELINE,NEW_DATA,9.0804,83.6250,34.9612,9.0804,83.6250,34.9612
2026-06-02 14:39:51.715,BASELINE,NEW_DATA,9.0918,83.6250,34.9612,9.0918,83.6250,34.9612
2026-06-02 14:39:51.735,BASELINE,NEW_DATA,9.0922,83.6047,35.2319,9.0922,83.6047,35.2319
2026-06-02 14:39:51.756,BASELINE,NEW_DATA,9.0998,83.6047,35.2319,9.0998,83.6047,35.2319
2026-06-02 14:39:51.777,BASELINE,NEW_DATA,9.1029,83.6047,35.2319,9.1029,83.6047,35.2319
2026-06-02 14:39:51.798,BASELINE,NEW_DATA,9.1074,83.6047,35.2319,9.1074,83.6047,35.2319
2026-06-02 14:39:51.818,BASELINE,NEW_DATA,9.1116,83.6047,35.2319,9.1116,83.6047,35.2319
2026-06-02 14:39:51.839,BASELINE,NEW_DATA,9.1185,83.6047,35.2319,9.1185,83.6047,35.2319
2026-06-02 14:39:51.859,BASELINE,NEW_DATA,9.1227,83.6047,35.2319,9.1227,83.6047,35.2319
2026-06-02 14:39:51.879,BASELINE,NEW_DATA,9.1272,83.6047,35.2319,9.1272,83.6047,35.2319
2026-06-02 14:39:51.899,BASELINE,NEW_DATA,9.1296,83.6047,35.2319,9.1296,83.6047,35.2319
2026-06-02 14:39:51.919,BASELINE,NEW_DATA,9.1320,83.6047,35.2319,9.1320,83.6047,35.2319
2026-06-02 14:39:51.939,BASELINE,NEW_DATA,9.1352,83.6047,35.2319,9.1352,83.6047,35.2319
2026-06-02 14:39:51.960,BASELINE,NEW_DATA,9.1428,83.6047,35.2319,9.1428,83.6047,35.2319
2026-06-02 14:39:51.982,BASELINE,NEW_DATA,9.1404,83.6047,35.2319,9.1404,83.6047,35.2319
2026-06-02 14:39:52.001,BASELINE,NEW_DATA,9.1417,83.6047,35.2319,9.1417,83.6047,35.2319
2026-06-02 14:39:52.022,BASELINE,NEW_DATA,9.1459,83.6047,35.2319,9.1459,83.6047,35.2319
2026-06-02 14:39:52.049,BASELINE,NEW_DATA,9.1463,83.6047,35.2319,9.1463,83.6047,35.2319
2026-06-02 14:39:52.066,BASELINE,NEW_DATA,9.1497,83.6047,35.2319,9.1497,83.6047,35.2319
2026-06-02 14:39:52.085,BASELINE,NEW_DATA,9.1587,83.6047,35.2319,9.1587,83.6047,35.2319
2026-06-02 14:39:52.105,BASELINE,NEW_DATA,9.1636,83.6047,35.2319,9.1636,83.6047,35.2319
2026-06-02 14:39:52.126,BASELINE,NEW_DATA,9.1522,83.6047,35.2319,9.1522,83.6047,35.2319
2026-06-02 14:39:52.147,BASELINE,NEW_DATA,9.1574,83.6047,35.2319,9.1574,83.6047,35.2319
2026-06-02 14:39:52.166,BASELINE,NEW_DATA,9.1584,83.6047,35.2319,9.1584,83.6047,35.2319
2026-06-02 14:39:52.187,BASELINE,NEW_DATA,9.1560,83.6047,35.2319,9.1560,83.6047,35.2319
2026-06-02 14:39:52.207,BASELINE,NEW_DATA,9.1643,83.6047,35.2319,9.1643,83.6047,35.2319
2026-06-02 14:39:52.228,BASELINE,NEW_DATA,9.1688,83.5608,35.3827,9.1688,83.5608,35.3827
2026-06-02 14:39:52.248,BASELINE,NEW_DATA,9.1705,83.5608,35.3827,9.1705,83.5608,35.3827
2026-06-02 14:39:52.268,BASELINE,NEW_DATA,9.1705,83.5608,35.3827,9.1705,83.5608,35.3827
2026-06-02 14:39:52.289,BASELINE,NEW_DATA,9.1768,83.5608,35.3827,9.1768,83.5608,35.3827
2026-06-02 14:39:52.309,BASELINE,NEW_DATA,9.1816,83.5608,35.3827,9.1816,83.5608,35.3827
2026-06-02 14:39:52.331,BASELINE,NEW_DATA,9.1816,83.5608,35.3827,9.1816,83.5608,35.3827
2026-06-02 14:39:52.351,BASELINE,NEW_DATA,9.1844,83.5608,35.3827,9.1844,83.5608,35.3827
2026-06-02 14:39:52.371,BASELINE,NEW_DATA,9.1816,83.5608,35.3827,9.1816,83.5608,35.3827
2026-06-02 14:39:52.391,BASELINE,NEW_DATA,9.1844,83.5608,35.3827,9.1844,83.5608,35.3827
2026-06-02 14:39:52.412,BASELINE,NEW_DATA,9.1872,83.5608,35.3827,9.1872,83.5608,35.3827
2026-06-02 14:39:52.433,BASELINE,NEW_DATA,9.1886,83.5608,35.3827,9.1886,83.5608,35.3827
2026-06-02 14:39:52.453,BASELINE,NEW_DATA,9.1858,83.5608,35.3827,9.1858,83.5608,35.3827
2026-06-02 14:39:52.473,BASELINE,NEW_DATA,9.1879,83.5608,35.3827,9.1879,83.5608,35.3827
2026-06-02 14:39:52.493,BASELINE,NEW_DATA,9.1893,83.5608,35.3827,9.1893,83.5608,35.3827
2026-06-02 14:39:52.514,BASELINE,NEW_DATA,9.1910,83.5608,35.3827,9.1910,83.5608,35.3827
2026-06-02 14:39:52.534,BASELINE,NEW_DATA,9.1906,83.5608,35.3827,9.1906,83.5608,35.3827
2026-06-02 14:39:52.558,BASELINE,NEW_DATA,9.1872,83.5608,35.3827,9.1872,83.5608,35.3827
2026-06-02 14:39:52.575,BASELINE,NEW_DATA,9.1938,83.5608,35.3827,9.1938,83.5608,35.3827
2026-06-02 14:39:52.596,BASELINE,NEW_DATA,9.1993,83.5608,35.3827,9.1993,83.5608,35.3827
2026-06-02 14:39:52.616,BASELINE,NEW_DATA,9.1965,83.5608,35.3827,9.1965,83.5608,35.3827
2026-06-02 14:39:52.638,BASELINE,NEW_DATA,9.1938,83.5608,35.3827,9.1938,83.5608,35.3827
2026-06-02 14:39:52.657,BASELINE,NEW_DATA,9.1997,83.5608,35.3827,9.1997,83.5608,35.3827
2026-06-02 14:39:52.677,BASELINE,NEW_DATA,9.2014,83.5608,35.3827,9.2014,83.5608,35.3827
2026-06-02 14:39:52.698,BASELINE,NEW_DATA,9.1965,83.5608,35.3827,9.1965,83.5608,35.3827
2026-06-02 14:39:52.718,BASELINE,NEW_DATA,9.1983,83.5608,35.3827,9.1983,83.5608,35.3827
2026-06-02 14:39:52.738,BASELINE,NEW_DATA,9.2000,83.4150,35.5190,9.2000,83.4150,35.5190
2026-06-02 14:39:52.758,BASELINE,NEW_DATA,9.2073,83.4150,35.5190,9.2073,83.4150,35.5190
2026-06-02 14:39:52.779,BASELINE,NEW_DATA,9.2163,83.4150,35.5190,9.2163,83.4150,35.5190
2026-06-02 14:39:52.801,BASELINE,NEW_DATA,9.2087,83.4150,35.5190,9.2087,83.4150,35.5190
2026-06-02 14:39:52.821,BASELINE,NEW_DATA,9.2042,83.4150,35.5190,9.2042,83.4150,35.5190
2026-06-02 14:39:52.841,BASELINE,NEW_DATA,9.2052,83.4150,35.5190,9.2052,83.4150,35.5190
2026-06-02 14:39:52.861,BASELINE,NEW_DATA,9.2069,83.4150,35.5190,9.2069,83.4150,35.5190
2026-06-02 14:39:52.881,BASELINE,NEW_DATA,9.2073,83.4150,35.5190,9.2073,83.4150,35.5190
2026-06-02 14:39:52.902,BASELINE,NEW_DATA,9.2115,83.4150,35.5190,9.2115,83.4150,35.5190
2026-06-02 14:39:52.922,BASELINE,NEW_DATA,9.2139,83.4150,35.5190,9.2139,83.4150,35.5190
2026-06-02 14:39:52.942,BASELINE,NEW_DATA,9.2153,83.4150,35.5190,9.2153,83.4150,35.5190
2026-06-02 14:39:52.963,BASELINE,NEW_DATA,9.2132,83.4150,35.5190,9.2132,83.4150,35.5190
2026-06-02 14:39:52.983,BASELINE,NEW_DATA,9.2149,83.4150,35.5190,9.2149,83.4150,35.5190
2026-06-02 14:39:53.003,BASELINE,NEW_DATA,9.2194,83.4150,35.5190,9.2194,83.4150,35.5190
2026-06-02 14:39:53.024,BASELINE,NEW_DATA,9.2173,83.4150,35.5190,9.2173,83.4150,35.5190
2026-06-02 14:39:53.045,BASELINE,NEW_DATA,9.2187,83.4150,35.5190,9.2187,83.4150,35.5190
2026-06-02 14:39:53.069,BASELINE,NEW_DATA,9.2142,83.4150,35.5190,9.2142,83.4150,35.5190
2026-06-02 14:39:53.086,BASELINE,NEW_DATA,9.2177,83.4150,35.5190,9.2177,83.4150,35.5190
2026-06-02 14:39:53.107,BASELINE,NEW_DATA,9.2170,83.4150,35.5190,9.2170,83.4150,35.5190
2026-06-02 14:39:53.127,BASELINE,NEW_DATA,9.2160,83.4150,35.5190,9.2160,83.4150,35.5190
2026-06-02 14:39:53.147,BASELINE,NEW_DATA,9.2177,83.4150,35.5190,9.2177,83.4150,35.5190
2026-06-02 14:39:53.168,BASELINE,NEW_DATA,9.2177,83.4150,35.5190,9.2177,83.4150,35.5190
2026-06-02 14:39:53.189,BASELINE,NEW_DATA,9.2205,83.4150,35.5190,9.2205,83.4150,35.5190
2026-06-02 14:39:53.210,BASELINE,NEW_DATA,9.2205,83.4150,35.5190,9.2205,83.4150,35.5190
2026-06-02 14:39:53.230,BASELINE,NEW_DATA,9.2191,83.5327,36.5185,9.2191,83.5327,36.5185
2026-06-02 14:39:53.251,BASELINE,NEW_DATA,9.2226,83.5327,36.5185,9.2226,83.5327,36.5185
2026-06-02 14:39:53.272,BASELINE,NEW_DATA,9.2201,83.5327,36.5185,9.2201,83.5327,36.5185
2026-06-02 14:39:53.292,BASELINE,NEW_DATA,9.2208,83.5327,36.5185,9.2208,83.5327,36.5185
2026-06-02 14:39:53.313,BASELINE,NEW_DATA,9.2205,83.5327,36.5185,9.2205,83.5327,36.5185
2026-06-02 14:39:53.333,BASELINE,NEW_DATA,9.2219,83.5327,36.5185,9.2219,83.5327,36.5185
2026-06-02 14:39:53.354,BASELINE,NEW_DATA,9.2243,83.5327,36.5185,9.2243,83.5327,36.5185
2026-06-02 14:39:53.374,BASELINE,NEW_DATA,9.2239,83.5327,36.5185,9.2239,83.5327,36.5185
2026-06-02 14:39:53.394,BASELINE,NEW_DATA,9.2215,83.5327,36.5185,9.2215,83.5327,36.5185
2026-06-02 14:39:53.414,BASELINE,NEW_DATA,9.2205,83.5327,36.5185,9.2205,83.5327,36.5185
2026-06-02 14:39:53.436,BASELINE,NEW_DATA,9.2191,83.5327,36.5185,9.2191,83.5327,36.5185
2026-06-02 14:39:53.456,BASELINE,NEW_DATA,9.2354,83.5327,36.5185,9.2354,83.5327,36.5185
2026-06-02 14:39:53.476,BASELINE,NEW_DATA,9.2371,83.5327,36.5185,9.2371,83.5327,36.5185
2026-06-02 14:39:53.497,BASELINE,NEW_DATA,9.2243,83.5327,36.5185,9.2243,83.5327,36.5185
2026-06-02 14:39:53.517,BASELINE,NEW_DATA,9.2253,83.5327,36.5185,9.2253,83.5327,36.5185
2026-06-02 14:39:53.538,BASELINE,NEW_DATA,9.2246,83.5327,36.5185,9.2246,83.5327,36.5185
2026-06-02 14:39:53.558,BASELINE,NEW_DATA,9.2278,83.5327,36.5185,9.2278,83.5327,36.5185
2026-06-02 14:39:53.583,BASELINE,NEW_DATA,9.2271,83.5327,36.5185,9.2271,83.5327,36.5185
2026-06-02 14:39:53.600,BASELINE,NEW_DATA,9.2271,83.5327,36.5185,9.2271,83.5327,36.5185
2026-06-02 14:39:53.621,BASELINE,NEW_DATA,9.2316,83.5327,36.5185,9.2316,83.5327,36.5185
2026-06-02 14:39:53.641,BASELINE,NEW_DATA,9.2333,83.5327,36.5185,9.2333,83.5327,36.5185
2026-06-02 14:39:53.662,BASELINE,NEW_DATA,9.2326,83.5327,36.5185,9.2326,83.5327,36.5185
2026-06-02 14:39:53.682,BASELINE,NEW_DATA,9.2354,83.5327,36.5185,9.2354,83.5327,36.5185
2026-06-02 14:39:53.703,BASELINE,NEW_DATA,9.2399,83.5327,36.5185,9.2399,83.5327,36.5185
2026-06-02 14:39:53.723,BASELINE,NEW_DATA,9.2388,83.5327,36.5185,9.2388,83.5327,36.5185
2026-06-02 14:39:53.743,BASELINE,NEW_DATA,9.2395,83.5237,36.3581,9.2395,83.5237,36.3581
2026-06-02 14:39:53.764,BASELINE,NEW_DATA,9.2378,83.5237,36.3581,9.2378,83.5237,36.3581
2026-06-02 14:39:53.785,BASELINE,NEW_DATA,9.2354,83.5237,36.3581,9.2354,83.5237,36.3581
2026-06-02 14:39:53.805,BASELINE,NEW_DATA,9.2399,83.5237,36.3581,9.2399,83.5237,36.3581
2026-06-02 14:39:53.826,BASELINE,NEW_DATA,9.2409,83.5237,36.3581,9.2409,83.5237,36.3581
2026-06-02 14:39:53.847,BASELINE,NEW_DATA,9.2420,83.5237,36.3581,9.2420,83.5237,36.3581
2026-06-02 14:39:53.867,BASELINE,NEW_DATA,9.2409,83.5237,36.3581,9.2409,83.5237,36.3581
2026-06-02 14:39:53.887,BASELINE,NEW_DATA,9.2441,83.5237,36.3581,9.2441,83.5237,36.3581
2026-06-02 14:39:53.908,BASELINE,NEW_DATA,9.2458,83.5237,36.3581,9.2458,83.5237,36.3581
2026-06-02 14:39:53.929,BASELINE,NEW_DATA,9.2444,83.5237,36.3581,9.2444,83.5237,36.3581
2026-06-02 14:39:53.949,BASELINE,NEW_DATA,9.2461,83.5237,36.3581,9.2461,83.5237,36.3581
2026-06-02 14:39:53.970,BASELINE,NEW_DATA,9.2454,83.5237,36.3581,9.2454,83.5237,36.3581
2026-06-02 14:39:53.991,BASELINE,NEW_DATA,9.2489,83.5237,36.3581,9.2489,83.5237,36.3581
2026-06-02 14:39:54.013,BASELINE,NEW_DATA,9.2510,83.5237,36.3581,9.2510,83.5237,36.3581
2026-06-02 14:39:54.033,BASELINE,NEW_DATA,9.2538,83.5237,36.3581,9.2538,83.5237,36.3581
2026-06-02 14:39:54.053,BASELINE,NEW_DATA,9.2562,83.5237,36.3581,9.2562,83.5237,36.3581
2026-06-02 14:39:54.074,BASELINE,NEW_DATA,9.2545,83.5237,36.3581,9.2545,83.5237,36.3581
2026-06-02 14:39:54.100,BASELINE,NEW_DATA,9.2551,83.5237,36.3581,9.2551,83.5237,36.3581
2026-06-02 14:39:54.116,BASELINE,NEW_DATA,9.2576,83.5237,36.3581,9.2576,83.5237,36.3581
2026-06-02 14:39:54.137,BASELINE,NEW_DATA,9.2576,83.5237,36.3581,9.2576,83.5237,36.3581
2026-06-02 14:39:54.157,BASELINE,NEW_DATA,9.2683,83.5237,36.3581,9.2683,83.5237,36.3581
2026-06-02 14:39:54.178,BASELINE,NEW_DATA,9.2687,83.5237,36.3581,9.2687,83.5237,36.3581
2026-06-02 14:39:54.199,BASELINE,NEW_DATA,9.2635,83.5237,36.3581,9.2635,83.5237,36.3581
2026-06-02 14:39:54.220,BASELINE,NEW_DATA,9.2614,83.5237,36.3581,9.2614,83.5237,36.3581
2026-06-02 14:39:54.240,BASELINE,NEW_DATA,9.2656,83.4345,36.5375,9.2656,83.4345,36.5375
2026-06-02 14:39:54.261,BASELINE,NEW_DATA,9.2676,83.4345,36.5375,9.2676,83.4345,36.5375
2026-06-02 14:39:54.281,BASELINE,NEW_DATA,9.2708,83.4345,36.5375,9.2708,83.4345,36.5375
2026-06-02 14:39:54.302,BASELINE,NEW_DATA,9.2687,83.4345,36.5375,9.2687,83.4345,36.5375
2026-06-02 14:39:54.322,BASELINE,NEW_DATA,9.2711,83.4345,36.5375,9.2711,83.4345,36.5375
2026-06-02 14:39:54.342,BASELINE,NEW_DATA,9.2794,83.4345,36.5375,9.2794,83.4345,36.5375
2026-06-02 14:39:54.363,BASELINE,NEW_DATA,9.2760,83.4345,36.5375,9.2760,83.4345,36.5375
2026-06-02 14:39:54.383,BASELINE,NEW_DATA,9.2822,83.4345,36.5375,9.2822,83.4345,36.5375
2026-06-02 14:39:54.403,BASELINE,NEW_DATA,9.2843,83.4345,36.5375,9.2843,83.4345,36.5375
2026-06-02 14:39:54.424,BASELINE,NEW_DATA,9.2871,83.4345,36.5375,9.2871,83.4345,36.5375
2026-06-02 14:39:54.444,BASELINE,NEW_DATA,9.2912,83.4345,36.5375,9.2912,83.4345,36.5375
2026-06-02 14:39:54.465,BASELINE,NEW_DATA,9.2898,83.4345,36.5375,9.2898,83.4345,36.5375
2026-06-02 14:39:54.485,BASELINE,NEW_DATA,9.2888,83.4345,36.5375,9.2888,83.4345,36.5375
2026-06-02 14:39:54.505,BASELINE,NEW_DATA,9.2881,83.4345,36.5375,9.2881,83.4345,36.5375
2026-06-02 14:39:54.525,BASELINE,NEW_DATA,9.2898,83.4345,36.5375,9.2898,83.4345,36.5375
2026-06-02 14:39:54.547,BASELINE,NEW_DATA,9.2912,83.4345,36.5375,9.2912,83.4345,36.5375
2026-06-02 14:39:54.566,BASELINE,NEW_DATA,9.2916,83.4345,36.5375,9.2916,83.4345,36.5375
2026-06-02 14:39:54.587,BASELINE,NEW_DATA,9.2909,83.4345,36.5375,9.2909,83.4345,36.5375
2026-06-02 14:39:54.611,BASELINE,NEW_DATA,9.2957,83.4345,36.5375,9.2957,83.4345,36.5375
2026-06-02 14:39:54.630,BASELINE,NEW_DATA,9.3009,83.4345,36.5375,9.3009,83.4345,36.5375
2026-06-02 14:39:54.650,BASELINE,NEW_DATA,9.3006,83.4345,36.5375,9.3006,83.4345,36.5375
2026-06-02 14:39:54.670,BASELINE,NEW_DATA,9.2982,83.4345,36.5375,9.2982,83.4345,36.5375
2026-06-02 14:39:54.690,BASELINE,NEW_DATA,9.3047,83.4345,36.5375,9.3047,83.4345,36.5375
2026-06-02 14:39:54.712,BASELINE,NEW_DATA,9.3065,83.4345,36.5375,9.3065,83.4345,36.5375
2026-06-02 14:39:54.732,BASELINE,NEW_DATA,9.3086,83.5329,36.5042,9.3086,83.5329,36.5042
2026-06-02 14:39:54.752,BASELINE,NEW_DATA,9.3092,83.5329,36.5042,9.3092,83.5329,36.5042
2026-06-02 14:39:54.773,BASELINE,NEW_DATA,9.3096,83.5329,36.5042,9.3096,83.5329,36.5042
2026-06-02 14:39:54.793,BASELINE,NEW_DATA,9.3075,83.5329,36.5042,9.3075,83.5329,36.5042
2026-06-02 14:39:54.815,BASELINE,NEW_DATA,9.3124,83.5329,36.5042,9.3124,83.5329,36.5042
2026-06-02 14:39:54.835,BASELINE,NEW_DATA,9.3200,83.5329,36.5042,9.3200,83.5329,36.5042
2026-06-02 14:39:54.856,BASELINE,NEW_DATA,9.3321,83.5329,36.5042,9.3321,83.5329,36.5042
2026-06-02 14:39:54.876,BASELINE,NEW_DATA,9.3155,83.5329,36.5042,9.3155,83.5329,36.5042
2026-06-02 14:39:54.897,BASELINE,NEW_DATA,9.3169,83.5329,36.5042,9.3169,83.5329,36.5042
2026-06-02 14:39:54.917,BASELINE,NEW_DATA,9.3172,83.5329,36.5042,9.3172,83.5329,36.5042
2026-06-02 14:39:54.938,BASELINE,NEW_DATA,9.3162,83.5329,36.5042,9.3162,83.5329,36.5042
2026-06-02 14:39:54.958,BASELINE,NEW_DATA,9.3190,83.5329,36.5042,9.3190,83.5329,36.5042
2026-06-02 14:39:54.979,BASELINE,NEW_DATA,9.3169,83.5329,36.5042,9.3169,83.5329,36.5042
2026-06-02 14:39:54.999,BASELINE,NEW_DATA,9.3231,83.5329,36.5042,9.3231,83.5329,36.5042
2026-06-02 14:39:55.019,BASELINE,NEW_DATA,9.3238,83.5329,36.5042,9.3238,83.5329,36.5042
2026-06-02 14:39:55.039,BASELINE,NEW_DATA,9.3242,83.5329,36.5042,9.3242,83.5329,36.5042
2026-06-02 14:39:55.060,BASELINE,NEW_DATA,9.3307,83.5329,36.5042,9.3307,83.5329,36.5042
2026-06-02 14:39:55.080,BASELINE,NEW_DATA,9.3297,83.5329,36.5042,9.3297,83.5329,36.5042
2026-06-02 14:39:55.100,BASELINE,NEW_DATA,9.3321,83.5329,36.5042,9.3321,83.5329,36.5042
2026-06-02 14:39:55.124,BASELINE,NEW_DATA,9.3314,83.5329,36.5042,9.3314,83.5329,36.5042
2026-06-02 14:39:55.142,BASELINE,NEW_DATA,9.3321,83.5329,36.5042,9.3321,83.5329,36.5042
2026-06-02 14:39:55.163,BASELINE,NEW_DATA,9.3325,83.5329,36.5042,9.3325,83.5329,36.5042
2026-06-02 14:39:55.184,BASELINE,NEW_DATA,9.3301,83.5329,36.5042,9.3301,83.5329,36.5042
2026-06-02 14:39:55.205,BASELINE,NEW_DATA,9.3304,83.5329,36.5042,9.3304,83.5329,36.5042
2026-06-02 14:39:55.226,BASELINE,NEW_DATA,9.3349,83.5329,36.5042,9.3349,83.5329,36.5042
2026-06-02 14:39:55.246,BASELINE,NEW_DATA,9.3297,83.5329,36.2753,9.3297,83.5329,36.2753
2026-06-02 14:39:55.266,BASELINE,NEW_DATA,9.3363,83.5329,36.2753,9.3363,83.5329,36.2753
2026-06-02 14:39:55.286,BASELINE,NEW_DATA,9.3325,83.5329,36.2753,9.3325,83.5329,36.2753
2026-06-02 14:39:55.307,BASELINE,NEW_DATA,9.3335,83.5329,36.2753,9.3335,83.5329,36.2753
2026-06-02 14:39:55.327,BASELINE,NEW_DATA,9.3346,83.5329,36.2753,9.3346,83.5329,36.2753
2026-06-02 14:39:55.347,BASELINE,NEW_DATA,9.3398,83.5329,36.2753,9.3398,83.5329,36.2753
2026-06-02 14:39:55.368,BASELINE,NEW_DATA,9.3425,83.5329,36.2753,9.3425,83.5329,36.2753
2026-06-02 14:39:55.389,BASELINE,NEW_DATA,9.3405,83.5329,36.2753,9.3405,83.5329,36.2753
2026-06-02 14:39:55.409,BASELINE,NEW_DATA,9.3370,83.5329,36.2753,9.3370,83.5329,36.2753
2026-06-02 14:39:55.429,BASELINE,NEW_DATA,9.3436,83.5329,36.2753,9.3436,83.5329,36.2753
2026-06-02 14:39:55.450,BASELINE,NEW_DATA,9.3432,83.5329,36.2753,9.3432,83.5329,36.2753
2026-06-02 14:39:55.470,BASELINE,NEW_DATA,9.3439,83.5329,36.2753,9.3439,83.5329,36.2753
2026-06-02 14:39:55.490,BASELINE,NEW_DATA,9.3415,83.5329,36.2753,9.3415,83.5329,36.2753
2026-06-02 14:39:55.510,BASELINE,NEW_DATA,9.3439,83.5329,36.2753,9.3439,83.5329,36.2753
2026-06-02 14:39:55.531,BASELINE,NEW_DATA,9.3623,83.5329,36.2753,9.3623,83.5329,36.2753
2026-06-02 14:39:55.552,BASELINE,NEW_DATA,9.3509,83.5329,36.2753,9.3509,83.5329,36.2753
2026-06-02 14:39:55.573,BASELINE,NEW_DATA,9.3450,83.5329,36.2753,9.3450,83.5329,36.2753
2026-06-02 14:39:55.594,BASELINE,NEW_DATA,9.3453,83.5329,36.2753,9.3453,83.5329,36.2753
2026-06-02 14:39:55.614,BASELINE,NEW_DATA,9.3481,83.5329,36.2753,9.3481,83.5329,36.2753
2026-06-02 14:39:55.637,BASELINE,NEW_DATA,9.3474,83.5329,36.2753,9.3474,83.5329,36.2753
2026-06-02 14:39:55.655,BASELINE,NEW_DATA,9.3488,83.5329,36.2753,9.3488,83.5329,36.2753
2026-06-02 14:39:55.676,BASELINE,NEW_DATA,9.3509,83.5329,36.2753,9.3509,83.5329,36.2753
2026-06-02 14:39:55.696,BASELINE,NEW_DATA,9.3547,83.5329,36.2753,9.3547,83.5329,36.2753
2026-06-02 14:39:55.717,BASELINE,NEW_DATA,9.3540,83.5329,36.2753,9.3540,83.5329,36.2753
2026-06-02 14:39:55.738,BASELINE,NEW_DATA,9.3564,83.4184,36.4749,9.3564,83.4184,36.4749
2026-06-02 14:39:55.758,BASELINE,NEW_DATA,9.3592,83.4184,36.4749,9.3592,83.4184,36.4749
2026-06-02 14:39:55.779,BASELINE,NEW_DATA,9.3592,83.4184,36.4749,9.3592,83.4184,36.4749
2026-06-02 14:39:55.799,BASELINE,NEW_DATA,9.3568,83.4184,36.4749,9.3568,83.4184,36.4749
2026-06-02 14:39:55.820,BASELINE,NEW_DATA,9.3550,83.4184,36.4749,9.3550,83.4184,36.4749
2026-06-02 14:39:55.841,BASELINE,NEW_DATA,9.3564,83.4184,36.4749,9.3564,83.4184,36.4749
2026-06-02 14:39:55.863,BASELINE,NEW_DATA,9.3536,83.4184,36.4749,9.3536,83.4184,36.4749
2026-06-02 14:39:55.883,BASELINE,NEW_DATA,9.3516,83.4184,36.4749,9.3516,83.4184,36.4749
2026-06-02 14:39:55.903,BASELINE,NEW_DATA,9.3564,83.4184,36.4749,9.3564,83.4184,36.4749
2026-06-02 14:39:55.924,BASELINE,NEW_DATA,9.3536,83.4184,36.4749,9.3536,83.4184,36.4749
2026-06-02 14:39:55.946,BASELINE,NEW_DATA,9.3564,83.4184,36.4749,9.3564,83.4184,36.4749
2026-06-02 14:39:55.965,BASELINE,NEW_DATA,9.3526,83.4184,36.4749,9.3526,83.4184,36.4749
2026-06-02 14:39:55.986,BASELINE,NEW_DATA,9.3550,83.4184,36.4749,9.3550,83.4184,36.4749
2026-06-02 14:39:56.006,BASELINE,NEW_DATA,9.3564,83.4184,36.4749,9.3564,83.4184,36.4749
2026-06-02 14:39:56.027,BASELINE,NEW_DATA,9.3547,83.4184,36.4749,9.3547,83.4184,36.4749
2026-06-02 14:39:56.047,BASELINE,NEW_DATA,9.3512,83.4184,36.4749,9.3512,83.4184,36.4749
2026-06-02 14:39:56.067,BASELINE,NEW_DATA,9.3568,83.4184,36.4749,9.3568,83.4184,36.4749
2026-06-02 14:39:56.087,BASELINE,NEW_DATA,9.3609,83.4184,36.4749,9.3609,83.4184,36.4749
2026-06-02 14:39:56.108,BASELINE,NEW_DATA,9.3592,83.4184,36.4749,9.3592,83.4184,36.4749
2026-06-02 14:39:56.130,BASELINE,NEW_DATA,9.3602,83.4184,36.4749,9.3602,83.4184,36.4749
2026-06-02 14:39:56.154,BASELINE,NEW_DATA,9.3564,83.4184,36.4749,9.3564,83.4184,36.4749
2026-06-02 14:39:56.171,BASELINE,NEW_DATA,9.3564,83.4184,36.4749,9.3564,83.4184,36.4749
2026-06-02 14:39:56.191,BASELINE,NEW_DATA,9.3536,83.4184,36.4749,9.3536,83.4184,36.4749
2026-06-02 14:39:56.213,BASELINE,NEW_DATA,9.3564,83.4184,36.4749,9.3564,83.4184,36.4749
2026-06-02 14:39:56.232,BASELINE,NEW_DATA,9.3692,83.3205,36.5226,9.3692,83.3205,36.5226
2026-06-02 14:39:56.252,BASELINE,NEW_DATA,9.3661,83.3205,36.5226,9.3661,83.3205,36.5226
2026-06-02 14:39:56.273,BASELINE,NEW_DATA,9.3564,83.3205,36.5226,9.3564,83.3205,36.5226
2026-06-02 14:39:56.293,BASELINE,NEW_DATA,9.3536,83.3205,36.5226,9.3536,83.3205,36.5226
2026-06-02 14:39:56.313,BASELINE,NEW_DATA,9.3536,83.3205,36.5226,9.3536,83.3205,36.5226
2026-06-02 14:39:56.333,BASELINE,NEW_DATA,9.3564,83.3205,36.5226,9.3564,83.3205,36.5226
2026-06-02 14:39:56.353,BASELINE,NEW_DATA,9.3564,83.3205,36.5226,9.3564,83.3205,36.5226
2026-06-02 14:39:56.373,BASELINE,NEW_DATA,9.3509,83.3205,36.5226,9.3509,83.3205,36.5226
2026-06-02 14:39:56.393,BASELINE,NEW_DATA,9.3543,83.3205,36.5226,9.3543,83.3205,36.5226
2026-06-02 14:39:56.414,BASELINE,NEW_DATA,9.3512,83.3205,36.5226,9.3512,83.3205,36.5226
2026-06-02 14:39:56.434,BASELINE,NEW_DATA,9.3523,83.3205,36.5226,9.3523,83.3205,36.5226
2026-06-02 14:39:56.456,BASELINE,NEW_DATA,9.3536,83.3205,36.5226,9.3536,83.3205,36.5226
2026-06-02 14:39:56.476,BASELINE,NEW_DATA,9.3502,83.3205,36.5226,9.3502,83.3205,36.5226
2026-06-02 14:39:56.497,BASELINE,NEW_DATA,9.3523,83.3205,36.5226,9.3523,83.3205,36.5226
2026-06-02 14:39:56.517,BASELINE,NEW_DATA,9.3516,83.3205,36.5226,9.3516,83.3205,36.5226
2026-06-02 14:39:56.538,BASELINE,NEW_DATA,9.3467,83.3205,36.5226,9.3467,83.3205,36.5226
2026-06-02 14:39:56.559,BASELINE,NEW_DATA,9.3467,83.3205,36.5226,9.3467,83.3205,36.5226
2026-06-02 14:39:56.580,BASELINE,NEW_DATA,9.3446,83.3205,36.5226,9.3446,83.3205,36.5226
2026-06-02 14:39:56.600,BASELINE,NEW_DATA,9.3457,83.3205,36.5226,9.3457,83.3205,36.5226
2026-06-02 14:39:56.620,BASELINE,NEW_DATA,9.3443,83.3205,36.5226,9.3443,83.3205,36.5226
2026-06-02 14:39:56.640,BASELINE,NEW_DATA,9.3460,83.3205,36.5226,9.3460,83.3205,36.5226
2026-06-02 14:39:56.664,BASELINE,NEW_DATA,9.3464,83.3205,36.5226,9.3464,83.3205,36.5226
2026-06-02 14:39:56.680,BASELINE,NEW_DATA,9.3425,83.3205,36.5226,9.3425,83.3205,36.5226
2026-06-02 14:39:56.701,BASELINE,NEW_DATA,9.3439,83.3205,36.5226,9.3439,83.3205,36.5226
2026-06-02 14:39:56.722,BASELINE,NEW_DATA,9.3398,83.3205,36.5226,9.3398,83.3205,36.5226
2026-06-02 14:39:56.743,BASELINE,NEW_DATA,9.3408,83.4661,36.4695,9.3408,83.4661,36.4695
2026-06-02 14:39:56.763,BASELINE,NEW_DATA,9.3387,83.4661,36.4695,9.3387,83.4661,36.4695
2026-06-02 14:39:56.784,BASELINE,NEW_DATA,9.3422,83.4661,36.4695,9.3422,83.4661,36.4695
2026-06-02 14:39:56.804,BASELINE,NEW_DATA,9.3398,83.4661,36.4695,9.3398,83.4661,36.4695
2026-06-02 14:39:56.825,BASELINE,NEW_DATA,9.3377,83.4661,36.4695,9.3377,83.4661,36.4695
2026-06-02 14:39:56.845,BASELINE,NEW_DATA,9.3432,83.4661,36.4695,9.3432,83.4661,36.4695
2026-06-02 14:39:56.866,BASELINE,NEW_DATA,9.3370,83.4661,36.4695,9.3370,83.4661,36.4695
2026-06-02 14:39:56.886,BASELINE,NEW_DATA,9.3370,83.4661,36.4695,9.3370,83.4661,36.4695
2026-06-02 14:39:56.906,BASELINE,NEW_DATA,9.3349,83.4661,36.4695,9.3349,83.4661,36.4695
2026-06-02 14:39:56.926,BASELINE,NEW_DATA,9.3349,83.4661,36.4695,9.3349,83.4661,36.4695
2026-06-02 14:39:56.946,BASELINE,NEW_DATA,9.3342,83.4661,36.4695,9.3342,83.4661,36.4695
2026-06-02 14:39:56.966,BASELINE,NEW_DATA,9.3484,83.4661,36.4695,9.3484,83.4661,36.4695
2026-06-02 14:39:56.986,BASELINE,NEW_DATA,9.3453,83.4661,36.4695,9.3453,83.4661,36.4695
2026-06-02 14:39:57.007,BASELINE,NEW_DATA,9.3363,83.4661,36.4695,9.3363,83.4661,36.4695
2026-06-02 14:39:57.028,BASELINE,NEW_DATA,9.3353,83.4661,36.4695,9.3353,83.4661,36.4695
2026-06-02 14:39:57.049,BASELINE,NEW_DATA,9.3398,83.4661,36.4695,9.3398,83.4661,36.4695
2026-06-02 14:39:57.069,BASELINE,NEW_DATA,9.3366,83.4661,36.4695,9.3366,83.4661,36.4695
2026-06-02 14:39:57.089,BASELINE,NEW_DATA,9.3363,83.4661,36.4695,9.3363,83.4661,36.4695
2026-06-02 14:39:57.111,BASELINE,NEW_DATA,9.3370,83.4661,36.4695,9.3370,83.4661,36.4695
2026-06-02 14:39:57.131,BASELINE,NEW_DATA,9.3384,83.4661,36.4695,9.3384,83.4661,36.4695
2026-06-02 14:39:57.152,BASELINE,NEW_DATA,9.3405,83.4661,36.4695,9.3405,83.4661,36.4695
2026-06-02 14:39:57.177,BASELINE,NEW_DATA,9.3398,83.4661,36.4695,9.3398,83.4661,36.4695
2026-06-02 14:39:57.195,BASELINE,NEW_DATA,9.3384,83.4661,36.4695,9.3384,83.4661,36.4695
2026-06-02 14:39:57.214,BASELINE,NEW_DATA,9.3425,83.4661,36.4695,9.3425,83.4661,36.4695
2026-06-02 14:39:57.235,BASELINE,NEW_DATA,9.3425,83.2128,37.3467,9.3425,83.2128,37.3467
2026-06-02 14:39:57.256,BASELINE,NEW_DATA,9.3398,83.2128,37.3467,9.3398,83.2128,37.3467
2026-06-02 14:39:57.276,BASELINE,NEW_DATA,9.3380,83.2128,37.3467,9.3380,83.2128,37.3467
2026-06-02 14:39:57.297,BASELINE,NEW_DATA,9.3342,83.2128,37.3467,9.3342,83.2128,37.3467
2026-06-02 14:39:57.317,BASELINE,NEW_DATA,9.3349,83.2128,37.3467,9.3349,83.2128,37.3467
2026-06-02 14:39:57.337,BASELINE,NEW_DATA,9.3342,83.2128,37.3467,9.3342,83.2128,37.3467
2026-06-02 14:39:57.358,BASELINE,NEW_DATA,9.3321,83.2128,37.3467,9.3321,83.2128,37.3467
2026-06-02 14:39:57.379,BASELINE,NEW_DATA,9.3342,83.2128,37.3467,9.3342,83.2128,37.3467
2026-06-02 14:39:57.399,BASELINE,NEW_DATA,9.3321,83.2128,37.3467,9.3321,83.2128,37.3467
2026-06-02 14:39:57.420,BASELINE,NEW_DATA,9.3301,83.2128,37.3467,9.3301,83.2128,37.3467
2026-06-02 14:39:57.440,BASELINE,NEW_DATA,9.3335,83.2128,37.3467,9.3335,83.2128,37.3467
2026-06-02 14:39:57.461,BASELINE,NEW_DATA,9.3339,83.2128,37.3467,9.3339,83.2128,37.3467
2026-06-02 14:39:57.480,BASELINE,NEW_DATA,9.3335,83.2128,37.3467,9.3335,83.2128,37.3467
2026-06-02 14:39:57.501,BASELINE,NEW_DATA,9.3339,83.2128,37.3467,9.3339,83.2128,37.3467
2026-06-02 14:39:57.521,BASELINE,NEW_DATA,9.3304,83.2128,37.3467,9.3304,83.2128,37.3467
2026-06-02 14:39:57.542,BASELINE,NEW_DATA,9.3314,83.2128,37.3467,9.3314,83.2128,37.3467
2026-06-02 14:39:57.563,BASELINE,NEW_DATA,9.3325,83.2128,37.3467,9.3325,83.2128,37.3467
2026-06-02 14:39:57.583,BASELINE,NEW_DATA,9.3349,83.2128,37.3467,9.3349,83.2128,37.3467
2026-06-02 14:39:57.603,BASELINE,NEW_DATA,9.3335,83.2128,37.3467,9.3335,83.2128,37.3467
2026-06-02 14:39:57.624,BASELINE,NEW_DATA,9.3307,83.2128,37.3467,9.3307,83.2128,37.3467
2026-06-02 14:39:57.645,BASELINE,NEW_DATA,9.3321,83.2128,37.3467,9.3321,83.2128,37.3467
2026-06-02 14:39:57.665,BASELINE,NEW_DATA,9.3294,83.2128,37.3467,9.3294,83.2128,37.3467
2026-06-02 14:39:57.689,BASELINE,NEW_DATA,9.3318,83.2128,37.3467,9.3318,83.2128,37.3467
2026-06-02 14:39:57.706,BASELINE,NEW_DATA,9.3453,83.2128,37.3467,9.3453,83.2128,37.3467
2026-06-02 14:39:57.728,BASELINE,NEW_DATA,9.3516,82.9822,37.3871,9.3516,82.9822,37.3871
2026-06-02 14:39:57.750,BASELINE,NEW_DATA,9.3391,82.9822,37.3871,9.3391,82.9822,37.3871
2026-06-02 14:39:57.770,BASELINE,NEW_DATA,9.3418,82.9822,37.3871,9.3418,82.9822,37.3871
2026-06-02 14:39:57.791,BASELINE,NEW_DATA,9.3464,82.9822,37.3871,9.3464,82.9822,37.3871
2026-06-02 14:39:57.812,BASELINE,NEW_DATA,9.3516,82.9822,37.3871,9.3516,82.9822,37.3871
2026-06-02 14:39:57.833,BASELINE,NEW_DATA,9.3519,82.9822,37.3871,9.3519,82.9822,37.3871
2026-06-02 14:39:57.854,BASELINE,NEW_DATA,9.3526,82.9822,37.3871,9.3526,82.9822,37.3871
2026-06-02 14:39:57.874,BASELINE,NEW_DATA,9.3523,82.9822,37.3871,9.3523,82.9822,37.3871
2026-06-02 14:39:57.895,BASELINE,NEW_DATA,9.3547,82.9822,37.3871,9.3547,82.9822,37.3871
2026-06-02 14:39:57.916,BASELINE,NEW_DATA,9.3588,82.9822,37.3871,9.3588,82.9822,37.3871
2026-06-02 14:39:57.936,BASELINE,NEW_DATA,9.3616,82.9822,37.3871,9.3616,82.9822,37.3871
2026-06-02 14:39:57.957,BASELINE,NEW_DATA,9.3585,82.9822,37.3871,9.3585,82.9822,37.3871
2026-06-02 14:39:57.979,BASELINE,NEW_DATA,9.3592,82.9822,37.3871,9.3592,82.9822,37.3871
2026-06-02 14:39:57.999,BASELINE,NEW_DATA,9.3575,82.9822,37.3871,9.3575,82.9822,37.3871
2026-06-02 14:39:58.019,BASELINE,NEW_DATA,9.3543,82.9822,37.3871,9.3543,82.9822,37.3871
2026-06-02 14:39:58.039,BASELINE,NEW_DATA,9.3543,82.9822,37.3871,9.3543,82.9822,37.3871
2026-06-02 14:39:58.059,BASELINE,NEW_DATA,9.3509,82.9822,37.3871,9.3509,82.9822,37.3871
2026-06-02 14:39:58.080,BASELINE,NEW_DATA,9.3495,82.9822,37.3871,9.3495,82.9822,37.3871
2026-06-02 14:39:58.100,BASELINE,NEW_DATA,9.3474,82.9822,37.3871,9.3474,82.9822,37.3871
2026-06-02 14:39:58.121,BASELINE,NEW_DATA,9.3467,82.9822,37.3871,9.3467,82.9822,37.3871
2026-06-02 14:39:58.141,BASELINE,NEW_DATA,9.3460,82.9822,37.3871,9.3460,82.9822,37.3871
2026-06-02 14:39:58.162,BASELINE,NEW_DATA,9.3439,82.9822,37.3871,9.3439,82.9822,37.3871
2026-06-02 14:39:58.183,BASELINE,NEW_DATA,9.3453,82.9822,37.3871,9.3453,82.9822,37.3871
2026-06-02 14:39:58.206,BASELINE,NEW_DATA,9.3429,82.9822,37.3871,9.3429,82.9822,37.3871
2026-06-02 14:39:58.225,BASELINE,NEW_DATA,9.3425,82.9822,37.3871,9.3425,82.9822,37.3871
2026-06-02 14:39:58.245,BASELINE,NEW_DATA,9.3405,82.4909,38.3751,9.3405,82.4909,38.3751
2026-06-02 14:39:58.266,BASELINE,NEW_DATA,9.3363,82.4909,38.3751,9.3363,82.4909,38.3751
2026-06-02 14:39:58.286,BASELINE,NEW_DATA,9.3353,82.4909,38.3751,9.3353,82.4909,38.3751
2026-06-02 14:39:58.308,BASELINE,NEW_DATA,9.3342,82.4909,38.3751,9.3342,82.4909,38.3751
2026-06-02 14:39:58.328,BASELINE,NEW_DATA,9.3370,82.4909,38.3751,9.3370,82.4909,38.3751
2026-06-02 14:39:58.348,BASELINE,NEW_DATA,9.3339,82.4909,38.3751,9.3339,82.4909,38.3751
2026-06-02 14:39:58.369,BASELINE,NEW_DATA,9.3321,82.4909,38.3751,9.3321,82.4909,38.3751
2026-06-02 14:39:58.390,BASELINE,NEW_DATA,9.3294,82.4909,38.3751,9.3294,82.4909,38.3751
2026-06-02 14:39:58.411,BASELINE,NEW_DATA,9.3294,82.4909,38.3751,9.3294,82.4909,38.3751
2026-06-02 14:39:58.431,BASELINE,NEW_DATA,9.3242,82.4909,38.3751,9.3242,82.4909,38.3751
2026-06-02 14:39:58.451,BASELINE,NEW_DATA,9.3266,82.4909,38.3751,9.3266,82.4909,38.3751
2026-06-02 14:39:58.471,BASELINE,NEW_DATA,9.3349,82.4909,38.3751,9.3349,82.4909,38.3751
2026-06-02 14:39:58.491,BASELINE,NEW_DATA,9.3242,82.4909,38.3751,9.3242,82.4909,38.3751
2026-06-02 14:39:58.512,BASELINE,NEW_DATA,9.3200,82.4909,38.3751,9.3200,82.4909,38.3751
2026-06-02 14:39:58.532,BASELINE,NEW_DATA,9.3214,82.4909,38.3751,9.3214,82.4909,38.3751
2026-06-02 14:39:58.552,BASELINE,NEW_DATA,9.3183,82.4909,38.3751,9.3183,82.4909,38.3751
2026-06-02 14:39:58.573,BASELINE,NEW_DATA,9.3162,82.4909,38.3751,9.3162,82.4909,38.3751
2026-06-02 14:39:58.593,BASELINE,NEW_DATA,9.3148,82.4909,38.3751,9.3148,82.4909,38.3751
2026-06-02 14:39:58.614,BASELINE,NEW_DATA,9.3186,82.4909,38.3751,9.3186,82.4909,38.3751
2026-06-02 14:39:58.634,BASELINE,NEW_DATA,9.3176,82.4909,38.3751,9.3176,82.4909,38.3751
2026-06-02 14:39:58.655,BASELINE,NEW_DATA,9.3200,82.4909,38.3751,9.3200,82.4909,38.3751
2026-06-02 14:39:58.676,BASELINE,NEW_DATA,9.3148,82.4909,38.3751,9.3148,82.4909,38.3751
2026-06-02 14:39:58.696,BASELINE,NEW_DATA,9.3176,82.4909,38.3751,9.3176,82.4909,38.3751
2026-06-02 14:39:58.719,BASELINE,NEW_DATA,9.3158,82.4909,38.3751,9.3158,82.4909,38.3751
2026-06-02 14:39:58.737,BASELINE,NEW_DATA,9.3172,82.1991,38.3751,9.3172,82.1991,38.3751
2026-06-02 14:39:58.757,BASELINE,NEW_DATA,9.3106,82.1991,38.3751,9.3106,82.1991,38.3751
2026-06-02 14:39:58.779,BASELINE,NEW_DATA,9.3106,82.1991,38.3751,9.3106,82.1991,38.3751
2026-06-02 14:39:58.799,BASELINE,NEW_DATA,9.3092,82.1991,38.3751,9.3092,82.1991,38.3751
2026-06-02 14:39:58.820,BASELINE,NEW_DATA,9.3040,82.1991,38.3751,9.3040,82.1991,38.3751
2026-06-02 14:39:58.840,BASELINE,NEW_DATA,9.3047,82.1991,38.3751,9.3047,82.1991,38.3751
2026-06-02 14:39:58.861,BASELINE,NEW_DATA,9.3072,82.1991,38.3751,9.3072,82.1991,38.3751
2026-06-02 14:39:58.881,BASELINE,NEW_DATA,9.3061,82.1991,38.3751,9.3061,82.1991,38.3751
2026-06-02 14:39:58.902,BASELINE,NEW_DATA,9.3009,82.1991,38.3751,9.3009,82.1991,38.3751
2026-06-02 14:39:58.923,BASELINE,NEW_DATA,9.3016,82.1991,38.3751,9.3016,82.1991,38.3751
2026-06-02 14:39:58.944,BASELINE,NEW_DATA,9.2988,82.1991,38.3751,9.2988,82.1991,38.3751
2026-06-02 14:39:58.964,BASELINE,NEW_DATA,9.2985,82.1991,38.3751,9.2985,82.1991,38.3751
2026-06-02 14:39:58.985,BASELINE,NEW_DATA,9.2964,82.1991,38.3751,9.2964,82.1991,38.3751
2026-06-02 14:39:59.006,BASELINE,NEW_DATA,9.2968,82.1991,38.3751,9.2968,82.1991,38.3751
2026-06-02 14:39:59.026,BASELINE,NEW_DATA,9.2933,82.1991,38.3751,9.2933,82.1991,38.3751
2026-06-02 14:39:59.047,BASELINE,NEW_DATA,9.2919,82.1991,38.3751,9.2919,82.1991,38.3751
2026-06-02 14:39:59.067,BASELINE,NEW_DATA,9.2905,82.1991,38.3751,9.2905,82.1991,38.3751
2026-06-02 14:39:59.087,BASELINE,NEW_DATA,9.2888,82.1991,38.3751,9.2888,82.1991,38.3751
2026-06-02 14:39:59.108,BASELINE,NEW_DATA,9.2912,82.1991,38.3751,9.2912,82.1991,38.3751
2026-06-02 14:39:59.130,BASELINE,NEW_DATA,9.2864,82.1991,38.3751,9.2864,82.1991,38.3751
2026-06-02 14:39:59.150,BASELINE,NEW_DATA,9.2860,82.1991,38.3751,9.2860,82.1991,38.3751
2026-06-02 14:39:59.171,BASELINE,NEW_DATA,9.2829,82.1991,38.3751,9.2829,82.1991,38.3751
2026-06-02 14:39:59.191,BASELINE,NEW_DATA,9.2853,82.1991,38.3751,9.2853,82.1991,38.3751
2026-06-02 14:39:59.212,BASELINE,NEW_DATA,9.2815,82.1991,38.3751,9.2815,82.1991,38.3751
2026-06-02 14:39:59.237,BASELINE,NEW_DATA,9.2898,82.0923,38.5528,9.2898,82.0923,38.5528
2026-06-02 14:39:59.253,BASELINE,NEW_DATA,9.2982,82.0923,38.5528,9.2982,82.0923,38.5528
2026-06-02 14:39:59.273,BASELINE,NEW_DATA,9.2787,82.0923,38.5528,9.2787,82.0923,38.5528
2026-06-02 14:39:59.294,BASELINE,NEW_DATA,9.2780,82.0923,38.5528,9.2780,82.0923,38.5528
2026-06-02 14:39:59.314,BASELINE,NEW_DATA,9.2794,82.0923,38.5528,9.2794,82.0923,38.5528
2026-06-02 14:39:59.334,BASELINE,NEW_DATA,9.2794,82.0923,38.5528,9.2794,82.0923,38.5528
2026-06-02 14:39:59.354,BASELINE,NEW_DATA,9.2777,82.0923,38.5528,9.2777,82.0923,38.5528
2026-06-02 14:39:59.375,BASELINE,NEW_DATA,9.2777,82.0923,38.5528,9.2777,82.0923,38.5528
2026-06-02 14:39:59.395,BASELINE,NEW_DATA,9.2773,82.0923,38.5528,9.2773,82.0923,38.5528
2026-06-02 14:39:59.416,BASELINE,NEW_DATA,9.2760,82.0923,38.5528,9.2760,82.0923,38.5528
2026-06-02 14:39:59.437,BASELINE,NEW_DATA,9.2767,82.0923,38.5528,9.2767,82.0923,38.5528
2026-06-02 14:39:59.457,BASELINE,NEW_DATA,9.2784,82.0923,38.5528,9.2784,82.0923,38.5528
2026-06-02 14:39:59.478,BASELINE,NEW_DATA,9.2753,82.0923,38.5528,9.2753,82.0923,38.5528
2026-06-02 14:39:59.499,BASELINE,NEW_DATA,9.2746,82.0923,38.5528,9.2746,82.0923,38.5528
2026-06-02 14:39:59.520,BASELINE,NEW_DATA,9.2756,82.0923,38.5528,9.2756,82.0923,38.5528
2026-06-02 14:39:59.540,BASELINE,NEW_DATA,9.2739,82.0923,38.5528,9.2739,82.0923,38.5528
2026-06-02 14:39:59.561,BASELINE,NEW_DATA,9.2714,82.0923,38.5528,9.2714,82.0923,38.5528
2026-06-02 14:39:59.581,BASELINE,NEW_DATA,9.2690,82.0923,38.5528,9.2690,82.0923,38.5528
2026-06-02 14:39:59.602,BASELINE,NEW_DATA,9.2690,82.0923,38.5528,9.2690,82.0923,38.5528
2026-06-02 14:39:59.622,BASELINE,NEW_DATA,9.2659,82.0923,38.5528,9.2659,82.0923,38.5528
2026-06-02 14:39:59.642,BASELINE,NEW_DATA,9.2649,82.0923,38.5528,9.2649,82.0923,38.5528
2026-06-02 14:39:59.664,BASELINE,NEW_DATA,9.2652,82.0923,38.5528,9.2652,82.0923,38.5528
2026-06-02 14:39:59.685,BASELINE,NEW_DATA,9.2628,82.0923,38.5528,9.2628,82.0923,38.5528
2026-06-02 14:39:59.705,BASELINE,NEW_DATA,9.2621,82.0923,38.5528,9.2621,82.0923,38.5528
2026-06-02 14:39:59.727,BASELINE,NEW_DATA,9.2642,82.0923,38.5528,9.2642,82.0923,38.5528
2026-06-02 14:39:59.751,BASELINE,NEW_DATA,9.2617,81.4448,38.2786,9.2617,81.4448,38.2786
2026-06-02 14:39:59.768,BASELINE,NEW_DATA,9.2600,81.4448,38.2786,9.2600,81.4448,38.2786
2026-06-02 14:39:59.788,BASELINE,NEW_DATA,9.2624,81.4448,38.2786,9.2624,81.4448,38.2786
2026-06-02 14:39:59.808,BASELINE,NEW_DATA,9.2579,81.4448,38.2786,9.2579,81.4448,38.2786
2026-06-02 14:39:59.829,BASELINE,NEW_DATA,9.2572,81.4448,38.2786,9.2572,81.4448,38.2786
2026-06-02 14:39:59.850,BASELINE,NEW_DATA,9.2572,81.4448,38.2786,9.2572,81.4448,38.2786
2026-06-02 14:39:59.870,BASELINE,NEW_DATA,9.2565,81.4448,38.2786,9.2565,81.4448,38.2786
2026-06-02 14:39:59.890,BASELINE,NEW_DATA,9.2562,81.4448,38.2786,9.2562,81.4448,38.2786
2026-06-02 14:39:59.910,BASELINE,NEW_DATA,9.2590,81.4448,38.2786,9.2590,81.4448,38.2786
2026-06-02 14:39:59.931,BASELINE,NEW_DATA,9.2562,81.4448,38.2786,9.2562,81.4448,38.2786
2026-06-02 14:39:59.952,BASELINE,NEW_DATA,9.2548,81.4448,38.2786,9.2548,81.4448,38.2786
2026-06-02 14:39:59.972,BASELINE,NEW_DATA,9.2548,81.4448,38.2786,9.2548,81.4448,38.2786
2026-06-02 14:39:59.993,BASELINE,NEW_DATA,9.2503,81.4448,38.2786,9.2503,81.4448,38.2786
2026-06-02 14:40:00.015,BASELINE,NEW_DATA,9.2607,81.4448,38.2786,9.2607,81.4448,38.2786
2026-06-02 14:40:00.035,BASELINE,NEW_DATA,9.2687,81.4448,38.2786,9.2687,81.4448,38.2786
2026-06-02 14:40:00.055,BASELINE,NEW_DATA,9.2551,81.4448,38.2786,9.2551,81.4448,38.2786
2026-06-02 14:40:00.076,BASELINE,NEW_DATA,9.2499,81.4448,38.2786,9.2499,81.4448,38.2786
2026-06-02 14:40:00.096,BASELINE,NEW_DATA,9.2427,81.4448,38.2786,9.2427,81.4448,38.2786
2026-06-02 14:40:00.116,BASELINE,NEW_DATA,9.2524,81.4448,38.2786,9.2524,81.4448,38.2786
2026-06-02 14:40:00.137,BASELINE,NEW_DATA,9.2499,81.4448,38.2786,9.2499,81.4448,38.2786
2026-06-02 14:40:00.157,BASELINE,NEW_DATA,9.2506,81.4448,38.2786,9.2506,81.4448,38.2786
2026-06-02 14:40:00.178,BASELINE,NEW_DATA,9.2489,81.4448,38.2786,9.2489,81.4448,38.2786
2026-06-02 14:40:00.198,BASELINE,NEW_DATA,9.2499,81.4448,38.2786,9.2499,81.4448,38.2786
2026-06-02 14:40:00.219,BASELINE,NEW_DATA,9.2520,81.4448,38.2786,9.2520,81.4448,38.2786
2026-06-02 14:40:00.240,BASELINE,NEW_DATA,9.2517,81.5606,37.8570,9.2517,81.5606,37.8570
2026-06-02 14:40:00.265,BASELINE,NEW_DATA,9.2524,81.5606,37.8570,9.2524,81.5606,37.8570
2026-06-02 14:40:00.281,BASELINE,NEW_DATA,9.2538,81.5606,37.8570,9.2538,81.5606,37.8570
2026-06-02 14:40:00.302,BASELINE,NEW_DATA,9.2496,81.5606,37.8570,9.2496,81.5606,37.8570
2026-06-02 14:40:00.322,BASELINE,NEW_DATA,9.2420,81.5606,37.8570,9.2420,81.5606,37.8570
2026-06-02 14:40:00.343,BASELINE,NEW_DATA,9.2496,81.5606,37.8570,9.2496,81.5606,37.8570
2026-06-02 14:40:00.363,BASELINE,NEW_DATA,9.2454,81.5606,37.8570,9.2454,81.5606,37.8570
2026-06-02 14:40:00.384,BASELINE,NEW_DATA,9.2475,81.5606,37.8570,9.2475,81.5606,37.8570
2026-06-02 14:40:00.405,BASELINE,NEW_DATA,9.2444,81.5606,37.8570,9.2444,81.5606,37.8570
2026-06-02 14:40:00.425,BASELINE,NEW_DATA,9.2489,81.5606,37.8570,9.2489,81.5606,37.8570
2026-06-02 14:40:00.446,BASELINE,NEW_DATA,9.2465,81.5606,37.8570,9.2465,81.5606,37.8570
2026-06-02 14:40:00.466,BASELINE,NEW_DATA,9.2482,81.5606,37.8570,9.2482,81.5606,37.8570
2026-06-02 14:40:00.487,BASELINE,NEW_DATA,9.2475,81.5606,37.8570,9.2475,81.5606,37.8570
2026-06-02 14:40:00.507,BASELINE,NEW_DATA,9.2454,81.5606,37.8570,9.2454,81.5606,37.8570
2026-06-02 14:40:00.528,BASELINE,NEW_DATA,9.2465,81.5606,37.8570,9.2465,81.5606,37.8570
2026-06-02 14:40:00.549,BASELINE,NEW_DATA,9.2461,81.5606,37.8570,9.2461,81.5606,37.8570
2026-06-02 14:40:00.569,BASELINE,NEW_DATA,9.2468,81.5606,37.8570,9.2468,81.5606,37.8570
2026-06-02 14:40:00.589,BASELINE,NEW_DATA,9.2444,81.5606,37.8570,9.2444,81.5606,37.8570
2026-06-02 14:40:00.611,BASELINE,NEW_DATA,9.2454,81.5606,37.8570,9.2454,81.5606,37.8570
2026-06-02 14:40:00.631,BASELINE,NEW_DATA,9.2468,81.5606,37.8570,9.2468,81.5606,37.8570
2026-06-02 14:40:00.651,BASELINE,NEW_DATA,9.2479,81.5606,37.8570,9.2479,81.5606,37.8570
2026-06-02 14:40:00.672,BASELINE,NEW_DATA,9.2489,81.5606,37.8570,9.2489,81.5606,37.8570
2026-06-02 14:40:00.693,BASELINE,NEW_DATA,9.2496,81.5606,37.8570,9.2496,81.5606,37.8570
2026-06-02 14:40:00.712,BASELINE,NEW_DATA,9.2454,81.5606,37.8570,9.2454,81.5606,37.8570
2026-06-02 14:40:00.733,BASELINE,NEW_DATA,9.2510,81.6893,39.3814,9.2510,81.6893,39.3814
2026-06-02 14:40:00.755,BASELINE,NEW_DATA,9.2482,81.6893,39.3814,9.2482,81.6893,39.3814
2026-06-02 14:40:00.780,BASELINE,NEW_DATA,9.2513,81.6893,39.3814,9.2513,81.6893,39.3814
2026-06-02 14:40:00.796,BASELINE,NEW_DATA,9.2614,81.6893,39.3814,9.2614,81.6893,39.3814
2026-06-02 14:40:00.817,BASELINE,NEW_DATA,9.2635,81.6893,39.3814,9.2635,81.6893,39.3814
2026-06-02 14:40:00.838,BASELINE,NEW_DATA,9.2524,81.6893,39.3814,9.2524,81.6893,39.3814
2026-06-02 14:40:00.860,BASELINE,NEW_DATA,9.2555,81.6893,39.3814,9.2555,81.6893,39.3814
2026-06-02 14:40:00.879,BASELINE,NEW_DATA,9.2545,81.6893,39.3814,9.2545,81.6893,39.3814
2026-06-02 14:40:00.899,BASELINE,NEW_DATA,9.2555,81.6893,39.3814,9.2555,81.6893,39.3814
2026-06-02 14:40:00.920,BASELINE,NEW_DATA,9.2604,81.6893,39.3814,9.2604,81.6893,39.3814
2026-06-02 14:40:00.940,BASELINE,NEW_DATA,9.2593,81.6893,39.3814,9.2593,81.6893,39.3814
2026-06-02 14:40:00.961,BASELINE,NEW_DATA,9.2600,81.6893,39.3814,9.2600,81.6893,39.3814
2026-06-02 14:40:00.981,BASELINE,NEW_DATA,9.2642,81.6893,39.3814,9.2642,81.6893,39.3814
2026-06-02 14:40:01.001,BASELINE,NEW_DATA,9.2652,81.6893,39.3814,9.2652,81.6893,39.3814
2026-06-02 14:40:01.021,BASELINE,NEW_DATA,9.2732,81.6893,39.3814,9.2732,81.6893,39.3814
2026-06-02 14:40:01.042,BASELINE,NEW_DATA,9.2690,81.6893,39.3814,9.2690,81.6893,39.3814
2026-06-02 14:40:01.063,BASELINE,NEW_DATA,9.2718,81.6893,39.3814,9.2718,81.6893,39.3814
2026-06-02 14:40:01.084,BASELINE,NEW_DATA,9.2701,81.6893,39.3814,9.2701,81.6893,39.3814
2026-06-02 14:40:01.105,BASELINE,NEW_DATA,9.2718,81.6893,39.3814,9.2718,81.6893,39.3814
2026-06-02 14:40:01.126,BASELINE,NEW_DATA,9.2718,81.6893,39.3814,9.2718,81.6893,39.3814
2026-06-02 14:40:01.145,BASELINE,NEW_DATA,9.2770,81.6893,39.3814,9.2770,81.6893,39.3814
2026-06-02 14:40:01.166,BASELINE,NEW_DATA,9.2746,81.6893,39.3814,9.2746,81.6893,39.3814
2026-06-02 14:40:01.187,BASELINE,NEW_DATA,9.2798,81.6893,39.3814,9.2798,81.6893,39.3814
2026-06-02 14:40:01.207,BASELINE,NEW_DATA,9.2773,81.6893,39.3814,9.2773,81.6893,39.3814
2026-06-02 14:40:01.228,BASELINE,NEW_DATA,9.2815,81.7088,40.3645,9.2815,81.7088,40.3645
2026-06-02 14:40:01.249,BASELINE,NEW_DATA,9.2857,81.7088,40.3645,9.2857,81.7088,40.3645
2026-06-02 14:40:01.269,BASELINE,NEW_DATA,9.2843,81.7088,40.3645,9.2843,81.7088,40.3645
2026-06-02 14:40:01.296,BASELINE,NEW_DATA,9.2871,81.7088,40.3645,9.2871,81.7088,40.3645
2026-06-02 14:40:01.312,BASELINE,NEW_DATA,9.2891,81.7088,40.3645,9.2891,81.7088,40.3645
2026-06-02 14:40:01.333,BASELINE,NEW_DATA,9.2919,81.7088,40.3645,9.2919,81.7088,40.3645
2026-06-02 14:40:01.353,BASELINE,NEW_DATA,9.2943,81.7088,40.3645,9.2943,81.7088,40.3645
2026-06-02 14:40:01.374,BASELINE,NEW_DATA,9.2982,81.7088,40.3645,9.2982,81.7088,40.3645
2026-06-02 14:40:01.395,BASELINE,NEW_DATA,9.3009,81.7088,40.3645,9.3009,81.7088,40.3645
2026-06-02 14:40:01.415,BASELINE,NEW_DATA,9.3023,81.7088,40.3645,9.3023,81.7088,40.3645
2026-06-02 14:40:01.436,BASELINE,NEW_DATA,9.3051,81.7088,40.3645,9.3051,81.7088,40.3645
2026-06-02 14:40:01.457,BASELINE,NEW_DATA,9.3099,81.7088,40.3645,9.3099,81.7088,40.3645
2026-06-02 14:40:01.476,BASELINE,NEW_DATA,9.3113,81.7088,40.3645,9.3113,81.7088,40.3645
2026-06-02 14:40:01.496,BASELINE,NEW_DATA,9.3120,81.7088,40.3645,9.3120,81.7088,40.3645
2026-06-02 14:40:01.516,BASELINE,NEW_DATA,9.3134,81.7088,40.3645,9.3134,81.7088,40.3645
2026-06-02 14:40:01.537,BASELINE,NEW_DATA,9.3092,81.7088,40.3645,9.3092,81.7088,40.3645
2026-06-02 14:40:01.558,BASELINE,NEW_DATA,9.3148,81.7088,40.3645,9.3148,81.7088,40.3645
2026-06-02 14:40:01.578,BASELINE,NEW_DATA,9.3370,81.7088,40.3645,9.3370,81.7088,40.3645
2026-06-02 14:40:01.598,BASELINE,NEW_DATA,9.3401,81.7088,40.3645,9.3401,81.7088,40.3645
2026-06-02 14:40:01.619,BASELINE,NEW_DATA,9.3304,81.7088,40.3645,9.3304,81.7088,40.3645
2026-06-02 14:40:01.640,BASELINE,NEW_DATA,9.3294,81.7088,40.3645,9.3294,81.7088,40.3645
2026-06-02 14:40:01.661,BASELINE,NEW_DATA,9.3318,81.7088,40.3645,9.3318,81.7088,40.3645
2026-06-02 14:40:01.682,BASELINE,NEW_DATA,9.3366,81.7088,40.3645,9.3366,81.7088,40.3645
2026-06-02 14:40:01.702,BASELINE,NEW_DATA,9.3422,81.7088,40.3645,9.3422,81.7088,40.3645
2026-06-02 14:40:01.722,BASELINE,NEW_DATA,9.3432,81.7088,40.3645,9.3432,81.7088,40.3645
2026-06-02 14:40:01.743,BASELINE,NEW_DATA,9.3488,81.8858,40.6123,9.3488,81.8858,40.6123
2026-06-02 14:40:01.762,BASELINE,NEW_DATA,9.3547,81.8858,40.6123,9.3547,81.8858,40.6123
2026-06-02 14:40:01.782,BASELINE,NEW_DATA,9.3592,81.8858,40.6123,9.3592,81.8858,40.6123
2026-06-02 14:40:01.806,BASELINE,NEW_DATA,9.3599,81.8858,40.6123,9.3599,81.8858,40.6123
2026-06-02 14:40:01.823,BASELINE,NEW_DATA,9.3644,81.8858,40.6123,9.3644,81.8858,40.6123
2026-06-02 14:40:01.844,BASELINE,NEW_DATA,9.3679,81.8858,40.6123,9.3679,81.8858,40.6123
2026-06-02 14:40:01.864,BASELINE,NEW_DATA,9.3720,81.8858,40.6123,9.3720,81.8858,40.6123
2026-06-02 14:40:01.884,BASELINE,NEW_DATA,9.3755,81.8858,40.6123,9.3755,81.8858,40.6123
2026-06-02 14:40:01.904,BASELINE,NEW_DATA,9.3751,81.8858,40.6123,9.3751,81.8858,40.6123
2026-06-02 14:40:01.925,BASELINE,NEW_DATA,9.3776,81.8858,40.6123,9.3776,81.8858,40.6123
2026-06-02 14:40:01.945,BASELINE,NEW_DATA,9.3793,81.8858,40.6123,9.3793,81.8858,40.6123
2026-06-02 14:40:01.965,BASELINE,NEW_DATA,9.3814,81.8858,40.6123,9.3814,81.8858,40.6123
2026-06-02 14:40:01.985,BASELINE,NEW_DATA,9.3866,81.8858,40.6123,9.3866,81.8858,40.6123
2026-06-02 14:40:02.005,BASELINE,NEW_DATA,9.3869,81.8858,40.6123,9.3869,81.8858,40.6123
2026-06-02 14:40:02.026,BASELINE,NEW_DATA,9.3914,81.8858,40.6123,9.3914,81.8858,40.6123
2026-06-02 14:40:02.046,BASELINE,NEW_DATA,9.3956,81.8858,40.6123,9.3956,81.8858,40.6123
2026-06-02 14:40:02.067,BASELINE,NEW_DATA,9.3980,81.8858,40.6123,9.3980,81.8858,40.6123
2026-06-02 14:40:02.087,BASELINE,NEW_DATA,9.4046,81.8858,40.6123,9.4046,81.8858,40.6123
2026-06-02 14:40:02.107,BASELINE,NEW_DATA,9.4081,81.8858,40.6123,9.4081,81.8858,40.6123
2026-06-02 14:40:02.128,BASELINE,NEW_DATA,9.4050,81.8858,40.6123,9.4050,81.8858,40.6123
2026-06-02 14:40:02.148,BASELINE,NEW_DATA,9.4119,81.8858,40.6123,9.4119,81.8858,40.6123
2026-06-02 14:40:02.168,BASELINE,NEW_DATA,9.4178,81.8858,40.6123,9.4178,81.8858,40.6123
2026-06-02 14:40:02.189,BASELINE,NEW_DATA,9.4216,81.8858,40.6123,9.4216,81.8858,40.6123
2026-06-02 14:40:02.211,BASELINE,NEW_DATA,9.4233,81.8858,40.6123,9.4233,81.8858,40.6123
2026-06-02 14:40:02.231,BASELINE,NEW_DATA,9.4289,81.7593,40.3057,9.4289,81.7593,40.3057
2026-06-02 14:40:02.251,BASELINE,NEW_DATA,9.4275,81.7593,40.3057,9.4275,81.7593,40.3057
2026-06-02 14:40:02.272,BASELINE,NEW_DATA,9.4310,81.7593,40.3057,9.4310,81.7593,40.3057
2026-06-02 14:40:02.294,BASELINE,NEW_DATA,9.4327,81.7593,40.3057,9.4327,81.7593,40.3057
2026-06-02 14:40:02.316,BASELINE,NEW_DATA,9.4341,81.7593,40.3057,9.4341,81.7593,40.3057
2026-06-02 14:40:02.333,BASELINE,NEW_DATA,9.4438,81.7593,40.3057,9.4438,81.7593,40.3057
2026-06-02 14:40:02.353,BASELINE,NEW_DATA,9.4591,81.7593,40.3057,9.4591,81.7593,40.3057
2026-06-02 14:40:02.374,BASELINE,NEW_DATA,9.4455,81.7593,40.3057,9.4455,81.7593,40.3057
2026-06-02 14:40:02.394,BASELINE,NEW_DATA,9.4480,81.7593,40.3057,9.4480,81.7593,40.3057
2026-06-02 14:40:02.414,BASELINE,NEW_DATA,9.4497,81.7593,40.3057,9.4497,81.7593,40.3057
2026-06-02 14:40:02.435,BASELINE,NEW_DATA,9.4549,81.7593,40.3057,9.4549,81.7593,40.3057
2026-06-02 14:40:02.457,BASELINE,NEW_DATA,9.4552,81.7593,40.3057,9.4552,81.7593,40.3057
2026-06-02 14:40:02.477,BASELINE,NEW_DATA,9.4601,81.7593,40.3057,9.4601,81.7593,40.3057
2026-06-02 14:40:02.497,BASELINE,NEW_DATA,9.4618,81.7593,40.3057,9.4618,81.7593,40.3057
2026-06-02 14:40:02.518,BASELINE,NEW_DATA,9.4660,81.7593,40.3057,9.4660,81.7593,40.3057
2026-06-02 14:40:02.538,BASELINE,NEW_DATA,9.4695,81.7593,40.3057,9.4695,81.7593,40.3057
2026-06-02 14:40:02.559,BASELINE,NEW_DATA,9.4688,81.7593,40.3057,9.4688,81.7593,40.3057
2026-06-02 14:40:02.579,BASELINE,NEW_DATA,9.4761,81.7593,40.3057,9.4761,81.7593,40.3057
2026-06-02 14:40:02.600,BASELINE,NEW_DATA,9.4771,81.7593,40.3057,9.4771,81.7593,40.3057
2026-06-02 14:40:02.621,BASELINE,NEW_DATA,9.4757,81.7593,40.3057,9.4757,81.7593,40.3057
2026-06-02 14:40:02.643,BASELINE,NEW_DATA,9.4764,81.7593,40.3057,9.4764,81.7593,40.3057
2026-06-02 14:40:02.662,BASELINE,NEW_DATA,9.4785,81.7593,40.3057,9.4785,81.7593,40.3057
2026-06-02 14:40:02.682,BASELINE,NEW_DATA,9.4833,81.7593,40.3057,9.4833,81.7593,40.3057
2026-06-02 14:40:02.702,BASELINE,NEW_DATA,9.4806,81.7593,40.3057,9.4806,81.7593,40.3057
2026-06-02 14:40:02.723,BASELINE,NEW_DATA,9.4819,81.7593,40.3057,9.4819,81.7593,40.3057
2026-06-02 14:40:02.743,BASELINE,NEW_DATA,9.4826,81.7412,40.5119,9.4826,81.7412,40.5119
2026-06-02 14:40:02.763,BASELINE,NEW_DATA,9.4837,81.7412,40.5119,9.4837,81.7412,40.5119
2026-06-02 14:40:02.784,BASELINE,NEW_DATA,9.4896,81.7412,40.5119,9.4896,81.7412,40.5119
2026-06-02 14:40:02.805,BASELINE,NEW_DATA,9.4896,81.7412,40.5119,9.4896,81.7412,40.5119
2026-06-02 14:40:02.831,BASELINE,NEW_DATA,9.4917,81.7412,40.5119,9.4917,81.7412,40.5119
2026-06-02 14:40:02.846,BASELINE,NEW_DATA,9.4941,81.7412,40.5119,9.4941,81.7412,40.5119
2026-06-02 14:40:02.866,BASELINE,NEW_DATA,9.4944,81.7412,40.5119,9.4944,81.7412,40.5119
2026-06-02 14:40:02.886,BASELINE,NEW_DATA,9.4979,81.7412,40.5119,9.4979,81.7412,40.5119
2026-06-02 14:40:02.906,BASELINE,NEW_DATA,9.4996,81.7412,40.5119,9.4996,81.7412,40.5119
2026-06-02 14:40:02.927,BASELINE,NEW_DATA,9.4996,81.7412,40.5119,9.4996,81.7412,40.5119
2026-06-02 14:40:02.947,BASELINE,NEW_DATA,9.5035,81.7412,40.5119,9.5035,81.7412,40.5119
2026-06-02 14:40:02.968,BASELINE,NEW_DATA,9.5066,81.7412,40.5119,9.5066,81.7412,40.5119
2026-06-02 14:40:02.989,BASELINE,NEW_DATA,9.5073,81.7412,40.5119,9.5073,81.7412,40.5119
2026-06-02 14:40:03.010,BASELINE,NEW_DATA,9.5076,81.7412,40.5119,9.5076,81.7412,40.5119
2026-06-02 14:40:03.031,BASELINE,NEW_DATA,9.5076,81.7412,40.5119,9.5076,81.7412,40.5119
2026-06-02 14:40:03.051,BASELINE,NEW_DATA,9.5107,81.7412,40.5119,9.5107,81.7412,40.5119
2026-06-02 14:40:03.072,BASELINE,NEW_DATA,9.5156,81.7412,40.5119,9.5156,81.7412,40.5119
2026-06-02 14:40:03.093,BASELINE,NEW_DATA,9.5184,81.7412,40.5119,9.5184,81.7412,40.5119
2026-06-02 14:40:03.113,BASELINE,NEW_DATA,9.5333,81.7412,40.5119,9.5333,81.7412,40.5119
2026-06-02 14:40:03.134,BASELINE,NEW_DATA,9.5215,81.7412,40.5119,9.5215,81.7412,40.5119
2026-06-02 14:40:03.154,BASELINE,NEW_DATA,9.5218,81.7412,40.5119,9.5218,81.7412,40.5119
2026-06-02 14:40:03.174,BASELINE,NEW_DATA,9.5263,81.7412,40.5119,9.5263,81.7412,40.5119
2026-06-02 14:40:03.194,BASELINE,NEW_DATA,9.5270,81.7412,40.5119,9.5270,81.7412,40.5119
2026-06-02 14:40:03.216,BASELINE,NEW_DATA,9.5295,81.7412,40.5119,9.5295,81.7412,40.5119
2026-06-02 14:40:03.236,BASELINE,NEW_DATA,9.5308,81.7178,40.6898,9.5308,81.7178,40.6898
2026-06-02 14:40:03.256,BASELINE,NEW_DATA,9.5322,81.7178,40.6898,9.5322,81.7178,40.6898
2026-06-02 14:40:03.277,BASELINE,NEW_DATA,9.5340,81.7178,40.6898,9.5340,81.7178,40.6898
2026-06-02 14:40:03.297,BASELINE,NEW_DATA,9.5399,81.7178,40.6898,9.5399,81.7178,40.6898
2026-06-02 14:40:03.318,BASELINE,NEW_DATA,9.5416,81.7178,40.6898,9.5416,81.7178,40.6898
2026-06-02 14:40:03.345,BASELINE,NEW_DATA,9.5433,81.7178,40.6898,9.5433,81.7178,40.6898
2026-06-02 14:40:03.361,BASELINE,NEW_DATA,9.5461,81.7178,40.6898,9.5461,81.7178,40.6898
2026-06-02 14:40:03.383,BASELINE,NEW_DATA,9.5489,81.7178,40.6898,9.5489,81.7178,40.6898
2026-06-02 14:40:03.403,BASELINE,NEW_DATA,9.5451,81.7178,40.6898,9.5451,81.7178,40.6898
2026-06-02 14:40:03.423,BASELINE,NEW_DATA,9.5437,81.7178,40.6898,9.5437,81.7178,40.6898
2026-06-02 14:40:03.443,BASELINE,NEW_DATA,9.5458,81.7178,40.6898,9.5458,81.7178,40.6898
2026-06-02 14:40:03.463,BASELINE,NEW_DATA,9.5489,81.7178,40.6898,9.5489,81.7178,40.6898
2026-06-02 14:40:03.484,BASELINE,NEW_DATA,9.5510,81.7178,40.6898,9.5510,81.7178,40.6898
2026-06-02 14:40:03.504,BASELINE,NEW_DATA,9.5544,81.7178,40.6898,9.5544,81.7178,40.6898
2026-06-02 14:40:03.526,BASELINE,NEW_DATA,9.5600,81.7178,40.6898,9.5600,81.7178,40.6898
2026-06-02 14:40:03.546,BASELINE,NEW_DATA,9.5603,81.7178,40.6898,9.5603,81.7178,40.6898
2026-06-02 14:40:03.566,BASELINE,NEW_DATA,9.5576,81.7178,40.6898,9.5576,81.7178,40.6898
2026-06-02 14:40:03.586,BASELINE,NEW_DATA,9.5617,81.7178,40.6898,9.5617,81.7178,40.6898
2026-06-02 14:40:03.606,BASELINE,NEW_DATA,9.5645,81.7178,40.6898,9.5645,81.7178,40.6898
2026-06-02 14:40:03.626,BASELINE,NEW_DATA,9.5624,81.7178,40.6898,9.5624,81.7178,40.6898
2026-06-02 14:40:03.646,BASELINE,NEW_DATA,9.5659,81.7178,40.6898,9.5659,81.7178,40.6898
2026-06-02 14:40:03.667,BASELINE,NEW_DATA,9.5634,81.7178,40.6898,9.5634,81.7178,40.6898
2026-06-02 14:40:03.687,BASELINE,NEW_DATA,9.5690,81.7178,40.6898,9.5690,81.7178,40.6898
2026-06-02 14:40:03.707,BASELINE,NEW_DATA,9.5718,81.7178,40.6898,9.5718,81.7178,40.6898
2026-06-02 14:40:03.728,BASELINE,NEW_DATA,9.5714,81.6358,40.8879,9.5714,81.6358,40.8879
2026-06-02 14:40:03.748,BASELINE,NEW_DATA,9.5749,81.6358,40.8879,9.5749,81.6358,40.8879
2026-06-02 14:40:03.768,BASELINE,NEW_DATA,9.5728,81.6358,40.8879,9.5728,81.6358,40.8879
2026-06-02 14:40:03.788,BASELINE,NEW_DATA,9.5759,81.6358,40.8879,9.5759,81.6358,40.8879
2026-06-02 14:40:03.808,BASELINE,NEW_DATA,9.5756,81.6358,40.8879,9.5756,81.6358,40.8879
2026-06-02 14:40:03.829,BASELINE,NEW_DATA,9.5707,81.6358,40.8879,9.5707,81.6358,40.8879
2026-06-02 14:40:03.853,BASELINE,NEW_DATA,9.5818,81.6358,40.8879,9.5818,81.6358,40.8879
2026-06-02 14:40:03.871,BASELINE,NEW_DATA,9.5905,81.6358,40.8879,9.5905,81.6358,40.8879
2026-06-02 14:40:03.892,BASELINE,NEW_DATA,9.5787,81.6358,40.8879,9.5787,81.6358,40.8879
2026-06-02 14:40:03.912,BASELINE,NEW_DATA,9.5794,81.6358,40.8879,9.5794,81.6358,40.8879
2026-06-02 14:40:03.934,BASELINE,NEW_DATA,9.5784,81.6358,40.8879,9.5784,81.6358,40.8879
2026-06-02 14:40:03.955,BASELINE,NEW_DATA,9.5797,81.6358,40.8879,9.5797,81.6358,40.8879
2026-06-02 14:40:03.976,BASELINE,NEW_DATA,9.5856,81.6358,40.8879,9.5856,81.6358,40.8879
2026-06-02 14:40:03.996,BASELINE,NEW_DATA,9.5811,81.6358,40.8879,9.5811,81.6358,40.8879
2026-06-02 14:40:04.017,BASELINE,NEW_DATA,9.5839,81.6358,40.8879,9.5839,81.6358,40.8879
2026-06-02 14:40:04.037,BASELINE,NEW_DATA,9.5856,81.6358,40.8879,9.5856,81.6358,40.8879
2026-06-02 14:40:04.058,BASELINE,NEW_DATA,9.5898,81.6358,40.8879,9.5898,81.6358,40.8879
2026-06-02 14:40:04.079,BASELINE,NEW_DATA,9.5895,81.6358,40.8879,9.5895,81.6358,40.8879
2026-06-02 14:40:04.099,BASELINE,NEW_DATA,9.5905,81.6358,40.8879,9.5905,81.6358,40.8879
2026-06-02 14:40:04.119,BASELINE,NEW_DATA,9.5901,81.6358,40.8879,9.5901,81.6358,40.8879
2026-06-02 14:40:04.140,BASELINE,NEW_DATA,9.5898,81.6358,40.8879,9.5898,81.6358,40.8879
2026-06-02 14:40:04.161,BASELINE,NEW_DATA,9.5891,81.6358,40.8879,9.5891,81.6358,40.8879
2026-06-02 14:40:04.182,BASELINE,NEW_DATA,9.5905,81.6358,40.8879,9.5905,81.6358,40.8879
2026-06-02 14:40:04.202,BASELINE,NEW_DATA,9.5839,81.6358,40.8879,9.5839,81.6358,40.8879
2026-06-02 14:40:04.223,BASELINE,NEW_DATA,9.5891,81.6358,40.8879,9.5891,81.6358,40.8879
2026-06-02 14:40:04.243,BASELINE,NEW_DATA,9.5895,81.7265,40.6800,9.5895,81.7265,40.6800
2026-06-02 14:40:04.264,BASELINE,NEW_DATA,9.5877,81.7265,40.6800,9.5877,81.7265,40.6800
2026-06-02 14:40:04.284,BASELINE,NEW_DATA,9.5884,81.7265,40.6800,9.5884,81.7265,40.6800
2026-06-02 14:40:04.304,BASELINE,NEW_DATA,9.5901,81.7265,40.6800,9.5901,81.7265,40.6800
2026-06-02 14:40:04.325,BASELINE,NEW_DATA,9.5895,81.7265,40.6800,9.5895,81.7265,40.6800
2026-06-02 14:40:04.345,BASELINE,NEW_DATA,9.5898,81.7265,40.6800,9.5898,81.7265,40.6800
2026-06-02 14:40:04.369,BASELINE,NEW_DATA,9.5940,81.7265,40.6800,9.5940,81.7265,40.6800
2026-06-02 14:40:04.387,BASELINE,NEW_DATA,9.5901,81.7265,40.6800,9.5901,81.7265,40.6800
2026-06-02 14:40:04.407,BASELINE,NEW_DATA,9.5891,81.7265,40.6800,9.5891,81.7265,40.6800
2026-06-02 14:40:04.428,BASELINE,NEW_DATA,9.5905,81.7265,40.6800,9.5905,81.7265,40.6800
2026-06-02 14:40:04.448,BASELINE,NEW_DATA,9.5905,81.7265,40.6800,9.5905,81.7265,40.6800
2026-06-02 14:40:04.469,BASELINE,NEW_DATA,9.5905,81.7265,40.6800,9.5905,81.7265,40.6800
2026-06-02 14:40:04.490,BASELINE,NEW_DATA,9.5943,81.7265,40.6800,9.5943,81.7265,40.6800
2026-06-02 14:40:04.511,BASELINE,NEW_DATA,9.5905,81.7265,40.6800,9.5905,81.7265,40.6800
2026-06-02 14:40:04.531,BASELINE,NEW_DATA,9.5901,81.7265,40.6800,9.5901,81.7265,40.6800
2026-06-02 14:40:04.552,BASELINE,NEW_DATA,9.5943,81.7265,40.6800,9.5943,81.7265,40.6800
2026-06-02 14:40:04.573,BASELINE,NEW_DATA,9.5905,81.7265,40.6800,9.5905,81.7265,40.6800
2026-06-02 14:40:04.594,BASELINE,NEW_DATA,9.5929,81.7265,40.6800,9.5929,81.7265,40.6800
2026-06-02 14:40:04.614,BASELINE,NEW_DATA,9.6141,81.7265,40.6800,9.6141,81.7265,40.6800
2026-06-02 14:40:04.634,BASELINE,NEW_DATA,9.5957,81.7265,40.6800,9.5957,81.7265,40.6800
2026-06-02 14:40:04.654,BASELINE,NEW_DATA,9.5905,81.7265,40.6800,9.5905,81.7265,40.6800
2026-06-02 14:40:04.675,BASELINE,NEW_DATA,9.5895,81.7265,40.6800,9.5895,81.7265,40.6800
2026-06-02 14:40:04.696,BASELINE,NEW_DATA,9.5905,81.7265,40.6800,9.5905,81.7265,40.6800
2026-06-02 14:40:04.716,BASELINE,NEW_DATA,9.5936,81.7265,40.6800,9.5936,81.7265,40.6800
2026-06-02 14:40:04.737,BASELINE,NEW_DATA,9.5960,81.6939,40.5448,9.5960,81.6939,40.5448
2026-06-02 14:40:04.758,BASELINE,NEW_DATA,9.5950,81.6939,40.5448,9.5950,81.6939,40.5448
2026-06-02 14:40:04.779,BASELINE,NEW_DATA,9.5954,81.6939,40.5448,9.5954,81.6939,40.5448
2026-06-02 14:40:04.800,BASELINE,NEW_DATA,9.5967,81.6939,40.5448,9.5967,81.6939,40.5448
2026-06-02 14:40:04.821,BASELINE,NEW_DATA,9.5978,81.6939,40.5448,9.5978,81.6939,40.5448
2026-06-02 14:40:04.843,BASELINE,NEW_DATA,9.5995,81.6939,40.5448,9.5995,81.6939,40.5448
2026-06-02 14:40:04.864,BASELINE,NEW_DATA,9.6019,81.6939,40.5448,9.6019,81.6939,40.5448
2026-06-02 14:40:04.887,BASELINE,NEW_DATA,9.5981,81.6939,40.5448,9.5981,81.6939,40.5448
2026-06-02 14:40:04.904,BASELINE,NEW_DATA,9.5992,81.6939,40.5448,9.5992,81.6939,40.5448
2026-06-02 14:40:04.925,BASELINE,NEW_DATA,9.6002,81.6939,40.5448,9.6002,81.6939,40.5448
2026-06-02 14:40:04.945,BASELINE,NEW_DATA,9.5971,81.6939,40.5448,9.5971,81.6939,40.5448
2026-06-02 14:40:04.965,BASELINE,NEW_DATA,9.6030,81.6939,40.5448,9.6030,81.6939,40.5448
2026-06-02 14:40:04.986,BASELINE,NEW_DATA,9.5974,81.6939,40.5448,9.5974,81.6939,40.5448
2026-06-02 14:40:05.008,BASELINE,NEW_DATA,9.5978,81.6939,40.5448,9.5978,81.6939,40.5448
2026-06-02 14:40:05.028,BASELINE,NEW_DATA,9.5967,81.6939,40.5448,9.5967,81.6939,40.5448
2026-06-02 14:40:05.049,BASELINE,NEW_DATA,9.5981,81.6939,40.5448,9.5981,81.6939,40.5448
2026-06-02 14:40:05.070,BASELINE,NEW_DATA,9.6006,81.6939,40.5448,9.6006,81.6939,40.5448
2026-06-02 14:40:05.091,BASELINE,NEW_DATA,9.5988,81.6939,40.5448,9.5988,81.6939,40.5448
2026-06-02 14:40:05.110,BASELINE,NEW_DATA,9.5981,81.6939,40.5448,9.5981,81.6939,40.5448
2026-06-02 14:40:05.130,BASELINE,NEW_DATA,9.5967,81.6939,40.5448,9.5967,81.6939,40.5448
2026-06-02 14:40:05.150,BASELINE,NEW_DATA,9.5978,81.6939,40.5448,9.5978,81.6939,40.5448
2026-06-02 14:40:05.171,BASELINE,NEW_DATA,9.5971,81.6939,40.5448,9.5971,81.6939,40.5448
2026-06-02 14:40:05.192,BASELINE,NEW_DATA,9.5985,81.6939,40.5448,9.5985,81.6939,40.5448
2026-06-02 14:40:05.212,BASELINE,NEW_DATA,9.6002,81.6939,40.5448,9.6002,81.6939,40.5448
2026-06-02 14:40:05.233,BASELINE,NEW_DATA,9.6016,81.5822,40.4366,9.6016,81.5822,40.4366
2026-06-02 14:40:05.253,BASELINE,NEW_DATA,9.6023,81.5822,40.4366,9.6023,81.5822,40.4366
2026-06-02 14:40:05.274,BASELINE,NEW_DATA,9.6016,81.5822,40.4366,9.6016,81.5822,40.4366
2026-06-02 14:40:05.293,BASELINE,NEW_DATA,9.6033,81.5822,40.4366,9.6033,81.5822,40.4366
2026-06-02 14:40:05.314,BASELINE,NEW_DATA,9.6037,81.5822,40.4366,9.6037,81.5822,40.4366
2026-06-02 14:40:05.335,BASELINE,NEW_DATA,9.6006,81.5822,40.4366,9.6006,81.5822,40.4366
2026-06-02 14:40:05.355,BASELINE,NEW_DATA,9.6040,81.5822,40.4366,9.6040,81.5822,40.4366
2026-06-02 14:40:05.377,BASELINE,NEW_DATA,9.6217,81.5822,40.4366,9.6217,81.5822,40.4366
2026-06-02 14:40:05.401,BASELINE,NEW_DATA,9.6061,81.5822,40.4366,9.6061,81.5822,40.4366
2026-06-02 14:40:05.417,BASELINE,NEW_DATA,9.6023,81.5822,40.4366,9.6023,81.5822,40.4366
2026-06-02 14:40:05.438,BASELINE,NEW_DATA,9.6047,81.5822,40.4366,9.6047,81.5822,40.4366
2026-06-02 14:40:05.460,BASELINE,NEW_DATA,9.6026,81.5822,40.4366,9.6026,81.5822,40.4366
2026-06-02 14:40:05.480,BASELINE,NEW_DATA,9.6033,81.5822,40.4366,9.6033,81.5822,40.4366
2026-06-02 14:40:05.500,BASELINE,NEW_DATA,9.6026,81.5822,40.4366,9.6026,81.5822,40.4366
2026-06-02 14:40:05.521,BASELINE,NEW_DATA,9.6051,81.5822,40.4366,9.6051,81.5822,40.4366
2026-06-02 14:40:05.542,BASELINE,NEW_DATA,9.6071,81.5822,40.4366,9.6071,81.5822,40.4366
2026-06-02 14:40:05.562,BASELINE,NEW_DATA,9.6071,81.5822,40.4366,9.6071,81.5822,40.4366
2026-06-02 14:40:05.582,BASELINE,NEW_DATA,9.6089,81.5822,40.4366,9.6089,81.5822,40.4366
2026-06-02 14:40:05.602,BASELINE,NEW_DATA,9.6092,81.5822,40.4366,9.6092,81.5822,40.4366
2026-06-02 14:40:05.622,BASELINE,NEW_DATA,9.6141,81.5822,40.4366,9.6141,81.5822,40.4366
2026-06-02 14:40:05.642,BASELINE,NEW_DATA,9.6085,81.5822,40.4366,9.6085,81.5822,40.4366
2026-06-02 14:40:05.662,BASELINE,NEW_DATA,9.6106,81.5822,40.4366,9.6106,81.5822,40.4366
2026-06-02 14:40:05.682,BASELINE,NEW_DATA,9.6103,81.5822,40.4366,9.6103,81.5822,40.4366
2026-06-02 14:40:05.702,BASELINE,NEW_DATA,9.6061,81.5822,40.4366,9.6061,81.5822,40.4366
2026-06-02 14:40:05.723,BASELINE,NEW_DATA,9.6061,81.5822,40.4366,9.6061,81.5822,40.4366
2026-06-02 14:40:05.743,BASELINE,NEW_DATA,9.6099,81.6592,41.1603,9.6099,81.6592,41.1603
2026-06-02 14:40:05.763,BASELINE,NEW_DATA,9.6082,81.6592,41.1603,9.6082,81.6592,41.1603
2026-06-02 14:40:05.784,BASELINE,NEW_DATA,9.6061,81.6592,41.1603,9.6061,81.6592,41.1603
2026-06-02 14:40:05.805,BASELINE,NEW_DATA,9.6075,81.6592,41.1603,9.6075,81.6592,41.1603
2026-06-02 14:40:05.825,BASELINE,NEW_DATA,9.6085,81.6592,41.1603,9.6085,81.6592,41.1603
2026-06-02 14:40:05.846,BASELINE,NEW_DATA,9.6123,81.6592,41.1603,9.6123,81.6592,41.1603
2026-06-02 14:40:05.866,BASELINE,NEW_DATA,9.6092,81.6592,41.1603,9.6092,81.6592,41.1603
2026-06-02 14:40:05.886,BASELINE,NEW_DATA,9.6099,81.6592,41.1603,9.6099,81.6592,41.1603
2026-06-02 14:40:05.912,BASELINE,NEW_DATA,9.6064,81.6592,41.1603,9.6064,81.6592,41.1603
2026-06-02 14:40:05.927,BASELINE,NEW_DATA,9.6082,81.6592,41.1603,9.6082,81.6592,41.1603
2026-06-02 14:40:05.947,BASELINE,NEW_DATA,9.6110,81.6592,41.1603,9.6110,81.6592,41.1603
2026-06-02 14:40:05.968,BASELINE,NEW_DATA,9.6061,81.6592,41.1603,9.6061,81.6592,41.1603
2026-06-02 14:40:05.989,BASELINE,NEW_DATA,9.6096,81.6592,41.1603,9.6096,81.6592,41.1603
2026-06-02 14:40:06.010,BASELINE,NEW_DATA,9.6075,81.6592,41.1603,9.6075,81.6592,41.1603
2026-06-02 14:40:06.030,BASELINE,NEW_DATA,9.6106,81.6592,41.1603,9.6106,81.6592,41.1603
2026-06-02 14:40:06.050,BASELINE,NEW_DATA,9.6113,81.6592,41.1603,9.6113,81.6592,41.1603
2026-06-02 14:40:06.070,BASELINE,NEW_DATA,9.6054,81.6592,41.1603,9.6054,81.6592,41.1603
2026-06-02 14:40:06.092,BASELINE,NEW_DATA,9.6085,81.6592,41.1603,9.6085,81.6592,41.1603
2026-06-02 14:40:06.111,BASELINE,NEW_DATA,9.6089,81.6592,41.1603,9.6089,81.6592,41.1603
2026-06-02 14:40:06.132,BASELINE,NEW_DATA,9.6047,81.6592,41.1603,9.6047,81.6592,41.1603
2026-06-02 14:40:06.152,BASELINE,NEW_DATA,9.6234,81.6592,41.1603,9.6234,81.6592,41.1603
2026-06-02 14:40:06.172,BASELINE,NEW_DATA,9.6127,81.6592,41.1603,9.6127,81.6592,41.1603
2026-06-02 14:40:06.194,BASELINE,NEW_DATA,9.6075,81.6592,41.1603,9.6075,81.6592,41.1603
2026-06-02 14:40:06.214,BASELINE,NEW_DATA,9.6082,81.6592,41.1603,9.6082,81.6592,41.1603
2026-06-02 14:40:06.235,BASELINE,NEW_DATA,9.6092,82.0570,41.4260,9.6092,82.0570,41.4260
2026-06-02 14:40:06.255,BASELINE,NEW_DATA,9.6099,82.0570,41.4260,9.6099,82.0570,41.4260
2026-06-02 14:40:06.276,BASELINE,NEW_DATA,9.6085,82.0570,41.4260,9.6085,82.0570,41.4260
2026-06-02 14:40:06.297,BASELINE,NEW_DATA,9.6061,82.0570,41.4260,9.6061,82.0570,41.4260
2026-06-02 14:40:06.317,BASELINE,NEW_DATA,9.6099,82.0570,41.4260,9.6099,82.0570,41.4260
2026-06-02 14:40:06.338,BASELINE,NEW_DATA,9.6089,82.0570,41.4260,9.6089,82.0570,41.4260
2026-06-02 14:40:06.359,BASELINE,NEW_DATA,9.6089,82.0570,41.4260,9.6089,82.0570,41.4260
2026-06-02 14:40:06.380,BASELINE,NEW_DATA,9.6075,82.0570,41.4260,9.6075,82.0570,41.4260
2026-06-02 14:40:06.400,BASELINE,NEW_DATA,9.6123,82.0570,41.4260,9.6123,82.0570,41.4260
2026-06-02 14:40:06.425,BASELINE,NEW_DATA,9.6144,82.0570,41.4260,9.6144,82.0570,41.4260
2026-06-02 14:40:06.442,BASELINE,NEW_DATA,9.6089,82.0570,41.4260,9.6089,82.0570,41.4260
2026-06-02 14:40:06.462,BASELINE,NEW_DATA,9.6075,82.0570,41.4260,9.6075,82.0570,41.4260
2026-06-02 14:40:06.482,BASELINE,NEW_DATA,9.6078,82.0570,41.4260,9.6078,82.0570,41.4260
2026-06-02 14:40:06.502,BASELINE,NEW_DATA,9.6103,82.0570,41.4260,9.6103,82.0570,41.4260
2026-06-02 14:40:06.523,BASELINE,NEW_DATA,9.6037,82.0570,41.4260,9.6037,82.0570,41.4260
2026-06-02 14:40:06.543,BASELINE,NEW_DATA,9.6033,82.0570,41.4260,9.6033,82.0570,41.4260
2026-06-02 14:40:06.564,BASELINE,NEW_DATA,9.6078,82.0570,41.4260,9.6078,82.0570,41.4260
2026-06-02 14:40:06.584,BASELINE,NEW_DATA,9.6103,82.0570,41.4260,9.6103,82.0570,41.4260
2026-06-02 14:40:06.604,BASELINE,NEW_DATA,9.6058,82.0570,41.4260,9.6058,82.0570,41.4260
2026-06-02 14:40:06.624,BASELINE,NEW_DATA,9.6089,82.0570,41.4260,9.6089,82.0570,41.4260
2026-06-02 14:40:06.645,BASELINE,NEW_DATA,9.6068,82.0570,41.4260,9.6068,82.0570,41.4260
2026-06-02 14:40:06.666,BASELINE,NEW_DATA,9.6116,82.0570,41.4260,9.6116,82.0570,41.4260
2026-06-02 14:40:06.686,BASELINE,NEW_DATA,9.6130,82.0570,41.4260,9.6130,82.0570,41.4260
2026-06-02 14:40:06.706,BASELINE,NEW_DATA,9.6089,82.0570,41.4260,9.6089,82.0570,41.4260
2026-06-02 14:40:06.727,BASELINE,NEW_DATA,9.6175,82.0383,41.6605,9.6175,82.0383,41.6605
2026-06-02 14:40:06.747,BASELINE,NEW_DATA,9.6130,82.0383,41.6605,9.6130,82.0383,41.6605
2026-06-02 14:40:06.768,BASELINE,NEW_DATA,9.6103,82.0383,41.6605,9.6103,82.0383,41.6605
2026-06-02 14:40:06.788,BASELINE,NEW_DATA,9.6158,82.0383,41.6605,9.6158,82.0383,41.6605
2026-06-02 14:40:06.808,BASELINE,NEW_DATA,9.6092,82.0383,41.6605,9.6092,82.0383,41.6605
2026-06-02 14:40:06.829,BASELINE,NEW_DATA,9.6064,82.0383,41.6605,9.6064,82.0383,41.6605
2026-06-02 14:40:06.849,BASELINE,NEW_DATA,9.6092,82.0383,41.6605,9.6092,82.0383,41.6605
2026-06-02 14:40:06.870,BASELINE,NEW_DATA,9.6051,82.0383,41.6605,9.6051,82.0383,41.6605
2026-06-02 14:40:06.891,BASELINE,NEW_DATA,9.6071,82.0383,41.6605,9.6071,82.0383,41.6605
2026-06-02 14:40:06.912,BASELINE,NEW_DATA,9.6172,82.0383,41.6605,9.6172,82.0383,41.6605
2026-06-02 14:40:06.936,BASELINE,NEW_DATA,9.6047,82.0383,41.6605,9.6047,82.0383,41.6605
2026-06-02 14:40:06.952,BASELINE,NEW_DATA,9.6113,82.0383,41.6605,9.6113,82.0383,41.6605
2026-06-02 14:40:06.972,BASELINE,NEW_DATA,9.6071,82.0383,41.6605,9.6071,82.0383,41.6605
2026-06-02 14:40:06.993,BASELINE,NEW_DATA,9.6037,82.0383,41.6605,9.6037,82.0383,41.6605
2026-06-02 14:40:07.014,BASELINE,NEW_DATA,9.6033,82.0383,41.6605,9.6033,82.0383,41.6605
2026-06-02 14:40:07.034,BASELINE,NEW_DATA,9.6158,82.0383,41.6605,9.6158,82.0383,41.6605
2026-06-02 14:40:07.054,BASELINE,NEW_DATA,9.6075,82.0383,41.6605,9.6075,82.0383,41.6605
2026-06-02 14:40:07.076,BASELINE,NEW_DATA,9.6089,82.0383,41.6605,9.6089,82.0383,41.6605
2026-06-02 14:40:07.096,BASELINE,NEW_DATA,9.6165,82.0383,41.6605,9.6165,82.0383,41.6605
2026-06-02 14:40:07.117,BASELINE,NEW_DATA,9.6193,82.0383,41.6605,9.6193,82.0383,41.6605
2026-06-02 14:40:07.137,BASELINE,NEW_DATA,9.6207,82.0383,41.6605,9.6207,82.0383,41.6605
2026-06-02 14:40:07.159,BASELINE,NEW_DATA,9.6234,82.0383,41.6605,9.6234,82.0383,41.6605
2026-06-02 14:40:07.178,BASELINE,NEW_DATA,9.6241,82.0383,41.6605,9.6241,82.0383,41.6605
2026-06-02 14:40:07.199,BASELINE,NEW_DATA,9.6221,82.0383,41.6605,9.6221,82.0383,41.6605
2026-06-02 14:40:07.220,BASELINE,NEW_DATA,9.6259,82.0383,41.6605,9.6259,82.0383,41.6605
2026-06-02 14:40:07.241,BASELINE,NEW_DATA,9.6300,82.4165,41.3927,9.6300,82.4165,41.3927
2026-06-02 14:40:07.260,BASELINE,NEW_DATA,9.6207,82.4165,41.3927,9.6207,82.4165,41.3927
2026-06-02 14:40:07.281,BASELINE,NEW_DATA,9.6224,82.4165,41.3927,9.6224,82.4165,41.3927
2026-06-02 14:40:07.302,BASELINE,NEW_DATA,9.6311,82.4165,41.3927,9.6311,82.4165,41.3927
2026-06-02 14:40:07.323,BASELINE,NEW_DATA,9.6300,82.4165,41.3927,9.6300,82.4165,41.3927
2026-06-02 14:40:07.343,BASELINE,NEW_DATA,9.6345,82.4165,41.3927,9.6345,82.4165,41.3927
2026-06-02 14:40:07.364,BASELINE,NEW_DATA,9.6293,82.4165,41.3927,9.6293,82.4165,41.3927
2026-06-02 14:40:07.385,BASELINE,NEW_DATA,9.6300,82.4165,41.3927,9.6300,82.4165,41.3927
2026-06-02 14:40:07.407,BASELINE,NEW_DATA,9.6394,82.4165,41.3927,9.6394,82.4165,41.3927
2026-06-02 14:40:07.427,BASELINE,NEW_DATA,9.6384,82.4165,41.3927,9.6384,82.4165,41.3927
2026-06-02 14:40:07.452,BASELINE,NEW_DATA,9.6352,82.4165,41.3927,9.6352,82.4165,41.3927
2026-06-02 14:40:07.469,BASELINE,NEW_DATA,9.6373,82.4165,41.3927,9.6373,82.4165,41.3927
2026-06-02 14:40:07.489,BASELINE,NEW_DATA,9.6404,82.4165,41.3927,9.6404,82.4165,41.3927
2026-06-02 14:40:07.509,BASELINE,NEW_DATA,9.6477,82.4165,41.3927,9.6477,82.4165,41.3927
2026-06-02 14:40:07.530,BASELINE,NEW_DATA,9.6397,82.4165,41.3927,9.6397,82.4165,41.3927
2026-06-02 14:40:07.550,BASELINE,NEW_DATA,9.6449,82.4165,41.3927,9.6449,82.4165,41.3927
2026-06-02 14:40:07.570,BASELINE,NEW_DATA,9.6484,82.4165,41.3927,9.6484,82.4165,41.3927
2026-06-02 14:40:07.591,BASELINE,NEW_DATA,9.6495,82.4165,41.3927,9.6495,82.4165,41.3927
2026-06-02 14:40:07.612,BASELINE,NEW_DATA,9.6560,82.4165,41.3927,9.6560,82.4165,41.3927
2026-06-02 14:40:07.632,BASELINE,NEW_DATA,9.6713,82.4165,41.3927,9.6713,82.4165,41.3927
2026-06-02 14:40:07.652,BASELINE,NEW_DATA,9.6536,82.4165,41.3927,9.6536,82.4165,41.3927
2026-06-02 14:40:07.672,BASELINE,NEW_DATA,9.6553,82.4165,41.3927,9.6553,82.4165,41.3927
2026-06-02 14:40:07.692,BASELINE,NEW_DATA,9.6550,82.4165,41.3927,9.6550,82.4165,41.3927
2026-06-02 14:40:07.712,BASELINE,NEW_DATA,9.6609,82.4165,41.3927,9.6609,82.4165,41.3927
2026-06-02 14:40:07.732,BASELINE,NEW_DATA,9.6616,82.4165,41.5919,9.6616,82.4165,41.5919
2026-06-02 14:40:07.752,BASELINE,NEW_DATA,9.6633,82.4165,41.5919,9.6633,82.4165,41.5919
2026-06-02 14:40:07.774,BASELINE,NEW_DATA,9.6571,82.4165,41.5919,9.6571,82.4165,41.5919
2026-06-02 14:40:07.794,BASELINE,NEW_DATA,9.6685,82.4165,41.5919,9.6685,82.4165,41.5919
2026-06-02 14:40:07.815,BASELINE,NEW_DATA,9.6692,82.4165,41.5919,9.6692,82.4165,41.5919
2026-06-02 14:40:07.836,BASELINE,NEW_DATA,9.6699,82.4165,41.5919,9.6699,82.4165,41.5919
2026-06-02 14:40:07.856,BASELINE,NEW_DATA,9.6748,82.4165,41.5919,9.6748,82.4165,41.5919
2026-06-02 14:40:07.878,BASELINE,NEW_DATA,9.6755,82.4165,41.5919,9.6755,82.4165,41.5919
2026-06-02 14:40:07.898,BASELINE,NEW_DATA,9.6734,82.4165,41.5919,9.6734,82.4165,41.5919
2026-06-02 14:40:07.918,BASELINE,NEW_DATA,9.6748,82.4165,41.5919,9.6748,82.4165,41.5919
2026-06-02 14:40:07.939,BASELINE,NEW_DATA,9.6758,82.4165,41.5919,9.6758,82.4165,41.5919
2026-06-02 14:40:07.963,BASELINE,NEW_DATA,9.6793,82.4165,41.5919,9.6793,82.4165,41.5919
2026-06-02 14:40:07.981,BASELINE,NEW_DATA,9.6793,82.4165,41.5919,9.6793,82.4165,41.5919
2026-06-02 14:40:08.001,BASELINE,NEW_DATA,9.6838,82.4165,41.5919,9.6838,82.4165,41.5919
2026-06-02 14:40:08.023,BASELINE,NEW_DATA,9.6775,82.4165,41.5919,9.6775,82.4165,41.5919
2026-06-02 14:40:08.043,BASELINE,NEW_DATA,9.6838,82.4165,41.5919,9.6838,82.4165,41.5919
2026-06-02 14:40:08.063,BASELINE,NEW_DATA,9.6834,82.4165,41.5919,9.6834,82.4165,41.5919
2026-06-02 14:40:08.083,BASELINE,NEW_DATA,9.6838,82.4165,41.5919,9.6838,82.4165,41.5919
2026-06-02 14:40:08.103,BASELINE,NEW_DATA,9.6873,82.4165,41.5919,9.6873,82.4165,41.5919
2026-06-02 14:40:08.125,BASELINE,NEW_DATA,9.6838,82.4165,41.5919,9.6838,82.4165,41.5919
2026-06-02 14:40:08.145,BASELINE,NEW_DATA,9.6893,82.4165,41.5919,9.6893,82.4165,41.5919
2026-06-02 14:40:08.165,BASELINE,NEW_DATA,9.6869,82.4165,41.5919,9.6869,82.4165,41.5919
2026-06-02 14:40:08.185,BASELINE,NEW_DATA,9.6925,82.4165,41.5919,9.6925,82.4165,41.5919
2026-06-02 14:40:08.207,BASELINE,NEW_DATA,9.6921,82.4165,41.5919,9.6921,82.4165,41.5919
2026-06-02 14:40:08.227,BASELINE,NEW_DATA,9.6977,82.0971,42.0874,9.6977,82.0971,42.0874
2026-06-02 14:40:08.247,BASELINE,NEW_DATA,9.6914,82.0971,42.0874,9.6914,82.0971,42.0874
2026-06-02 14:40:08.268,BASELINE,NEW_DATA,9.6938,82.0971,42.0874,9.6938,82.0971,42.0874
2026-06-02 14:40:08.290,BASELINE,NEW_DATA,9.7008,82.0971,42.0874,9.7008,82.0971,42.0874
2026-06-02 14:40:08.309,BASELINE,NEW_DATA,9.6963,82.0971,42.0874,9.6963,82.0971,42.0874
2026-06-02 14:40:08.329,BASELINE,NEW_DATA,9.6977,82.0971,42.0874,9.6977,82.0971,42.0874
2026-06-02 14:40:08.349,BASELINE,NEW_DATA,9.7056,82.0971,42.0874,9.7056,82.0971,42.0874
2026-06-02 14:40:08.370,BASELINE,NEW_DATA,9.7296,82.0971,42.0874,9.7296,82.0971,42.0874
2026-06-02 14:40:08.391,BASELINE,NEW_DATA,9.7074,82.0971,42.0874,9.7074,82.0971,42.0874
2026-06-02 14:40:08.412,BASELINE,NEW_DATA,9.7077,82.0971,42.0874,9.7077,82.0971,42.0874
2026-06-02 14:40:08.432,BASELINE,NEW_DATA,9.7108,82.0971,42.0874,9.7108,82.0971,42.0874
2026-06-02 14:40:08.452,BASELINE,NEW_DATA,9.7136,82.0971,42.0874,9.7136,82.0971,42.0874
2026-06-02 14:40:08.480,BASELINE,NEW_DATA,9.7105,82.0971,42.0874,9.7105,82.0971,42.0874
2026-06-02 14:40:08.495,BASELINE,NEW_DATA,9.7185,82.0971,42.0874,9.7185,82.0971,42.0874
2026-06-02 14:40:08.515,BASELINE,NEW_DATA,9.7264,82.0971,42.0874,9.7264,82.0971,42.0874
2026-06-02 14:40:08.536,BASELINE,NEW_DATA,9.7254,82.0971,42.0874,9.7254,82.0971,42.0874
2026-06-02 14:40:08.557,BASELINE,NEW_DATA,9.7268,82.0971,42.0874,9.7268,82.0971,42.0874
2026-06-02 14:40:08.577,BASELINE,NEW_DATA,9.7379,82.0971,42.0874,9.7379,82.0971,42.0874
2026-06-02 14:40:08.597,BASELINE,NEW_DATA,9.7368,82.0971,42.0874,9.7368,82.0971,42.0874
2026-06-02 14:40:08.618,BASELINE,NEW_DATA,9.7365,82.0971,42.0874,9.7365,82.0971,42.0874
2026-06-02 14:40:08.640,BASELINE,NEW_DATA,9.7337,82.0971,42.0874,9.7337,82.0971,42.0874
2026-06-02 14:40:08.660,BASELINE,NEW_DATA,9.7413,82.0971,42.0874,9.7413,82.0971,42.0874
2026-06-02 14:40:08.681,BASELINE,NEW_DATA,9.7420,82.0971,42.0874,9.7420,82.0971,42.0874
2026-06-02 14:40:08.701,BASELINE,NEW_DATA,9.7448,82.0971,42.0874,9.7448,82.0971,42.0874
2026-06-02 14:40:08.721,BASELINE,NEW_DATA,9.7469,82.0971,42.0874,9.7469,82.0971,42.0874
2026-06-02 14:40:08.742,BASELINE,NEW_DATA,9.7531,82.2570,42.6258,9.7531,82.2570,42.6258
2026-06-02 14:40:08.762,BASELINE,NEW_DATA,9.7545,82.2570,42.6258,9.7545,82.2570,42.6258
2026-06-02 14:40:08.783,BASELINE,NEW_DATA,9.7601,82.2570,42.6258,9.7601,82.2570,42.6258
2026-06-02 14:40:08.804,BASELINE,NEW_DATA,9.7601,82.2570,42.6258,9.7601,82.2570,42.6258
2026-06-02 14:40:08.824,BASELINE,NEW_DATA,9.7656,82.2570,42.6258,9.7656,82.2570,42.6258
2026-06-02 14:40:08.844,BASELINE,NEW_DATA,9.7681,82.2570,42.6258,9.7681,82.2570,42.6258
2026-06-02 14:40:08.864,BASELINE,NEW_DATA,9.7819,82.2570,42.6258,9.7819,82.2570,42.6258
2026-06-02 14:40:08.884,BASELINE,NEW_DATA,9.7819,82.2570,42.6258,9.7819,82.2570,42.6258
2026-06-02 14:40:08.904,BASELINE,NEW_DATA,9.7864,82.2570,42.6258,9.7864,82.2570,42.6258
2026-06-02 14:40:08.925,BASELINE,NEW_DATA,9.7909,82.2570,42.6258,9.7909,82.2570,42.6258
2026-06-02 14:40:08.945,BASELINE,NEW_DATA,9.7927,82.2570,42.6258,9.7927,82.2570,42.6258
2026-06-02 14:40:08.966,BASELINE,NEW_DATA,9.7975,82.2570,42.6258,9.7975,82.2570,42.6258
2026-06-02 14:40:08.992,BASELINE,NEW_DATA,9.7989,82.2570,42.6258,9.7989,82.2570,42.6258
2026-06-02 14:40:09.007,BASELINE,NEW_DATA,9.8072,82.2570,42.6258,9.8072,82.2570,42.6258
2026-06-02 14:40:09.027,BASELINE,NEW_DATA,9.8072,82.2570,42.6258,9.8072,82.2570,42.6258
2026-06-02 14:40:09.048,BASELINE,NEW_DATA,9.8159,82.2570,42.6258,9.8159,82.2570,42.6258
2026-06-02 14:40:09.068,BASELINE,NEW_DATA,9.8201,82.2570,42.6258,9.8201,82.2570,42.6258
2026-06-02 14:40:09.089,BASELINE,NEW_DATA,9.8301,82.2570,42.6258,9.8301,82.2570,42.6258
2026-06-02 14:40:09.108,BASELINE,NEW_DATA,9.8426,82.2570,42.6258,9.8426,82.2570,42.6258
2026-06-02 14:40:09.129,BASELINE,NEW_DATA,9.8343,82.2570,42.6258,9.8343,82.2570,42.6258
2026-06-02 14:40:09.149,BASELINE,NEW_DATA,9.8430,82.2570,42.6258,9.8430,82.2570,42.6258
2026-06-02 14:40:09.169,BASELINE,NEW_DATA,9.8475,82.2570,42.6258,9.8475,82.2570,42.6258
2026-06-02 14:40:09.190,BASELINE,NEW_DATA,9.8495,82.2570,42.6258,9.8495,82.2570,42.6258
2026-06-02 14:40:09.211,BASELINE,NEW_DATA,9.8537,82.2570,42.6258,9.8537,82.2570,42.6258
2026-06-02 14:40:09.231,BASELINE,NEW_DATA,9.8537,82.2570,42.3159,9.8537,82.2570,42.3159
2026-06-02 14:40:09.251,BASELINE,NEW_DATA,9.8707,82.2570,42.3159,9.8707,82.2570,42.3159
2026-06-02 14:40:09.273,BASELINE,NEW_DATA,9.8745,82.2570,42.3159,9.8745,82.2570,42.3159
2026-06-02 14:40:09.293,BASELINE,NEW_DATA,9.8811,82.2570,42.3159,9.8811,82.2570,42.3159
2026-06-02 14:40:09.313,BASELINE,NEW_DATA,9.8901,82.2570,42.3159,9.8901,82.2570,42.3159
2026-06-02 14:40:09.333,BASELINE,NEW_DATA,9.8957,82.2570,42.3159,9.8957,82.2570,42.3159
2026-06-02 14:40:09.353,BASELINE,NEW_DATA,9.9012,82.2570,42.3159,9.9012,82.2570,42.3159
2026-06-02 14:40:09.374,BASELINE,NEW_DATA,9.9040,82.2570,42.3159,9.9040,82.2570,42.3159
2026-06-02 14:40:09.394,BASELINE,NEW_DATA,9.9057,82.2570,42.3159,9.9057,82.2570,42.3159
2026-06-02 14:40:09.415,BASELINE,NEW_DATA,9.9109,82.2570,42.3159,9.9109,82.2570,42.3159
2026-06-02 14:40:09.436,BASELINE,NEW_DATA,9.9120,82.2570,42.3159,9.9120,82.2570,42.3159
2026-06-02 14:40:09.457,BASELINE,NEW_DATA,9.9161,82.2570,42.3159,9.9161,82.2570,42.3159
2026-06-02 14:40:09.477,BASELINE,NEW_DATA,9.9199,82.2570,42.3159,9.9199,82.2570,42.3159
2026-06-02 14:40:09.502,BASELINE,NEW_DATA,9.9265,82.2570,42.3159,9.9265,82.2570,42.3159
2026-06-02 14:40:09.520,BASELINE,NEW_DATA,9.9335,82.2570,42.3159,9.9335,82.2570,42.3159
2026-06-02 14:40:09.540,BASELINE,NEW_DATA,9.9300,82.2570,42.3159,9.9300,82.2570,42.3159
2026-06-02 14:40:09.560,BASELINE,NEW_DATA,9.9453,82.2570,42.3159,9.9453,82.2570,42.3159
2026-06-02 14:40:09.581,BASELINE,NEW_DATA,9.9456,82.2570,42.3159,9.9456,82.2570,42.3159
2026-06-02 14:40:09.602,BASELINE,NEW_DATA,9.9494,82.2570,42.3159,9.9494,82.2570,42.3159
2026-06-02 14:40:09.623,BASELINE,NEW_DATA,9.9536,82.2570,42.3159,9.9536,82.2570,42.3159
2026-06-02 14:40:09.643,BASELINE,NEW_DATA,9.9616,82.2570,42.3159,9.9616,82.2570,42.3159
2026-06-02 14:40:09.663,BASELINE,NEW_DATA,9.9678,82.2570,42.3159,9.9678,82.2570,42.3159
2026-06-02 14:40:09.684,BASELINE,NEW_DATA,9.9699,82.2570,42.3159,9.9699,82.2570,42.3159
2026-06-02 14:40:09.706,BASELINE,NEW_DATA,9.9789,82.2570,42.3159,9.9789,82.2570,42.3159
2026-06-02 14:40:09.725,BASELINE,NEW_DATA,9.9869,82.2570,42.3159,9.9869,82.2570,42.3159
2026-06-02 14:40:09.746,BASELINE,NEW_DATA,9.9900,82.3445,42.5025,9.9900,82.3445,42.5025
2026-06-02 14:40:09.766,BASELINE,NEW_DATA,9.9890,82.3445,42.5025,9.9890,82.3445,42.5025
2026-06-02 14:40:09.787,BASELINE,NEW_DATA,10.0011,82.3445,42.5025,10.0011,82.3445,42.5025
2026-06-02 14:40:09.807,BASELINE,NEW_DATA,10.0021,82.3445,42.5025,10.0021,82.3445,42.5025
2026-06-02 14:40:09.828,BASELINE,NEW_DATA,10.0143,82.3445,42.5025,10.0143,82.3445,42.5025
2026-06-02 14:40:09.848,BASELINE,NEW_DATA,10.0375,82.3445,42.5025,10.0375,82.3445,42.5025
2026-06-02 14:40:09.868,BASELINE,NEW_DATA,10.0212,82.3445,42.5025,10.0212,82.3445,42.5025
2026-06-02 14:40:09.888,BASELINE,NEW_DATA,10.0254,82.3445,42.5025,10.0254,82.3445,42.5025
2026-06-02 14:40:09.908,BASELINE,NEW_DATA,10.0281,82.3445,42.5025,10.0281,82.3445,42.5025
2026-06-02 14:40:09.929,BASELINE,NEW_DATA,10.0333,82.3445,42.5025,10.0333,82.3445,42.5025
2026-06-02 14:40:09.949,BASELINE,NEW_DATA,10.0417,82.3445,42.5025,10.0417,82.3445,42.5025
2026-06-02 14:40:09.970,BASELINE,NEW_DATA,10.0444,82.3445,42.5025,10.0444,82.3445,42.5025
2026-06-02 14:40:09.990,BASELINE,NEW_DATA,10.0528,82.3445,42.5025,10.0528,82.3445,42.5025
2026-06-02 14:40:10.014,BASELINE,NEW_DATA,10.0566,82.3445,42.5025,10.0566,82.3445,42.5025
2026-06-02 14:40:10.032,BASELINE,NEW_DATA,10.0632,82.3445,42.5025,10.0632,82.3445,42.5025
2026-06-02 14:40:10.053,BASELINE,NEW_DATA,10.0715,82.3445,42.5025,10.0715,82.3445,42.5025
2026-06-02 14:40:10.074,BASELINE,NEW_DATA,10.0788,82.3445,42.5025,10.0788,82.3445,42.5025
2026-06-02 14:40:10.095,BASELINE,NEW_DATA,10.0788,82.3445,42.5025,10.0788,82.3445,42.5025
2026-06-02 14:40:10.115,BASELINE,NEW_DATA,10.0840,82.3445,42.5025,10.0840,82.3445,42.5025
2026-06-02 14:40:10.135,BASELINE,NEW_DATA,10.0895,82.3445,42.5025,10.0895,82.3445,42.5025
2026-06-02 14:40:10.156,BASELINE,NEW_DATA,10.0954,82.3445,42.5025,10.0954,82.3445,42.5025
2026-06-02 14:40:10.177,BASELINE,NEW_DATA,10.0992,82.3445,42.5025,10.0992,82.3445,42.5025
2026-06-02 14:40:10.198,BASELINE,NEW_DATA,10.0999,82.3445,42.5025,10.0999,82.3445,42.5025
2026-06-02 14:40:10.219,BASELINE,NEW_DATA,10.1037,82.3445,42.5025,10.1037,82.3445,42.5025
2026-06-02 14:40:10.240,BASELINE,NEW_DATA,10.1076,82.2118,43.3964,10.1076,82.2118,43.3964
2026-06-02 14:40:10.260,BASELINE,NEW_DATA,10.1173,82.2118,43.3964,10.1173,82.2118,43.3964
2026-06-02 14:40:10.281,BASELINE,NEW_DATA,10.1190,82.2118,43.3964,10.1190,82.2118,43.3964
2026-06-02 14:40:10.303,BASELINE,NEW_DATA,10.1232,82.2118,43.3964,10.1232,82.2118,43.3964
2026-06-02 14:40:10.323,BASELINE,NEW_DATA,10.1270,82.2118,43.3964,10.1270,82.2118,43.3964
2026-06-02 14:40:10.343,BASELINE,NEW_DATA,10.1284,82.2118,43.3964,10.1284,82.2118,43.3964
2026-06-02 14:40:10.363,BASELINE,NEW_DATA,10.1388,82.2118,43.3964,10.1388,82.2118,43.3964
2026-06-02 14:40:10.384,BASELINE,NEW_DATA,10.1388,82.2118,43.3964,10.1388,82.2118,43.3964
2026-06-02 14:40:10.406,BASELINE,NEW_DATA,10.1443,82.2118,43.3964,10.1443,82.2118,43.3964
2026-06-02 14:40:10.425,BASELINE,NEW_DATA,10.1478,82.2118,43.3964,10.1478,82.2118,43.3964
2026-06-02 14:40:10.445,BASELINE,NEW_DATA,10.1544,82.2118,43.3964,10.1544,82.2118,43.3964
2026-06-02 14:40:10.465,BASELINE,NEW_DATA,10.1582,82.2118,43.3964,10.1582,82.2118,43.3964
2026-06-02 14:40:10.486,BASELINE,NEW_DATA,10.1641,82.2118,43.3964,10.1641,82.2118,43.3964
2026-06-02 14:40:10.507,BASELINE,NEW_DATA,10.1662,82.2118,43.3964,10.1662,82.2118,43.3964
2026-06-02 14:40:10.531,BASELINE,NEW_DATA,10.1731,82.2118,43.3964,10.1731,82.2118,43.3964
2026-06-02 14:40:10.548,BASELINE,NEW_DATA,10.1988,82.2118,43.3964,10.1988,82.2118,43.3964
2026-06-02 14:40:10.568,BASELINE,NEW_DATA,10.1866,82.2118,43.3964,10.1866,82.2118,43.3964
2026-06-02 14:40:10.590,BASELINE,NEW_DATA,10.1884,82.2118,43.3964,10.1884,82.2118,43.3964
2026-06-02 14:40:10.610,BASELINE,NEW_DATA,10.1901,82.2118,43.3964,10.1901,82.2118,43.3964
2026-06-02 14:40:10.631,BASELINE,NEW_DATA,10.1929,82.2118,43.3964,10.1929,82.2118,43.3964
2026-06-02 14:40:10.652,BASELINE,NEW_DATA,10.1998,82.2118,43.3964,10.1998,82.2118,43.3964
2026-06-02 14:40:10.672,BASELINE,NEW_DATA,10.2012,82.2118,43.3964,10.2012,82.2118,43.3964
2026-06-02 14:40:10.693,BASELINE,NEW_DATA,10.2064,82.2118,43.3964,10.2064,82.2118,43.3964
2026-06-02 14:40:10.714,BASELINE,NEW_DATA,10.2119,82.2118,43.3964,10.2119,82.2118,43.3964
2026-06-02 14:40:10.734,BASELINE,NEW_DATA,10.2171,82.2118,43.6438,10.2171,82.2118,43.6438
2026-06-02 14:40:10.755,BASELINE,NEW_DATA,10.2220,82.2118,43.6438,10.2220,82.2118,43.6438
2026-06-02 14:40:10.775,BASELINE,NEW_DATA,10.2262,82.2118,43.6438,10.2262,82.2118,43.6438
2026-06-02 14:40:10.796,BASELINE,NEW_DATA,10.2331,82.2118,43.6438,10.2331,82.2118,43.6438
2026-06-02 14:40:10.817,BASELINE,NEW_DATA,10.2345,82.2118,43.6438,10.2345,82.2118,43.6438
2026-06-02 14:40:10.839,BASELINE,NEW_DATA,10.2407,82.2118,43.6438,10.2407,82.2118,43.6438
2026-06-02 14:40:10.858,BASELINE,NEW_DATA,10.2373,82.2118,43.6438,10.2373,82.2118,43.6438
2026-06-02 14:40:10.878,BASELINE,NEW_DATA,10.2411,82.2118,43.6438,10.2411,82.2118,43.6438
2026-06-02 14:40:10.899,BASELINE,NEW_DATA,10.2459,82.2118,43.6438,10.2459,82.2118,43.6438
2026-06-02 14:40:10.919,BASELINE,NEW_DATA,10.2487,82.2118,43.6438,10.2487,82.2118,43.6438
2026-06-02 14:40:10.940,BASELINE,NEW_DATA,10.2529,82.2118,43.6438,10.2529,82.2118,43.6438
2026-06-02 14:40:10.960,BASELINE,NEW_DATA,10.2560,82.2118,43.6438,10.2560,82.2118,43.6438
2026-06-02 14:40:10.980,BASELINE,NEW_DATA,10.2608,82.2118,43.6438,10.2608,82.2118,43.6438
2026-06-02 14:40:11.001,BASELINE,NEW_DATA,10.2619,82.2118,43.6438,10.2619,82.2118,43.6438
2026-06-02 14:40:11.021,BASELINE,NEW_DATA,10.2678,82.2118,43.6438,10.2678,82.2118,43.6438
2026-06-02 14:40:11.046,BASELINE,NEW_DATA,10.2754,82.2118,43.6438,10.2754,82.2118,43.6438
2026-06-02 14:40:11.062,BASELINE,NEW_DATA,10.2737,82.2118,43.6438,10.2737,82.2118,43.6438
2026-06-02 14:40:11.082,BASELINE,NEW_DATA,10.2768,82.2118,43.6438,10.2768,82.2118,43.6438
2026-06-02 14:40:11.102,BASELINE,NEW_DATA,10.2768,82.2118,43.6438,10.2768,82.2118,43.6438
2026-06-02 14:40:11.122,BASELINE,NEW_DATA,10.2851,82.2118,43.6438,10.2851,82.2118,43.6438
2026-06-02 14:40:11.143,BASELINE,NEW_DATA,10.2945,82.2118,43.6438,10.2945,82.2118,43.6438
2026-06-02 14:40:11.163,BASELINE,NEW_DATA,10.2976,82.2118,43.6438,10.2976,82.2118,43.6438
2026-06-02 14:40:11.184,BASELINE,NEW_DATA,10.2997,82.2118,43.6438,10.2997,82.2118,43.6438
2026-06-02 14:40:11.207,BASELINE,NEW_DATA,10.3007,82.2118,43.6438,10.3007,82.2118,43.6438
2026-06-02 14:40:11.226,BASELINE,NEW_DATA,10.3059,82.2118,43.6438,10.3059,82.2118,43.6438
2026-06-02 14:40:11.247,BASELINE,NEW_DATA,10.3125,82.1285,43.4482,10.3125,82.1285,43.4482
2026-06-02 14:40:11.267,BASELINE,NEW_DATA,10.3205,82.1285,43.4482,10.3205,82.1285,43.4482
2026-06-02 14:40:11.288,BASELINE,NEW_DATA,10.3403,82.1285,43.4482,10.3403,82.1285,43.4482
2026-06-02 14:40:11.308,BASELINE,NEW_DATA,10.3250,82.1285,43.4482,10.3250,82.1285,43.4482
2026-06-02 14:40:11.329,BASELINE,NEW_DATA,10.3319,82.1285,43.4482,10.3319,82.1285,43.4482
2026-06-02 14:40:11.349,BASELINE,NEW_DATA,10.3319,82.1285,43.4482,10.3319,82.1285,43.4482
2026-06-02 14:40:11.370,BASELINE,NEW_DATA,10.3344,82.1285,43.4482,10.3344,82.1285,43.4482
2026-06-02 14:40:11.390,BASELINE,NEW_DATA,10.3451,82.1285,43.4482,10.3451,82.1285,43.4482
2026-06-02 14:40:11.411,BASELINE,NEW_DATA,10.3451,82.1285,43.4482,10.3451,82.1285,43.4482
2026-06-02 14:40:11.431,BASELINE,NEW_DATA,10.3451,82.1285,43.4482,10.3451,82.1285,43.4482
2026-06-02 14:40:11.452,BASELINE,NEW_DATA,10.3597,82.1285,43.4482,10.3597,82.1285,43.4482
2026-06-02 14:40:11.472,BASELINE,NEW_DATA,10.3590,82.1285,43.4482,10.3590,82.1285,43.4482
2026-06-02 14:40:11.492,BASELINE,NEW_DATA,10.3645,82.1285,43.4482,10.3645,82.1285,43.4482
2026-06-02 14:40:11.513,BASELINE,NEW_DATA,10.3694,82.1285,43.4482,10.3694,82.1285,43.4482
2026-06-02 14:40:11.534,BASELINE,NEW_DATA,10.3704,82.1285,43.4482,10.3704,82.1285,43.4482
2026-06-02 14:40:11.559,BASELINE,NEW_DATA,10.3697,82.1285,43.4482,10.3697,82.1285,43.4482
2026-06-02 14:40:11.575,BASELINE,NEW_DATA,10.3663,82.1285,43.4482,10.3663,82.1285,43.4482
2026-06-02 14:40:11.595,BASELINE,NEW_DATA,10.3718,82.1285,43.4482,10.3718,82.1285,43.4482
2026-06-02 14:40:11.616,BASELINE,NEW_DATA,10.3781,82.1285,43.4482,10.3781,82.1285,43.4482
2026-06-02 14:40:11.638,BASELINE,NEW_DATA,10.3829,82.1285,43.4482,10.3829,82.1285,43.4482
2026-06-02 14:40:11.658,BASELINE,NEW_DATA,10.3805,82.1285,43.4482,10.3805,82.1285,43.4482
2026-06-02 14:40:11.678,BASELINE,NEW_DATA,10.3892,82.1285,43.4482,10.3892,82.1285,43.4482
2026-06-02 14:40:11.699,BASELINE,NEW_DATA,10.3885,82.1285,43.4482,10.3885,82.1285,43.4482
2026-06-02 14:40:11.719,BASELINE,NEW_DATA,10.3947,82.1285,43.4482,10.3947,82.1285,43.4482
2026-06-02 14:40:11.739,BASELINE,NEW_DATA,10.3999,82.0435,43.4415,10.3999,82.0435,43.4415
2026-06-02 14:40:11.759,BASELINE,NEW_DATA,10.4044,82.0435,43.4415,10.4044,82.0435,43.4415
2026-06-02 14:40:11.779,BASELINE,NEW_DATA,10.4051,82.0435,43.4415,10.4051,82.0435,43.4415
2026-06-02 14:40:11.800,BASELINE,NEW_DATA,10.3989,82.0435,43.4415,10.3989,82.0435,43.4415
2026-06-02 14:40:11.822,BASELINE,NEW_DATA,10.4072,82.0435,43.4415,10.4072,82.0435,43.4415
2026-06-02 14:40:11.841,BASELINE,NEW_DATA,10.4086,82.0435,43.4415,10.4086,82.0435,43.4415
2026-06-02 14:40:11.861,BASELINE,NEW_DATA,10.4110,82.0435,43.4415,10.4110,82.0435,43.4415
2026-06-02 14:40:11.882,BASELINE,NEW_DATA,10.4169,82.0435,43.4415,10.4169,82.0435,43.4415
2026-06-02 14:40:11.902,BASELINE,NEW_DATA,10.4190,82.0435,43.4415,10.4190,82.0435,43.4415
2026-06-02 14:40:11.922,BASELINE,NEW_DATA,10.4190,82.0435,43.4415,10.4190,82.0435,43.4415
2026-06-02 14:40:11.942,BASELINE,NEW_DATA,10.4211,82.0435,43.4415,10.4211,82.0435,43.4415
2026-06-02 14:40:11.962,BASELINE,NEW_DATA,10.4245,82.0435,43.4415,10.4245,82.0435,43.4415
2026-06-02 14:40:11.983,BASELINE,NEW_DATA,10.4238,82.0435,43.4415,10.4238,82.0435,43.4415
2026-06-02 14:40:12.003,BASELINE,NEW_DATA,10.4315,82.0435,43.4415,10.4315,82.0435,43.4415
2026-06-02 14:40:12.024,BASELINE,NEW_DATA,10.4474,82.0435,43.4415,10.4474,82.0435,43.4415
2026-06-02 14:40:12.044,BASELINE,NEW_DATA,10.4304,82.0435,43.4415,10.4304,82.0435,43.4415
2026-06-02 14:40:12.068,BASELINE,NEW_DATA,10.4308,82.0435,43.4415,10.4308,82.0435,43.4415
2026-06-02 14:40:12.086,BASELINE,NEW_DATA,10.4342,82.0435,43.4415,10.4342,82.0435,43.4415
2026-06-02 14:40:12.107,BASELINE,NEW_DATA,10.4384,82.0435,43.4415,10.4384,82.0435,43.4415
2026-06-02 14:40:12.127,BASELINE,NEW_DATA,10.4363,82.0435,43.4415,10.4363,82.0435,43.4415
2026-06-02 14:40:12.148,BASELINE,NEW_DATA,10.4377,82.0435,43.4415,10.4377,82.0435,43.4415
2026-06-02 14:40:12.170,BASELINE,NEW_DATA,10.4439,82.0435,43.4415,10.4439,82.0435,43.4415
2026-06-02 14:40:12.190,BASELINE,NEW_DATA,10.4412,82.0435,43.4415,10.4412,82.0435,43.4415
2026-06-02 14:40:12.211,BASELINE,NEW_DATA,10.4495,82.0435,43.4415,10.4495,82.0435,43.4415
2026-06-02 14:40:12.231,BASELINE,NEW_DATA,10.4488,82.0044,43.6633,10.4488,82.0044,43.6633
2026-06-02 14:40:12.252,BASELINE,NEW_DATA,10.4523,82.0044,43.6633,10.4523,82.0044,43.6633
2026-06-02 14:40:12.272,BASELINE,NEW_DATA,10.4578,82.0044,43.6633,10.4578,82.0044,43.6633
2026-06-02 14:40:12.293,BASELINE,NEW_DATA,10.4578,82.0044,43.6633,10.4578,82.0044,43.6633
2026-06-02 14:40:12.313,BASELINE,NEW_DATA,10.4537,82.0044,43.6633,10.4537,82.0044,43.6633
2026-06-02 14:40:12.333,BASELINE,NEW_DATA,10.4568,82.0044,43.6633,10.4568,82.0044,43.6633
2026-06-02 14:40:12.354,BASELINE,NEW_DATA,10.4550,82.0044,43.6633,10.4550,82.0044,43.6633
2026-06-02 14:40:12.374,BASELINE,NEW_DATA,10.4599,82.0044,43.6633,10.4599,82.0044,43.6633
2026-06-02 14:40:12.394,BASELINE,NEW_DATA,10.4557,82.0044,43.6633,10.4557,82.0044,43.6633
2026-06-02 14:40:12.415,BASELINE,NEW_DATA,10.4571,82.0044,43.6633,10.4571,82.0044,43.6633
2026-06-02 14:40:12.436,BASELINE,NEW_DATA,10.4564,82.0044,43.6633,10.4564,82.0044,43.6633
2026-06-02 14:40:12.457,BASELINE,NEW_DATA,10.4571,82.0044,43.6633,10.4571,82.0044,43.6633
2026-06-02 14:40:12.478,BASELINE,NEW_DATA,10.4561,82.0044,43.6633,10.4561,82.0044,43.6633
2026-06-02 14:40:12.498,BASELINE,NEW_DATA,10.4599,82.0044,43.6633,10.4599,82.0044,43.6633
2026-06-02 14:40:12.518,BASELINE,NEW_DATA,10.4571,82.0044,43.6633,10.4571,82.0044,43.6633
2026-06-02 14:40:12.540,BASELINE,NEW_DATA,10.4561,82.0044,43.6633,10.4561,82.0044,43.6633
2026-06-02 14:40:12.559,BASELINE,NEW_DATA,10.4592,82.0044,43.6633,10.4592,82.0044,43.6633
2026-06-02 14:40:12.583,BASELINE,NEW_DATA,10.4561,82.0044,43.6633,10.4561,82.0044,43.6633
2026-06-02 14:40:12.602,BASELINE,NEW_DATA,10.4627,82.0044,43.6633,10.4627,82.0044,43.6633
2026-06-02 14:40:12.623,BASELINE,NEW_DATA,10.4648,82.0044,43.6633,10.4648,82.0044,43.6633
2026-06-02 14:40:12.643,BASELINE,NEW_DATA,10.4634,82.0044,43.6633,10.4634,82.0044,43.6633
2026-06-02 14:40:12.663,BASELINE,NEW_DATA,10.4620,82.0044,43.6633,10.4620,82.0044,43.6633
2026-06-02 14:40:12.683,BASELINE,NEW_DATA,10.4654,82.0044,43.6633,10.4654,82.0044,43.6633
2026-06-02 14:40:12.704,BASELINE,NEW_DATA,10.4693,82.0044,43.6633,10.4693,82.0044,43.6633
2026-06-02 14:40:12.724,BASELINE,NEW_DATA,10.4606,82.0044,43.6633,10.4606,82.0044,43.6633
2026-06-02 14:40:12.745,BASELINE,NEW_DATA,10.4707,81.9706,43.5847,10.4707,81.9706,43.5847
2026-06-02 14:40:12.765,BASELINE,NEW_DATA,10.4883,81.9706,43.5847,10.4883,81.9706,43.5847
2026-06-02 14:40:12.785,BASELINE,NEW_DATA,10.4727,81.9706,43.5847,10.4727,81.9706,43.5847
2026-06-02 14:40:12.805,BASELINE,NEW_DATA,10.4682,81.9706,43.5847,10.4682,81.9706,43.5847
2026-06-02 14:40:12.826,BASELINE,NEW_DATA,10.4689,81.9706,43.5847,10.4689,81.9706,43.5847
2026-06-02 14:40:12.847,BASELINE,NEW_DATA,10.4689,81.9706,43.5847,10.4689,81.9706,43.5847
2026-06-02 14:40:12.867,BASELINE,NEW_DATA,10.4700,81.9706,43.5847,10.4700,81.9706,43.5847
2026-06-02 14:40:12.888,BASELINE,NEW_DATA,10.4745,81.9706,43.5847,10.4745,81.9706,43.5847
2026-06-02 14:40:12.909,BASELINE,NEW_DATA,10.4727,81.9706,43.5847,10.4727,81.9706,43.5847
2026-06-02 14:40:12.929,BASELINE,NEW_DATA,10.4727,81.9706,43.5847,10.4727,81.9706,43.5847
2026-06-02 14:40:12.950,BASELINE,NEW_DATA,10.4703,81.9706,43.5847,10.4703,81.9706,43.5847
2026-06-02 14:40:12.972,BASELINE,NEW_DATA,10.4779,81.9706,43.5847,10.4779,81.9706,43.5847
2026-06-02 14:40:12.992,BASELINE,NEW_DATA,10.4765,81.9706,43.5847,10.4765,81.9706,43.5847
2026-06-02 14:40:13.012,BASELINE,NEW_DATA,10.4752,81.9706,43.5847,10.4752,81.9706,43.5847
2026-06-02 14:40:13.033,BASELINE,NEW_DATA,10.4765,81.9706,43.5847,10.4765,81.9706,43.5847
2026-06-02 14:40:13.054,BASELINE,NEW_DATA,10.4745,81.9706,43.5847,10.4745,81.9706,43.5847
2026-06-02 14:40:13.074,BASELINE,NEW_DATA,10.4696,81.9706,43.5847,10.4696,81.9706,43.5847
2026-06-02 14:40:13.097,BASELINE,NEW_DATA,10.4720,81.9706,43.5847,10.4720,81.9706,43.5847
2026-06-02 14:40:13.115,BASELINE,NEW_DATA,10.4713,81.9706,43.5847,10.4713,81.9706,43.5847
2026-06-02 14:40:13.136,BASELINE,NEW_DATA,10.4707,81.9706,43.5847,10.4707,81.9706,43.5847
2026-06-02 14:40:13.156,BASELINE,NEW_DATA,10.4696,81.9706,43.5847,10.4696,81.9706,43.5847
2026-06-02 14:40:13.176,BASELINE,NEW_DATA,10.4741,81.9706,43.5847,10.4741,81.9706,43.5847
2026-06-02 14:40:13.197,BASELINE,NEW_DATA,10.4689,81.9706,43.5847,10.4689,81.9706,43.5847
2026-06-02 14:40:13.217,BASELINE,NEW_DATA,10.4755,81.9706,43.5847,10.4755,81.9706,43.5847
2026-06-02 14:40:13.239,BASELINE,NEW_DATA,10.4755,81.8687,43.3050,10.4755,81.8687,43.3050
2026-06-02 14:40:13.259,BASELINE,NEW_DATA,10.4738,81.8687,43.3050,10.4738,81.8687,43.3050
2026-06-02 14:40:13.279,BASELINE,NEW_DATA,10.4762,81.8687,43.3050,10.4762,81.8687,43.3050
2026-06-02 14:40:13.299,BASELINE,NEW_DATA,10.4752,81.8687,43.3050,10.4752,81.8687,43.3050
2026-06-02 14:40:13.320,BASELINE,NEW_DATA,10.4738,81.8687,43.3050,10.4738,81.8687,43.3050
2026-06-02 14:40:13.340,BASELINE,NEW_DATA,10.4752,81.8687,43.3050,10.4752,81.8687,43.3050
2026-06-02 14:40:13.360,BASELINE,NEW_DATA,10.4762,81.8687,43.3050,10.4762,81.8687,43.3050
2026-06-02 14:40:13.380,BASELINE,NEW_DATA,10.4779,81.8687,43.3050,10.4779,81.8687,43.3050
2026-06-02 14:40:13.401,BASELINE,NEW_DATA,10.4776,81.8687,43.3050,10.4776,81.8687,43.3050
2026-06-02 14:40:13.422,BASELINE,NEW_DATA,10.4783,81.8687,43.3050,10.4783,81.8687,43.3050
2026-06-02 14:40:13.442,BASELINE,NEW_DATA,10.4703,81.8687,43.3050,10.4703,81.8687,43.3050
2026-06-02 14:40:13.462,BASELINE,NEW_DATA,10.4752,81.8687,43.3050,10.4752,81.8687,43.3050
2026-06-02 14:40:13.482,BASELINE,NEW_DATA,10.4772,81.8687,43.3050,10.4772,81.8687,43.3050
2026-06-02 14:40:13.503,BASELINE,NEW_DATA,10.4759,81.8687,43.3050,10.4759,81.8687,43.3050
2026-06-02 14:40:13.524,BASELINE,NEW_DATA,10.4883,81.8687,43.3050,10.4883,81.8687,43.3050
2026-06-02 14:40:13.544,BASELINE,NEW_DATA,10.4745,81.8687,43.3050,10.4745,81.8687,43.3050
2026-06-02 14:40:13.564,BASELINE,NEW_DATA,10.4745,81.8687,43.3050,10.4745,81.8687,43.3050
2026-06-02 14:40:13.585,BASELINE,NEW_DATA,10.4745,81.8687,43.3050,10.4745,81.8687,43.3050
2026-06-02 14:40:13.611,BASELINE,NEW_DATA,10.4745,81.8687,43.3050,10.4745,81.8687,43.3050
2026-06-02 14:40:13.626,BASELINE,NEW_DATA,10.4769,81.8687,43.3050,10.4769,81.8687,43.3050
2026-06-02 14:40:13.646,BASELINE,NEW_DATA,10.4734,81.8687,43.3050,10.4734,81.8687,43.3050
2026-06-02 14:40:13.666,BASELINE,NEW_DATA,10.4745,81.8687,43.3050,10.4745,81.8687,43.3050
2026-06-02 14:40:13.687,BASELINE,NEW_DATA,10.4717,81.8687,43.3050,10.4717,81.8687,43.3050
2026-06-02 14:40:13.707,BASELINE,NEW_DATA,10.4748,81.8687,43.3050,10.4748,81.8687,43.3050
2026-06-02 14:40:13.727,BASELINE,NEW_DATA,10.4769,81.8687,43.3050,10.4769,81.8687,43.3050
2026-06-02 14:40:13.747,BASELINE,NEW_DATA,10.4783,81.7220,43.5131,10.4783,81.7220,43.5131
2026-06-02 14:40:13.768,BASELINE,NEW_DATA,10.4783,81.7220,43.5131,10.4783,81.7220,43.5131
2026-06-02 14:40:13.789,BASELINE,NEW_DATA,10.4814,81.7220,43.5131,10.4814,81.7220,43.5131
2026-06-02 14:40:13.810,BASELINE,NEW_DATA,10.4783,81.7220,43.5131,10.4783,81.7220,43.5131
2026-06-02 14:40:13.830,BASELINE,NEW_DATA,10.4748,81.7220,43.5131,10.4748,81.7220,43.5131
2026-06-02 14:40:13.851,BASELINE,NEW_DATA,10.4769,81.7220,43.5131,10.4769,81.7220,43.5131
2026-06-02 14:40:13.871,BASELINE,NEW_DATA,10.4759,81.7220,43.5131,10.4759,81.7220,43.5131
2026-06-02 14:40:13.891,BASELINE,NEW_DATA,10.4752,81.7220,43.5131,10.4752,81.7220,43.5131
2026-06-02 14:40:13.912,BASELINE,NEW_DATA,10.4769,81.7220,43.5131,10.4769,81.7220,43.5131
2026-06-02 14:40:13.934,BASELINE,NEW_DATA,10.4752,81.7220,43.5131,10.4752,81.7220,43.5131
2026-06-02 14:40:13.955,BASELINE,NEW_DATA,10.4765,81.7220,43.5131,10.4765,81.7220,43.5131
2026-06-02 14:40:13.975,BASELINE,NEW_DATA,10.4717,81.7220,43.5131,10.4717,81.7220,43.5131
2026-06-02 14:40:13.996,BASELINE,NEW_DATA,10.4776,81.7220,43.5131,10.4776,81.7220,43.5131
2026-06-02 14:40:14.016,BASELINE,NEW_DATA,10.4765,81.7220,43.5131,10.4765,81.7220,43.5131
2026-06-02 14:40:14.038,BASELINE,NEW_DATA,10.4752,81.7220,43.5131,10.4752,81.7220,43.5131
2026-06-02 14:40:14.059,BASELINE,NEW_DATA,10.4783,81.7220,43.5131,10.4783,81.7220,43.5131
2026-06-02 14:40:14.080,BASELINE,NEW_DATA,10.4772,81.7220,43.5131,10.4772,81.7220,43.5131
2026-06-02 14:40:14.100,BASELINE,NEW_DATA,10.4748,81.7220,43.5131,10.4748,81.7220,43.5131
2026-06-02 14:40:14.124,BASELINE,NEW_DATA,10.4783,81.7220,43.5131,10.4783,81.7220,43.5131
2026-06-02 14:40:14.142,BASELINE,NEW_DATA,10.4731,81.7220,43.5131,10.4731,81.7220,43.5131
2026-06-02 14:40:14.162,BASELINE,NEW_DATA,10.4772,81.7220,43.5131,10.4772,81.7220,43.5131
2026-06-02 14:40:14.182,BASELINE,NEW_DATA,10.4765,81.7220,43.5131,10.4765,81.7220,43.5131
2026-06-02 14:40:14.204,BASELINE,NEW_DATA,10.4710,81.7220,43.5131,10.4710,81.7220,43.5131
2026-06-02 14:40:14.224,BASELINE,NEW_DATA,10.4724,81.7220,43.5131,10.4724,81.7220,43.5131
2026-06-02 14:40:14.245,BASELINE,NEW_DATA,10.4658,81.6764,43.2136,10.4658,81.6764,43.2136
2026-06-02 14:40:14.265,BASELINE,NEW_DATA,10.4772,81.6764,43.2136,10.4772,81.6764,43.2136
2026-06-02 14:40:14.286,BASELINE,NEW_DATA,10.4682,81.6764,43.2136,10.4682,81.6764,43.2136
2026-06-02 14:40:14.306,BASELINE,NEW_DATA,10.4644,81.6764,43.2136,10.4644,81.6764,43.2136
2026-06-02 14:40:14.328,BASELINE,NEW_DATA,10.4661,81.6764,43.2136,10.4661,81.6764,43.2136
2026-06-02 14:40:14.359,BASELINE,NEW_DATA,10.4634,81.6764,43.2136,10.4634,81.6764,43.2136
2026-06-02 14:40:14.390,BASELINE,NEW_DATA,10.4644,81.6764,43.2136,10.4644,81.6764,43.2136
2026-06-02 14:40:14.423,BASELINE,NEW_DATA,10.4665,81.6764,43.2136,10.4665,81.6764,43.2136
2026-06-02 14:40:14.455,BASELINE,NEW_DATA,10.4613,81.6764,43.2136,10.4613,81.6764,43.2136
2026-06-02 14:40:14.486,BASELINE,NEW_DATA,10.4720,81.6764,43.2136,10.4720,81.6764,43.2136
2026-06-02 14:40:14.516,BASELINE,NEW_DATA,10.4752,81.6764,43.2136,10.4752,81.6764,43.2136
2026-06-02 14:40:14.545,BASELINE,NEW_DATA,10.4696,81.6764,43.2136,10.4696,81.6764,43.2136
2026-06-02 14:40:14.576,BASELINE,NEW_DATA,10.4724,81.6764,43.2136,10.4724,81.6764,43.2136
2026-06-02 14:40:14.607,BASELINE,NEW_DATA,10.4734,81.6764,43.2136,10.4734,81.6764,43.2136
2026-06-02 14:40:14.639,BASELINE,NEW_DATA,10.4745,81.6764,43.2136,10.4745,81.6764,43.2136
2026-06-02 14:40:14.671,BASELINE,NEW_DATA,10.4696,81.6764,43.2136,10.4696,81.6764,43.2136
2026-06-02 14:40:14.703,BASELINE,NEW_DATA,10.4703,81.6764,43.2136,10.4703,81.6764,43.2136
2026-06-02 14:40:14.734,BASELINE,NEW_DATA,10.4772,81.6764,43.2136,10.4772,81.6764,43.2136
2026-06-02 14:40:14.766,BASELINE,NEW_DATA,10.4710,81.4655,42.9695,10.4710,81.4655,42.9695
2026-06-02 14:40:14.800,BASELINE,NEW_DATA,10.4779,81.4655,42.9695,10.4779,81.4655,42.9695
2026-06-02 14:40:14.828,BASELINE,NEW_DATA,10.4783,81.4655,42.9695,10.4783,81.4655,42.9695
2026-06-02 14:40:14.861,BASELINE,NEW_DATA,10.4783,81.4655,42.9695,10.4783,81.4655,42.9695
2026-06-02 14:40:14.892,BASELINE,NEW_DATA,10.4759,81.4655,42.9695,10.4759,81.4655,42.9695
2026-06-02 14:40:14.924,BASELINE,NEW_DATA,10.4783,81.4655,42.9695,10.4783,81.4655,42.9695
2026-06-02 14:40:14.955,BASELINE,NEW_DATA,10.4769,81.4655,42.9695,10.4769,81.4655,42.9695
2026-06-02 14:40:14.987,BASELINE,NEW_DATA,10.4765,81.4655,42.9695,10.4765,81.4655,42.9695
2026-06-02 14:40:15.018,BASELINE,NEW_DATA,10.4755,81.4655,42.9695,10.4755,81.4655,42.9695
2026-06-02 14:40:15.051,BASELINE,NEW_DATA,10.4977,81.4655,42.9695,10.4977,81.4655,42.9695
2026-06-02 14:40:15.082,BASELINE,NEW_DATA,10.4772,81.4655,42.9695,10.4772,81.4655,42.9695
2026-06-02 14:40:15.113,BASELINE,NEW_DATA,10.4783,81.4655,42.9695,10.4783,81.4655,42.9695
2026-06-02 14:40:15.146,BASELINE,NEW_DATA,10.4783,81.4655,42.9695,10.4783,81.4655,42.9695
2026-06-02 14:40:15.177,BASELINE,NEW_DATA,10.4783,81.4655,42.9695,10.4783,81.4655,42.9695
2026-06-02 14:40:15.208,BASELINE,NEW_DATA,10.4779,81.4655,42.9695,10.4779,81.4655,42.9695
2026-06-02 14:40:15.240,BASELINE,NEW_DATA,10.4831,81.4655,42.9695,10.4831,81.4655,42.9695
2026-06-02 14:40:15.271,BASELINE,NEW_DATA,10.4842,81.3965,42.9695,10.4842,81.3965,42.9695
2026-06-02 14:40:15.305,BASELINE,NEW_DATA,10.4873,81.3965,42.9695,10.4873,81.3965,42.9695
2026-06-02 14:40:15.335,BASELINE,NEW_DATA,10.4869,81.3965,42.9695,10.4869,81.3965,42.9695
2026-06-02 14:40:15.367,BASELINE,NEW_DATA,10.4783,81.3965,42.9695,10.4783,81.3965,42.9695
2026-06-02 14:40:15.399,BASELINE,NEW_DATA,10.4783,81.3965,42.9695,10.4783,81.3965,42.9695
2026-06-02 14:40:15.430,BASELINE,NEW_DATA,10.4807,81.3965,42.9695,10.4807,81.3965,42.9695
2026-06-02 14:40:15.462,BASELINE,NEW_DATA,10.4783,81.3965,42.9695,10.4783,81.3965,42.9695
2026-06-02 14:40:15.494,BASELINE,NEW_DATA,10.4783,81.3965,42.9695,10.4783,81.3965,42.9695
2026-06-02 14:40:15.526,BASELINE,NEW_DATA,10.4828,81.3965,42.9695,10.4828,81.3965,42.9695
2026-06-02 14:40:15.556,BASELINE,NEW_DATA,10.4828,81.3965,42.9695,10.4828,81.3965,42.9695
2026-06-02 14:40:15.591,BASELINE,NEW_DATA,10.4783,81.3965,42.9695,10.4783,81.3965,42.9695
2026-06-02 14:40:15.619,BASELINE,NEW_DATA,10.4783,81.3965,42.9695,10.4783,81.3965,42.9695
2026-06-02 14:40:15.650,BASELINE,NEW_DATA,10.4661,81.3965,42.9695,10.4661,81.3965,42.9695
2026-06-02 14:40:15.682,BASELINE,NEW_DATA,10.4308,81.3965,42.9695,10.4308,81.3965,42.9695
2026-06-02 14:40:15.714,BASELINE,NEW_DATA,10.3732,81.3965,42.9695,10.3732,81.3965,42.9695
2026-06-02 14:40:15.746,BASELINE,NEW_DATA,10.3073,81.3564,42.8516,10.3073,81.3564,42.8516
2026-06-02 14:40:15.778,BASELINE,NEW_DATA,10.2546,81.3564,42.8516,10.2546,81.3564,42.8516
2026-06-02 14:40:15.810,BASELINE,NEW_DATA,10.2085,81.3564,42.8516,10.2085,81.3564,42.8516
2026-06-02 14:40:15.842,BASELINE,NEW_DATA,10.1693,81.3564,42.8516,10.1693,81.3564,42.8516
2026-06-02 14:40:15.873,BASELINE,NEW_DATA,10.1613,81.3564,42.8516,10.1613,81.3564,42.8516
2026-06-02 14:40:15.904,BASELINE,NEW_DATA,10.1880,81.3564,42.8516,10.1880,81.3564,42.8516
2026-06-02 14:40:15.935,BASELINE,NEW_DATA,10.2452,81.3564,42.8516,10.2452,81.3564,42.8516
2026-06-02 14:40:15.968,BASELINE,NEW_DATA,10.3070,81.3564,42.8516,10.3070,81.3564,42.8516
2026-06-02 14:40:15.998,BASELINE,NEW_DATA,10.3621,81.3564,42.8516,10.3621,81.3564,42.8516
2026-06-02 14:40:16.029,BASELINE,NEW_DATA,10.4058,81.3564,42.8516,10.4058,81.3564,42.8516
2026-06-02 14:40:16.060,BASELINE,NEW_DATA,10.4453,81.3564,42.8516,10.4453,81.3564,42.8516
2026-06-02 14:40:16.091,BASELINE,NEW_DATA,10.4693,81.3564,42.8516,10.4693,81.3564,42.8516
2026-06-02 14:40:16.122,BASELINE,NEW_DATA,10.4928,81.3564,42.8516,10.4928,81.3564,42.8516
2026-06-02 14:40:16.153,BASELINE,NEW_DATA,10.5105,81.3564,42.8516,10.5105,81.3564,42.8516
2026-06-02 14:40:16.185,BASELINE,NEW_DATA,10.5244,81.3564,42.8516,10.5244,81.3564,42.8516
2026-06-02 14:40:16.216,BASELINE,NEW_DATA,10.5300,81.3564,42.8516,10.5300,81.3564,42.8516
2026-06-02 14:40:16.248,BASELINE,NEW_DATA,10.5473,81.3536,41.7339,10.5473,81.3536,41.7339
2026-06-02 14:40:16.280,BASELINE,NEW_DATA,10.5525,81.3536,41.7339,10.5525,81.3536,41.7339
2026-06-02 14:40:16.312,BASELINE,NEW_DATA,10.5601,81.3536,41.7339,10.5601,81.3536,41.7339
2026-06-02 14:40:16.344,BASELINE,NEW_DATA,10.5615,81.3536,41.7339,10.5615,81.3536,41.7339
2026-06-02 14:40:16.380,BASELINE,NEW_DATA,10.5650,81.3536,41.7339,10.5650,81.3536,41.7339
2026-06-02 14:40:16.407,BASELINE,NEW_DATA,10.5691,81.3536,41.7339,10.5691,81.3536,41.7339
2026-06-02 14:40:16.440,BASELINE,NEW_DATA,10.5740,81.3536,41.7339,10.5740,81.3536,41.7339
2026-06-02 14:40:16.471,BASELINE,NEW_DATA,10.5698,81.3536,41.7339,10.5698,81.3536,41.7339
2026-06-02 14:40:16.500,BASELINE,NEW_DATA,10.5754,81.3536,41.7339,10.5754,81.3536,41.7339
2026-06-02 14:40:16.540,BASELINE,NEW_DATA,10.5792,81.3536,41.7339,10.5792,81.3536,41.7339
2026-06-02 14:40:16.563,BASELINE,NEW_DATA,10.5750,81.3536,41.7339,10.5750,81.3536,41.7339
2026-06-02 14:40:16.593,BASELINE,NEW_DATA,10.5782,81.3536,41.7339,10.5782,81.3536,41.7339
2026-06-02 14:40:16.625,BASELINE,NEW_DATA,10.5837,81.3536,41.7339,10.5837,81.3536,41.7339
2026-06-02 14:40:16.656,BASELINE,NEW_DATA,10.5834,81.3536,41.7339,10.5834,81.3536,41.7339
2026-06-02 14:40:16.688,BASELINE,NEW_DATA,10.5847,81.3536,41.7339,10.5847,81.3536,41.7339
2026-06-02 14:40:16.720,BASELINE,NEW_DATA,10.5893,81.3536,41.7339,10.5893,81.3536,41.7339
2026-06-02 14:40:16.750,BASELINE,NEW_DATA,10.5938,81.5299,41.9475,10.5938,81.5299,41.9475
2026-06-02 14:40:16.782,BASELINE,NEW_DATA,10.5924,81.5299,41.9475,10.5924,81.5299,41.9475
2026-06-02 14:40:16.813,BASELINE,NEW_DATA,10.5917,81.5299,41.9475,10.5917,81.5299,41.9475
2026-06-02 14:40:16.844,BASELINE,NEW_DATA,10.5941,81.5299,41.9475,10.5941,81.5299,41.9475
2026-06-02 14:40:16.877,BASELINE,NEW_DATA,10.5924,81.5299,41.9475,10.5924,81.5299,41.9475
2026-06-02 14:40:16.908,BASELINE,NEW_DATA,10.5938,81.5299,41.9475,10.5938,81.5299,41.9475
2026-06-02 14:40:16.940,BASELINE,NEW_DATA,10.5965,81.5299,41.9475,10.5965,81.5299,41.9475
2026-06-02 14:40:16.971,BASELINE,NEW_DATA,10.5965,81.5299,41.9475,10.5965,81.5299,41.9475
2026-06-02 14:40:17.003,BASELINE,NEW_DATA,10.6010,81.5299,41.9475,10.6010,81.5299,41.9475
2026-06-02 14:40:17.034,BASELINE,NEW_DATA,10.5993,81.5299,41.9475,10.5993,81.5299,41.9475
2026-06-02 14:40:17.065,BASELINE,NEW_DATA,10.6021,81.5299,41.9475,10.6021,81.5299,41.9475
2026-06-02 14:40:17.097,BASELINE,NEW_DATA,10.6059,81.5299,41.9475,10.6059,81.5299,41.9475
2026-06-02 14:40:17.128,BASELINE,NEW_DATA,10.6104,81.5299,41.9475,10.6104,81.5299,41.9475
2026-06-02 14:40:17.163,BASELINE,NEW_DATA,10.6066,81.5299,41.9475,10.6066,81.5299,41.9475
2026-06-02 14:40:17.192,BASELINE,NEW_DATA,10.6125,81.5299,41.9475,10.6125,81.5299,41.9475
2026-06-02 14:40:17.224,BASELINE,NEW_DATA,10.6288,81.5299,41.9475,10.6288,81.5299,41.9475
2026-06-02 14:40:17.255,BASELINE,NEW_DATA,10.6219,81.5214,41.2229,10.6219,81.5214,41.2229
2026-06-02 14:40:17.286,BASELINE,NEW_DATA,10.6243,81.5214,41.2229,10.6243,81.5214,41.2229
2026-06-02 14:40:17.316,BASELINE,NEW_DATA,10.6284,81.5214,41.2229,10.6284,81.5214,41.2229
2026-06-02 14:40:17.347,BASELINE,NEW_DATA,10.6333,81.5214,41.2229,10.6333,81.5214,41.2229
2026-06-02 14:40:17.379,BASELINE,NEW_DATA,10.6336,81.5214,41.2229,10.6336,81.5214,41.2229
2026-06-02 14:40:17.410,BASELINE,NEW_DATA,10.6357,81.5214,41.2229,10.6357,81.5214,41.2229
2026-06-02 14:40:17.441,BASELINE,NEW_DATA,10.6392,81.5214,41.2229,10.6392,81.5214,41.2229
2026-06-02 14:40:17.473,BASELINE,NEW_DATA,10.6427,81.5214,41.2229,10.6427,81.5214,41.2229
2026-06-02 14:40:17.505,BASELINE,NEW_DATA,10.6368,81.5214,41.2229,10.6368,81.5214,41.2229
2026-06-02 14:40:17.538,BASELINE,NEW_DATA,10.6347,81.5214,41.2229,10.6347,81.5214,41.2229
2026-06-02 14:40:17.569,BASELINE,NEW_DATA,10.6340,81.5214,41.2229,10.6340,81.5214,41.2229
2026-06-02 14:40:17.599,BASELINE,NEW_DATA,10.6371,81.5214,41.2229,10.6371,81.5214,41.2229
2026-06-02 14:40:17.632,BASELINE,NEW_DATA,10.6395,81.5214,41.2229,10.6395,81.5214,41.2229
2026-06-02 14:40:17.664,BASELINE,NEW_DATA,10.6395,81.5214,41.2229,10.6395,81.5214,41.2229
2026-06-02 14:40:17.694,BASELINE,NEW_DATA,10.6413,81.5214,41.2229,10.6413,81.5214,41.2229
2026-06-02 14:40:17.726,BASELINE,NEW_DATA,10.6395,81.5214,41.2229,10.6395,81.5214,41.2229
2026-06-02 14:40:17.758,BASELINE,NEW_DATA,10.6444,81.7454,40.8990,10.6444,81.7454,40.8990
2026-06-02 14:40:17.790,BASELINE,NEW_DATA,10.6475,81.7454,40.8990,10.6475,81.7454,40.8990
2026-06-02 14:40:17.822,BASELINE,NEW_DATA,10.6451,81.7454,40.8990,10.6451,81.7454,40.8990
2026-06-02 14:40:17.854,BASELINE,NEW_DATA,10.6496,81.7454,40.8990,10.6496,81.7454,40.8990
2026-06-02 14:40:17.884,BASELINE,NEW_DATA,10.6631,81.7454,40.8990,10.6631,81.7454,40.8990
2026-06-02 14:40:17.917,BASELINE,NEW_DATA,10.6510,81.7454,40.8990,10.6510,81.7454,40.8990
2026-06-02 14:40:17.953,BASELINE,NEW_DATA,10.6499,81.7454,40.8990,10.6499,81.7454,40.8990
2026-06-02 14:40:17.979,BASELINE,NEW_DATA,10.6517,81.7454,40.8990,10.6517,81.7454,40.8990
2026-06-02 14:40:18.009,BASELINE,NEW_DATA,10.6558,81.7454,40.8990,10.6558,81.7454,40.8990
2026-06-02 14:40:18.042,BASELINE,NEW_DATA,10.6541,81.7454,40.8990,10.6541,81.7454,40.8990
2026-06-02 14:40:18.073,BASELINE,NEW_DATA,10.6541,81.7454,40.8990,10.6541,81.7454,40.8990
2026-06-02 14:40:18.104,BASELINE,NEW_DATA,10.6662,81.7454,40.8990,10.6662,81.7454,40.8990
2026-06-02 14:40:18.136,BASELINE,NEW_DATA,10.6631,81.7454,40.8990,10.6631,81.7454,40.8990
2026-06-02 14:40:18.168,BASELINE,NEW_DATA,10.6624,81.7454,40.8990,10.6624,81.7454,40.8990
2026-06-02 14:40:18.200,BASELINE,NEW_DATA,10.6638,81.7454,40.8990,10.6638,81.7454,40.8990
2026-06-02 14:40:18.232,BASELINE,NEW_DATA,10.6621,81.7454,40.8990,10.6621,81.7454,40.8990
2026-06-02 14:40:18.263,BASELINE,NEW_DATA,10.6666,81.9685,40.6517,10.6666,81.9685,40.6517
2026-06-02 14:40:18.294,BASELINE,NEW_DATA,10.6687,81.9685,40.6517,10.6687,81.9685,40.6517
2026-06-02 14:40:18.325,BASELINE,NEW_DATA,10.6649,81.9685,40.6517,10.6649,81.9685,40.6517
2026-06-02 14:40:18.356,BASELINE,NEW_DATA,10.6687,81.9685,40.6517,10.6687,81.9685,40.6517
2026-06-02 14:40:18.388,BASELINE,NEW_DATA,10.6742,81.9685,40.6517,10.6742,81.9685,40.6517
2026-06-02 14:40:18.420,BASELINE,NEW_DATA,10.6756,81.9685,40.6517,10.6756,81.9685,40.6517
2026-06-02 14:40:18.451,BASELINE,NEW_DATA,10.6773,81.9685,40.6517,10.6773,81.9685,40.6517
2026-06-02 14:40:18.483,BASELINE,NEW_DATA,10.6742,81.9685,40.6517,10.6742,81.9685,40.6517
2026-06-02 14:40:18.514,BASELINE,NEW_DATA,10.6742,81.9685,40.6517,10.6742,81.9685,40.6517
2026-06-02 14:40:18.547,LIVE,NEW_DATA,10.6846,81.9685,40.6517,10.6846,81.9685,40.6517
2026-06-02 14:40:18.577,LIVE,NEW_DATA,10.6808,81.9685,40.6517,10.6808,81.9685,40.6517
2026-06-02 14:40:18.610,LIVE,NEW_DATA,10.6808,81.9685,40.6517,10.6808,81.9685,40.6517
2026-06-02 14:40:18.642,LIVE,NEW_DATA,10.6812,81.9685,40.6517,10.6812,81.9685,40.6517
2026-06-02 14:40:18.673,LIVE,NEW_DATA,10.6815,81.9685,40.6517,10.6815,81.9685,40.6517
2026-06-02 14:40:18.704,LIVE,NEW_DATA,10.6843,81.9685,40.6517,10.6843,81.9685,40.6517
2026-06-02 14:40:18.740,LIVE,NEW_DATA,10.6888,81.9685,40.6517,10.6888,81.9685,40.6517
2026-06-02 14:40:18.767,LIVE,NEW_DATA,10.6850,81.9855,40.9147,10.6850,81.9855,40.9147
2026-06-02 14:40:18.798,LIVE,NEW_DATA,10.6870,81.9855,40.9147,10.6870,81.9855,40.9147
2026-06-02 14:40:18.829,LIVE,NEW_DATA,10.6864,81.9855,40.9147,10.6864,81.9855,40.9147
2026-06-02 14:40:18.862,LIVE,NEW_DATA,10.6867,81.9855,40.9147,10.6867,81.9855,40.9147
2026-06-02 14:40:18.894,LIVE,NEW_DATA,10.6864,81.9855,40.9147,10.6864,81.9855,40.9147
2026-06-02 14:40:18.926,LIVE,NEW_DATA,10.6853,81.9855,40.9147,10.6853,81.9855,40.9147
2026-06-02 14:40:18.956,LIVE,NEW_DATA,10.6853,81.9855,40.9147,10.6853,81.9855,40.9147
2026-06-02 14:40:18.988,LIVE,NEW_DATA,10.6839,81.9855,40.9147,10.6839,81.9855,40.9147
2026-06-02 14:40:19.019,LIVE,NEW_DATA,10.6881,81.9855,40.9147,10.6881,81.9855,40.9147
2026-06-02 14:40:19.052,LIVE,NEW_DATA,10.6853,81.9855,40.9147,10.6853,81.9855,40.9147
2026-06-02 14:40:19.082,LIVE,NEW_DATA,10.6898,81.9855,40.9147,10.6898,81.9855,40.9147
2026-06-02 14:40:19.115,LIVE,NEW_DATA,10.6888,81.9855,40.9147,10.6888,81.9855,40.9147
2026-06-02 14:40:19.146,LIVE,NEW_DATA,10.6888,81.9855,40.9147,10.6888,81.9855,40.9147
2026-06-02 14:40:19.178,LIVE,NEW_DATA,10.6846,81.9855,40.9147,10.6846,81.9855,40.9147
2026-06-02 14:40:19.208,LIVE,NEW_DATA,10.6853,81.9855,40.9147,10.6853,81.9855,40.9147
2026-06-02 14:40:19.240,LIVE,NEW_DATA,10.6981,81.9855,40.9147,10.6981,81.9855,40.9147
2026-06-02 14:40:19.271,LIVE,NEW_DATA,10.6843,82.1066,40.1591,10.6843,82.1066,40.1591
2026-06-02 14:40:19.304,LIVE,NEW_DATA,10.6815,82.1066,40.1591,10.6815,82.1066,40.1591
2026-06-02 14:40:19.335,LIVE,NEW_DATA,10.6825,82.1066,40.1591,10.6825,82.1066,40.1591
2026-06-02 14:40:19.366,LIVE,NEW_DATA,10.6832,82.1066,40.1591,10.6832,82.1066,40.1591
2026-06-02 14:40:19.398,LIVE,NEW_DATA,10.6853,82.1066,40.1591,10.6853,82.1066,40.1591
2026-06-02 14:40:19.430,LIVE,NEW_DATA,10.6812,82.1066,40.1591,10.6812,82.1066,40.1591
2026-06-02 14:40:19.462,LIVE,NEW_DATA,10.6926,82.1066,40.1591,10.6926,82.1066,40.1591
2026-06-02 14:40:19.493,LIVE,NEW_DATA,10.6884,82.1066,40.1591,10.6884,82.1066,40.1591
2026-06-02 14:40:19.527,LIVE,NEW_DATA,10.6877,82.1066,40.1591,10.6877,82.1066,40.1591
2026-06-02 14:40:19.557,LIVE,NEW_DATA,10.6846,82.1066,40.1591,10.6846,82.1066,40.1591
2026-06-02 14:40:19.588,LIVE,NEW_DATA,10.6843,82.1066,40.1591,10.6843,82.1066,40.1591
2026-06-02 14:40:19.620,LIVE,NEW_DATA,10.6839,82.1066,40.1591,10.6839,82.1066,40.1591
2026-06-02 14:40:19.652,LIVE,NEW_DATA,10.6825,82.1066,40.1591,10.6825,82.1066,40.1591
2026-06-02 14:40:19.684,LIVE,NEW_DATA,10.6860,82.1066,40.1591,10.6860,82.1066,40.1591
2026-06-02 14:40:19.716,LIVE,NEW_DATA,10.6801,82.1066,40.1591,10.6801,82.1066,40.1591
2026-06-02 14:40:19.747,LIVE,NEW_DATA,10.6805,82.1483,40.1085,10.6805,82.1483,40.1085
2026-06-02 14:40:19.778,LIVE,NEW_DATA,10.6825,82.1483,40.1085,10.6825,82.1483,40.1085
2026-06-02 14:40:19.810,LIVE,NEW_DATA,10.6818,82.1483,40.1085,10.6818,82.1483,40.1085
2026-06-02 14:40:19.842,LIVE,NEW_DATA,10.6798,82.1483,40.1085,10.6798,82.1483,40.1085
2026-06-02 14:40:19.874,LIVE,NEW_DATA,10.6763,82.1483,40.1085,10.6763,82.1483,40.1085
2026-06-02 14:40:19.905,LIVE,NEW_DATA,10.6766,82.1483,40.1085,10.6766,82.1483,40.1085
2026-06-02 14:40:19.936,LIVE,NEW_DATA,10.6746,82.1483,40.1085,10.6746,82.1483,40.1085
2026-06-02 14:40:19.968,LIVE,NEW_DATA,10.6954,82.1483,40.1085,10.6954,82.1483,40.1085
2026-06-02 14:40:19.999,LIVE,NEW_DATA,10.6766,82.1483,40.1085,10.6766,82.1483,40.1085
2026-06-02 14:40:20.030,LIVE,NEW_DATA,10.6728,82.1483,40.1085,10.6728,82.1483,40.1085
2026-06-02 14:40:20.063,LIVE,NEW_DATA,10.6770,82.1483,40.1085,10.6770,82.1483,40.1085
2026-06-02 14:40:20.094,LIVE,NEW_DATA,10.6732,82.1483,40.1085,10.6732,82.1483,40.1085
2026-06-02 14:40:20.126,LIVE,NEW_DATA,10.6732,82.1483,40.1085,10.6732,82.1483,40.1085
2026-06-02 14:40:20.157,LIVE,NEW_DATA,10.6742,82.1483,40.1085,10.6742,82.1483,40.1085
2026-06-02 14:40:20.189,LIVE,NEW_DATA,10.6763,82.1483,40.1085,10.6763,82.1483,40.1085
2026-06-02 14:40:20.219,LIVE,NEW_DATA,10.6742,82.1483,40.1085,10.6742,82.1483,40.1085
2026-06-02 14:40:20.251,LIVE,NEW_DATA,10.6714,81.9723,40.3681,10.6714,81.9723,40.3681
2026-06-02 14:40:20.283,LIVE,NEW_DATA,10.6742,81.9723,40.3681,10.6742,81.9723,40.3681
2026-06-02 14:40:20.320,LIVE,NEW_DATA,10.6701,81.9723,40.3681,10.6701,81.9723,40.3681
2026-06-02 14:40:20.346,LIVE,NEW_DATA,10.6697,81.9723,40.3681,10.6697,81.9723,40.3681
2026-06-02 14:40:20.378,LIVE,NEW_DATA,10.6711,81.9723,40.3681,10.6711,81.9723,40.3681
2026-06-02 14:40:20.409,LIVE,NEW_DATA,10.6701,81.9723,40.3681,10.6701,81.9723,40.3681
2026-06-02 14:40:20.440,LIVE,NEW_DATA,10.6697,81.9723,40.3681,10.6697,81.9723,40.3681
2026-06-02 14:40:20.472,LIVE,NEW_DATA,10.6676,81.9723,40.3681,10.6676,81.9723,40.3681
2026-06-02 14:40:20.504,LIVE,NEW_DATA,10.6697,81.9723,40.3681,10.6697,81.9723,40.3681
2026-06-02 14:40:20.536,LIVE,NEW_DATA,10.6631,81.9723,40.3681,10.6631,81.9723,40.3681
2026-06-02 14:40:20.568,LIVE,NEW_DATA,10.6683,81.9723,40.3681,10.6683,81.9723,40.3681
2026-06-02 14:40:20.599,LIVE,NEW_DATA,10.6649,81.9723,40.3681,10.6649,81.9723,40.3681
2026-06-02 14:40:20.631,LIVE,NEW_DATA,10.6635,81.9723,40.3681,10.6635,81.9723,40.3681
2026-06-02 14:40:20.662,LIVE,NEW_DATA,10.6638,81.9723,40.3681,10.6638,81.9723,40.3681
2026-06-02 14:40:20.694,LIVE,NEW_DATA,10.6593,81.9723,40.3681,10.6593,81.9723,40.3681
2026-06-02 14:40:20.726,LIVE,NEW_DATA,10.6583,81.9723,40.3681,10.6583,81.9723,40.3681
2026-06-02 14:40:20.757,LIVE,NEW_DATA,10.6690,81.7768,41.4350,10.6690,81.7768,41.4350
2026-06-02 14:40:20.788,LIVE,NEW_DATA,10.6642,81.7768,41.4350,10.6642,81.7768,41.4350
2026-06-02 14:40:20.819,LIVE,NEW_DATA,10.6558,81.7768,41.4350,10.6558,81.7768,41.4350
2026-06-02 14:40:20.852,LIVE,NEW_DATA,10.6558,81.7768,41.4350,10.6558,81.7768,41.4350
2026-06-02 14:40:20.884,LIVE,NEW_DATA,10.6590,81.7768,41.4350,10.6590,81.7768,41.4350
2026-06-02 14:40:20.915,LIVE,NEW_DATA,10.6555,81.7768,41.4350,10.6555,81.7768,41.4350
2026-06-02 14:40:20.946,LIVE,NEW_DATA,10.6558,81.7768,41.4350,10.6558,81.7768,41.4350
2026-06-02 14:40:20.977,LIVE,NEW_DATA,10.6607,81.7768,41.4350,10.6607,81.7768,41.4350
2026-06-02 14:40:21.009,LIVE,NEW_DATA,10.6558,81.7768,41.4350,10.6558,81.7768,41.4350
2026-06-02 14:40:21.041,LIVE,NEW_DATA,10.6548,81.7768,41.4350,10.6548,81.7768,41.4350
2026-06-02 14:40:21.073,LIVE,NEW_DATA,10.6558,81.7768,41.4350,10.6558,81.7768,41.4350
2026-06-02 14:40:21.106,LIVE,NEW_DATA,10.6558,81.7768,41.4350,10.6558,81.7768,41.4350
2026-06-02 14:40:21.134,LIVE,NEW_DATA,10.6548,81.7768,41.4350,10.6548,81.7768,41.4350
2026-06-02 14:40:21.167,LIVE,NEW_DATA,10.6506,81.7768,41.4350,10.6506,81.7768,41.4350
2026-06-02 14:40:21.197,LIVE,NEW_DATA,10.6513,81.7768,41.4350,10.6513,81.7768,41.4350
2026-06-02 14:40:21.228,LIVE,NEW_DATA,10.6492,81.7768,41.4350,10.6492,81.7768,41.4350
2026-06-02 14:40:21.260,LIVE,NEW_DATA,10.6482,81.5384,41.1724,10.6482,81.5384,41.1724
2026-06-02 14:40:21.291,LIVE,NEW_DATA,10.6492,81.5384,41.1724,10.6492,81.5384,41.1724
2026-06-02 14:40:21.323,LIVE,NEW_DATA,10.6468,81.5384,41.1724,10.6468,81.5384,41.1724
2026-06-02 14:40:21.355,LIVE,NEW_DATA,10.6451,81.5384,41.1724,10.6451,81.5384,41.1724
2026-06-02 14:40:21.386,LIVE,NEW_DATA,10.6458,81.5384,41.1724,10.6458,81.5384,41.1724
2026-06-02 14:40:21.418,LIVE,NEW_DATA,10.6454,81.5384,41.1724,10.6454,81.5384,41.1724
2026-06-02 14:40:21.450,LIVE,NEW_DATA,10.6479,81.5384,41.1724,10.6479,81.5384,41.1724
2026-06-02 14:40:21.480,LIVE,NEW_DATA,10.6447,81.5384,41.1724,10.6447,81.5384,41.1724
2026-06-02 14:40:21.513,LIVE,NEW_DATA,10.6413,81.5384,41.1724,10.6413,81.5384,41.1724
2026-06-02 14:40:21.543,LIVE,NEW_DATA,10.6427,81.5384,41.1724,10.6427,81.5384,41.1724
2026-06-02 14:40:21.575,LIVE,NEW_DATA,10.6558,81.5384,41.1724,10.6558,81.5384,41.1724
2026-06-02 14:40:21.607,LIVE,NEW_DATA,10.6354,81.5384,41.1724,10.6354,81.5384,41.1724
2026-06-02 14:40:21.638,LIVE,NEW_DATA,10.6382,81.5384,41.1724,10.6382,81.5384,41.1724
2026-06-02 14:40:21.669,LIVE,NEW_DATA,10.6323,81.5384,41.1724,10.6323,81.5384,41.1724
2026-06-02 14:40:21.701,LIVE,NEW_DATA,10.6298,81.5384,41.1724,10.6298,81.5384,41.1724
2026-06-02 14:40:21.733,LIVE,NEW_DATA,10.6271,81.5384,41.1724,10.6271,81.5384,41.1724
2026-06-02 14:40:21.763,LIVE,NEW_DATA,10.6257,81.5993,41.4375,10.6257,81.5993,41.4375
2026-06-02 14:40:21.796,LIVE,NEW_DATA,10.6319,81.5993,41.4375,10.6319,81.5993,41.4375
2026-06-02 14:40:21.826,LIVE,NEW_DATA,10.6302,81.5993,41.4375,10.6302,81.5993,41.4375
2026-06-02 14:40:21.859,LIVE,NEW_DATA,10.6288,81.5993,41.4375,10.6288,81.5993,41.4375
2026-06-02 14:40:21.894,LIVE,NEW_DATA,10.6225,81.5993,41.4375,10.6225,81.5993,41.4375
2026-06-02 14:40:21.923,LIVE,NEW_DATA,10.6222,81.5993,41.4375,10.6222,81.5993,41.4375
2026-06-02 14:40:21.953,LIVE,NEW_DATA,10.6194,81.5993,41.4375,10.6194,81.5993,41.4375
2026-06-02 14:40:21.985,LIVE,NEW_DATA,10.6184,81.5993,41.4375,10.6184,81.5993,41.4375
2026-06-02 14:40:22.015,LIVE,NEW_DATA,10.6146,81.5993,41.4375,10.6146,81.5993,41.4375
2026-06-02 14:40:22.046,LIVE,NEW_DATA,10.6160,81.5993,41.4375,10.6160,81.5993,41.4375
2026-06-02 14:40:22.078,LIVE,NEW_DATA,10.6114,81.5993,41.4375,10.6114,81.5993,41.4375
2026-06-02 14:40:22.110,LIVE,NEW_DATA,10.6090,81.5993,41.4375,10.6090,81.5993,41.4375
2026-06-02 14:40:22.141,LIVE,NEW_DATA,10.6076,81.5993,41.4375,10.6076,81.5993,41.4375
2026-06-02 14:40:22.171,LIVE,NEW_DATA,10.5993,81.5993,41.4375,10.5993,81.5993,41.4375
2026-06-02 14:40:22.203,LIVE,NEW_DATA,10.5948,81.5993,41.4375,10.5948,81.5993,41.4375
2026-06-02 14:40:22.235,LIVE,NEW_DATA,10.5868,81.5993,41.4375,10.5868,81.5993,41.4375
2026-06-02 14:40:22.267,LIVE,NEW_DATA,10.5827,81.4974,41.5769,10.5827,81.4974,41.5769
2026-06-02 14:40:22.297,LIVE,NEW_DATA,10.5695,81.4974,41.5769,10.5695,81.4974,41.5769
2026-06-02 14:40:22.329,LIVE,NEW_DATA,10.5671,81.4974,41.5769,10.5671,81.4974,41.5769
2026-06-02 14:40:22.362,LIVE,NEW_DATA,10.5532,81.4974,41.5769,10.5532,81.4974,41.5769
2026-06-02 14:40:22.394,LIVE,NEW_DATA,10.5254,81.4974,41.5769,10.5254,81.4974,41.5769
2026-06-02 14:40:22.426,LIVE,NEW_DATA,10.5161,81.4974,41.5769,10.5161,81.4974,41.5769
2026-06-02 14:40:22.457,LIVE,NEW_DATA,10.5060,81.4974,41.5769,10.5060,81.4974,41.5769
2026-06-02 14:40:22.488,LIVE,NEW_DATA,10.4883,81.4974,41.5769,10.4883,81.4974,41.5769
2026-06-02 14:40:22.520,LIVE,NEW_DATA,10.4783,81.4974,41.5769,10.4783,81.4974,41.5769
2026-06-02 14:40:22.553,LIVE,NEW_DATA,10.4783,81.4974,41.5769,10.4783,81.4974,41.5769
2026-06-02 14:40:22.585,LIVE,NEW_DATA,10.4665,81.4974,41.5769,10.4665,81.4974,41.5769
2026-06-02 14:40:22.617,LIVE,NEW_DATA,10.4564,81.4974,41.5769,10.4564,81.4974,41.5769
2026-06-02 14:40:22.648,LIVE,NEW_DATA,10.4405,81.4974,41.5769,10.4405,81.4974,41.5769
2026-06-02 14:40:22.686,LIVE,NEW_DATA,10.4256,81.4974,41.5769,10.4256,81.4974,41.5769
2026-06-02 14:40:22.711,LIVE,NEW_DATA,10.4100,81.4974,41.5769,10.4100,81.4974,41.5769
2026-06-02 14:40:22.742,LIVE,NEW_DATA,10.3992,81.4104,42.2363,10.3992,81.4104,42.2363
2026-06-02 14:40:22.773,LIVE,NEW_DATA,10.3857,81.4104,42.2363,10.3857,81.4104,42.2363
2026-06-02 14:40:22.805,LIVE,NEW_DATA,10.3801,81.4104,42.2363,10.3801,81.4104,42.2363
2026-06-02 14:40:22.836,LIVE,NEW_DATA,10.3763,81.4104,42.2363,10.3763,81.4104,42.2363
2026-06-02 14:40:22.868,LIVE,NEW_DATA,10.3683,81.4104,42.2363,10.3683,81.4104,42.2363
2026-06-02 14:40:22.900,LIVE,NEW_DATA,10.3673,81.4104,42.2363,10.3673,81.4104,42.2363
2026-06-02 14:40:22.931,LIVE,NEW_DATA,10.3541,81.4104,42.2363,10.3541,81.4104,42.2363
2026-06-02 14:40:22.962,LIVE,NEW_DATA,10.3569,81.4104,42.2363,10.3569,81.4104,42.2363
2026-06-02 14:40:22.995,LIVE,NEW_DATA,10.3604,81.4104,42.2363,10.3604,81.4104,42.2363
2026-06-02 14:40:23.025,LIVE,NEW_DATA,10.3489,81.4104,42.2363,10.3489,81.4104,42.2363
2026-06-02 14:40:23.057,LIVE,NEW_DATA,10.3479,81.4104,42.2363,10.3479,81.4104,42.2363
2026-06-02 14:40:23.089,LIVE,NEW_DATA,10.3413,81.4104,42.2363,10.3413,81.4104,42.2363
2026-06-02 14:40:23.121,LIVE,NEW_DATA,10.3656,81.4104,42.2363,10.3656,81.4104,42.2363
2026-06-02 14:40:23.153,LIVE,NEW_DATA,10.3462,81.4104,42.2363,10.3462,81.4104,42.2363
2026-06-02 14:40:23.185,LIVE,NEW_DATA,10.3462,81.4104,42.2363,10.3462,81.4104,42.2363
2026-06-02 14:40:23.216,LIVE,NEW_DATA,10.3468,81.4104,42.2363,10.3468,81.4104,42.2363
2026-06-02 14:40:23.247,LIVE,NEW_DATA,10.3475,81.2969,42.2363,10.3475,81.2969,42.2363
2026-06-02 14:40:23.280,LIVE,NEW_DATA,10.3552,81.2969,42.2363,10.3552,81.2969,42.2363
2026-06-02 14:40:23.310,LIVE,NEW_DATA,10.3538,81.2969,42.2363,10.3538,81.2969,42.2363
2026-06-02 14:40:23.342,LIVE,NEW_DATA,10.3566,81.2969,42.2363,10.3566,81.2969,42.2363
2026-06-02 14:40:23.375,LIVE,NEW_DATA,10.3652,81.2969,42.2363,10.3652,81.2969,42.2363
2026-06-02 14:40:23.406,LIVE,NEW_DATA,10.3618,81.2969,42.2363,10.3618,81.2969,42.2363
2026-06-02 14:40:23.437,LIVE,NEW_DATA,10.3524,81.2969,42.2363,10.3524,81.2969,42.2363
2026-06-02 14:40:23.473,LIVE,NEW_DATA,10.3545,81.2969,42.2363,10.3545,81.2969,42.2363
2026-06-02 14:40:23.500,LIVE,NEW_DATA,10.3552,81.2969,42.2363,10.3552,81.2969,42.2363
2026-06-02 14:40:23.530,LIVE,NEW_DATA,10.3538,81.2969,42.2363,10.3538,81.2969,42.2363
2026-06-02 14:40:23.563,LIVE,NEW_DATA,10.3534,81.2969,42.2363,10.3534,81.2969,42.2363
2026-06-02 14:40:23.594,LIVE,NEW_DATA,10.3507,81.2969,42.2363,10.3507,81.2969,42.2363
2026-06-02 14:40:23.626,LIVE,NEW_DATA,10.3496,81.2969,42.2363,10.3496,81.2969,42.2363
2026-06-02 14:40:23.657,LIVE,NEW_DATA,10.3451,81.2969,42.2363,10.3451,81.2969,42.2363
2026-06-02 14:40:23.689,LIVE,NEW_DATA,10.3427,81.2969,42.2363,10.3427,81.2969,42.2363
2026-06-02 14:40:23.721,LIVE,NEW_DATA,10.3392,81.2969,42.2363,10.3392,81.2969,42.2363
2026-06-02 14:40:23.753,LIVE,NEW_DATA,10.3413,80.8919,44.7145,10.3413,80.8919,44.7145
2026-06-02 14:40:23.784,LIVE,NEW_DATA,10.3441,80.8919,44.7145,10.3441,80.8919,44.7145
2026-06-02 14:40:23.816,LIVE,NEW_DATA,10.3385,80.8919,44.7145,10.3385,80.8919,44.7145
2026-06-02 14:40:23.847,LIVE,NEW_DATA,10.3340,80.8919,44.7145,10.3340,80.8919,44.7145
2026-06-02 14:40:23.879,LIVE,NEW_DATA,10.3441,80.8919,44.7145,10.3441,80.8919,44.7145
2026-06-02 14:40:23.910,LIVE,NEW_DATA,10.3420,80.8919,44.7145,10.3420,80.8919,44.7145
2026-06-02 14:40:23.942,LIVE,NEW_DATA,10.3330,80.8919,44.7145,10.3330,80.8919,44.7145
2026-06-02 14:40:23.972,LIVE,NEW_DATA,10.3333,80.8919,44.7145,10.3333,80.8919,44.7145
2026-06-02 14:40:24.003,LIVE,NEW_DATA,10.3330,80.8919,44.7145,10.3330,80.8919,44.7145
2026-06-02 14:40:24.034,LIVE,NEW_DATA,10.3385,80.8919,44.7145,10.3385,80.8919,44.7145
2026-06-02 14:40:24.067,LIVE,NEW_DATA,10.3337,80.8919,44.7145,10.3337,80.8919,44.7145
2026-06-02 14:40:24.100,LIVE,NEW_DATA,10.3364,80.8919,44.7145,10.3364,80.8919,44.7145
2026-06-02 14:40:24.131,LIVE,NEW_DATA,10.3364,80.8919,44.7145,10.3364,80.8919,44.7145
2026-06-02 14:40:24.162,LIVE,NEW_DATA,10.3344,80.8919,44.7145,10.3344,80.8919,44.7145
2026-06-02 14:40:24.193,LIVE,NEW_DATA,10.3316,80.8919,44.7145,10.3316,80.8919,44.7145
2026-06-02 14:40:24.225,LIVE,NEW_DATA,10.3299,80.8919,44.7145,10.3299,80.8919,44.7145
2026-06-02 14:40:24.261,LIVE,NEW_DATA,10.3337,80.9823,46.9972,10.3337,80.9823,46.9972
2026-06-02 14:40:24.288,LIVE,NEW_DATA,10.3309,80.9823,46.9972,10.3309,80.9823,46.9972
2026-06-02 14:40:24.320,LIVE,NEW_DATA,10.3302,80.9823,46.9972,10.3302,80.9823,46.9972
2026-06-02 14:40:24.352,LIVE,NEW_DATA,10.3260,80.9823,46.9972,10.3260,80.9823,46.9972
2026-06-02 14:40:24.384,LIVE,NEW_DATA,10.3281,80.9823,46.9972,10.3281,80.9823,46.9972
2026-06-02 14:40:24.415,LIVE,NEW_DATA,10.3253,80.9823,46.9972,10.3253,80.9823,46.9972
2026-06-02 14:40:24.446,LIVE,NEW_DATA,10.3312,80.9823,46.9972,10.3312,80.9823,46.9972
2026-06-02 14:40:24.478,LIVE,NEW_DATA,10.3285,80.9823,46.9972,10.3285,80.9823,46.9972
2026-06-02 14:40:24.511,LIVE,NEW_DATA,10.3260,80.9823,46.9972,10.3260,80.9823,46.9972
2026-06-02 14:40:24.542,LIVE,NEW_DATA,10.3305,80.9823,46.9972,10.3305,80.9823,46.9972
2026-06-02 14:40:24.573,LIVE,NEW_DATA,10.3288,80.9823,46.9972,10.3288,80.9823,46.9972
2026-06-02 14:40:24.606,LIVE,NEW_DATA,10.3247,80.9823,46.9972,10.3247,80.9823,46.9972
2026-06-02 14:40:24.638,LIVE,NEW_DATA,10.3288,80.9823,46.9972,10.3288,80.9823,46.9972
2026-06-02 14:40:24.669,LIVE,NEW_DATA,10.3545,80.9823,46.9972,10.3545,80.9823,46.9972
2026-06-02 14:40:24.701,LIVE,NEW_DATA,10.3340,80.9823,46.9972,10.3340,80.9823,46.9972
2026-06-02 14:40:24.734,LIVE,NEW_DATA,10.3302,80.9823,46.9972,10.3302,80.9823,46.9972
2026-06-02 14:40:24.764,LIVE,NEW_DATA,10.3323,80.8163,46.9972,10.3323,80.8163,46.9972
2026-06-02 14:40:24.795,LIVE,NEW_DATA,10.3368,80.8163,46.9972,10.3368,80.8163,46.9972
2026-06-02 14:40:24.827,LIVE,NEW_DATA,10.3330,80.8163,46.9972,10.3330,80.8163,46.9972
2026-06-02 14:40:24.859,LIVE,NEW_DATA,10.3385,80.8163,46.9972,10.3385,80.8163,46.9972
2026-06-02 14:40:24.890,LIVE,NEW_DATA,10.3368,80.8163,46.9972,10.3368,80.8163,46.9972
2026-06-02 14:40:24.922,LIVE,NEW_DATA,10.3351,80.8163,46.9972,10.3351,80.8163,46.9972
2026-06-02 14:40:24.954,LIVE,NEW_DATA,10.3375,80.8163,46.9972,10.3375,80.8163,46.9972
2026-06-02 14:40:24.986,LIVE,NEW_DATA,10.3312,80.8163,46.9972,10.3312,80.8163,46.9972
2026-06-02 14:40:25.018,LIVE,NEW_DATA,10.3295,80.8163,46.9972,10.3295,80.8163,46.9972
2026-06-02 14:40:25.053,LIVE,NEW_DATA,10.3295,80.8163,46.9972,10.3295,80.8163,46.9972
2026-06-02 14:40:25.082,LIVE,NEW_DATA,10.3337,80.8163,46.9972,10.3337,80.8163,46.9972
2026-06-02 14:40:25.113,LIVE,NEW_DATA,10.3295,80.8163,46.9972,10.3295,80.8163,46.9972
2026-06-02 14:40:25.145,LIVE,NEW_DATA,10.3319,80.8163,46.9972,10.3319,80.8163,46.9972
2026-06-02 14:40:25.176,LIVE,NEW_DATA,10.3285,80.8163,46.9972,10.3285,80.8163,46.9972
2026-06-02 14:40:25.208,LIVE,NEW_DATA,10.3309,80.8163,46.9972,10.3309,80.8163,46.9972
2026-06-02 14:40:25.240,LIVE,NEW_DATA,10.3357,80.8163,46.9972,10.3357,80.8163,46.9972
2026-06-02 14:40:25.271,LIVE,NEW_DATA,10.3302,80.5909,47.7647,10.3302,80.5909,47.7647
2026-06-02 14:40:25.302,LIVE,NEW_DATA,10.3330,80.5909,47.7647,10.3330,80.5909,47.7647
2026-06-02 14:40:25.333,LIVE,NEW_DATA,10.3330,80.5909,47.7647,10.3330,80.5909,47.7647
2026-06-02 14:40:25.366,LIVE,NEW_DATA,10.3364,80.5909,47.7647,10.3364,80.5909,47.7647
2026-06-02 14:40:25.396,LIVE,NEW_DATA,10.3524,80.5909,47.7647,10.3524,80.5909,47.7647
2026-06-02 14:40:25.428,LIVE,NEW_DATA,10.3330,80.5909,47.7647,10.3330,80.5909,47.7647
2026-06-02 14:40:25.459,LIVE,NEW_DATA,10.3357,80.5909,47.7647,10.3357,80.5909,47.7647
2026-06-02 14:40:25.492,LIVE,NEW_DATA,10.3357,80.5909,47.7647,10.3357,80.5909,47.7647
2026-06-02 14:40:25.524,LIVE,NEW_DATA,10.3385,80.5909,47.7647,10.3385,80.5909,47.7647
2026-06-02 14:40:25.556,LIVE,NEW_DATA,10.3385,80.5909,47.7647,10.3385,80.5909,47.7647
2026-06-02 14:40:25.587,LIVE,NEW_DATA,10.3451,80.5909,47.7647,10.3451,80.5909,47.7647
2026-06-02 14:40:25.620,LIVE,NEW_DATA,10.3472,80.5909,47.7647,10.3472,80.5909,47.7647
2026-06-02 14:40:25.650,LIVE,NEW_DATA,10.3441,80.5909,47.7647,10.3441,80.5909,47.7647
2026-06-02 14:40:25.682,LIVE,NEW_DATA,10.3451,80.5909,47.7647,10.3451,80.5909,47.7647
2026-06-02 14:40:25.712,LIVE,NEW_DATA,10.3434,80.5909,47.7647,10.3434,80.5909,47.7647
2026-06-02 14:40:25.744,LIVE,NEW_DATA,10.3427,80.5473,47.8343,10.3427,80.5473,47.8343
2026-06-02 14:40:25.775,LIVE,NEW_DATA,10.3396,80.5473,47.8343,10.3396,80.5473,47.8343
2026-06-02 14:40:25.807,LIVE,NEW_DATA,10.3427,80.5473,47.8343,10.3427,80.5473,47.8343
2026-06-02 14:40:25.842,LIVE,NEW_DATA,10.3448,80.5473,47.8343,10.3448,80.5473,47.8343
2026-06-02 14:40:25.870,LIVE,NEW_DATA,10.3423,80.5473,47.8343,10.3423,80.5473,47.8343
2026-06-02 14:40:25.902,LIVE,NEW_DATA,10.3451,80.5473,47.8343,10.3451,80.5473,47.8343
2026-06-02 14:40:25.935,LIVE,NEW_DATA,10.3385,80.5473,47.8343,10.3385,80.5473,47.8343
2026-06-02 14:40:25.967,LIVE,NEW_DATA,10.3413,80.5473,47.8343,10.3413,80.5473,47.8343
2026-06-02 14:40:25.997,LIVE,NEW_DATA,10.3451,80.5473,47.8343,10.3451,80.5473,47.8343
2026-06-02 14:40:26.028,LIVE,NEW_DATA,10.3482,80.5473,47.8343,10.3482,80.5473,47.8343
2026-06-02 14:40:26.060,LIVE,NEW_DATA,10.3444,80.5473,47.8343,10.3444,80.5473,47.8343
2026-06-02 14:40:26.090,LIVE,NEW_DATA,10.3399,80.5473,47.8343,10.3399,80.5473,47.8343
2026-06-02 14:40:26.123,LIVE,NEW_DATA,10.3441,80.5473,47.8343,10.3441,80.5473,47.8343
2026-06-02 14:40:26.154,LIVE,NEW_DATA,10.3663,80.5473,47.8343,10.3663,80.5473,47.8343
2026-06-02 14:40:26.185,LIVE,NEW_DATA,10.3430,80.5473,47.8343,10.3430,80.5473,47.8343
2026-06-02 14:40:26.216,LIVE,NEW_DATA,10.3451,80.5473,47.8343,10.3451,80.5473,47.8343
2026-06-02 14:40:26.249,LIVE,NEW_DATA,10.3451,80.3237,48.1211,10.3451,80.3237,48.1211
2026-06-02 14:40:26.280,LIVE,NEW_DATA,10.3451,80.3237,48.1211,10.3451,80.3237,48.1211
2026-06-02 14:40:26.312,LIVE,NEW_DATA,10.3472,80.3237,48.1211,10.3472,80.3237,48.1211
2026-06-02 14:40:26.344,LIVE,NEW_DATA,10.3451,80.3237,48.1211,10.3451,80.3237,48.1211
2026-06-02 14:40:26.374,LIVE,NEW_DATA,10.3552,80.3237,48.1211,10.3552,80.3237,48.1211
2026-06-02 14:40:26.406,LIVE,NEW_DATA,10.3541,80.3237,48.1211,10.3541,80.3237,48.1211
2026-06-02 14:40:26.437,LIVE,NEW_DATA,10.3479,80.3237,48.1211,10.3479,80.3237,48.1211
2026-06-02 14:40:26.469,LIVE,NEW_DATA,10.3468,80.3237,48.1211,10.3468,80.3237,48.1211
2026-06-02 14:40:26.501,LIVE,NEW_DATA,10.3472,80.3237,48.1211,10.3472,80.3237,48.1211
2026-06-02 14:40:26.533,LIVE,NEW_DATA,10.3451,80.3237,48.1211,10.3451,80.3237,48.1211
2026-06-02 14:40:26.566,LIVE,NEW_DATA,10.3437,80.3237,48.1211,10.3437,80.3237,48.1211
2026-06-02 14:40:26.597,LIVE,NEW_DATA,10.3468,80.3237,48.1211,10.3468,80.3237,48.1211
2026-06-02 14:40:26.631,LIVE,NEW_DATA,10.3427,80.3237,48.1211,10.3427,80.3237,48.1211
2026-06-02 14:40:26.660,LIVE,NEW_DATA,10.3423,80.3237,48.1211,10.3423,80.3237,48.1211
2026-06-02 14:40:26.691,LIVE,NEW_DATA,10.3434,80.3237,48.1211,10.3434,80.3237,48.1211
2026-06-02 14:40:26.722,LIVE,NEW_DATA,10.3399,80.3237,48.1211,10.3399,80.3237,48.1211
2026-06-02 14:40:26.754,LIVE,NEW_DATA,10.3368,80.2828,47.8082,10.3368,80.2828,47.8082
2026-06-02 14:40:26.784,LIVE,NEW_DATA,10.3413,80.2828,47.8082,10.3413,80.2828,47.8082
2026-06-02 14:40:26.816,LIVE,NEW_DATA,10.3385,80.2828,47.8082,10.3385,80.2828,47.8082
2026-06-02 14:40:26.848,LIVE,NEW_DATA,10.3357,80.2828,47.8082,10.3357,80.2828,47.8082
2026-06-02 14:40:26.879,LIVE,NEW_DATA,10.3378,80.2828,47.8082,10.3378,80.2828,47.8082
2026-06-02 14:40:26.911,LIVE,NEW_DATA,10.3597,80.2828,47.8082,10.3597,80.2828,47.8082
2026-06-02 14:40:26.943,LIVE,NEW_DATA,10.3288,80.2828,47.8082,10.3288,80.2828,47.8082
2026-06-02 14:40:26.974,LIVE,NEW_DATA,10.3337,80.2828,47.8082,10.3337,80.2828,47.8082
2026-06-02 14:40:27.006,LIVE,NEW_DATA,10.3333,80.2828,47.8082,10.3333,80.2828,47.8082
2026-06-02 14:40:27.038,LIVE,NEW_DATA,10.3330,80.2828,47.8082,10.3330,80.2828,47.8082
2026-06-02 14:40:27.069,LIVE,NEW_DATA,10.3347,80.2828,47.8082,10.3347,80.2828,47.8082
2026-06-02 14:40:27.100,LIVE,NEW_DATA,10.3361,80.2828,47.8082,10.3361,80.2828,47.8082
2026-06-02 14:40:27.133,LIVE,NEW_DATA,10.3302,80.2828,47.8082,10.3302,80.2828,47.8082
2026-06-02 14:40:27.166,LIVE,NEW_DATA,10.3274,80.2828,47.8082,10.3274,80.2828,47.8082
2026-06-02 14:40:27.195,LIVE,NEW_DATA,10.3236,80.2828,47.8082,10.3236,80.2828,47.8082
2026-06-02 14:40:27.228,LIVE,NEW_DATA,10.3233,80.2828,47.8082,10.3233,80.2828,47.8082
2026-06-02 14:40:27.260,LIVE,NEW_DATA,10.3219,80.4579,47.8033,10.3219,80.4579,47.8033
2026-06-02 14:40:27.291,LIVE,NEW_DATA,10.3163,80.4579,47.8033,10.3163,80.4579,47.8033
2026-06-02 14:40:27.324,LIVE,NEW_DATA,10.3132,80.4579,47.8033,10.3132,80.4579,47.8033
2026-06-02 14:40:27.355,LIVE,NEW_DATA,10.3125,80.4579,47.8033,10.3125,80.4579,47.8033
2026-06-02 14:40:27.387,LIVE,NEW_DATA,10.3007,80.4579,47.8033,10.3007,80.4579,47.8033
2026-06-02 14:40:27.421,LIVE,NEW_DATA,10.2931,80.4579,47.8033,10.2931,80.4579,47.8033
2026-06-02 14:40:27.449,LIVE,NEW_DATA,10.2810,80.4579,47.8033,10.2810,80.4579,47.8033
2026-06-02 14:40:27.481,LIVE,NEW_DATA,10.2733,80.4579,47.8033,10.2733,80.4579,47.8033
2026-06-02 14:40:27.512,LIVE,NEW_DATA,10.2678,80.4579,47.8033,10.2678,80.4579,47.8033
2026-06-02 14:40:27.544,LIVE,NEW_DATA,10.2612,80.4579,47.8033,10.2612,80.4579,47.8033
2026-06-02 14:40:27.575,LIVE,NEW_DATA,10.2608,80.4579,47.8033,10.2608,80.4579,47.8033
2026-06-02 14:40:27.607,LIVE,NEW_DATA,10.2556,80.4579,47.8033,10.2556,80.4579,47.8033
2026-06-02 14:40:27.639,LIVE,NEW_DATA,10.2491,80.4579,47.8033,10.2491,80.4579,47.8033
2026-06-02 14:40:27.671,LIVE,NEW_DATA,10.2608,80.4579,47.8033,10.2608,80.4579,47.8033
2026-06-02 14:40:27.701,LIVE,NEW_DATA,10.2421,80.4579,47.8033,10.2421,80.4579,47.8033
2026-06-02 14:40:27.733,LIVE,NEW_DATA,10.2470,80.4579,47.8033,10.2470,80.4579,47.8033
2026-06-02 14:40:27.765,LIVE,NEW_DATA,10.2359,80.4579,48.1162,10.2359,80.4579,48.1162
2026-06-02 14:40:27.797,LIVE,NEW_DATA,10.2414,80.4579,48.1162,10.2414,80.4579,48.1162
2026-06-02 14:40:27.828,LIVE,NEW_DATA,10.2386,80.4579,48.1162,10.2386,80.4579,48.1162
2026-06-02 14:40:27.859,LIVE,NEW_DATA,10.2428,80.4579,48.1162,10.2428,80.4579,48.1162
2026-06-02 14:40:27.891,LIVE,NEW_DATA,10.2442,80.4579,48.1162,10.2442,80.4579,48.1162
2026-06-02 14:40:27.923,LIVE,NEW_DATA,10.2421,80.4579,48.1162,10.2421,80.4579,48.1162
2026-06-02 14:40:27.954,LIVE,NEW_DATA,10.2432,80.4579,48.1162,10.2432,80.4579,48.1162
2026-06-02 14:40:27.985,LIVE,NEW_DATA,10.2369,80.4579,48.1162,10.2369,80.4579,48.1162
2026-06-02 14:40:28.017,LIVE,NEW_DATA,10.2366,80.4579,48.1162,10.2366,80.4579,48.1162
2026-06-02 14:40:28.048,LIVE,NEW_DATA,10.2341,80.4579,48.1162,10.2341,80.4579,48.1162
2026-06-02 14:40:28.081,LIVE,NEW_DATA,10.2286,80.4579,48.1162,10.2286,80.4579,48.1162
2026-06-02 14:40:28.111,LIVE,NEW_DATA,10.2293,80.4579,48.1162,10.2293,80.4579,48.1162
2026-06-02 14:40:28.144,LIVE,NEW_DATA,10.2262,80.4579,48.1162,10.2262,80.4579,48.1162
2026-06-02 14:40:28.175,LIVE,NEW_DATA,10.2234,80.4579,48.1162,10.2234,80.4579,48.1162
2026-06-02 14:40:28.208,LIVE,NEW_DATA,10.2272,80.4579,48.1162,10.2272,80.4579,48.1162
2026-06-02 14:40:28.236,LIVE,NEW_DATA,10.2227,80.4579,48.1162,10.2227,80.4579,48.1162
2026-06-02 14:40:28.268,LIVE,NEW_DATA,10.2258,80.5474,48.1343,10.2258,80.5474,48.1343
2026-06-02 14:40:28.301,LIVE,NEW_DATA,10.2199,80.5474,48.1343,10.2199,80.5474,48.1343
2026-06-02 14:40:28.332,LIVE,NEW_DATA,10.2119,80.5474,48.1343,10.2119,80.5474,48.1343
2026-06-02 14:40:28.364,LIVE,NEW_DATA,10.2102,80.5474,48.1343,10.2102,80.5474,48.1343
2026-06-02 14:40:28.395,LIVE,NEW_DATA,10.2331,80.5474,48.1343,10.2331,80.5474,48.1343
2026-06-02 14:40:28.427,LIVE,NEW_DATA,10.2047,80.5474,48.1343,10.2047,80.5474,48.1343
2026-06-02 14:40:28.459,LIVE,NEW_DATA,10.2078,80.5474,48.1343,10.2078,80.5474,48.1343
2026-06-02 14:40:28.490,LIVE,NEW_DATA,10.2102,80.5474,48.1343,10.2102,80.5474,48.1343
2026-06-02 14:40:28.521,LIVE,NEW_DATA,10.2026,80.5474,48.1343,10.2026,80.5474,48.1343
2026-06-02 14:40:28.553,LIVE,NEW_DATA,10.2109,80.5474,48.1343,10.2109,80.5474,48.1343
2026-06-02 14:40:28.585,LIVE,NEW_DATA,10.2171,80.5474,48.1343,10.2171,80.5474,48.1343
2026-06-02 14:40:28.616,LIVE,NEW_DATA,10.2116,80.5474,48.1343,10.2116,80.5474,48.1343
2026-06-02 14:40:28.648,LIVE,NEW_DATA,10.2185,80.5474,48.1343,10.2185,80.5474,48.1343
2026-06-02 14:40:28.680,LIVE,NEW_DATA,10.2165,80.5474,48.1343,10.2165,80.5474,48.1343
2026-06-02 14:40:28.711,LIVE,NEW_DATA,10.2165,80.5474,48.1343,10.2165,80.5474,48.1343
2026-06-02 14:40:28.743,LIVE,NEW_DATA,10.2144,80.5446,47.7886,10.2144,80.5446,47.7886
2026-06-02 14:40:28.774,LIVE,NEW_DATA,10.2196,80.5446,47.7886,10.2196,80.5446,47.7886
2026-06-02 14:40:28.806,LIVE,NEW_DATA,10.2119,80.5446,47.7886,10.2119,80.5446,47.7886
2026-06-02 14:40:28.837,LIVE,NEW_DATA,10.2185,80.5446,47.7886,10.2185,80.5446,47.7886
2026-06-02 14:40:28.868,LIVE,NEW_DATA,10.2192,80.5446,47.7886,10.2192,80.5446,47.7886
2026-06-02 14:40:28.900,LIVE,NEW_DATA,10.2192,80.5446,47.7886,10.2192,80.5446,47.7886
2026-06-02 14:40:28.932,LIVE,NEW_DATA,10.2119,80.5446,47.7886,10.2119,80.5446,47.7886
2026-06-02 14:40:28.965,LIVE,NEW_DATA,10.2109,80.5446,47.7886,10.2109,80.5446,47.7886
2026-06-02 14:40:29.001,LIVE,NEW_DATA,10.2119,80.5446,47.7886,10.2119,80.5446,47.7886
2026-06-02 14:40:29.026,LIVE,NEW_DATA,10.2060,80.5446,47.7886,10.2060,80.5446,47.7886
2026-06-02 14:40:29.058,LIVE,NEW_DATA,10.2012,80.5446,47.7886,10.2012,80.5446,47.7886
2026-06-02 14:40:29.090,LIVE,NEW_DATA,10.1981,80.5446,47.7886,10.1981,80.5446,47.7886
2026-06-02 14:40:29.121,LIVE,NEW_DATA,10.1998,80.5446,47.7886,10.1998,80.5446,47.7886
2026-06-02 14:40:29.153,LIVE,NEW_DATA,10.2012,80.5446,47.7886,10.2012,80.5446,47.7886
2026-06-02 14:40:29.184,LIVE,NEW_DATA,10.1943,80.5446,47.7886,10.1943,80.5446,47.7886
2026-06-02 14:40:29.214,LIVE,NEW_DATA,10.1970,80.5446,47.7886,10.1970,80.5446,47.7886
2026-06-02 14:40:29.246,LIVE,NEW_DATA,10.1943,80.6600,47.7886,10.1943,80.6600,47.7886
2026-06-02 14:40:29.278,LIVE,NEW_DATA,10.1953,80.6600,47.7886,10.1953,80.6600,47.7886
2026-06-02 14:40:29.310,LIVE,NEW_DATA,10.1950,80.6600,47.7886,10.1950,80.6600,47.7886
2026-06-02 14:40:29.340,LIVE,NEW_DATA,10.2002,80.6600,47.7886,10.2002,80.6600,47.7886
2026-06-02 14:40:29.372,LIVE,NEW_DATA,10.1988,80.6600,47.7886,10.1988,80.6600,47.7886
2026-06-02 14:40:29.404,LIVE,NEW_DATA,10.1943,80.6600,47.7886,10.1943,80.6600,47.7886
2026-06-02 14:40:29.436,LIVE,NEW_DATA,10.1956,80.6600,47.7886,10.1956,80.6600,47.7886
2026-06-02 14:40:29.467,LIVE,NEW_DATA,10.1960,80.6600,47.7886,10.1960,80.6600,47.7886
2026-06-02 14:40:29.499,LIVE,NEW_DATA,10.1929,80.6600,47.7886,10.1929,80.6600,47.7886
2026-06-02 14:40:29.532,LIVE,NEW_DATA,10.1946,80.6600,47.7886,10.1946,80.6600,47.7886
2026-06-02 14:40:29.563,LIVE,NEW_DATA,10.1960,80.6600,47.7886,10.1960,80.6600,47.7886
2026-06-02 14:40:29.594,LIVE,NEW_DATA,10.1915,80.6600,47.7886,10.1915,80.6600,47.7886
2026-06-02 14:40:29.626,LIVE,NEW_DATA,10.1936,80.6600,47.7886,10.1936,80.6600,47.7886
2026-06-02 14:40:29.657,LIVE,NEW_DATA,10.1929,80.6600,47.7886,10.1929,80.6600,47.7886
2026-06-02 14:40:29.689,LIVE,NEW_DATA,10.1918,80.6600,47.7886,10.1918,80.6600,47.7886
2026-06-02 14:40:29.719,LIVE,NEW_DATA,10.1894,80.6600,47.7886,10.1894,80.6600,47.7886
2026-06-02 14:40:29.751,LIVE,NEW_DATA,10.1943,80.5678,47.5560,10.1943,80.5678,47.5560
2026-06-02 14:40:29.786,LIVE,NEW_DATA,10.1894,80.5678,47.5560,10.1894,80.5678,47.5560
2026-06-02 14:40:29.814,LIVE,NEW_DATA,10.1922,80.5678,47.5560,10.1922,80.5678,47.5560
2026-06-02 14:40:29.845,LIVE,NEW_DATA,10.1988,80.5678,47.5560,10.1988,80.5678,47.5560
2026-06-02 14:40:29.877,LIVE,NEW_DATA,10.2165,80.5678,47.5560,10.2165,80.5678,47.5560
2026-06-02 14:40:29.908,LIVE,NEW_DATA,10.1970,80.5678,47.5560,10.1970,80.5678,47.5560
2026-06-02 14:40:29.941,LIVE,NEW_DATA,10.1950,80.5678,47.5560,10.1950,80.5678,47.5560
2026-06-02 14:40:29.973,LIVE,NEW_DATA,10.1988,80.5678,47.5560,10.1988,80.5678,47.5560
2026-06-02 14:40:30.005,LIVE,NEW_DATA,10.1984,80.5678,47.5560,10.1984,80.5678,47.5560
2026-06-02 14:40:30.035,LIVE,NEW_DATA,10.2026,80.5678,47.5560,10.2026,80.5678,47.5560
2026-06-02 14:40:30.067,LIVE,NEW_DATA,10.2064,80.5678,47.5560,10.2064,80.5678,47.5560
2026-06-02 14:40:30.098,LIVE,NEW_DATA,10.2081,80.5678,47.5560,10.2081,80.5678,47.5560
2026-06-02 14:40:30.131,LIVE,NEW_DATA,10.2102,80.5678,47.5560,10.2102,80.5678,47.5560
2026-06-02 14:40:30.162,LIVE,NEW_DATA,10.2092,80.5678,47.5560,10.2092,80.5678,47.5560
2026-06-02 14:40:30.194,LIVE,NEW_DATA,10.2060,80.5678,47.5560,10.2060,80.5678,47.5560
2026-06-02 14:40:30.226,LIVE,NEW_DATA,10.2106,80.5678,47.5560,10.2106,80.5678,47.5560
2026-06-02 14:40:30.257,LIVE,NEW_DATA,10.2067,80.5379,47.7049,10.2067,80.5379,47.7049
2026-06-02 14:40:30.289,LIVE,NEW_DATA,10.2088,80.5379,47.7049,10.2088,80.5379,47.7049
2026-06-02 14:40:30.319,LIVE,NEW_DATA,10.2119,80.5379,47.7049,10.2119,80.5379,47.7049
2026-06-02 14:40:30.352,LIVE,NEW_DATA,10.2119,80.5379,47.7049,10.2119,80.5379,47.7049
2026-06-02 14:40:30.382,LIVE,NEW_DATA,10.2140,80.5379,47.7049,10.2140,80.5379,47.7049
2026-06-02 14:40:30.413,LIVE,NEW_DATA,10.2175,80.5379,47.7049,10.2175,80.5379,47.7049
2026-06-02 14:40:30.445,LIVE,NEW_DATA,10.2244,80.5379,47.7049,10.2244,80.5379,47.7049
2026-06-02 14:40:30.477,LIVE,NEW_DATA,10.2165,80.5379,47.7049,10.2165,80.5379,47.7049
2026-06-02 14:40:30.508,LIVE,NEW_DATA,10.2217,80.5379,47.7049,10.2217,80.5379,47.7049
2026-06-02 14:40:30.540,LIVE,NEW_DATA,10.2272,80.5379,47.7049,10.2272,80.5379,47.7049
2026-06-02 14:40:30.577,LIVE,NEW_DATA,10.2192,80.5379,47.7049,10.2192,80.5379,47.7049
2026-06-02 14:40:30.604,LIVE,NEW_DATA,10.2279,80.5379,47.7049,10.2279,80.5379,47.7049
2026-06-02 14:40:30.635,LIVE,NEW_DATA,10.2386,80.5379,47.7049,10.2386,80.5379,47.7049
2026-06-02 14:40:30.667,LIVE,NEW_DATA,10.2220,80.5379,47.7049,10.2220,80.5379,47.7049
2026-06-02 14:40:30.699,LIVE,NEW_DATA,10.2276,80.5379,47.7049,10.2276,80.5379,47.7049
2026-06-02 14:40:30.731,LIVE,NEW_DATA,10.2314,80.5379,47.7049,10.2314,80.5379,47.7049
2026-06-02 14:40:30.762,LIVE,NEW_DATA,10.2303,80.6305,47.7049,10.2303,80.6305,47.7049
2026-06-02 14:40:30.794,LIVE,NEW_DATA,10.2338,80.6305,47.7049,10.2338,80.6305,47.7049
2026-06-02 14:40:30.824,LIVE,NEW_DATA,10.2331,80.6305,47.7049,10.2331,80.6305,47.7049
2026-06-02 14:40:30.856,LIVE,NEW_DATA,10.2400,80.6305,47.7049,10.2400,80.6305,47.7049
2026-06-02 14:40:30.888,LIVE,NEW_DATA,10.2414,80.6305,47.7049,10.2414,80.6305,47.7049
2026-06-02 14:40:30.919,LIVE,NEW_DATA,10.2386,80.6305,47.7049,10.2386,80.6305,47.7049
2026-06-02 14:40:30.951,LIVE,NEW_DATA,10.2397,80.6305,47.7049,10.2397,80.6305,47.7049
2026-06-02 14:40:30.983,LIVE,NEW_DATA,10.2373,80.6305,47.7049,10.2373,80.6305,47.7049
2026-06-02 14:40:31.014,LIVE,NEW_DATA,10.2442,80.6305,47.7049,10.2442,80.6305,47.7049
2026-06-02 14:40:31.046,LIVE,NEW_DATA,10.2407,80.6305,47.7049,10.2407,80.6305,47.7049
2026-06-02 14:40:31.077,LIVE,NEW_DATA,10.2418,80.6305,47.7049,10.2418,80.6305,47.7049
2026-06-02 14:40:31.110,LIVE,NEW_DATA,10.2400,80.6305,47.7049,10.2400,80.6305,47.7049
2026-06-02 14:40:31.141,LIVE,NEW_DATA,10.2463,80.6305,47.7049,10.2463,80.6305,47.7049
2026-06-02 14:40:31.174,LIVE,NEW_DATA,10.2445,80.6305,47.7049,10.2445,80.6305,47.7049
2026-06-02 14:40:31.205,LIVE,NEW_DATA,10.2456,80.6305,47.7049,10.2456,80.6305,47.7049
2026-06-02 14:40:31.235,LIVE,NEW_DATA,10.2508,80.6305,47.7049,10.2508,80.6305,47.7049
2026-06-02 14:40:31.268,LIVE,NEW_DATA,10.2449,80.7121,47.6831,10.2449,80.7121,47.6831
2026-06-02 14:40:31.299,LIVE,NEW_DATA,10.2491,80.7121,47.6831,10.2491,80.7121,47.6831
2026-06-02 14:40:31.331,LIVE,NEW_DATA,10.2463,80.7121,47.6831,10.2463,80.7121,47.6831
2026-06-02 14:40:31.367,LIVE,NEW_DATA,10.2588,80.7121,47.6831,10.2588,80.7121,47.6831
2026-06-02 14:40:31.393,LIVE,NEW_DATA,10.2497,80.7121,47.6831,10.2497,80.7121,47.6831
2026-06-02 14:40:31.424,LIVE,NEW_DATA,10.2463,80.7121,47.6831,10.2463,80.7121,47.6831
2026-06-02 14:40:31.456,LIVE,NEW_DATA,10.2438,80.7121,47.6831,10.2438,80.7121,47.6831
2026-06-02 14:40:31.488,LIVE,NEW_DATA,10.2418,80.7121,47.6831,10.2418,80.7121,47.6831
2026-06-02 14:40:31.518,LIVE,NEW_DATA,10.2470,80.7121,47.6831,10.2470,80.7121,47.6831
2026-06-02 14:40:31.551,LIVE,NEW_DATA,10.2470,80.7121,47.6831,10.2470,80.7121,47.6831
2026-06-02 14:40:31.581,LIVE,NEW_DATA,10.2501,80.7121,47.6831,10.2501,80.7121,47.6831
2026-06-02 14:40:31.614,LIVE,NEW_DATA,10.2515,80.7121,47.6831,10.2515,80.7121,47.6831
2026-06-02 14:40:31.646,LIVE,NEW_DATA,10.2511,80.7121,47.6831,10.2511,80.7121,47.6831
2026-06-02 14:40:31.678,LIVE,NEW_DATA,10.2456,80.7121,47.6831,10.2456,80.7121,47.6831
2026-06-02 14:40:31.709,LIVE,NEW_DATA,10.2445,80.7121,47.6831,10.2445,80.7121,47.6831
2026-06-02 14:40:31.741,LIVE,NEW_DATA,10.2449,80.7121,47.6831,10.2449,80.7121,47.6831
2026-06-02 14:40:31.772,LIVE,NEW_DATA,10.2452,80.7297,47.6951,10.2452,80.7297,47.6951
2026-06-02 14:40:31.803,LIVE,NEW_DATA,10.2459,80.7297,47.6951,10.2459,80.7297,47.6951
2026-06-02 14:40:31.835,LIVE,NEW_DATA,10.2452,80.7297,47.6951,10.2452,80.7297,47.6951
2026-06-02 14:40:31.867,LIVE,NEW_DATA,10.2435,80.7297,47.6951,10.2435,80.7297,47.6951
2026-06-02 14:40:31.898,LIVE,NEW_DATA,10.2456,80.7297,47.6951,10.2456,80.7297,47.6951
2026-06-02 14:40:31.930,LIVE,NEW_DATA,10.2425,80.7297,47.6951,10.2425,80.7297,47.6951
2026-06-02 14:40:31.964,LIVE,NEW_DATA,10.2463,80.7297,47.6951,10.2463,80.7297,47.6951
2026-06-02 14:40:31.994,LIVE,NEW_DATA,10.2445,80.7297,47.6951,10.2445,80.7297,47.6951
2026-06-02 14:40:32.025,LIVE,NEW_DATA,10.2456,80.7297,47.6951,10.2456,80.7297,47.6951
2026-06-02 14:40:32.056,LIVE,NEW_DATA,10.2418,80.7297,47.6951,10.2418,80.7297,47.6951
2026-06-02 14:40:32.089,LIVE,NEW_DATA,10.2560,80.7297,47.6951,10.2560,80.7297,47.6951
2026-06-02 14:40:32.120,LIVE,NEW_DATA,10.2432,80.7297,47.6951,10.2432,80.7297,47.6951
2026-06-02 14:40:32.154,LIVE,NEW_DATA,10.2425,80.7297,47.6951,10.2425,80.7297,47.6951
2026-06-02 14:40:32.183,LIVE,NEW_DATA,10.2404,80.7297,47.6951,10.2404,80.7297,47.6951
2026-06-02 14:40:32.214,LIVE,NEW_DATA,10.2414,80.7297,47.6951,10.2414,80.7297,47.6951
2026-06-02 14:40:32.246,LIVE,NEW_DATA,10.2428,80.9215,47.6951,10.2428,80.9215,47.6951
2026-06-02 14:40:32.278,LIVE,NEW_DATA,10.2456,80.9215,47.6951,10.2456,80.9215,47.6951
2026-06-02 14:40:32.309,LIVE,NEW_DATA,10.2473,80.9215,47.6951,10.2473,80.9215,47.6951
2026-06-02 14:40:32.342,LIVE,NEW_DATA,10.2497,80.9215,47.6951,10.2497,80.9215,47.6951
2026-06-02 14:40:32.373,LIVE,NEW_DATA,10.2449,80.9215,47.6951,10.2449,80.9215,47.6951
2026-06-02 14:40:32.404,LIVE,NEW_DATA,10.2421,80.9215,47.6951,10.2421,80.9215,47.6951
2026-06-02 14:40:32.435,LIVE,NEW_DATA,10.2369,80.9215,47.6951,10.2369,80.9215,47.6951
2026-06-02 14:40:32.467,LIVE,NEW_DATA,10.2362,80.9215,47.6951,10.2362,80.9215,47.6951
2026-06-02 14:40:32.499,LIVE,NEW_DATA,10.2303,80.9215,47.6951,10.2303,80.9215,47.6951
2026-06-02 14:40:32.531,LIVE,NEW_DATA,10.2380,80.9215,47.6951,10.2380,80.9215,47.6951
2026-06-02 14:40:32.563,LIVE,NEW_DATA,10.2341,80.9215,47.6951,10.2341,80.9215,47.6951
2026-06-02 14:40:32.593,LIVE,NEW_DATA,10.2338,80.9215,47.6951,10.2338,80.9215,47.6951
2026-06-02 14:40:32.625,LIVE,NEW_DATA,10.2345,80.9215,47.6951,10.2345,80.9215,47.6951
2026-06-02 14:40:32.657,LIVE,NEW_DATA,10.2338,80.9215,47.6951,10.2338,80.9215,47.6951
2026-06-02 14:40:32.689,LIVE,NEW_DATA,10.2352,80.9215,47.6951,10.2352,80.9215,47.6951
2026-06-02 14:40:32.720,LIVE,NEW_DATA,10.2345,80.9215,47.6951,10.2345,80.9215,47.6951
2026-06-02 14:40:32.751,LIVE,NEW_DATA,10.2324,81.0037,46.7016,10.2324,81.0037,46.7016
2026-06-02 14:40:32.782,LIVE,NEW_DATA,10.2331,81.0037,46.7016,10.2331,81.0037,46.7016
2026-06-02 14:40:32.814,LIVE,NEW_DATA,10.2310,81.0037,46.7016,10.2310,81.0037,46.7016
2026-06-02 14:40:32.846,LIVE,NEW_DATA,10.2539,81.0037,46.7016,10.2539,81.0037,46.7016
2026-06-02 14:40:32.877,LIVE,NEW_DATA,10.2296,81.0037,46.7016,10.2296,81.0037,46.7016
2026-06-02 14:40:32.909,LIVE,NEW_DATA,10.2300,81.0037,46.7016,10.2300,81.0037,46.7016
2026-06-02 14:40:32.943,LIVE,NEW_DATA,10.2276,81.0037,46.7016,10.2276,81.0037,46.7016
2026-06-02 14:40:32.972,LIVE,NEW_DATA,10.2276,81.0037,46.7016,10.2276,81.0037,46.7016
2026-06-02 14:40:33.004,LIVE,NEW_DATA,10.2324,81.0037,46.7016,10.2324,81.0037,46.7016
2026-06-02 14:40:33.035,LIVE,NEW_DATA,10.2328,81.0037,46.7016,10.2328,81.0037,46.7016
2026-06-02 14:40:33.066,LIVE,NEW_DATA,10.2366,81.0037,46.7016,10.2366,81.0037,46.7016
2026-06-02 14:40:33.098,LIVE,NEW_DATA,10.2303,81.0037,46.7016,10.2303,81.0037,46.7016
2026-06-02 14:40:33.129,LIVE,NEW_DATA,10.2289,81.0037,46.7016,10.2289,81.0037,46.7016
2026-06-02 14:40:33.162,LIVE,NEW_DATA,10.2255,81.0037,46.7016,10.2255,81.0037,46.7016
2026-06-02 14:40:33.194,LIVE,NEW_DATA,10.2255,81.0037,46.7016,10.2255,81.0037,46.7016
2026-06-02 14:40:33.225,LIVE,NEW_DATA,10.2248,81.0037,46.7016,10.2248,81.0037,46.7016
2026-06-02 14:40:33.255,LIVE,NEW_DATA,10.2199,80.9975,46.3184,10.2199,80.9975,46.3184
2026-06-02 14:40:33.287,LIVE,NEW_DATA,10.2213,80.9975,46.3184,10.2213,80.9975,46.3184
2026-06-02 14:40:33.320,LIVE,NEW_DATA,10.2251,80.9975,46.3184,10.2251,80.9975,46.3184
2026-06-02 14:40:33.352,LIVE,NEW_DATA,10.2258,80.9975,46.3184,10.2258,80.9975,46.3184
2026-06-02 14:40:33.383,LIVE,NEW_DATA,10.2213,80.9975,46.3184,10.2213,80.9975,46.3184
2026-06-02 14:40:33.415,LIVE,NEW_DATA,10.2206,80.9975,46.3184,10.2206,80.9975,46.3184
2026-06-02 14:40:33.446,LIVE,NEW_DATA,10.2244,80.9975,46.3184,10.2244,80.9975,46.3184
2026-06-02 14:40:33.478,LIVE,NEW_DATA,10.2220,80.9975,46.3184,10.2220,80.9975,46.3184
2026-06-02 14:40:33.508,LIVE,NEW_DATA,10.2192,80.9975,46.3184,10.2192,80.9975,46.3184
2026-06-02 14:40:33.541,LIVE,NEW_DATA,10.2199,80.9975,46.3184,10.2199,80.9975,46.3184
2026-06-02 14:40:33.573,LIVE,NEW_DATA,10.2286,80.9975,46.3184,10.2286,80.9975,46.3184
2026-06-02 14:40:33.604,LIVE,NEW_DATA,10.2248,80.9975,46.3184,10.2248,80.9975,46.3184
2026-06-02 14:40:33.635,LIVE,NEW_DATA,10.2196,80.9975,46.3184,10.2196,80.9975,46.3184
2026-06-02 14:40:33.667,LIVE,NEW_DATA,10.2175,80.9975,46.3184,10.2175,80.9975,46.3184
2026-06-02 14:40:33.700,LIVE,NEW_DATA,10.2140,80.9975,46.3184,10.2140,80.9975,46.3184
2026-06-02 14:40:33.735,LIVE,NEW_DATA,10.2151,80.9975,46.3184,10.2151,80.9975,46.3184
2026-06-02 14:40:33.762,LIVE,NEW_DATA,10.2192,81.0064,46.3184,10.2192,81.0064,46.3184
2026-06-02 14:40:33.794,LIVE,NEW_DATA,10.2223,81.0064,46.3184,10.2223,81.0064,46.3184
2026-06-02 14:40:33.825,LIVE,NEW_DATA,10.2230,81.0064,46.3184,10.2230,81.0064,46.3184
2026-06-02 14:40:33.855,LIVE,NEW_DATA,10.2182,81.0064,46.3184,10.2182,81.0064,46.3184
2026-06-02 14:40:33.887,LIVE,NEW_DATA,10.2199,81.0064,46.3184,10.2199,81.0064,46.3184
2026-06-02 14:40:33.919,LIVE,NEW_DATA,10.2119,81.0064,46.3184,10.2119,81.0064,46.3184
2026-06-02 14:40:33.950,LIVE,NEW_DATA,10.2158,81.0064,46.3184,10.2158,81.0064,46.3184
2026-06-02 14:40:33.982,LIVE,NEW_DATA,10.2119,81.0064,46.3184,10.2119,81.0064,46.3184
2026-06-02 14:40:34.014,LIVE,NEW_DATA,10.2102,81.0064,46.3184,10.2102,81.0064,46.3184
2026-06-02 14:40:34.046,LIVE,NEW_DATA,10.2119,81.0064,46.3184,10.2119,81.0064,46.3184
2026-06-02 14:40:34.078,LIVE,NEW_DATA,10.2109,81.0064,46.3184,10.2109,81.0064,46.3184
2026-06-02 14:40:34.108,LIVE,NEW_DATA,10.2081,81.0064,46.3184,10.2081,81.0064,46.3184
2026-06-02 14:40:34.140,LIVE,NEW_DATA,10.2057,81.0064,46.3184,10.2057,81.0064,46.3184
2026-06-02 14:40:34.172,LIVE,NEW_DATA,10.2119,81.0064,46.3184,10.2119,81.0064,46.3184
2026-06-02 14:40:34.204,LIVE,NEW_DATA,10.2119,81.0064,46.3184,10.2119,81.0064,46.3184
2026-06-02 14:40:34.234,LIVE,NEW_DATA,10.2088,81.0064,46.3184,10.2088,81.0064,46.3184
2026-06-02 14:40:34.266,LIVE,NEW_DATA,10.2081,81.1055,45.8779,10.2081,81.1055,45.8779
2026-06-02 14:40:34.298,LIVE,NEW_DATA,10.2092,81.1055,45.8779,10.2092,81.1055,45.8779
2026-06-02 14:40:34.330,LIVE,NEW_DATA,10.2303,81.1055,45.8779,10.2303,81.1055,45.8779
2026-06-02 14:40:34.362,LIVE,NEW_DATA,10.2067,81.1055,45.8779,10.2067,81.1055,45.8779
2026-06-02 14:40:34.392,LIVE,NEW_DATA,10.2102,81.1055,45.8779,10.2102,81.1055,45.8779
2026-06-02 14:40:34.423,LIVE,NEW_DATA,10.2081,81.1055,45.8779,10.2081,81.1055,45.8779
2026-06-02 14:40:34.454,LIVE,NEW_DATA,10.2116,81.1055,45.8779,10.2116,81.1055,45.8779
2026-06-02 14:40:34.486,LIVE,NEW_DATA,10.2095,81.1055,45.8779,10.2095,81.1055,45.8779
2026-06-02 14:40:34.524,LIVE,NEW_DATA,10.2151,81.1055,45.8779,10.2151,81.1055,45.8779
2026-06-02 14:40:34.550,LIVE,NEW_DATA,10.2165,81.1055,45.8779,10.2165,81.1055,45.8779
2026-06-02 14:40:34.582,LIVE,NEW_DATA,10.2140,81.1055,45.8779,10.2140,81.1055,45.8779
2026-06-02 14:40:34.613,LIVE,NEW_DATA,10.2137,81.1055,45.8779,10.2137,81.1055,45.8779
2026-06-02 14:40:34.644,LIVE,NEW_DATA,10.2085,81.1055,45.8779,10.2085,81.1055,45.8779
2026-06-02 14:40:34.676,LIVE,NEW_DATA,10.2116,81.1055,45.8779,10.2116,81.1055,45.8779
2026-06-02 14:40:34.708,LIVE,NEW_DATA,10.2095,81.1055,45.8779,10.2095,81.1055,45.8779
2026-06-02 14:40:34.740,LIVE,NEW_DATA,10.2109,81.1055,45.8779,10.2109,81.1055,45.8779
2026-06-02 14:40:34.771,LIVE,NEW_DATA,10.2119,81.1105,45.8783,10.2119,81.1105,45.8783
2026-06-02 14:40:34.803,LIVE,NEW_DATA,10.2099,81.1105,45.8783,10.2099,81.1105,45.8783
2026-06-02 14:40:34.832,LIVE,NEW_DATA,10.2085,81.1105,45.8783,10.2085,81.1105,45.8783
2026-06-02 14:40:34.864,LIVE,NEW_DATA,10.2092,81.1105,45.8783,10.2092,81.1105,45.8783
2026-06-02 14:40:34.895,LIVE,NEW_DATA,10.2116,81.1105,45.8783,10.2116,81.1105,45.8783
2026-06-02 14:40:34.928,LIVE,NEW_DATA,10.2074,81.1105,45.8783,10.2074,81.1105,45.8783
2026-06-02 14:40:34.960,LIVE,NEW_DATA,10.2081,81.1105,45.8783,10.2081,81.1105,45.8783
2026-06-02 14:40:34.991,LIVE,NEW_DATA,10.2081,81.1105,45.8783,10.2081,81.1105,45.8783
2026-06-02 14:40:35.023,LIVE,NEW_DATA,10.2005,81.1105,45.8783,10.2005,81.1105,45.8783
2026-06-02 14:40:35.054,LIVE,NEW_DATA,10.2182,81.1105,45.8783,10.2182,81.1105,45.8783
2026-06-02 14:40:35.087,LIVE,NEW_DATA,10.2116,81.1105,45.8783,10.2116,81.1105,45.8783
2026-06-02 14:40:35.117,LIVE,NEW_DATA,10.2071,81.1105,45.8783,10.2071,81.1105,45.8783
2026-06-02 14:40:35.149,LIVE,NEW_DATA,10.2067,81.1105,45.8783,10.2067,81.1105,45.8783
2026-06-02 14:40:35.181,LIVE,NEW_DATA,10.2092,81.1105,45.8783,10.2092,81.1105,45.8783
2026-06-02 14:40:35.213,LIVE,NEW_DATA,10.2081,81.1105,45.8783,10.2081,81.1105,45.8783
2026-06-02 14:40:35.245,LIVE,NEW_DATA,10.2081,80.9863,45.8783,10.2081,80.9863,45.8783
2026-06-02 14:40:35.276,LIVE,NEW_DATA,10.2137,80.9863,45.8783,10.2137,80.9863,45.8783
2026-06-02 14:40:35.312,LIVE,NEW_DATA,10.2119,80.9863,45.8783,10.2119,80.9863,45.8783
2026-06-02 14:40:35.339,LIVE,NEW_DATA,10.2161,80.9863,45.8783,10.2161,80.9863,45.8783
2026-06-02 14:40:35.371,LIVE,NEW_DATA,10.2054,80.9863,45.8783,10.2054,80.9863,45.8783
2026-06-02 14:40:35.401,LIVE,NEW_DATA,10.2064,80.9863,45.8783,10.2064,80.9863,45.8783
2026-06-02 14:40:35.432,LIVE,NEW_DATA,10.2092,80.9863,45.8783,10.2092,80.9863,45.8783
2026-06-02 14:40:35.464,LIVE,NEW_DATA,10.2047,80.9863,45.8783,10.2047,80.9863,45.8783
2026-06-02 14:40:35.496,LIVE,NEW_DATA,10.2078,80.9863,45.8783,10.2078,80.9863,45.8783
2026-06-02 14:40:35.529,LIVE,NEW_DATA,10.2054,80.9863,45.8783,10.2054,80.9863,45.8783
2026-06-02 14:40:35.559,LIVE,NEW_DATA,10.2057,80.9863,45.8783,10.2057,80.9863,45.8783
2026-06-02 14:40:35.590,LIVE,NEW_DATA,10.2057,80.9863,45.8783,10.2057,80.9863,45.8783
2026-06-02 14:40:35.621,LIVE,NEW_DATA,10.2015,80.9863,45.8783,10.2015,80.9863,45.8783
2026-06-02 14:40:35.652,LIVE,NEW_DATA,10.2064,80.9863,45.8783,10.2064,80.9863,45.8783
2026-06-02 14:40:35.684,LIVE,NEW_DATA,10.2081,80.9863,45.8783,10.2081,80.9863,45.8783
2026-06-02 14:40:35.716,LIVE,NEW_DATA,10.2054,80.9863,45.8783,10.2054,80.9863,45.8783
2026-06-02 14:40:35.747,LIVE,NEW_DATA,10.2026,81.2110,46.3065,10.2026,81.2110,46.3065
2026-06-02 14:40:35.778,LIVE,NEW_DATA,10.2036,81.2110,46.3065,10.2036,81.2110,46.3065
2026-06-02 14:40:35.810,LIVE,NEW_DATA,10.2258,81.2110,46.3065,10.2258,81.2110,46.3065
2026-06-02 14:40:35.840,LIVE,NEW_DATA,10.2054,81.2110,46.3065,10.2054,81.2110,46.3065
2026-06-02 14:40:35.872,LIVE,NEW_DATA,10.2026,81.2110,46.3065,10.2026,81.2110,46.3065
2026-06-02 14:40:35.903,LIVE,NEW_DATA,10.2002,81.2110,46.3065,10.2002,81.2110,46.3065
2026-06-02 14:40:35.935,LIVE,NEW_DATA,10.2036,81.2110,46.3065,10.2036,81.2110,46.3065
2026-06-02 14:40:35.968,LIVE,NEW_DATA,10.2008,81.2110,46.3065,10.2008,81.2110,46.3065
2026-06-02 14:40:35.999,LIVE,NEW_DATA,10.2036,81.2110,46.3065,10.2036,81.2110,46.3065
2026-06-02 14:40:36.030,LIVE,NEW_DATA,10.2067,81.2110,46.3065,10.2067,81.2110,46.3065
2026-06-02 14:40:36.062,LIVE,NEW_DATA,10.2036,81.2110,46.3065,10.2036,81.2110,46.3065
2026-06-02 14:40:36.097,LIVE,NEW_DATA,10.2054,81.2110,46.3065,10.2054,81.2110,46.3065
2026-06-02 14:40:36.124,LIVE,NEW_DATA,10.1998,81.2110,46.3065,10.1998,81.2110,46.3065
2026-06-02 14:40:36.157,LIVE,NEW_DATA,10.1908,81.2110,46.3065,10.1908,81.2110,46.3065
2026-06-02 14:40:36.188,LIVE,NEW_DATA,10.1970,81.2110,46.3065,10.1970,81.2110,46.3065
2026-06-02 14:40:36.219,LIVE,NEW_DATA,10.1950,81.2110,46.3065,10.1950,81.2110,46.3065
2026-06-02 14:40:36.251,LIVE,NEW_DATA,10.1953,81.1391,47.6706,10.1953,81.1391,47.6706
2026-06-02 14:40:36.282,LIVE,NEW_DATA,10.1953,81.1391,47.6706,10.1953,81.1391,47.6706
2026-06-02 14:40:36.315,LIVE,NEW_DATA,10.1943,81.1391,47.6706,10.1943,81.1391,47.6706
2026-06-02 14:40:36.346,LIVE,NEW_DATA,10.1943,81.1391,47.6706,10.1943,81.1391,47.6706
2026-06-02 14:40:36.378,LIVE,NEW_DATA,10.1873,81.1391,47.6706,10.1873,81.1391,47.6706
2026-06-02 14:40:36.410,LIVE,NEW_DATA,10.1929,81.1391,47.6706,10.1929,81.1391,47.6706
2026-06-02 14:40:36.441,LIVE,NEW_DATA,10.1884,81.1391,47.6706,10.1884,81.1391,47.6706
2026-06-02 14:40:36.471,LIVE,NEW_DATA,10.1842,81.1391,47.6706,10.1842,81.1391,47.6706
2026-06-02 14:40:36.503,LIVE,NEW_DATA,10.1835,81.1391,47.6706,10.1835,81.1391,47.6706
2026-06-02 14:40:36.535,LIVE,NEW_DATA,10.1804,81.1391,47.6706,10.1804,81.1391,47.6706
2026-06-02 14:40:36.568,LIVE,NEW_DATA,10.2043,81.1391,47.6706,10.2043,81.1391,47.6706
2026-06-02 14:40:36.599,LIVE,NEW_DATA,10.1842,81.1391,47.6706,10.1842,81.1391,47.6706
2026-06-02 14:40:36.629,LIVE,NEW_DATA,10.1790,81.1391,47.6706,10.1790,81.1391,47.6706
2026-06-02 14:40:36.661,LIVE,NEW_DATA,10.1703,81.1391,47.6706,10.1703,81.1391,47.6706
2026-06-02 14:40:36.693,LIVE,NEW_DATA,10.1707,81.1391,47.6706,10.1707,81.1391,47.6706
2026-06-02 14:40:36.725,LIVE,NEW_DATA,10.1731,81.1391,47.6706,10.1731,81.1391,47.6706
2026-06-02 14:40:36.757,LIVE,NEW_DATA,10.1766,81.1376,47.6706,10.1766,81.1376,47.6706
2026-06-02 14:40:36.788,LIVE,NEW_DATA,10.1721,81.1376,47.6706,10.1721,81.1376,47.6706
2026-06-02 14:40:36.819,LIVE,NEW_DATA,10.1780,81.1376,47.6706,10.1780,81.1376,47.6706
2026-06-02 14:40:36.851,LIVE,NEW_DATA,10.1748,81.1376,47.6706,10.1748,81.1376,47.6706
2026-06-02 14:40:36.889,LIVE,NEW_DATA,10.1721,81.1376,47.6706,10.1721,81.1376,47.6706
2026-06-02 14:40:36.915,LIVE,NEW_DATA,10.1731,81.1376,47.6706,10.1731,81.1376,47.6706
2026-06-02 14:40:36.945,LIVE,NEW_DATA,10.1710,81.1376,47.6706,10.1710,81.1376,47.6706
2026-06-02 14:40:36.977,LIVE,NEW_DATA,10.1693,81.1376,47.6706,10.1693,81.1376,47.6706
2026-06-02 14:40:37.009,LIVE,NEW_DATA,10.1676,81.1376,47.6706,10.1676,81.1376,47.6706
2026-06-02 14:40:37.038,LIVE,NEW_DATA,10.1655,81.1376,47.6706,10.1655,81.1376,47.6706
2026-06-02 14:40:37.071,LIVE,NEW_DATA,10.1665,81.1376,47.6706,10.1665,81.1376,47.6706
2026-06-02 14:40:37.101,LIVE,NEW_DATA,10.1665,81.1376,47.6706,10.1665,81.1376,47.6706
2026-06-02 14:40:37.133,LIVE,NEW_DATA,10.1665,81.1376,47.6706,10.1665,81.1376,47.6706
2026-06-02 14:40:37.165,LIVE,NEW_DATA,10.1644,81.1376,47.6706,10.1644,81.1376,47.6706
2026-06-02 14:40:37.196,LIVE,NEW_DATA,10.1665,81.1376,47.6706,10.1665,81.1376,47.6706
2026-06-02 14:40:37.228,LIVE,NEW_DATA,10.1672,81.1376,47.6706,10.1672,81.1376,47.6706
2026-06-02 14:40:37.261,LIVE,NEW_DATA,10.1637,81.0709,47.9999,10.1637,81.0709,47.9999
2026-06-02 14:40:37.292,LIVE,NEW_DATA,10.1624,81.0709,47.9999,10.1624,81.0709,47.9999
2026-06-02 14:40:37.324,LIVE,NEW_DATA,10.1669,81.0709,47.9999,10.1669,81.0709,47.9999
2026-06-02 14:40:37.355,LIVE,NEW_DATA,10.1665,81.0709,47.9999,10.1665,81.0709,47.9999
2026-06-02 14:40:37.387,LIVE,NEW_DATA,10.1582,81.0709,47.9999,10.1582,81.0709,47.9999
2026-06-02 14:40:37.418,LIVE,NEW_DATA,10.1592,81.0709,47.9999,10.1592,81.0709,47.9999
2026-06-02 14:40:37.449,LIVE,NEW_DATA,10.1582,81.0709,47.9999,10.1582,81.0709,47.9999
2026-06-02 14:40:37.482,LIVE,NEW_DATA,10.1568,81.0709,47.9999,10.1568,81.0709,47.9999
2026-06-02 14:40:37.514,LIVE,NEW_DATA,10.1578,81.0709,47.9999,10.1578,81.0709,47.9999
2026-06-02 14:40:37.545,LIVE,NEW_DATA,10.1655,81.0709,47.9999,10.1655,81.0709,47.9999
2026-06-02 14:40:37.577,LIVE,NEW_DATA,10.1620,81.0709,47.9999,10.1620,81.0709,47.9999
2026-06-02 14:40:37.609,LIVE,NEW_DATA,10.1610,81.0709,47.9999,10.1610,81.0709,47.9999
2026-06-02 14:40:37.639,LIVE,NEW_DATA,10.1585,81.0709,47.9999,10.1585,81.0709,47.9999
2026-06-02 14:40:37.677,LIVE,NEW_DATA,10.1554,81.0709,47.9999,10.1554,81.0709,47.9999
2026-06-02 14:40:37.702,LIVE,NEW_DATA,10.1540,81.0709,47.9999,10.1540,81.0709,47.9999
2026-06-02 14:40:37.735,LIVE,NEW_DATA,10.1540,81.0709,47.9999,10.1540,81.0709,47.9999
2026-06-02 14:40:37.766,LIVE,NEW_DATA,10.1499,80.9648,48.0795,10.1499,80.9648,48.0795
2026-06-02 14:40:37.797,LIVE,NEW_DATA,10.1499,80.9648,48.0795,10.1499,80.9648,48.0795
2026-06-02 14:40:37.829,LIVE,NEW_DATA,10.1526,80.9648,48.0795,10.1526,80.9648,48.0795
2026-06-02 14:40:37.861,LIVE,NEW_DATA,10.1488,80.9648,48.0795,10.1488,80.9648,48.0795
2026-06-02 14:40:37.893,LIVE,NEW_DATA,10.1474,80.9648,48.0795,10.1474,80.9648,48.0795
2026-06-02 14:40:37.924,LIVE,NEW_DATA,10.1429,80.9648,48.0795,10.1429,80.9648,48.0795
2026-06-02 14:40:37.956,LIVE,NEW_DATA,10.1433,80.9648,48.0795,10.1433,80.9648,48.0795
2026-06-02 14:40:37.988,LIVE,NEW_DATA,10.1419,80.9648,48.0795,10.1419,80.9648,48.0795
2026-06-02 14:40:38.020,LIVE,NEW_DATA,10.1454,80.9648,48.0795,10.1454,80.9648,48.0795
2026-06-02 14:40:38.051,LIVE,NEW_DATA,10.1433,80.9648,48.0795,10.1433,80.9648,48.0795
2026-06-02 14:40:38.083,LIVE,NEW_DATA,10.1388,80.9648,48.0795,10.1388,80.9648,48.0795
2026-06-02 14:40:38.114,LIVE,NEW_DATA,10.1610,80.9648,48.0795,10.1610,80.9648,48.0795
2026-06-02 14:40:38.146,LIVE,NEW_DATA,10.1395,80.9648,48.0795,10.1395,80.9648,48.0795
2026-06-02 14:40:38.178,LIVE,NEW_DATA,10.1409,80.9648,48.0795,10.1409,80.9648,48.0795
2026-06-02 14:40:38.210,LIVE,NEW_DATA,10.1440,80.9648,48.0795,10.1440,80.9648,48.0795
2026-06-02 14:40:38.241,LIVE,NEW_DATA,10.1391,80.9648,48.0795,10.1391,80.9648,48.0795
2026-06-02 14:40:38.273,LIVE,NEW_DATA,10.1419,80.9418,46.8612,10.1419,80.9418,46.8612
2026-06-02 14:40:38.305,LIVE,NEW_DATA,10.1429,80.9418,46.8612,10.1429,80.9418,46.8612
2026-06-02 14:40:38.336,LIVE,NEW_DATA,10.1433,80.9418,46.8612,10.1433,80.9418,46.8612
2026-06-02 14:40:38.369,LIVE,NEW_DATA,10.1426,80.9418,46.8612,10.1426,80.9418,46.8612
2026-06-02 14:40:38.399,LIVE,NEW_DATA,10.1391,80.9418,46.8612,10.1391,80.9418,46.8612
2026-06-02 14:40:38.430,LIVE,NEW_DATA,10.1325,80.9418,46.8612,10.1325,80.9418,46.8612
2026-06-02 14:40:38.465,LIVE,NEW_DATA,10.1252,80.9418,46.8612,10.1252,80.9418,46.8612
2026-06-02 14:40:38.494,LIVE,NEW_DATA,10.1311,80.9418,46.8612,10.1311,80.9418,46.8612
2026-06-02 14:40:38.526,LIVE,NEW_DATA,10.1315,80.9418,46.8612,10.1315,80.9418,46.8612
2026-06-02 14:40:38.558,LIVE,NEW_DATA,10.1266,80.9418,46.8612,10.1266,80.9418,46.8612
2026-06-02 14:40:38.589,LIVE,NEW_DATA,10.1315,80.9418,46.8612,10.1315,80.9418,46.8612
2026-06-02 14:40:38.620,LIVE,NEW_DATA,10.1277,80.9418,46.8612,10.1277,80.9418,46.8612
2026-06-02 14:40:38.650,LIVE,NEW_DATA,10.1232,80.9418,46.8612,10.1232,80.9418,46.8612
2026-06-02 14:40:38.682,LIVE,NEW_DATA,10.1232,80.9418,46.8612,10.1232,80.9418,46.8612
2026-06-02 14:40:38.714,LIVE,NEW_DATA,10.1277,80.9418,46.8612,10.1277,80.9418,46.8612
2026-06-02 14:40:38.747,LIVE,NEW_DATA,10.1232,80.7522,46.0107,10.1232,80.7522,46.0107
2026-06-02 14:40:38.778,LIVE,NEW_DATA,10.1252,80.7522,46.0107,10.1252,80.7522,46.0107
2026-06-02 14:40:38.810,LIVE,NEW_DATA,10.1211,80.7522,46.0107,10.1211,80.7522,46.0107
2026-06-02 14:40:38.839,LIVE,NEW_DATA,10.1277,80.7522,46.0107,10.1277,80.7522,46.0107
2026-06-02 14:40:38.871,LIVE,NEW_DATA,10.1228,80.7522,46.0107,10.1228,80.7522,46.0107
2026-06-02 14:40:38.904,LIVE,NEW_DATA,10.1135,80.7522,46.0107,10.1135,80.7522,46.0107
2026-06-02 14:40:38.936,LIVE,NEW_DATA,10.1135,80.7522,46.0107,10.1135,80.7522,46.0107
2026-06-02 14:40:38.968,LIVE,NEW_DATA,10.1155,80.7522,46.0107,10.1155,80.7522,46.0107
2026-06-02 14:40:38.998,LIVE,NEW_DATA,10.1138,80.7522,46.0107,10.1138,80.7522,46.0107
2026-06-02 14:40:39.030,LIVE,NEW_DATA,10.1176,80.7522,46.0107,10.1176,80.7522,46.0107
2026-06-02 14:40:39.061,LIVE,NEW_DATA,10.1187,80.7522,46.0107,10.1187,80.7522,46.0107
2026-06-02 14:40:39.094,LIVE,NEW_DATA,10.1176,80.7522,46.0107,10.1176,80.7522,46.0107
2026-06-02 14:40:39.125,LIVE,NEW_DATA,10.1166,80.7522,46.0107,10.1166,80.7522,46.0107
2026-06-02 14:40:39.156,LIVE,NEW_DATA,10.1083,80.7522,46.0107,10.1083,80.7522,46.0107
2026-06-02 14:40:39.189,LIVE,NEW_DATA,10.1110,80.7522,46.0107,10.1110,80.7522,46.0107
2026-06-02 14:40:39.220,LIVE,NEW_DATA,10.1089,80.7522,46.0107,10.1089,80.7522,46.0107
2026-06-02 14:40:39.255,LIVE,NEW_DATA,10.1083,80.7229,45.7490,10.1083,80.7229,45.7490
2026-06-02 14:40:39.283,LIVE,NEW_DATA,10.1069,80.7229,45.7490,10.1069,80.7229,45.7490
2026-06-02 14:40:39.314,LIVE,NEW_DATA,10.1069,80.7229,45.7490,10.1069,80.7229,45.7490
2026-06-02 14:40:39.346,LIVE,NEW_DATA,10.1041,80.7229,45.7490,10.1041,80.7229,45.7490
2026-06-02 14:40:39.377,LIVE,NEW_DATA,10.1003,80.7229,45.7490,10.1003,80.7229,45.7490
2026-06-02 14:40:39.409,LIVE,NEW_DATA,10.0992,80.7229,45.7490,10.0992,80.7229,45.7490
2026-06-02 14:40:39.439,LIVE,NEW_DATA,10.1010,80.7229,45.7490,10.1010,80.7229,45.7490
2026-06-02 14:40:39.471,LIVE,NEW_DATA,10.1017,80.7229,45.7490,10.1017,80.7229,45.7490
2026-06-02 14:40:39.503,LIVE,NEW_DATA,10.1010,80.7229,45.7490,10.1010,80.7229,45.7490
2026-06-02 14:40:39.534,LIVE,NEW_DATA,10.0985,80.7229,45.7490,10.0985,80.7229,45.7490
2026-06-02 14:40:39.567,LIVE,NEW_DATA,10.0996,80.7229,45.7490,10.0996,80.7229,45.7490
2026-06-02 14:40:39.598,LIVE,NEW_DATA,10.1148,80.7229,45.7490,10.1148,80.7229,45.7490
2026-06-02 14:40:39.629,LIVE,NEW_DATA,10.0999,80.7229,45.7490,10.0999,80.7229,45.7490
2026-06-02 14:40:39.661,LIVE,NEW_DATA,10.0944,80.7229,45.7490,10.0944,80.7229,45.7490
2026-06-02 14:40:39.692,LIVE,NEW_DATA,10.0961,80.7229,45.7490,10.0961,80.7229,45.7490
2026-06-02 14:40:39.724,LIVE,NEW_DATA,10.0992,80.7229,45.7490,10.0992,80.7229,45.7490
2026-06-02 14:40:39.756,LIVE,NEW_DATA,10.0979,80.7709,46.0309,10.0979,80.7709,46.0309
2026-06-02 14:40:39.787,LIVE,NEW_DATA,10.0972,80.7709,46.0309,10.0972,80.7709,46.0309
2026-06-02 14:40:39.818,LIVE,NEW_DATA,10.1027,80.7709,46.0309,10.1027,80.7709,46.0309
2026-06-02 14:40:39.848,LIVE,NEW_DATA,10.1010,80.7709,46.0309,10.1010,80.7709,46.0309
2026-06-02 14:40:39.880,LIVE,NEW_DATA,10.1010,80.7709,46.0309,10.1010,80.7709,46.0309
2026-06-02 14:40:39.911,LIVE,NEW_DATA,10.0947,80.7709,46.0309,10.0947,80.7709,46.0309
2026-06-02 14:40:39.942,LIVE,NEW_DATA,10.0999,80.7709,46.0309,10.0999,80.7709,46.0309
2026-06-02 14:40:39.974,LIVE,NEW_DATA,10.0972,80.7709,46.0309,10.0972,80.7709,46.0309
2026-06-02 14:40:40.004,LIVE,NEW_DATA,10.0937,80.7709,46.0309,10.0937,80.7709,46.0309
2026-06-02 14:40:40.040,LIVE,NEW_DATA,10.0958,80.7709,46.0309,10.0958,80.7709,46.0309
2026-06-02 14:40:40.066,LIVE,NEW_DATA,10.0965,80.7709,46.0309,10.0965,80.7709,46.0309
2026-06-02 14:40:40.097,LIVE,NEW_DATA,10.0944,80.7709,46.0309,10.0944,80.7709,46.0309
2026-06-02 14:40:40.127,LIVE,NEW_DATA,10.1003,80.7709,46.0309,10.1003,80.7709,46.0309
2026-06-02 14:40:40.159,LIVE,NEW_DATA,10.0972,80.7709,46.0309,10.0972,80.7709,46.0309
2026-06-02 14:40:40.191,LIVE,NEW_DATA,10.0996,80.7709,46.0309,10.0996,80.7709,46.0309
2026-06-02 14:40:40.220,LIVE,NEW_DATA,10.0968,80.7709,46.0309,10.0968,80.7709,46.0309
2026-06-02 14:40:40.251,LIVE,NEW_DATA,10.1013,80.9064,46.5531,10.1013,80.9064,46.5531
2026-06-02 14:40:40.282,LIVE,NEW_DATA,10.0982,80.9064,46.5531,10.0982,80.9064,46.5531
2026-06-02 14:40:40.314,LIVE,NEW_DATA,10.1013,80.9064,46.5531,10.1013,80.9064,46.5531
2026-06-02 14:40:40.345,LIVE,NEW_DATA,10.1069,80.9064,46.5531,10.1069,80.9064,46.5531
2026-06-02 14:40:40.376,LIVE,NEW_DATA,10.1228,80.9064,46.5531,10.1228,80.9064,46.5531
2026-06-02 14:40:40.407,LIVE,NEW_DATA,10.1069,80.9064,46.5531,10.1069,80.9064,46.5531
2026-06-02 14:40:40.437,LIVE,NEW_DATA,10.1110,80.9064,46.5531,10.1110,80.9064,46.5531
2026-06-02 14:40:40.469,LIVE,NEW_DATA,10.1083,80.9064,46.5531,10.1083,80.9064,46.5531
2026-06-02 14:40:40.499,LIVE,NEW_DATA,10.1138,80.9064,46.5531,10.1138,80.9064,46.5531
2026-06-02 14:40:40.531,LIVE,NEW_DATA,10.1138,80.9064,46.5531,10.1138,80.9064,46.5531
2026-06-02 14:40:40.562,LIVE,NEW_DATA,10.1211,80.9064,46.5531,10.1211,80.9064,46.5531
2026-06-02 14:40:40.593,LIVE,NEW_DATA,10.1221,80.9064,46.5531,10.1221,80.9064,46.5531
2026-06-02 14:40:40.624,LIVE,NEW_DATA,10.1304,80.9064,46.5531,10.1304,80.9064,46.5531
2026-06-02 14:40:40.655,LIVE,NEW_DATA,10.1298,80.9064,46.5531,10.1298,80.9064,46.5531
2026-06-02 14:40:40.686,LIVE,NEW_DATA,10.1284,80.9064,46.5531,10.1284,80.9064,46.5531
2026-06-02 14:40:40.717,LIVE,NEW_DATA,10.1339,80.9064,46.5531,10.1339,80.9064,46.5531
2026-06-02 14:40:40.748,LIVE,NEW_DATA,10.1374,80.7705,47.6730,10.1374,80.7705,47.6730
2026-06-02 14:40:40.779,LIVE,NEW_DATA,10.1350,80.7705,47.6730,10.1350,80.7705,47.6730
2026-06-02 14:40:40.815,LIVE,NEW_DATA,10.1405,80.7705,47.6730,10.1405,80.7705,47.6730
2026-06-02 14:40:40.842,LIVE,NEW_DATA,10.1450,80.7705,47.6730,10.1450,80.7705,47.6730
2026-06-02 14:40:40.872,LIVE,NEW_DATA,10.1526,80.7705,47.6730,10.1526,80.7705,47.6730
2026-06-02 14:40:40.904,LIVE,NEW_DATA,10.1613,80.7705,47.6730,10.1613,80.7705,47.6730
2026-06-02 14:40:40.934,LIVE,NEW_DATA,10.1624,80.7705,47.6730,10.1624,80.7705,47.6730
2026-06-02 14:40:40.965,LIVE,NEW_DATA,10.1731,80.7705,47.6730,10.1731,80.7705,47.6730
2026-06-02 14:40:40.997,LIVE,NEW_DATA,10.1748,80.7705,47.6730,10.1748,80.7705,47.6730
2026-06-02 14:40:41.027,LIVE,NEW_DATA,10.1825,80.7705,47.6730,10.1825,80.7705,47.6730
2026-06-02 14:40:41.058,LIVE,NEW_DATA,10.1866,80.7705,47.6730,10.1866,80.7705,47.6730
2026-06-02 14:40:41.089,LIVE,NEW_DATA,10.2095,80.7705,47.6730,10.2095,80.7705,47.6730
2026-06-02 14:40:41.121,LIVE,NEW_DATA,10.2064,80.7705,47.6730,10.2064,80.7705,47.6730
2026-06-02 14:40:41.152,LIVE,NEW_DATA,10.2119,80.7705,47.6730,10.2119,80.7705,47.6730
2026-06-02 14:40:41.182,LIVE,NEW_DATA,10.2185,80.7705,47.6730,10.2185,80.7705,47.6730
2026-06-02 14:40:41.215,LIVE,NEW_DATA,10.2345,80.7705,47.6730,10.2345,80.7705,47.6730
2026-06-02 14:40:41.245,LIVE,NEW_DATA,10.2435,80.7708,47.9705,10.2435,80.7708,47.9705
2026-06-02 14:40:41.277,LIVE,NEW_DATA,10.2511,80.7708,47.9705,10.2511,80.7708,47.9705
2026-06-02 14:40:41.310,LIVE,NEW_DATA,10.2643,80.7708,47.9705,10.2643,80.7708,47.9705
2026-06-02 14:40:41.342,LIVE,NEW_DATA,10.2768,80.7708,47.9705,10.2768,80.7708,47.9705
2026-06-02 14:40:41.372,LIVE,NEW_DATA,10.2858,80.7708,47.9705,10.2858,80.7708,47.9705
2026-06-02 14:40:41.403,LIVE,NEW_DATA,10.2931,80.7708,47.9705,10.2931,80.7708,47.9705
2026-06-02 14:40:41.435,LIVE,NEW_DATA,10.3032,80.7708,47.9705,10.3032,80.7708,47.9705
2026-06-02 14:40:41.466,LIVE,NEW_DATA,10.3194,80.7708,47.9705,10.3194,80.7708,47.9705
2026-06-02 14:40:41.499,LIVE,NEW_DATA,10.3253,80.7708,47.9705,10.3253,80.7708,47.9705
2026-06-02 14:40:41.530,LIVE,NEW_DATA,10.3375,80.7708,47.9705,10.3375,80.7708,47.9705
2026-06-02 14:40:41.562,LIVE,NEW_DATA,10.3451,80.7708,47.9705,10.3451,80.7708,47.9705
2026-06-02 14:40:41.597,LIVE,NEW_DATA,10.3600,80.7708,47.9705,10.3600,80.7708,47.9705
2026-06-02 14:40:41.625,LIVE,NEW_DATA,10.3683,80.7708,47.9705,10.3683,80.7708,47.9705
2026-06-02 14:40:41.655,LIVE,NEW_DATA,10.3850,80.7708,47.9705,10.3850,80.7708,47.9705
2026-06-02 14:40:41.687,LIVE,NEW_DATA,10.3957,80.7708,47.9705,10.3957,80.7708,47.9705
2026-06-02 14:40:41.719,LIVE,NEW_DATA,10.4051,80.7708,47.9705,10.4051,80.7708,47.9705
2026-06-02 14:40:41.752,LIVE,NEW_DATA,10.4145,81.0945,50.9245,10.4145,81.0945,50.9245
2026-06-02 14:40:41.783,LIVE,NEW_DATA,10.4273,81.0945,50.9245,10.4273,81.0945,50.9245
2026-06-02 14:40:41.815,LIVE,NEW_DATA,10.4620,81.0945,50.9245,10.4620,81.0945,50.9245
2026-06-02 14:40:41.845,LIVE,NEW_DATA,10.4478,81.0945,50.9245,10.4478,81.0945,50.9245
2026-06-02 14:40:41.877,LIVE,NEW_DATA,10.4613,81.0945,50.9245,10.4613,81.0945,50.9245
2026-06-02 14:40:41.909,LIVE,NEW_DATA,10.4745,81.0945,50.9245,10.4745,81.0945,50.9245
2026-06-02 14:40:41.941,LIVE,NEW_DATA,10.4856,81.0945,50.9245,10.4856,81.0945,50.9245
2026-06-02 14:40:41.971,LIVE,NEW_DATA,10.4942,81.0945,50.9245,10.4942,81.0945,50.9245
2026-06-02 14:40:42.002,LIVE,NEW_DATA,10.5095,81.0945,50.9245,10.5095,81.0945,50.9245
2026-06-02 14:40:42.034,LIVE,NEW_DATA,10.5227,81.0945,50.9245,10.5227,81.0945,50.9245
2026-06-02 14:40:42.065,LIVE,NEW_DATA,10.5303,81.0945,50.9245,10.5303,81.0945,50.9245
2026-06-02 14:40:42.098,LIVE,NEW_DATA,10.5369,81.0945,50.9245,10.5369,81.0945,50.9245
2026-06-02 14:40:42.128,LIVE,NEW_DATA,10.5459,81.0945,50.9245,10.5459,81.0945,50.9245
2026-06-02 14:40:42.160,LIVE,NEW_DATA,10.5594,81.0945,50.9245,10.5594,81.0945,50.9245
2026-06-02 14:40:42.192,LIVE,NEW_DATA,10.5646,81.0945,50.9245,10.5646,81.0945,50.9245
2026-06-02 14:40:42.224,LIVE,NEW_DATA,10.5764,81.0945,50.9245,10.5764,81.0945,50.9245
2026-06-02 14:40:42.254,LIVE,NEW_DATA,10.5834,81.0834,52.1692,10.5834,81.0834,52.1692
2026-06-02 14:40:42.286,LIVE,NEW_DATA,10.5938,81.0834,52.1692,10.5938,81.0834,52.1692
2026-06-02 14:40:42.318,LIVE,NEW_DATA,10.6056,81.0834,52.1692,10.6056,81.0834,52.1692
2026-06-02 14:40:42.349,LIVE,NEW_DATA,10.6160,81.0834,52.1692,10.6160,81.0834,52.1692
2026-06-02 14:40:42.385,LIVE,NEW_DATA,10.6173,81.0834,52.1692,10.6173,81.0834,52.1692
2026-06-02 14:40:42.413,LIVE,NEW_DATA,10.6305,81.0834,52.1692,10.6305,81.0834,52.1692
2026-06-02 14:40:42.444,LIVE,NEW_DATA,10.6284,81.0834,52.1692,10.6284,81.0834,52.1692
2026-06-02 14:40:42.475,LIVE,NEW_DATA,10.6558,81.0834,52.1692,10.6558,81.0834,52.1692
2026-06-02 14:40:42.507,LIVE,NEW_DATA,10.6486,81.0834,52.1692,10.6486,81.0834,52.1692
2026-06-02 14:40:42.538,LIVE,NEW_DATA,10.6506,81.0834,52.1692,10.6506,81.0834,52.1692
2026-06-02 14:40:42.571,LIVE,NEW_DATA,10.6558,81.0834,52.1692,10.6558,81.0834,52.1692
2026-06-02 14:40:42.601,LIVE,NEW_DATA,10.6694,81.0834,52.1692,10.6694,81.0834,52.1692
2026-06-02 14:40:42.632,LIVE,NEW_DATA,10.6728,81.0834,52.1692,10.6728,81.0834,52.1692
2026-06-02 14:40:42.664,LIVE,NEW_DATA,10.6825,81.0834,52.1692,10.6825,81.0834,52.1692
2026-06-02 14:40:42.696,LIVE,NEW_DATA,10.6947,81.0834,52.1692,10.6947,81.0834,52.1692
2026-06-02 14:40:42.728,LIVE,NEW_DATA,10.7002,81.0834,52.1692,10.7002,81.0834,52.1692
2026-06-02 14:40:42.758,LIVE,NEW_DATA,10.7054,81.2978,52.4295,10.7054,81.2978,52.4295
2026-06-02 14:40:42.791,LIVE,NEW_DATA,10.7068,81.2978,52.4295,10.7068,81.2978,52.4295
2026-06-02 14:40:42.822,LIVE,NEW_DATA,10.7138,81.2978,52.4295,10.7138,81.2978,52.4295
2026-06-02 14:40:42.852,LIVE,NEW_DATA,10.7221,81.2978,52.4295,10.7221,81.2978,52.4295
2026-06-02 14:40:42.885,LIVE,NEW_DATA,10.7242,81.2978,52.4295,10.7242,81.2978,52.4295
2026-06-02 14:40:42.916,LIVE,NEW_DATA,10.7304,81.2978,52.4295,10.7304,81.2978,52.4295
2026-06-02 14:40:42.949,LIVE,NEW_DATA,10.7363,81.2978,52.4295,10.7363,81.2978,52.4295
2026-06-02 14:40:42.981,LIVE,NEW_DATA,10.7446,81.2978,52.4295,10.7446,81.2978,52.4295
2026-06-02 14:40:43.012,LIVE,NEW_DATA,10.7536,81.2978,52.4295,10.7536,81.2978,52.4295
2026-06-02 14:40:43.043,LIVE,NEW_DATA,10.7512,81.2978,52.4295,10.7512,81.2978,52.4295
2026-06-02 14:40:43.075,LIVE,NEW_DATA,10.7574,81.2978,52.4295,10.7574,81.2978,52.4295
2026-06-02 14:40:43.108,LIVE,NEW_DATA,10.7602,81.2978,52.4295,10.7602,81.2978,52.4295
2026-06-02 14:40:43.138,LIVE,NEW_DATA,10.7855,81.2978,52.4295,10.7855,81.2978,52.4295
2026-06-02 14:40:43.175,LIVE,NEW_DATA,10.7717,81.2978,52.4295,10.7717,81.2978,52.4295
2026-06-02 14:40:43.200,LIVE,NEW_DATA,10.7720,81.2978,52.4295,10.7720,81.2978,52.4295
2026-06-02 14:40:43.232,LIVE,NEW_DATA,10.7796,81.2978,52.4295,10.7796,81.2978,52.4295
2026-06-02 14:40:43.263,LIVE,NEW_DATA,10.7862,81.3336,52.6852,10.7862,81.3336,52.6852
2026-06-02 14:40:43.295,LIVE,NEW_DATA,10.7890,81.3336,52.6852,10.7890,81.3336,52.6852
2026-06-02 14:40:43.328,LIVE,NEW_DATA,10.7952,81.3336,52.6852,10.7952,81.3336,52.6852
2026-06-02 14:40:43.360,LIVE,NEW_DATA,10.8102,81.3336,52.6852,10.8102,81.3336,52.6852
2026-06-02 14:40:43.391,LIVE,NEW_DATA,10.8105,81.3336,52.6852,10.8105,81.3336,52.6852
2026-06-02 14:40:43.422,LIVE,NEW_DATA,10.8136,81.3336,52.6852,10.8136,81.3336,52.6852
2026-06-02 14:40:43.453,LIVE,NEW_DATA,10.8129,81.3336,52.6852,10.8129,81.3336,52.6852
2026-06-02 14:40:43.485,LIVE,NEW_DATA,10.8154,81.3336,52.6852,10.8154,81.3336,52.6852
2026-06-02 14:40:43.516,LIVE,NEW_DATA,10.8244,81.3336,52.6852,10.8244,81.3336,52.6852
2026-06-02 14:40:43.548,LIVE,NEW_DATA,10.8261,81.3336,52.6852,10.8261,81.3336,52.6852
2026-06-02 14:40:43.581,LIVE,NEW_DATA,10.8292,81.3336,52.6852,10.8292,81.3336,52.6852
2026-06-02 14:40:43.611,LIVE,NEW_DATA,10.8275,81.3336,52.6852,10.8275,81.3336,52.6852
2026-06-02 14:40:43.643,LIVE,NEW_DATA,10.8289,81.3336,52.6852,10.8289,81.3336,52.6852
2026-06-02 14:40:43.675,LIVE,NEW_DATA,10.8310,81.3336,52.6852,10.8310,81.3336,52.6852
2026-06-02 14:40:43.707,LIVE,NEW_DATA,10.8334,81.3336,52.6852,10.8334,81.3336,52.6852
2026-06-02 14:40:43.738,LIVE,NEW_DATA,10.8365,81.3336,52.6852,10.8365,81.3336,52.6852
2026-06-02 14:40:43.769,LIVE,NEW_DATA,10.8369,81.6395,52.8140,10.8369,81.6395,52.8140
2026-06-02 14:40:43.801,LIVE,NEW_DATA,10.8632,81.6395,52.8140,10.8632,81.6395,52.8140
2026-06-02 14:40:43.832,LIVE,NEW_DATA,10.8393,81.6395,52.8140,10.8393,81.6395,52.8140
2026-06-02 14:40:43.863,LIVE,NEW_DATA,10.8417,81.6395,52.8140,10.8417,81.6395,52.8140
2026-06-02 14:40:43.895,LIVE,NEW_DATA,10.8452,81.6395,52.8140,10.8452,81.6395,52.8140
2026-06-02 14:40:43.928,LIVE,NEW_DATA,10.8493,81.6395,52.8140,10.8493,81.6395,52.8140
2026-06-02 14:40:43.961,LIVE,NEW_DATA,10.8483,81.6395,52.8140,10.8483,81.6395,52.8140
2026-06-02 14:40:43.990,LIVE,NEW_DATA,10.8511,81.6395,52.8140,10.8511,81.6395,52.8140
2026-06-02 14:40:44.021,LIVE,NEW_DATA,10.8597,81.6395,52.8140,10.8597,81.6395,52.8140
2026-06-02 14:40:44.054,LIVE,NEW_DATA,10.8566,81.6395,52.8140,10.8566,81.6395,52.8140
2026-06-02 14:40:44.085,LIVE,NEW_DATA,10.8518,81.6395,52.8140,10.8518,81.6395,52.8140
2026-06-02 14:40:44.116,LIVE,NEW_DATA,10.8552,81.6395,52.8140,10.8552,81.6395,52.8140
2026-06-02 14:40:44.149,LIVE,NEW_DATA,10.8539,81.6395,52.8140,10.8539,81.6395,52.8140
2026-06-02 14:40:44.180,LIVE,NEW_DATA,10.8518,81.6395,52.8140,10.8518,81.6395,52.8140
2026-06-02 14:40:44.213,LIVE,NEW_DATA,10.8580,81.6395,52.8140,10.8580,81.6395,52.8140
2026-06-02 14:40:44.244,LIVE,NEW_DATA,10.8594,81.9492,52.5214,10.8594,81.9492,52.5214
2026-06-02 14:40:44.275,LIVE,NEW_DATA,10.8577,81.9492,52.5214,10.8577,81.9492,52.5214
2026-06-02 14:40:44.307,LIVE,NEW_DATA,10.8584,81.9492,52.5214,10.8584,81.9492,52.5214
2026-06-02 14:40:44.339,LIVE,NEW_DATA,10.8559,81.9492,52.5214,10.8559,81.9492,52.5214
2026-06-02 14:40:44.371,LIVE,NEW_DATA,10.8597,81.9492,52.5214,10.8597,81.9492,52.5214
2026-06-02 14:40:44.402,LIVE,NEW_DATA,10.8580,81.9492,52.5214,10.8580,81.9492,52.5214
2026-06-02 14:40:44.433,LIVE,NEW_DATA,10.8556,81.9492,52.5214,10.8556,81.9492,52.5214
2026-06-02 14:40:44.463,LIVE,NEW_DATA,10.8771,81.9492,52.5214,10.8771,81.9492,52.5214
2026-06-02 14:40:44.495,LIVE,NEW_DATA,10.8518,81.9492,52.5214,10.8518,81.9492,52.5214
2026-06-02 14:40:44.527,LIVE,NEW_DATA,10.8559,81.9492,52.5214,10.8559,81.9492,52.5214
2026-06-02 14:40:44.557,LIVE,NEW_DATA,10.8611,81.9492,52.5214,10.8611,81.9492,52.5214
2026-06-02 14:40:44.589,LIVE,NEW_DATA,10.8577,81.9492,52.5214,10.8577,81.9492,52.5214
2026-06-02 14:40:44.621,LIVE,NEW_DATA,10.8577,81.9492,52.5214,10.8577,81.9492,52.5214
2026-06-02 14:40:44.653,LIVE,NEW_DATA,10.8556,81.9492,52.5214,10.8556,81.9492,52.5214
2026-06-02 14:40:44.684,LIVE,NEW_DATA,10.8594,81.9492,52.5214,10.8594,81.9492,52.5214
2026-06-02 14:40:44.715,LIVE,NEW_DATA,10.8608,81.9492,52.5214,10.8608,81.9492,52.5214
2026-06-02 14:40:44.750,LIVE,NEW_DATA,10.8556,82.3533,52.5904,10.8556,82.3533,52.5904
2026-06-02 14:40:44.778,LIVE,NEW_DATA,10.8556,82.3533,52.5904,10.8556,82.3533,52.5904
2026-06-02 14:40:44.810,LIVE,NEW_DATA,10.8552,82.3533,52.5904,10.8552,82.3533,52.5904
2026-06-02 14:40:44.842,LIVE,NEW_DATA,10.8483,82.3533,52.5904,10.8483,82.3533,52.5904
2026-06-02 14:40:44.873,LIVE,NEW_DATA,10.8518,82.3533,52.5904,10.8518,82.3533,52.5904
2026-06-02 14:40:44.905,LIVE,NEW_DATA,10.8573,82.3533,52.5904,10.8573,82.3533,52.5904
2026-06-02 14:40:44.936,LIVE,NEW_DATA,10.8566,82.3533,52.5904,10.8566,82.3533,52.5904
2026-06-02 14:40:44.968,LIVE,NEW_DATA,10.8476,82.3533,52.5904,10.8476,82.3533,52.5904
2026-06-02 14:40:44.999,LIVE,NEW_DATA,10.8448,82.3533,52.5904,10.8448,82.3533,52.5904
2026-06-02 14:40:45.030,LIVE,NEW_DATA,10.8507,82.3533,52.5904,10.8507,82.3533,52.5904
2026-06-02 14:40:45.060,LIVE,NEW_DATA,10.8435,82.3533,52.5904,10.8435,82.3533,52.5904
2026-06-02 14:40:45.093,LIVE,NEW_DATA,10.8421,82.3533,52.5904,10.8421,82.3533,52.5904
2026-06-02 14:40:45.124,LIVE,NEW_DATA,10.8480,82.3533,52.5904,10.8480,82.3533,52.5904
2026-06-02 14:40:45.156,LIVE,NEW_DATA,10.8532,82.3533,52.5904,10.8532,82.3533,52.5904
2026-06-02 14:40:45.189,LIVE,NEW_DATA,10.8358,82.3533,52.5904,10.8358,82.3533,52.5904
2026-06-02 14:40:45.218,LIVE,NEW_DATA,10.8372,82.3533,52.5904,10.8372,82.3533,52.5904
2026-06-02 14:40:45.249,LIVE,NEW_DATA,10.8334,82.3533,52.8694,10.8334,82.3533,52.8694
2026-06-02 14:40:45.282,LIVE,NEW_DATA,10.8410,82.3533,52.8694,10.8410,82.3533,52.8694
2026-06-02 14:40:45.314,LIVE,NEW_DATA,10.8396,82.3533,52.8694,10.8396,82.3533,52.8694
2026-06-02 14:40:45.346,LIVE,NEW_DATA,10.8386,82.3533,52.8694,10.8386,82.3533,52.8694
2026-06-02 14:40:45.378,LIVE,NEW_DATA,10.8379,82.3533,52.8694,10.8379,82.3533,52.8694
2026-06-02 14:40:45.409,LIVE,NEW_DATA,10.8334,82.3533,52.8694,10.8334,82.3533,52.8694
2026-06-02 14:40:45.441,LIVE,NEW_DATA,10.8334,82.3533,52.8694,10.8334,82.3533,52.8694
2026-06-02 14:40:45.473,LIVE,NEW_DATA,10.8327,82.3533,52.8694,10.8327,82.3533,52.8694
2026-06-02 14:40:45.504,LIVE,NEW_DATA,10.8278,82.3533,52.8694,10.8278,82.3533,52.8694
2026-06-02 14:40:45.539,LIVE,NEW_DATA,10.8226,82.3533,52.8694,10.8226,82.3533,52.8694
2026-06-02 14:40:45.568,LIVE,NEW_DATA,10.8226,82.3533,52.8694,10.8226,82.3533,52.8694
2026-06-02 14:40:45.600,LIVE,NEW_DATA,10.8216,82.3533,52.8694,10.8216,82.3533,52.8694
2026-06-02 14:40:45.630,LIVE,NEW_DATA,10.8237,82.3533,52.8694,10.8237,82.3533,52.8694
2026-06-02 14:40:45.662,LIVE,NEW_DATA,10.8219,82.3533,52.8694,10.8219,82.3533,52.8694
2026-06-02 14:40:45.693,LIVE,NEW_DATA,10.8216,82.3533,52.8694,10.8216,82.3533,52.8694
2026-06-02 14:40:45.724,LIVE,NEW_DATA,10.8213,82.3533,52.8694,10.8213,82.3533,52.8694
2026-06-02 14:40:45.756,LIVE,NEW_DATA,10.8171,82.1661,52.8694,10.8171,82.1661,52.8694
2026-06-02 14:40:45.787,LIVE,NEW_DATA,10.8161,82.1661,52.8694,10.8161,82.1661,52.8694
2026-06-02 14:40:45.820,LIVE,NEW_DATA,10.8102,82.1661,52.8694,10.8102,82.1661,52.8694
2026-06-02 14:40:45.851,LIVE,NEW_DATA,10.8109,82.1661,52.8694,10.8109,82.1661,52.8694
2026-06-02 14:40:45.883,LIVE,NEW_DATA,10.8240,82.1661,52.8694,10.8240,82.1661,52.8694
2026-06-02 14:40:45.914,LIVE,NEW_DATA,10.8077,82.1661,52.8694,10.8077,82.1661,52.8694
2026-06-02 14:40:45.947,LIVE,NEW_DATA,10.8084,82.1661,52.8694,10.8084,82.1661,52.8694
2026-06-02 14:40:45.978,LIVE,NEW_DATA,10.8067,82.1661,52.8694,10.8067,82.1661,52.8694
2026-06-02 14:40:46.011,LIVE,NEW_DATA,10.8039,82.1661,52.8694,10.8039,82.1661,52.8694
2026-06-02 14:40:46.041,LIVE,NEW_DATA,10.8001,82.1661,52.8694,10.8001,82.1661,52.8694
2026-06-02 14:40:46.073,LIVE,NEW_DATA,10.8056,82.1661,52.8694,10.8056,82.1661,52.8694
2026-06-02 14:40:46.105,LIVE,NEW_DATA,10.8036,82.1661,52.8694,10.8036,82.1661,52.8694
2026-06-02 14:40:46.137,LIVE,NEW_DATA,10.8008,82.1661,52.8694,10.8008,82.1661,52.8694
2026-06-02 14:40:46.168,LIVE,NEW_DATA,10.7991,82.1661,52.8694,10.7991,82.1661,52.8694
2026-06-02 14:40:46.199,LIVE,NEW_DATA,10.7925,82.1661,52.8694,10.7925,82.1661,52.8694
2026-06-02 14:40:46.229,LIVE,NEW_DATA,10.7890,82.1661,52.8694,10.7890,82.1661,52.8694
2026-06-02 14:40:46.261,LIVE,NEW_DATA,10.7949,81.8876,52.9900,10.7949,81.8876,52.9900
2026-06-02 14:40:46.292,LIVE,NEW_DATA,10.7869,81.8876,52.9900,10.7869,81.8876,52.9900
2026-06-02 14:40:46.330,LIVE,NEW_DATA,10.7918,81.8876,52.9900,10.7918,81.8876,52.9900
2026-06-02 14:40:46.356,LIVE,NEW_DATA,10.7824,81.8876,52.9900,10.7824,81.8876,52.9900
2026-06-02 14:40:46.388,LIVE,NEW_DATA,10.7855,81.8876,52.9900,10.7855,81.8876,52.9900
2026-06-02 14:40:46.419,LIVE,NEW_DATA,10.7824,81.8876,52.9900,10.7824,81.8876,52.9900
2026-06-02 14:40:46.450,LIVE,NEW_DATA,10.7779,81.8876,52.9900,10.7779,81.8876,52.9900
2026-06-02 14:40:46.481,LIVE,NEW_DATA,10.7796,81.8876,52.9900,10.7796,81.8876,52.9900
2026-06-02 14:40:46.514,LIVE,NEW_DATA,10.7783,81.8876,52.9900,10.7783,81.8876,52.9900
2026-06-02 14:40:46.545,LIVE,NEW_DATA,10.7692,81.8876,52.9900,10.7692,81.8876,52.9900
2026-06-02 14:40:46.576,LIVE,NEW_DATA,10.7668,81.8876,52.9900,10.7668,81.8876,52.9900
2026-06-02 14:40:46.608,LIVE,NEW_DATA,10.7651,81.8876,52.9900,10.7651,81.8876,52.9900
2026-06-02 14:40:46.639,LIVE,NEW_DATA,10.7699,81.8876,52.9900,10.7699,81.8876,52.9900
2026-06-02 14:40:46.670,LIVE,NEW_DATA,10.7731,81.8876,52.9900,10.7731,81.8876,52.9900
2026-06-02 14:40:46.702,LIVE,NEW_DATA,10.7564,81.8876,52.9900,10.7564,81.8876,52.9900
2026-06-02 14:40:46.734,LIVE,NEW_DATA,10.7574,81.8876,52.9900,10.7574,81.8876,52.9900
2026-06-02 14:40:46.765,LIVE,NEW_DATA,10.7602,81.6672,53.3256,10.7602,81.6672,53.3256
2026-06-02 14:40:46.796,LIVE,NEW_DATA,10.7599,81.6672,53.3256,10.7599,81.6672,53.3256
2026-06-02 14:40:46.828,LIVE,NEW_DATA,10.7561,81.6672,53.3256,10.7561,81.6672,53.3256
2026-06-02 14:40:46.859,LIVE,NEW_DATA,10.7533,81.6672,53.3256,10.7533,81.6672,53.3256
2026-06-02 14:40:46.890,LIVE,NEW_DATA,10.7498,81.6672,53.3256,10.7498,81.6672,53.3256
2026-06-02 14:40:46.922,LIVE,NEW_DATA,10.7498,81.6672,53.3256,10.7498,81.6672,53.3256
2026-06-02 14:40:46.953,LIVE,NEW_DATA,10.7443,81.6672,53.3256,10.7443,81.6672,53.3256
2026-06-02 14:40:46.986,LIVE,NEW_DATA,10.7443,81.6672,53.3256,10.7443,81.6672,53.3256
2026-06-02 14:40:47.016,LIVE,NEW_DATA,10.7429,81.6672,53.3256,10.7429,81.6672,53.3256
2026-06-02 14:40:47.047,LIVE,NEW_DATA,10.7346,81.6672,53.3256,10.7346,81.6672,53.3256
2026-06-02 14:40:47.078,LIVE,NEW_DATA,10.7353,81.6672,53.3256,10.7353,81.6672,53.3256
2026-06-02 14:40:47.113,LIVE,NEW_DATA,10.7332,81.6672,53.3256,10.7332,81.6672,53.3256
2026-06-02 14:40:47.143,LIVE,NEW_DATA,10.7307,81.6672,53.3256,10.7307,81.6672,53.3256
2026-06-02 14:40:47.173,LIVE,NEW_DATA,10.7287,81.6672,53.3256,10.7287,81.6672,53.3256
2026-06-02 14:40:47.206,LIVE,NEW_DATA,10.7242,81.6672,53.3256,10.7242,81.6672,53.3256
2026-06-02 14:40:47.236,LIVE,NEW_DATA,10.7266,81.6672,53.3256,10.7266,81.6672,53.3256
2026-06-02 14:40:47.268,LIVE,NEW_DATA,10.7335,81.8153,54.3069,10.7335,81.8153,54.3069
2026-06-02 14:40:47.300,LIVE,NEW_DATA,10.7255,81.8153,54.3069,10.7255,81.8153,54.3069
2026-06-02 14:40:47.330,LIVE,NEW_DATA,10.7186,81.8153,54.3069,10.7186,81.8153,54.3069
2026-06-02 14:40:47.363,LIVE,NEW_DATA,10.7186,81.8153,54.3069,10.7186,81.8153,54.3069
2026-06-02 14:40:47.394,LIVE,NEW_DATA,10.7193,81.8153,54.3069,10.7193,81.8153,54.3069
2026-06-02 14:40:47.426,LIVE,NEW_DATA,10.7384,81.8153,54.3069,10.7384,81.8153,54.3069
2026-06-02 14:40:47.456,LIVE,NEW_DATA,10.7047,81.8153,54.3069,10.7047,81.8153,54.3069
2026-06-02 14:40:47.489,LIVE,NEW_DATA,10.7075,81.8153,54.3069,10.7075,81.8153,54.3069
2026-06-02 14:40:47.520,LIVE,NEW_DATA,10.7047,81.8153,54.3069,10.7047,81.8153,54.3069
2026-06-02 14:40:47.552,LIVE,NEW_DATA,10.7092,81.8153,54.3069,10.7092,81.8153,54.3069
2026-06-02 14:40:47.584,LIVE,NEW_DATA,10.7051,81.8153,54.3069,10.7051,81.8153,54.3069
2026-06-02 14:40:47.615,LIVE,NEW_DATA,10.7023,81.8153,54.3069,10.7023,81.8153,54.3069
2026-06-02 14:40:47.646,LIVE,NEW_DATA,10.7040,81.8153,54.3069,10.7040,81.8153,54.3069
2026-06-02 14:40:47.677,LIVE,NEW_DATA,10.7020,81.8153,54.3069,10.7020,81.8153,54.3069
2026-06-02 14:40:47.708,LIVE,NEW_DATA,10.6981,81.8153,54.3069,10.6981,81.8153,54.3069
2026-06-02 14:40:47.741,LIVE,NEW_DATA,10.6947,81.8153,54.3069,10.6947,81.8153,54.3069
2026-06-02 14:40:47.773,LIVE,NEW_DATA,10.6936,81.4406,55.7364,10.6936,81.4406,55.7364
2026-06-02 14:40:47.803,LIVE,NEW_DATA,10.6884,81.4406,55.7364,10.6884,81.4406,55.7364
2026-06-02 14:40:47.835,LIVE,NEW_DATA,10.6888,81.4406,55.7364,10.6888,81.4406,55.7364
2026-06-02 14:40:47.868,LIVE,NEW_DATA,10.6853,81.4406,55.7364,10.6853,81.4406,55.7364
2026-06-02 14:40:47.902,LIVE,NEW_DATA,10.6846,81.4406,55.7364,10.6846,81.4406,55.7364
2026-06-02 14:40:47.929,LIVE,NEW_DATA,10.6808,81.4406,55.7364,10.6808,81.4406,55.7364
2026-06-02 14:40:47.962,LIVE,NEW_DATA,10.6791,81.4406,55.7364,10.6791,81.4406,55.7364
2026-06-02 14:40:47.994,LIVE,NEW_DATA,10.6805,81.4406,55.7364,10.6805,81.4406,55.7364
2026-06-02 14:40:48.025,LIVE,NEW_DATA,10.6780,81.4406,55.7364,10.6780,81.4406,55.7364
2026-06-02 14:40:48.058,LIVE,NEW_DATA,10.6697,81.4406,55.7364,10.6697,81.4406,55.7364
2026-06-02 14:40:48.089,LIVE,NEW_DATA,10.6749,81.4406,55.7364,10.6749,81.4406,55.7364
2026-06-02 14:40:48.120,LIVE,NEW_DATA,10.6739,81.4406,55.7364,10.6739,81.4406,55.7364
2026-06-02 14:40:48.149,LIVE,NEW_DATA,10.6770,81.4406,55.7364,10.6770,81.4406,55.7364
2026-06-02 14:40:48.181,LIVE,NEW_DATA,10.6732,81.4406,55.7364,10.6732,81.4406,55.7364
2026-06-02 14:40:48.212,LIVE,NEW_DATA,10.6676,81.4406,55.7364,10.6676,81.4406,55.7364
2026-06-02 14:40:48.244,LIVE,NEW_DATA,10.6666,81.3024,56.0811,10.6666,81.3024,56.0811
2026-06-02 14:40:48.275,LIVE,NEW_DATA,10.6718,81.3024,56.0811,10.6718,81.3024,56.0811
2026-06-02 14:40:48.307,LIVE,NEW_DATA,10.6742,81.3024,56.0811,10.6742,81.3024,56.0811
2026-06-02 14:40:48.338,LIVE,NEW_DATA,10.6690,81.3024,56.0811,10.6690,81.3024,56.0811
2026-06-02 14:40:48.370,LIVE,NEW_DATA,10.6687,81.3024,56.0811,10.6687,81.3024,56.0811
2026-06-02 14:40:48.402,LIVE,NEW_DATA,10.6742,81.3024,56.0811,10.6742,81.3024,56.0811
2026-06-02 14:40:48.433,LIVE,NEW_DATA,10.6680,81.3024,56.0811,10.6680,81.3024,56.0811
2026-06-02 14:40:48.464,LIVE,NEW_DATA,10.6645,81.3024,56.0811,10.6645,81.3024,56.0811
2026-06-02 14:40:48.495,LIVE,NEW_DATA,10.6659,81.3024,56.0811,10.6659,81.3024,56.0811
2026-06-02 14:40:48.527,LIVE,NEW_DATA,10.6649,81.3024,56.0811,10.6649,81.3024,56.0811
2026-06-02 14:40:48.559,LIVE,NEW_DATA,10.6558,81.3024,56.0811,10.6558,81.3024,56.0811
2026-06-02 14:40:48.591,LIVE,NEW_DATA,10.6621,81.3024,56.0811,10.6621,81.3024,56.0811
2026-06-02 14:40:48.621,LIVE,NEW_DATA,10.6607,81.3024,56.0811,10.6607,81.3024,56.0811
2026-06-02 14:40:48.654,LIVE,NEW_DATA,10.6558,81.3024,56.0811,10.6558,81.3024,56.0811
2026-06-02 14:40:48.689,LIVE,NEW_DATA,10.6558,81.3024,56.0811,10.6558,81.3024,56.0811
2026-06-02 14:40:48.718,LIVE,NEW_DATA,10.6520,81.3024,56.0811,10.6520,81.3024,56.0811
2026-06-02 14:40:48.748,LIVE,NEW_DATA,10.6527,81.2542,56.3994,10.6527,81.2542,56.3994
2026-06-02 14:40:48.780,LIVE,NEW_DATA,10.6520,81.2542,56.3994,10.6520,81.2542,56.3994
2026-06-02 14:40:48.811,LIVE,NEW_DATA,10.6520,81.2542,56.3994,10.6520,81.2542,56.3994
2026-06-02 14:40:48.843,LIVE,NEW_DATA,10.6479,81.2542,56.3994,10.6479,81.2542,56.3994
2026-06-02 14:40:48.875,LIVE,NEW_DATA,10.6486,81.2542,56.3994,10.6486,81.2542,56.3994
2026-06-02 14:40:48.907,LIVE,NEW_DATA,10.6558,81.2542,56.3994,10.6558,81.2542,56.3994
2026-06-02 14:40:48.939,LIVE,NEW_DATA,10.6510,81.2542,56.3994,10.6510,81.2542,56.3994
2026-06-02 14:40:48.971,LIVE,NEW_DATA,10.6430,81.2542,56.3994,10.6430,81.2542,56.3994
2026-06-02 14:40:49.001,LIVE,NEW_DATA,10.6409,81.2542,56.3994,10.6409,81.2542,56.3994
2026-06-02 14:40:49.032,LIVE,NEW_DATA,10.6382,81.2542,56.3994,10.6382,81.2542,56.3994
2026-06-02 14:40:49.065,LIVE,NEW_DATA,10.6395,81.2542,56.3994,10.6395,81.2542,56.3994
2026-06-02 14:40:49.096,LIVE,NEW_DATA,10.6416,81.2542,56.3994,10.6416,81.2542,56.3994
2026-06-02 14:40:49.126,LIVE,NEW_DATA,10.6388,81.2542,56.3994,10.6388,81.2542,56.3994
2026-06-02 14:40:49.159,LIVE,NEW_DATA,10.6444,81.2542,56.3994,10.6444,81.2542,56.3994
2026-06-02 14:40:49.190,LIVE,NEW_DATA,10.6402,81.2542,56.3994,10.6402,81.2542,56.3994
2026-06-02 14:40:49.221,LIVE,NEW_DATA,10.6271,81.2542,56.3994,10.6271,81.2542,56.3994
2026-06-02 14:40:49.252,LIVE,NEW_DATA,10.6361,81.1189,56.0960,10.6361,81.1189,56.0960
2026-06-02 14:40:49.284,LIVE,NEW_DATA,10.6309,81.1189,56.0960,10.6309,81.1189,56.0960
2026-06-02 14:40:49.315,LIVE,NEW_DATA,10.6298,81.1189,56.0960,10.6298,81.1189,56.0960
2026-06-02 14:40:49.345,LIVE,NEW_DATA,10.6264,81.1189,56.0960,10.6264,81.1189,56.0960
2026-06-02 14:40:49.378,LIVE,NEW_DATA,10.6225,81.1189,56.0960,10.6225,81.1189,56.0960
2026-06-02 14:40:49.410,LIVE,NEW_DATA,10.6253,81.1189,56.0960,10.6253,81.1189,56.0960
2026-06-02 14:40:49.441,LIVE,NEW_DATA,10.6225,81.1189,56.0960,10.6225,81.1189,56.0960
2026-06-02 14:40:49.476,LIVE,NEW_DATA,10.6219,81.1189,56.0960,10.6219,81.1189,56.0960
2026-06-02 14:40:49.501,LIVE,NEW_DATA,10.6187,81.1189,56.0960,10.6187,81.1189,56.0960
2026-06-02 14:40:49.533,LIVE,NEW_DATA,10.6170,81.1189,56.0960,10.6170,81.1189,56.0960
2026-06-02 14:40:49.565,LIVE,NEW_DATA,10.6149,81.1189,56.0960,10.6149,81.1189,56.0960
2026-06-02 14:40:49.595,LIVE,NEW_DATA,10.6160,81.1189,56.0960,10.6160,81.1189,56.0960
2026-06-02 14:40:49.626,LIVE,NEW_DATA,10.6139,81.1189,56.0960,10.6139,81.1189,56.0960
2026-06-02 14:40:49.657,LIVE,NEW_DATA,10.6069,81.1189,56.0960,10.6069,81.1189,56.0960
2026-06-02 14:40:49.688,LIVE,NEW_DATA,10.6271,81.1189,56.0960,10.6271,81.1189,56.0960
2026-06-02 14:40:49.719,LIVE,NEW_DATA,10.6090,81.1189,56.0960,10.6090,81.1189,56.0960
2026-06-02 14:40:49.752,LIVE,NEW_DATA,10.6076,81.2973,55.9269,10.6076,81.2973,55.9269
2026-06-02 14:40:49.784,LIVE,NEW_DATA,10.6049,81.2973,55.9269,10.6049,81.2973,55.9269
2026-06-02 14:40:49.815,LIVE,NEW_DATA,10.6080,81.2973,55.9269,10.6080,81.2973,55.9269
2026-06-02 14:40:49.846,LIVE,NEW_DATA,10.6056,81.2973,55.9269,10.6056,81.2973,55.9269
2026-06-02 14:40:49.878,LIVE,NEW_DATA,10.6094,81.2973,55.9269,10.6094,81.2973,55.9269
2026-06-02 14:40:49.910,LIVE,NEW_DATA,10.6104,81.2973,55.9269,10.6104,81.2973,55.9269
2026-06-02 14:40:49.941,LIVE,NEW_DATA,10.6062,81.2973,55.9269,10.6062,81.2973,55.9269
2026-06-02 14:40:49.973,LIVE,NEW_DATA,10.6056,81.2973,55.9269,10.6056,81.2973,55.9269
2026-06-02 14:40:50.005,LIVE,NEW_DATA,10.5979,81.2973,55.9269,10.5979,81.2973,55.9269
2026-06-02 14:40:50.036,LIVE,NEW_DATA,10.5986,81.2973,55.9269,10.5986,81.2973,55.9269
2026-06-02 14:40:50.067,LIVE,NEW_DATA,10.5983,81.2973,55.9269,10.5983,81.2973,55.9269
2026-06-02 14:40:50.098,LIVE,NEW_DATA,10.5955,81.2973,55.9269,10.5955,81.2973,55.9269
2026-06-02 14:40:50.130,LIVE,NEW_DATA,10.5955,81.2973,55.9269,10.5955,81.2973,55.9269
2026-06-02 14:40:50.161,LIVE,NEW_DATA,10.5924,81.2973,55.9269,10.5924,81.2973,55.9269
2026-06-02 14:40:50.192,LIVE,NEW_DATA,10.5927,81.2973,55.9269,10.5927,81.2973,55.9269
2026-06-02 14:40:50.223,LIVE,NEW_DATA,10.5924,81.2973,55.9269,10.5924,81.2973,55.9269
2026-06-02 14:40:50.258,LIVE,NEW_DATA,10.5889,81.2413,55.7938,10.5889,81.2413,55.7938
2026-06-02 14:40:50.287,LIVE,NEW_DATA,10.5882,81.2413,55.7938,10.5882,81.2413,55.7938
2026-06-02 14:40:50.318,LIVE,NEW_DATA,10.5882,81.2413,55.7938,10.5882,81.2413,55.7938
2026-06-02 14:40:50.350,LIVE,NEW_DATA,10.5903,81.2413,55.7938,10.5903,81.2413,55.7938
2026-06-02 14:40:50.383,LIVE,NEW_DATA,10.5837,81.2413,55.7938,10.5837,81.2413,55.7938
2026-06-02 14:40:50.414,LIVE,NEW_DATA,10.5851,81.2413,55.7938,10.5851,81.2413,55.7938
2026-06-02 14:40:50.445,LIVE,NEW_DATA,10.6038,81.2413,55.7938,10.6038,81.2413,55.7938
2026-06-02 14:40:50.476,LIVE,NEW_DATA,10.5837,81.2413,55.7938,10.5837,81.2413,55.7938
2026-06-02 14:40:50.508,LIVE,NEW_DATA,10.5816,81.2413,55.7938,10.5816,81.2413,55.7938
2026-06-02 14:40:50.539,LIVE,NEW_DATA,10.5788,81.2413,55.7938,10.5788,81.2413,55.7938
2026-06-02 14:40:50.571,LIVE,NEW_DATA,10.5792,81.2413,55.7938,10.5792,81.2413,55.7938
2026-06-02 14:40:50.604,LIVE,NEW_DATA,10.5813,81.2413,55.7938,10.5813,81.2413,55.7938
2026-06-02 14:40:50.637,LIVE,NEW_DATA,10.5847,81.2413,55.7938,10.5847,81.2413,55.7938
2026-06-02 14:40:50.668,LIVE,NEW_DATA,10.5872,81.2413,55.7938,10.5872,81.2413,55.7938
2026-06-02 14:40:50.701,LIVE,NEW_DATA,10.5844,81.2413,55.7938,10.5844,81.2413,55.7938
2026-06-02 14:40:50.732,LIVE,NEW_DATA,10.5847,81.2413,55.7938,10.5847,81.2413,55.7938
2026-06-02 14:40:50.764,LIVE,NEW_DATA,10.5861,81.3707,55.4451,10.5861,81.3707,55.4451
2026-06-02 14:40:50.795,LIVE,NEW_DATA,10.5757,81.3707,55.4451,10.5757,81.3707,55.4451
2026-06-02 14:40:50.826,LIVE,NEW_DATA,10.5778,81.3707,55.4451,10.5778,81.3707,55.4451
2026-06-02 14:40:50.859,LIVE,NEW_DATA,10.5778,81.3707,55.4451,10.5778,81.3707,55.4451
2026-06-02 14:40:50.891,LIVE,NEW_DATA,10.5816,81.3707,55.4451,10.5816,81.3707,55.4451
2026-06-02 14:40:50.922,LIVE,NEW_DATA,10.5799,81.3707,55.4451,10.5799,81.3707,55.4451
2026-06-02 14:40:50.955,LIVE,NEW_DATA,10.5761,81.3707,55.4451,10.5761,81.3707,55.4451
2026-06-02 14:40:50.987,LIVE,NEW_DATA,10.5782,81.3707,55.4451,10.5782,81.3707,55.4451
2026-06-02 14:40:51.018,LIVE,NEW_DATA,10.5792,81.3707,55.4451,10.5792,81.3707,55.4451
2026-06-02 14:40:51.053,LIVE,NEW_DATA,10.5757,81.3707,55.4451,10.5757,81.3707,55.4451
2026-06-02 14:40:51.080,LIVE,NEW_DATA,10.5785,81.3707,55.4451,10.5785,81.3707,55.4451
2026-06-02 14:40:51.112,LIVE,NEW_DATA,10.5761,81.3707,55.4451,10.5761,81.3707,55.4451
2026-06-02 14:40:51.143,LIVE,NEW_DATA,10.5771,81.3707,55.4451,10.5771,81.3707,55.4451
2026-06-02 14:40:51.176,LIVE,NEW_DATA,10.5778,81.3707,55.4451,10.5778,81.3707,55.4451
2026-06-02 14:40:51.208,LIVE,NEW_DATA,10.5986,81.3707,55.4451,10.5986,81.3707,55.4451
2026-06-02 14:40:51.238,LIVE,NEW_DATA,10.5716,81.3707,55.4451,10.5716,81.3707,55.4451
2026-06-02 14:40:51.270,LIVE,NEW_DATA,10.5785,81.4693,55.5663,10.5785,81.4693,55.5663
2026-06-02 14:40:51.302,LIVE,NEW_DATA,10.5743,81.4693,55.5663,10.5743,81.4693,55.5663
2026-06-02 14:40:51.334,LIVE,NEW_DATA,10.5698,81.4693,55.5663,10.5698,81.4693,55.5663
2026-06-02 14:40:51.366,LIVE,NEW_DATA,10.5705,81.4693,55.5663,10.5705,81.4693,55.5663
2026-06-02 14:40:51.398,LIVE,NEW_DATA,10.5740,81.4693,55.5663,10.5740,81.4693,55.5663
2026-06-02 14:40:51.427,LIVE,NEW_DATA,10.5743,81.4693,55.5663,10.5743,81.4693,55.5663
2026-06-02 14:40:51.459,LIVE,NEW_DATA,10.5743,81.4693,55.5663,10.5743,81.4693,55.5663
2026-06-02 14:40:51.490,LIVE,NEW_DATA,10.5740,81.4693,55.5663,10.5740,81.4693,55.5663
2026-06-02 14:40:51.521,LIVE,NEW_DATA,10.5705,81.4693,55.5663,10.5705,81.4693,55.5663
2026-06-02 14:40:51.553,LIVE,NEW_DATA,10.5691,81.4693,55.5663,10.5691,81.4693,55.5663
2026-06-02 14:40:51.585,LIVE,NEW_DATA,10.5730,81.4693,55.5663,10.5730,81.4693,55.5663
2026-06-02 14:40:51.617,LIVE,NEW_DATA,10.5747,81.4693,55.5663,10.5747,81.4693,55.5663
2026-06-02 14:40:51.648,LIVE,NEW_DATA,10.5726,81.4693,55.5663,10.5726,81.4693,55.5663
2026-06-02 14:40:51.679,LIVE,NEW_DATA,10.5688,81.4693,55.5663,10.5688,81.4693,55.5663
2026-06-02 14:40:51.711,LIVE,NEW_DATA,10.5754,81.4693,55.5663,10.5754,81.4693,55.5663
2026-06-02 14:40:51.742,LIVE,NEW_DATA,10.5743,81.5161,54.9795,10.5743,81.5161,54.9795
2026-06-02 14:40:51.774,LIVE,NEW_DATA,10.5736,81.5161,54.9795,10.5736,81.5161,54.9795
2026-06-02 14:40:51.806,LIVE,NEW_DATA,10.5761,81.5161,54.9795,10.5761,81.5161,54.9795
2026-06-02 14:40:51.841,LIVE,NEW_DATA,10.5726,81.5161,54.9795,10.5726,81.5161,54.9795
2026-06-02 14:40:51.869,LIVE,NEW_DATA,10.5702,81.5161,54.9795,10.5702,81.5161,54.9795
2026-06-02 14:40:51.901,LIVE,NEW_DATA,10.5709,81.5161,54.9795,10.5709,81.5161,54.9795
2026-06-02 14:40:51.933,LIVE,NEW_DATA,10.5868,81.5161,54.9795,10.5868,81.5161,54.9795
2026-06-02 14:40:51.965,LIVE,NEW_DATA,10.5632,81.5161,54.9795,10.5632,81.5161,54.9795
2026-06-02 14:40:51.995,LIVE,NEW_DATA,10.5660,81.5161,54.9795,10.5660,81.5161,54.9795
2026-06-02 14:40:52.026,LIVE,NEW_DATA,10.5671,81.5161,54.9795,10.5671,81.5161,54.9795
2026-06-02 14:40:52.057,LIVE,NEW_DATA,10.5639,81.5161,54.9795,10.5639,81.5161,54.9795
2026-06-02 14:40:52.088,LIVE,NEW_DATA,10.5632,81.5161,54.9795,10.5632,81.5161,54.9795
2026-06-02 14:40:52.120,LIVE,NEW_DATA,10.5709,81.5161,54.9795,10.5709,81.5161,54.9795
2026-06-02 14:40:52.153,LIVE,NEW_DATA,10.5636,81.5161,54.9795,10.5636,81.5161,54.9795
2026-06-02 14:40:52.185,LIVE,NEW_DATA,10.5646,81.5161,54.9795,10.5646,81.5161,54.9795
2026-06-02 14:40:52.217,LIVE,NEW_DATA,10.5646,81.5161,54.9795,10.5646,81.5161,54.9795
2026-06-02 14:40:52.248,LIVE,NEW_DATA,10.5619,81.4983,54.6346,10.5619,81.4983,54.6346
2026-06-02 14:40:52.278,LIVE,NEW_DATA,10.5612,81.4983,54.6346,10.5612,81.4983,54.6346
2026-06-02 14:40:52.310,LIVE,NEW_DATA,10.5567,81.4983,54.6346,10.5567,81.4983,54.6346
2026-06-02 14:40:52.342,LIVE,NEW_DATA,10.5563,81.4983,54.6346,10.5563,81.4983,54.6346
2026-06-02 14:40:52.374,LIVE,NEW_DATA,10.5570,81.4983,54.6346,10.5570,81.4983,54.6346
2026-06-02 14:40:52.406,LIVE,NEW_DATA,10.5567,81.4983,54.6346,10.5567,81.4983,54.6346
2026-06-02 14:40:52.437,LIVE,NEW_DATA,10.5580,81.4983,54.6346,10.5580,81.4983,54.6346
2026-06-02 14:40:52.469,LIVE,NEW_DATA,10.5577,81.4983,54.6346,10.5577,81.4983,54.6346
2026-06-02 14:40:52.501,LIVE,NEW_DATA,10.5501,81.4983,54.6346,10.5501,81.4983,54.6346
2026-06-02 14:40:52.532,LIVE,NEW_DATA,10.5532,81.4983,54.6346,10.5532,81.4983,54.6346
2026-06-02 14:40:52.564,LIVE,NEW_DATA,10.5521,81.4983,54.6346,10.5521,81.4983,54.6346
2026-06-02 14:40:52.596,LIVE,NEW_DATA,10.5528,81.4983,54.6346,10.5528,81.4983,54.6346
2026-06-02 14:40:52.630,LIVE,NEW_DATA,10.5612,81.4983,54.6346,10.5612,81.4983,54.6346
2026-06-02 14:40:52.658,LIVE,NEW_DATA,10.5563,81.4983,54.6346,10.5563,81.4983,54.6346
2026-06-02 14:40:52.690,LIVE,NEW_DATA,10.5473,81.4983,54.6346,10.5473,81.4983,54.6346
2026-06-02 14:40:52.722,LIVE,NEW_DATA,10.5452,81.4983,54.6346,10.5452,81.4983,54.6346
2026-06-02 14:40:52.753,LIVE,NEW_DATA,10.5473,81.7505,54.9416,10.5473,81.7505,54.9416
2026-06-02 14:40:52.786,LIVE,NEW_DATA,10.5473,81.7505,54.9416,10.5473,81.7505,54.9416
2026-06-02 14:40:52.817,LIVE,NEW_DATA,10.5480,81.7505,54.9416,10.5480,81.7505,54.9416
2026-06-02 14:40:52.849,LIVE,NEW_DATA,10.5497,81.7505,54.9416,10.5497,81.7505,54.9416
2026-06-02 14:40:52.881,LIVE,NEW_DATA,10.5497,81.7505,54.9416,10.5497,81.7505,54.9416
2026-06-02 14:40:52.913,LIVE,NEW_DATA,10.5508,81.7505,54.9416,10.5508,81.7505,54.9416
2026-06-02 14:40:52.944,LIVE,NEW_DATA,10.5445,81.7505,54.9416,10.5445,81.7505,54.9416
2026-06-02 14:40:52.977,LIVE,NEW_DATA,10.5421,81.7505,54.9416,10.5421,81.7505,54.9416
2026-06-02 14:40:53.008,LIVE,NEW_DATA,10.5421,81.7505,54.9416,10.5421,81.7505,54.9416
2026-06-02 14:40:53.038,LIVE,NEW_DATA,10.5410,81.7505,54.9416,10.5410,81.7505,54.9416
2026-06-02 14:40:53.070,LIVE,NEW_DATA,10.5421,81.7505,54.9416,10.5421,81.7505,54.9416
2026-06-02 14:40:53.103,LIVE,NEW_DATA,10.5358,81.7505,54.9416,10.5358,81.7505,54.9416
2026-06-02 14:40:53.134,LIVE,NEW_DATA,10.5383,81.7505,54.9416,10.5383,81.7505,54.9416
2026-06-02 14:40:53.167,LIVE,NEW_DATA,10.5358,81.7505,54.9416,10.5358,81.7505,54.9416
2026-06-02 14:40:53.198,LIVE,NEW_DATA,10.5341,81.7505,54.9416,10.5341,81.7505,54.9416
2026-06-02 14:40:53.229,LIVE,NEW_DATA,10.5345,81.7505,54.9416,10.5345,81.7505,54.9416
2026-06-02 14:40:53.260,LIVE,NEW_DATA,10.5341,81.7618,54.9517,10.5341,81.7618,54.9517
2026-06-02 14:40:53.292,LIVE,NEW_DATA,10.5313,81.7618,54.9517,10.5313,81.7618,54.9517
2026-06-02 14:40:53.323,LIVE,NEW_DATA,10.5331,81.7618,54.9517,10.5331,81.7618,54.9517
2026-06-02 14:40:53.356,LIVE,NEW_DATA,10.5386,81.7618,54.9517,10.5386,81.7618,54.9517
2026-06-02 14:40:53.387,LIVE,NEW_DATA,10.5400,81.7618,54.9517,10.5400,81.7618,54.9517
2026-06-02 14:40:53.423,LIVE,NEW_DATA,10.5286,81.7618,54.9517,10.5286,81.7618,54.9517
2026-06-02 14:40:53.449,LIVE,NEW_DATA,10.5258,81.7618,54.9517,10.5258,81.7618,54.9517
2026-06-02 14:40:53.481,LIVE,NEW_DATA,10.5244,81.7618,54.9517,10.5244,81.7618,54.9517
2026-06-02 14:40:53.511,LIVE,NEW_DATA,10.5272,81.7618,54.9517,10.5272,81.7618,54.9517
2026-06-02 14:40:53.543,LIVE,NEW_DATA,10.5272,81.7618,54.9517,10.5272,81.7618,54.9517
2026-06-02 14:40:53.576,LIVE,NEW_DATA,10.5338,81.7618,54.9517,10.5338,81.7618,54.9517
2026-06-02 14:40:53.607,LIVE,NEW_DATA,10.5317,81.7618,54.9517,10.5317,81.7618,54.9517
2026-06-02 14:40:53.639,LIVE,NEW_DATA,10.5286,81.7618,54.9517,10.5286,81.7618,54.9517
2026-06-02 14:40:53.669,LIVE,NEW_DATA,10.5206,81.7618,54.9517,10.5206,81.7618,54.9517
2026-06-02 14:40:53.702,LIVE,NEW_DATA,10.5230,81.7618,54.9517,10.5230,81.7618,54.9517
2026-06-02 14:40:53.733,LIVE,NEW_DATA,10.5220,81.7618,54.9517,10.5220,81.7618,54.9517
2026-06-02 14:40:53.765,LIVE,NEW_DATA,10.5189,81.6176,55.0710,10.5189,81.6176,55.0710
2026-06-02 14:40:53.797,LIVE,NEW_DATA,10.5209,81.6176,55.0710,10.5209,81.6176,55.0710
2026-06-02 14:40:53.828,LIVE,NEW_DATA,10.5206,81.6176,55.0710,10.5206,81.6176,55.0710
2026-06-02 14:40:53.860,LIVE,NEW_DATA,10.5220,81.6176,55.0710,10.5220,81.6176,55.0710
2026-06-02 14:40:53.891,LIVE,NEW_DATA,10.5192,81.6176,55.0710,10.5192,81.6176,55.0710
2026-06-02 14:40:53.924,LIVE,NEW_DATA,10.5161,81.6176,55.0710,10.5161,81.6176,55.0710
2026-06-02 14:40:53.956,LIVE,NEW_DATA,10.5140,81.6176,55.0710,10.5140,81.6176,55.0710
2026-06-02 14:40:53.988,LIVE,NEW_DATA,10.5227,81.6176,55.0710,10.5227,81.6176,55.0710
2026-06-02 14:40:54.020,LIVE,NEW_DATA,10.5154,81.6176,55.0710,10.5154,81.6176,55.0710
2026-06-02 14:40:54.052,LIVE,NEW_DATA,10.5133,81.6176,55.0710,10.5133,81.6176,55.0710
2026-06-02 14:40:54.083,LIVE,NEW_DATA,10.5143,81.6176,55.0710,10.5143,81.6176,55.0710
2026-06-02 14:40:54.114,LIVE,NEW_DATA,10.5206,81.6176,55.0710,10.5206,81.6176,55.0710
2026-06-02 14:40:54.147,LIVE,NEW_DATA,10.5247,81.6176,55.0710,10.5247,81.6176,55.0710
2026-06-02 14:40:54.178,LIVE,NEW_DATA,10.5147,81.6176,55.0710,10.5147,81.6176,55.0710
2026-06-02 14:40:54.215,LIVE,NEW_DATA,10.5105,81.6176,55.0710,10.5105,81.6176,55.0710
2026-06-02 14:40:54.239,LIVE,NEW_DATA,10.5119,81.6176,55.0710,10.5119,81.6176,55.0710
2026-06-02 14:40:54.271,LIVE,NEW_DATA,10.5133,81.7505,55.0710,10.5133,81.7505,55.0710
2026-06-02 14:40:54.302,LIVE,NEW_DATA,10.5105,81.7505,55.0710,10.5105,81.7505,55.0710
2026-06-02 14:40:54.331,LIVE,NEW_DATA,10.5133,81.7505,55.0710,10.5133,81.7505,55.0710
2026-06-02 14:40:54.364,LIVE,NEW_DATA,10.5178,81.7505,55.0710,10.5178,81.7505,55.0710
2026-06-02 14:40:54.395,LIVE,NEW_DATA,10.5140,81.7505,55.0710,10.5140,81.7505,55.0710
2026-06-02 14:40:54.427,LIVE,NEW_DATA,10.5147,81.7505,55.0710,10.5147,81.7505,55.0710
2026-06-02 14:40:54.459,LIVE,NEW_DATA,10.5105,81.7505,55.0710,10.5105,81.7505,55.0710
2026-06-02 14:40:54.490,LIVE,NEW_DATA,10.5098,81.7505,55.0710,10.5098,81.7505,55.0710
2026-06-02 14:40:54.521,LIVE,NEW_DATA,10.5088,81.7505,55.0710,10.5088,81.7505,55.0710
2026-06-02 14:40:54.553,LIVE,NEW_DATA,10.5133,81.7505,55.0710,10.5133,81.7505,55.0710
2026-06-02 14:40:54.585,LIVE,NEW_DATA,10.5091,81.7505,55.0710,10.5091,81.7505,55.0710
2026-06-02 14:40:54.616,LIVE,NEW_DATA,10.5137,81.7505,55.0710,10.5137,81.7505,55.0710
2026-06-02 14:40:54.647,LIVE,NEW_DATA,10.5050,81.7505,55.0710,10.5050,81.7505,55.0710
2026-06-02 14:40:54.678,LIVE,NEW_DATA,10.5071,81.7505,55.0710,10.5071,81.7505,55.0710
2026-06-02 14:40:54.710,LIVE,NEW_DATA,10.5116,81.7505,55.0710,10.5116,81.7505,55.0710
2026-06-02 14:40:54.743,LIVE,NEW_DATA,10.5085,81.6200,55.0897,10.5085,81.6200,55.0897
2026-06-02 14:40:54.773,LIVE,NEW_DATA,10.5091,81.6200,55.0897,10.5091,81.6200,55.0897
2026-06-02 14:40:54.806,LIVE,NEW_DATA,10.5095,81.6200,55.0897,10.5095,81.6200,55.0897
2026-06-02 14:40:54.837,LIVE,NEW_DATA,10.5143,81.6200,55.0897,10.5143,81.6200,55.0897
2026-06-02 14:40:54.868,LIVE,NEW_DATA,10.5102,81.6200,55.0897,10.5102,81.6200,55.0897
2026-06-02 14:40:54.900,LIVE,NEW_DATA,10.5161,81.6200,55.0897,10.5161,81.6200,55.0897
2026-06-02 14:40:54.932,LIVE,NEW_DATA,10.5126,81.6200,55.0897,10.5126,81.6200,55.0897
2026-06-02 14:40:54.963,LIVE,NEW_DATA,10.5057,81.6200,55.0897,10.5057,81.6200,55.0897
2026-06-02 14:40:55.000,LIVE,NEW_DATA,10.5060,81.6200,55.0897,10.5060,81.6200,55.0897
2026-06-02 14:40:55.026,LIVE,NEW_DATA,10.5091,81.6200,55.0897,10.5091,81.6200,55.0897
2026-06-02 14:40:55.059,LIVE,NEW_DATA,10.5078,81.6200,55.0897,10.5078,81.6200,55.0897
2026-06-02 14:40:55.091,LIVE,NEW_DATA,10.5060,81.6200,55.0897,10.5060,81.6200,55.0897
2026-06-02 14:40:55.122,LIVE,NEW_DATA,10.5105,81.6200,55.0897,10.5105,81.6200,55.0897
2026-06-02 14:40:55.153,LIVE,NEW_DATA,10.5182,81.6200,55.0897,10.5182,81.6200,55.0897
2026-06-02 14:40:55.186,LIVE,NEW_DATA,10.5095,81.6200,55.0897,10.5095,81.6200,55.0897
2026-06-02 14:40:55.218,LIVE,NEW_DATA,10.5105,81.6200,55.0897,10.5105,81.6200,55.0897
2026-06-02 14:40:55.248,LIVE,NEW_DATA,10.5085,81.5819,54.9779,10.5085,81.5819,54.9779
2026-06-02 14:40:55.279,LIVE,NEW_DATA,10.5043,81.5819,54.9779,10.5043,81.5819,54.9779
2026-06-02 14:40:55.310,LIVE,NEW_DATA,10.5074,81.5819,54.9779,10.5074,81.5819,54.9779
2026-06-02 14:40:55.343,LIVE,NEW_DATA,10.5091,81.5819,54.9779,10.5091,81.5819,54.9779
2026-06-02 14:40:55.375,LIVE,NEW_DATA,10.5057,81.5819,54.9779,10.5057,81.5819,54.9779
2026-06-02 14:40:55.405,LIVE,NEW_DATA,10.5057,81.5819,54.9779,10.5057,81.5819,54.9779
2026-06-02 14:40:55.436,LIVE,NEW_DATA,10.5050,81.5819,54.9779,10.5050,81.5819,54.9779
2026-06-02 14:40:55.468,LIVE,NEW_DATA,10.5060,81.5819,54.9779,10.5060,81.5819,54.9779
2026-06-02 14:40:55.499,LIVE,NEW_DATA,10.4953,81.5819,54.9779,10.4953,81.5819,54.9779
2026-06-02 14:40:55.530,LIVE,NEW_DATA,10.4998,81.5819,54.9779,10.4998,81.5819,54.9779
2026-06-02 14:40:55.562,LIVE,NEW_DATA,10.5022,81.5819,54.9779,10.5022,81.5819,54.9779
2026-06-02 14:40:55.593,LIVE,NEW_DATA,10.5019,81.5819,54.9779,10.5019,81.5819,54.9779
2026-06-02 14:40:55.624,LIVE,NEW_DATA,10.4991,81.5819,54.9779,10.4991,81.5819,54.9779
2026-06-02 14:40:55.656,LIVE,NEW_DATA,10.4977,81.5819,54.9779,10.4977,81.5819,54.9779
2026-06-02 14:40:55.687,LIVE,NEW_DATA,10.5091,81.5819,54.9779,10.5091,81.5819,54.9779
2026-06-02 14:40:55.720,LIVE,NEW_DATA,10.4953,81.5819,54.9779,10.4953,81.5819,54.9779
2026-06-02 14:40:55.752,LIVE,NEW_DATA,10.4942,81.6466,54.9779,10.4942,81.6466,54.9779
2026-06-02 14:40:55.789,LIVE,NEW_DATA,10.4949,81.6466,54.9779,10.4949,81.6466,54.9779
2026-06-02 14:40:55.815,LIVE,NEW_DATA,10.4994,81.6466,54.9779,10.4994,81.6466,54.9779
2026-06-02 14:40:55.845,LIVE,NEW_DATA,10.4963,81.6466,54.9779,10.4963,81.6466,54.9779
2026-06-02 14:40:55.876,LIVE,NEW_DATA,10.5001,81.6466,54.9779,10.5001,81.6466,54.9779
2026-06-02 14:40:55.908,LIVE,NEW_DATA,10.4967,81.6466,54.9779,10.4967,81.6466,54.9779
2026-06-02 14:40:55.940,LIVE,NEW_DATA,10.4925,81.6466,54.9779,10.4925,81.6466,54.9779
2026-06-02 14:40:55.971,LIVE,NEW_DATA,10.5001,81.6466,54.9779,10.5001,81.6466,54.9779
2026-06-02 14:40:56.003,LIVE,NEW_DATA,10.4918,81.6466,54.9779,10.4918,81.6466,54.9779
2026-06-02 14:40:56.035,LIVE,NEW_DATA,10.4946,81.6466,54.9779,10.4946,81.6466,54.9779
2026-06-02 14:40:56.066,LIVE,NEW_DATA,10.4932,81.6466,54.9779,10.4932,81.6466,54.9779
2026-06-02 14:40:56.097,LIVE,NEW_DATA,10.4869,81.6466,54.9779,10.4869,81.6466,54.9779
2026-06-02 14:40:56.129,LIVE,NEW_DATA,10.4869,81.6466,54.9779,10.4869,81.6466,54.9779
2026-06-02 14:40:56.160,LIVE,NEW_DATA,10.4918,81.6466,54.9779,10.4918,81.6466,54.9779
2026-06-02 14:40:56.193,LIVE,NEW_DATA,10.4897,81.6466,54.9779,10.4897,81.6466,54.9779
2026-06-02 14:40:56.224,LIVE,NEW_DATA,10.4911,81.6466,54.9779,10.4911,81.6466,54.9779
2026-06-02 14:40:56.255,LIVE,NEW_DATA,10.4821,81.7606,55.1194,10.4821,81.7606,55.1194
2026-06-02 14:40:56.287,LIVE,NEW_DATA,10.4869,81.7606,55.1194,10.4869,81.7606,55.1194
2026-06-02 14:40:56.319,LIVE,NEW_DATA,10.4842,81.7606,55.1194,10.4842,81.7606,55.1194
2026-06-02 14:40:56.349,LIVE,NEW_DATA,10.4856,81.7606,55.1194,10.4856,81.7606,55.1194
2026-06-02 14:40:56.381,LIVE,NEW_DATA,10.4842,81.7606,55.1194,10.4842,81.7606,55.1194
2026-06-02 14:40:56.414,LIVE,NEW_DATA,10.4783,81.7606,55.1194,10.4783,81.7606,55.1194
2026-06-02 14:40:56.445,LIVE,NEW_DATA,10.4987,81.7606,55.1194,10.4987,81.7606,55.1194
2026-06-02 14:40:56.476,LIVE,NEW_DATA,10.4828,81.7606,55.1194,10.4828,81.7606,55.1194
2026-06-02 14:40:56.508,LIVE,NEW_DATA,10.4783,81.7606,55.1194,10.4783,81.7606,55.1194
2026-06-02 14:40:56.539,LIVE,NEW_DATA,10.4783,81.7606,55.1194,10.4783,81.7606,55.1194
2026-06-02 14:40:56.574,LIVE,NEW_DATA,10.4814,81.7606,55.1194,10.4814,81.7606,55.1194
2026-06-02 14:40:56.603,LIVE,NEW_DATA,10.4783,81.7606,55.1194,10.4783,81.7606,55.1194
2026-06-02 14:40:56.635,LIVE,NEW_DATA,10.4824,81.7606,55.1194,10.4824,81.7606,55.1194
2026-06-02 14:40:56.666,LIVE,NEW_DATA,10.4828,81.7606,55.1194,10.4828,81.7606,55.1194
2026-06-02 14:40:56.698,LIVE,NEW_DATA,10.4873,81.7606,55.1194,10.4873,81.7606,55.1194
2026-06-02 14:40:56.728,LIVE,NEW_DATA,10.4814,81.7606,55.1194,10.4814,81.7606,55.1194
2026-06-02 14:40:56.761,LIVE,NEW_DATA,10.4828,81.8083,54.7778,10.4828,81.8083,54.7778
2026-06-02 14:40:56.792,LIVE,NEW_DATA,10.4779,81.8083,54.7778,10.4779,81.8083,54.7778
2026-06-02 14:40:56.814,LIVE,NEW_DATA,10.4752,81.8083,54.7778,10.4752,81.8083,54.7778
2026-06-02 14:40:56.835,LIVE,NEW_DATA,10.4772,81.8083,54.7778,10.4772,81.8083,54.7778
2026-06-02 14:40:56.858,LIVE,NEW_DATA,10.4710,81.8083,54.7778,10.4710,81.8083,54.7778
2026-06-02 14:40:56.878,LIVE,NEW_DATA,10.4783,81.8083,54.7778,10.4783,81.8083,54.7778
2026-06-02 14:40:56.899,LIVE,NEW_DATA,10.4731,81.8083,54.7778,10.4731,81.8083,54.7778
2026-06-02 14:40:56.921,LIVE,NEW_DATA,10.4748,81.8083,54.7778,10.4748,81.8083,54.7778
2026-06-02 14:40:56.942,LIVE,NEW_DATA,10.4738,81.8083,54.7778,10.4738,81.8083,54.7778
2026-06-02 14:40:56.962,LIVE,NEW_DATA,10.4717,81.8083,54.7778,10.4717,81.8083,54.7778
2026-06-02 14:40:56.984,LIVE,NEW_DATA,10.4689,81.8083,54.7778,10.4689,81.8083,54.7778
2026-06-02 14:40:57.004,LIVE,NEW_DATA,10.4710,81.8083,54.7778,10.4710,81.8083,54.7778
2026-06-02 14:40:57.024,LIVE,NEW_DATA,10.4703,81.8083,54.7778,10.4703,81.8083,54.7778
2026-06-02 14:40:57.045,LIVE,NEW_DATA,10.4707,81.8083,54.7778,10.4707,81.8083,54.7778
2026-06-02 14:40:57.065,LIVE,NEW_DATA,10.4717,81.8083,54.7778,10.4717,81.8083,54.7778
2026-06-02 14:40:57.085,LIVE,NEW_DATA,10.4700,81.8083,54.7778,10.4700,81.8083,54.7778
2026-06-02 14:40:57.106,LIVE,NEW_DATA,10.4717,81.8083,54.7778,10.4717,81.8083,54.7778
2026-06-02 14:40:57.127,LIVE,NEW_DATA,10.4703,81.8083,54.7778,10.4703,81.8083,54.7778
2026-06-02 14:40:57.147,LIVE,NEW_DATA,10.4689,81.8083,54.7778,10.4689,81.8083,54.7778
2026-06-02 14:40:57.173,LIVE,NEW_DATA,10.4700,81.8083,54.7778,10.4700,81.8083,54.7778
2026-06-02 14:40:57.189,LIVE,NEW_DATA,10.4675,81.8083,54.7778,10.4675,81.8083,54.7778
2026-06-02 14:40:57.209,LIVE,NEW_DATA,10.4845,81.8083,54.7778,10.4845,81.8083,54.7778
2026-06-02 14:40:57.230,LIVE,NEW_DATA,10.4856,81.5233,54.8258,10.4856,81.5233,54.8258
2026-06-02 14:40:57.250,LIVE,NEW_DATA,10.4713,81.5233,54.8258,10.4713,81.5233,54.8258
2026-06-02 14:40:57.271,LIVE,NEW_DATA,10.4696,81.5233,54.8258,10.4696,81.5233,54.8258
2026-06-02 14:40:57.292,LIVE,NEW_DATA,10.4679,81.5233,54.8258,10.4679,81.5233,54.8258
2026-06-02 14:40:57.314,LIVE,NEW_DATA,10.4696,81.5233,54.8258,10.4696,81.5233,54.8258
2026-06-02 14:40:57.335,LIVE,NEW_DATA,10.4661,81.5233,54.8258,10.4661,81.5233,54.8258
2026-06-02 14:40:57.355,LIVE,NEW_DATA,10.4679,81.5233,54.8258,10.4679,81.5233,54.8258
2026-06-02 14:40:57.389,LIVE,NEW_DATA,10.4713,81.5233,54.8258,10.4713,81.5233,54.8258
2026-06-02 14:40:57.421,LIVE,NEW_DATA,10.4738,81.5233,54.8258,10.4738,81.5233,54.8258
2026-06-02 14:40:57.452,LIVE,NEW_DATA,10.4734,81.5233,54.8258,10.4734,81.5233,54.8258
2026-06-02 14:40:57.482,LIVE,NEW_DATA,10.4724,81.5233,54.8258,10.4724,81.5233,54.8258
2026-06-02 14:40:57.514,LIVE,NEW_DATA,10.4682,81.5233,54.8258,10.4682,81.5233,54.8258
2026-06-02 14:40:57.545,LIVE,NEW_DATA,10.4727,81.5233,54.8258,10.4727,81.5233,54.8258
2026-06-02 14:40:57.577,LIVE,NEW_DATA,10.4658,81.5233,54.8258,10.4658,81.5233,54.8258
2026-06-02 14:40:57.609,LIVE,NEW_DATA,10.4672,81.5233,54.8258,10.4672,81.5233,54.8258
2026-06-02 14:40:57.641,LIVE,NEW_DATA,10.4654,81.5233,54.8258,10.4654,81.5233,54.8258
2026-06-02 14:40:57.672,LIVE,NEW_DATA,10.4679,81.5233,54.8258,10.4679,81.5233,54.8258
2026-06-02 14:40:57.703,LIVE,NEW_DATA,10.4686,81.5233,54.8258,10.4686,81.5233,54.8258
2026-06-02 14:40:57.734,LIVE,NEW_DATA,10.4623,81.5233,54.8258,10.4623,81.5233,54.8258
2026-06-02 14:40:57.766,LIVE,NEW_DATA,10.4658,81.4035,55.0663,10.4658,81.4035,55.0663
2026-06-02 14:40:57.797,LIVE,NEW_DATA,10.4613,81.4035,55.0663,10.4613,81.4035,55.0663
2026-06-02 14:40:57.828,LIVE,NEW_DATA,10.4648,81.4035,55.0663,10.4648,81.4035,55.0663
2026-06-02 14:40:57.863,LIVE,NEW_DATA,10.4641,81.4035,55.0663,10.4641,81.4035,55.0663
2026-06-02 14:40:57.891,LIVE,NEW_DATA,10.4609,81.4035,55.0663,10.4609,81.4035,55.0663
2026-06-02 14:40:57.924,LIVE,NEW_DATA,10.4644,81.4035,55.0663,10.4644,81.4035,55.0663
2026-06-02 14:40:57.955,LIVE,NEW_DATA,10.4623,81.4035,55.0663,10.4623,81.4035,55.0663
2026-06-02 14:40:57.986,LIVE,NEW_DATA,10.4609,81.4035,55.0663,10.4609,81.4035,55.0663
2026-06-02 14:40:58.017,LIVE,NEW_DATA,10.4869,81.4035,55.0663,10.4869,81.4035,55.0663
2026-06-02 14:40:58.048,LIVE,NEW_DATA,10.4596,81.4035,55.0663,10.4596,81.4035,55.0663
2026-06-02 14:40:58.080,LIVE,NEW_DATA,10.4623,81.4035,55.0663,10.4623,81.4035,55.0663
2026-06-02 14:40:58.111,LIVE,NEW_DATA,10.4648,81.4035,55.0663,10.4648,81.4035,55.0663
2026-06-02 14:40:58.144,LIVE,NEW_DATA,10.4634,81.4035,55.0663,10.4634,81.4035,55.0663
2026-06-02 14:40:58.176,LIVE,NEW_DATA,10.4682,81.4035,55.0663,10.4682,81.4035,55.0663
2026-06-02 14:40:58.207,LIVE,NEW_DATA,10.4727,81.4035,55.0663,10.4727,81.4035,55.0663
2026-06-02 14:40:58.238,LIVE,NEW_DATA,10.4745,81.4035,55.0663,10.4745,81.4035,55.0663
2026-06-02 14:40:58.269,LIVE,NEW_DATA,10.4828,81.4282,55.3845,10.4828,81.4282,55.3845
2026-06-02 14:40:58.301,LIVE,NEW_DATA,10.4828,81.4282,55.3845,10.4828,81.4282,55.3845
2026-06-02 14:40:58.333,LIVE,NEW_DATA,10.4838,81.4282,55.3845,10.4838,81.4282,55.3845
2026-06-02 14:40:58.364,LIVE,NEW_DATA,10.4835,81.4282,55.3845,10.4835,81.4282,55.3845
2026-06-02 14:40:58.397,LIVE,NEW_DATA,10.4953,81.4282,55.3845,10.4953,81.4282,55.3845
2026-06-02 14:40:58.429,LIVE,NEW_DATA,10.4967,81.4282,55.3845,10.4967,81.4282,55.3845
2026-06-02 14:40:58.461,LIVE,NEW_DATA,10.5029,81.4282,55.3845,10.5029,81.4282,55.3845
2026-06-02 14:40:58.493,LIVE,NEW_DATA,10.5088,81.4282,55.3845,10.5088,81.4282,55.3845
2026-06-02 14:40:58.525,LIVE,NEW_DATA,10.5182,81.4282,55.3845,10.5182,81.4282,55.3845
2026-06-02 14:40:58.555,LIVE,NEW_DATA,10.5272,81.4282,55.3845,10.5272,81.4282,55.3845
2026-06-02 14:40:58.587,LIVE,NEW_DATA,10.5379,81.4282,55.3845,10.5379,81.4282,55.3845
2026-06-02 14:40:58.619,LIVE,NEW_DATA,10.5428,81.4282,55.3845,10.5428,81.4282,55.3845
2026-06-02 14:40:58.655,LIVE,NEW_DATA,10.5546,81.4282,55.3845,10.5546,81.4282,55.3845
2026-06-02 14:40:58.680,LIVE,NEW_DATA,10.5653,81.4282,55.3845,10.5653,81.4282,55.3845
2026-06-02 14:40:58.712,LIVE,NEW_DATA,10.5823,81.4282,55.3845,10.5823,81.4282,55.3845
2026-06-02 14:40:58.744,LIVE,NEW_DATA,10.5906,81.2202,55.0619,10.5906,81.2202,55.0619
2026-06-02 14:40:58.775,LIVE,NEW_DATA,10.6031,81.2202,55.0619,10.6031,81.2202,55.0619
2026-06-02 14:40:58.807,LIVE,NEW_DATA,10.6375,81.2202,55.0619,10.6375,81.2202,55.0619
2026-06-02 14:40:58.838,LIVE,NEW_DATA,10.6284,81.2202,55.0619,10.6284,81.2202,55.0619
2026-06-02 14:40:58.870,LIVE,NEW_DATA,10.6454,81.2202,55.0619,10.6454,81.2202,55.0619
2026-06-02 14:40:58.901,LIVE,NEW_DATA,10.6558,81.2202,55.0619,10.6558,81.2202,55.0619
2026-06-02 14:40:58.933,LIVE,NEW_DATA,10.6753,81.2202,55.0619,10.6753,81.2202,55.0619
2026-06-02 14:40:58.965,LIVE,NEW_DATA,10.6895,81.2202,55.0619,10.6895,81.2202,55.0619
2026-06-02 14:40:58.997,LIVE,NEW_DATA,10.7037,81.2202,55.0619,10.7037,81.2202,55.0619
2026-06-02 14:40:59.029,LIVE,NEW_DATA,10.7259,81.2202,55.0619,10.7259,81.2202,55.0619
2026-06-02 14:40:59.061,LIVE,NEW_DATA,10.7498,81.2202,55.0619,10.7498,81.2202,55.0619
2026-06-02 14:40:59.092,LIVE,NEW_DATA,10.7588,81.2202,55.0619,10.7588,81.2202,55.0619
2026-06-02 14:40:59.124,LIVE,NEW_DATA,10.7779,81.2202,55.0619,10.7779,81.2202,55.0619
2026-06-02 14:40:59.156,LIVE,NEW_DATA,10.7890,81.2202,55.0619,10.7890,81.2202,55.0619
2026-06-02 14:40:59.188,LIVE,NEW_DATA,10.8136,81.2202,55.0619,10.8136,81.2202,55.0619
2026-06-02 14:40:59.220,LIVE,NEW_DATA,10.8244,81.2202,55.0619,10.8244,81.2202,55.0619
2026-06-02 14:40:59.251,LIVE,NEW_DATA,10.8493,81.1559,54.1055,10.8493,81.1559,54.1055
2026-06-02 14:40:59.281,LIVE,NEW_DATA,10.8622,81.1559,54.1055,10.8622,81.1559,54.1055
2026-06-02 14:40:59.314,LIVE,NEW_DATA,10.8806,81.1559,54.1055,10.8806,81.1559,54.1055
2026-06-02 14:40:59.345,LIVE,NEW_DATA,10.8972,81.1559,54.1055,10.8972,81.1559,54.1055
2026-06-02 14:40:59.377,LIVE,NEW_DATA,10.9149,81.1559,54.1055,10.9149,81.1559,54.1055
2026-06-02 14:40:59.408,LIVE,NEW_DATA,10.9333,81.1559,54.1055,10.9333,81.1559,54.1055
2026-06-02 14:40:59.442,LIVE,NEW_DATA,10.9503,81.1559,54.1055,10.9503,81.1559,54.1055
2026-06-02 14:40:59.471,LIVE,NEW_DATA,10.9655,81.1559,54.1055,10.9655,81.1559,54.1055
2026-06-02 14:40:59.503,LIVE,NEW_DATA,10.9829,81.1559,54.1055,10.9829,81.1559,54.1055
2026-06-02 14:40:59.534,LIVE,NEW_DATA,11.0023,81.1559,54.1055,11.0023,81.1559,54.1055
2026-06-02 14:40:59.567,LIVE,NEW_DATA,11.0175,81.1559,54.1055,11.0175,81.1559,54.1055
2026-06-02 14:40:59.597,LIVE,NEW_DATA,11.0536,81.1559,54.1055,11.0536,81.1559,54.1055
2026-06-02 14:40:59.628,LIVE,NEW_DATA,11.0508,81.1559,54.1055,11.0508,81.1559,54.1055
2026-06-02 14:40:59.659,LIVE,NEW_DATA,11.0692,81.1559,54.1055,11.0692,81.1559,54.1055
2026-06-02 14:40:59.689,LIVE,NEW_DATA,11.0879,81.1559,54.1055,11.0879,81.1559,54.1055
2026-06-02 14:40:59.720,LIVE,NEW_DATA,11.1084,81.1559,54.1055,11.1084,81.1559,54.1055
2026-06-02 14:40:59.752,LIVE,NEW_DATA,11.1209,81.2015,53.5166,11.1209,81.2015,53.5166
2026-06-02 14:40:59.783,LIVE,NEW_DATA,11.1441,81.2015,53.5166,11.1441,81.2015,53.5166
2026-06-02 14:40:59.815,LIVE,NEW_DATA,11.1587,81.2015,53.5166,11.1587,81.2015,53.5166
2026-06-02 14:40:59.846,LIVE,NEW_DATA,11.1819,81.2015,53.5166,11.1819,81.2015,53.5166
2026-06-02 14:40:59.877,LIVE,NEW_DATA,11.1961,81.2015,53.5166,11.1961,81.2015,53.5166
2026-06-02 14:40:59.909,LIVE,NEW_DATA,11.2124,81.2015,53.5166,11.2124,81.2015,53.5166
2026-06-02 14:40:59.941,LIVE,NEW_DATA,11.2277,81.2015,53.5166,11.2277,81.2015,53.5166
2026-06-02 14:40:59.974,LIVE,NEW_DATA,11.2395,81.2015,53.5166,11.2395,81.2015,53.5166
2026-06-02 14:41:00.006,LIVE,NEW_DATA,11.2527,81.2015,53.5166,11.2527,81.2015,53.5166
2026-06-02 14:41:00.036,LIVE,NEW_DATA,11.2773,81.2015,53.5166,11.2773,81.2015,53.5166
2026-06-02 14:41:00.068,LIVE,NEW_DATA,11.2946,81.2015,53.5166,11.2946,81.2015,53.5166
2026-06-02 14:41:00.100,LIVE,NEW_DATA,11.3151,81.2015,53.5166,11.3151,81.2015,53.5166
2026-06-02 14:41:00.130,LIVE,NEW_DATA,11.3328,81.2015,53.5166,11.3328,81.2015,53.5166
2026-06-02 14:41:00.162,LIVE,NEW_DATA,11.3442,81.2015,53.5166,11.3442,81.2015,53.5166
2026-06-02 14:41:00.195,LIVE,NEW_DATA,11.3588,81.2015,53.5166,11.3588,81.2015,53.5166
2026-06-02 14:41:00.229,LIVE,NEW_DATA,11.3817,81.2015,53.5166,11.3817,81.2015,53.5166
2026-06-02 14:41:00.257,LIVE,NEW_DATA,11.3910,81.1049,53.2383,11.3910,81.1049,53.2383
2026-06-02 14:41:00.288,LIVE,NEW_DATA,11.4059,81.1049,53.2383,11.4059,81.1049,53.2383
2026-06-02 14:41:00.320,LIVE,NEW_DATA,11.4122,81.1049,53.2383,11.4122,81.1049,53.2383
2026-06-02 14:41:00.352,LIVE,NEW_DATA,11.4302,81.1049,53.2383,11.4302,81.1049,53.2383
2026-06-02 14:41:00.384,LIVE,NEW_DATA,11.4524,81.1049,53.2383,11.4524,81.1049,53.2383
2026-06-02 14:41:00.416,LIVE,NEW_DATA,11.4472,81.1049,53.2383,11.4472,81.1049,53.2383
2026-06-02 14:41:00.449,LIVE,NEW_DATA,11.4621,81.1049,53.2383,11.4621,81.1049,53.2383
2026-06-02 14:41:00.481,LIVE,NEW_DATA,11.4711,81.1049,53.2383,11.4711,81.1049,53.2383
2026-06-02 14:41:00.513,LIVE,NEW_DATA,11.4767,81.1049,53.2383,11.4767,81.1049,53.2383
2026-06-02 14:41:00.543,LIVE,NEW_DATA,11.4874,81.1049,53.2383,11.4874,81.1049,53.2383
2026-06-02 14:41:00.575,LIVE,NEW_DATA,11.4989,81.1049,53.2383,11.4989,81.1049,53.2383
2026-06-02 14:41:00.606,LIVE,NEW_DATA,11.5107,81.1049,53.2383,11.5107,81.1049,53.2383
2026-06-02 14:41:00.638,LIVE,NEW_DATA,11.5193,81.1049,53.2383,11.5193,81.1049,53.2383
2026-06-02 14:41:00.669,LIVE,NEW_DATA,11.5297,81.1049,53.2383,11.5297,81.1049,53.2383
2026-06-02 14:41:00.700,LIVE,NEW_DATA,11.5318,81.1049,53.2383,11.5318,81.1049,53.2383
2026-06-02 14:41:00.731,LIVE,NEW_DATA,11.5388,81.1049,53.2383,11.5388,81.1049,53.2383
2026-06-02 14:41:00.763,LIVE,NEW_DATA,11.5436,80.9268,53.3083,11.5436,80.9268,53.3083
2026-06-02 14:41:00.796,LIVE,NEW_DATA,11.5575,80.9268,53.3083,11.5575,80.9268,53.3083
2026-06-02 14:41:00.827,LIVE,NEW_DATA,11.5620,80.9268,53.3083,11.5620,80.9268,53.3083
2026-06-02 14:41:00.857,LIVE,NEW_DATA,11.5741,80.9268,53.3083,11.5741,80.9268,53.3083
2026-06-02 14:41:00.889,LIVE,NEW_DATA,11.5759,80.9268,53.3083,11.5759,80.9268,53.3083
2026-06-02 14:41:00.921,LIVE,NEW_DATA,11.5870,80.9268,53.3083,11.5870,80.9268,53.3083
2026-06-02 14:41:00.954,LIVE,NEW_DATA,11.5963,80.9268,53.3083,11.5963,80.9268,53.3083
2026-06-02 14:41:00.985,LIVE,NEW_DATA,11.6022,80.9268,53.3083,11.6022,80.9268,53.3083
2026-06-02 14:41:01.020,LIVE,NEW_DATA,11.6123,80.9268,53.3083,11.6123,80.9268,53.3083
2026-06-02 14:41:01.048,LIVE,NEW_DATA,11.6196,80.9268,53.3083,11.6196,80.9268,53.3083
2026-06-02 14:41:01.080,LIVE,NEW_DATA,11.6248,80.9268,53.3083,11.6248,80.9268,53.3083
2026-06-02 14:41:01.111,LIVE,NEW_DATA,11.6324,80.9268,53.3083,11.6324,80.9268,53.3083
2026-06-02 14:41:01.142,LIVE,NEW_DATA,11.6324,80.9268,53.3083,11.6324,80.9268,53.3083
2026-06-02 14:41:01.174,LIVE,NEW_DATA,11.6650,80.9268,53.3083,11.6650,80.9268,53.3083
2026-06-02 14:41:01.206,LIVE,NEW_DATA,11.6542,80.9268,53.3083,11.6542,80.9268,53.3083
2026-06-02 14:41:01.238,LIVE,NEW_DATA,11.6570,80.9268,53.3083,11.6570,80.9268,53.3083
2026-06-02 14:41:01.269,LIVE,NEW_DATA,11.6647,80.9141,53.4806,11.6647,80.9141,53.4806
2026-06-02 14:41:01.300,LIVE,NEW_DATA,11.6685,80.9141,53.4806,11.6685,80.9141,53.4806
2026-06-02 14:41:01.332,LIVE,NEW_DATA,11.6726,80.9141,53.4806,11.6726,80.9141,53.4806
2026-06-02 14:41:01.365,LIVE,NEW_DATA,11.6803,80.9141,53.4806,11.6803,80.9141,53.4806
2026-06-02 14:41:01.396,LIVE,NEW_DATA,11.6841,80.9141,53.4806,11.6841,80.9141,53.4806
2026-06-02 14:41:01.428,LIVE,NEW_DATA,11.6882,80.9141,53.4806,11.6882,80.9141,53.4806
2026-06-02 14:41:01.459,LIVE,NEW_DATA,11.6900,80.9141,53.4806,11.6900,80.9141,53.4806
2026-06-02 14:41:01.491,LIVE,NEW_DATA,11.6827,80.9141,53.4806,11.6827,80.9141,53.4806
2026-06-02 14:41:01.522,LIVE,NEW_DATA,11.6914,80.9141,53.4806,11.6914,80.9141,53.4806
2026-06-02 14:41:01.554,LIVE,NEW_DATA,11.6900,80.9141,53.4806,11.6900,80.9141,53.4806
2026-06-02 14:41:01.585,LIVE,NEW_DATA,11.6924,80.9141,53.4806,11.6924,80.9141,53.4806
2026-06-02 14:41:01.617,LIVE,NEW_DATA,11.6952,80.9141,53.4806,11.6952,80.9141,53.4806
2026-06-02 14:41:01.649,LIVE,NEW_DATA,11.6979,80.9141,53.4806,11.6979,80.9141,53.4806
2026-06-02 14:41:01.679,LIVE,NEW_DATA,11.6945,80.9141,53.4806,11.6945,80.9141,53.4806
2026-06-02 14:41:01.710,LIVE,NEW_DATA,11.6993,80.9141,53.4806,11.6993,80.9141,53.4806
2026-06-02 14:41:01.743,LIVE,NEW_DATA,11.6945,80.8943,53.7109,11.6945,80.8943,53.7109
2026-06-02 14:41:01.775,LIVE,NEW_DATA,11.7014,80.8943,53.7109,11.7014,80.8943,53.7109
2026-06-02 14:41:01.809,LIVE,NEW_DATA,11.7035,80.8943,53.7109,11.7035,80.8943,53.7109
2026-06-02 14:41:01.837,LIVE,NEW_DATA,11.7042,80.8943,53.7109,11.7042,80.8943,53.7109
2026-06-02 14:41:01.870,LIVE,NEW_DATA,11.7097,80.8943,53.7109,11.7097,80.8943,53.7109
2026-06-02 14:41:01.901,LIVE,NEW_DATA,11.7045,80.8943,53.7109,11.7045,80.8943,53.7109
2026-06-02 14:41:01.933,LIVE,NEW_DATA,11.7056,80.8943,53.7109,11.7056,80.8943,53.7109
2026-06-02 14:41:01.965,LIVE,NEW_DATA,11.7042,80.8943,53.7109,11.7042,80.8943,53.7109
2026-06-02 14:41:01.997,LIVE,NEW_DATA,11.7264,80.8943,53.7109,11.7264,80.8943,53.7109
2026-06-02 14:41:02.029,LIVE,NEW_DATA,11.7066,80.8943,53.7109,11.7066,80.8943,53.7109
2026-06-02 14:41:02.060,LIVE,NEW_DATA,11.7101,80.8943,53.7109,11.7101,80.8943,53.7109
2026-06-02 14:41:02.091,LIVE,NEW_DATA,11.7049,80.8943,53.7109,11.7049,80.8943,53.7109
2026-06-02 14:41:02.123,LIVE,NEW_DATA,11.7080,80.8943,53.7109,11.7080,80.8943,53.7109
2026-06-02 14:41:02.155,LIVE,NEW_DATA,11.7025,80.8943,53.7109,11.7025,80.8943,53.7109
2026-06-02 14:41:02.186,LIVE,NEW_DATA,11.7021,80.8943,53.7109,11.7021,80.8943,53.7109
2026-06-02 14:41:02.219,LIVE,NEW_DATA,11.7066,80.8943,53.7109,11.7066,80.8943,53.7109
2026-06-02 14:41:02.250,LIVE,NEW_DATA,11.7063,80.8943,53.7071,11.7063,80.8943,53.7071
2026-06-02 14:41:02.281,LIVE,NEW_DATA,11.6962,80.8943,53.7071,11.6962,80.8943,53.7071
2026-06-02 14:41:02.313,LIVE,NEW_DATA,11.6941,80.8943,53.7071,11.6941,80.8943,53.7071
2026-06-02 14:41:02.344,LIVE,NEW_DATA,11.6969,80.8943,53.7071,11.6969,80.8943,53.7071
2026-06-02 14:41:02.375,LIVE,NEW_DATA,11.6927,80.8943,53.7071,11.6927,80.8943,53.7071
2026-06-02 14:41:02.407,LIVE,NEW_DATA,11.6900,80.8943,53.7071,11.6900,80.8943,53.7071
2026-06-02 14:41:02.439,LIVE,NEW_DATA,11.6924,80.8943,53.7071,11.6924,80.8943,53.7071
2026-06-02 14:41:02.471,LIVE,NEW_DATA,11.6907,80.8943,53.7071,11.6907,80.8943,53.7071
2026-06-02 14:41:02.504,LIVE,NEW_DATA,11.6834,80.8943,53.7071,11.6834,80.8943,53.7071
2026-06-02 14:41:02.535,LIVE,NEW_DATA,11.6768,80.8943,53.7071,11.6768,80.8943,53.7071
2026-06-02 14:41:02.567,LIVE,NEW_DATA,11.6799,80.8943,53.7071,11.6799,80.8943,53.7071
2026-06-02 14:41:02.602,LIVE,NEW_DATA,11.6764,80.8943,53.7071,11.6764,80.8943,53.7071
2026-06-02 14:41:02.630,LIVE,NEW_DATA,11.6737,80.8943,53.7071,11.6737,80.8943,53.7071
2026-06-02 14:41:02.662,LIVE,NEW_DATA,11.6685,80.8943,53.7071,11.6685,80.8943,53.7071
2026-06-02 14:41:02.693,LIVE,NEW_DATA,11.6712,80.8943,53.7071,11.6712,80.8943,53.7071
2026-06-02 14:41:02.724,LIVE,NEW_DATA,11.6626,80.8943,53.7071,11.6626,80.8943,53.7071
2026-06-02 14:41:02.755,LIVE,NEW_DATA,11.6577,80.5929,55.5956,11.6577,80.5929,55.5956
2026-06-02 14:41:02.787,LIVE,NEW_DATA,11.6660,80.5929,55.5956,11.6660,80.5929,55.5956
2026-06-02 14:41:02.817,LIVE,NEW_DATA,11.6522,80.5929,55.5956,11.6522,80.5929,55.5956
2026-06-02 14:41:02.849,LIVE,NEW_DATA,11.6563,80.5929,55.5956,11.6563,80.5929,55.5956
2026-06-02 14:41:02.880,LIVE,NEW_DATA,11.6484,80.5929,55.5956,11.6484,80.5929,55.5956
2026-06-02 14:41:02.911,LIVE,NEW_DATA,11.6501,80.5929,55.5956,11.6501,80.5929,55.5956
2026-06-02 14:41:02.942,LIVE,NEW_DATA,11.6473,80.5929,55.5956,11.6473,80.5929,55.5956
2026-06-02 14:41:02.975,LIVE,NEW_DATA,11.6463,80.5929,55.5956,11.6463,80.5929,55.5956
2026-06-02 14:41:03.007,LIVE,NEW_DATA,11.6494,80.5929,55.5956,11.6494,80.5929,55.5956
2026-06-02 14:41:03.037,LIVE,NEW_DATA,11.6404,80.5929,55.5956,11.6404,80.5929,55.5956
2026-06-02 14:41:03.070,LIVE,NEW_DATA,11.6324,80.5929,55.5956,11.6324,80.5929,55.5956
2026-06-02 14:41:03.101,LIVE,NEW_DATA,11.6262,80.5929,55.5956,11.6262,80.5929,55.5956
2026-06-02 14:41:03.133,LIVE,NEW_DATA,11.6286,80.5929,55.5956,11.6286,80.5929,55.5956
2026-06-02 14:41:03.166,LIVE,NEW_DATA,11.6293,80.5929,55.5956,11.6293,80.5929,55.5956
2026-06-02 14:41:03.198,LIVE,NEW_DATA,11.6223,80.5929,55.5956,11.6223,80.5929,55.5956
2026-06-02 14:41:03.229,LIVE,NEW_DATA,11.6133,80.5929,55.5956,11.6133,80.5929,55.5956
2026-06-02 14:41:03.260,LIVE,NEW_DATA,11.6092,80.6477,57.7511,11.6092,80.6477,57.7511
2026-06-02 14:41:03.292,LIVE,NEW_DATA,11.6050,80.6477,57.7511,11.6050,80.6477,57.7511
2026-06-02 14:41:03.323,LIVE,NEW_DATA,11.6102,80.6477,57.7511,11.6102,80.6477,57.7511
2026-06-02 14:41:03.356,LIVE,NEW_DATA,11.5991,80.6477,57.7511,11.5991,80.6477,57.7511
2026-06-02 14:41:03.391,LIVE,NEW_DATA,11.5929,80.6477,57.7511,11.5929,80.6477,57.7511
2026-06-02 14:41:03.418,LIVE,NEW_DATA,11.5842,80.6477,57.7511,11.5842,80.6477,57.7511
2026-06-02 14:41:03.450,LIVE,NEW_DATA,11.5845,80.6477,57.7511,11.5845,80.6477,57.7511
2026-06-02 14:41:03.480,LIVE,NEW_DATA,11.5838,80.6477,57.7511,11.5838,80.6477,57.7511
2026-06-02 14:41:03.512,LIVE,NEW_DATA,11.5721,80.6477,57.7511,11.5721,80.6477,57.7511
2026-06-02 14:41:03.543,LIVE,NEW_DATA,11.5731,80.6477,57.7511,11.5731,80.6477,57.7511
2026-06-02 14:41:03.574,LIVE,NEW_DATA,11.5738,80.6477,57.7511,11.5738,80.6477,57.7511
2026-06-02 14:41:03.606,LIVE,NEW_DATA,11.5658,80.6477,57.7511,11.5658,80.6477,57.7511
2026-06-02 14:41:03.637,LIVE,NEW_DATA,11.5565,80.6477,57.7511,11.5565,80.6477,57.7511
2026-06-02 14:41:03.669,LIVE,NEW_DATA,11.5509,80.6477,57.7511,11.5509,80.6477,57.7511
2026-06-02 14:41:03.701,LIVE,NEW_DATA,11.5467,80.6477,57.7511,11.5467,80.6477,57.7511
2026-06-02 14:41:03.733,LIVE,NEW_DATA,11.5457,80.6477,57.7511,11.5457,80.6477,57.7511
2026-06-02 14:41:03.765,LIVE,NEW_DATA,11.5363,80.6477,58.0065,11.5363,80.6477,58.0065
2026-06-02 14:41:03.797,LIVE,NEW_DATA,11.5360,80.6477,58.0065,11.5360,80.6477,58.0065
2026-06-02 14:41:03.828,LIVE,NEW_DATA,11.5419,80.6477,58.0065,11.5419,80.6477,58.0065
2026-06-02 14:41:03.859,LIVE,NEW_DATA,11.5346,80.6477,58.0065,11.5346,80.6477,58.0065
2026-06-02 14:41:03.890,LIVE,NEW_DATA,11.5259,80.6477,58.0065,11.5259,80.6477,58.0065
2026-06-02 14:41:03.921,LIVE,NEW_DATA,11.5176,80.6477,58.0065,11.5176,80.6477,58.0065
2026-06-02 14:41:03.953,LIVE,NEW_DATA,11.5169,80.6477,58.0065,11.5169,80.6477,58.0065
2026-06-02 14:41:03.985,LIVE,NEW_DATA,11.5110,80.6477,58.0065,11.5110,80.6477,58.0065
2026-06-02 14:41:04.017,LIVE,NEW_DATA,11.5024,80.6477,58.0065,11.5024,80.6477,58.0065
2026-06-02 14:41:04.047,LIVE,NEW_DATA,11.5069,80.6477,58.0065,11.5069,80.6477,58.0065
2026-06-02 14:41:04.079,LIVE,NEW_DATA,11.4888,80.6477,58.0065,11.4888,80.6477,58.0065
2026-06-02 14:41:04.110,LIVE,NEW_DATA,11.4961,80.6477,58.0065,11.4961,80.6477,58.0065
2026-06-02 14:41:04.142,LIVE,NEW_DATA,11.4899,80.6477,58.0065,11.4899,80.6477,58.0065
2026-06-02 14:41:04.176,LIVE,NEW_DATA,11.4843,80.6477,58.0065,11.4843,80.6477,58.0065
2026-06-02 14:41:04.205,LIVE,NEW_DATA,11.4788,80.6477,58.0065,11.4788,80.6477,58.0065
2026-06-02 14:41:04.237,LIVE,NEW_DATA,11.4784,80.6477,58.0065,11.4784,80.6477,58.0065
2026-06-02 14:41:04.267,LIVE,NEW_DATA,11.4784,80.3344,57.6749,11.4784,80.3344,57.6749
2026-06-02 14:41:04.298,LIVE,NEW_DATA,11.4628,80.3344,57.6749,11.4628,80.3344,57.6749
2026-06-02 14:41:04.330,LIVE,NEW_DATA,11.4635,80.3344,57.6749,11.4635,80.3344,57.6749
2026-06-02 14:41:04.360,LIVE,NEW_DATA,11.4656,80.3344,57.6749,11.4656,80.3344,57.6749
2026-06-02 14:41:04.392,LIVE,NEW_DATA,11.4670,80.3344,57.6749,11.4670,80.3344,57.6749
2026-06-02 14:41:04.424,LIVE,NEW_DATA,11.4521,80.3344,57.6749,11.4521,80.3344,57.6749
2026-06-02 14:41:04.454,LIVE,NEW_DATA,11.4510,80.3344,57.6749,11.4510,80.3344,57.6749
2026-06-02 14:41:04.487,LIVE,NEW_DATA,11.4448,80.3344,57.6749,11.4448,80.3344,57.6749
2026-06-02 14:41:04.519,LIVE,NEW_DATA,11.4510,80.3344,57.6749,11.4510,80.3344,57.6749
2026-06-02 14:41:04.550,LIVE,NEW_DATA,11.4472,80.3344,57.6749,11.4472,80.3344,57.6749
2026-06-02 14:41:04.582,LIVE,NEW_DATA,11.4316,80.3344,57.6749,11.4316,80.3344,57.6749
2026-06-02 14:41:04.613,LIVE,NEW_DATA,11.4382,80.3344,57.6749,11.4382,80.3344,57.6749
2026-06-02 14:41:04.643,LIVE,NEW_DATA,11.4361,80.3344,57.6749,11.4361,80.3344,57.6749
2026-06-02 14:41:04.674,LIVE,NEW_DATA,11.4278,80.3344,57.6749,11.4278,80.3344,57.6749
2026-06-02 14:41:04.706,LIVE,NEW_DATA,11.4177,80.3344,57.6749,11.4177,80.3344,57.6749
2026-06-02 14:41:04.737,LIVE,NEW_DATA,11.4143,80.3344,57.6749,11.4143,80.3344,57.6749
2026-06-02 14:41:04.768,LIVE,NEW_DATA,11.4129,79.9219,57.6661,11.4129,79.9219,57.6661
2026-06-02 14:41:04.800,LIVE,NEW_DATA,11.4066,79.9219,57.6661,11.4066,79.9219,57.6661
2026-06-02 14:41:04.832,LIVE,NEW_DATA,11.4046,79.9219,57.6661,11.4046,79.9219,57.6661
2026-06-02 14:41:04.863,LIVE,NEW_DATA,11.3980,79.9219,57.6661,11.3980,79.9219,57.6661
2026-06-02 14:41:04.895,LIVE,NEW_DATA,11.3973,79.9219,57.6661,11.3973,79.9219,57.6661
2026-06-02 14:41:04.927,LIVE,NEW_DATA,11.3910,79.9219,57.6661,11.3910,79.9219,57.6661
2026-06-02 14:41:04.962,LIVE,NEW_DATA,11.3886,79.9219,57.6661,11.3886,79.9219,57.6661
2026-06-02 14:41:04.990,LIVE,NEW_DATA,11.3862,79.9219,57.6661,11.3862,79.9219,57.6661
2026-06-02 14:41:05.021,LIVE,NEW_DATA,11.3789,79.9219,57.6661,11.3789,79.9219,57.6661
2026-06-02 14:41:05.051,LIVE,NEW_DATA,11.3775,79.9219,57.6661,11.3775,79.9219,57.6661
2026-06-02 14:41:05.082,LIVE,NEW_DATA,11.3733,79.9219,57.6661,11.3733,79.9219,57.6661
2026-06-02 14:41:05.115,LIVE,NEW_DATA,11.3727,79.9219,57.6661,11.3727,79.9219,57.6661
2026-06-02 14:41:05.145,LIVE,NEW_DATA,11.3661,79.9219,57.6661,11.3661,79.9219,57.6661
2026-06-02 14:41:05.178,LIVE,NEW_DATA,11.3789,79.9219,57.6661,11.3789,79.9219,57.6661
2026-06-02 14:41:05.210,LIVE,NEW_DATA,11.3661,79.9219,57.6661,11.3661,79.9219,57.6661
2026-06-02 14:41:05.240,LIVE,NEW_DATA,11.3567,79.9219,57.6661,11.3567,79.9219,57.6661
2026-06-02 14:41:05.272,LIVE,NEW_DATA,11.3577,79.9219,57.8652,11.3577,79.9219,57.8652
2026-06-02 14:41:05.304,LIVE,NEW_DATA,11.3512,79.9219,57.8652,11.3512,79.9219,57.8652
2026-06-02 14:41:05.335,LIVE,NEW_DATA,11.3539,79.9219,57.8652,11.3539,79.9219,57.8652
2026-06-02 14:41:05.366,LIVE,NEW_DATA,11.3470,79.9219,57.8652,11.3470,79.9219,57.8652
2026-06-02 14:41:05.398,LIVE,NEW_DATA,11.3487,79.9219,57.8652,11.3487,79.9219,57.8652
2026-06-02 14:41:05.430,LIVE,NEW_DATA,11.3494,79.9219,57.8652,11.3494,79.9219,57.8652
2026-06-02 14:41:05.461,LIVE,NEW_DATA,11.3401,79.9219,57.8652,11.3401,79.9219,57.8652
2026-06-02 14:41:05.492,LIVE,NEW_DATA,11.3331,79.9219,57.8652,11.3331,79.9219,57.8652
2026-06-02 14:41:05.523,LIVE,NEW_DATA,11.3355,79.9219,57.8652,11.3355,79.9219,57.8652
2026-06-02 14:41:05.554,LIVE,NEW_DATA,11.3286,79.9219,57.8652,11.3286,79.9219,57.8652
2026-06-02 14:41:05.586,LIVE,NEW_DATA,11.3192,79.9219,57.8652,11.3192,79.9219,57.8652
2026-06-02 14:41:05.618,LIVE,NEW_DATA,11.3168,79.9219,57.8652,11.3168,79.9219,57.8652
2026-06-02 14:41:05.650,LIVE,NEW_DATA,11.3192,79.9219,57.8652,11.3192,79.9219,57.8652
2026-06-02 14:41:05.683,LIVE,NEW_DATA,11.3165,79.9219,57.8652,11.3165,79.9219,57.8652
2026-06-02 14:41:05.714,LIVE,NEW_DATA,11.3123,79.9219,57.8652,11.3123,79.9219,57.8652
2026-06-02 14:41:05.749,LIVE,NEW_DATA,11.3082,79.8460,57.8910,11.3082,79.8460,57.8910
2026-06-02 14:41:05.777,LIVE,NEW_DATA,11.3033,79.8460,57.8910,11.3033,79.8460,57.8910
2026-06-02 14:41:05.806,LIVE,NEW_DATA,11.3071,79.8460,57.8910,11.3071,79.8460,57.8910
2026-06-02 14:41:05.839,LIVE,NEW_DATA,11.3040,79.8460,57.8910,11.3040,79.8460,57.8910
2026-06-02 14:41:05.870,LIVE,NEW_DATA,11.3023,79.8460,57.8910,11.3023,79.8460,57.8910
2026-06-02 14:41:05.900,LIVE,NEW_DATA,11.2943,79.8460,57.8910,11.2943,79.8460,57.8910
2026-06-02 14:41:05.933,LIVE,NEW_DATA,11.2932,79.8460,57.8910,11.2932,79.8460,57.8910
2026-06-02 14:41:05.965,LIVE,NEW_DATA,11.2846,79.8460,57.8910,11.2846,79.8460,57.8910
2026-06-02 14:41:05.996,LIVE,NEW_DATA,11.3130,79.8460,57.8910,11.3130,79.8460,57.8910
2026-06-02 14:41:06.027,LIVE,NEW_DATA,11.2853,79.8460,57.8910,11.2853,79.8460,57.8910
2026-06-02 14:41:06.058,LIVE,NEW_DATA,11.2804,79.8460,57.8910,11.2804,79.8460,57.8910
2026-06-02 14:41:06.090,LIVE,NEW_DATA,11.2790,79.8460,57.8910,11.2790,79.8460,57.8910
2026-06-02 14:41:06.122,LIVE,NEW_DATA,11.2752,79.8460,57.8910,11.2752,79.8460,57.8910
2026-06-02 14:41:06.153,LIVE,NEW_DATA,11.2738,79.8460,57.8910,11.2738,79.8460,57.8910
2026-06-02 14:41:06.186,LIVE,NEW_DATA,11.2745,79.8460,57.8910,11.2745,79.8460,57.8910
2026-06-02 14:41:06.217,LIVE,NEW_DATA,11.2766,79.8460,57.8910,11.2766,79.8460,57.8910
2026-06-02 14:41:06.249,LIVE,NEW_DATA,11.2721,80.0565,57.8910,11.2721,80.0565,57.8910
2026-06-02 14:41:06.280,LIVE,NEW_DATA,11.2707,80.0565,57.8910,11.2707,80.0565,57.8910
2026-06-02 14:41:06.311,LIVE,NEW_DATA,11.2610,80.0565,57.8910,11.2610,80.0565,57.8910
2026-06-02 14:41:06.342,LIVE,NEW_DATA,11.2645,80.0565,57.8910,11.2645,80.0565,57.8910
2026-06-02 14:41:06.374,LIVE,NEW_DATA,11.2610,80.0565,57.8910,11.2610,80.0565,57.8910
2026-06-02 14:41:06.406,LIVE,NEW_DATA,11.2568,80.0565,57.8910,11.2568,80.0565,57.8910
2026-06-02 14:41:06.437,LIVE,NEW_DATA,11.2541,80.0565,57.8910,11.2541,80.0565,57.8910
2026-06-02 14:41:06.468,LIVE,NEW_DATA,11.2513,80.0565,57.8910,11.2513,80.0565,57.8910
2026-06-02 14:41:06.500,LIVE,NEW_DATA,11.2475,80.0565,57.8910,11.2475,80.0565,57.8910
2026-06-02 14:41:06.536,LIVE,NEW_DATA,11.2443,80.0565,57.8910,11.2443,80.0565,57.8910
2026-06-02 14:41:06.564,LIVE,NEW_DATA,11.2416,80.0565,57.8910,11.2416,80.0565,57.8910
2026-06-02 14:41:06.596,LIVE,NEW_DATA,11.2391,80.0565,57.8910,11.2391,80.0565,57.8910
2026-06-02 14:41:06.627,LIVE,NEW_DATA,11.2353,80.0565,57.8910,11.2353,80.0565,57.8910
2026-06-02 14:41:06.659,LIVE,NEW_DATA,11.2291,80.0565,57.8910,11.2291,80.0565,57.8910
2026-06-02 14:41:06.689,LIVE,NEW_DATA,11.2308,80.0565,57.8910,11.2308,80.0565,57.8910
2026-06-02 14:41:06.722,LIVE,NEW_DATA,11.2273,80.0565,57.8910,11.2273,80.0565,57.8910
2026-06-02 14:41:06.753,LIVE,NEW_DATA,11.2312,79.9714,57.3945,11.2312,79.9714,57.3945
2026-06-02 14:41:06.785,LIVE,NEW_DATA,11.2208,79.9714,57.3945,11.2208,79.9714,57.3945
2026-06-02 14:41:06.817,LIVE,NEW_DATA,11.2169,79.9714,57.3945,11.2169,79.9714,57.3945
2026-06-02 14:41:06.848,LIVE,NEW_DATA,11.2149,79.9714,57.3945,11.2149,79.9714,57.3945
2026-06-02 14:41:06.879,LIVE,NEW_DATA,11.2062,79.9714,57.3945,11.2062,79.9714,57.3945
2026-06-02 14:41:06.911,LIVE,NEW_DATA,11.2180,79.9714,57.3945,11.2180,79.9714,57.3945
2026-06-02 14:41:06.941,LIVE,NEW_DATA,11.2086,79.9714,57.3945,11.2086,79.9714,57.3945
2026-06-02 14:41:06.973,LIVE,NEW_DATA,11.2110,79.9714,57.3945,11.2110,79.9714,57.3945
2026-06-02 14:41:07.005,LIVE,NEW_DATA,11.2058,79.9714,57.3945,11.2058,79.9714,57.3945
2026-06-02 14:41:07.039,LIVE,NEW_DATA,11.2083,79.9714,57.3945,11.2083,79.9714,57.3945
2026-06-02 14:41:07.068,LIVE,NEW_DATA,11.2024,79.9714,57.3945,11.2024,79.9714,57.3945
2026-06-02 14:41:07.098,LIVE,NEW_DATA,11.1993,79.9714,57.3945,11.1993,79.9714,57.3945
2026-06-02 14:41:07.131,LIVE,NEW_DATA,11.1944,79.9714,57.3945,11.1944,79.9714,57.3945
2026-06-02 14:41:07.163,LIVE,NEW_DATA,11.1927,79.9714,57.3945,11.1927,79.9714,57.3945
2026-06-02 14:41:07.195,LIVE,NEW_DATA,11.1875,79.9714,57.3945,11.1875,79.9714,57.3945
2026-06-02 14:41:07.227,LIVE,NEW_DATA,11.1885,79.9714,57.3945,11.1885,79.9714,57.3945
2026-06-02 14:41:07.259,LIVE,NEW_DATA,11.1857,80.1805,57.4464,11.1857,80.1805,57.4464
2026-06-02 14:41:07.289,LIVE,NEW_DATA,11.1819,80.1805,57.4464,11.1819,80.1805,57.4464
2026-06-02 14:41:07.323,LIVE,NEW_DATA,11.1802,80.1805,57.4464,11.1802,80.1805,57.4464
2026-06-02 14:41:07.351,LIVE,NEW_DATA,11.1722,80.1805,57.4464,11.1722,80.1805,57.4464
2026-06-02 14:41:07.383,LIVE,NEW_DATA,11.1767,80.1805,57.4464,11.1767,80.1805,57.4464
2026-06-02 14:41:07.414,LIVE,NEW_DATA,11.1743,80.1805,57.4464,11.1743,80.1805,57.4464
2026-06-02 14:41:07.445,LIVE,NEW_DATA,11.1726,80.1805,57.4464,11.1726,80.1805,57.4464
2026-06-02 14:41:07.476,LIVE,NEW_DATA,11.1687,80.1805,57.4464,11.1687,80.1805,57.4464
2026-06-02 14:41:07.507,LIVE,NEW_DATA,11.1653,80.1805,57.4464,11.1653,80.1805,57.4464
2026-06-02 14:41:07.539,LIVE,NEW_DATA,11.1791,80.1805,57.4464,11.1791,80.1805,57.4464
2026-06-02 14:41:07.570,LIVE,NEW_DATA,11.1642,80.1805,57.4464,11.1642,80.1805,57.4464
2026-06-02 14:41:07.601,LIVE,NEW_DATA,11.1625,80.1805,57.4464,11.1625,80.1805,57.4464
2026-06-02 14:41:07.634,LIVE,NEW_DATA,11.1514,80.1805,57.4464,11.1514,80.1805,57.4464
2026-06-02 14:41:07.664,LIVE,NEW_DATA,11.1528,80.1805,57.4464,11.1528,80.1805,57.4464
2026-06-02 14:41:07.696,LIVE,NEW_DATA,11.1486,80.1805,57.4464,11.1486,80.1805,57.4464
2026-06-02 14:41:07.727,LIVE,NEW_DATA,11.1500,80.1805,57.4464,11.1500,80.1805,57.4464
2026-06-02 14:41:07.760,LIVE,NEW_DATA,11.1552,80.1565,57.4464,11.1552,80.1565,57.4464
2026-06-02 14:41:07.791,LIVE,NEW_DATA,11.1459,80.1565,57.4464,11.1459,80.1565,57.4464
2026-06-02 14:41:07.821,LIVE,NEW_DATA,11.1517,80.1565,57.4464,11.1517,80.1565,57.4464
2026-06-02 14:41:07.852,LIVE,NEW_DATA,11.1472,80.1565,57.4464,11.1472,80.1565,57.4464
2026-06-02 14:41:07.884,LIVE,NEW_DATA,11.1406,80.1565,57.4464,11.1406,80.1565,57.4464
2026-06-02 14:41:07.915,LIVE,NEW_DATA,11.1375,80.1565,57.4464,11.1375,80.1565,57.4464
2026-06-02 14:41:07.948,LIVE,NEW_DATA,11.1396,80.1565,57.4464,11.1396,80.1565,57.4464
2026-06-02 14:41:07.980,LIVE,NEW_DATA,11.1382,80.1565,57.4464,11.1382,80.1565,57.4464
2026-06-02 14:41:08.012,LIVE,NEW_DATA,11.1348,80.1565,57.4464,11.1348,80.1565,57.4464
2026-06-02 14:41:08.042,LIVE,NEW_DATA,11.1302,80.1565,57.4464,11.1302,80.1565,57.4464
2026-06-02 14:41:08.074,LIVE,NEW_DATA,11.1250,80.1565,57.4464,11.1250,80.1565,57.4464
2026-06-02 14:41:08.109,LIVE,NEW_DATA,11.1264,80.1565,57.4464,11.1264,80.1565,57.4464
2026-06-02 14:41:08.138,LIVE,NEW_DATA,11.1292,80.1565,57.4464,11.1292,80.1565,57.4464
2026-06-02 14:41:08.168,LIVE,NEW_DATA,11.1275,80.1565,57.4464,11.1275,80.1565,57.4464
2026-06-02 14:41:08.201,LIVE,NEW_DATA,11.1254,80.1565,57.4464,11.1254,80.1565,57.4464
2026-06-02 14:41:08.233,LIVE,NEW_DATA,11.1302,80.1565,57.4464,11.1302,80.1565,57.4464
2026-06-02 14:41:08.263,LIVE,NEW_DATA,11.1198,79.9172,59.3704,11.1198,79.9172,59.3704
2026-06-02 14:41:08.295,LIVE,NEW_DATA,11.1185,79.9172,59.3704,11.1185,79.9172,59.3704
2026-06-02 14:41:08.326,LIVE,NEW_DATA,11.1209,79.9172,59.3704,11.1209,79.9172,59.3704
2026-06-02 14:41:08.357,LIVE,NEW_DATA,11.1417,79.9172,59.3704,11.1417,79.9172,59.3704
2026-06-02 14:41:08.390,LIVE,NEW_DATA,11.1157,79.9172,59.3704,11.1157,79.9172,59.3704
2026-06-02 14:41:08.421,LIVE,NEW_DATA,11.1136,79.9172,59.3704,11.1136,79.9172,59.3704
2026-06-02 14:41:08.453,LIVE,NEW_DATA,11.1164,79.9172,59.3704,11.1164,79.9172,59.3704
2026-06-02 14:41:08.485,LIVE,NEW_DATA,11.1126,79.9172,59.3704,11.1126,79.9172,59.3704
2026-06-02 14:41:08.516,LIVE,NEW_DATA,11.1094,79.9172,59.3704,11.1094,79.9172,59.3704
2026-06-02 14:41:08.548,LIVE,NEW_DATA,11.1084,79.9172,59.3704,11.1084,79.9172,59.3704
2026-06-02 14:41:08.580,LIVE,NEW_DATA,11.1195,79.9172,59.3704,11.1195,79.9172,59.3704
2026-06-02 14:41:08.612,LIVE,NEW_DATA,11.1139,79.9172,59.3704,11.1139,79.9172,59.3704
2026-06-02 14:41:08.642,LIVE,NEW_DATA,11.1126,79.9172,59.3704,11.1126,79.9172,59.3704
2026-06-02 14:41:08.673,LIVE,NEW_DATA,11.1070,79.9172,59.3704,11.1070,79.9172,59.3704
2026-06-02 14:41:08.704,LIVE,NEW_DATA,11.1063,79.9172,59.3704,11.1063,79.9172,59.3704
2026-06-02 14:41:08.736,LIVE,NEW_DATA,11.1032,79.9172,59.3704,11.1032,79.9172,59.3704
2026-06-02 14:41:08.767,LIVE,NEW_DATA,11.1035,79.6925,58.5917,11.1035,79.6925,58.5917
2026-06-02 14:41:08.799,LIVE,NEW_DATA,11.0997,79.6925,58.5917,11.0997,79.6925,58.5917
2026-06-02 14:41:08.831,LIVE,NEW_DATA,11.1022,79.6925,58.5917,11.1022,79.6925,58.5917
2026-06-02 14:41:08.862,LIVE,NEW_DATA,11.0997,79.6925,58.5917,11.0997,79.6925,58.5917
2026-06-02 14:41:08.896,LIVE,NEW_DATA,11.0987,79.6925,58.5917,11.0987,79.6925,58.5917
2026-06-02 14:41:08.923,LIVE,NEW_DATA,11.0935,79.6925,58.5917,11.0935,79.6925,58.5917
2026-06-02 14:41:08.954,LIVE,NEW_DATA,11.0966,79.6925,58.5917,11.0966,79.6925,58.5917
2026-06-02 14:41:08.985,LIVE,NEW_DATA,11.0949,79.6925,58.5917,11.0949,79.6925,58.5917
2026-06-02 14:41:09.018,LIVE,NEW_DATA,11.0966,79.6925,58.5917,11.0966,79.6925,58.5917
2026-06-02 14:41:09.051,LIVE,NEW_DATA,11.0914,79.6925,58.5917,11.0914,79.6925,58.5917
2026-06-02 14:41:09.082,LIVE,NEW_DATA,11.0897,79.6925,58.5917,11.0897,79.6925,58.5917
2026-06-02 14:41:09.114,LIVE,NEW_DATA,11.0807,79.6925,58.5917,11.0807,79.6925,58.5917
2026-06-02 14:41:09.146,LIVE,NEW_DATA,11.0862,79.6925,58.5917,11.0862,79.6925,58.5917
2026-06-02 14:41:09.178,LIVE,NEW_DATA,11.1112,79.6925,58.5917,11.1112,79.6925,58.5917
2026-06-02 14:41:09.208,LIVE,NEW_DATA,11.0803,79.6925,58.5917,11.0803,79.6925,58.5917
2026-06-02 14:41:09.240,LIVE,NEW_DATA,11.0793,79.6925,58.5917,11.0793,79.6925,58.5917
2026-06-02 14:41:09.271,LIVE,NEW_DATA,11.0772,79.5080,58.5917,11.0772,79.5080,58.5917
2026-06-02 14:41:09.302,LIVE,NEW_DATA,11.0755,79.5080,58.5917,11.0755,79.5080,58.5917
2026-06-02 14:41:09.334,LIVE,NEW_DATA,11.0789,79.5080,58.5917,11.0789,79.5080,58.5917
2026-06-02 14:41:09.365,LIVE,NEW_DATA,11.0793,79.5080,58.5917,11.0793,79.5080,58.5917
2026-06-02 14:41:09.397,LIVE,NEW_DATA,11.0786,79.5080,58.5917,11.0786,79.5080,58.5917
2026-06-02 14:41:09.429,LIVE,NEW_DATA,11.0775,79.5080,58.5917,11.0775,79.5080,58.5917
2026-06-02 14:41:09.460,LIVE,NEW_DATA,11.0709,79.5080,58.5917,11.0709,79.5080,58.5917
2026-06-02 14:41:09.492,LIVE,NEW_DATA,11.0734,79.5080,58.5917,11.0734,79.5080,58.5917
2026-06-02 14:41:09.523,LIVE,NEW_DATA,11.0675,79.5080,58.5917,11.0675,79.5080,58.5917
2026-06-02 14:41:09.555,LIVE,NEW_DATA,11.0657,79.5080,58.5917,11.0657,79.5080,58.5917
2026-06-02 14:41:09.586,LIVE,NEW_DATA,11.0668,79.5080,58.5917,11.0668,79.5080,58.5917
2026-06-02 14:41:09.618,LIVE,NEW_DATA,11.0630,79.5080,58.5917,11.0630,79.5080,58.5917
2026-06-02 14:41:09.650,LIVE,NEW_DATA,11.0664,79.5080,58.5917,11.0664,79.5080,58.5917
2026-06-02 14:41:09.685,LIVE,NEW_DATA,11.0598,79.5080,58.5917,11.0598,79.5080,58.5917
2026-06-02 14:41:09.713,LIVE,NEW_DATA,11.0619,79.5080,58.5917,11.0619,79.5080,58.5917
2026-06-02 14:41:09.743,LIVE,NEW_DATA,11.0637,79.3807,58.7267,11.0637,79.3807,58.7267
2026-06-02 14:41:09.776,LIVE,NEW_DATA,11.0598,79.3807,58.7267,11.0598,79.3807,58.7267
2026-06-02 14:41:09.808,LIVE,NEW_DATA,11.0602,79.3807,58.7267,11.0602,79.3807,58.7267
2026-06-02 14:41:09.838,LIVE,NEW_DATA,11.0553,79.3807,58.7267,11.0553,79.3807,58.7267
2026-06-02 14:41:09.869,LIVE,NEW_DATA,11.0529,79.3807,58.7267,11.0529,79.3807,58.7267
2026-06-02 14:41:09.901,LIVE,NEW_DATA,11.0522,79.3807,58.7267,11.0522,79.3807,58.7267
2026-06-02 14:41:09.933,LIVE,NEW_DATA,11.0491,79.3807,58.7267,11.0491,79.3807,58.7267
2026-06-02 14:41:09.964,LIVE,NEW_DATA,11.0592,79.3807,58.7267,11.0592,79.3807,58.7267
2026-06-02 14:41:09.996,LIVE,NEW_DATA,11.0474,79.3807,58.7267,11.0474,79.3807,58.7267
2026-06-02 14:41:10.028,LIVE,NEW_DATA,11.0488,79.3807,58.7267,11.0488,79.3807,58.7267
2026-06-02 14:41:10.059,LIVE,NEW_DATA,11.0460,79.3807,58.7267,11.0460,79.3807,58.7267
2026-06-02 14:41:10.091,LIVE,NEW_DATA,11.0460,79.3807,58.7267,11.0460,79.3807,58.7267
2026-06-02 14:41:10.122,LIVE,NEW_DATA,11.0442,79.3807,58.7267,11.0442,79.3807,58.7267
2026-06-02 14:41:10.152,LIVE,NEW_DATA,11.0418,79.3807,58.7267,11.0418,79.3807,58.7267
2026-06-02 14:41:10.185,LIVE,NEW_DATA,11.0435,79.3807,58.7267,11.0435,79.3807,58.7267
2026-06-02 14:41:10.217,LIVE,NEW_DATA,11.0442,79.3807,58.7267,11.0442,79.3807,58.7267
2026-06-02 14:41:10.248,LIVE,NEW_DATA,11.0439,79.4833,59.1181,11.0439,79.4833,59.1181
2026-06-02 14:41:10.278,LIVE,NEW_DATA,11.0328,79.4833,59.1181,11.0328,79.4833,59.1181
2026-06-02 14:41:10.308,LIVE,NEW_DATA,11.0349,79.4833,59.1181,11.0349,79.4833,59.1181
2026-06-02 14:41:10.340,LIVE,NEW_DATA,11.0352,79.4833,59.1181,11.0352,79.4833,59.1181
2026-06-02 14:41:10.372,LIVE,NEW_DATA,11.0266,79.4833,59.1181,11.0266,79.4833,59.1181
2026-06-02 14:41:10.404,LIVE,NEW_DATA,11.0307,79.4833,59.1181,11.0307,79.4833,59.1181
2026-06-02 14:41:10.437,LIVE,NEW_DATA,11.0245,79.4833,59.1181,11.0245,79.4833,59.1181
2026-06-02 14:41:10.471,LIVE,NEW_DATA,11.0238,79.4833,59.1181,11.0238,79.4833,59.1181
2026-06-02 14:41:10.500,LIVE,NEW_DATA,11.0238,79.4833,59.1181,11.0238,79.4833,59.1181
2026-06-02 14:41:10.532,LIVE,NEW_DATA,11.0214,79.4833,59.1181,11.0214,79.4833,59.1181
2026-06-02 14:41:10.563,LIVE,NEW_DATA,11.0224,79.4833,59.1181,11.0224,79.4833,59.1181
2026-06-02 14:41:10.596,LIVE,NEW_DATA,11.0186,79.4833,59.1181,11.0186,79.4833,59.1181
2026-06-02 14:41:10.628,LIVE,NEW_DATA,11.0255,79.4833,59.1181,11.0255,79.4833,59.1181
2026-06-02 14:41:10.658,LIVE,NEW_DATA,11.0182,79.4833,59.1181,11.0182,79.4833,59.1181
2026-06-02 14:41:10.690,LIVE,NEW_DATA,11.0110,79.4833,59.1181,11.0110,79.4833,59.1181
2026-06-02 14:41:10.721,LIVE,NEW_DATA,11.0110,79.4833,59.1181,11.0110,79.4833,59.1181
2026-06-02 14:41:10.752,LIVE,NEW_DATA,11.0397,79.0745,58.8461,11.0397,79.0745,58.8461
2026-06-02 14:41:10.785,LIVE,NEW_DATA,11.0110,79.0745,58.8461,11.0110,79.0745,58.8461
2026-06-02 14:41:10.816,LIVE,NEW_DATA,11.0110,79.0745,58.8461,11.0110,79.0745,58.8461
2026-06-02 14:41:10.848,LIVE,NEW_DATA,11.0110,79.0745,58.8461,11.0110,79.0745,58.8461
2026-06-02 14:41:10.880,LIVE,NEW_DATA,11.0110,79.0745,58.8461,11.0110,79.0745,58.8461
2026-06-02 14:41:10.911,LIVE,NEW_DATA,11.0044,79.0745,58.8461,11.0044,79.0745,58.8461
2026-06-02 14:41:10.943,LIVE,NEW_DATA,11.0057,79.0745,58.8461,11.0057,79.0745,58.8461
2026-06-02 14:41:10.975,LIVE,NEW_DATA,11.0064,79.0745,58.8461,11.0064,79.0745,58.8461
2026-06-02 14:41:11.007,LIVE,NEW_DATA,11.0044,79.0745,58.8461,11.0044,79.0745,58.8461
2026-06-02 14:41:11.038,LIVE,NEW_DATA,11.0057,79.0745,58.8461,11.0057,79.0745,58.8461
2026-06-02 14:41:11.070,LIVE,NEW_DATA,11.0016,79.0745,58.8461,11.0016,79.0745,58.8461
2026-06-02 14:41:11.100,LIVE,NEW_DATA,10.9960,79.0745,58.8461,10.9960,79.0745,58.8461
2026-06-02 14:41:11.132,LIVE,NEW_DATA,11.0019,79.0745,58.8461,11.0019,79.0745,58.8461
2026-06-02 14:41:11.163,LIVE,NEW_DATA,11.0005,79.0745,58.8461,11.0005,79.0745,58.8461
2026-06-02 14:41:11.196,LIVE,NEW_DATA,10.9940,79.0745,58.8461,10.9940,79.0745,58.8461
2026-06-02 14:41:11.228,LIVE,NEW_DATA,10.9971,79.0745,58.8461,10.9971,79.0745,58.8461
2026-06-02 14:41:11.264,LIVE,NEW_DATA,10.9936,79.0196,58.8533,10.9936,79.0196,58.8533
2026-06-02 14:41:11.290,LIVE,NEW_DATA,10.9870,79.0196,58.8533,10.9870,79.0196,58.8533
2026-06-02 14:41:11.321,LIVE,NEW_DATA,10.9853,79.0196,58.8533,10.9853,79.0196,58.8533
2026-06-02 14:41:11.352,LIVE,NEW_DATA,10.9815,79.0196,58.8533,10.9815,79.0196,58.8533
2026-06-02 14:41:11.384,LIVE,NEW_DATA,10.9888,79.0196,58.8533,10.9888,79.0196,58.8533
2026-06-02 14:41:11.416,LIVE,NEW_DATA,10.9888,79.0196,58.8533,10.9888,79.0196,58.8533
2026-06-02 14:41:11.448,LIVE,NEW_DATA,10.9832,79.0196,58.8533,10.9832,79.0196,58.8533
2026-06-02 14:41:11.479,LIVE,NEW_DATA,10.9766,79.0196,58.8533,10.9766,79.0196,58.8533
2026-06-02 14:41:11.510,LIVE,NEW_DATA,10.9839,79.0196,58.8533,10.9839,79.0196,58.8533
2026-06-02 14:41:11.543,LIVE,NEW_DATA,10.9926,79.0196,58.8533,10.9926,79.0196,58.8533
2026-06-02 14:41:11.573,LIVE,NEW_DATA,10.9794,79.0196,58.8533,10.9794,79.0196,58.8533
2026-06-02 14:41:11.606,LIVE,NEW_DATA,10.9815,79.0196,58.8533,10.9815,79.0196,58.8533
2026-06-02 14:41:11.637,LIVE,NEW_DATA,10.9790,79.0196,58.8533,10.9790,79.0196,58.8533
2026-06-02 14:41:11.668,LIVE,NEW_DATA,10.9770,79.0196,58.8533,10.9770,79.0196,58.8533
2026-06-02 14:41:11.701,LIVE,NEW_DATA,10.9777,79.0196,58.8533,10.9777,79.0196,58.8533
2026-06-02 14:41:11.733,LIVE,NEW_DATA,10.9794,79.0196,58.8533,10.9794,79.0196,58.8533
2026-06-02 14:41:11.765,LIVE,NEW_DATA,10.9784,78.9766,59.2491,10.9784,78.9766,59.2491
2026-06-02 14:41:11.797,LIVE,NEW_DATA,10.9718,78.9766,59.2491,10.9718,78.9766,59.2491
2026-06-02 14:41:11.829,LIVE,NEW_DATA,10.9756,78.9766,59.2491,10.9756,78.9766,59.2491
2026-06-02 14:41:11.859,LIVE,NEW_DATA,10.9721,78.9766,59.2491,10.9721,78.9766,59.2491
2026-06-02 14:41:11.890,LIVE,NEW_DATA,10.9666,78.9766,59.2491,10.9666,78.9766,59.2491
2026-06-02 14:41:11.921,LIVE,NEW_DATA,10.9666,78.9766,59.2491,10.9666,78.9766,59.2491
2026-06-02 14:41:11.953,LIVE,NEW_DATA,10.9627,78.9766,59.2491,10.9627,78.9766,59.2491
2026-06-02 14:41:11.983,LIVE,NEW_DATA,10.9634,78.9766,59.2491,10.9634,78.9766,59.2491
2026-06-02 14:41:12.015,LIVE,NEW_DATA,10.9627,78.9766,59.2491,10.9627,78.9766,59.2491
2026-06-02 14:41:12.050,LIVE,NEW_DATA,10.9627,78.9766,59.2491,10.9627,78.9766,59.2491
2026-06-02 14:41:12.078,LIVE,NEW_DATA,10.9614,78.9766,59.2491,10.9614,78.9766,59.2491
2026-06-02 14:41:12.108,LIVE,NEW_DATA,10.9596,78.9766,59.2491,10.9596,78.9766,59.2491
2026-06-02 14:41:12.141,LIVE,NEW_DATA,10.9579,78.9766,59.2491,10.9579,78.9766,59.2491
2026-06-02 14:41:12.172,LIVE,NEW_DATA,10.9482,78.9766,59.2491,10.9482,78.9766,59.2491
2026-06-02 14:41:12.202,LIVE,NEW_DATA,10.9551,78.9766,59.2491,10.9551,78.9766,59.2491
2026-06-02 14:41:12.235,LIVE,NEW_DATA,10.9537,78.9766,59.2491,10.9537,78.9766,59.2491
2026-06-02 14:41:12.267,LIVE,NEW_DATA,10.9444,78.8677,59.4534,10.9444,78.8677,59.4534
2026-06-02 14:41:12.298,LIVE,NEW_DATA,10.9589,78.8677,59.4534,10.9589,78.8677,59.4534
2026-06-02 14:41:12.329,LIVE,NEW_DATA,10.9544,78.8677,59.4534,10.9544,78.8677,59.4534
2026-06-02 14:41:12.361,LIVE,NEW_DATA,10.9478,78.8677,59.4534,10.9478,78.8677,59.4534
2026-06-02 14:41:12.392,LIVE,NEW_DATA,10.9489,78.8677,59.4534,10.9489,78.8677,59.4534
2026-06-02 14:41:12.424,LIVE,NEW_DATA,10.9475,78.8677,59.4534,10.9475,78.8677,59.4534
2026-06-02 14:41:12.455,LIVE,NEW_DATA,10.9471,78.8677,59.4534,10.9471,78.8677,59.4534
2026-06-02 14:41:12.487,LIVE,NEW_DATA,10.9461,78.8677,59.4534,10.9461,78.8677,59.4534
2026-06-02 14:41:12.519,LIVE,NEW_DATA,10.9468,78.8677,59.4534,10.9468,78.8677,59.4534
2026-06-02 14:41:12.550,LIVE,NEW_DATA,10.9482,78.8677,59.4534,10.9482,78.8677,59.4534
2026-06-02 14:41:12.582,LIVE,NEW_DATA,10.9444,78.8677,59.4534,10.9444,78.8677,59.4534
2026-06-02 14:41:12.613,LIVE,NEW_DATA,10.9433,78.8677,59.4534,10.9433,78.8677,59.4534
2026-06-02 14:41:12.645,LIVE,NEW_DATA,10.9367,78.8677,59.4534,10.9367,78.8677,59.4534
2026-06-02 14:41:12.677,LIVE,NEW_DATA,10.9350,78.8677,59.4534,10.9350,78.8677,59.4534
2026-06-02 14:41:12.707,LIVE,NEW_DATA,10.9329,78.8677,59.4534,10.9329,78.8677,59.4534
2026-06-02 14:41:12.740,LIVE,NEW_DATA,10.9347,78.8677,59.4534,10.9347,78.8677,59.4534
2026-06-02 14:41:12.771,LIVE,NEW_DATA,10.9343,78.2161,59.8509,10.9343,78.2161,59.8509
2026-06-02 14:41:12.803,LIVE,NEW_DATA,10.9350,78.2161,59.8509,10.9350,78.2161,59.8509
2026-06-02 14:41:12.837,LIVE,NEW_DATA,10.9277,78.2161,59.8509,10.9277,78.2161,59.8509
2026-06-02 14:41:12.865,LIVE,NEW_DATA,10.9301,78.2161,59.8509,10.9301,78.2161,59.8509
2026-06-02 14:41:12.896,LIVE,NEW_DATA,10.9312,78.2161,59.8509,10.9312,78.2161,59.8509
2026-06-02 14:41:12.928,LIVE,NEW_DATA,10.9253,78.2161,59.8509,10.9253,78.2161,59.8509
2026-06-02 14:41:12.959,LIVE,NEW_DATA,10.9301,78.2161,59.8509,10.9301,78.2161,59.8509
2026-06-02 14:41:12.989,LIVE,NEW_DATA,10.9295,78.2161,59.8509,10.9295,78.2161,59.8509
2026-06-02 14:41:13.020,LIVE,NEW_DATA,10.9239,78.2161,59.8509,10.9239,78.2161,59.8509
2026-06-02 14:41:13.052,LIVE,NEW_DATA,10.9218,78.2161,59.8509,10.9218,78.2161,59.8509
2026-06-02 14:41:13.083,LIVE,NEW_DATA,10.9211,78.2161,59.8509,10.9211,78.2161,59.8509
2026-06-02 14:41:13.114,LIVE,NEW_DATA,10.9458,78.2161,59.8509,10.9458,78.2161,59.8509
2026-06-02 14:41:13.146,LIVE,NEW_DATA,10.9197,78.2161,59.8509,10.9197,78.2161,59.8509
2026-06-02 14:41:13.178,LIVE,NEW_DATA,10.9222,78.2161,59.8509,10.9222,78.2161,59.8509
2026-06-02 14:41:13.210,LIVE,NEW_DATA,10.9222,78.2161,59.8509,10.9222,78.2161,59.8509
2026-06-02 14:41:13.242,LIVE,NEW_DATA,10.9156,78.2161,60.2431,10.9156,78.2161,60.2431
2026-06-02 14:41:13.274,LIVE,NEW_DATA,10.9211,78.2161,60.2431,10.9211,78.2161,60.2431
2026-06-02 14:41:13.304,LIVE,NEW_DATA,10.9222,78.2161,60.2431,10.9222,78.2161,60.2431
2026-06-02 14:41:13.336,LIVE,NEW_DATA,10.9180,78.2161,60.2431,10.9180,78.2161,60.2431
2026-06-02 14:41:13.368,LIVE,NEW_DATA,10.9184,78.2161,60.2431,10.9184,78.2161,60.2431
2026-06-02 14:41:13.400,LIVE,NEW_DATA,10.9208,78.2161,60.2431,10.9208,78.2161,60.2431
2026-06-02 14:41:13.431,LIVE,NEW_DATA,10.9100,78.2161,60.2431,10.9100,78.2161,60.2431
2026-06-02 14:41:13.462,LIVE,NEW_DATA,10.9156,78.2161,60.2431,10.9156,78.2161,60.2431
2026-06-02 14:41:13.493,LIVE,NEW_DATA,10.9156,78.2161,60.2431,10.9156,78.2161,60.2431
2026-06-02 14:41:13.524,LIVE,NEW_DATA,10.9159,78.2161,60.2431,10.9159,78.2161,60.2431
2026-06-02 14:41:13.556,LIVE,NEW_DATA,10.9118,78.2161,60.2431,10.9118,78.2161,60.2431
2026-06-02 14:41:13.589,LIVE,NEW_DATA,10.9086,78.2161,60.2431,10.9086,78.2161,60.2431
2026-06-02 14:41:13.622,LIVE,NEW_DATA,10.9111,78.2161,60.2431,10.9111,78.2161,60.2431
2026-06-02 14:41:13.651,LIVE,NEW_DATA,10.9093,78.2161,60.2431,10.9093,78.2161,60.2431
2026-06-02 14:41:13.682,LIVE,NEW_DATA,10.9086,78.2161,60.2431,10.9086,78.2161,60.2431
2026-06-02 14:41:13.714,LIVE,NEW_DATA,10.9000,78.2161,60.2431,10.9000,78.2161,60.2431
2026-06-02 14:41:13.746,LIVE,NEW_DATA,10.9069,77.8226,60.6076,10.9069,77.8226,60.6076
2026-06-02 14:41:13.777,LIVE,NEW_DATA,10.9055,77.8226,60.6076,10.9055,77.8226,60.6076
2026-06-02 14:41:13.807,LIVE,NEW_DATA,10.9031,77.8226,60.6076,10.9031,77.8226,60.6076
2026-06-02 14:41:13.839,LIVE,NEW_DATA,10.9017,77.8226,60.6076,10.9017,77.8226,60.6076
2026-06-02 14:41:13.872,LIVE,NEW_DATA,10.9024,77.8226,60.6076,10.9024,77.8226,60.6076
2026-06-02 14:41:13.903,LIVE,NEW_DATA,10.9222,77.8226,60.6076,10.9222,77.8226,60.6076
2026-06-02 14:41:13.935,LIVE,NEW_DATA,10.8927,77.8226,60.6076,10.8927,77.8226,60.6076
2026-06-02 14:41:13.966,LIVE,NEW_DATA,10.8948,77.8226,60.6076,10.8948,77.8226,60.6076
2026-06-02 14:41:13.998,LIVE,NEW_DATA,10.8934,77.8226,60.6076,10.8934,77.8226,60.6076
2026-06-02 14:41:14.030,LIVE,NEW_DATA,10.8969,77.8226,60.6076,10.8969,77.8226,60.6076
2026-06-02 14:41:14.061,LIVE,NEW_DATA,10.8955,77.8226,60.6076,10.8955,77.8226,60.6076
2026-06-02 14:41:14.093,LIVE,NEW_DATA,10.9021,77.8226,60.6076,10.9021,77.8226,60.6076
2026-06-02 14:41:14.125,LIVE,NEW_DATA,10.8979,77.8226,60.6076,10.8979,77.8226,60.6076
2026-06-02 14:41:14.155,LIVE,NEW_DATA,10.8962,77.8226,60.6076,10.8962,77.8226,60.6076
2026-06-02 14:41:14.187,LIVE,NEW_DATA,10.8965,77.8226,60.6076,10.8965,77.8226,60.6076
2026-06-02 14:41:14.218,LIVE,NEW_DATA,10.8948,77.8226,60.6076,10.8948,77.8226,60.6076
2026-06-02 14:41:14.251,LIVE,NEW_DATA,10.8858,77.3440,60.6263,10.8858,77.3440,60.6263
2026-06-02 14:41:14.282,LIVE,NEW_DATA,10.8847,77.3440,60.6263,10.8847,77.3440,60.6263
2026-06-02 14:41:14.312,LIVE,NEW_DATA,10.8899,77.3440,60.6263,10.8899,77.3440,60.6263
2026-06-02 14:41:14.345,LIVE,NEW_DATA,10.8896,77.3440,60.6263,10.8896,77.3440,60.6263
2026-06-02 14:41:14.378,LIVE,NEW_DATA,10.8830,77.3440,60.6263,10.8830,77.3440,60.6263
2026-06-02 14:41:14.414,LIVE,NEW_DATA,10.8795,77.3440,60.6263,10.8795,77.3440,60.6263
2026-06-02 14:41:14.440,LIVE,NEW_DATA,10.8816,77.3440,60.6263,10.8816,77.3440,60.6263
2026-06-02 14:41:14.472,LIVE,NEW_DATA,10.8771,77.3440,60.6263,10.8771,77.3440,60.6263
2026-06-02 14:41:14.503,LIVE,NEW_DATA,10.8799,77.3440,60.6263,10.8799,77.3440,60.6263
2026-06-02 14:41:14.535,LIVE,NEW_DATA,10.8740,77.3440,60.6263,10.8740,77.3440,60.6263
2026-06-02 14:41:14.566,LIVE,NEW_DATA,10.8764,77.3440,60.6263,10.8764,77.3440,60.6263
2026-06-02 14:41:14.598,LIVE,NEW_DATA,10.8757,77.3440,60.6263,10.8757,77.3440,60.6263
2026-06-02 14:41:14.631,LIVE,NEW_DATA,10.8736,77.3440,60.6263,10.8736,77.3440,60.6263
2026-06-02 14:41:14.661,LIVE,NEW_DATA,10.8785,77.3440,60.6263,10.8785,77.3440,60.6263
2026-06-02 14:41:14.692,LIVE,NEW_DATA,10.8705,77.3440,60.6263,10.8705,77.3440,60.6263
2026-06-02 14:41:14.724,LIVE,NEW_DATA,10.8733,77.3440,60.6263,10.8733,77.3440,60.6263
2026-06-02 14:41:14.755,LIVE,NEW_DATA,10.8670,77.4298,61.0077,10.8670,77.4298,61.0077
2026-06-02 14:41:14.788,LIVE,NEW_DATA,10.8643,77.4298,61.0077,10.8643,77.4298,61.0077
2026-06-02 14:41:14.819,LIVE,NEW_DATA,10.8684,77.4298,61.0077,10.8684,77.4298,61.0077
2026-06-02 14:41:14.850,LIVE,NEW_DATA,10.8677,77.4298,61.0077,10.8677,77.4298,61.0077
2026-06-02 14:41:14.881,LIVE,NEW_DATA,10.8663,77.4298,61.0077,10.8663,77.4298,61.0077
2026-06-02 14:41:14.912,LIVE,NEW_DATA,10.8719,77.4298,61.0077,10.8719,77.4298,61.0077
2026-06-02 14:41:14.945,LIVE,NEW_DATA,10.8660,77.4298,61.0077,10.8660,77.4298,61.0077
2026-06-02 14:41:14.976,LIVE,NEW_DATA,10.8608,77.4298,61.0077,10.8608,77.4298,61.0077
2026-06-02 14:41:15.007,LIVE,NEW_DATA,10.8615,77.4298,61.0077,10.8615,77.4298,61.0077
2026-06-02 14:41:15.039,LIVE,NEW_DATA,10.8580,77.4298,61.0077,10.8580,77.4298,61.0077
2026-06-02 14:41:15.071,LIVE,NEW_DATA,10.8608,77.4298,61.0077,10.8608,77.4298,61.0077
2026-06-02 14:41:15.102,LIVE,NEW_DATA,10.8591,77.4298,61.0077,10.8591,77.4298,61.0077
2026-06-02 14:41:15.133,LIVE,NEW_DATA,10.8518,77.4298,61.0077,10.8518,77.4298,61.0077
2026-06-02 14:41:15.165,LIVE,NEW_DATA,10.8549,77.4298,61.0077,10.8549,77.4298,61.0077
2026-06-02 14:41:15.200,LIVE,NEW_DATA,10.8570,77.4298,61.0077,10.8570,77.4298,61.0077
2026-06-02 14:41:15.230,LIVE,NEW_DATA,10.8469,77.4298,61.0077,10.8469,77.4298,61.0077
2026-06-02 14:41:15.262,LIVE,NEW_DATA,10.8476,77.3987,60.6192,10.8476,77.3987,60.6192
2026-06-02 14:41:15.295,LIVE,NEW_DATA,10.8435,77.3987,60.6192,10.8435,77.3987,60.6192
2026-06-02 14:41:15.326,LIVE,NEW_DATA,10.8500,77.3987,60.6192,10.8500,77.3987,60.6192
2026-06-02 14:41:15.357,LIVE,NEW_DATA,10.8469,77.3987,60.6192,10.8469,77.3987,60.6192
2026-06-02 14:41:15.390,LIVE,NEW_DATA,10.8428,77.3987,60.6192,10.8428,77.3987,60.6192
2026-06-02 14:41:15.422,LIVE,NEW_DATA,10.8424,77.3987,60.6192,10.8424,77.3987,60.6192
2026-06-02 14:41:15.453,LIVE,NEW_DATA,10.8660,77.3987,60.6192,10.8660,77.3987,60.6192
2026-06-02 14:41:15.485,LIVE,NEW_DATA,10.8417,77.3987,60.6192,10.8417,77.3987,60.6192
2026-06-02 14:41:15.515,LIVE,NEW_DATA,10.8410,77.3987,60.6192,10.8410,77.3987,60.6192
2026-06-02 14:41:15.548,LIVE,NEW_DATA,10.8324,77.3987,60.6192,10.8324,77.3987,60.6192
2026-06-02 14:41:15.578,LIVE,NEW_DATA,10.8334,77.3987,60.6192,10.8334,77.3987,60.6192
2026-06-02 14:41:15.611,LIVE,NEW_DATA,10.8324,77.3987,60.6192,10.8324,77.3987,60.6192
2026-06-02 14:41:15.643,LIVE,NEW_DATA,10.8382,77.3987,60.6192,10.8382,77.3987,60.6192
2026-06-02 14:41:15.673,LIVE,NEW_DATA,10.8410,77.3987,60.6192,10.8410,77.3987,60.6192
2026-06-02 14:41:15.705,LIVE,NEW_DATA,10.8435,77.3987,60.6192,10.8435,77.3987,60.6192
2026-06-02 14:41:15.736,LIVE,NEW_DATA,10.8324,77.3987,60.6192,10.8324,77.3987,60.6192
2026-06-02 14:41:15.767,LIVE,NEW_DATA,10.8320,77.4033,60.6800,10.8320,77.4033,60.6800
2026-06-02 14:41:15.799,LIVE,NEW_DATA,10.8334,77.4033,60.6800,10.8334,77.4033,60.6800
2026-06-02 14:41:15.829,LIVE,NEW_DATA,10.8296,77.4033,60.6800,10.8296,77.4033,60.6800
2026-06-02 14:41:15.861,LIVE,NEW_DATA,10.8296,77.4033,60.6800,10.8296,77.4033,60.6800
2026-06-02 14:41:15.894,LIVE,NEW_DATA,10.8313,77.4033,60.6800,10.8313,77.4033,60.6800
2026-06-02 14:41:15.924,LIVE,NEW_DATA,10.8272,77.4033,60.6800,10.8272,77.4033,60.6800
2026-06-02 14:41:15.956,LIVE,NEW_DATA,10.8258,77.4033,60.6800,10.8258,77.4033,60.6800
2026-06-02 14:41:15.992,LIVE,NEW_DATA,10.8226,77.4033,60.6800,10.8226,77.4033,60.6800
2026-06-02 14:41:16.019,LIVE,NEW_DATA,10.8240,77.4033,60.6800,10.8240,77.4033,60.6800
2026-06-02 14:41:16.050,LIVE,NEW_DATA,10.8206,77.4033,60.6800,10.8206,77.4033,60.6800
2026-06-02 14:41:16.082,LIVE,NEW_DATA,10.8254,77.4033,60.6800,10.8254,77.4033,60.6800
2026-06-02 14:41:16.114,LIVE,NEW_DATA,10.8258,77.4033,60.6800,10.8258,77.4033,60.6800
2026-06-02 14:41:16.144,LIVE,NEW_DATA,10.8199,77.4033,60.6800,10.8199,77.4033,60.6800
2026-06-02 14:41:16.176,LIVE,NEW_DATA,10.8185,77.4033,60.6800,10.8185,77.4033,60.6800
2026-06-02 14:41:16.207,LIVE,NEW_DATA,10.8167,77.4033,60.6800,10.8167,77.4033,60.6800
2026-06-02 14:41:16.240,LIVE,NEW_DATA,10.8407,77.4033,60.6800,10.8407,77.4033,60.6800
2026-06-02 14:41:16.271,LIVE,NEW_DATA,10.8133,77.1106,60.6540,10.8133,77.1106,60.6540
2026-06-02 14:41:16.303,LIVE,NEW_DATA,10.8129,77.1106,60.6540,10.8129,77.1106,60.6540
2026-06-02 14:41:16.334,LIVE,NEW_DATA,10.8136,77.1106,60.6540,10.8136,77.1106,60.6540
2026-06-02 14:41:16.364,LIVE,NEW_DATA,10.8074,77.1106,60.6540,10.8074,77.1106,60.6540
2026-06-02 14:41:16.396,LIVE,NEW_DATA,10.8143,77.1106,60.6540,10.8143,77.1106,60.6540
2026-06-02 14:41:16.427,LIVE,NEW_DATA,10.8143,77.1106,60.6540,10.8143,77.1106,60.6540
2026-06-02 14:41:16.459,LIVE,NEW_DATA,10.8140,77.1106,60.6540,10.8140,77.1106,60.6540
2026-06-02 14:41:16.491,LIVE,NEW_DATA,10.8171,77.1106,60.6540,10.8171,77.1106,60.6540
2026-06-02 14:41:16.523,LIVE,NEW_DATA,10.8129,77.1106,60.6540,10.8129,77.1106,60.6540
2026-06-02 14:41:16.555,LIVE,NEW_DATA,10.8102,77.1106,60.6540,10.8102,77.1106,60.6540
2026-06-02 14:41:16.586,LIVE,NEW_DATA,10.8077,77.1106,60.6540,10.8077,77.1106,60.6540
2026-06-02 14:41:16.618,LIVE,NEW_DATA,10.8063,77.1106,60.6540,10.8063,77.1106,60.6540
2026-06-02 14:41:16.649,LIVE,NEW_DATA,10.8074,77.1106,60.6540,10.8074,77.1106,60.6540
2026-06-02 14:41:16.680,LIVE,NEW_DATA,10.7984,77.1106,60.6540,10.7984,77.1106,60.6540
2026-06-02 14:41:16.711,LIVE,NEW_DATA,10.8008,77.1106,60.6540,10.8008,77.1106,60.6540
2026-06-02 14:41:16.743,LIVE,NEW_DATA,10.8001,77.2681,61.0479,10.8001,77.2681,61.0479
2026-06-02 14:41:16.778,LIVE,NEW_DATA,10.7977,77.2681,61.0479,10.7977,77.2681,61.0479
2026-06-02 14:41:16.805,LIVE,NEW_DATA,10.7949,77.2681,61.0479,10.7949,77.2681,61.0479
2026-06-02 14:41:16.837,LIVE,NEW_DATA,10.7963,77.2681,61.0479,10.7963,77.2681,61.0479
2026-06-02 14:41:16.867,LIVE,NEW_DATA,10.7925,77.2681,61.0479,10.7925,77.2681,61.0479
2026-06-02 14:41:16.899,LIVE,NEW_DATA,10.7991,77.2681,61.0479,10.7991,77.2681,61.0479
2026-06-02 14:41:16.929,LIVE,NEW_DATA,10.7925,77.2681,61.0479,10.7925,77.2681,61.0479
2026-06-02 14:41:16.961,LIVE,NEW_DATA,10.7949,77.2681,61.0479,10.7949,77.2681,61.0479
2026-06-02 14:41:16.994,LIVE,NEW_DATA,10.7890,77.2681,61.0479,10.7890,77.2681,61.0479
2026-06-02 14:41:17.026,LIVE,NEW_DATA,10.8115,77.2681,61.0479,10.8115,77.2681,61.0479
2026-06-02 14:41:17.056,LIVE,NEW_DATA,10.7921,77.2681,61.0479,10.7921,77.2681,61.0479
2026-06-02 14:41:17.088,LIVE,NEW_DATA,10.7845,77.2681,61.0479,10.7845,77.2681,61.0479
2026-06-02 14:41:17.119,LIVE,NEW_DATA,10.7824,77.2681,61.0479,10.7824,77.2681,61.0479
2026-06-02 14:41:17.149,LIVE,NEW_DATA,10.7890,77.2681,61.0479,10.7890,77.2681,61.0479
2026-06-02 14:41:17.180,LIVE,NEW_DATA,10.7883,77.2681,61.0479,10.7883,77.2681,61.0479
2026-06-02 14:41:17.213,LIVE,NEW_DATA,10.7848,77.2681,61.0479,10.7848,77.2681,61.0479
2026-06-02 14:41:17.244,LIVE,NEW_DATA,10.7887,77.3519,61.0479,10.7887,77.3519,61.0479
2026-06-02 14:41:17.276,LIVE,NEW_DATA,10.7918,77.3519,61.0479,10.7918,77.3519,61.0479
2026-06-02 14:41:17.307,LIVE,NEW_DATA,10.7887,77.3519,61.0479,10.7887,77.3519,61.0479
2026-06-02 14:41:17.339,LIVE,NEW_DATA,10.7824,77.3519,61.0479,10.7824,77.3519,61.0479
2026-06-02 14:41:17.370,LIVE,NEW_DATA,10.7828,77.3519,61.0479,10.7828,77.3519,61.0479
2026-06-02 14:41:17.402,LIVE,NEW_DATA,10.7807,77.3519,61.0479,10.7807,77.3519,61.0479
2026-06-02 14:41:17.432,LIVE,NEW_DATA,10.7786,77.3519,61.0479,10.7786,77.3519,61.0479
2026-06-02 14:41:17.464,LIVE,NEW_DATA,10.7769,77.3519,61.0479,10.7769,77.3519,61.0479
2026-06-02 14:41:17.495,LIVE,NEW_DATA,10.7807,77.3519,61.0479,10.7807,77.3519,61.0479
2026-06-02 14:41:17.527,LIVE,NEW_DATA,10.7720,77.3519,61.0479,10.7720,77.3519,61.0479
2026-06-02 14:41:17.563,LIVE,NEW_DATA,10.7720,77.3519,61.0479,10.7720,77.3519,61.0479
2026-06-02 14:41:17.591,LIVE,NEW_DATA,10.7672,77.3519,61.0479,10.7672,77.3519,61.0479
2026-06-02 14:41:17.623,LIVE,NEW_DATA,10.7685,77.3519,61.0479,10.7685,77.3519,61.0479
2026-06-02 14:41:17.654,LIVE,NEW_DATA,10.7706,77.3519,61.0479,10.7706,77.3519,61.0479
2026-06-02 14:41:17.685,LIVE,NEW_DATA,10.7703,77.3519,61.0479,10.7703,77.3519,61.0479
2026-06-02 14:41:17.717,LIVE,NEW_DATA,10.7668,77.3519,61.0479,10.7668,77.3519,61.0479
2026-06-02 14:41:17.750,LIVE,NEW_DATA,10.7630,77.1581,62.3311,10.7630,77.1581,62.3311
2026-06-02 14:41:17.781,LIVE,NEW_DATA,10.7807,77.1581,62.3311,10.7807,77.1581,62.3311
2026-06-02 14:41:17.813,LIVE,NEW_DATA,10.7640,77.1581,62.3311,10.7640,77.1581,62.3311
2026-06-02 14:41:17.843,LIVE,NEW_DATA,10.7665,77.1581,62.3311,10.7665,77.1581,62.3311
2026-06-02 14:41:17.876,LIVE,NEW_DATA,10.7613,77.1581,62.3311,10.7613,77.1581,62.3311
2026-06-02 14:41:17.906,LIVE,NEW_DATA,10.7651,77.1581,62.3311,10.7651,77.1581,62.3311
2026-06-02 14:41:17.939,LIVE,NEW_DATA,10.7561,77.1581,62.3311,10.7561,77.1581,62.3311
2026-06-02 14:41:17.969,LIVE,NEW_DATA,10.7623,77.1581,62.3311,10.7623,77.1581,62.3311
2026-06-02 14:41:18.002,LIVE,NEW_DATA,10.7602,77.1581,62.3311,10.7602,77.1581,62.3311
2026-06-02 14:41:18.034,LIVE,NEW_DATA,10.7637,77.1581,62.3311,10.7637,77.1581,62.3311
2026-06-02 14:41:18.065,LIVE,NEW_DATA,10.7581,77.1581,62.3311,10.7581,77.1581,62.3311
2026-06-02 14:41:18.097,LIVE,NEW_DATA,10.7547,77.1581,62.3311,10.7547,77.1581,62.3311
2026-06-02 14:41:18.128,LIVE,NEW_DATA,10.7568,77.1581,62.3311,10.7568,77.1581,62.3311
2026-06-02 14:41:18.160,LIVE,NEW_DATA,10.7526,77.1581,62.3311,10.7526,77.1581,62.3311
2026-06-02 14:41:18.192,LIVE,NEW_DATA,10.7505,77.1581,62.3311,10.7505,77.1581,62.3311
2026-06-02 14:41:18.224,LIVE,NEW_DATA,10.7481,77.1581,62.3311,10.7481,77.1581,62.3311
2026-06-02 14:41:18.256,LIVE,NEW_DATA,10.7491,77.1704,62.5579,10.7491,77.1704,62.5579
2026-06-02 14:41:18.288,LIVE,NEW_DATA,10.7446,77.1704,62.5579,10.7446,77.1704,62.5579
2026-06-02 14:41:18.318,LIVE,NEW_DATA,10.7391,77.1704,62.5579,10.7391,77.1704,62.5579
2026-06-02 14:41:18.352,LIVE,NEW_DATA,10.7443,77.1704,62.5579,10.7443,77.1704,62.5579
2026-06-02 14:41:18.380,LIVE,NEW_DATA,10.7446,77.1704,62.5579,10.7446,77.1704,62.5579
2026-06-02 14:41:18.413,LIVE,NEW_DATA,10.7425,77.1704,62.5579,10.7425,77.1704,62.5579
2026-06-02 14:41:18.444,LIVE,NEW_DATA,10.7415,77.1704,62.5579,10.7415,77.1704,62.5579
2026-06-02 14:41:18.476,LIVE,NEW_DATA,10.7425,77.1704,62.5579,10.7425,77.1704,62.5579
2026-06-02 14:41:18.507,LIVE,NEW_DATA,10.7411,77.1704,62.5579,10.7411,77.1704,62.5579
2026-06-02 14:41:18.538,LIVE,NEW_DATA,10.7411,77.1704,62.5579,10.7411,77.1704,62.5579
2026-06-02 14:41:18.570,LIVE,NEW_DATA,10.7522,77.1704,62.5579,10.7522,77.1704,62.5579
2026-06-02 14:41:18.602,LIVE,NEW_DATA,10.7346,77.1704,62.5579,10.7346,77.1704,62.5579
2026-06-02 14:41:18.634,LIVE,NEW_DATA,10.7314,77.1704,62.5579,10.7314,77.1704,62.5579
2026-06-02 14:41:18.665,LIVE,NEW_DATA,10.7349,77.1704,62.5579,10.7349,77.1704,62.5579
2026-06-02 14:41:18.696,LIVE,NEW_DATA,10.7356,77.1704,62.5579,10.7356,77.1704,62.5579
2026-06-02 14:41:18.726,LIVE,NEW_DATA,10.7346,77.1704,62.5579,10.7346,77.1704,62.5579
2026-06-02 14:41:18.759,LIVE,NEW_DATA,10.7339,77.1716,62.5579,10.7339,77.1716,62.5579
2026-06-02 14:41:18.790,LIVE,NEW_DATA,10.7363,77.1716,62.5579,10.7363,77.1716,62.5579
2026-06-02 14:41:18.821,LIVE,NEW_DATA,10.7366,77.1716,62.5579,10.7366,77.1716,62.5579
2026-06-02 14:41:18.853,LIVE,NEW_DATA,10.7280,77.1716,62.5579,10.7280,77.1716,62.5579
2026-06-02 14:41:18.884,LIVE,NEW_DATA,10.7287,77.1716,62.5579,10.7287,77.1716,62.5579
2026-06-02 14:41:18.916,LIVE,NEW_DATA,10.7248,77.1716,62.5579,10.7248,77.1716,62.5579
2026-06-02 14:41:18.947,LIVE,NEW_DATA,10.7248,77.1716,62.5579,10.7248,77.1716,62.5579
2026-06-02 14:41:18.978,LIVE,NEW_DATA,10.7269,77.1716,62.5579,10.7269,77.1716,62.5579
2026-06-02 14:41:19.009,LIVE,NEW_DATA,10.7242,77.1716,62.5579,10.7242,77.1716,62.5579
2026-06-02 14:41:19.042,LIVE,NEW_DATA,10.7245,77.1716,62.5579,10.7245,77.1716,62.5579
2026-06-02 14:41:19.074,LIVE,NEW_DATA,10.7235,77.1716,62.5579,10.7235,77.1716,62.5579
2026-06-02 14:41:19.105,LIVE,NEW_DATA,10.7214,77.1716,62.5579,10.7214,77.1716,62.5579
2026-06-02 14:41:19.138,LIVE,NEW_DATA,10.7196,77.1716,62.5579,10.7196,77.1716,62.5579
2026-06-02 14:41:19.167,LIVE,NEW_DATA,10.7196,77.1716,62.5579,10.7196,77.1716,62.5579
2026-06-02 14:41:19.199,LIVE,NEW_DATA,10.7193,77.1716,62.5579,10.7193,77.1716,62.5579
2026-06-02 14:41:19.231,LIVE,NEW_DATA,10.7172,77.1716,62.5579,10.7172,77.1716,62.5579
2026-06-02 14:41:19.262,LIVE,NEW_DATA,10.7148,77.1141,61.8228,10.7148,77.1141,61.8228
2026-06-02 14:41:19.293,LIVE,NEW_DATA,10.7158,77.1141,61.8228,10.7158,77.1141,61.8228
2026-06-02 14:41:19.325,LIVE,NEW_DATA,10.7186,77.1141,61.8228,10.7186,77.1141,61.8228
2026-06-02 14:41:19.356,LIVE,NEW_DATA,10.7262,77.1141,61.8228,10.7262,77.1141,61.8228
2026-06-02 14:41:19.387,LIVE,NEW_DATA,10.7131,77.1141,61.8228,10.7131,77.1141,61.8228
2026-06-02 14:41:19.420,LIVE,NEW_DATA,10.7113,77.1141,61.8228,10.7113,77.1141,61.8228
2026-06-02 14:41:19.450,LIVE,NEW_DATA,10.7089,77.1141,61.8228,10.7089,77.1141,61.8228
2026-06-02 14:41:19.482,LIVE,NEW_DATA,10.7110,77.1141,61.8228,10.7110,77.1141,61.8228
2026-06-02 14:41:19.512,LIVE,NEW_DATA,10.7092,77.1141,61.8228,10.7092,77.1141,61.8228
2026-06-02 14:41:19.543,LIVE,NEW_DATA,10.7103,77.1141,61.8228,10.7103,77.1141,61.8228
2026-06-02 14:41:19.575,LIVE,NEW_DATA,10.7096,77.1141,61.8228,10.7096,77.1141,61.8228
2026-06-02 14:41:19.607,LIVE,NEW_DATA,10.7096,77.1141,61.8228,10.7096,77.1141,61.8228
2026-06-02 14:41:19.639,LIVE,NEW_DATA,10.7047,77.1141,61.8228,10.7047,77.1141,61.8228
2026-06-02 14:41:19.669,LIVE,NEW_DATA,10.7047,77.1141,61.8228,10.7047,77.1141,61.8228
2026-06-02 14:41:19.701,LIVE,NEW_DATA,10.7040,77.1141,61.8228,10.7040,77.1141,61.8228
2026-06-02 14:41:19.733,LIVE,NEW_DATA,10.7058,77.1141,61.8228,10.7058,77.1141,61.8228
2026-06-02 14:41:19.764,LIVE,NEW_DATA,10.6981,77.2990,62.3154,10.6981,77.2990,62.3154
2026-06-02 14:41:19.797,LIVE,NEW_DATA,10.6975,77.2990,62.3154,10.6975,77.2990,62.3154
2026-06-02 14:41:19.828,LIVE,NEW_DATA,10.6943,77.2990,62.3154,10.6943,77.2990,62.3154
2026-06-02 14:41:19.859,LIVE,NEW_DATA,10.6916,77.2990,62.3154,10.6916,77.2990,62.3154
2026-06-02 14:41:19.890,LIVE,NEW_DATA,10.6936,77.2990,62.3154,10.6936,77.2990,62.3154
2026-06-02 14:41:19.924,LIVE,NEW_DATA,10.6943,77.2990,62.3154,10.6943,77.2990,62.3154
2026-06-02 14:41:19.951,LIVE,NEW_DATA,10.6912,77.2990,62.3154,10.6912,77.2990,62.3154
2026-06-02 14:41:19.983,LIVE,NEW_DATA,10.6929,77.2990,62.3154,10.6929,77.2990,62.3154
2026-06-02 14:41:20.015,LIVE,NEW_DATA,10.6971,77.2990,62.3154,10.6971,77.2990,62.3154
2026-06-02 14:41:20.047,LIVE,NEW_DATA,10.6884,77.2990,62.3154,10.6884,77.2990,62.3154
2026-06-02 14:41:20.078,LIVE,NEW_DATA,10.6898,77.2990,62.3154,10.6898,77.2990,62.3154
2026-06-02 14:41:20.110,LIVE,NEW_DATA,10.6954,77.2990,62.3154,10.6954,77.2990,62.3154
2026-06-02 14:41:20.141,LIVE,NEW_DATA,10.6999,77.2990,62.3154,10.6999,77.2990,62.3154
2026-06-02 14:41:20.172,LIVE,NEW_DATA,10.6829,77.2990,62.3154,10.6829,77.2990,62.3154
2026-06-02 14:41:20.202,LIVE,NEW_DATA,10.6825,77.2990,62.3154,10.6825,77.2990,62.3154
2026-06-02 14:41:20.233,LIVE,NEW_DATA,10.6832,77.2990,62.3154,10.6832,77.2990,62.3154
2026-06-02 14:41:20.265,LIVE,NEW_DATA,10.6825,77.2317,62.3154,10.6825,77.2317,62.3154
2026-06-02 14:41:20.297,LIVE,NEW_DATA,10.6853,77.2317,62.3154,10.6853,77.2317,62.3154
2026-06-02 14:41:20.328,LIVE,NEW_DATA,10.6825,77.2317,62.3154,10.6825,77.2317,62.3154
2026-06-02 14:41:20.361,LIVE,NEW_DATA,10.6864,77.2317,62.3154,10.6864,77.2317,62.3154
2026-06-02 14:41:20.393,LIVE,NEW_DATA,10.6867,77.2317,62.3154,10.6867,77.2317,62.3154
2026-06-02 14:41:20.425,LIVE,NEW_DATA,10.6794,77.2317,62.3154,10.6794,77.2317,62.3154
2026-06-02 14:41:20.456,LIVE,NEW_DATA,10.6808,77.2317,62.3154,10.6808,77.2317,62.3154
2026-06-02 14:41:20.486,LIVE,NEW_DATA,10.6728,77.2317,62.3154,10.6728,77.2317,62.3154
2026-06-02 14:41:20.517,LIVE,NEW_DATA,10.6808,77.2317,62.3154,10.6808,77.2317,62.3154
2026-06-02 14:41:20.549,LIVE,NEW_DATA,10.6732,77.2317,62.3154,10.6732,77.2317,62.3154
2026-06-02 14:41:20.582,LIVE,NEW_DATA,10.6763,77.2317,62.3154,10.6763,77.2317,62.3154
2026-06-02 14:41:20.613,LIVE,NEW_DATA,10.6718,77.2317,62.3154,10.6718,77.2317,62.3154
2026-06-02 14:41:20.645,LIVE,NEW_DATA,10.6732,77.2317,62.3154,10.6732,77.2317,62.3154
2026-06-02 14:41:20.678,LIVE,NEW_DATA,10.6728,77.2317,62.3154,10.6728,77.2317,62.3154
2026-06-02 14:41:20.712,LIVE,NEW_DATA,10.6718,77.2317,62.3154,10.6718,77.2317,62.3154
2026-06-02 14:41:20.740,LIVE,NEW_DATA,10.6659,77.2317,62.3154,10.6659,77.2317,62.3154
2026-06-02 14:41:20.770,LIVE,NEW_DATA,10.6711,76.8760,64.3979,10.6711,76.8760,64.3979
2026-06-02 14:41:20.803,LIVE,NEW_DATA,10.6714,76.8760,64.3979,10.6714,76.8760,64.3979
2026-06-02 14:41:20.834,LIVE,NEW_DATA,10.6725,76.8760,64.3979,10.6725,76.8760,64.3979
2026-06-02 14:41:20.866,LIVE,NEW_DATA,10.6676,76.8760,64.3979,10.6676,76.8760,64.3979
2026-06-02 14:41:20.897,LIVE,NEW_DATA,10.6766,76.8760,64.3979,10.6766,76.8760,64.3979
2026-06-02 14:41:20.929,LIVE,NEW_DATA,10.6773,76.8760,64.3979,10.6773,76.8760,64.3979
2026-06-02 14:41:20.960,LIVE,NEW_DATA,10.6746,76.8760,64.3979,10.6746,76.8760,64.3979
2026-06-02 14:41:20.991,LIVE,NEW_DATA,10.6735,76.8760,64.3979,10.6735,76.8760,64.3979
2026-06-02 14:41:21.024,LIVE,NEW_DATA,10.6725,76.8760,64.3979,10.6725,76.8760,64.3979
2026-06-02 14:41:21.056,LIVE,NEW_DATA,10.6780,76.8760,64.3979,10.6780,76.8760,64.3979
2026-06-02 14:41:21.087,LIVE,NEW_DATA,10.6770,76.8760,64.3979,10.6770,76.8760,64.3979
2026-06-02 14:41:21.119,LIVE,NEW_DATA,10.6874,76.8760,64.3979,10.6874,76.8760,64.3979
2026-06-02 14:41:21.149,LIVE,NEW_DATA,10.6825,76.8760,64.3979,10.6825,76.8760,64.3979
2026-06-02 14:41:21.182,LIVE,NEW_DATA,10.6884,76.8760,64.3979,10.6884,76.8760,64.3979
2026-06-02 14:41:21.214,LIVE,NEW_DATA,10.6926,76.8760,64.3979,10.6926,76.8760,64.3979
2026-06-02 14:41:21.245,LIVE,NEW_DATA,10.6874,76.9225,64.8334,10.6874,76.9225,64.8334
2026-06-02 14:41:21.274,LIVE,NEW_DATA,10.6964,76.9225,64.8334,10.6964,76.9225,64.8334
2026-06-02 14:41:21.307,LIVE,NEW_DATA,10.6975,76.9225,64.8334,10.6975,76.9225,64.8334
2026-06-02 14:41:21.338,LIVE,NEW_DATA,10.7023,76.9225,64.8334,10.7023,76.9225,64.8334
2026-06-02 14:41:21.369,LIVE,NEW_DATA,10.7072,76.9225,64.8334,10.7072,76.9225,64.8334
2026-06-02 14:41:21.401,LIVE,NEW_DATA,10.7092,76.9225,64.8334,10.7092,76.9225,64.8334
2026-06-02 14:41:21.434,LIVE,NEW_DATA,10.7141,76.9225,64.8334,10.7141,76.9225,64.8334
2026-06-02 14:41:21.465,LIVE,NEW_DATA,10.7176,76.9225,64.8334,10.7176,76.9225,64.8334
2026-06-02 14:41:21.500,LIVE,NEW_DATA,10.7210,76.9225,64.8334,10.7210,76.9225,64.8334
2026-06-02 14:41:21.527,LIVE,NEW_DATA,10.7259,76.9225,64.8334,10.7259,76.9225,64.8334
2026-06-02 14:41:21.559,LIVE,NEW_DATA,10.7311,76.9225,64.8334,10.7311,76.9225,64.8334
2026-06-02 14:41:21.592,LIVE,NEW_DATA,10.7301,76.9225,64.8334,10.7301,76.9225,64.8334
2026-06-02 14:41:21.624,LIVE,NEW_DATA,10.7398,76.9225,64.8334,10.7398,76.9225,64.8334
2026-06-02 14:41:21.655,LIVE,NEW_DATA,10.7509,76.9225,64.8334,10.7509,76.9225,64.8334
2026-06-02 14:41:21.685,LIVE,NEW_DATA,10.7491,76.9225,64.8334,10.7491,76.9225,64.8334
2026-06-02 14:41:21.716,LIVE,NEW_DATA,10.7484,76.9225,64.8334,10.7484,76.9225,64.8334
2026-06-02 14:41:21.747,LIVE,NEW_DATA,10.7571,76.7306,64.8334,10.7571,76.7306,64.8334
2026-06-02 14:41:21.780,LIVE,NEW_DATA,10.7550,76.7306,64.8334,10.7550,76.7306,64.8334
2026-06-02 14:41:21.811,LIVE,NEW_DATA,10.7658,76.7306,64.8334,10.7658,76.7306,64.8334
2026-06-02 14:41:21.842,LIVE,NEW_DATA,10.7734,76.7306,64.8334,10.7734,76.7306,64.8334
2026-06-02 14:41:21.874,LIVE,NEW_DATA,10.7755,76.7306,64.8334,10.7755,76.7306,64.8334
2026-06-02 14:41:21.904,LIVE,NEW_DATA,10.7873,76.7306,64.8334,10.7873,76.7306,64.8334
2026-06-02 14:41:21.935,LIVE,NEW_DATA,10.7928,76.7306,64.8334,10.7928,76.7306,64.8334
2026-06-02 14:41:21.967,LIVE,NEW_DATA,10.7907,76.7306,64.8334,10.7907,76.7306,64.8334
2026-06-02 14:41:21.999,LIVE,NEW_DATA,10.7935,76.7306,64.8334,10.7935,76.7306,64.8334
2026-06-02 14:41:22.030,LIVE,NEW_DATA,10.7980,76.7306,64.8334,10.7980,76.7306,64.8334
2026-06-02 14:41:22.061,LIVE,NEW_DATA,10.8036,76.7306,64.8334,10.8036,76.7306,64.8334
2026-06-02 14:41:22.093,LIVE,NEW_DATA,10.8077,76.7306,64.8334,10.8077,76.7306,64.8334
2026-06-02 14:41:22.124,LIVE,NEW_DATA,10.8143,76.7306,64.8334,10.8143,76.7306,64.8334
2026-06-02 14:41:22.156,LIVE,NEW_DATA,10.8174,76.7306,64.8334,10.8174,76.7306,64.8334
2026-06-02 14:41:22.188,LIVE,NEW_DATA,10.8185,76.7306,64.8334,10.8185,76.7306,64.8334
2026-06-02 14:41:22.219,LIVE,NEW_DATA,10.8258,76.7306,64.8334,10.8258,76.7306,64.8334
2026-06-02 14:41:22.252,LIVE,NEW_DATA,10.8261,76.6629,63.0617,10.8261,76.6629,63.0617
2026-06-02 14:41:22.287,LIVE,NEW_DATA,10.8320,76.6629,63.0617,10.8320,76.6629,63.0617
2026-06-02 14:41:22.314,LIVE,NEW_DATA,10.8369,76.6629,63.0617,10.8369,76.6629,63.0617
2026-06-02 14:41:22.345,LIVE,NEW_DATA,10.8334,76.6629,63.0617,10.8334,76.6629,63.0617
2026-06-02 14:41:22.377,LIVE,NEW_DATA,10.8414,76.6629,63.0617,10.8414,76.6629,63.0617
2026-06-02 14:41:22.408,LIVE,NEW_DATA,10.8483,76.6629,63.0617,10.8483,76.6629,63.0617
2026-06-02 14:41:22.440,LIVE,NEW_DATA,10.8518,76.6629,63.0617,10.8518,76.6629,63.0617
2026-06-02 14:41:22.470,LIVE,NEW_DATA,10.8490,76.6629,63.0617,10.8490,76.6629,63.0617
2026-06-02 14:41:22.502,LIVE,NEW_DATA,10.8552,76.6629,63.0617,10.8552,76.6629,63.0617
2026-06-02 14:41:22.532,LIVE,NEW_DATA,10.8545,76.6629,63.0617,10.8545,76.6629,63.0617
2026-06-02 14:41:22.564,LIVE,NEW_DATA,10.8629,76.6629,63.0617,10.8629,76.6629,63.0617
2026-06-02 14:41:22.595,LIVE,NEW_DATA,10.8608,76.6629,63.0617,10.8608,76.6629,63.0617
2026-06-02 14:41:22.627,LIVE,NEW_DATA,10.8667,76.6629,63.0617,10.8667,76.6629,63.0617
2026-06-02 14:41:22.660,LIVE,NEW_DATA,10.8712,76.6629,63.0617,10.8712,76.6629,63.0617
2026-06-02 14:41:22.692,LIVE,NEW_DATA,10.8705,76.6629,63.0617,10.8705,76.6629,63.0617
2026-06-02 14:41:22.724,LIVE,NEW_DATA,10.8747,76.6629,63.0617,10.8747,76.6629,63.0617
2026-06-02 14:41:22.756,LIVE,NEW_DATA,10.8733,76.7259,61.2889,10.8733,76.7259,61.2889
2026-06-02 14:41:22.788,LIVE,NEW_DATA,10.8712,76.7259,61.2889,10.8712,76.7259,61.2889
2026-06-02 14:41:22.820,LIVE,NEW_DATA,10.8774,76.7259,61.2889,10.8774,76.7259,61.2889
2026-06-02 14:41:22.851,LIVE,NEW_DATA,10.8750,76.7259,61.2889,10.8750,76.7259,61.2889
2026-06-02 14:41:22.882,LIVE,NEW_DATA,10.8767,76.7259,61.2889,10.8767,76.7259,61.2889
2026-06-02 14:41:22.914,LIVE,NEW_DATA,10.8760,76.7259,61.2889,10.8760,76.7259,61.2889
2026-06-02 14:41:22.945,LIVE,NEW_DATA,10.8844,76.7259,61.2889,10.8844,76.7259,61.2889
2026-06-02 14:41:22.976,LIVE,NEW_DATA,10.8802,76.7259,61.2889,10.8802,76.7259,61.2889
2026-06-02 14:41:23.008,LIVE,NEW_DATA,10.8778,76.7259,61.2889,10.8778,76.7259,61.2889
2026-06-02 14:41:23.039,LIVE,NEW_DATA,10.8858,76.7259,61.2889,10.8858,76.7259,61.2889
2026-06-02 14:41:23.076,LIVE,NEW_DATA,10.8806,76.7259,61.2889,10.8806,76.7259,61.2889
2026-06-02 14:41:23.102,LIVE,NEW_DATA,10.8865,76.7259,61.2889,10.8865,76.7259,61.2889
2026-06-02 14:41:23.133,LIVE,NEW_DATA,10.8844,76.7259,61.2889,10.8844,76.7259,61.2889
2026-06-02 14:41:23.164,LIVE,NEW_DATA,10.8882,76.7259,61.2889,10.8882,76.7259,61.2889
2026-06-02 14:41:23.195,LIVE,NEW_DATA,10.9114,76.7259,61.2889,10.9114,76.7259,61.2889
2026-06-02 14:41:23.227,LIVE,NEW_DATA,10.8823,76.7259,61.2889,10.8823,76.7259,61.2889
2026-06-02 14:41:23.258,LIVE,NEW_DATA,10.8858,76.6713,61.2889,10.8858,76.6713,61.2889
2026-06-02 14:41:23.290,LIVE,NEW_DATA,10.8854,76.6713,61.2889,10.8854,76.6713,61.2889
2026-06-02 14:41:23.320,LIVE,NEW_DATA,10.8851,76.6713,61.2889,10.8851,76.6713,61.2889
2026-06-02 14:41:23.351,LIVE,NEW_DATA,10.8927,76.6713,61.2889,10.8927,76.6713,61.2889
2026-06-02 14:41:23.381,LIVE,NEW_DATA,10.8906,76.6713,61.2889,10.8906,76.6713,61.2889
2026-06-02 14:41:23.413,LIVE,NEW_DATA,10.8962,76.6713,61.2889,10.8962,76.6713,61.2889
2026-06-02 14:41:23.444,LIVE,NEW_DATA,10.8986,76.6713,61.2889,10.8986,76.6713,61.2889
2026-06-02 14:41:23.477,LIVE,NEW_DATA,10.8975,76.6713,61.2889,10.8975,76.6713,61.2889
2026-06-02 14:41:23.508,LIVE,NEW_DATA,10.8944,76.6713,61.2889,10.8944,76.6713,61.2889
2026-06-02 14:41:23.540,LIVE,NEW_DATA,10.8892,76.6713,61.2889,10.8892,76.6713,61.2889
2026-06-02 14:41:23.572,LIVE,NEW_DATA,10.8861,76.6713,61.2889,10.8861,76.6713,61.2889
2026-06-02 14:41:23.604,LIVE,NEW_DATA,10.8944,76.6713,61.2889,10.8944,76.6713,61.2889
2026-06-02 14:41:23.636,LIVE,NEW_DATA,10.8934,76.6713,61.2889,10.8934,76.6713,61.2889
2026-06-02 14:41:23.666,LIVE,NEW_DATA,10.8934,76.6713,61.2889,10.8934,76.6713,61.2889
2026-06-02 14:41:23.698,LIVE,NEW_DATA,10.8920,76.6713,61.2889,10.8920,76.6713,61.2889
2026-06-02 14:41:23.730,LIVE,NEW_DATA,10.8917,76.6713,61.2889,10.8917,76.6713,61.2889
2026-06-02 14:41:23.761,LIVE,NEW_DATA,10.8889,76.7450,60.6575,10.8889,76.7450,60.6575
2026-06-02 14:41:23.793,LIVE,NEW_DATA,10.8906,76.7450,60.6575,10.8906,76.7450,60.6575
2026-06-02 14:41:23.825,LIVE,NEW_DATA,10.8920,76.7450,60.6575,10.8920,76.7450,60.6575
2026-06-02 14:41:23.860,LIVE,NEW_DATA,10.8934,76.7450,60.6575,10.8934,76.7450,60.6575
2026-06-02 14:41:23.889,LIVE,NEW_DATA,10.8941,76.7450,60.6575,10.8941,76.7450,60.6575
2026-06-02 14:41:23.919,LIVE,NEW_DATA,10.9000,76.7450,60.6575,10.9000,76.7450,60.6575
2026-06-02 14:41:23.950,LIVE,NEW_DATA,10.9034,76.7450,60.6575,10.9034,76.7450,60.6575
2026-06-02 14:41:23.982,LIVE,NEW_DATA,10.8913,76.7450,60.6575,10.8913,76.7450,60.6575
2026-06-02 14:41:24.015,LIVE,NEW_DATA,10.8892,76.7450,60.6575,10.8892,76.7450,60.6575
2026-06-02 14:41:24.046,LIVE,NEW_DATA,10.8930,76.7450,60.6575,10.8930,76.7450,60.6575
2026-06-02 14:41:24.078,LIVE,NEW_DATA,10.8910,76.7450,60.6575,10.8910,76.7450,60.6575
2026-06-02 14:41:24.110,LIVE,NEW_DATA,10.8944,76.7450,60.6575,10.8944,76.7450,60.6575
2026-06-02 14:41:24.142,LIVE,NEW_DATA,10.8989,76.7450,60.6575,10.8989,76.7450,60.6575
2026-06-02 14:41:24.173,LIVE,NEW_DATA,10.8969,76.7450,60.6575,10.8969,76.7450,60.6575
2026-06-02 14:41:24.203,LIVE,NEW_DATA,10.8989,76.7450,60.6575,10.8989,76.7450,60.6575
2026-06-02 14:41:24.235,LIVE,NEW_DATA,10.8944,76.7450,60.6575,10.8944,76.7450,60.6575
2026-06-02 14:41:24.267,LIVE,NEW_DATA,10.8962,76.8031,60.5934,10.8962,76.8031,60.5934
2026-06-02 14:41:24.298,LIVE,NEW_DATA,10.8951,76.8031,60.5934,10.8951,76.8031,60.5934
2026-06-02 14:41:24.330,LIVE,NEW_DATA,10.8927,76.8031,60.5934,10.8927,76.8031,60.5934
2026-06-02 14:41:24.361,LIVE,NEW_DATA,10.8913,76.8031,60.5934,10.8913,76.8031,60.5934
2026-06-02 14:41:24.394,LIVE,NEW_DATA,10.8934,76.8031,60.5934,10.8934,76.8031,60.5934
2026-06-02 14:41:24.425,LIVE,NEW_DATA,10.8885,76.8031,60.5934,10.8885,76.8031,60.5934
2026-06-02 14:41:24.457,LIVE,NEW_DATA,10.8927,76.8031,60.5934,10.8927,76.8031,60.5934
2026-06-02 14:41:24.488,LIVE,NEW_DATA,10.8906,76.8031,60.5934,10.8906,76.8031,60.5934
2026-06-02 14:41:24.520,LIVE,NEW_DATA,10.8892,76.8031,60.5934,10.8892,76.8031,60.5934
2026-06-02 14:41:24.550,LIVE,NEW_DATA,10.8899,76.8031,60.5934,10.8899,76.8031,60.5934
2026-06-02 14:41:24.582,LIVE,NEW_DATA,10.8878,76.8031,60.5934,10.8878,76.8031,60.5934
2026-06-02 14:41:24.615,LIVE,NEW_DATA,10.8878,76.8031,60.5934,10.8878,76.8031,60.5934
2026-06-02 14:41:24.649,LIVE,NEW_DATA,10.8823,76.8031,60.5934,10.8823,76.8031,60.5934
2026-06-02 14:41:24.678,LIVE,NEW_DATA,10.8892,76.8031,60.5934,10.8892,76.8031,60.5934
2026-06-02 14:41:24.708,LIVE,NEW_DATA,10.9083,76.8031,60.5934,10.9083,76.8031,60.5934
2026-06-02 14:41:24.741,LIVE,NEW_DATA,10.8840,76.8031,60.5934,10.8840,76.8031,60.5934
2026-06-02 14:41:24.773,LIVE,NEW_DATA,10.8778,76.7889,60.5934,10.8778,76.7889,60.5934
2026-06-02 14:41:24.805,LIVE,NEW_DATA,10.8830,76.7889,60.5934,10.8830,76.7889,60.5934
2026-06-02 14:41:24.837,LIVE,NEW_DATA,10.8871,76.7889,60.5934,10.8871,76.7889,60.5934
2026-06-02 14:41:24.868,LIVE,NEW_DATA,10.8865,76.7889,60.5934,10.8865,76.7889,60.5934
2026-06-02 14:41:24.900,LIVE,NEW_DATA,10.8920,76.7889,60.5934,10.8920,76.7889,60.5934
2026-06-02 14:41:24.930,LIVE,NEW_DATA,10.8934,76.7889,60.5934,10.8934,76.7889,60.5934
2026-06-02 14:41:24.961,LIVE,NEW_DATA,10.8899,76.7889,60.5934,10.8899,76.7889,60.5934
2026-06-02 14:41:24.992,LIVE,NEW_DATA,10.8851,76.7889,60.5934,10.8851,76.7889,60.5934
2026-06-02 14:41:25.023,LIVE,NEW_DATA,10.8840,76.7889,60.5934,10.8840,76.7889,60.5934
2026-06-02 14:41:25.056,LIVE,NEW_DATA,10.8809,76.7889,60.5934,10.8809,76.7889,60.5934
2026-06-02 14:41:25.088,LIVE,NEW_DATA,10.8778,76.7889,60.5934,10.8778,76.7889,60.5934
2026-06-02 14:41:25.118,LIVE,NEW_DATA,10.8795,76.7889,60.5934,10.8795,76.7889,60.5934
2026-06-02 14:41:25.151,LIVE,NEW_DATA,10.8844,76.7889,60.5934,10.8844,76.7889,60.5934
2026-06-02 14:41:25.181,LIVE,NEW_DATA,10.8830,76.7889,60.5934,10.8830,76.7889,60.5934
2026-06-02 14:41:25.212,LIVE,NEW_DATA,10.8771,76.7889,60.5934,10.8771,76.7889,60.5934
2026-06-02 14:41:25.244,LIVE,NEW_DATA,10.8760,76.6451,60.6296,10.8760,76.6451,60.6296
2026-06-02 14:41:25.275,LIVE,NEW_DATA,10.8757,76.6451,60.6296,10.8757,76.6451,60.6296
2026-06-02 14:41:25.308,LIVE,NEW_DATA,10.8750,76.6451,60.6296,10.8750,76.6451,60.6296
2026-06-02 14:41:25.340,LIVE,NEW_DATA,10.8740,76.6451,60.6296,10.8740,76.6451,60.6296
2026-06-02 14:41:25.372,LIVE,NEW_DATA,10.8736,76.6451,60.6296,10.8736,76.6451,60.6296
2026-06-02 14:41:25.402,LIVE,NEW_DATA,10.8722,76.6451,60.6296,10.8722,76.6451,60.6296
2026-06-02 14:41:25.435,LIVE,NEW_DATA,10.8826,76.6451,60.6296,10.8826,76.6451,60.6296
2026-06-02 14:41:25.463,LIVE,NEW_DATA,10.8764,76.6451,60.6296,10.8764,76.6451,60.6296
2026-06-02 14:41:25.495,LIVE,NEW_DATA,10.8677,76.6451,60.6296,10.8677,76.6451,60.6296
2026-06-02 14:41:25.526,LIVE,NEW_DATA,10.8719,76.6451,60.6296,10.8719,76.6451,60.6296
2026-06-02 14:41:25.559,LIVE,NEW_DATA,10.8674,76.6451,60.6296,10.8674,76.6451,60.6296
2026-06-02 14:41:25.590,LIVE,NEW_DATA,10.8688,76.6451,60.6296,10.8688,76.6451,60.6296
2026-06-02 14:41:25.623,LIVE,NEW_DATA,10.8715,76.6451,60.6296,10.8715,76.6451,60.6296
2026-06-02 14:41:25.655,LIVE,NEW_DATA,10.8712,76.6451,60.6296,10.8712,76.6451,60.6296
2026-06-02 14:41:25.686,LIVE,NEW_DATA,10.8726,76.6451,60.6296,10.8726,76.6451,60.6296
2026-06-02 14:41:25.717,LIVE,NEW_DATA,10.8695,76.6451,60.6296,10.8695,76.6451,60.6296
2026-06-02 14:41:25.750,LIVE,NEW_DATA,10.8663,76.7058,60.6589,10.8663,76.7058,60.6589
2026-06-02 14:41:25.780,LIVE,NEW_DATA,10.8632,76.7058,60.6589,10.8632,76.7058,60.6589
2026-06-02 14:41:25.812,LIVE,NEW_DATA,10.8650,76.7058,60.6589,10.8650,76.7058,60.6589
2026-06-02 14:41:25.844,LIVE,NEW_DATA,10.8601,76.7058,60.6589,10.8601,76.7058,60.6589
2026-06-02 14:41:25.875,LIVE,NEW_DATA,10.8608,76.7058,60.6589,10.8608,76.7058,60.6589
2026-06-02 14:41:25.906,LIVE,NEW_DATA,10.8636,76.7058,60.6589,10.8636,76.7058,60.6589
2026-06-02 14:41:25.938,LIVE,NEW_DATA,10.8577,76.7058,60.6589,10.8577,76.7058,60.6589
2026-06-02 14:41:25.968,LIVE,NEW_DATA,10.8552,76.7058,60.6589,10.8552,76.7058,60.6589
2026-06-02 14:41:26.000,LIVE,NEW_DATA,10.8604,76.7058,60.6589,10.8604,76.7058,60.6589
2026-06-02 14:41:26.031,LIVE,NEW_DATA,10.8587,76.7058,60.6589,10.8587,76.7058,60.6589
2026-06-02 14:41:26.064,LIVE,NEW_DATA,10.8566,76.7058,60.6589,10.8566,76.7058,60.6589
2026-06-02 14:41:26.095,LIVE,NEW_DATA,10.8604,76.7058,60.6589,10.8604,76.7058,60.6589
2026-06-02 14:41:26.126,LIVE,NEW_DATA,10.8545,76.7058,60.6589,10.8545,76.7058,60.6589
2026-06-02 14:41:26.159,LIVE,NEW_DATA,10.8497,76.7058,60.6589,10.8497,76.7058,60.6589
2026-06-02 14:41:26.190,LIVE,NEW_DATA,10.8656,76.7058,60.6589,10.8656,76.7058,60.6589
2026-06-02 14:41:26.225,LIVE,NEW_DATA,10.8518,76.7058,60.6589,10.8518,76.7058,60.6589
2026-06-02 14:41:26.254,LIVE,NEW_DATA,10.8535,76.8781,60.6589,10.8535,76.8781,60.6589
2026-06-02 14:41:26.286,LIVE,NEW_DATA,10.8493,76.8781,60.6589,10.8493,76.8781,60.6589
2026-06-02 14:41:26.317,LIVE,NEW_DATA,10.8535,76.8781,60.6589,10.8535,76.8781,60.6589
2026-06-02 14:41:26.349,LIVE,NEW_DATA,10.8504,76.8781,60.6589,10.8504,76.8781,60.6589
2026-06-02 14:41:26.380,LIVE,NEW_DATA,10.8507,76.8781,60.6589,10.8507,76.8781,60.6589
2026-06-02 14:41:26.413,LIVE,NEW_DATA,10.8577,76.8781,60.6589,10.8577,76.8781,60.6589
2026-06-02 14:41:26.444,LIVE,NEW_DATA,10.8552,76.8781,60.6589,10.8552,76.8781,60.6589
2026-06-02 14:41:26.477,LIVE,NEW_DATA,10.8469,76.8781,60.6589,10.8469,76.8781,60.6589
2026-06-02 14:41:26.508,LIVE,NEW_DATA,10.8466,76.8781,60.6589,10.8466,76.8781,60.6589
2026-06-02 14:41:26.539,LIVE,NEW_DATA,10.8493,76.8781,60.6589,10.8493,76.8781,60.6589
2026-06-02 14:41:26.571,LIVE,NEW_DATA,10.8428,76.8781,60.6589,10.8428,76.8781,60.6589
2026-06-02 14:41:26.603,LIVE,NEW_DATA,10.8424,76.8781,60.6589,10.8424,76.8781,60.6589
2026-06-02 14:41:26.634,LIVE,NEW_DATA,10.8424,76.8781,60.6589,10.8424,76.8781,60.6589
2026-06-02 14:41:26.667,LIVE,NEW_DATA,10.8393,76.8781,60.6589,10.8393,76.8781,60.6589
2026-06-02 14:41:26.697,LIVE,NEW_DATA,10.8455,76.8781,60.6589,10.8455,76.8781,60.6589
2026-06-02 14:41:26.728,LIVE,NEW_DATA,10.8334,76.8781,60.6589,10.8334,76.8781,60.6589
2026-06-02 14:41:26.760,LIVE,NEW_DATA,10.8389,77.1361,61.1569,10.8389,77.1361,61.1569
2026-06-02 14:41:26.790,LIVE,NEW_DATA,10.8386,77.1361,61.1569,10.8386,77.1361,61.1569
2026-06-02 14:41:26.822,LIVE,NEW_DATA,10.8365,77.1361,61.1569,10.8365,77.1361,61.1569
2026-06-02 14:41:26.854,LIVE,NEW_DATA,10.8396,77.1361,61.1569,10.8396,77.1361,61.1569
2026-06-02 14:41:26.885,LIVE,NEW_DATA,10.8379,77.1361,61.1569,10.8379,77.1361,61.1569
2026-06-02 14:41:26.918,LIVE,NEW_DATA,10.8417,77.1361,61.1569,10.8417,77.1361,61.1569
2026-06-02 14:41:26.949,LIVE,NEW_DATA,10.8462,77.1361,61.1569,10.8462,77.1361,61.1569
2026-06-02 14:41:26.981,LIVE,NEW_DATA,10.8317,77.1361,61.1569,10.8317,77.1361,61.1569
2026-06-02 14:41:27.016,LIVE,NEW_DATA,10.8296,77.1361,61.1569,10.8296,77.1361,61.1569
2026-06-02 14:41:27.043,LIVE,NEW_DATA,10.8289,77.1361,61.1569,10.8289,77.1361,61.1569
2026-06-02 14:41:27.076,LIVE,NEW_DATA,10.8282,77.1361,61.1569,10.8282,77.1361,61.1569
2026-06-02 14:41:27.107,LIVE,NEW_DATA,10.8296,77.1361,61.1569,10.8296,77.1361,61.1569
2026-06-02 14:41:27.139,LIVE,NEW_DATA,10.8334,77.1361,61.1569,10.8334,77.1361,61.1569
2026-06-02 14:41:27.170,LIVE,NEW_DATA,10.8334,77.1361,61.1569,10.8334,77.1361,61.1569
2026-06-02 14:41:27.201,LIVE,NEW_DATA,10.8334,77.1361,61.1569,10.8334,77.1361,61.1569
2026-06-02 14:41:27.231,LIVE,NEW_DATA,10.8317,77.1361,61.1569,10.8317,77.1361,61.1569
2026-06-02 14:41:27.263,LIVE,NEW_DATA,10.8265,77.1470,61.5710,10.8265,77.1470,61.5710
2026-06-02 14:41:27.295,LIVE,NEW_DATA,10.8285,77.1470,61.5710,10.8285,77.1470,61.5710
2026-06-02 14:41:27.325,LIVE,NEW_DATA,10.8289,77.1470,61.5710,10.8289,77.1470,61.5710
2026-06-02 14:41:27.357,LIVE,NEW_DATA,10.8268,77.1470,61.5710,10.8268,77.1470,61.5710
2026-06-02 14:41:27.389,LIVE,NEW_DATA,10.8226,77.1470,61.5710,10.8226,77.1470,61.5710
2026-06-02 14:41:27.421,LIVE,NEW_DATA,10.8226,77.1470,61.5710,10.8226,77.1470,61.5710
2026-06-02 14:41:27.442,LIVE,NEW_DATA,10.8219,77.1470,61.5710,10.8219,77.1470,61.5710
2026-06-02 14:41:27.462,LIVE,NEW_DATA,10.8233,77.1470,61.5710,10.8233,77.1470,61.5710
2026-06-02 14:41:27.484,LIVE,NEW_DATA,10.8202,77.1470,61.5710,10.8202,77.1470,61.5710
2026-06-02 14:41:27.504,LIVE,NEW_DATA,10.8219,77.1470,61.5710,10.8219,77.1470,61.5710
2026-06-02 14:41:27.523,LIVE,NEW_DATA,10.8219,77.1470,61.5710,10.8219,77.1470,61.5710
2026-06-02 14:41:27.544,LIVE,NEW_DATA,10.8237,77.1470,61.5710,10.8237,77.1470,61.5710
2026-06-02 14:41:27.564,LIVE,NEW_DATA,10.8233,77.1470,61.5710,10.8233,77.1470,61.5710
2026-06-02 14:41:27.585,LIVE,NEW_DATA,10.8188,77.1470,61.5710,10.8188,77.1470,61.5710
2026-06-02 14:41:27.606,LIVE,NEW_DATA,10.8233,77.1470,61.5710,10.8233,77.1470,61.5710
2026-06-02 14:41:27.627,LIVE,NEW_DATA,10.8188,77.1470,61.5710,10.8188,77.1470,61.5710
2026-06-02 14:41:27.647,LIVE,NEW_DATA,10.8150,77.1470,61.5710,10.8150,77.1470,61.5710
2026-06-02 14:41:27.671,LIVE,NEW_DATA,10.8195,77.1470,61.5710,10.8195,77.1470,61.5710
2026-06-02 14:41:27.687,LIVE,NEW_DATA,10.8195,77.1470,61.5710,10.8195,77.1470,61.5710
2026-06-02 14:41:27.708,LIVE,NEW_DATA,10.8417,77.1470,61.5710,10.8417,77.1470,61.5710
2026-06-02 14:41:27.728,LIVE,NEW_DATA,10.8174,77.0783,63.1856,10.8174,77.0783,63.1856
2026-06-02 14:41:27.748,LIVE,NEW_DATA,10.8181,77.0783,63.1856,10.8181,77.0783,63.1856
2026-06-02 14:41:27.768,LIVE,NEW_DATA,10.8164,77.0783,63.1856,10.8164,77.0783,63.1856
2026-06-02 14:41:27.789,LIVE,NEW_DATA,10.8150,77.0783,63.1856,10.8150,77.0783,63.1856
2026-06-02 14:41:27.810,LIVE,NEW_DATA,10.8178,77.0783,63.1856,10.8178,77.0783,63.1856
2026-06-02 14:41:27.830,LIVE,NEW_DATA,10.8164,77.0783,63.1856,10.8164,77.0783,63.1856
2026-06-02 14:41:27.851,LIVE,NEW_DATA,10.8161,77.0783,63.1856,10.8161,77.0783,63.1856
2026-06-02 14:41:27.872,LIVE,NEW_DATA,10.8174,77.0783,63.1856,10.8174,77.0783,63.1856
2026-06-02 14:41:27.892,LIVE,NEW_DATA,10.8129,77.0783,63.1856,10.8129,77.0783,63.1856
2026-06-02 14:41:27.914,LIVE,NEW_DATA,10.8178,77.0783,63.1856,10.8178,77.0783,63.1856
2026-06-02 14:41:27.933,LIVE,NEW_DATA,10.8192,77.0783,63.1856,10.8192,77.0783,63.1856
2026-06-02 14:41:27.954,LIVE,NEW_DATA,10.8164,77.0783,63.1856,10.8164,77.0783,63.1856
2026-06-02 14:41:27.974,LIVE,NEW_DATA,10.8195,77.0783,63.1856,10.8195,77.0783,63.1856
2026-06-02 14:41:27.995,LIVE,NEW_DATA,10.8216,77.0783,63.1856,10.8216,77.0783,63.1856
2026-06-02 14:41:28.015,LIVE,NEW_DATA,10.8150,77.0783,63.1856,10.8150,77.0783,63.1856
2026-06-02 14:41:28.035,LIVE,NEW_DATA,10.8060,77.0783,63.1856,10.8060,77.0783,63.1856
2026-06-02 14:41:28.055,LIVE,NEW_DATA,10.8161,77.0783,63.1856,10.8161,77.0783,63.1856
2026-06-02 14:41:28.076,LIVE,NEW_DATA,10.8136,77.0783,63.1856,10.8136,77.0783,63.1856
2026-06-02 14:41:28.096,LIVE,NEW_DATA,10.8102,77.0783,63.1856,10.8102,77.0783,63.1856
2026-06-02 14:41:28.117,LIVE,NEW_DATA,10.8115,77.0783,63.1856,10.8115,77.0783,63.1856
2026-06-02 14:41:28.138,LIVE,NEW_DATA,10.8102,77.0783,63.1856,10.8102,77.0783,63.1856
2026-06-02 14:41:28.158,LIVE,NEW_DATA,10.8119,77.0783,63.1856,10.8119,77.0783,63.1856
2026-06-02 14:41:28.183,LIVE,NEW_DATA,10.8157,77.0783,63.1856,10.8157,77.0783,63.1856
2026-06-02 14:41:28.199,LIVE,NEW_DATA,10.8122,77.0783,63.1856,10.8122,77.0783,63.1856
2026-06-02 14:41:28.221,LIVE,NEW_DATA,10.8102,77.0783,63.1856,10.8102,77.0783,63.1856
2026-06-02 14:41:28.240,LIVE,NEW_DATA,10.8105,77.1923,64.0154,10.8105,77.1923,64.0154
2026-06-02 14:41:28.260,LIVE,NEW_DATA,10.8074,77.1923,64.0154,10.8074,77.1923,64.0154
2026-06-02 14:41:28.280,LIVE,NEW_DATA,10.8105,77.1923,64.0154,10.8105,77.1923,64.0154
2026-06-02 14:41:28.302,LIVE,NEW_DATA,10.8112,77.1923,64.0154,10.8112,77.1923,64.0154
2026-06-02 14:41:28.323,LIVE,NEW_DATA,10.8046,77.1923,64.0154,10.8046,77.1923,64.0154
2026-06-02 14:41:28.343,LIVE,NEW_DATA,10.8095,77.1923,64.0154,10.8095,77.1923,64.0154
2026-06-02 14:41:28.363,LIVE,NEW_DATA,10.8088,77.1923,64.0154,10.8088,77.1923,64.0154
2026-06-02 14:41:28.384,LIVE,NEW_DATA,10.8077,77.1923,64.0154,10.8077,77.1923,64.0154
2026-06-02 14:41:28.405,LIVE,NEW_DATA,10.8053,77.1923,64.0154,10.8053,77.1923,64.0154
2026-06-02 14:41:28.425,LIVE,NEW_DATA,10.8060,77.1923,64.0154,10.8060,77.1923,64.0154
2026-06-02 14:41:28.445,LIVE,NEW_DATA,10.8136,77.1923,64.0154,10.8136,77.1923,64.0154
2026-06-02 14:41:28.465,LIVE,NEW_DATA,10.8088,77.1923,64.0154,10.8088,77.1923,64.0154
2026-06-02 14:41:28.486,LIVE,NEW_DATA,10.8018,77.1923,64.0154,10.8018,77.1923,64.0154
2026-06-02 14:41:28.506,LIVE,NEW_DATA,10.7991,77.1923,64.0154,10.7991,77.1923,64.0154
2026-06-02 14:41:28.526,LIVE,NEW_DATA,10.8004,77.1923,64.0154,10.8004,77.1923,64.0154
2026-06-02 14:41:28.546,LIVE,NEW_DATA,10.8018,77.1923,64.0154,10.8018,77.1923,64.0154
2026-06-02 14:41:28.566,LIVE,NEW_DATA,10.7991,77.1923,64.0154,10.7991,77.1923,64.0154
2026-06-02 14:41:28.587,LIVE,NEW_DATA,10.7991,77.1923,64.0154,10.7991,77.1923,64.0154
2026-06-02 14:41:28.608,LIVE,NEW_DATA,10.7991,77.1923,64.0154,10.7991,77.1923,64.0154
2026-06-02 14:41:28.628,LIVE,NEW_DATA,10.7963,77.1923,64.0154,10.7963,77.1923,64.0154
2026-06-02 14:41:28.648,LIVE,NEW_DATA,10.8036,77.1923,64.0154,10.8036,77.1923,64.0154
2026-06-02 14:41:28.668,LIVE,NEW_DATA,10.8063,77.1923,64.0154,10.8063,77.1923,64.0154
2026-06-02 14:41:28.692,LIVE,NEW_DATA,10.8053,77.1923,64.0154,10.8053,77.1923,64.0154
2026-06-02 14:41:28.709,LIVE,NEW_DATA,10.8077,77.1923,64.0154,10.8077,77.1923,64.0154
2026-06-02 14:41:28.729,LIVE,NEW_DATA,10.7994,77.1531,64.3338,10.7994,77.1531,64.3338
2026-06-02 14:41:28.749,LIVE,NEW_DATA,10.8004,77.1531,64.3338,10.8004,77.1531,64.3338
2026-06-02 14:41:28.770,LIVE,NEW_DATA,10.7977,77.1531,64.3338,10.7977,77.1531,64.3338
2026-06-02 14:41:28.790,LIVE,NEW_DATA,10.7966,77.1531,64.3338,10.7966,77.1531,64.3338
2026-06-02 14:41:28.810,LIVE,NEW_DATA,10.7949,77.1531,64.3338,10.7949,77.1531,64.3338
2026-06-02 14:41:28.831,LIVE,NEW_DATA,10.8001,77.1531,64.3338,10.8001,77.1531,64.3338
2026-06-02 14:41:28.851,LIVE,NEW_DATA,10.7918,77.1531,64.3338,10.7918,77.1531,64.3338
2026-06-02 14:41:28.871,LIVE,NEW_DATA,10.7949,77.1531,64.3338,10.7949,77.1531,64.3338
2026-06-02 14:41:28.892,LIVE,NEW_DATA,10.7946,77.1531,64.3338,10.7946,77.1531,64.3338
2026-06-02 14:41:28.913,LIVE,NEW_DATA,10.7935,77.1531,64.3338,10.7935,77.1531,64.3338
2026-06-02 14:41:28.933,LIVE,NEW_DATA,10.7890,77.1531,64.3338,10.7890,77.1531,64.3338
2026-06-02 14:41:28.953,LIVE,NEW_DATA,10.7939,77.1531,64.3338,10.7939,77.1531,64.3338
2026-06-02 14:41:28.974,LIVE,NEW_DATA,10.7942,77.1531,64.3338,10.7942,77.1531,64.3338
2026-06-02 14:41:28.994,LIVE,NEW_DATA,10.7887,77.1531,64.3338,10.7887,77.1531,64.3338
2026-06-02 14:41:29.015,LIVE,NEW_DATA,10.7956,77.1531,64.3338,10.7956,77.1531,64.3338
2026-06-02 14:41:29.036,LIVE,NEW_DATA,10.7907,77.1531,64.3338,10.7907,77.1531,64.3338
2026-06-02 14:41:29.056,LIVE,NEW_DATA,10.7921,77.1531,64.3338,10.7921,77.1531,64.3338
2026-06-02 14:41:29.076,LIVE,NEW_DATA,10.7890,77.1531,64.3338,10.7890,77.1531,64.3338
2026-06-02 14:41:29.097,LIVE,NEW_DATA,10.7925,77.1531,64.3338,10.7925,77.1531,64.3338
2026-06-02 14:41:29.118,LIVE,NEW_DATA,10.7935,77.1531,64.3338,10.7935,77.1531,64.3338
2026-06-02 14:41:29.138,LIVE,NEW_DATA,10.7887,77.1531,64.3338,10.7887,77.1531,64.3338
2026-06-02 14:41:29.158,LIVE,NEW_DATA,10.7859,77.1531,64.3338,10.7859,77.1531,64.3338
2026-06-02 14:41:29.179,LIVE,NEW_DATA,10.7890,77.1531,64.3338,10.7890,77.1531,64.3338
2026-06-02 14:41:29.203,LIVE,NEW_DATA,10.8133,77.1531,64.3338,10.8133,77.1531,64.3338
2026-06-02 14:41:29.220,LIVE,NEW_DATA,10.7890,77.1531,64.3338,10.7890,77.1531,64.3338
2026-06-02 14:41:29.241,LIVE,NEW_DATA,10.7869,77.2461,63.9190,10.7869,77.2461,63.9190
2026-06-02 14:41:29.261,LIVE,NEW_DATA,10.7890,77.2461,63.9190,10.7890,77.2461,63.9190
2026-06-02 14:41:29.282,LIVE,NEW_DATA,10.7911,77.2461,63.9190,10.7911,77.2461,63.9190
2026-06-02 14:41:29.304,LIVE,NEW_DATA,10.7880,77.2461,63.9190,10.7880,77.2461,63.9190
2026-06-02 14:41:29.324,LIVE,NEW_DATA,10.7880,77.2461,63.9190,10.7880,77.2461,63.9190
2026-06-02 14:41:29.344,LIVE,NEW_DATA,10.7887,77.2461,63.9190,10.7887,77.2461,63.9190
2026-06-02 14:41:29.364,LIVE,NEW_DATA,10.7911,77.2461,63.9190,10.7911,77.2461,63.9190
2026-06-02 14:41:29.385,LIVE,NEW_DATA,10.7883,77.2461,63.9190,10.7883,77.2461,63.9190
2026-06-02 14:41:29.405,LIVE,NEW_DATA,10.7869,77.2461,63.9190,10.7869,77.2461,63.9190
2026-06-02 14:41:29.426,LIVE,NEW_DATA,10.7921,77.2461,63.9190,10.7921,77.2461,63.9190
2026-06-02 14:41:29.446,LIVE,NEW_DATA,10.7966,77.2461,63.9190,10.7966,77.2461,63.9190
2026-06-02 14:41:29.466,LIVE,NEW_DATA,10.7946,77.2461,63.9190,10.7946,77.2461,63.9190
2026-06-02 14:41:29.487,LIVE,NEW_DATA,10.7935,77.2461,63.9190,10.7935,77.2461,63.9190
2026-06-02 14:41:29.507,LIVE,NEW_DATA,10.7942,77.2461,63.9190,10.7942,77.2461,63.9190
2026-06-02 14:41:29.528,LIVE,NEW_DATA,10.7866,77.2461,63.9190,10.7866,77.2461,63.9190
2026-06-02 14:41:29.549,LIVE,NEW_DATA,10.7852,77.2461,63.9190,10.7852,77.2461,63.9190
2026-06-02 14:41:29.569,LIVE,NEW_DATA,10.7887,77.2461,63.9190,10.7887,77.2461,63.9190
2026-06-02 14:41:29.589,LIVE,NEW_DATA,10.7880,77.2461,63.9190,10.7880,77.2461,63.9190
2026-06-02 14:41:29.611,LIVE,NEW_DATA,10.7890,77.2461,63.9190,10.7890,77.2461,63.9190
2026-06-02 14:41:29.631,LIVE,NEW_DATA,10.7925,77.2461,63.9190,10.7925,77.2461,63.9190
2026-06-02 14:41:29.651,LIVE,NEW_DATA,10.7890,77.2461,63.9190,10.7890,77.2461,63.9190
2026-06-02 14:41:29.671,LIVE,NEW_DATA,10.7890,77.2461,63.9190,10.7890,77.2461,63.9190
2026-06-02 14:41:29.691,LIVE,NEW_DATA,10.7890,77.2461,63.9190,10.7890,77.2461,63.9190
2026-06-02 14:41:29.714,LIVE,NEW_DATA,10.7862,77.2461,63.9190,10.7862,77.2461,63.9190
2026-06-02 14:41:29.733,LIVE,NEW_DATA,10.7935,77.3047,63.9156,10.7935,77.3047,63.9156
2026-06-02 14:41:29.753,LIVE,NEW_DATA,10.7880,77.3047,63.9156,10.7880,77.3047,63.9156
2026-06-02 14:41:29.773,LIVE,NEW_DATA,10.7911,77.3047,63.9156,10.7911,77.3047,63.9156
2026-06-02 14:41:29.793,LIVE,NEW_DATA,10.7935,77.3047,63.9156,10.7935,77.3047,63.9156
2026-06-02 14:41:29.814,LIVE,NEW_DATA,10.7966,77.3047,63.9156,10.7966,77.3047,63.9156
2026-06-02 14:41:29.834,LIVE,NEW_DATA,10.7907,77.3047,63.9156,10.7907,77.3047,63.9156
2026-06-02 14:41:29.854,LIVE,NEW_DATA,10.7914,77.3047,63.9156,10.7914,77.3047,63.9156
2026-06-02 14:41:29.875,LIVE,NEW_DATA,10.7890,77.3047,63.9156,10.7890,77.3047,63.9156
2026-06-02 14:41:29.895,LIVE,NEW_DATA,10.7935,77.3047,63.9156,10.7935,77.3047,63.9156
2026-06-02 14:41:29.915,LIVE,NEW_DATA,10.7949,77.3047,63.9156,10.7949,77.3047,63.9156
2026-06-02 14:41:29.936,LIVE,NEW_DATA,10.7921,77.3047,63.9156,10.7921,77.3047,63.9156
2026-06-02 14:41:29.956,LIVE,NEW_DATA,10.8251,77.3047,63.9156,10.8251,77.3047,63.9156
2026-06-02 14:41:29.976,LIVE,NEW_DATA,10.7956,77.3047,63.9156,10.7956,77.3047,63.9156
2026-06-02 14:41:29.997,LIVE,NEW_DATA,10.7952,77.3047,63.9156,10.7952,77.3047,63.9156
2026-06-02 14:41:30.018,LIVE,NEW_DATA,10.7928,77.3047,63.9156,10.7928,77.3047,63.9156
2026-06-02 14:41:30.039,LIVE,NEW_DATA,10.7935,77.3047,63.9156,10.7935,77.3047,63.9156
2026-06-02 14:41:30.061,LIVE,NEW_DATA,10.7949,77.3047,63.9156,10.7949,77.3047,63.9156
2026-06-02 14:41:30.082,LIVE,NEW_DATA,10.7991,77.3047,63.9156,10.7991,77.3047,63.9156
2026-06-02 14:41:30.102,LIVE,NEW_DATA,10.7949,77.3047,63.9156,10.7949,77.3047,63.9156
2026-06-02 14:41:30.123,LIVE,NEW_DATA,10.7994,77.3047,63.9156,10.7994,77.3047,63.9156
2026-06-02 14:41:30.143,LIVE,NEW_DATA,10.8039,77.3047,63.9156,10.8039,77.3047,63.9156
2026-06-02 14:41:30.163,LIVE,NEW_DATA,10.8046,77.3047,63.9156,10.8046,77.3047,63.9156
2026-06-02 14:41:30.183,LIVE,NEW_DATA,10.8046,77.3047,63.9156,10.8046,77.3047,63.9156
2026-06-02 14:41:30.204,LIVE,NEW_DATA,10.8036,77.3047,63.9156,10.8036,77.3047,63.9156
2026-06-02 14:41:30.228,LIVE,NEW_DATA,10.8046,77.3047,63.9156,10.8046,77.3047,63.9156
2026-06-02 14:41:30.246,LIVE,NEW_DATA,10.8046,77.3944,64.3397,10.8046,77.3944,64.3397
2026-06-02 14:41:30.266,LIVE,NEW_DATA,10.8011,77.3944,64.3397,10.8011,77.3944,64.3397
2026-06-02 14:41:30.287,LIVE,NEW_DATA,10.8018,77.3944,64.3397,10.8018,77.3944,64.3397
2026-06-02 14:41:30.307,LIVE,NEW_DATA,10.7966,77.3944,64.3397,10.7966,77.3944,64.3397
2026-06-02 14:41:30.328,LIVE,NEW_DATA,10.8004,77.3944,64.3397,10.8004,77.3944,64.3397
2026-06-02 14:41:30.348,LIVE,NEW_DATA,10.7949,77.3944,64.3397,10.7949,77.3944,64.3397
2026-06-02 14:41:30.370,LIVE,NEW_DATA,10.8004,77.3944,64.3397,10.8004,77.3944,64.3397
2026-06-02 14:41:30.390,LIVE,NEW_DATA,10.8018,77.3944,64.3397,10.8018,77.3944,64.3397
2026-06-02 14:41:30.410,LIVE,NEW_DATA,10.8056,77.3944,64.3397,10.8056,77.3944,64.3397
2026-06-02 14:41:30.430,LIVE,NEW_DATA,10.7973,77.3944,64.3397,10.7973,77.3944,64.3397
2026-06-02 14:41:30.451,LIVE,NEW_DATA,10.8018,77.3944,64.3397,10.8018,77.3944,64.3397
2026-06-02 14:41:30.471,LIVE,NEW_DATA,10.7980,77.3944,64.3397,10.7980,77.3944,64.3397
2026-06-02 14:41:30.492,LIVE,NEW_DATA,10.7991,77.3944,64.3397,10.7991,77.3944,64.3397
2026-06-02 14:41:30.512,LIVE,NEW_DATA,10.8029,77.3944,64.3397,10.8029,77.3944,64.3397
2026-06-02 14:41:30.532,LIVE,NEW_DATA,10.7994,77.3944,64.3397,10.7994,77.3944,64.3397
2026-06-02 14:41:30.552,LIVE,NEW_DATA,10.8036,77.3944,64.3397,10.8036,77.3944,64.3397
2026-06-02 14:41:30.572,LIVE,NEW_DATA,10.7977,77.3944,64.3397,10.7977,77.3944,64.3397
2026-06-02 14:41:30.592,LIVE,NEW_DATA,10.8022,77.3944,64.3397,10.8022,77.3944,64.3397
2026-06-02 14:41:30.613,LIVE,NEW_DATA,10.8039,77.3944,64.3397,10.8039,77.3944,64.3397
2026-06-02 14:41:30.633,LIVE,NEW_DATA,10.8018,77.3944,64.3397,10.8018,77.3944,64.3397
2026-06-02 14:41:30.654,LIVE,NEW_DATA,10.8046,77.3944,64.3397,10.8046,77.3944,64.3397
2026-06-02 14:41:30.675,LIVE,NEW_DATA,10.7998,77.3944,64.3397,10.7998,77.3944,64.3397
2026-06-02 14:41:30.694,LIVE,NEW_DATA,10.7998,77.3944,64.3397,10.7998,77.3944,64.3397
2026-06-02 14:41:30.715,LIVE,NEW_DATA,10.8001,77.3944,64.3397,10.8001,77.3944,64.3397
2026-06-02 14:41:30.741,LIVE,NEW_DATA,10.8129,77.2488,64.0688,10.8129,77.2488,64.0688
2026-06-02 14:41:30.757,LIVE,NEW_DATA,10.8226,77.2488,64.0688,10.8226,77.2488,64.0688
2026-06-02 14:41:30.777,LIVE,NEW_DATA,10.8001,77.2488,64.0688,10.8001,77.2488,64.0688
2026-06-02 14:41:30.799,LIVE,NEW_DATA,10.8008,77.2488,64.0688,10.8008,77.2488,64.0688
2026-06-02 14:41:30.819,LIVE,NEW_DATA,10.8004,77.2488,64.0688,10.8004,77.2488,64.0688
2026-06-02 14:41:30.840,LIVE,NEW_DATA,10.7984,77.2488,64.0688,10.7984,77.2488,64.0688
2026-06-02 14:41:30.860,LIVE,NEW_DATA,10.7973,77.2488,64.0688,10.7973,77.2488,64.0688
2026-06-02 14:41:30.882,LIVE,NEW_DATA,10.8011,77.2488,64.0688,10.8011,77.2488,64.0688
2026-06-02 14:41:30.903,LIVE,NEW_DATA,10.8025,77.2488,64.0688,10.8025,77.2488,64.0688
2026-06-02 14:41:30.924,LIVE,NEW_DATA,10.8004,77.2488,64.0688,10.8004,77.2488,64.0688
2026-06-02 14:41:30.945,LIVE,NEW_DATA,10.8029,77.2488,64.0688,10.8029,77.2488,64.0688
2026-06-02 14:41:30.966,LIVE,NEW_DATA,10.8056,77.2488,64.0688,10.8056,77.2488,64.0688
2026-06-02 14:41:30.987,LIVE,NEW_DATA,10.8032,77.2488,64.0688,10.8032,77.2488,64.0688
2026-06-02 14:41:31.008,LIVE,NEW_DATA,10.8046,77.2488,64.0688,10.8046,77.2488,64.0688
2026-06-02 14:41:31.028,LIVE,NEW_DATA,10.8050,77.2488,64.0688,10.8050,77.2488,64.0688
2026-06-02 14:41:31.049,LIVE,NEW_DATA,10.8022,77.2488,64.0688,10.8022,77.2488,64.0688
2026-06-02 14:41:31.070,LIVE,NEW_DATA,10.8018,77.2488,64.0688,10.8018,77.2488,64.0688
2026-06-02 14:41:31.090,LIVE,NEW_DATA,10.7984,77.2488,64.0688,10.7984,77.2488,64.0688
2026-06-02 14:41:31.110,LIVE,NEW_DATA,10.7966,77.2488,64.0688,10.7966,77.2488,64.0688
2026-06-02 14:41:31.131,LIVE,NEW_DATA,10.7949,77.2488,64.0688,10.7949,77.2488,64.0688
2026-06-02 14:41:31.153,LIVE,NEW_DATA,10.8022,77.2488,64.0688,10.8022,77.2488,64.0688
2026-06-02 14:41:31.173,LIVE,NEW_DATA,10.7977,77.2488,64.0688,10.7977,77.2488,64.0688
2026-06-02 14:41:31.195,LIVE,NEW_DATA,10.7998,77.2488,64.0688,10.7998,77.2488,64.0688
2026-06-02 14:41:31.215,LIVE,NEW_DATA,10.8001,77.2488,64.0688,10.8001,77.2488,64.0688
2026-06-02 14:41:31.236,LIVE,NEW_DATA,10.7963,77.1183,64.1992,10.7963,77.1183,64.1992
2026-06-02 14:41:31.261,LIVE,NEW_DATA,10.7994,77.1183,64.1992,10.7994,77.1183,64.1992
2026-06-02 14:41:31.278,LIVE,NEW_DATA,10.7973,77.1183,64.1992,10.7973,77.1183,64.1992
2026-06-02 14:41:31.299,LIVE,NEW_DATA,10.7952,77.1183,64.1992,10.7952,77.1183,64.1992
2026-06-02 14:41:31.320,LIVE,NEW_DATA,10.7970,77.1183,64.1992,10.7970,77.1183,64.1992
2026-06-02 14:41:31.340,LIVE,NEW_DATA,10.7970,77.1183,64.1992,10.7970,77.1183,64.1992
2026-06-02 14:41:31.361,LIVE,NEW_DATA,10.7977,77.1183,64.1992,10.7977,77.1183,64.1992
2026-06-02 14:41:31.383,LIVE,NEW_DATA,10.7935,77.1183,64.1992,10.7935,77.1183,64.1992
2026-06-02 14:41:31.404,LIVE,NEW_DATA,10.7946,77.1183,64.1992,10.7946,77.1183,64.1992
2026-06-02 14:41:31.424,LIVE,NEW_DATA,10.7984,77.1183,64.1992,10.7984,77.1183,64.1992
2026-06-02 14:41:31.444,LIVE,NEW_DATA,10.7928,77.1183,64.1992,10.7928,77.1183,64.1992
2026-06-02 14:41:31.464,LIVE,NEW_DATA,10.7946,77.1183,64.1992,10.7946,77.1183,64.1992
2026-06-02 14:41:31.485,LIVE,NEW_DATA,10.7900,77.1183,64.1992,10.7900,77.1183,64.1992
2026-06-02 14:41:31.506,LIVE,NEW_DATA,10.7946,77.1183,64.1992,10.7946,77.1183,64.1992
2026-06-02 14:41:31.527,LIVE,NEW_DATA,10.7914,77.1183,64.1992,10.7914,77.1183,64.1992
2026-06-02 14:41:31.548,LIVE,NEW_DATA,10.7959,77.1183,64.1992,10.7959,77.1183,64.1992
2026-06-02 14:41:31.568,LIVE,NEW_DATA,10.8088,77.1183,64.1992,10.8088,77.1183,64.1992
2026-06-02 14:41:31.588,LIVE,NEW_DATA,10.7914,77.1183,64.1992,10.7914,77.1183,64.1992
2026-06-02 14:41:31.609,LIVE,NEW_DATA,10.7907,77.1183,64.1992,10.7907,77.1183,64.1992
2026-06-02 14:41:31.629,LIVE,NEW_DATA,10.7963,77.1183,64.1992,10.7963,77.1183,64.1992
2026-06-02 14:41:31.650,LIVE,NEW_DATA,10.7939,77.1183,64.1992,10.7939,77.1183,64.1992
2026-06-02 14:41:31.671,LIVE,NEW_DATA,10.7935,77.1183,64.1992,10.7935,77.1183,64.1992
2026-06-02 14:41:31.691,LIVE,NEW_DATA,10.7907,77.1183,64.1992,10.7907,77.1183,64.1992
2026-06-02 14:41:31.711,LIVE,NEW_DATA,10.7900,77.1183,64.1992,10.7900,77.1183,64.1992
2026-06-02 14:41:31.732,LIVE,NEW_DATA,10.7939,77.3369,64.6366,10.7939,77.3369,64.6366
2026-06-02 14:41:31.752,LIVE,NEW_DATA,10.7907,77.3369,64.6366,10.7907,77.3369,64.6366
2026-06-02 14:41:31.777,LIVE,NEW_DATA,10.7963,77.3369,64.6366,10.7963,77.3369,64.6366
2026-06-02 14:41:31.796,LIVE,NEW_DATA,10.7966,77.3369,64.6366,10.7966,77.3369,64.6366
2026-06-02 14:41:31.825,LIVE,NEW_DATA,10.7984,77.3369,64.6366,10.7984,77.3369,64.6366
2026-06-02 14:41:31.857,LIVE,NEW_DATA,10.7959,77.3369,64.6366,10.7959,77.3369,64.6366
2026-06-02 14:41:31.889,LIVE,NEW_DATA,10.7890,77.3369,64.6366,10.7890,77.3369,64.6366
2026-06-02 14:41:31.922,LIVE,NEW_DATA,10.7859,77.3369,64.6366,10.7859,77.3369,64.6366
2026-06-02 14:41:31.952,LIVE,NEW_DATA,10.7855,77.3369,64.6366,10.7855,77.3369,64.6366
2026-06-02 14:41:31.983,LIVE,NEW_DATA,10.7866,77.3369,64.6366,10.7866,77.3369,64.6366
2026-06-02 14:41:32.014,LIVE,NEW_DATA,10.7835,77.3369,64.6366,10.7835,77.3369,64.6366
2026-06-02 14:41:32.046,LIVE,NEW_DATA,10.7866,77.3369,64.6366,10.7866,77.3369,64.6366
2026-06-02 14:41:32.078,LIVE,NEW_DATA,10.7845,77.3369,64.6366,10.7845,77.3369,64.6366
2026-06-02 14:41:32.110,LIVE,NEW_DATA,10.7855,77.3369,64.6366,10.7855,77.3369,64.6366
2026-06-02 14:41:32.141,LIVE,NEW_DATA,10.7859,77.3369,64.6366,10.7859,77.3369,64.6366
2026-06-02 14:41:32.174,LIVE,NEW_DATA,10.7807,77.3369,64.6366,10.7807,77.3369,64.6366
2026-06-02 14:41:32.204,LIVE,NEW_DATA,10.7810,77.3369,64.6366,10.7810,77.3369,64.6366
2026-06-02 14:41:32.236,LIVE,NEW_DATA,10.7835,77.3369,64.6366,10.7835,77.3369,64.6366
2026-06-02 14:41:32.268,LIVE,NEW_DATA,10.7835,77.3185,64.4276,10.7835,77.3185,64.4276
2026-06-02 14:41:32.298,LIVE,NEW_DATA,10.7800,77.3185,64.4276,10.7800,77.3185,64.4276
2026-06-02 14:41:32.331,LIVE,NEW_DATA,10.7769,77.3185,64.4276,10.7769,77.3185,64.4276
2026-06-02 14:41:32.362,LIVE,NEW_DATA,10.7866,77.3185,64.4276,10.7866,77.3185,64.4276
2026-06-02 14:41:32.395,LIVE,NEW_DATA,10.7807,77.3185,64.4276,10.7807,77.3185,64.4276
2026-06-02 14:41:32.426,LIVE,NEW_DATA,10.7744,77.3185,64.4276,10.7744,77.3185,64.4276
2026-06-02 14:41:32.457,LIVE,NEW_DATA,10.7776,77.3185,64.4276,10.7776,77.3185,64.4276
2026-06-02 14:41:32.489,LIVE,NEW_DATA,10.7776,77.3185,64.4276,10.7776,77.3185,64.4276
2026-06-02 14:41:32.520,LIVE,NEW_DATA,10.7779,77.3185,64.4276,10.7779,77.3185,64.4276
2026-06-02 14:41:32.555,LIVE,NEW_DATA,10.7779,77.3185,64.4276,10.7779,77.3185,64.4276
2026-06-02 14:41:32.582,LIVE,NEW_DATA,10.7783,77.3185,64.4276,10.7783,77.3185,64.4276
2026-06-02 14:41:32.615,LIVE,NEW_DATA,10.7800,77.3185,64.4276,10.7800,77.3185,64.4276
2026-06-02 14:41:32.646,LIVE,NEW_DATA,10.7817,77.3185,64.4276,10.7817,77.3185,64.4276
2026-06-02 14:41:32.678,LIVE,NEW_DATA,10.7720,77.3185,64.4276,10.7720,77.3185,64.4276
2026-06-02 14:41:32.709,LIVE,NEW_DATA,10.7772,77.3185,64.4276,10.7772,77.3185,64.4276
2026-06-02 14:41:32.741,LIVE,NEW_DATA,10.7717,77.3185,64.4276,10.7717,77.3185,64.4276
2026-06-02 14:41:32.772,LIVE,NEW_DATA,10.7727,77.1715,64.4373,10.7727,77.1715,64.4373
2026-06-02 14:41:32.803,LIVE,NEW_DATA,10.7713,77.1715,64.4373,10.7713,77.1715,64.4373
2026-06-02 14:41:32.836,LIVE,NEW_DATA,10.7741,77.1715,64.4373,10.7741,77.1715,64.4373
2026-06-02 14:41:32.868,LIVE,NEW_DATA,10.7734,77.1715,64.4373,10.7734,77.1715,64.4373
2026-06-02 14:41:32.898,LIVE,NEW_DATA,10.7696,77.1715,64.4373,10.7696,77.1715,64.4373
2026-06-02 14:41:32.930,LIVE,NEW_DATA,10.7724,77.1715,64.4373,10.7724,77.1715,64.4373
2026-06-02 14:41:32.961,LIVE,NEW_DATA,10.7685,77.1715,64.4373,10.7685,77.1715,64.4373
2026-06-02 14:41:32.993,LIVE,NEW_DATA,10.7644,77.1715,64.4373,10.7644,77.1715,64.4373
2026-06-02 14:41:33.024,LIVE,NEW_DATA,10.7699,77.1715,64.4373,10.7699,77.1715,64.4373
2026-06-02 14:41:33.057,LIVE,NEW_DATA,10.7651,77.1715,64.4373,10.7651,77.1715,64.4373
2026-06-02 14:41:33.089,LIVE,NEW_DATA,10.7661,77.1715,64.4373,10.7661,77.1715,64.4373
2026-06-02 14:41:33.120,LIVE,NEW_DATA,10.7651,77.1715,64.4373,10.7651,77.1715,64.4373
2026-06-02 14:41:33.151,LIVE,NEW_DATA,10.7873,77.1715,64.4373,10.7873,77.1715,64.4373
2026-06-02 14:41:33.181,LIVE,NEW_DATA,10.7616,77.1715,64.4373,10.7616,77.1715,64.4373
2026-06-02 14:41:33.213,LIVE,NEW_DATA,10.7637,77.1715,64.4373,10.7637,77.1715,64.4373
2026-06-02 14:41:33.246,LIVE,NEW_DATA,10.7602,77.3894,64.8828,10.7602,77.3894,64.8828
2026-06-02 14:41:33.277,LIVE,NEW_DATA,10.7602,77.3894,64.8828,10.7602,77.3894,64.8828
2026-06-02 14:41:33.308,LIVE,NEW_DATA,10.7609,77.3894,64.8828,10.7609,77.3894,64.8828
2026-06-02 14:41:33.345,LIVE,NEW_DATA,10.7623,77.3894,64.8828,10.7623,77.3894,64.8828
2026-06-02 14:41:33.371,LIVE,NEW_DATA,10.7644,77.3894,64.8828,10.7644,77.3894,64.8828
2026-06-02 14:41:33.404,LIVE,NEW_DATA,10.7651,77.3894,64.8828,10.7651,77.3894,64.8828
2026-06-02 14:41:33.436,LIVE,NEW_DATA,10.7616,77.3894,64.8828,10.7616,77.3894,64.8828
2026-06-02 14:41:33.465,LIVE,NEW_DATA,10.7554,77.3894,64.8828,10.7554,77.3894,64.8828
2026-06-02 14:41:33.498,LIVE,NEW_DATA,10.7585,77.3894,64.8828,10.7585,77.3894,64.8828
2026-06-02 14:41:33.528,LIVE,NEW_DATA,10.7529,77.3894,64.8828,10.7529,77.3894,64.8828
2026-06-02 14:41:33.559,LIVE,NEW_DATA,10.7557,77.3894,64.8828,10.7557,77.3894,64.8828
2026-06-02 14:41:33.591,LIVE,NEW_DATA,10.7519,77.3894,64.8828,10.7519,77.3894,64.8828
2026-06-02 14:41:33.623,LIVE,NEW_DATA,10.7502,77.3894,64.8828,10.7502,77.3894,64.8828
2026-06-02 14:41:33.655,LIVE,NEW_DATA,10.7491,77.3894,64.8828,10.7491,77.3894,64.8828
2026-06-02 14:41:33.686,LIVE,NEW_DATA,10.7446,77.3894,64.8828,10.7446,77.3894,64.8828
2026-06-02 14:41:33.717,LIVE,NEW_DATA,10.7481,77.3894,64.8828,10.7481,77.3894,64.8828
2026-06-02 14:41:33.749,LIVE,NEW_DATA,10.7495,77.5702,64.8312,10.7495,77.5702,64.8312
2026-06-02 14:41:33.780,LIVE,NEW_DATA,10.7415,77.5702,64.8312,10.7415,77.5702,64.8312
2026-06-02 14:41:33.810,LIVE,NEW_DATA,10.7477,77.5702,64.8312,10.7477,77.5702,64.8312
2026-06-02 14:41:33.842,LIVE,NEW_DATA,10.7432,77.5702,64.8312,10.7432,77.5702,64.8312
2026-06-02 14:41:33.875,LIVE,NEW_DATA,10.7436,77.5702,64.8312,10.7436,77.5702,64.8312
2026-06-02 14:41:33.906,LIVE,NEW_DATA,10.7408,77.5702,64.8312,10.7408,77.5702,64.8312
2026-06-02 14:41:33.938,LIVE,NEW_DATA,10.7640,77.5702,64.8312,10.7640,77.5702,64.8312
2026-06-02 14:41:33.970,LIVE,NEW_DATA,10.7436,77.5702,64.8312,10.7436,77.5702,64.8312
2026-06-02 14:41:34.000,LIVE,NEW_DATA,10.7401,77.5702,64.8312,10.7401,77.5702,64.8312
2026-06-02 14:41:34.032,LIVE,NEW_DATA,10.7415,77.5702,64.8312,10.7415,77.5702,64.8312
2026-06-02 14:41:34.065,LIVE,NEW_DATA,10.7425,77.5702,64.8312,10.7425,77.5702,64.8312
2026-06-02 14:41:34.095,LIVE,NEW_DATA,10.7398,77.5702,64.8312,10.7398,77.5702,64.8312
2026-06-02 14:41:34.130,LIVE,NEW_DATA,10.7408,77.5702,64.8312,10.7408,77.5702,64.8312
2026-06-02 14:41:34.158,LIVE,NEW_DATA,10.7436,77.5702,64.8312,10.7436,77.5702,64.8312
2026-06-02 14:41:34.189,LIVE,NEW_DATA,10.7495,77.5702,64.8312,10.7495,77.5702,64.8312
2026-06-02 14:41:34.221,LIVE,NEW_DATA,10.7415,77.5702,64.8312,10.7415,77.5702,64.8312
2026-06-02 14:41:34.253,LIVE,NEW_DATA,10.7408,77.6671,64.7260,10.7408,77.6671,64.7260
2026-06-02 14:41:34.284,LIVE,NEW_DATA,10.7380,77.6671,64.7260,10.7380,77.6671,64.7260
2026-06-02 14:41:34.316,LIVE,NEW_DATA,10.7325,77.6671,64.7260,10.7325,77.6671,64.7260
2026-06-02 14:41:34.346,LIVE,NEW_DATA,10.7391,77.6671,64.7260,10.7391,77.6671,64.7260
2026-06-02 14:41:34.379,LIVE,NEW_DATA,10.7363,77.6671,64.7260,10.7363,77.6671,64.7260
2026-06-02 14:41:34.412,LIVE,NEW_DATA,10.7356,77.6671,64.7260,10.7356,77.6671,64.7260
2026-06-02 14:41:34.443,LIVE,NEW_DATA,10.7353,77.6671,64.7260,10.7353,77.6671,64.7260
2026-06-02 14:41:34.474,LIVE,NEW_DATA,10.7370,77.6671,64.7260,10.7370,77.6671,64.7260
2026-06-02 14:41:34.505,LIVE,NEW_DATA,10.7297,77.6671,64.7260,10.7297,77.6671,64.7260
2026-06-02 14:41:34.537,LIVE,NEW_DATA,10.7380,77.6671,64.7260,10.7380,77.6671,64.7260
2026-06-02 14:41:34.570,LIVE,NEW_DATA,10.7287,77.6671,64.7260,10.7287,77.6671,64.7260
2026-06-02 14:41:34.590,LIVE,NEW_DATA,10.7328,77.6671,64.7260,10.7328,77.6671,64.7260
2026-06-02 14:41:34.610,LIVE,NEW_DATA,10.7332,77.6671,64.7260,10.7332,77.6671,64.7260
2026-06-02 14:41:34.631,LIVE,NEW_DATA,10.7304,77.6671,64.7260,10.7304,77.6671,64.7260
2026-06-02 14:41:34.652,LIVE,NEW_DATA,10.7287,77.6671,64.7260,10.7287,77.6671,64.7260
2026-06-02 14:41:34.672,LIVE,NEW_DATA,10.7269,77.6671,64.7260,10.7269,77.6671,64.7260
2026-06-02 14:41:34.693,LIVE,NEW_DATA,10.7294,77.6671,64.7260,10.7294,77.6671,64.7260
2026-06-02 14:41:34.713,LIVE,NEW_DATA,10.7353,77.6671,64.7260,10.7353,77.6671,64.7260
2026-06-02 14:41:34.734,LIVE,NEW_DATA,10.7446,77.5373,65.6892,10.7446,77.5373,65.6892
2026-06-02 14:41:34.754,LIVE,NEW_DATA,10.7332,77.5373,65.6892,10.7332,77.5373,65.6892
2026-06-02 14:41:34.774,LIVE,NEW_DATA,10.7245,77.5373,65.6892,10.7245,77.5373,65.6892
2026-06-02 14:41:34.798,LIVE,NEW_DATA,10.7294,77.5373,65.6892,10.7294,77.5373,65.6892
2026-06-02 14:41:34.816,LIVE,NEW_DATA,10.7262,77.5373,65.6892,10.7262,77.5373,65.6892
2026-06-02 14:41:34.836,LIVE,NEW_DATA,10.7311,77.5373,65.6892,10.7311,77.5373,65.6892
2026-06-02 14:41:34.857,LIVE,NEW_DATA,10.7269,77.5373,65.6892,10.7269,77.5373,65.6892
2026-06-02 14:41:34.877,LIVE,NEW_DATA,10.7287,77.5373,65.6892,10.7287,77.5373,65.6892
2026-06-02 14:41:34.897,LIVE,NEW_DATA,10.7311,77.5373,65.6892,10.7311,77.5373,65.6892
2026-06-02 14:41:34.918,LIVE,NEW_DATA,10.7262,77.5373,65.6892,10.7262,77.5373,65.6892
2026-06-02 14:41:34.939,LIVE,NEW_DATA,10.7325,77.5373,65.6892,10.7325,77.5373,65.6892
2026-06-02 14:41:34.959,LIVE,NEW_DATA,10.7297,77.5373,65.6892,10.7297,77.5373,65.6892
2026-06-02 14:41:34.979,LIVE,NEW_DATA,10.7353,77.5373,65.6892,10.7353,77.5373,65.6892
2026-06-02 14:41:34.999,LIVE,NEW_DATA,10.7297,77.5373,65.6892,10.7297,77.5373,65.6892
2026-06-02 14:41:35.020,LIVE,NEW_DATA,10.7283,77.5373,65.6892,10.7283,77.5373,65.6892
2026-06-02 14:41:35.040,LIVE,NEW_DATA,10.7252,77.5373,65.6892,10.7252,77.5373,65.6892
2026-06-02 14:41:35.060,LIVE,NEW_DATA,10.7248,77.5373,65.6892,10.7248,77.5373,65.6892
2026-06-02 14:41:35.081,LIVE,NEW_DATA,10.7252,77.5373,65.6892,10.7252,77.5373,65.6892
2026-06-02 14:41:35.102,LIVE,NEW_DATA,10.7248,77.5373,65.6892,10.7248,77.5373,65.6892
2026-06-02 14:41:35.122,LIVE,NEW_DATA,10.7245,77.5373,65.6892,10.7245,77.5373,65.6892
2026-06-02 14:41:35.143,LIVE,NEW_DATA,10.7235,77.5373,65.6892,10.7235,77.5373,65.6892
2026-06-02 14:41:35.163,LIVE,NEW_DATA,10.7314,77.5373,65.6892,10.7314,77.5373,65.6892
2026-06-02 14:41:35.184,LIVE,NEW_DATA,10.7242,77.5373,65.6892,10.7242,77.5373,65.6892
2026-06-02 14:41:35.204,LIVE,NEW_DATA,10.7255,77.5373,65.6892,10.7255,77.5373,65.6892
2026-06-02 14:41:35.224,LIVE,NEW_DATA,10.7248,77.5373,65.6892,10.7248,77.5373,65.6892
2026-06-02 14:41:35.244,LIVE,NEW_DATA,10.7242,77.3542,65.2377,10.7242,77.3542,65.2377
2026-06-02 14:41:35.266,LIVE,NEW_DATA,10.7235,77.3542,65.2377,10.7235,77.3542,65.2377
2026-06-02 14:41:35.286,LIVE,NEW_DATA,10.7200,77.3542,65.2377,10.7200,77.3542,65.2377
2026-06-02 14:41:35.311,LIVE,NEW_DATA,10.7196,77.3542,65.2377,10.7196,77.3542,65.2377
2026-06-02 14:41:35.328,LIVE,NEW_DATA,10.7255,77.3542,65.2377,10.7255,77.3542,65.2377
2026-06-02 14:41:35.348,LIVE,NEW_DATA,10.7217,77.3542,65.2377,10.7217,77.3542,65.2377
2026-06-02 14:41:35.369,LIVE,NEW_DATA,10.7221,77.3542,65.2377,10.7221,77.3542,65.2377
2026-06-02 14:41:35.391,LIVE,NEW_DATA,10.7190,77.3542,65.2377,10.7190,77.3542,65.2377
2026-06-02 14:41:35.410,LIVE,NEW_DATA,10.7242,77.3542,65.2377,10.7242,77.3542,65.2377
2026-06-02 14:41:35.432,LIVE,NEW_DATA,10.7207,77.3542,65.2377,10.7207,77.3542,65.2377
2026-06-02 14:41:35.453,LIVE,NEW_DATA,10.7235,77.3542,65.2377,10.7235,77.3542,65.2377
2026-06-02 14:41:35.472,LIVE,NEW_DATA,10.7200,77.3542,65.2377,10.7200,77.3542,65.2377
2026-06-02 14:41:35.492,LIVE,NEW_DATA,10.7221,77.3542,65.2377,10.7221,77.3542,65.2377
2026-06-02 14:41:35.512,LIVE,NEW_DATA,10.7235,77.3542,65.2377,10.7235,77.3542,65.2377
2026-06-02 14:41:35.534,LIVE,NEW_DATA,10.7484,77.3542,65.2377,10.7484,77.3542,65.2377
2026-06-02 14:41:35.553,LIVE,NEW_DATA,10.7221,77.3542,65.2377,10.7221,77.3542,65.2377
2026-06-02 14:41:35.573,LIVE,NEW_DATA,10.7179,77.3542,65.2377,10.7179,77.3542,65.2377
2026-06-02 14:41:35.594,LIVE,NEW_DATA,10.7186,77.3542,65.2377,10.7186,77.3542,65.2377
2026-06-02 14:41:35.615,LIVE,NEW_DATA,10.7144,77.3542,65.2377,10.7144,77.3542,65.2377
2026-06-02 14:41:35.636,LIVE,NEW_DATA,10.7169,77.3542,65.2377,10.7169,77.3542,65.2377
2026-06-02 14:41:35.657,LIVE,NEW_DATA,10.7172,77.3542,65.2377,10.7172,77.3542,65.2377
2026-06-02 14:41:35.677,LIVE,NEW_DATA,10.7186,77.3542,65.2377,10.7186,77.3542,65.2377
2026-06-02 14:41:35.697,LIVE,NEW_DATA,10.7158,77.3542,65.2377,10.7158,77.3542,65.2377
2026-06-02 14:41:35.718,LIVE,NEW_DATA,10.7200,77.3542,65.2377,10.7200,77.3542,65.2377
2026-06-02 14:41:35.738,LIVE,NEW_DATA,10.7179,77.3710,65.1839,10.7179,77.3710,65.1839
2026-06-02 14:41:35.758,LIVE,NEW_DATA,10.7255,77.3710,65.1839,10.7255,77.3710,65.1839
2026-06-02 14:41:35.778,LIVE,NEW_DATA,10.7280,77.3710,65.1839,10.7280,77.3710,65.1839
2026-06-02 14:41:35.798,LIVE,NEW_DATA,10.7245,77.3710,65.1839,10.7245,77.3710,65.1839
2026-06-02 14:41:35.821,LIVE,NEW_DATA,10.7179,77.3710,65.1839,10.7179,77.3710,65.1839
2026-06-02 14:41:35.839,LIVE,NEW_DATA,10.7214,77.3710,65.1839,10.7214,77.3710,65.1839
2026-06-02 14:41:35.860,LIVE,NEW_DATA,10.7158,77.3710,65.1839,10.7158,77.3710,65.1839
2026-06-02 14:41:35.880,LIVE,NEW_DATA,10.7138,77.3710,65.1839,10.7138,77.3710,65.1839
2026-06-02 14:41:35.902,LIVE,NEW_DATA,10.7151,77.3710,65.1839,10.7151,77.3710,65.1839
2026-06-02 14:41:35.922,LIVE,NEW_DATA,10.7134,77.3710,65.1839,10.7134,77.3710,65.1839
2026-06-02 14:41:35.942,LIVE,NEW_DATA,10.7138,77.3710,65.1839,10.7138,77.3710,65.1839
2026-06-02 14:41:35.962,LIVE,NEW_DATA,10.7193,77.3710,65.1839,10.7193,77.3710,65.1839
2026-06-02 14:41:35.984,LIVE,NEW_DATA,10.7106,77.3710,65.1839,10.7106,77.3710,65.1839
2026-06-02 14:41:36.004,LIVE,NEW_DATA,10.7131,77.3710,65.1839,10.7131,77.3710,65.1839
2026-06-02 14:41:36.024,LIVE,NEW_DATA,10.7099,77.3710,65.1839,10.7099,77.3710,65.1839
2026-06-02 14:41:36.045,LIVE,NEW_DATA,10.7110,77.3710,65.1839,10.7110,77.3710,65.1839
2026-06-02 14:41:36.067,LIVE,NEW_DATA,10.7096,77.3710,65.1839,10.7096,77.3710,65.1839
2026-06-02 14:41:36.087,LIVE,NEW_DATA,10.7085,77.3710,65.1839,10.7085,77.3710,65.1839
2026-06-02 14:41:36.107,LIVE,NEW_DATA,10.7082,77.3710,65.1839,10.7082,77.3710,65.1839
2026-06-02 14:41:36.128,LIVE,NEW_DATA,10.7085,77.3710,65.1839,10.7085,77.3710,65.1839
2026-06-02 14:41:36.148,LIVE,NEW_DATA,10.7085,77.3710,65.1839,10.7085,77.3710,65.1839
2026-06-02 14:41:36.170,LIVE,NEW_DATA,10.7103,77.3710,65.1839,10.7103,77.3710,65.1839
2026-06-02 14:41:36.191,LIVE,NEW_DATA,10.7103,77.3710,65.1839,10.7103,77.3710,65.1839
2026-06-02 14:41:36.211,LIVE,NEW_DATA,10.7051,77.3710,65.1839,10.7051,77.3710,65.1839
2026-06-02 14:41:36.231,LIVE,NEW_DATA,10.7075,77.4208,65.7919,10.7075,77.4208,65.7919
2026-06-02 14:41:36.253,LIVE,NEW_DATA,10.7089,77.4208,65.7919,10.7089,77.4208,65.7919
2026-06-02 14:41:36.274,LIVE,NEW_DATA,10.7068,77.4208,65.7919,10.7068,77.4208,65.7919
2026-06-02 14:41:36.294,LIVE,NEW_DATA,10.7172,77.4208,65.7919,10.7172,77.4208,65.7919
2026-06-02 14:41:36.314,LIVE,NEW_DATA,10.7280,77.4208,65.7919,10.7280,77.4208,65.7919
2026-06-02 14:41:36.338,LIVE,NEW_DATA,10.7020,77.4208,65.7919,10.7020,77.4208,65.7919
2026-06-02 14:41:36.355,LIVE,NEW_DATA,10.7047,77.4208,65.7919,10.7047,77.4208,65.7919
2026-06-02 14:41:36.375,LIVE,NEW_DATA,10.7079,77.4208,65.7919,10.7079,77.4208,65.7919
2026-06-02 14:41:36.396,LIVE,NEW_DATA,10.7047,77.4208,65.7919,10.7047,77.4208,65.7919
2026-06-02 14:41:36.418,LIVE,NEW_DATA,10.7061,77.4208,65.7919,10.7061,77.4208,65.7919
2026-06-02 14:41:36.439,LIVE,NEW_DATA,10.7023,77.4208,65.7919,10.7023,77.4208,65.7919
2026-06-02 14:41:36.459,LIVE,NEW_DATA,10.7082,77.4208,65.7919,10.7082,77.4208,65.7919
2026-06-02 14:41:36.479,LIVE,NEW_DATA,10.7051,77.4208,65.7919,10.7051,77.4208,65.7919
2026-06-02 14:41:36.501,LIVE,NEW_DATA,10.7051,77.4208,65.7919,10.7051,77.4208,65.7919
2026-06-02 14:41:36.521,LIVE,NEW_DATA,10.7085,77.4208,65.7919,10.7085,77.4208,65.7919
2026-06-02 14:41:36.542,LIVE,NEW_DATA,10.7054,77.4208,65.7919,10.7054,77.4208,65.7919
2026-06-02 14:41:36.563,LIVE,NEW_DATA,10.7061,77.4208,65.7919,10.7061,77.4208,65.7919
2026-06-02 14:41:36.583,LIVE,NEW_DATA,10.7002,77.4208,65.7919,10.7002,77.4208,65.7919
2026-06-02 14:41:36.603,LIVE,NEW_DATA,10.7027,77.4208,65.7919,10.7027,77.4208,65.7919
2026-06-02 14:41:36.624,LIVE,NEW_DATA,10.6992,77.4208,65.7919,10.6992,77.4208,65.7919
2026-06-02 14:41:36.644,LIVE,NEW_DATA,10.7027,77.4208,65.7919,10.7027,77.4208,65.7919
2026-06-02 14:41:36.665,LIVE,NEW_DATA,10.6936,77.4208,65.7919,10.6936,77.4208,65.7919
2026-06-02 14:41:36.687,LIVE,NEW_DATA,10.6943,77.4208,65.7919,10.6943,77.4208,65.7919
2026-06-02 14:41:36.707,LIVE,NEW_DATA,10.6936,77.4208,65.7919,10.6936,77.4208,65.7919
2026-06-02 14:41:36.728,LIVE,NEW_DATA,10.6954,77.4824,65.8513,10.6954,77.4824,65.8513
2026-06-02 14:41:36.749,LIVE,NEW_DATA,10.6936,77.4824,65.8513,10.6936,77.4824,65.8513
2026-06-02 14:41:36.769,LIVE,NEW_DATA,10.6926,77.4824,65.8513,10.6926,77.4824,65.8513
2026-06-02 14:41:36.790,LIVE,NEW_DATA,10.6957,77.4824,65.8513,10.6957,77.4824,65.8513
2026-06-02 14:41:36.810,LIVE,NEW_DATA,10.6975,77.4824,65.8513,10.6975,77.4824,65.8513
2026-06-02 14:41:36.831,LIVE,NEW_DATA,10.6954,77.4824,65.8513,10.6954,77.4824,65.8513
2026-06-02 14:41:36.855,LIVE,NEW_DATA,10.6936,77.4824,65.8513,10.6936,77.4824,65.8513
2026-06-02 14:41:36.872,LIVE,NEW_DATA,10.6919,77.4824,65.8513,10.6919,77.4824,65.8513
2026-06-02 14:41:36.892,LIVE,NEW_DATA,10.6926,77.4824,65.8513,10.6926,77.4824,65.8513
2026-06-02 14:41:36.913,LIVE,NEW_DATA,10.6926,77.4824,65.8513,10.6926,77.4824,65.8513
2026-06-02 14:41:36.934,LIVE,NEW_DATA,10.6929,77.4824,65.8513,10.6929,77.4824,65.8513
2026-06-02 14:41:36.954,LIVE,NEW_DATA,10.6936,77.4824,65.8513,10.6936,77.4824,65.8513
2026-06-02 14:41:36.975,LIVE,NEW_DATA,10.6909,77.4824,65.8513,10.6909,77.4824,65.8513
2026-06-02 14:41:36.996,LIVE,NEW_DATA,10.6936,77.4824,65.8513,10.6936,77.4824,65.8513
2026-06-02 14:41:37.018,LIVE,NEW_DATA,10.6843,77.4824,65.8513,10.6843,77.4824,65.8513
2026-06-02 14:41:37.039,LIVE,NEW_DATA,10.6919,77.4824,65.8513,10.6919,77.4824,65.8513
2026-06-02 14:41:37.059,LIVE,NEW_DATA,10.6957,77.4824,65.8513,10.6957,77.4824,65.8513
2026-06-02 14:41:37.079,LIVE,NEW_DATA,10.6981,77.4824,65.8513,10.6981,77.4824,65.8513
2026-06-02 14:41:37.100,LIVE,NEW_DATA,10.6839,77.4824,65.8513,10.6839,77.4824,65.8513
2026-06-02 14:41:37.120,LIVE,NEW_DATA,10.6832,77.4824,65.8513,10.6832,77.4824,65.8513
2026-06-02 14:41:37.141,LIVE,NEW_DATA,10.6836,77.4824,65.8513,10.6836,77.4824,65.8513
2026-06-02 14:41:37.161,LIVE,NEW_DATA,10.6909,77.4824,65.8513,10.6909,77.4824,65.8513
2026-06-02 14:41:37.183,LIVE,NEW_DATA,10.6891,77.4824,65.8513,10.6891,77.4824,65.8513
2026-06-02 14:41:37.203,LIVE,NEW_DATA,10.6832,77.4824,65.8513,10.6832,77.4824,65.8513
2026-06-02 14:41:37.225,LIVE,NEW_DATA,10.6895,77.4824,65.8513,10.6895,77.4824,65.8513
2026-06-02 14:41:37.245,LIVE,NEW_DATA,10.6888,77.6622,66.1308,10.6888,77.6622,66.1308
2026-06-02 14:41:37.267,LIVE,NEW_DATA,10.6891,77.6622,66.1308,10.6891,77.6622,66.1308
2026-06-02 14:41:37.287,LIVE,NEW_DATA,10.6891,77.6622,66.1308,10.6891,77.6622,66.1308
2026-06-02 14:41:37.307,LIVE,NEW_DATA,10.6909,77.6622,66.1308,10.6909,77.6622,66.1308
2026-06-02 14:41:37.328,LIVE,NEW_DATA,10.6891,77.6622,66.1308,10.6891,77.6622,66.1308
2026-06-02 14:41:37.349,LIVE,NEW_DATA,10.6853,77.6622,66.1308,10.6853,77.6622,66.1308
2026-06-02 14:41:37.373,LIVE,NEW_DATA,10.6794,77.6622,66.1308,10.6794,77.6622,66.1308
2026-06-02 14:41:37.393,LIVE,NEW_DATA,10.6832,77.6622,66.1308,10.6832,77.6622,66.1308
2026-06-02 14:41:37.413,LIVE,NEW_DATA,10.6860,77.6622,66.1308,10.6860,77.6622,66.1308
2026-06-02 14:41:37.435,LIVE,NEW_DATA,10.6805,77.6622,66.1308,10.6805,77.6622,66.1308
2026-06-02 14:41:37.455,LIVE,NEW_DATA,10.6787,77.6622,66.1308,10.6787,77.6622,66.1308
2026-06-02 14:41:37.505,LIVE,NEW_DATA,10.6798,77.6622,66.1308,10.6798,77.6622,66.1308
2026-06-02 14:41:37.526,LIVE,NEW_DATA,10.6791,77.6622,66.1308,10.6791,77.6622,66.1308
2026-06-02 14:41:37.545,LIVE,NEW_DATA,10.6808,77.6622,66.1308,10.6808,77.6622,66.1308
2026-06-02 14:41:37.566,LIVE,NEW_DATA,10.6780,77.6622,66.1308,10.6780,77.6622,66.1308
2026-06-02 14:41:37.587,LIVE,NEW_DATA,10.6801,77.6622,66.1308,10.6801,77.6622,66.1308
2026-06-02 14:41:37.608,LIVE,NEW_DATA,10.6763,77.6622,66.1308,10.6763,77.6622,66.1308
2026-06-02 14:41:37.628,LIVE,NEW_DATA,10.6791,77.6622,66.1308,10.6791,77.6622,66.1308
2026-06-02 14:41:37.648,LIVE,NEW_DATA,10.6770,77.6622,66.1308,10.6770,77.6622,66.1308
2026-06-02 14:41:37.669,LIVE,NEW_DATA,10.6735,77.6622,66.1308,10.6735,77.6622,66.1308
2026-06-02 14:41:37.689,LIVE,NEW_DATA,10.6780,77.6622,66.1308,10.6780,77.6622,66.1308
2026-06-02 14:41:37.709,LIVE,NEW_DATA,10.6718,77.6622,66.1308,10.6718,77.6622,66.1308
2026-06-02 14:41:37.729,LIVE,NEW_DATA,10.6718,77.4890,66.5741,10.6718,77.4890,66.5741
2026-06-02 14:41:37.749,LIVE,NEW_DATA,10.6746,77.4890,66.5741,10.6746,77.4890,66.5741
2026-06-02 14:41:37.770,LIVE,NEW_DATA,10.6704,77.4890,66.5741,10.6704,77.4890,66.5741
2026-06-02 14:41:37.790,LIVE,NEW_DATA,10.6753,77.4890,66.5741,10.6753,77.4890,66.5741
2026-06-02 14:41:37.810,LIVE,NEW_DATA,10.6749,77.4890,66.5741,10.6749,77.4890,66.5741
2026-06-02 14:41:37.831,LIVE,NEW_DATA,10.6836,77.4890,66.5741,10.6836,77.4890,66.5741
2026-06-02 14:41:37.851,LIVE,NEW_DATA,10.6784,77.4890,66.5741,10.6784,77.4890,66.5741
2026-06-02 14:41:37.871,LIVE,NEW_DATA,10.6659,77.4890,66.5741,10.6659,77.4890,66.5741
2026-06-02 14:41:37.892,LIVE,NEW_DATA,10.6701,77.4890,66.5741,10.6701,77.4890,66.5741
2026-06-02 14:41:37.916,LIVE,NEW_DATA,10.6735,77.4890,66.5741,10.6735,77.4890,66.5741
2026-06-02 14:41:37.934,LIVE,NEW_DATA,10.6725,77.4890,66.5741,10.6725,77.4890,66.5741
2026-06-02 14:41:37.955,LIVE,NEW_DATA,10.6711,77.4890,66.5741,10.6711,77.4890,66.5741
2026-06-02 14:41:37.974,LIVE,NEW_DATA,10.6687,77.4890,66.5741,10.6687,77.4890,66.5741
2026-06-02 14:41:37.994,LIVE,NEW_DATA,10.6714,77.4890,66.5741,10.6714,77.4890,66.5741
2026-06-02 14:41:38.016,LIVE,NEW_DATA,10.6697,77.4890,66.5741,10.6697,77.4890,66.5741
2026-06-02 14:41:38.036,LIVE,NEW_DATA,10.6770,77.4890,66.5741,10.6770,77.4890,66.5741
2026-06-02 14:41:38.058,LIVE,NEW_DATA,10.6721,77.4890,66.5741,10.6721,77.4890,66.5741
2026-06-02 14:41:38.078,LIVE,NEW_DATA,10.6728,77.4890,66.5741,10.6728,77.4890,66.5741
2026-06-02 14:41:38.100,LIVE,NEW_DATA,10.6746,77.4890,66.5741,10.6746,77.4890,66.5741
2026-06-02 14:41:38.121,LIVE,NEW_DATA,10.6732,77.4890,66.5741,10.6732,77.4890,66.5741
2026-06-02 14:41:38.141,LIVE,NEW_DATA,10.6649,77.4890,66.5741,10.6649,77.4890,66.5741
2026-06-02 14:41:38.162,LIVE,NEW_DATA,10.6673,77.4890,66.5741,10.6673,77.4890,66.5741
2026-06-02 14:41:38.182,LIVE,NEW_DATA,10.6676,77.4890,66.5741,10.6676,77.4890,66.5741
2026-06-02 14:41:38.202,LIVE,NEW_DATA,10.6645,77.4890,66.5741,10.6645,77.4890,66.5741
2026-06-02 14:41:38.223,LIVE,NEW_DATA,10.6673,77.4890,66.5741,10.6673,77.4890,66.5741
2026-06-02 14:41:38.243,LIVE,NEW_DATA,10.6652,77.8740,68.1954,10.6652,77.8740,68.1954
2026-06-02 14:41:38.263,LIVE,NEW_DATA,10.6662,77.8740,68.1954,10.6662,77.8740,68.1954
2026-06-02 14:41:38.285,LIVE,NEW_DATA,10.6631,77.8740,68.1954,10.6631,77.8740,68.1954
2026-06-02 14:41:38.305,LIVE,NEW_DATA,10.6680,77.8740,68.1954,10.6680,77.8740,68.1954
2026-06-02 14:41:38.327,LIVE,NEW_DATA,10.6666,77.8740,68.1954,10.6666,77.8740,68.1954
2026-06-02 14:41:38.347,LIVE,NEW_DATA,10.6659,77.8740,68.1954,10.6659,77.8740,68.1954
2026-06-02 14:41:38.368,LIVE,NEW_DATA,10.6662,77.8740,68.1954,10.6662,77.8740,68.1954
2026-06-02 14:41:38.387,LIVE,NEW_DATA,10.6659,77.8740,68.1954,10.6659,77.8740,68.1954
2026-06-02 14:41:38.407,LIVE,NEW_DATA,10.6558,77.8740,68.1954,10.6558,77.8740,68.1954
2026-06-02 14:41:38.436,LIVE,NEW_DATA,10.6635,77.8740,68.1954,10.6635,77.8740,68.1954
2026-06-02 14:41:38.450,LIVE,NEW_DATA,10.6617,77.8740,68.1954,10.6617,77.8740,68.1954
2026-06-02 14:41:38.469,LIVE,NEW_DATA,10.6617,77.8740,68.1954,10.6617,77.8740,68.1954
2026-06-02 14:41:38.489,LIVE,NEW_DATA,10.6603,77.8740,68.1954,10.6603,77.8740,68.1954
2026-06-02 14:41:38.509,LIVE,NEW_DATA,10.6614,77.8740,68.1954,10.6614,77.8740,68.1954
2026-06-02 14:41:38.529,LIVE,NEW_DATA,10.6558,77.8740,68.1954,10.6558,77.8740,68.1954
2026-06-02 14:41:38.551,LIVE,NEW_DATA,10.6548,77.8740,68.1954,10.6548,77.8740,68.1954
2026-06-02 14:41:38.570,LIVE,NEW_DATA,10.6513,77.8740,68.1954,10.6513,77.8740,68.1954
2026-06-02 14:41:38.590,LIVE,NEW_DATA,10.6649,77.8740,68.1954,10.6649,77.8740,68.1954
2026-06-02 14:41:38.610,LIVE,NEW_DATA,10.6780,77.8740,68.1954,10.6780,77.8740,68.1954
2026-06-02 14:41:38.632,LIVE,NEW_DATA,10.6558,77.8740,68.1954,10.6558,77.8740,68.1954
2026-06-02 14:41:38.652,LIVE,NEW_DATA,10.6558,77.8740,68.1954,10.6558,77.8740,68.1954
2026-06-02 14:41:38.672,LIVE,NEW_DATA,10.6548,77.8740,68.1954,10.6548,77.8740,68.1954
2026-06-02 14:41:38.694,LIVE,NEW_DATA,10.6558,77.8740,68.1954,10.6558,77.8740,68.1954
2026-06-02 14:41:38.713,LIVE,NEW_DATA,10.6558,77.8740,68.1954,10.6558,77.8740,68.1954
2026-06-02 14:41:38.734,LIVE,NEW_DATA,10.6534,77.9641,68.2786,10.6534,77.9641,68.2786
2026-06-02 14:41:38.755,LIVE,NEW_DATA,10.6597,77.9641,68.2786,10.6597,77.9641,68.2786
2026-06-02 14:41:38.775,LIVE,NEW_DATA,10.6593,77.9641,68.2786,10.6593,77.9641,68.2786
2026-06-02 14:41:38.796,LIVE,NEW_DATA,10.6610,77.9641,68.2786,10.6610,77.9641,68.2786
2026-06-02 14:41:38.817,LIVE,NEW_DATA,10.6628,77.9641,68.2786,10.6628,77.9641,68.2786
2026-06-02 14:41:38.838,LIVE,NEW_DATA,10.6597,77.9641,68.2786,10.6597,77.9641,68.2786
2026-06-02 14:41:38.859,LIVE,NEW_DATA,10.6597,77.9641,68.2786,10.6597,77.9641,68.2786
2026-06-02 14:41:38.879,LIVE,NEW_DATA,10.6593,77.9641,68.2786,10.6593,77.9641,68.2786
2026-06-02 14:41:38.900,LIVE,NEW_DATA,10.6520,77.9641,68.2786,10.6520,77.9641,68.2786
2026-06-02 14:41:38.920,LIVE,NEW_DATA,10.6558,77.9641,68.2786,10.6558,77.9641,68.2786
2026-06-02 14:41:38.944,LIVE,NEW_DATA,10.6558,77.9641,68.2786,10.6558,77.9641,68.2786
2026-06-02 14:41:38.961,LIVE,NEW_DATA,10.6538,77.9641,68.2786,10.6538,77.9641,68.2786
2026-06-02 14:41:38.981,LIVE,NEW_DATA,10.6520,77.9641,68.2786,10.6520,77.9641,68.2786
2026-06-02 14:41:39.001,LIVE,NEW_DATA,10.6520,77.9641,68.2786,10.6520,77.9641,68.2786
2026-06-02 14:41:39.021,LIVE,NEW_DATA,10.6531,77.9641,68.2786,10.6531,77.9641,68.2786
2026-06-02 14:41:39.041,LIVE,NEW_DATA,10.6531,77.9641,68.2786,10.6531,77.9641,68.2786
2026-06-02 14:41:39.061,LIVE,NEW_DATA,10.6534,77.9641,68.2786,10.6534,77.9641,68.2786
2026-06-02 14:41:39.082,LIVE,NEW_DATA,10.6454,77.9641,68.2786,10.6454,77.9641,68.2786
2026-06-02 14:41:39.103,LIVE,NEW_DATA,10.6544,77.9641,68.2786,10.6544,77.9641,68.2786
2026-06-02 14:41:39.124,LIVE,NEW_DATA,10.6440,77.9641,68.2786,10.6440,77.9641,68.2786
2026-06-02 14:41:39.144,LIVE,NEW_DATA,10.6496,77.9641,68.2786,10.6496,77.9641,68.2786
2026-06-02 14:41:39.164,LIVE,NEW_DATA,10.6444,77.9641,68.2786,10.6444,77.9641,68.2786
2026-06-02 14:41:39.185,LIVE,NEW_DATA,10.6465,77.9641,68.2786,10.6465,77.9641,68.2786
2026-06-02 14:41:39.206,LIVE,NEW_DATA,10.6447,77.9641,68.2786,10.6447,77.9641,68.2786
2026-06-02 14:41:39.227,LIVE,NEW_DATA,10.6465,77.9552,67.7019,10.6465,77.9552,67.7019
2026-06-02 14:41:39.247,LIVE,NEW_DATA,10.6472,77.9552,67.7019,10.6472,77.9552,67.7019
2026-06-02 14:41:39.268,LIVE,NEW_DATA,10.6437,77.9552,67.7019,10.6437,77.9552,67.7019
2026-06-02 14:41:39.289,LIVE,NEW_DATA,10.6437,77.9552,67.7019,10.6437,77.9552,67.7019
2026-06-02 14:41:39.309,LIVE,NEW_DATA,10.6458,77.9552,67.7019,10.6458,77.9552,67.7019
2026-06-02 14:41:39.330,LIVE,NEW_DATA,10.6444,77.9552,67.7019,10.6444,77.9552,67.7019
2026-06-02 14:41:39.351,LIVE,NEW_DATA,10.6479,77.9552,67.7019,10.6479,77.9552,67.7019
2026-06-02 14:41:39.371,LIVE,NEW_DATA,10.6673,77.9552,67.7019,10.6673,77.9552,67.7019
2026-06-02 14:41:39.391,LIVE,NEW_DATA,10.6558,77.9552,67.7019,10.6558,77.9552,67.7019
2026-06-02 14:41:39.412,LIVE,NEW_DATA,10.6447,77.9552,67.7019,10.6447,77.9552,67.7019
2026-06-02 14:41:39.434,LIVE,NEW_DATA,10.6382,77.9552,67.7019,10.6382,77.9552,67.7019
2026-06-02 14:41:39.458,LIVE,NEW_DATA,10.6406,77.9552,67.7019,10.6406,77.9552,67.7019
2026-06-02 14:41:39.474,LIVE,NEW_DATA,10.6458,77.9552,67.7019,10.6458,77.9552,67.7019
2026-06-02 14:41:39.495,LIVE,NEW_DATA,10.6388,77.9552,67.7019,10.6388,77.9552,67.7019
2026-06-02 14:41:39.517,LIVE,NEW_DATA,10.6382,77.9552,67.7019,10.6382,77.9552,67.7019
2026-06-02 14:41:39.538,LIVE,NEW_DATA,10.6420,77.9552,67.7019,10.6420,77.9552,67.7019
2026-06-02 14:41:39.559,LIVE,NEW_DATA,10.6413,77.9552,67.7019,10.6413,77.9552,67.7019
2026-06-02 14:41:39.579,LIVE,NEW_DATA,10.6437,77.9552,67.7019,10.6437,77.9552,67.7019
2026-06-02 14:41:39.600,LIVE,NEW_DATA,10.6475,77.9552,67.7019,10.6475,77.9552,67.7019
2026-06-02 14:41:39.620,LIVE,NEW_DATA,10.6454,77.9552,67.7019,10.6454,77.9552,67.7019
2026-06-02 14:41:39.641,LIVE,NEW_DATA,10.6416,77.9552,67.7019,10.6416,77.9552,67.7019
2026-06-02 14:41:39.661,LIVE,NEW_DATA,10.6402,77.9552,67.7019,10.6402,77.9552,67.7019
2026-06-02 14:41:39.681,LIVE,NEW_DATA,10.6430,77.9552,67.7019,10.6430,77.9552,67.7019
2026-06-02 14:41:39.702,LIVE,NEW_DATA,10.6312,77.9552,67.7019,10.6312,77.9552,67.7019
2026-06-02 14:41:39.722,LIVE,NEW_DATA,10.6364,77.9552,67.7019,10.6364,77.9552,67.7019
2026-06-02 14:41:39.743,LIVE,NEW_DATA,10.6326,77.7893,67.6922,10.6326,77.7893,67.6922
2026-06-02 14:41:39.764,LIVE,NEW_DATA,10.6340,77.7893,67.6922,10.6340,77.7893,67.6922
2026-06-02 14:41:39.784,LIVE,NEW_DATA,10.6354,77.7893,67.6922,10.6354,77.7893,67.6922
2026-06-02 14:41:39.805,LIVE,NEW_DATA,10.6350,77.7893,67.6922,10.6350,77.7893,67.6922
2026-06-02 14:41:39.825,LIVE,NEW_DATA,10.6399,77.7893,67.6922,10.6399,77.7893,67.6922
2026-06-02 14:41:39.846,LIVE,NEW_DATA,10.6354,77.7893,67.6922,10.6354,77.7893,67.6922
2026-06-02 14:41:39.867,LIVE,NEW_DATA,10.6288,77.7893,67.6922,10.6288,77.7893,67.6922
2026-06-02 14:41:39.887,LIVE,NEW_DATA,10.6333,77.7893,67.6922,10.6333,77.7893,67.6922
2026-06-02 14:41:39.907,LIVE,NEW_DATA,10.6333,77.7893,67.6922,10.6333,77.7893,67.6922
2026-06-02 14:41:39.928,LIVE,NEW_DATA,10.6326,77.7893,67.6922,10.6326,77.7893,67.6922
2026-06-02 14:41:39.949,LIVE,NEW_DATA,10.6361,77.7893,67.6922,10.6361,77.7893,67.6922
2026-06-02 14:41:39.972,LIVE,NEW_DATA,10.6316,77.7893,67.6922,10.6316,77.7893,67.6922
2026-06-02 14:41:39.990,LIVE,NEW_DATA,10.6329,77.7893,67.6922,10.6329,77.7893,67.6922
2026-06-02 14:41:40.011,LIVE,NEW_DATA,10.6298,77.7893,67.6922,10.6298,77.7893,67.6922
2026-06-02 14:41:40.032,LIVE,NEW_DATA,10.6267,77.7893,67.6922,10.6267,77.7893,67.6922
2026-06-02 14:41:40.052,LIVE,NEW_DATA,10.6284,77.7893,67.6922,10.6284,77.7893,67.6922
2026-06-02 14:41:40.072,LIVE,NEW_DATA,10.6271,77.7893,67.6922,10.6271,77.7893,67.6922
2026-06-02 14:41:40.093,LIVE,NEW_DATA,10.6219,77.7893,67.6922,10.6219,77.7893,67.6922
2026-06-02 14:41:40.114,LIVE,NEW_DATA,10.6264,77.7893,67.6922,10.6264,77.7893,67.6922
2026-06-02 14:41:40.134,LIVE,NEW_DATA,10.6475,77.7893,67.6922,10.6475,77.7893,67.6922
2026-06-02 14:41:40.154,LIVE,NEW_DATA,10.6350,77.7893,67.6922,10.6350,77.7893,67.6922
2026-06-02 14:41:40.175,LIVE,NEW_DATA,10.6274,77.7893,67.6922,10.6274,77.7893,67.6922
2026-06-02 14:41:40.195,LIVE,NEW_DATA,10.6243,77.7893,67.6922,10.6243,77.7893,67.6922
2026-06-02 14:41:40.217,LIVE,NEW_DATA,10.6260,77.7893,67.6922,10.6260,77.7893,67.6922
2026-06-02 14:41:40.237,LIVE,NEW_DATA,10.6271,77.7893,65.7371,10.6271,77.7893,65.7371
2026-06-02 14:41:40.257,LIVE,NEW_DATA,10.6236,77.7893,65.7371,10.6236,77.7893,65.7371
2026-06-02 14:41:40.277,LIVE,NEW_DATA,10.6274,77.7893,65.7371,10.6274,77.7893,65.7371
2026-06-02 14:41:40.299,LIVE,NEW_DATA,10.6236,77.7893,65.7371,10.6236,77.7893,65.7371
2026-06-02 14:41:40.318,LIVE,NEW_DATA,10.6298,77.7893,65.7371,10.6298,77.7893,65.7371
2026-06-02 14:41:40.338,LIVE,NEW_DATA,10.6291,77.7893,65.7371,10.6291,77.7893,65.7371
2026-06-02 14:41:40.359,LIVE,NEW_DATA,10.6291,77.7893,65.7371,10.6291,77.7893,65.7371
2026-06-02 14:41:40.380,LIVE,NEW_DATA,10.6295,77.7893,65.7371,10.6295,77.7893,65.7371
2026-06-02 14:41:40.401,LIVE,NEW_DATA,10.6284,77.7893,65.7371,10.6284,77.7893,65.7371
2026-06-02 14:41:40.422,LIVE,NEW_DATA,10.6271,77.7893,65.7371,10.6271,77.7893,65.7371
2026-06-02 14:41:40.442,LIVE,NEW_DATA,10.6243,77.7893,65.7371,10.6243,77.7893,65.7371
2026-06-02 14:41:40.463,LIVE,NEW_DATA,10.6229,77.7893,65.7371,10.6229,77.7893,65.7371
2026-06-02 14:41:40.487,LIVE,NEW_DATA,10.6271,77.7893,65.7371,10.6271,77.7893,65.7371
2026-06-02 14:41:40.503,LIVE,NEW_DATA,10.6232,77.7893,65.7371,10.6232,77.7893,65.7371
2026-06-02 14:41:40.524,LIVE,NEW_DATA,10.6236,77.7893,65.7371,10.6236,77.7893,65.7371
2026-06-02 14:41:40.545,LIVE,NEW_DATA,10.6212,77.7893,65.7371,10.6212,77.7893,65.7371
2026-06-02 14:41:40.566,LIVE,NEW_DATA,10.6243,77.7893,65.7371,10.6243,77.7893,65.7371
2026-06-02 14:41:40.585,LIVE,NEW_DATA,10.6208,77.7893,65.7371,10.6208,77.7893,65.7371
2026-06-02 14:41:40.606,LIVE,NEW_DATA,10.6225,77.7893,65.7371,10.6225,77.7893,65.7371
2026-06-02 14:41:40.626,LIVE,NEW_DATA,10.6229,77.7893,65.7371,10.6229,77.7893,65.7371
2026-06-02 14:41:40.647,LIVE,NEW_DATA,10.6187,77.7893,65.7371,10.6187,77.7893,65.7371
2026-06-02 14:41:40.667,LIVE,NEW_DATA,10.6208,77.7893,65.7371,10.6208,77.7893,65.7371
2026-06-02 14:41:40.687,LIVE,NEW_DATA,10.6187,77.7893,65.7371,10.6187,77.7893,65.7371
2026-06-02 14:41:40.707,LIVE,NEW_DATA,10.6180,77.7893,65.7371,10.6180,77.7893,65.7371
2026-06-02 14:41:40.727,LIVE,NEW_DATA,10.6173,77.8024,65.0938,10.6173,77.8024,65.0938
2026-06-02 14:41:40.748,LIVE,NEW_DATA,10.6191,77.8024,65.0938,10.6191,77.8024,65.0938
2026-06-02 14:41:40.769,LIVE,NEW_DATA,10.6219,77.8024,65.0938,10.6219,77.8024,65.0938
2026-06-02 14:41:40.789,LIVE,NEW_DATA,10.6222,77.8024,65.0938,10.6222,77.8024,65.0938
2026-06-02 14:41:40.809,LIVE,NEW_DATA,10.6201,77.8024,65.0938,10.6201,77.8024,65.0938
2026-06-02 14:41:40.830,LIVE,NEW_DATA,10.6173,77.8024,65.0938,10.6173,77.8024,65.0938
2026-06-02 14:41:40.850,LIVE,NEW_DATA,10.6146,77.8024,65.0938,10.6146,77.8024,65.0938
2026-06-02 14:41:40.870,LIVE,NEW_DATA,10.6180,77.8024,65.0938,10.6180,77.8024,65.0938
2026-06-02 14:41:40.891,LIVE,NEW_DATA,10.6160,77.8024,65.0938,10.6160,77.8024,65.0938
2026-06-02 14:41:40.911,LIVE,NEW_DATA,10.6316,77.8024,65.0938,10.6316,77.8024,65.0938
2026-06-02 14:41:40.931,LIVE,NEW_DATA,10.6427,77.8024,65.0938,10.6427,77.8024,65.0938
2026-06-02 14:41:40.952,LIVE,NEW_DATA,10.6094,77.8024,65.0938,10.6094,77.8024,65.0938
2026-06-02 14:41:40.973,LIVE,NEW_DATA,10.6160,77.8024,65.0938,10.6160,77.8024,65.0938
2026-06-02 14:41:40.999,LIVE,NEW_DATA,10.6160,77.8024,65.0938,10.6160,77.8024,65.0938
2026-06-02 14:41:41.016,LIVE,NEW_DATA,10.6132,77.8024,65.0938,10.6132,77.8024,65.0938
2026-06-02 14:41:41.035,LIVE,NEW_DATA,10.6090,77.8024,65.0938,10.6090,77.8024,65.0938
2026-06-02 14:41:41.057,LIVE,NEW_DATA,10.6160,77.8024,65.0938,10.6160,77.8024,65.0938
2026-06-02 14:41:41.077,LIVE,NEW_DATA,10.6114,77.8024,65.0938,10.6114,77.8024,65.0938
2026-06-02 14:41:41.098,LIVE,NEW_DATA,10.6187,77.8024,65.0938,10.6187,77.8024,65.0938
2026-06-02 14:41:41.119,LIVE,NEW_DATA,10.6187,77.8024,65.0938,10.6187,77.8024,65.0938
2026-06-02 14:41:41.141,LIVE,NEW_DATA,10.6187,77.8024,65.0938,10.6187,77.8024,65.0938
2026-06-02 14:41:41.161,LIVE,NEW_DATA,10.6170,77.8024,65.0938,10.6170,77.8024,65.0938
2026-06-02 14:41:41.183,LIVE,NEW_DATA,10.6173,77.8024,65.0938,10.6173,77.8024,65.0938
2026-06-02 14:41:41.203,LIVE,NEW_DATA,10.6177,77.8024,65.0938,10.6177,77.8024,65.0938
2026-06-02 14:41:41.223,LIVE,NEW_DATA,10.6149,77.8024,65.0938,10.6149,77.8024,65.0938
2026-06-02 14:41:41.244,LIVE,NEW_DATA,10.6114,77.6117,65.0938,10.6114,77.6117,65.0938
2026-06-02 14:41:41.264,LIVE,NEW_DATA,10.6132,77.6117,65.0938,10.6132,77.6117,65.0938
2026-06-02 14:41:41.284,LIVE,NEW_DATA,10.6114,77.6117,65.0938,10.6114,77.6117,65.0938
2026-06-02 14:41:41.305,LIVE,NEW_DATA,10.6104,77.6117,65.0938,10.6104,77.6117,65.0938
2026-06-02 14:41:41.326,LIVE,NEW_DATA,10.6083,77.6117,65.0938,10.6083,77.6117,65.0938
2026-06-02 14:41:41.346,LIVE,NEW_DATA,10.6114,77.6117,65.0938,10.6114,77.6117,65.0938
2026-06-02 14:41:41.368,LIVE,NEW_DATA,10.6111,77.6117,65.0938,10.6111,77.6117,65.0938
2026-06-02 14:41:41.389,LIVE,NEW_DATA,10.6076,77.6117,65.0938,10.6076,77.6117,65.0938
2026-06-02 14:41:41.410,LIVE,NEW_DATA,10.6059,77.6117,65.0938,10.6059,77.6117,65.0938
2026-06-02 14:41:41.431,LIVE,NEW_DATA,10.6080,77.6117,65.0938,10.6080,77.6117,65.0938
2026-06-02 14:41:41.450,LIVE,NEW_DATA,10.6031,77.6117,65.0938,10.6031,77.6117,65.0938
2026-06-02 14:41:41.471,LIVE,NEW_DATA,10.6066,77.6117,65.0938,10.6066,77.6117,65.0938
2026-06-02 14:41:41.493,LIVE,NEW_DATA,10.6052,77.6117,65.0938,10.6052,77.6117,65.0938
2026-06-02 14:41:41.520,LIVE,NEW_DATA,10.6080,77.6117,65.0938,10.6080,77.6117,65.0938
2026-06-02 14:41:41.534,LIVE,NEW_DATA,10.6042,77.6117,65.0938,10.6042,77.6117,65.0938
2026-06-02 14:41:41.555,LIVE,NEW_DATA,10.6052,77.6117,65.0938,10.6052,77.6117,65.0938
2026-06-02 14:41:41.576,LIVE,NEW_DATA,10.6104,77.6117,65.0938,10.6104,77.6117,65.0938
2026-06-02 14:41:41.598,LIVE,NEW_DATA,10.6059,77.6117,65.0938,10.6059,77.6117,65.0938
2026-06-02 14:41:41.618,LIVE,NEW_DATA,10.6028,77.6117,65.0938,10.6028,77.6117,65.0938
2026-06-02 14:41:41.639,LIVE,NEW_DATA,10.6049,77.6117,65.0938,10.6049,77.6117,65.0938
2026-06-02 14:41:41.660,LIVE,NEW_DATA,10.6062,77.6117,65.0938,10.6062,77.6117,65.0938
2026-06-02 14:41:41.681,LIVE,NEW_DATA,10.6024,77.6117,65.0938,10.6024,77.6117,65.0938
2026-06-02 14:41:41.702,LIVE,NEW_DATA,10.6090,77.6117,65.0938,10.6090,77.6117,65.0938
2026-06-02 14:41:41.722,LIVE,NEW_DATA,10.6243,77.6117,65.0938,10.6243,77.6117,65.0938
2026-06-02 14:41:41.744,LIVE,NEW_DATA,10.6045,77.5581,64.6008,10.6045,77.5581,64.6008
2026-06-02 14:41:41.764,LIVE,NEW_DATA,10.6000,77.5581,64.6008,10.6000,77.5581,64.6008
2026-06-02 14:41:41.785,LIVE,NEW_DATA,10.6007,77.5581,64.6008,10.6007,77.5581,64.6008
2026-06-02 14:41:41.805,LIVE,NEW_DATA,10.6014,77.5581,64.6008,10.6014,77.5581,64.6008
2026-06-02 14:41:41.826,LIVE,NEW_DATA,10.6031,77.5581,64.6008,10.6031,77.5581,64.6008
2026-06-02 14:41:41.846,LIVE,NEW_DATA,10.5983,77.5581,64.6008,10.5983,77.5581,64.6008
2026-06-02 14:41:41.868,LIVE,NEW_DATA,10.6035,77.5581,64.6008,10.6035,77.5581,64.6008
2026-06-02 14:41:41.888,LIVE,NEW_DATA,10.6031,77.5581,64.6008,10.6031,77.5581,64.6008
2026-06-02 14:41:41.909,LIVE,NEW_DATA,10.6000,77.5581,64.6008,10.6000,77.5581,64.6008
2026-06-02 14:41:41.931,LIVE,NEW_DATA,10.5979,77.5581,64.6008,10.5979,77.5581,64.6008
2026-06-02 14:41:41.951,LIVE,NEW_DATA,10.6007,77.5581,64.6008,10.6007,77.5581,64.6008
2026-06-02 14:41:41.972,LIVE,NEW_DATA,10.6104,77.5581,64.6008,10.6104,77.5581,64.6008
2026-06-02 14:41:41.993,LIVE,NEW_DATA,10.6049,77.5581,64.6008,10.6049,77.5581,64.6008
2026-06-02 14:41:42.015,LIVE,NEW_DATA,10.6010,77.5581,64.6008,10.6010,77.5581,64.6008
2026-06-02 14:41:42.038,LIVE,NEW_DATA,10.5972,77.5581,64.6008,10.5972,77.5581,64.6008
2026-06-02 14:41:42.054,LIVE,NEW_DATA,10.6014,77.5581,64.6008,10.6014,77.5581,64.6008
2026-06-02 14:41:42.075,LIVE,NEW_DATA,10.5958,77.5581,64.6008,10.5958,77.5581,64.6008
2026-06-02 14:41:42.096,LIVE,NEW_DATA,10.5993,77.5581,64.6008,10.5993,77.5581,64.6008
2026-06-02 14:41:42.117,LIVE,NEW_DATA,10.5972,77.5581,64.6008,10.5972,77.5581,64.6008
2026-06-02 14:41:42.139,LIVE,NEW_DATA,10.5979,77.5581,64.6008,10.5979,77.5581,64.6008
2026-06-02 14:41:42.159,LIVE,NEW_DATA,10.5979,77.5581,64.6008,10.5979,77.5581,64.6008
2026-06-02 14:41:42.181,LIVE,NEW_DATA,10.5965,77.5581,64.6008,10.5965,77.5581,64.6008
2026-06-02 14:41:42.201,LIVE,NEW_DATA,10.5965,77.5581,64.6008,10.5965,77.5581,64.6008
2026-06-02 14:41:42.222,LIVE,NEW_DATA,10.5972,77.5581,64.6008,10.5972,77.5581,64.6008
2026-06-02 14:41:42.243,LIVE,NEW_DATA,10.5938,77.9439,65.0934,10.5938,77.9439,65.0934
2026-06-02 14:41:42.265,LIVE,NEW_DATA,10.5958,77.9439,65.0934,10.5958,77.9439,65.0934
2026-06-02 14:41:42.285,LIVE,NEW_DATA,10.5972,77.9439,65.0934,10.5972,77.9439,65.0934
2026-06-02 14:41:42.306,LIVE,NEW_DATA,10.5931,77.9439,65.0934,10.5931,77.9439,65.0934
2026-06-02 14:41:42.328,LIVE,NEW_DATA,10.5938,77.9439,65.0934,10.5938,77.9439,65.0934
2026-06-02 14:41:42.348,LIVE,NEW_DATA,10.5931,77.9439,65.0934,10.5931,77.9439,65.0934
2026-06-02 14:41:42.368,LIVE,NEW_DATA,10.5965,77.9439,65.0934,10.5965,77.9439,65.0934
2026-06-02 14:41:42.389,LIVE,NEW_DATA,10.5910,77.9439,65.0934,10.5910,77.9439,65.0934
2026-06-02 14:41:42.409,LIVE,NEW_DATA,10.5910,77.9439,65.0934,10.5910,77.9439,65.0934
2026-06-02 14:41:42.429,LIVE,NEW_DATA,10.5910,77.9439,65.0934,10.5910,77.9439,65.0934
2026-06-02 14:41:42.450,LIVE,NEW_DATA,10.5941,77.9439,65.0934,10.5941,77.9439,65.0934
2026-06-02 14:41:42.471,LIVE,NEW_DATA,10.5893,77.9439,65.0934,10.5893,77.9439,65.0934
2026-06-02 14:41:42.492,LIVE,NEW_DATA,10.5938,77.9439,65.0934,10.5938,77.9439,65.0934
2026-06-02 14:41:42.513,LIVE,NEW_DATA,10.6035,77.9439,65.0934,10.6035,77.9439,65.0934
2026-06-02 14:41:42.534,LIVE,NEW_DATA,10.5910,77.9439,65.0934,10.5910,77.9439,65.0934
2026-06-02 14:41:42.557,LIVE,NEW_DATA,10.5934,77.9439,65.0934,10.5934,77.9439,65.0934
2026-06-02 14:41:42.574,LIVE,NEW_DATA,10.5938,77.9439,65.0934,10.5938,77.9439,65.0934
2026-06-02 14:41:42.595,LIVE,NEW_DATA,10.5903,77.9439,65.0934,10.5903,77.9439,65.0934
2026-06-02 14:41:42.616,LIVE,NEW_DATA,10.5938,77.9439,65.0934,10.5938,77.9439,65.0934
2026-06-02 14:41:42.636,LIVE,NEW_DATA,10.5958,77.9439,65.0934,10.5958,77.9439,65.0934
2026-06-02 14:41:42.656,LIVE,NEW_DATA,10.5931,77.9439,65.0934,10.5931,77.9439,65.0934
2026-06-02 14:41:42.676,LIVE,NEW_DATA,10.5969,77.9439,65.0934,10.5969,77.9439,65.0934
2026-06-02 14:41:42.697,LIVE,NEW_DATA,10.5945,77.9439,65.0934,10.5945,77.9439,65.0934
2026-06-02 14:41:42.717,LIVE,NEW_DATA,10.5931,77.9439,65.0934,10.5931,77.9439,65.0934
2026-06-02 14:41:42.737,LIVE,NEW_DATA,10.6007,77.9950,65.5214,10.6007,77.9950,65.5214
2026-06-02 14:41:42.758,LIVE,NEW_DATA,10.5951,77.9950,65.5214,10.5951,77.9950,65.5214
2026-06-02 14:41:42.783,LIVE,NEW_DATA,10.6024,77.9950,65.5214,10.6024,77.9950,65.5214
2026-06-02 14:41:42.815,LIVE,NEW_DATA,10.5910,77.9950,65.5214,10.5910,77.9950,65.5214
2026-06-02 14:41:42.846,LIVE,NEW_DATA,10.5934,77.9950,65.5214,10.5934,77.9950,65.5214
2026-06-02 14:41:42.877,LIVE,NEW_DATA,10.5858,77.9950,65.5214,10.5858,77.9950,65.5214
2026-06-02 14:41:42.909,LIVE,NEW_DATA,10.5931,77.9950,65.5214,10.5931,77.9950,65.5214
2026-06-02 14:41:42.940,LIVE,NEW_DATA,10.5965,77.9950,65.5214,10.5965,77.9950,65.5214
2026-06-02 14:41:42.971,LIVE,NEW_DATA,10.6000,77.9950,65.5214,10.6000,77.9950,65.5214
2026-06-02 14:41:43.001,LIVE,NEW_DATA,10.5976,77.9950,65.5214,10.5976,77.9950,65.5214
2026-06-02 14:41:43.033,LIVE,NEW_DATA,10.5958,77.9950,65.5214,10.5958,77.9950,65.5214
2026-06-02 14:41:43.065,LIVE,NEW_DATA,10.5920,77.9950,65.5214,10.5920,77.9950,65.5214
2026-06-02 14:41:43.097,LIVE,NEW_DATA,10.5920,77.9950,65.5214,10.5920,77.9950,65.5214
2026-06-02 14:41:43.128,LIVE,NEW_DATA,10.5931,77.9950,65.5214,10.5931,77.9950,65.5214
2026-06-02 14:41:43.160,LIVE,NEW_DATA,10.5906,77.9950,65.5214,10.5906,77.9950,65.5214
2026-06-02 14:41:43.191,LIVE,NEW_DATA,10.5945,77.9950,65.5214,10.5945,77.9950,65.5214
2026-06-02 14:41:43.229,LIVE,NEW_DATA,10.5938,77.9950,65.5214,10.5938,77.9950,65.5214
2026-06-02 14:41:43.255,LIVE,NEW_DATA,10.5948,77.8471,66.3552,10.5948,77.8471,66.3552
2026-06-02 14:41:43.288,LIVE,NEW_DATA,10.6160,77.8471,66.3552,10.6160,77.8471,66.3552
2026-06-02 14:41:43.318,LIVE,NEW_DATA,10.5910,77.8471,66.3552,10.5910,77.8471,66.3552
2026-06-02 14:41:43.350,LIVE,NEW_DATA,10.5927,77.8471,66.3552,10.5927,77.8471,66.3552
2026-06-02 14:41:43.383,LIVE,NEW_DATA,10.5955,77.8471,66.3552,10.5955,77.8471,66.3552
2026-06-02 14:41:43.414,LIVE,NEW_DATA,10.5969,77.8471,66.3552,10.5969,77.8471,66.3552
2026-06-02 14:41:43.444,LIVE,NEW_DATA,10.5920,77.8471,66.3552,10.5920,77.8471,66.3552
2026-06-02 14:41:43.476,LIVE,NEW_DATA,10.6014,77.8471,66.3552,10.6014,77.8471,66.3552
2026-06-02 14:41:43.508,LIVE,NEW_DATA,10.6042,77.8471,66.3552,10.6042,77.8471,66.3552
2026-06-02 14:41:43.540,LIVE,NEW_DATA,10.6049,77.8471,66.3552,10.6049,77.8471,66.3552
2026-06-02 14:41:43.570,LIVE,NEW_DATA,10.6062,77.8471,66.3552,10.6062,77.8471,66.3552
2026-06-02 14:41:43.602,LIVE,NEW_DATA,10.6010,77.8471,66.3552,10.6010,77.8471,66.3552
2026-06-02 14:41:43.634,LIVE,NEW_DATA,10.6017,77.8471,66.3552,10.6017,77.8471,66.3552
2026-06-02 14:41:43.667,LIVE,NEW_DATA,10.5986,77.8471,66.3552,10.5986,77.8471,66.3552
2026-06-02 14:41:43.698,LIVE,NEW_DATA,10.5969,77.8471,66.3552,10.5969,77.8471,66.3552
2026-06-02 14:41:43.729,LIVE,NEW_DATA,10.6010,77.8471,66.3552,10.6010,77.8471,66.3552
2026-06-02 14:41:43.760,LIVE,NEW_DATA,10.5983,78.0698,68.0872,10.5983,78.0698,68.0872
2026-06-02 14:41:43.790,LIVE,NEW_DATA,10.6004,78.0698,68.0872,10.6004,78.0698,68.0872
2026-06-02 14:41:43.823,LIVE,NEW_DATA,10.5993,78.0698,68.0872,10.5993,78.0698,68.0872
2026-06-02 14:41:43.854,LIVE,NEW_DATA,10.6007,78.0698,68.0872,10.6007,78.0698,68.0872
2026-06-02 14:41:43.886,LIVE,NEW_DATA,10.6007,78.0698,68.0872,10.6007,78.0698,68.0872
2026-06-02 14:41:43.918,LIVE,NEW_DATA,10.6021,78.0698,68.0872,10.6021,78.0698,68.0872
2026-06-02 14:41:43.949,LIVE,NEW_DATA,10.5993,78.0698,68.0872,10.5993,78.0698,68.0872
2026-06-02 14:41:43.981,LIVE,NEW_DATA,10.5997,78.0698,68.0872,10.5997,78.0698,68.0872
2026-06-02 14:41:44.015,LIVE,NEW_DATA,10.6024,78.0698,68.0872,10.6024,78.0698,68.0872
2026-06-02 14:41:44.044,LIVE,NEW_DATA,10.6173,78.0698,68.0872,10.6173,78.0698,68.0872
2026-06-02 14:41:44.075,LIVE,NEW_DATA,10.6021,78.0698,68.0872,10.6021,78.0698,68.0872
2026-06-02 14:41:44.109,LIVE,NEW_DATA,10.6021,78.0698,68.0872,10.6021,78.0698,68.0872
2026-06-02 14:41:44.140,LIVE,NEW_DATA,10.6004,78.0698,68.0872,10.6004,78.0698,68.0872
2026-06-02 14:41:44.171,LIVE,NEW_DATA,10.6010,78.0698,68.0872,10.6010,78.0698,68.0872
2026-06-02 14:41:44.201,LIVE,NEW_DATA,10.6000,78.0698,68.0872,10.6000,78.0698,68.0872
2026-06-02 14:41:44.233,LIVE,NEW_DATA,10.6024,78.0698,68.0872,10.6024,78.0698,68.0872
2026-06-02 14:41:44.264,LIVE,NEW_DATA,10.6087,78.1191,68.0872,10.6087,78.1191,68.0872
2026-06-02 14:41:44.296,LIVE,NEW_DATA,10.6083,78.1191,68.0872,10.6083,78.1191,68.0872
2026-06-02 14:41:44.327,LIVE,NEW_DATA,10.6087,78.1191,68.0872,10.6087,78.1191,68.0872
2026-06-02 14:41:44.359,LIVE,NEW_DATA,10.6069,78.1191,68.0872,10.6069,78.1191,68.0872
2026-06-02 14:41:44.391,LIVE,NEW_DATA,10.6028,78.1191,68.0872,10.6028,78.1191,68.0872
2026-06-02 14:41:44.423,LIVE,NEW_DATA,10.6021,78.1191,68.0872,10.6021,78.1191,68.0872
2026-06-02 14:41:44.453,LIVE,NEW_DATA,10.5993,78.1191,68.0872,10.5993,78.1191,68.0872
2026-06-02 14:41:44.486,LIVE,NEW_DATA,10.6021,78.1191,68.0872,10.6021,78.1191,68.0872
2026-06-02 14:41:44.517,LIVE,NEW_DATA,10.6066,78.1191,68.0872,10.6066,78.1191,68.0872
2026-06-02 14:41:44.549,LIVE,NEW_DATA,10.6049,78.1191,68.0872,10.6049,78.1191,68.0872
2026-06-02 14:41:44.582,LIVE,NEW_DATA,10.6049,78.1191,68.0872,10.6049,78.1191,68.0872
2026-06-02 14:41:44.612,LIVE,NEW_DATA,10.6021,78.1191,68.0872,10.6021,78.1191,68.0872
2026-06-02 14:41:44.644,LIVE,NEW_DATA,10.6069,78.1191,68.0872,10.6069,78.1191,68.0872
2026-06-02 14:41:44.675,LIVE,NEW_DATA,10.6004,78.1191,68.0872,10.6004,78.1191,68.0872
2026-06-02 14:41:44.708,LIVE,NEW_DATA,10.6024,78.1191,68.0872,10.6024,78.1191,68.0872
2026-06-02 14:41:44.739,LIVE,NEW_DATA,10.6014,78.1191,68.0872,10.6014,78.1191,68.0872
2026-06-02 14:41:44.772,LIVE,NEW_DATA,10.6000,77.9406,68.4651,10.6000,77.9406,68.4651
2026-06-02 14:41:44.805,LIVE,NEW_DATA,10.6066,77.9406,68.4651,10.6066,77.9406,68.4651
2026-06-02 14:41:44.834,LIVE,NEW_DATA,10.6118,77.9406,68.4651,10.6118,77.9406,68.4651
2026-06-02 14:41:44.866,LIVE,NEW_DATA,10.6007,77.9406,68.4651,10.6007,77.9406,68.4651
2026-06-02 14:41:44.897,LIVE,NEW_DATA,10.6004,77.9406,68.4651,10.6004,77.9406,68.4651
2026-06-02 14:41:44.929,LIVE,NEW_DATA,10.6004,77.9406,68.4651,10.6004,77.9406,68.4651
2026-06-02 14:41:44.960,LIVE,NEW_DATA,10.5997,77.9406,68.4651,10.5997,77.9406,68.4651
2026-06-02 14:41:44.991,LIVE,NEW_DATA,10.6101,77.9406,68.4651,10.6101,77.9406,68.4651
2026-06-02 14:41:45.024,LIVE,NEW_DATA,10.5997,77.9406,68.4651,10.5997,77.9406,68.4651
2026-06-02 14:41:45.054,LIVE,NEW_DATA,10.6087,77.9406,68.4651,10.6087,77.9406,68.4651
2026-06-02 14:41:45.087,LIVE,NEW_DATA,10.6042,77.9406,68.4651,10.6042,77.9406,68.4651
2026-06-02 14:41:45.118,LIVE,NEW_DATA,10.6042,77.9406,68.4651,10.6042,77.9406,68.4651
2026-06-02 14:41:45.149,LIVE,NEW_DATA,10.6007,77.9406,68.4651,10.6007,77.9406,68.4651
2026-06-02 14:41:45.181,LIVE,NEW_DATA,10.5990,77.9406,68.4651,10.5990,77.9406,68.4651
2026-06-02 14:41:45.213,LIVE,NEW_DATA,10.6014,77.9406,68.4651,10.6014,77.9406,68.4651
2026-06-02 14:41:45.245,LIVE,NEW_DATA,10.5979,77.9458,68.3656,10.5979,77.9458,68.3656
2026-06-02 14:41:45.277,LIVE,NEW_DATA,10.6010,77.9458,68.3656,10.6010,77.9458,68.3656
2026-06-02 14:41:45.308,LIVE,NEW_DATA,10.5979,77.9458,68.3656,10.5979,77.9458,68.3656
2026-06-02 14:41:45.339,LIVE,NEW_DATA,10.5965,77.9458,68.3656,10.5965,77.9458,68.3656
2026-06-02 14:41:45.371,LIVE,NEW_DATA,10.5986,77.9458,68.3656,10.5986,77.9458,68.3656
2026-06-02 14:41:45.401,LIVE,NEW_DATA,10.6014,77.9458,68.3656,10.6014,77.9458,68.3656
2026-06-02 14:41:45.433,LIVE,NEW_DATA,10.5979,77.9458,68.3656,10.5979,77.9458,68.3656
2026-06-02 14:41:45.465,LIVE,NEW_DATA,10.5979,77.9458,68.3656,10.5979,77.9458,68.3656
2026-06-02 14:41:45.497,LIVE,NEW_DATA,10.5983,77.9458,68.3656,10.5983,77.9458,68.3656
2026-06-02 14:41:45.529,LIVE,NEW_DATA,10.5958,77.9458,68.3656,10.5958,77.9458,68.3656
2026-06-02 14:41:45.560,LIVE,NEW_DATA,10.5941,77.9458,68.3656,10.5941,77.9458,68.3656
2026-06-02 14:41:45.596,LIVE,NEW_DATA,10.6146,77.9458,68.3656,10.6146,77.9458,68.3656
2026-06-02 14:41:45.624,LIVE,NEW_DATA,10.5951,77.9458,68.3656,10.5951,77.9458,68.3656
2026-06-02 14:41:45.654,LIVE,NEW_DATA,10.5965,77.9458,68.3656,10.5965,77.9458,68.3656
2026-06-02 14:41:45.685,LIVE,NEW_DATA,10.5924,77.9458,68.3656,10.5924,77.9458,68.3656
2026-06-02 14:41:45.718,LIVE,NEW_DATA,10.5941,77.9458,68.3656,10.5941,77.9458,68.3656
2026-06-02 14:41:45.749,LIVE,NEW_DATA,10.5969,77.9458,67.9685,10.5969,77.9458,67.9685
2026-06-02 14:41:45.781,LIVE,NEW_DATA,10.5955,77.9458,67.9685,10.5955,77.9458,67.9685
2026-06-02 14:41:45.813,LIVE,NEW_DATA,10.5976,77.9458,67.9685,10.5976,77.9458,67.9685
2026-06-02 14:41:45.844,LIVE,NEW_DATA,10.5965,77.9458,67.9685,10.5965,77.9458,67.9685
2026-06-02 14:41:45.876,LIVE,NEW_DATA,10.5986,77.9458,67.9685,10.5986,77.9458,67.9685
2026-06-02 14:41:45.907,LIVE,NEW_DATA,10.5945,77.9458,67.9685,10.5945,77.9458,67.9685
2026-06-02 14:41:45.938,LIVE,NEW_DATA,10.5938,77.9458,67.9685,10.5938,77.9458,67.9685
2026-06-02 14:41:45.970,LIVE,NEW_DATA,10.5976,77.9458,67.9685,10.5976,77.9458,67.9685
2026-06-02 14:41:46.002,LIVE,NEW_DATA,10.5917,77.9458,67.9685,10.5917,77.9458,67.9685
2026-06-02 14:41:46.035,LIVE,NEW_DATA,10.5920,77.9458,67.9685,10.5920,77.9458,67.9685
2026-06-02 14:41:46.067,LIVE,NEW_DATA,10.5913,77.9458,67.9685,10.5913,77.9458,67.9685
2026-06-02 14:41:46.097,LIVE,NEW_DATA,10.5931,77.9458,67.9685,10.5931,77.9458,67.9685
2026-06-02 14:41:46.130,LIVE,NEW_DATA,10.5896,77.9458,67.9685,10.5896,77.9458,67.9685
2026-06-02 14:41:46.159,LIVE,NEW_DATA,10.5872,77.9458,67.9685,10.5872,77.9458,67.9685
2026-06-02 14:41:46.191,LIVE,NEW_DATA,10.5872,77.9458,67.9685,10.5872,77.9458,67.9685
2026-06-02 14:41:46.222,LIVE,NEW_DATA,10.5854,77.9458,67.9685,10.5854,77.9458,67.9685
2026-06-02 14:41:46.254,LIVE,NEW_DATA,10.5910,77.8394,66.3804,10.5910,77.8394,66.3804
2026-06-02 14:41:46.287,LIVE,NEW_DATA,10.5861,77.8394,66.3804,10.5861,77.8394,66.3804
2026-06-02 14:41:46.318,LIVE,NEW_DATA,10.5865,77.8394,66.3804,10.5865,77.8394,66.3804
2026-06-02 14:41:46.348,LIVE,NEW_DATA,10.5948,77.8394,66.3804,10.5948,77.8394,66.3804
2026-06-02 14:41:46.383,LIVE,NEW_DATA,10.5847,77.8394,66.3804,10.5847,77.8394,66.3804
2026-06-02 14:41:46.410,LIVE,NEW_DATA,10.5854,77.8394,66.3804,10.5854,77.8394,66.3804
2026-06-02 14:41:46.442,LIVE,NEW_DATA,10.5816,77.8394,66.3804,10.5816,77.8394,66.3804
2026-06-02 14:41:46.474,LIVE,NEW_DATA,10.5854,77.8394,66.3804,10.5854,77.8394,66.3804
2026-06-02 14:41:46.505,LIVE,NEW_DATA,10.5854,77.8394,66.3804,10.5854,77.8394,66.3804
2026-06-02 14:41:46.537,LIVE,NEW_DATA,10.5889,77.8394,66.3804,10.5889,77.8394,66.3804
2026-06-02 14:41:46.569,LIVE,NEW_DATA,10.5899,77.8394,66.3804,10.5899,77.8394,66.3804
2026-06-02 14:41:46.600,LIVE,NEW_DATA,10.5910,77.8394,66.3804,10.5910,77.8394,66.3804
2026-06-02 14:41:46.632,LIVE,NEW_DATA,10.5834,77.8394,66.3804,10.5834,77.8394,66.3804
2026-06-02 14:41:46.664,LIVE,NEW_DATA,10.5834,77.8394,66.3804,10.5834,77.8394,66.3804
2026-06-02 14:41:46.695,LIVE,NEW_DATA,10.5816,77.8394,66.3804,10.5816,77.8394,66.3804
2026-06-02 14:41:46.727,LIVE,NEW_DATA,10.5743,77.8394,66.3804,10.5743,77.8394,66.3804
2026-06-02 14:41:46.758,LIVE,NEW_DATA,10.5799,77.9956,65.9199,10.5799,77.9956,65.9199
2026-06-02 14:41:46.789,LIVE,NEW_DATA,10.5788,77.9956,65.9199,10.5788,77.9956,65.9199
2026-06-02 14:41:46.820,LIVE,NEW_DATA,10.5771,77.9956,65.9199,10.5771,77.9956,65.9199
2026-06-02 14:41:46.853,LIVE,NEW_DATA,10.5792,77.9956,65.9199,10.5792,77.9956,65.9199
2026-06-02 14:41:46.884,LIVE,NEW_DATA,10.5778,77.9956,65.9199,10.5778,77.9956,65.9199
2026-06-02 14:41:46.915,LIVE,NEW_DATA,10.5743,77.9956,65.9199,10.5743,77.9956,65.9199
2026-06-02 14:41:46.947,LIVE,NEW_DATA,10.5782,77.9956,65.9199,10.5782,77.9956,65.9199
2026-06-02 14:41:46.978,LIVE,NEW_DATA,10.5730,77.9956,65.9199,10.5730,77.9956,65.9199
2026-06-02 14:41:47.010,LIVE,NEW_DATA,10.5754,77.9956,65.9199,10.5754,77.9956,65.9199
2026-06-02 14:41:47.041,LIVE,NEW_DATA,10.5771,77.9956,65.9199,10.5771,77.9956,65.9199
2026-06-02 14:41:47.074,LIVE,NEW_DATA,10.5764,77.9956,65.9199,10.5764,77.9956,65.9199
2026-06-02 14:41:47.104,LIVE,NEW_DATA,10.5771,77.9956,65.9199,10.5771,77.9956,65.9199
2026-06-02 14:41:47.137,LIVE,NEW_DATA,10.5965,77.9956,65.9199,10.5965,77.9956,65.9199
2026-06-02 14:41:47.171,LIVE,NEW_DATA,10.5747,77.9956,65.9199,10.5747,77.9956,65.9199
2026-06-02 14:41:47.200,LIVE,NEW_DATA,10.5719,77.9956,65.9199,10.5719,77.9956,65.9199
2026-06-02 14:41:47.231,LIVE,NEW_DATA,10.5764,77.9956,65.9199,10.5764,77.9956,65.9199
2026-06-02 14:41:47.263,LIVE,NEW_DATA,10.5716,77.9956,66.0862,10.5716,77.9956,66.0862
2026-06-02 14:41:47.295,LIVE,NEW_DATA,10.5750,77.9956,66.0862,10.5750,77.9956,66.0862
2026-06-02 14:41:47.325,LIVE,NEW_DATA,10.5771,77.9956,66.0862,10.5771,77.9956,66.0862
2026-06-02 14:41:47.357,LIVE,NEW_DATA,10.5775,77.9956,66.0862,10.5775,77.9956,66.0862
2026-06-02 14:41:47.389,LIVE,NEW_DATA,10.5764,77.9956,66.0862,10.5764,77.9956,66.0862
2026-06-02 14:41:47.420,LIVE,NEW_DATA,10.5716,77.9956,66.0862,10.5716,77.9956,66.0862
2026-06-02 14:41:47.451,LIVE,NEW_DATA,10.5702,77.9956,66.0862,10.5702,77.9956,66.0862
2026-06-02 14:41:47.482,LIVE,NEW_DATA,10.5660,77.9956,66.0862,10.5660,77.9956,66.0862
2026-06-02 14:41:47.515,LIVE,NEW_DATA,10.5716,77.9956,66.0862,10.5716,77.9956,66.0862
2026-06-02 14:41:47.545,LIVE,NEW_DATA,10.5671,77.9956,66.0862,10.5671,77.9956,66.0862
2026-06-02 14:41:47.577,LIVE,NEW_DATA,10.5657,77.9956,66.0862,10.5657,77.9956,66.0862
2026-06-02 14:41:47.609,LIVE,NEW_DATA,10.5671,77.9956,66.0862,10.5671,77.9956,66.0862
2026-06-02 14:41:47.640,LIVE,NEW_DATA,10.5667,77.9956,66.0862,10.5667,77.9956,66.0862
2026-06-02 14:41:47.672,LIVE,NEW_DATA,10.5671,77.9956,66.0862,10.5671,77.9956,66.0862
2026-06-02 14:41:47.702,LIVE,NEW_DATA,10.5671,77.9956,66.0862,10.5671,77.9956,66.0862
2026-06-02 14:41:47.734,LIVE,NEW_DATA,10.5671,77.9956,66.0862,10.5671,77.9956,66.0862
2026-06-02 14:41:47.765,LIVE,NEW_DATA,10.5632,77.9365,66.1186,10.5632,77.9365,66.1186
2026-06-02 14:41:47.796,LIVE,NEW_DATA,10.5646,77.9365,66.1186,10.5646,77.9365,66.1186
2026-06-02 14:41:47.828,LIVE,NEW_DATA,10.5632,77.9365,66.1186,10.5632,77.9365,66.1186
2026-06-02 14:41:47.860,LIVE,NEW_DATA,10.5619,77.9365,66.1186,10.5619,77.9365,66.1186
2026-06-02 14:41:47.891,LIVE,NEW_DATA,10.5580,77.9365,66.1186,10.5580,77.9365,66.1186
2026-06-02 14:41:47.923,LIVE,NEW_DATA,10.5844,77.9365,66.1186,10.5844,77.9365,66.1186
2026-06-02 14:41:47.957,LIVE,NEW_DATA,10.5563,77.9365,66.1186,10.5563,77.9365,66.1186
2026-06-02 14:41:47.985,LIVE,NEW_DATA,10.5591,77.9365,66.1186,10.5591,77.9365,66.1186
2026-06-02 14:41:48.016,LIVE,NEW_DATA,10.5577,77.9365,66.1186,10.5577,77.9365,66.1186
2026-06-02 14:41:48.048,LIVE,NEW_DATA,10.5567,77.9365,66.1186,10.5567,77.9365,66.1186
2026-06-02 14:41:48.080,LIVE,NEW_DATA,10.5577,77.9365,66.1186,10.5577,77.9365,66.1186
2026-06-02 14:41:48.111,LIVE,NEW_DATA,10.5622,77.9365,66.1186,10.5622,77.9365,66.1186
2026-06-02 14:41:48.141,LIVE,NEW_DATA,10.5632,77.9365,66.1186,10.5632,77.9365,66.1186
2026-06-02 14:41:48.173,LIVE,NEW_DATA,10.5619,77.9365,66.1186,10.5619,77.9365,66.1186
2026-06-02 14:41:48.205,LIVE,NEW_DATA,10.5615,77.9365,66.1186,10.5615,77.9365,66.1186
2026-06-02 14:41:48.237,LIVE,NEW_DATA,10.5560,77.9365,66.1186,10.5560,77.9365,66.1186
2026-06-02 14:41:48.268,LIVE,NEW_DATA,10.5556,77.9637,66.1186,10.5556,77.9637,66.1186
2026-06-02 14:41:48.299,LIVE,NEW_DATA,10.5508,77.9637,66.1186,10.5508,77.9637,66.1186
2026-06-02 14:41:48.331,LIVE,NEW_DATA,10.5563,77.9637,66.1186,10.5563,77.9637,66.1186
2026-06-02 14:41:48.363,LIVE,NEW_DATA,10.5560,77.9637,66.1186,10.5560,77.9637,66.1186
2026-06-02 14:41:48.395,LIVE,NEW_DATA,10.5528,77.9637,66.1186,10.5528,77.9637,66.1186
2026-06-02 14:41:48.426,LIVE,NEW_DATA,10.5521,77.9637,66.1186,10.5521,77.9637,66.1186
2026-06-02 14:41:48.457,LIVE,NEW_DATA,10.5563,77.9637,66.1186,10.5563,77.9637,66.1186
2026-06-02 14:41:48.490,LIVE,NEW_DATA,10.5570,77.9637,66.1186,10.5570,77.9637,66.1186
2026-06-02 14:41:48.522,LIVE,NEW_DATA,10.5480,77.9637,66.1186,10.5480,77.9637,66.1186
2026-06-02 14:41:48.553,LIVE,NEW_DATA,10.5459,77.9637,66.1186,10.5459,77.9637,66.1186
2026-06-02 14:41:48.585,LIVE,NEW_DATA,10.5508,77.9637,66.1186,10.5508,77.9637,66.1186
2026-06-02 14:41:48.615,LIVE,NEW_DATA,10.5508,77.9637,66.1186,10.5508,77.9637,66.1186
2026-06-02 14:41:48.647,LIVE,NEW_DATA,10.5487,77.9637,66.1186,10.5487,77.9637,66.1186
2026-06-02 14:41:48.680,LIVE,NEW_DATA,10.5466,77.9637,66.1186,10.5466,77.9637,66.1186
2026-06-02 14:41:48.712,LIVE,NEW_DATA,10.5622,77.9637,66.1186,10.5622,77.9637,66.1186
2026-06-02 14:41:48.748,LIVE,NEW_DATA,10.5487,77.8834,66.0823,10.5487,77.8834,66.0823
2026-06-02 14:41:48.773,LIVE,NEW_DATA,10.5417,77.8834,66.0823,10.5417,77.8834,66.0823
2026-06-02 14:41:48.803,LIVE,NEW_DATA,10.5417,77.8834,66.0823,10.5417,77.8834,66.0823
2026-06-02 14:41:48.836,LIVE,NEW_DATA,10.5397,77.8834,66.0823,10.5397,77.8834,66.0823
2026-06-02 14:41:48.868,LIVE,NEW_DATA,10.5400,77.8834,66.0823,10.5400,77.8834,66.0823
2026-06-02 14:41:48.898,LIVE,NEW_DATA,10.5466,77.8834,66.0823,10.5466,77.8834,66.0823
2026-06-02 14:41:48.930,LIVE,NEW_DATA,10.5521,77.8834,66.0823,10.5521,77.8834,66.0823
2026-06-02 14:41:48.961,LIVE,NEW_DATA,10.5511,77.8834,66.0823,10.5511,77.8834,66.0823
2026-06-02 14:41:48.993,LIVE,NEW_DATA,10.5494,77.8834,66.0823,10.5494,77.8834,66.0823
2026-06-02 14:41:49.024,LIVE,NEW_DATA,10.5393,77.8834,66.0823,10.5393,77.8834,66.0823
2026-06-02 14:41:49.057,LIVE,NEW_DATA,10.5442,77.8834,66.0823,10.5442,77.8834,66.0823
2026-06-02 14:41:49.089,LIVE,NEW_DATA,10.5428,77.8834,66.0823,10.5428,77.8834,66.0823
2026-06-02 14:41:49.119,LIVE,NEW_DATA,10.5407,77.8834,66.0823,10.5407,77.8834,66.0823
2026-06-02 14:41:49.151,LIVE,NEW_DATA,10.5417,77.8834,66.0823,10.5417,77.8834,66.0823
2026-06-02 14:41:49.181,LIVE,NEW_DATA,10.5383,77.8834,66.0823,10.5383,77.8834,66.0823
2026-06-02 14:41:49.212,LIVE,NEW_DATA,10.5348,77.8834,66.0823,10.5348,77.8834,66.0823
2026-06-02 14:41:49.243,LIVE,NEW_DATA,10.5352,77.6704,66.0926,10.5352,77.6704,66.0926
2026-06-02 14:41:49.275,LIVE,NEW_DATA,10.5352,77.6704,66.0926,10.5352,77.6704,66.0926
2026-06-02 14:41:49.307,LIVE,NEW_DATA,10.5303,77.6704,66.0926,10.5303,77.6704,66.0926
2026-06-02 14:41:49.339,LIVE,NEW_DATA,10.5327,77.6704,66.0926,10.5327,77.6704,66.0926
2026-06-02 14:41:49.370,LIVE,NEW_DATA,10.5348,77.6704,66.0926,10.5348,77.6704,66.0926
2026-06-02 14:41:49.402,LIVE,NEW_DATA,10.5338,77.6704,66.0926,10.5338,77.6704,66.0926
2026-06-02 14:41:49.434,LIVE,NEW_DATA,10.5352,77.6704,66.0926,10.5352,77.6704,66.0926
2026-06-02 14:41:49.465,LIVE,NEW_DATA,10.5327,77.6704,66.0926,10.5327,77.6704,66.0926
2026-06-02 14:41:49.496,LIVE,NEW_DATA,10.5348,77.6704,66.0926,10.5348,77.6704,66.0926
2026-06-02 14:41:49.532,LIVE,NEW_DATA,10.5390,77.6704,66.0926,10.5390,77.6704,66.0926
2026-06-02 14:41:49.559,LIVE,NEW_DATA,10.5247,77.6704,66.0926,10.5247,77.6704,66.0926
2026-06-02 14:41:49.590,LIVE,NEW_DATA,10.5317,77.6704,66.0926,10.5317,77.6704,66.0926
2026-06-02 14:41:49.621,LIVE,NEW_DATA,10.5272,77.6704,66.0926,10.5272,77.6704,66.0926
2026-06-02 14:41:49.653,LIVE,NEW_DATA,10.5286,77.6704,66.0926,10.5286,77.6704,66.0926
2026-06-02 14:41:49.685,LIVE,NEW_DATA,10.5244,77.6704,66.0926,10.5244,77.6704,66.0926
2026-06-02 14:41:49.716,LIVE,NEW_DATA,10.5279,77.6704,66.0926,10.5279,77.6704,66.0926
2026-06-02 14:41:49.746,LIVE,NEW_DATA,10.5355,77.8733,66.0926,10.5355,77.8733,66.0926
2026-06-02 14:41:49.778,LIVE,NEW_DATA,10.5327,77.8733,66.0926,10.5327,77.8733,66.0926
2026-06-02 14:41:49.809,LIVE,NEW_DATA,10.5272,77.8733,66.0926,10.5272,77.8733,66.0926
2026-06-02 14:41:49.840,LIVE,NEW_DATA,10.5265,77.8733,66.0926,10.5265,77.8733,66.0926
2026-06-02 14:41:49.872,LIVE,NEW_DATA,10.5227,77.8733,66.0926,10.5227,77.8733,66.0926
2026-06-02 14:41:49.902,LIVE,NEW_DATA,10.5261,77.8733,66.0926,10.5261,77.8733,66.0926
2026-06-02 14:41:49.934,LIVE,NEW_DATA,10.5209,77.8733,66.0926,10.5209,77.8733,66.0926
2026-06-02 14:41:49.966,LIVE,NEW_DATA,10.5265,77.8733,66.0926,10.5265,77.8733,66.0926
2026-06-02 14:41:49.998,LIVE,NEW_DATA,10.5244,77.8733,66.0926,10.5244,77.8733,66.0926
2026-06-02 14:41:50.029,LIVE,NEW_DATA,10.5258,77.8733,66.0926,10.5258,77.8733,66.0926
2026-06-02 14:41:50.060,LIVE,NEW_DATA,10.5202,77.8733,66.0926,10.5202,77.8733,66.0926
2026-06-02 14:41:50.092,LIVE,NEW_DATA,10.5178,77.8733,66.0926,10.5178,77.8733,66.0926
2026-06-02 14:41:50.123,LIVE,NEW_DATA,10.5202,77.8733,66.0926,10.5202,77.8733,66.0926
2026-06-02 14:41:50.154,LIVE,NEW_DATA,10.5220,77.8733,66.0926,10.5220,77.8733,66.0926
2026-06-02 14:41:50.185,LIVE,NEW_DATA,10.5154,77.8733,66.0926,10.5154,77.8733,66.0926
2026-06-02 14:41:50.218,LIVE,NEW_DATA,10.5213,77.8733,66.0926,10.5213,77.8733,66.0926
2026-06-02 14:41:50.249,LIVE,NEW_DATA,10.5147,77.8381,65.9845,10.5147,77.8381,65.9845
2026-06-02 14:41:50.281,LIVE,NEW_DATA,10.5258,77.8381,65.9845,10.5258,77.8381,65.9845
2026-06-02 14:41:50.315,LIVE,NEW_DATA,10.5272,77.8381,65.9845,10.5272,77.8381,65.9845
2026-06-02 14:41:50.343,LIVE,NEW_DATA,10.5175,77.8381,65.9845,10.5175,77.8381,65.9845
2026-06-02 14:41:50.373,LIVE,NEW_DATA,10.5150,77.8381,65.9845,10.5150,77.8381,65.9845
2026-06-02 14:41:50.404,LIVE,NEW_DATA,10.5161,77.8381,65.9845,10.5161,77.8381,65.9845
2026-06-02 14:41:50.436,LIVE,NEW_DATA,10.5189,77.8381,65.9845,10.5189,77.8381,65.9845
2026-06-02 14:41:50.467,LIVE,NEW_DATA,10.5143,77.8381,65.9845,10.5143,77.8381,65.9845
2026-06-02 14:41:50.499,LIVE,NEW_DATA,10.5227,77.8381,65.9845,10.5227,77.8381,65.9845
2026-06-02 14:41:50.531,LIVE,NEW_DATA,10.5216,77.8381,65.9845,10.5216,77.8381,65.9845
2026-06-02 14:41:50.563,LIVE,NEW_DATA,10.5216,77.8381,65.9845,10.5216,77.8381,65.9845
2026-06-02 14:41:50.595,LIVE,NEW_DATA,10.5150,77.8381,65.9845,10.5150,77.8381,65.9845
2026-06-02 14:41:50.626,LIVE,NEW_DATA,10.5140,77.8381,65.9845,10.5140,77.8381,65.9845
2026-06-02 14:41:50.658,LIVE,NEW_DATA,10.5098,77.8381,65.9845,10.5098,77.8381,65.9845
2026-06-02 14:41:50.690,LIVE,NEW_DATA,10.5095,77.8381,65.9845,10.5095,77.8381,65.9845
2026-06-02 14:41:50.721,LIVE,NEW_DATA,10.5112,77.8381,65.9845,10.5112,77.8381,65.9845
2026-06-02 14:41:50.752,LIVE,NEW_DATA,10.5105,77.8966,66.1713,10.5105,77.8966,66.1713
2026-06-02 14:41:50.783,LIVE,NEW_DATA,10.5123,77.8966,66.1713,10.5123,77.8966,66.1713
2026-06-02 14:41:50.815,LIVE,NEW_DATA,10.5081,77.8966,66.1713,10.5081,77.8966,66.1713
2026-06-02 14:41:50.848,LIVE,NEW_DATA,10.5116,77.8966,66.1713,10.5116,77.8966,66.1713
2026-06-02 14:41:50.878,LIVE,NEW_DATA,10.5064,77.8966,66.1713,10.5064,77.8966,66.1713
2026-06-02 14:41:50.911,LIVE,NEW_DATA,10.5095,77.8966,66.1713,10.5095,77.8966,66.1713
2026-06-02 14:41:50.942,LIVE,NEW_DATA,10.5091,77.8966,66.1713,10.5091,77.8966,66.1713
2026-06-02 14:41:50.973,LIVE,NEW_DATA,10.5112,77.8966,66.1713,10.5112,77.8966,66.1713
2026-06-02 14:41:51.006,LIVE,NEW_DATA,10.5050,77.8966,66.1713,10.5050,77.8966,66.1713
2026-06-02 14:41:51.038,LIVE,NEW_DATA,10.5026,77.8966,66.1713,10.5026,77.8966,66.1713
2026-06-02 14:41:51.069,LIVE,NEW_DATA,10.5060,77.8966,66.1713,10.5060,77.8966,66.1713
2026-06-02 14:41:51.103,LIVE,NEW_DATA,10.5244,77.8966,66.1713,10.5244,77.8966,66.1713
2026-06-02 14:41:51.132,LIVE,NEW_DATA,10.5032,77.8966,66.1713,10.5032,77.8966,66.1713
2026-06-02 14:41:51.163,LIVE,NEW_DATA,10.5053,77.8966,66.1713,10.5053,77.8966,66.1713
2026-06-02 14:41:51.194,LIVE,NEW_DATA,10.5015,77.8966,66.1713,10.5015,77.8966,66.1713
2026-06-02 14:41:51.227,LIVE,NEW_DATA,10.4980,77.8966,66.1713,10.4980,77.8966,66.1713
2026-06-02 14:41:51.259,LIVE,NEW_DATA,10.5001,77.8483,66.1713,10.5001,77.8483,66.1713
2026-06-02 14:41:51.290,LIVE,NEW_DATA,10.5050,77.8483,66.1713,10.5050,77.8483,66.1713
2026-06-02 14:41:51.322,LIVE,NEW_DATA,10.5060,77.8483,66.1713,10.5060,77.8483,66.1713
2026-06-02 14:41:51.353,LIVE,NEW_DATA,10.5071,77.8483,66.1713,10.5071,77.8483,66.1713
2026-06-02 14:41:51.384,LIVE,NEW_DATA,10.5078,77.8483,66.1713,10.5078,77.8483,66.1713
2026-06-02 14:41:51.416,LIVE,NEW_DATA,10.5005,77.8483,66.1713,10.5005,77.8483,66.1713
2026-06-02 14:41:51.448,LIVE,NEW_DATA,10.5001,77.8483,66.1713,10.5001,77.8483,66.1713
2026-06-02 14:41:51.480,LIVE,NEW_DATA,10.4970,77.8483,66.1713,10.4970,77.8483,66.1713
2026-06-02 14:41:51.512,LIVE,NEW_DATA,10.4977,77.8483,66.1713,10.4977,77.8483,66.1713
2026-06-02 14:41:51.544,LIVE,NEW_DATA,10.4918,77.8483,66.1713,10.4918,77.8483,66.1713
2026-06-02 14:41:51.574,LIVE,NEW_DATA,10.4970,77.8483,66.1713,10.4970,77.8483,66.1713
2026-06-02 14:41:51.606,LIVE,NEW_DATA,10.4942,77.8483,66.1713,10.4942,77.8483,66.1713
2026-06-02 14:41:51.637,LIVE,NEW_DATA,10.4949,77.8483,66.1713,10.4949,77.8483,66.1713
2026-06-02 14:41:51.669,LIVE,NEW_DATA,10.4918,77.8483,66.1713,10.4918,77.8483,66.1713
2026-06-02 14:41:51.701,LIVE,NEW_DATA,10.4911,77.8483,66.1713,10.4911,77.8483,66.1713
2026-06-02 14:41:51.731,LIVE,NEW_DATA,10.4908,77.8483,66.1713,10.4908,77.8483,66.1713
2026-06-02 14:41:51.763,LIVE,NEW_DATA,10.4949,77.7934,66.4131,10.4949,77.7934,66.4131
2026-06-02 14:41:51.795,LIVE,NEW_DATA,10.4925,77.7934,66.4131,10.4925,77.7934,66.4131
2026-06-02 14:41:51.826,LIVE,NEW_DATA,10.4876,77.7934,66.4131,10.4876,77.7934,66.4131
2026-06-02 14:41:51.858,LIVE,NEW_DATA,10.4897,77.7934,66.4131,10.4897,77.7934,66.4131
2026-06-02 14:41:51.895,LIVE,NEW_DATA,10.5050,77.7934,66.4131,10.5050,77.7934,66.4131
2026-06-02 14:41:51.921,LIVE,NEW_DATA,10.4911,77.7934,66.4131,10.4911,77.7934,66.4131
2026-06-02 14:41:51.953,LIVE,NEW_DATA,10.4876,77.7934,66.4131,10.4876,77.7934,66.4131
2026-06-02 14:41:51.985,LIVE,NEW_DATA,10.4876,77.7934,66.4131,10.4876,77.7934,66.4131
2026-06-02 14:41:52.017,LIVE,NEW_DATA,10.4904,77.7934,66.4131,10.4904,77.7934,66.4131
2026-06-02 14:41:52.049,LIVE,NEW_DATA,10.4869,77.7934,66.4131,10.4869,77.7934,66.4131
2026-06-02 14:41:52.079,LIVE,NEW_DATA,10.4901,77.7934,66.4131,10.4901,77.7934,66.4131
2026-06-02 14:41:52.110,LIVE,NEW_DATA,10.4928,77.7934,66.4131,10.4928,77.7934,66.4131
2026-06-02 14:41:52.141,LIVE,NEW_DATA,10.4956,77.7934,66.4131,10.4956,77.7934,66.4131
2026-06-02 14:41:52.173,LIVE,NEW_DATA,10.4911,77.7934,66.4131,10.4911,77.7934,66.4131
2026-06-02 14:41:52.204,LIVE,NEW_DATA,10.4883,77.7934,66.4131,10.4883,77.7934,66.4131
2026-06-02 14:41:52.236,LIVE,NEW_DATA,10.4883,77.7934,66.4131,10.4883,77.7934,66.4131
2026-06-02 14:41:52.267,LIVE,NEW_DATA,10.4876,77.5925,66.5506,10.4876,77.5925,66.5506
2026-06-02 14:41:52.299,LIVE,NEW_DATA,10.4835,77.5925,66.5506,10.4835,77.5925,66.5506
2026-06-02 14:41:52.331,LIVE,NEW_DATA,10.4883,77.5925,66.5506,10.4883,77.5925,66.5506
2026-06-02 14:41:52.362,LIVE,NEW_DATA,10.4883,77.5925,66.5506,10.4883,77.5925,66.5506
2026-06-02 14:41:52.395,LIVE,NEW_DATA,10.4849,77.5925,66.5506,10.4849,77.5925,66.5506
2026-06-02 14:41:52.425,LIVE,NEW_DATA,10.4859,77.5925,66.5506,10.4859,77.5925,66.5506
2026-06-02 14:41:52.456,LIVE,NEW_DATA,10.4828,77.5925,66.5506,10.4828,77.5925,66.5506
2026-06-02 14:41:52.488,LIVE,NEW_DATA,10.4783,77.5925,66.5506,10.4783,77.5925,66.5506
2026-06-02 14:41:52.520,LIVE,NEW_DATA,10.4821,77.5925,66.5506,10.4821,77.5925,66.5506
2026-06-02 14:41:52.550,LIVE,NEW_DATA,10.4783,77.5925,66.5506,10.4783,77.5925,66.5506
2026-06-02 14:41:52.581,LIVE,NEW_DATA,10.4783,77.5925,66.5506,10.4783,77.5925,66.5506
2026-06-02 14:41:52.613,LIVE,NEW_DATA,10.4759,77.5925,66.5506,10.4759,77.5925,66.5506
2026-06-02 14:41:52.645,LIVE,NEW_DATA,10.4738,77.5925,66.5506,10.4738,77.5925,66.5506
2026-06-02 14:41:52.684,LIVE,NEW_DATA,10.5050,77.5925,66.5506,10.5050,77.5925,66.5506
2026-06-02 14:41:52.709,LIVE,NEW_DATA,10.4759,77.5925,66.5506,10.4759,77.5925,66.5506
2026-06-02 14:41:52.740,LIVE,NEW_DATA,10.4759,77.5925,66.5506,10.4759,77.5925,66.5506
2026-06-02 14:41:52.771,LIVE,NEW_DATA,10.4783,77.5472,66.5506,10.4783,77.5472,66.5506
2026-06-02 14:41:52.802,LIVE,NEW_DATA,10.4776,77.5472,66.5506,10.4776,77.5472,66.5506
2026-06-02 14:41:52.834,LIVE,NEW_DATA,10.4765,77.5472,66.5506,10.4765,77.5472,66.5506
2026-06-02 14:41:52.866,LIVE,NEW_DATA,10.4811,77.5472,66.5506,10.4811,77.5472,66.5506
2026-06-02 14:41:52.898,LIVE,NEW_DATA,10.4845,77.5472,66.5506,10.4845,77.5472,66.5506
2026-06-02 14:41:52.929,LIVE,NEW_DATA,10.4783,77.5472,66.5506,10.4783,77.5472,66.5506
2026-06-02 14:41:52.960,LIVE,NEW_DATA,10.4828,77.5472,66.5506,10.4828,77.5472,66.5506
2026-06-02 14:41:52.992,LIVE,NEW_DATA,10.4831,77.5472,66.5506,10.4831,77.5472,66.5506
2026-06-02 14:41:53.024,LIVE,NEW_DATA,10.4838,77.5472,66.5506,10.4838,77.5472,66.5506
2026-06-02 14:41:53.055,LIVE,NEW_DATA,10.4838,77.5472,66.5506,10.4838,77.5472,66.5506
2026-06-02 14:41:53.086,LIVE,NEW_DATA,10.4842,77.5472,66.5506,10.4842,77.5472,66.5506
2026-06-02 14:41:53.118,LIVE,NEW_DATA,10.4828,77.5472,66.5506,10.4828,77.5472,66.5506
2026-06-02 14:41:53.150,LIVE,NEW_DATA,10.4828,77.5472,66.5506,10.4828,77.5472,66.5506
2026-06-02 14:41:53.181,LIVE,NEW_DATA,10.4828,77.5472,66.5506,10.4828,77.5472,66.5506
2026-06-02 14:41:53.212,LIVE,NEW_DATA,10.4842,77.5472,66.5506,10.4842,77.5472,66.5506
2026-06-02 14:41:53.243,LIVE,NEW_DATA,10.4821,77.6784,67.8564,10.4821,77.6784,67.8564
2026-06-02 14:41:53.276,LIVE,NEW_DATA,10.4835,77.6784,67.8564,10.4835,77.6784,67.8564
2026-06-02 14:41:53.307,LIVE,NEW_DATA,10.4866,77.6784,67.8564,10.4866,77.6784,67.8564
2026-06-02 14:41:53.339,LIVE,NEW_DATA,10.4783,77.6784,67.8564,10.4783,77.6784,67.8564
2026-06-02 14:41:53.371,LIVE,NEW_DATA,10.4845,77.6784,67.8564,10.4845,77.6784,67.8564
2026-06-02 14:41:53.403,LIVE,NEW_DATA,10.5005,77.6784,67.8564,10.5005,77.6784,67.8564
2026-06-02 14:41:53.433,LIVE,NEW_DATA,10.4863,77.6784,67.8564,10.4863,77.6784,67.8564
2026-06-02 14:41:53.467,LIVE,NEW_DATA,10.4883,77.6784,67.8564,10.4883,77.6784,67.8564
2026-06-02 14:41:53.496,LIVE,NEW_DATA,10.4845,77.6784,67.8564,10.4845,77.6784,67.8564
2026-06-02 14:41:53.527,LIVE,NEW_DATA,10.4883,77.6784,67.8564,10.4883,77.6784,67.8564
2026-06-02 14:41:53.558,LIVE,NEW_DATA,10.4925,77.6784,67.8564,10.4925,77.6784,67.8564
2026-06-02 14:41:53.591,LIVE,NEW_DATA,10.4939,77.6784,67.8564,10.4939,77.6784,67.8564
2026-06-02 14:41:53.623,LIVE,NEW_DATA,10.4974,77.6784,67.8564,10.4974,77.6784,67.8564
2026-06-02 14:41:53.655,LIVE,NEW_DATA,10.4956,77.6784,67.8564,10.4956,77.6784,67.8564
2026-06-02 14:41:53.687,LIVE,NEW_DATA,10.4967,77.6784,67.8564,10.4967,77.6784,67.8564
2026-06-02 14:41:53.718,LIVE,NEW_DATA,10.4956,77.6784,67.8564,10.4956,77.6784,67.8564
2026-06-02 14:41:53.749,LIVE,NEW_DATA,10.4949,77.8527,67.9208,10.4949,77.8527,67.9208
2026-06-02 14:41:53.781,LIVE,NEW_DATA,10.4942,77.8527,67.9208,10.4942,77.8527,67.9208
2026-06-02 14:41:53.812,LIVE,NEW_DATA,10.4942,77.8527,67.9208,10.4942,77.8527,67.9208
2026-06-02 14:41:53.843,LIVE,NEW_DATA,10.4956,77.8527,67.9208,10.4956,77.8527,67.9208
2026-06-02 14:41:53.876,LIVE,NEW_DATA,10.4949,77.8527,67.9208,10.4949,77.8527,67.9208
2026-06-02 14:41:53.908,LIVE,NEW_DATA,10.4939,77.8527,67.9208,10.4939,77.8527,67.9208
2026-06-02 14:41:53.939,LIVE,NEW_DATA,10.4932,77.8527,67.9208,10.4932,77.8527,67.9208
2026-06-02 14:41:53.970,LIVE,NEW_DATA,10.4970,77.8527,67.9208,10.4970,77.8527,67.9208
2026-06-02 14:41:54.005,LIVE,NEW_DATA,10.4939,77.8527,67.9208,10.4939,77.8527,67.9208
2026-06-02 14:41:54.034,LIVE,NEW_DATA,10.4897,77.8527,67.9208,10.4897,77.8527,67.9208
2026-06-02 14:41:54.065,LIVE,NEW_DATA,10.4932,77.8527,67.9208,10.4932,77.8527,67.9208
2026-06-02 14:41:54.096,LIVE,NEW_DATA,10.5116,77.8527,67.9208,10.5116,77.8527,67.9208
2026-06-02 14:41:54.127,LIVE,NEW_DATA,10.4880,77.8527,67.9208,10.4880,77.8527,67.9208
2026-06-02 14:41:54.158,LIVE,NEW_DATA,10.4849,77.8527,67.9208,10.4849,77.8527,67.9208
2026-06-02 14:41:54.188,LIVE,NEW_DATA,10.4838,77.8527,67.9208,10.4838,77.8527,67.9208
2026-06-02 14:41:54.220,LIVE,NEW_DATA,10.4783,77.8527,67.9208,10.4783,77.8527,67.9208
2026-06-02 14:41:54.256,LIVE,NEW_DATA,10.4783,77.7713,67.9208,10.4783,77.7713,67.9208
2026-06-02 14:41:54.285,LIVE,NEW_DATA,10.4783,77.7713,67.9208,10.4783,77.7713,67.9208
2026-06-02 14:41:54.316,LIVE,NEW_DATA,10.4783,77.7713,67.9208,10.4783,77.7713,67.9208
2026-06-02 14:41:54.347,LIVE,NEW_DATA,10.4814,77.7713,67.9208,10.4814,77.7713,67.9208
2026-06-02 14:41:54.380,LIVE,NEW_DATA,10.4783,77.7713,67.9208,10.4783,77.7713,67.9208
2026-06-02 14:41:54.411,LIVE,NEW_DATA,10.4759,77.7713,67.9208,10.4759,77.7713,67.9208
2026-06-02 14:41:54.443,LIVE,NEW_DATA,10.4783,77.7713,67.9208,10.4783,77.7713,67.9208
2026-06-02 14:41:54.474,LIVE,NEW_DATA,10.4734,77.7713,67.9208,10.4734,77.7713,67.9208
2026-06-02 14:41:54.504,LIVE,NEW_DATA,10.4769,77.7713,67.9208,10.4769,77.7713,67.9208
2026-06-02 14:41:54.537,LIVE,NEW_DATA,10.4745,77.7713,67.9208,10.4745,77.7713,67.9208
2026-06-02 14:41:54.567,LIVE,NEW_DATA,10.4752,77.7713,67.9208,10.4752,77.7713,67.9208
2026-06-02 14:41:54.598,LIVE,NEW_DATA,10.4734,77.7713,67.9208,10.4734,77.7713,67.9208
2026-06-02 14:41:54.630,LIVE,NEW_DATA,10.4734,77.7713,67.9208,10.4734,77.7713,67.9208
2026-06-02 14:41:54.661,LIVE,NEW_DATA,10.4734,77.7713,67.9208,10.4734,77.7713,67.9208
2026-06-02 14:41:54.693,LIVE,NEW_DATA,10.4734,77.7713,67.9208,10.4734,77.7713,67.9208
2026-06-02 14:41:54.725,LIVE,NEW_DATA,10.4686,77.7713,67.9208,10.4686,77.7713,67.9208
2026-06-02 14:41:54.756,LIVE,NEW_DATA,10.4693,78.0426,67.2868,10.4693,78.0426,67.2868
2026-06-02 14:41:54.787,LIVE,NEW_DATA,10.4772,78.0426,67.2868,10.4772,78.0426,67.2868
2026-06-02 14:41:54.816,LIVE,NEW_DATA,10.4658,78.0426,67.2868,10.4658,78.0426,67.2868
2026-06-02 14:41:54.848,LIVE,NEW_DATA,10.4682,78.0426,67.2868,10.4682,78.0426,67.2868
2026-06-02 14:41:54.879,LIVE,NEW_DATA,10.4658,78.0426,67.2868,10.4658,78.0426,67.2868
2026-06-02 14:41:54.912,LIVE,NEW_DATA,10.4661,78.0426,67.2868,10.4661,78.0426,67.2868
2026-06-02 14:41:54.943,LIVE,NEW_DATA,10.4627,78.0426,67.2868,10.4627,78.0426,67.2868
2026-06-02 14:41:54.974,LIVE,NEW_DATA,10.4661,78.0426,67.2868,10.4661,78.0426,67.2868
2026-06-02 14:41:55.006,LIVE,NEW_DATA,10.4693,78.0426,67.2868,10.4693,78.0426,67.2868
2026-06-02 14:41:55.043,LIVE,NEW_DATA,10.4672,78.0426,67.2868,10.4672,78.0426,67.2868
2026-06-02 14:41:55.068,LIVE,NEW_DATA,10.4620,78.0426,67.2868,10.4620,78.0426,67.2868
2026-06-02 14:41:55.100,LIVE,NEW_DATA,10.4668,78.0426,67.2868,10.4668,78.0426,67.2868
2026-06-02 14:41:55.131,LIVE,NEW_DATA,10.4606,78.0426,67.2868,10.4606,78.0426,67.2868
2026-06-02 14:41:55.163,LIVE,NEW_DATA,10.4606,78.0426,67.2868,10.4606,78.0426,67.2868
2026-06-02 14:41:55.195,LIVE,NEW_DATA,10.4592,78.0426,67.2868,10.4592,78.0426,67.2868
2026-06-02 14:41:55.226,LIVE,NEW_DATA,10.4578,78.0426,67.2868,10.4578,78.0426,67.2868
2026-06-02 14:41:55.259,LIVE,NEW_DATA,10.4578,78.3889,66.9061,10.4578,78.3889,66.9061
2026-06-02 14:41:55.291,LIVE,NEW_DATA,10.4568,78.3889,66.9061,10.4568,78.3889,66.9061
2026-06-02 14:41:55.323,LIVE,NEW_DATA,10.4540,78.3889,66.9061,10.4540,78.3889,66.9061
2026-06-02 14:41:55.354,LIVE,NEW_DATA,10.4557,78.3889,66.9061,10.4557,78.3889,66.9061
2026-06-02 14:41:55.387,LIVE,NEW_DATA,10.4582,78.3889,66.9061,10.4582,78.3889,66.9061
2026-06-02 14:41:55.417,LIVE,NEW_DATA,10.4578,78.3889,66.9061,10.4578,78.3889,66.9061
2026-06-02 14:41:55.450,LIVE,NEW_DATA,10.4533,78.3889,66.9061,10.4533,78.3889,66.9061
2026-06-02 14:41:55.482,LIVE,NEW_DATA,10.4481,78.3889,66.9061,10.4481,78.3889,66.9061
2026-06-02 14:41:55.513,LIVE,NEW_DATA,10.4457,78.3889,66.9061,10.4457,78.3889,66.9061
2026-06-02 14:41:55.545,LIVE,NEW_DATA,10.4453,78.3889,66.9061,10.4453,78.3889,66.9061
2026-06-02 14:41:55.576,LIVE,NEW_DATA,10.4471,78.3889,66.9061,10.4471,78.3889,66.9061
2026-06-02 14:41:55.608,LIVE,NEW_DATA,10.4564,78.3889,66.9061,10.4564,78.3889,66.9061
2026-06-02 14:41:55.639,LIVE,NEW_DATA,10.4457,78.3889,66.9061,10.4457,78.3889,66.9061
2026-06-02 14:41:55.669,LIVE,NEW_DATA,10.4478,78.3889,66.9061,10.4478,78.3889,66.9061
2026-06-02 14:41:55.701,LIVE,NEW_DATA,10.4453,78.3889,66.9061,10.4453,78.3889,66.9061
2026-06-02 14:41:55.733,LIVE,NEW_DATA,10.4478,78.3889,66.9061,10.4478,78.3889,66.9061
2026-06-02 14:41:55.764,LIVE,NEW_DATA,10.4450,78.5098,66.4436,10.4450,78.5098,66.4436
2026-06-02 14:41:55.795,LIVE,NEW_DATA,10.4412,78.5098,66.4436,10.4412,78.5098,66.4436
2026-06-02 14:41:55.830,LIVE,NEW_DATA,10.4429,78.5098,66.4436,10.4429,78.5098,66.4436
2026-06-02 14:41:55.860,LIVE,NEW_DATA,10.4453,78.5098,66.4436,10.4453,78.5098,66.4436
2026-06-02 14:41:55.892,LIVE,NEW_DATA,10.4433,78.5098,66.4436,10.4433,78.5098,66.4436
2026-06-02 14:41:55.922,LIVE,NEW_DATA,10.4429,78.5098,66.4436,10.4429,78.5098,66.4436
2026-06-02 14:41:55.955,LIVE,NEW_DATA,10.4450,78.5098,66.4436,10.4450,78.5098,66.4436
2026-06-02 14:41:55.985,LIVE,NEW_DATA,10.4436,78.5098,66.4436,10.4436,78.5098,66.4436
2026-06-02 14:41:56.016,LIVE,NEW_DATA,10.4391,78.5098,66.4436,10.4391,78.5098,66.4436
2026-06-02 14:41:56.047,LIVE,NEW_DATA,10.4426,78.5098,66.4436,10.4426,78.5098,66.4436
2026-06-02 14:41:56.079,LIVE,NEW_DATA,10.4550,78.5098,66.4436,10.4550,78.5098,66.4436
2026-06-02 14:41:56.110,LIVE,NEW_DATA,10.4453,78.5098,66.4436,10.4453,78.5098,66.4436
2026-06-02 14:41:56.143,LIVE,NEW_DATA,10.4471,78.5098,66.4436,10.4471,78.5098,66.4436
2026-06-02 14:41:56.173,LIVE,NEW_DATA,10.4457,78.5098,66.4436,10.4457,78.5098,66.4436
2026-06-02 14:41:56.204,LIVE,NEW_DATA,10.4478,78.5098,66.4436,10.4478,78.5098,66.4436
2026-06-02 14:41:56.235,LIVE,NEW_DATA,10.4495,78.5098,66.4436,10.4495,78.5098,66.4436
2026-06-02 14:41:56.268,LIVE,NEW_DATA,10.4488,78.5098,66.3772,10.4488,78.5098,66.3772
2026-06-02 14:41:56.299,LIVE,NEW_DATA,10.4523,78.5098,66.3772,10.4523,78.5098,66.3772
2026-06-02 14:41:56.331,LIVE,NEW_DATA,10.4544,78.5098,66.3772,10.4544,78.5098,66.3772
2026-06-02 14:41:56.363,LIVE,NEW_DATA,10.4557,78.5098,66.3772,10.4557,78.5098,66.3772
2026-06-02 14:41:56.393,LIVE,NEW_DATA,10.4592,78.5098,66.3772,10.4592,78.5098,66.3772
2026-06-02 14:41:56.426,LIVE,NEW_DATA,10.4561,78.5098,66.3772,10.4561,78.5098,66.3772
2026-06-02 14:41:56.459,LIVE,NEW_DATA,10.4599,78.5098,66.3772,10.4599,78.5098,66.3772
2026-06-02 14:41:56.490,LIVE,NEW_DATA,10.4582,78.5098,66.3772,10.4582,78.5098,66.3772
2026-06-02 14:41:56.522,LIVE,NEW_DATA,10.4592,78.5098,66.3772,10.4592,78.5098,66.3772
2026-06-02 14:41:56.554,LIVE,NEW_DATA,10.4606,78.5098,66.3772,10.4606,78.5098,66.3772
2026-06-02 14:41:56.585,LIVE,NEW_DATA,10.4675,78.5098,66.3772,10.4675,78.5098,66.3772
2026-06-02 14:41:56.620,LIVE,NEW_DATA,10.4689,78.5098,66.3772,10.4689,78.5098,66.3772
2026-06-02 14:41:56.649,LIVE,NEW_DATA,10.4693,78.5098,66.3772,10.4693,78.5098,66.3772
2026-06-02 14:41:56.681,LIVE,NEW_DATA,10.4755,78.5098,66.3772,10.4755,78.5098,66.3772
2026-06-02 14:41:56.712,LIVE,NEW_DATA,10.4745,78.5098,66.3772,10.4745,78.5098,66.3772
2026-06-02 14:41:56.744,LIVE,NEW_DATA,10.4755,78.9008,66.0094,10.4755,78.9008,66.0094
2026-06-02 14:41:56.776,LIVE,NEW_DATA,10.5012,78.9008,66.0094,10.5012,78.9008,66.0094
2026-06-02 14:41:56.806,LIVE,NEW_DATA,10.4783,78.9008,66.0094,10.4783,78.9008,66.0094
2026-06-02 14:41:56.838,LIVE,NEW_DATA,10.4817,78.9008,66.0094,10.4817,78.9008,66.0094
2026-06-02 14:41:56.870,LIVE,NEW_DATA,10.4835,78.9008,66.0094,10.4835,78.9008,66.0094
2026-06-02 14:41:56.900,LIVE,NEW_DATA,10.4842,78.9008,66.0094,10.4842,78.9008,66.0094
2026-06-02 14:41:56.933,LIVE,NEW_DATA,10.4901,78.9008,66.0094,10.4901,78.9008,66.0094
2026-06-02 14:41:56.964,LIVE,NEW_DATA,10.4876,78.9008,66.0094,10.4876,78.9008,66.0094
2026-06-02 14:41:56.996,LIVE,NEW_DATA,10.4987,78.9008,66.0094,10.4987,78.9008,66.0094
2026-06-02 14:41:57.026,LIVE,NEW_DATA,10.5015,78.9008,66.0094,10.5015,78.9008,66.0094
2026-06-02 14:41:57.059,LIVE,NEW_DATA,10.4942,78.9008,66.0094,10.4942,78.9008,66.0094
2026-06-02 14:41:57.092,LIVE,NEW_DATA,10.5039,78.9008,66.0094,10.5039,78.9008,66.0094
2026-06-02 14:41:57.123,LIVE,NEW_DATA,10.5029,78.9008,66.0094,10.5029,78.9008,66.0094
2026-06-02 14:41:57.154,LIVE,NEW_DATA,10.5064,78.9008,66.0094,10.5064,78.9008,66.0094
2026-06-02 14:41:57.185,LIVE,NEW_DATA,10.5105,78.9008,66.0094,10.5105,78.9008,66.0094
2026-06-02 14:41:57.216,LIVE,NEW_DATA,10.5088,78.9008,66.0094,10.5088,78.9008,66.0094
2026-06-02 14:41:57.248,LIVE,NEW_DATA,10.5147,79.0265,66.0637,10.5147,79.0265,66.0637
2026-06-02 14:41:57.280,LIVE,NEW_DATA,10.5137,79.0265,66.0637,10.5137,79.0265,66.0637
2026-06-02 14:41:57.312,LIVE,NEW_DATA,10.5189,79.0265,66.0637,10.5189,79.0265,66.0637
2026-06-02 14:41:57.344,LIVE,NEW_DATA,10.5202,79.0265,66.0637,10.5202,79.0265,66.0637
2026-06-02 14:41:57.376,LIVE,NEW_DATA,10.5258,79.0265,66.0637,10.5258,79.0265,66.0637
2026-06-02 14:41:57.411,LIVE,NEW_DATA,10.5261,79.0265,66.0637,10.5261,79.0265,66.0637
2026-06-02 14:41:57.437,LIVE,NEW_DATA,10.5279,79.0265,66.0637,10.5279,79.0265,66.0637
2026-06-02 14:41:57.469,LIVE,NEW_DATA,10.5317,79.0265,66.0637,10.5317,79.0265,66.0637
2026-06-02 14:41:57.500,LIVE,NEW_DATA,10.5438,79.0265,66.0637,10.5438,79.0265,66.0637
2026-06-02 14:41:57.531,LIVE,NEW_DATA,10.5320,79.0265,66.0637,10.5320,79.0265,66.0637
2026-06-02 14:41:57.562,LIVE,NEW_DATA,10.5358,79.0265,66.0637,10.5358,79.0265,66.0637
2026-06-02 14:41:57.593,LIVE,NEW_DATA,10.5369,79.0265,66.0637,10.5369,79.0265,66.0637
2026-06-02 14:41:57.625,LIVE,NEW_DATA,10.5428,79.0265,66.0637,10.5428,79.0265,66.0637
2026-06-02 14:41:57.657,LIVE,NEW_DATA,10.5449,79.0265,66.0637,10.5449,79.0265,66.0637
2026-06-02 14:41:57.689,LIVE,NEW_DATA,10.5521,79.0265,66.0637,10.5521,79.0265,66.0637
2026-06-02 14:41:57.719,LIVE,NEW_DATA,10.5567,79.0265,66.0637,10.5567,79.0265,66.0637
2026-06-02 14:41:57.751,LIVE,NEW_DATA,10.5556,78.9635,66.3823,10.5556,78.9635,66.3823
2026-06-02 14:41:57.783,LIVE,NEW_DATA,10.5594,78.9635,66.3823,10.5594,78.9635,66.3823
2026-06-02 14:41:57.814,LIVE,NEW_DATA,10.5567,78.9635,66.3823,10.5567,78.9635,66.3823
2026-06-02 14:41:57.846,LIVE,NEW_DATA,10.5563,78.9635,66.3823,10.5563,78.9635,66.3823
2026-06-02 14:41:57.879,LIVE,NEW_DATA,10.5619,78.9635,66.3823,10.5619,78.9635,66.3823
2026-06-02 14:41:57.909,LIVE,NEW_DATA,10.5650,78.9635,66.3823,10.5650,78.9635,66.3823
2026-06-02 14:41:57.941,LIVE,NEW_DATA,10.5653,78.9635,66.3823,10.5653,78.9635,66.3823
2026-06-02 14:41:57.973,LIVE,NEW_DATA,10.5643,78.9635,66.3823,10.5643,78.9635,66.3823
2026-06-02 14:41:58.004,LIVE,NEW_DATA,10.5671,78.9635,66.3823,10.5671,78.9635,66.3823
2026-06-02 14:41:58.036,LIVE,NEW_DATA,10.5671,78.9635,66.3823,10.5671,78.9635,66.3823
2026-06-02 14:41:58.069,LIVE,NEW_DATA,10.5726,78.9635,66.3823,10.5726,78.9635,66.3823
2026-06-02 14:41:58.099,LIVE,NEW_DATA,10.5730,78.9635,66.3823,10.5730,78.9635,66.3823
2026-06-02 14:41:58.131,LIVE,NEW_DATA,10.5754,78.9635,66.3823,10.5754,78.9635,66.3823
2026-06-02 14:41:58.163,LIVE,NEW_DATA,10.5778,78.9635,66.3823,10.5778,78.9635,66.3823
2026-06-02 14:41:58.197,LIVE,NEW_DATA,10.5750,78.9635,66.3823,10.5750,78.9635,66.3823
2026-06-02 14:41:58.224,LIVE,NEW_DATA,10.5941,78.9635,66.3823,10.5941,78.9635,66.3823
2026-06-02 14:41:58.258,LIVE,NEW_DATA,10.5830,78.9889,66.0022,10.5830,78.9889,66.0022
2026-06-02 14:41:58.290,LIVE,NEW_DATA,10.5830,78.9889,66.0022,10.5830,78.9889,66.0022
2026-06-02 14:41:58.321,LIVE,NEW_DATA,10.5844,78.9889,66.0022,10.5844,78.9889,66.0022
2026-06-02 14:41:58.352,LIVE,NEW_DATA,10.5879,78.9889,66.0022,10.5879,78.9889,66.0022
2026-06-02 14:41:58.383,LIVE,NEW_DATA,10.5882,78.9889,66.0022,10.5882,78.9889,66.0022
2026-06-02 14:41:58.415,LIVE,NEW_DATA,10.5879,78.9889,66.0022,10.5879,78.9889,66.0022
2026-06-02 14:41:58.444,LIVE,NEW_DATA,10.5945,78.9889,66.0022,10.5945,78.9889,66.0022
2026-06-02 14:41:58.477,LIVE,NEW_DATA,10.5979,78.9889,66.0022,10.5979,78.9889,66.0022
2026-06-02 14:41:58.508,LIVE,NEW_DATA,10.5976,78.9889,66.0022,10.5976,78.9889,66.0022
2026-06-02 14:41:58.540,LIVE,NEW_DATA,10.5951,78.9889,66.0022,10.5951,78.9889,66.0022
2026-06-02 14:41:58.570,LIVE,NEW_DATA,10.5983,78.9889,66.0022,10.5983,78.9889,66.0022
2026-06-02 14:41:58.602,LIVE,NEW_DATA,10.5986,78.9889,66.0022,10.5986,78.9889,66.0022
2026-06-02 14:41:58.632,LIVE,NEW_DATA,10.5969,78.9889,66.0022,10.5969,78.9889,66.0022
2026-06-02 14:41:58.664,LIVE,NEW_DATA,10.6021,78.9889,66.0022,10.6021,78.9889,66.0022
2026-06-02 14:41:58.696,LIVE,NEW_DATA,10.6007,78.9889,66.0022,10.6007,78.9889,66.0022
2026-06-02 14:41:58.727,LIVE,NEW_DATA,10.6014,78.9889,66.0022,10.6014,78.9889,66.0022
2026-06-02 14:41:58.759,LIVE,NEW_DATA,10.6031,79.1488,66.1099,10.6031,79.1488,66.1099
2026-06-02 14:41:58.791,LIVE,NEW_DATA,10.6017,79.1488,66.1099,10.6017,79.1488,66.1099
2026-06-02 14:41:58.823,LIVE,NEW_DATA,10.6059,79.1488,66.1099,10.6059,79.1488,66.1099
2026-06-02 14:41:58.855,LIVE,NEW_DATA,10.6073,79.1488,66.1099,10.6073,79.1488,66.1099
2026-06-02 14:41:58.887,LIVE,NEW_DATA,10.6049,79.1488,66.1099,10.6049,79.1488,66.1099
2026-06-02 14:41:58.918,LIVE,NEW_DATA,10.6090,79.1488,66.1099,10.6090,79.1488,66.1099
2026-06-02 14:41:58.949,LIVE,NEW_DATA,10.6281,79.1488,66.1099,10.6281,79.1488,66.1099
2026-06-02 14:41:58.983,LIVE,NEW_DATA,10.6062,79.1488,66.1099,10.6062,79.1488,66.1099
2026-06-02 14:41:59.012,LIVE,NEW_DATA,10.6090,79.1488,66.1099,10.6090,79.1488,66.1099
2026-06-02 14:41:59.043,LIVE,NEW_DATA,10.6114,79.1488,66.1099,10.6114,79.1488,66.1099
2026-06-02 14:41:59.075,LIVE,NEW_DATA,10.6104,79.1488,66.1099,10.6104,79.1488,66.1099
2026-06-02 14:41:59.107,LIVE,NEW_DATA,10.6170,79.1488,66.1099,10.6170,79.1488,66.1099
2026-06-02 14:41:59.138,LIVE,NEW_DATA,10.6160,79.1488,66.1099,10.6160,79.1488,66.1099
2026-06-02 14:41:59.168,LIVE,NEW_DATA,10.6194,79.1488,66.1099,10.6194,79.1488,66.1099
2026-06-02 14:41:59.201,LIVE,NEW_DATA,10.6201,79.1488,66.1099,10.6201,79.1488,66.1099
2026-06-02 14:41:59.232,LIVE,NEW_DATA,10.6160,79.1488,66.1099,10.6160,79.1488,66.1099
2026-06-02 14:41:59.264,LIVE,NEW_DATA,10.6180,79.4202,66.2010,10.6180,79.4202,66.2010
2026-06-02 14:41:59.294,LIVE,NEW_DATA,10.6173,79.4202,66.2010,10.6173,79.4202,66.2010
2026-06-02 14:41:59.325,LIVE,NEW_DATA,10.6173,79.4202,66.2010,10.6173,79.4202,66.2010
2026-06-02 14:41:59.358,LIVE,NEW_DATA,10.6173,79.4202,66.2010,10.6173,79.4202,66.2010
2026-06-02 14:41:59.387,LIVE,NEW_DATA,10.6160,79.4202,66.2010,10.6160,79.4202,66.2010
2026-06-02 14:41:59.419,LIVE,NEW_DATA,10.6187,79.4202,66.2010,10.6187,79.4202,66.2010
2026-06-02 14:41:59.450,LIVE,NEW_DATA,10.6160,79.4202,66.2010,10.6160,79.4202,66.2010
2026-06-02 14:41:59.483,LIVE,NEW_DATA,10.6160,79.4202,66.2010,10.6160,79.4202,66.2010
2026-06-02 14:41:59.513,LIVE,NEW_DATA,10.6177,79.4202,66.2010,10.6177,79.4202,66.2010
2026-06-02 14:41:59.545,LIVE,NEW_DATA,10.6198,79.4202,66.2010,10.6198,79.4202,66.2010
2026-06-02 14:41:59.577,LIVE,NEW_DATA,10.6166,79.4202,66.2010,10.6166,79.4202,66.2010
2026-06-02 14:41:59.609,LIVE,NEW_DATA,10.6236,79.4202,66.2010,10.6236,79.4202,66.2010
2026-06-02 14:41:59.640,LIVE,NEW_DATA,10.6329,79.4202,66.2010,10.6329,79.4202,66.2010
2026-06-02 14:41:59.672,LIVE,NEW_DATA,10.6194,79.4202,66.2010,10.6194,79.4202,66.2010
2026-06-02 14:41:59.704,LIVE,NEW_DATA,10.6198,79.4202,66.2010,10.6198,79.4202,66.2010
2026-06-02 14:41:59.735,LIVE,NEW_DATA,10.6187,79.4202,66.2010,10.6187,79.4202,66.2010
2026-06-02 14:41:59.769,LIVE,NEW_DATA,10.6243,79.5239,66.2010,10.6243,79.5239,66.2010
2026-06-02 14:41:59.797,LIVE,NEW_DATA,10.6246,79.5239,66.2010,10.6246,79.5239,66.2010
2026-06-02 14:41:59.828,LIVE,NEW_DATA,10.6277,79.5239,66.2010,10.6277,79.5239,66.2010
2026-06-02 14:41:59.863,STOPPED,NEW_DATA,10.6243,79.5239,66.2010,10.6243,79.5239,66.2010
2026-06-02 14:41:59.892,STOPPED,NEW_DATA,10.6232,79.5239,66.2010,10.6232,79.5239,66.2010
2026-06-02 14:41:59.923,STOPPED,NEW_DATA,10.6215,79.5239,66.2010,10.6215,79.5239,66.2010
2026-06-02 14:41:59.954,STOPPED,NEW_DATA,10.6215,79.5239,66.2010,10.6215,79.5239,66.2010
2026-06-02 14:41:59.985,STOPPED,NEW_DATA,10.6215,79.5239,66.2010,10.6215,79.5239,66.2010
2026-06-02 14:42:00.016,STOPPED,NEW_DATA,10.6215,79.5239,66.2010,10.6215,79.5239,66.2010
2026-06-02 14:42:00.048,STOPPED,NEW_DATA,10.6177,79.5239,66.2010,10.6177,79.5239,66.2010
2026-06-02 14:42:00.081,STOPPED,NEW_DATA,10.6222,79.5239,66.2010,10.6222,79.5239,66.2010
2026-06-02 14:42:00.111,STOPPED,NEW_DATA,10.6198,79.5239,66.2010,10.6198,79.5239,66.2010
2026-06-02 14:42:00.144,STOPPED,NEW_DATA,10.6187,79.5239,66.2010,10.6187,79.5239,66.2010
2026-06-02 14:42:00.175,STOPPED,NEW_DATA,10.6201,79.5239,66.2010,10.6201,79.5239,66.2010
2026-06-02 14:42:00.207,STOPPED,NEW_DATA,10.6215,79.5239,66.2010,10.6215,79.5239,66.2010
2026-06-02 14:42:00.238,STOPPED,NEW_DATA,10.6257,79.5239,66.2010,10.6257,79.5239,66.2010
2026-06-02 14:42:00.269,STOPPED,NEW_DATA,10.6253,79.7908,65.6998,10.6253,79.7908,65.6998
2026-06-02 14:42:00.302,STOPPED,NEW_DATA,10.6191,79.7908,65.6998,10.6191,79.7908,65.6998
2026-06-02 14:42:00.332,STOPPED,NEW_DATA,10.6205,79.7908,65.6998,10.6205,79.7908,65.6998
2026-06-02 14:42:00.364,STOPPED,NEW_DATA,10.6444,79.7908,65.6998,10.6444,79.7908,65.6998
2026-06-02 14:42:00.395,STOPPED,NEW_DATA,10.6187,79.7908,65.6998,10.6187,79.7908,65.6998
2026-06-02 14:42:00.426,STOPPED,NEW_DATA,10.6215,79.7908,65.6998,10.6215,79.7908,65.6998
2026-06-02 14:42:00.458,STOPPED,NEW_DATA,10.6215,79.7908,65.6998,10.6215,79.7908,65.6998
2026-06-02 14:42:00.491,STOPPED,NEW_DATA,10.6253,79.7908,65.6998,10.6253,79.7908,65.6998
2026-06-02 14:42:00.523,STOPPED,NEW_DATA,10.6215,79.7908,65.6998,10.6215,79.7908,65.6998
2026-06-02 14:42:00.559,STOPPED,NEW_DATA,10.6260,79.7908,65.6998,10.6260,79.7908,65.6998
2026-06-02 14:42:00.585,STOPPED,NEW_DATA,10.6309,79.7908,65.6998,10.6309,79.7908,65.6998
2026-06-02 14:42:00.615,STOPPED,NEW_DATA,10.6291,79.7908,65.6998,10.6291,79.7908,65.6998
2026-06-02 14:42:00.647,STOPPED,NEW_DATA,10.6271,79.7908,65.6998,10.6271,79.7908,65.6998
2026-06-02 14:42:00.679,STOPPED,NEW_DATA,10.6264,79.7908,65.6998,10.6264,79.7908,65.6998
2026-06-02 14:42:00.709,STOPPED,NEW_DATA,10.6201,79.7908,65.6998,10.6201,79.7908,65.6998
2026-06-02 14:42:00.741,STOPPED,NEW_DATA,10.6208,79.7908,65.6998,10.6208,79.7908,65.6998
2026-06-02 14:42:00.772,STOPPED,NEW_DATA,10.6222,79.7819,64.4212,10.6222,79.7819,64.4212
2026-06-02 14:42:00.803,STOPPED,NEW_DATA,10.6198,79.7819,64.4212,10.6198,79.7819,64.4212
2026-06-02 14:42:00.834,STOPPED,NEW_DATA,10.6191,79.7819,64.4212,10.6191,79.7819,64.4212
2026-06-02 14:42:00.866,STOPPED,NEW_DATA,10.6191,79.7819,64.4212,10.6191,79.7819,64.4212
2026-06-02 14:42:00.898,STOPPED,NEW_DATA,10.6173,79.7819,64.4212,10.6173,79.7819,64.4212
2026-06-02 14:42:00.930,STOPPED,NEW_DATA,10.6222,79.7819,64.4212,10.6222,79.7819,64.4212
2026-06-02 14:42:00.961,STOPPED,NEW_DATA,10.6163,79.7819,64.4212,10.6163,79.7819,64.4212
2026-06-02 14:42:00.992,STOPPED,NEW_DATA,10.6215,79.7819,64.4212,10.6215,79.7819,64.4212
2026-06-02 14:42:01.024,STOPPED,NEW_DATA,10.6187,79.7819,64.4212,10.6187,79.7819,64.4212
2026-06-02 14:42:01.056,STOPPED,NEW_DATA,10.6177,79.7819,64.4212,10.6177,79.7819,64.4212
2026-06-02 14:42:01.088,STOPPED,NEW_DATA,10.6246,79.7819,64.4212,10.6246,79.7819,64.4212
2026-06-02 14:42:01.119,STOPPED,NEW_DATA,10.6250,79.7819,64.4212,10.6250,79.7819,64.4212
2026-06-02 14:42:01.151,STOPPED,NEW_DATA,10.6160,79.7819,64.4212,10.6160,79.7819,64.4212
2026-06-02 14:42:01.182,STOPPED,NEW_DATA,10.6166,79.7819,64.4212,10.6166,79.7819,64.4212
2026-06-02 14:42:01.214,STOPPED,NEW_DATA,10.6132,79.7819,64.4212,10.6132,79.7819,64.4212
2026-06-02 14:42:01.244,STOPPED,NEW_DATA,10.6208,79.8646,64.4212,10.6208,79.8646,64.4212
2026-06-02 14:42:01.276,STOPPED,NEW_DATA,10.6146,79.8646,64.4212,10.6146,79.8646,64.4212
2026-06-02 14:42:01.307,STOPPED,NEW_DATA,10.6212,79.8646,64.4212,10.6212,79.8646,64.4212
2026-06-02 14:42:01.341,STOPPED,NEW_DATA,10.6260,79.8646,64.4212,10.6260,79.8646,64.4212
2026-06-02 14:42:01.369,STOPPED,NEW_DATA,10.6222,79.8646,64.4212,10.6222,79.8646,64.4212
2026-06-02 14:42:01.399,STOPPED,NEW_DATA,10.6201,79.8646,64.4212,10.6201,79.8646,64.4212
2026-06-02 14:42:01.431,STOPPED,NEW_DATA,10.6180,79.8646,64.4212,10.6180,79.8646,64.4212
2026-06-02 14:42:01.463,STOPPED,NEW_DATA,10.6191,79.8646,64.4212,10.6191,79.8646,64.4212
2026-06-02 14:42:01.494,STOPPED,NEW_DATA,10.6170,79.8646,64.4212,10.6170,79.8646,64.4212
2026-06-02 14:42:01.526,STOPPED,NEW_DATA,10.6187,79.8646,64.4212,10.6187,79.8646,64.4212
2026-06-02 14:42:01.558,STOPPED,NEW_DATA,10.6111,79.8646,64.4212,10.6111,79.8646,64.4212
2026-06-02 14:42:01.590,STOPPED,NEW_DATA,10.6146,79.8646,64.4212,10.6146,79.8646,64.4212
2026-06-02 14:42:01.622,STOPPED,NEW_DATA,10.6170,79.8646,64.4212,10.6170,79.8646,64.4212
2026-06-02 14:42:01.654,STOPPED,NEW_DATA,10.6160,79.8646,64.4212,10.6160,79.8646,64.4212
2026-06-02 14:42:01.685,STOPPED,NEW_DATA,10.6149,79.8646,64.4212,10.6149,79.8646,64.4212
2026-06-02 14:42:01.717,STOPPED,NEW_DATA,10.6198,79.8646,64.4212,10.6198,79.8646,64.4212
2026-06-02 14:42:01.748,STOPPED,NEW_DATA,10.6139,79.8177,62.4587,10.6139,79.8177,62.4587
2026-06-02 14:42:01.779,STOPPED,NEW_DATA,10.6149,79.8177,62.4587,10.6149,79.8177,62.4587
2026-06-02 14:42:01.810,STOPPED,NEW_DATA,10.6139,79.8177,62.4587,10.6139,79.8177,62.4587
2026-06-02 14:42:01.842,STOPPED,NEW_DATA,10.6166,79.8177,62.4587,10.6166,79.8177,62.4587
2026-06-02 14:42:01.874,STOPPED,NEW_DATA,10.6357,79.8177,62.4587,10.6357,79.8177,62.4587
2026-06-02 14:42:01.907,STOPPED,NEW_DATA,10.6114,79.8177,62.4587,10.6114,79.8177,62.4587
2026-06-02 14:42:01.938,STOPPED,NEW_DATA,10.6139,79.8177,62.4587,10.6139,79.8177,62.4587
2026-06-02 14:42:01.968,STOPPED,NEW_DATA,10.6114,79.8177,62.4587,10.6114,79.8177,62.4587
2026-06-02 14:42:02.001,STOPPED,NEW_DATA,10.6135,79.8177,62.4587,10.6135,79.8177,62.4587
2026-06-02 14:42:02.031,STOPPED,NEW_DATA,10.6149,79.8177,62.4587,10.6149,79.8177,62.4587
2026-06-02 14:42:02.062,STOPPED,NEW_DATA,10.6139,79.8177,62.4587,10.6139,79.8177,62.4587
2026-06-02 14:42:02.094,STOPPED,NEW_DATA,10.6149,79.8177,62.4587,10.6149,79.8177,62.4587
2026-06-02 14:42:02.130,STOPPED,NEW_DATA,10.6160,79.8177,62.4587,10.6160,79.8177,62.4587
2026-06-02 14:42:02.157,STOPPED,NEW_DATA,10.6160,79.8177,62.4587,10.6160,79.8177,62.4587
2026-06-02 14:42:02.188,STOPPED,NEW_DATA,10.6135,79.8177,62.4587,10.6135,79.8177,62.4587
2026-06-02 14:42:02.219,STOPPED,NEW_DATA,10.6073,79.8177,62.4587,10.6073,79.8177,62.4587
2026-06-02 14:42:02.252,STOPPED,NEW_DATA,10.6076,79.7922,62.0453,10.6076,79.7922,62.0453
2026-06-02 14:42:02.284,STOPPED,NEW_DATA,10.6090,79.7922,62.0453,10.6090,79.7922,62.0453
2026-06-02 14:42:02.314,STOPPED,NEW_DATA,10.6062,79.7922,62.0453,10.6062,79.7922,62.0453
2026-06-02 14:42:02.346,STOPPED,NEW_DATA,10.6069,79.7922,62.0453,10.6069,79.7922,62.0453
2026-06-02 14:42:02.378,STOPPED,NEW_DATA,10.6076,79.7922,62.0453,10.6076,79.7922,62.0453
2026-06-02 14:42:02.409,STOPPED,NEW_DATA,10.6035,79.7922,62.0453,10.6035,79.7922,62.0453
2026-06-02 14:42:02.440,STOPPED,NEW_DATA,10.6062,79.7922,62.0453,10.6062,79.7922,62.0453
2026-06-02 14:42:02.471,STOPPED,NEW_DATA,10.6062,79.7922,62.0453,10.6062,79.7922,62.0453
2026-06-02 14:42:02.503,STOPPED,NEW_DATA,10.6021,79.7922,62.0453,10.6021,79.7922,62.0453
2026-06-02 14:42:02.534,STOPPED,NEW_DATA,10.6066,79.7922,62.0453,10.6066,79.7922,62.0453
2026-06-02 14:42:02.567,STOPPED,NEW_DATA,10.6049,79.7922,62.0453,10.6049,79.7922,62.0453
2026-06-02 14:42:02.597,STOPPED,NEW_DATA,10.6004,79.7922,62.0453,10.6004,79.7922,62.0453
2026-06-02 14:42:02.630,STOPPED,NEW_DATA,10.6004,79.7922,62.0453,10.6004,79.7922,62.0453
2026-06-02 14:42:02.662,STOPPED,NEW_DATA,10.6090,79.7922,62.0453,10.6090,79.7922,62.0453
2026-06-02 14:42:02.693,STOPPED,NEW_DATA,10.5986,79.7922,62.0453,10.5986,79.7922,62.0453
2026-06-02 14:42:02.724,STOPPED,NEW_DATA,10.6004,79.7922,62.0453,10.6004,79.7922,62.0453
2026-06-02 14:42:02.756,STOPPED,NEW_DATA,10.6000,79.6743,62.0453,10.6000,79.6743,62.0453
2026-06-02 14:42:02.788,STOPPED,NEW_DATA,10.6014,79.6743,62.0453,10.6014,79.6743,62.0453
2026-06-02 14:42:02.820,STOPPED,NEW_DATA,10.6004,79.6743,62.0453,10.6004,79.6743,62.0453
2026-06-02 14:42:02.852,STOPPED,NEW_DATA,10.6021,79.6743,62.0453,10.6021,79.6743,62.0453
2026-06-02 14:42:02.884,STOPPED,NEW_DATA,10.6014,79.6743,62.0453,10.6014,79.6743,62.0453
2026-06-02 14:42:02.918,STOPPED,NEW_DATA,10.6031,79.6743,62.0453,10.6031,79.6743,62.0453
2026-06-02 14:42:02.946,STOPPED,NEW_DATA,10.5997,79.6743,62.0453,10.5997,79.6743,62.0453
2026-06-02 14:42:02.979,STOPPED,NEW_DATA,10.5972,79.6743,62.0453,10.5972,79.6743,62.0453
2026-06-02 14:42:03.008,STOPPED,NEW_DATA,10.5958,79.6743,62.0453,10.5958,79.6743,62.0453
2026-06-02 14:42:03.040,STOPPED,NEW_DATA,10.5965,79.6743,62.0453,10.5965,79.6743,62.0453
2026-06-02 14:42:03.073,STOPPED,NEW_DATA,10.5934,79.6743,62.0453,10.5934,79.6743,62.0453
2026-06-02 14:42:03.105,STOPPED,NEW_DATA,10.5882,79.6743,62.0453,10.5882,79.6743,62.0453
2026-06-02 14:42:03.136,STOPPED,NEW_DATA,10.5941,79.6743,62.0453,10.5941,79.6743,62.0453
2026-06-02 14:42:03.168,STOPPED,NEW_DATA,10.5920,79.6743,62.0453,10.5920,79.6743,62.0453
2026-06-02 14:42:03.200,STOPPED,NEW_DATA,10.5847,79.6743,62.0453,10.5847,79.6743,62.0453
