tick_n,phase,status,raw_eda,raw_hr,raw_hrv
1,BASELINE,NEW_DATA,24.999619,nan,nan
2,BASELINE,NEW_DATA,24.999619,nan,nan
3,BASELINE,NEW_DATA,24.999619,nan,nan
4,BASELINE,NEW_DATA,24.999619,nan,nan
5,BASELINE,NEW_DATA,24.999619,nan,nan
6,BASELINE,NEW_DATA,24.999619,nan,nan
7,BASELINE,NEW_DATA,24.999619,nan,nan
8,BASELINE,NEW_DATA,24.999619,nan,nan
9,BASELINE,NEW_DATA,24.999619,nan,nan
10,BASELINE,NEW_DATA,24.999619,nan,nan
11,BASELINE,NEW_DATA,24.999619,nan,nan
12,BASELINE,NEW_DATA,24.999619,nan,nan
13,BASELINE,NEW_DATA,24.999619,nan,nan
14,BASELINE,NEW_DATA,24.999619,nan,nan
15,BASELINE,NEW_DATA,24.999619,nan,nan
16,BASELINE,NEW_DATA,24.999619,nan,nan
17,BASELINE,NEW_DATA,24.999619,nan,nan
18,BASELINE,NEW_DATA,24.999619,nan,nan
19,BASELINE,NEW_DATA,24.999619,nan,nan
20,BASELINE,NEW_DATA,24.999619,nan,nan
21,BASELINE,NEW_DATA,24.999619,nan,nan
22,BASELINE,NEW_DATA,24.999619,nan,nan
23,BASELINE,NEW_DATA,24.999619,nan,nan
24,BASELINE,NEW_DATA,24.999619,nan,nan
25,BASELINE,NEW_DATA,24.999619,nan,nan
26,BASELINE,NEW_DATA,24.999619,nan,nan
27,BASELINE,NEW_DATA,24.999619,nan,nan
28,BASELINE,NEW_DATA,24.999619,63.688400,nan
29,BASELINE,NEW_DATA,24.999619,63.688400,nan
30,BASELINE,NEW_DATA,24.999619,63.688400,nan
31,BASELINE,NEW_DATA,24.999619,63.688400,nan
32,BASELINE,NEW_DATA,24.999619,63.688400,nan
33,BASELINE,NEW_DATA,24.999619,63.688400,nan
34,BASELINE,NEW_DATA,24.999619,63.688400,nan
35,BASELINE,NEW_DATA,24.999619,63.688400,nan
36,BASELINE,NEW_DATA,24.999619,63.688400,nan
37,BASELINE,NEW_DATA,24.999619,63.688400,nan
38,BASELINE,NEW_DATA,24.999619,61.284641,nan
39,BASELINE,NEW_DATA,24.999619,61.284641,nan
40,BASELINE,NEW_DATA,24.999619,61.284641,nan
41,BASELINE,NEW_DATA,24.999619,61.284641,nan
42,BASELINE,NEW_DATA,24.999619,61.284641,nan
43,BASELINE,NEW_DATA,24.999619,61.284641,nan
44,BASELINE,NEW_DATA,24.999619,61.284641,nan
45,BASELINE,NEW_DATA,24.999619,61.284641,nan
46,BASELINE,NEW_DATA,24.999619,61.284641,nan
47,BASELINE,NEW_DATA,24.999619,60.013969,nan
48,BASELINE,NEW_DATA,24.999619,60.013969,nan
49,BASELINE,NEW_DATA,24.999619,60.013969,nan
50,BASELINE,NEW_DATA,24.999619,60.013969,nan
51,BASELINE,NEW_DATA,24.999619,60.013969,nan
52,BASELINE,NEW_DATA,24.999619,60.013969,nan
53,BASELINE,NEW_DATA,24.999619,60.013969,nan
54,BASELINE,NEW_DATA,24.999619,60.013969,nan
55,BASELINE,NEW_DATA,24.999619,60.013969,nan
56,BASELINE,NEW_DATA,24.999619,60.277077,nan
57,BASELINE,NEW_DATA,24.999619,60.277077,nan
58,BASELINE,NEW_DATA,24.999619,60.277077,nan
59,BASELINE,NEW_DATA,24.999619,60.277077,nan
60,BASELINE,NEW_DATA,24.999619,60.277077,nan
61,BASELINE,NEW_DATA,24.999619,60.277077,nan
62,BASELINE,NEW_DATA,24.999619,60.277077,nan
63,BASELINE,NEW_DATA,24.999619,60.277077,nan
64,BASELINE,NEW_DATA,24.999619,60.277077,nan
65,BASELINE,NEW_DATA,24.999619,59.913265,nan
66,BASELINE,NEW_DATA,24.999619,59.913265,nan
67,BASELINE,NEW_DATA,24.999619,59.913265,nan
68,BASELINE,NEW_DATA,24.999619,59.913265,nan
69,BASELINE,NEW_DATA,24.999619,59.913265,nan
70,BASELINE,NEW_DATA,24.999619,59.913265,nan
71,BASELINE,NEW_DATA,24.999619,59.913265,nan
72,BASELINE,NEW_DATA,24.999619,59.913265,nan
73,BASELINE,NEW_DATA,24.999619,59.913265,nan
74,BASELINE,NEW_DATA,24.999619,59.482224,nan
75,BASELINE,NEW_DATA,24.999619,59.482224,nan
76,BASELINE,NEW_DATA,24.999619,59.482224,nan
77,BASELINE,NEW_DATA,24.999619,59.482224,nan
78,BASELINE,NEW_DATA,24.999619,59.482224,nan
79,BASELINE,NEW_DATA,24.999619,59.482224,nan
80,BASELINE,NEW_DATA,24.999619,59.482224,nan
81,BASELINE,NEW_DATA,24.999619,59.482224,nan
82,BASELINE,NEW_DATA,24.999619,59.482224,nan
83,BASELINE,NEW_DATA,24.999619,60.055878,nan
84,BASELINE,NEW_DATA,24.999619,60.055878,nan
85,BASELINE,NEW_DATA,24.999619,60.055878,nan
86,BASELINE,NEW_DATA,24.999619,60.055878,nan
87,BASELINE,NEW_DATA,24.999619,60.055878,nan
88,BASELINE,NEW_DATA,24.999619,60.055878,nan
89,BASELINE,NEW_DATA,24.999619,60.055878,nan
90,BASELINE,NEW_DATA,24.999619,60.055878,nan
91,BASELINE,NEW_DATA,24.999619,60.055878,nan
92,BASELINE,NEW_DATA,24.999619,60.315212,nan
93,BASELINE,NEW_DATA,24.999619,60.315212,nan
94,BASELINE,NEW_DATA,24.999619,60.315212,nan
95,BASELINE,NEW_DATA,24.999619,60.315212,nan
96,BASELINE,NEW_DATA,24.999619,60.315212,nan
97,BASELINE,NEW_DATA,24.999619,60.315212,nan
98,BASELINE,NEW_DATA,24.999619,60.315212,nan
99,BASELINE,NEW_DATA,24.999619,60.315212,nan
100,BASELINE,NEW_DATA,24.999619,60.315212,nan
101,BASELINE,NEW_DATA,24.999619,60.533188,nan
102,BASELINE,NEW_DATA,24.999619,60.533188,nan
103,BASELINE,NEW_DATA,24.999619,60.533188,nan
104,BASELINE,NEW_DATA,24.999619,60.533188,nan
105,BASELINE,NEW_DATA,24.999619,60.533188,nan
106,BASELINE,NEW_DATA,24.999619,60.533188,nan
107,BASELINE,NEW_DATA,24.999619,60.533188,nan
108,BASELINE,NEW_DATA,24.999619,60.533188,nan
109,BASELINE,NEW_DATA,24.999619,60.533188,nan
110,BASELINE,NEW_DATA,24.999619,61.198906,nan
111,BASELINE,NEW_DATA,24.999619,61.198906,nan
112,BASELINE,NEW_DATA,24.999619,61.198906,nan
113,BASELINE,NEW_DATA,24.999619,61.198906,nan
114,BASELINE,NEW_DATA,24.999619,61.198906,nan
115,BASELINE,NEW_DATA,24.999619,62.179054,nan
116,BASELINE,NEW_DATA,24.999619,62.179054,nan
117,BASELINE,NEW_DATA,24.999619,62.179054,nan
118,BASELINE,NEW_DATA,24.999619,62.179054,nan
119,BASELINE,NEW_DATA,24.999619,62.179054,nan
120,BASELINE,NEW_DATA,24.999619,62.179054,nan
121,BASELINE,NEW_DATA,24.999619,62.179054,nan
122,BASELINE,NEW_DATA,24.999619,62.179054,nan
123,BASELINE,NEW_DATA,24.999619,62.179054,nan
124,BASELINE,NEW_DATA,24.999619,62.443195,nan
125,BASELINE,NEW_DATA,24.999619,62.443195,nan
126,BASELINE,NEW_DATA,24.999619,62.443195,nan
127,BASELINE,NEW_DATA,24.999619,62.443195,nan
128,BASELINE,NEW_DATA,24.999619,62.443195,nan
129,BASELINE,NEW_DATA,24.999619,62.443195,nan
130,BASELINE,NEW_DATA,24.999619,62.443195,nan
131,BASELINE,NEW_DATA,24.999619,62.443195,nan
132,BASELINE,NEW_DATA,24.999619,62.443195,nan
133,BASELINE,NEW_DATA,24.999619,62.587528,nan
134,BASELINE,NEW_DATA,24.999619,62.587528,nan
135,BASELINE,NEW_DATA,24.999619,62.587528,nan
136,BASELINE,NEW_DATA,24.999619,62.587528,nan
137,BASELINE,NEW_DATA,24.999619,62.587528,nan
138,BASELINE,NEW_DATA,24.999619,62.587528,nan
139,BASELINE,NEW_DATA,24.999619,62.587528,nan
140,BASELINE,NEW_DATA,24.999619,62.587528,nan
141,BASELINE,NEW_DATA,24.999619,62.587528,nan
142,BASELINE,NEW_DATA,24.999619,63.010071,nan
143,BASELINE,NEW_DATA,24.999619,63.010071,nan
144,BASELINE,NEW_DATA,24.999619,63.010071,nan
145,BASELINE,NEW_DATA,24.999619,63.010071,nan
146,BASELINE,NEW_DATA,24.999619,63.010071,nan
147,BASELINE,NEW_DATA,24.999619,63.010071,nan
148,BASELINE,NEW_DATA,24.999619,63.010071,nan
149,BASELINE,NEW_DATA,24.999619,63.010071,nan
150,BASELINE,NEW_DATA,24.999619,63.010071,nan
151,BASELINE,NEW_DATA,24.999619,63.291862,nan
152,BASELINE,NEW_DATA,24.999619,63.291862,nan
153,BASELINE,NEW_DATA,24.999619,63.291862,nan
154,BASELINE,NEW_DATA,24.999619,63.291862,nan
155,BASELINE,NEW_DATA,24.999619,63.291862,nan
156,BASELINE,NEW_DATA,24.999619,63.291862,nan
157,BASELINE,NEW_DATA,24.999619,63.291862,nan
158,BASELINE,NEW_DATA,24.999619,63.291862,nan
159,BASELINE,NEW_DATA,24.999619,63.291862,nan
160,BASELINE,NEW_DATA,24.999619,63.195686,nan
161,BASELINE,NEW_DATA,24.999619,63.195686,nan
162,BASELINE,NEW_DATA,24.999619,63.195686,nan
163,BASELINE,NEW_DATA,24.999619,63.195686,nan
164,BASELINE,NEW_DATA,24.999619,63.195686,nan
165,BASELINE,NEW_DATA,24.999619,63.195686,nan
166,BASELINE,NEW_DATA,24.999619,63.195686,nan
167,BASELINE,NEW_DATA,24.999619,63.195686,nan
168,BASELINE,NEW_DATA,24.999619,63.195686,nan
169,BASELINE,NEW_DATA,24.999619,63.195686,nan
170,BASELINE,NEW_DATA,24.999619,62.975231,nan
171,BASELINE,NEW_DATA,24.999619,62.975231,nan
172,BASELINE,NEW_DATA,24.999619,62.975231,nan
173,BASELINE,NEW_DATA,24.999619,62.975231,nan
174,BASELINE,NEW_DATA,24.999619,63.294151,nan
175,BASELINE,NEW_DATA,24.999619,63.294151,nan
176,BASELINE,NEW_DATA,24.999619,63.294151,nan
177,BASELINE,NEW_DATA,24.999619,63.294151,nan
178,BASELINE,NEW_DATA,24.999619,63.294151,nan
179,BASELINE,NEW_DATA,24.999619,63.294151,nan
180,BASELINE,NEW_DATA,24.999619,63.294151,nan
181,BASELINE,NEW_DATA,24.999619,63.294151,nan
182,BASELINE,NEW_DATA,24.999619,63.294151,nan
183,BASELINE,NEW_DATA,24.999619,63.291756,nan
184,BASELINE,NEW_DATA,24.999619,63.291756,nan
185,BASELINE,NEW_DATA,24.999619,63.291756,nan
186,BASELINE,NEW_DATA,24.999619,63.291756,nan
187,BASELINE,NEW_DATA,24.999619,63.291756,nan
188,BASELINE,NEW_DATA,24.999619,63.291756,nan
189,BASELINE,NEW_DATA,24.999619,63.291756,nan
190,BASELINE,NEW_DATA,24.999619,63.291756,nan
191,BASELINE,NEW_DATA,24.999619,63.291756,nan
192,BASELINE,NEW_DATA,24.999619,63.291756,nan
193,BASELINE,NEW_DATA,24.999619,63.295563,nan
194,BASELINE,NEW_DATA,24.999619,63.295563,nan
195,BASELINE,NEW_DATA,24.999619,63.295563,nan
196,BASELINE,NEW_DATA,24.999619,63.295563,nan
197,BASELINE,NEW_DATA,24.999619,63.295563,nan
198,BASELINE,NEW_DATA,24.999619,63.295563,nan
199,BASELINE,NEW_DATA,24.999619,63.295563,nan
200,BASELINE,NEW_DATA,24.999619,63.295563,nan
201,BASELINE,NEW_DATA,24.999619,63.295563,nan
202,BASELINE,NEW_DATA,24.999619,63.797733,nan
203,BASELINE,NEW_DATA,24.999619,63.797733,nan
204,BASELINE,NEW_DATA,24.999619,63.797733,nan
205,BASELINE,NEW_DATA,24.999619,63.797733,nan
206,BASELINE,NEW_DATA,24.999619,63.983822,nan
207,BASELINE,NEW_DATA,24.999619,63.983822,nan
208,BASELINE,NEW_DATA,24.999619,63.983822,nan
209,BASELINE,NEW_DATA,24.999619,63.983822,nan
210,BASELINE,NEW_DATA,24.999619,63.983822,nan
211,BASELINE,NEW_DATA,24.999619,63.983822,nan
212,BASELINE,NEW_DATA,24.999619,63.983822,nan
213,BASELINE,NEW_DATA,24.999619,63.983822,nan
214,BASELINE,NEW_DATA,24.999619,63.983822,nan
215,BASELINE,NEW_DATA,24.999619,63.983822,nan
216,BASELINE,NEW_DATA,24.999619,63.983822,nan
217,BASELINE,NEW_DATA,24.999619,63.983822,nan
218,BASELINE,NEW_DATA,24.999619,63.983822,nan
219,BASELINE,NEW_DATA,24.999619,63.983822,nan
220,BASELINE,NEW_DATA,24.999619,63.656143,nan
221,BASELINE,NEW_DATA,24.999619,63.656143,nan
222,BASELINE,NEW_DATA,24.999619,63.656143,nan
223,BASELINE,NEW_DATA,24.999619,63.656143,nan
224,BASELINE,NEW_DATA,24.999619,63.656143,nan
225,BASELINE,NEW_DATA,24.999619,63.778042,nan
226,BASELINE,NEW_DATA,24.999619,63.778042,nan
227,BASELINE,NEW_DATA,24.999619,63.778042,nan
228,BASELINE,NEW_DATA,24.999619,63.778042,nan
229,BASELINE,NEW_DATA,24.999619,63.778042,nan
230,BASELINE,NEW_DATA,24.999619,63.778042,nan
231,BASELINE,NEW_DATA,24.999619,63.778042,nan
232,BASELINE,NEW_DATA,24.999619,63.778042,nan
233,BASELINE,NEW_DATA,24.999619,63.778042,nan
234,BASELINE,NEW_DATA,24.999619,63.778042,nan
235,BASELINE,NEW_DATA,24.999619,63.778042,nan
236,BASELINE,NEW_DATA,24.999619,63.778042,nan
237,BASELINE,NEW_DATA,24.999619,63.778042,nan
238,BASELINE,NEW_DATA,24.999619,63.513924,nan
239,BASELINE,NEW_DATA,24.999619,63.513924,nan
240,BASELINE,NEW_DATA,24.999619,63.513924,nan
241,BASELINE,NEW_DATA,24.999619,63.513924,nan
242,BASELINE,NEW_DATA,24.999619,63.513924,nan
243,BASELINE,NEW_DATA,24.999619,64.129395,nan
244,BASELINE,NEW_DATA,24.999619,64.129395,nan
245,BASELINE,NEW_DATA,24.999619,64.129395,nan
246,BASELINE,NEW_DATA,24.999619,64.129395,nan
247,BASELINE,NEW_DATA,24.999619,64.839111,nan
248,BASELINE,NEW_DATA,24.999619,64.839111,nan
249,BASELINE,NEW_DATA,24.999619,64.839111,nan
250,BASELINE,NEW_DATA,24.999619,64.839111,nan
251,BASELINE,NEW_DATA,24.999619,64.839111,nan
252,BASELINE,NEW_DATA,24.999619,64.839111,nan
253,BASELINE,NEW_DATA,24.999619,64.839111,nan
254,BASELINE,NEW_DATA,24.999619,64.839111,nan
255,BASELINE,NEW_DATA,24.999619,64.839111,nan
256,BASELINE,NEW_DATA,24.999619,64.839111,nan
257,BASELINE,NEW_DATA,24.999619,65.334953,nan
258,BASELINE,NEW_DATA,24.999619,65.334953,nan
259,BASELINE,NEW_DATA,24.999619,65.334953,nan
260,BASELINE,NEW_DATA,24.999619,65.334953,nan
261,BASELINE,NEW_DATA,24.999619,65.334953,nan
262,BASELINE,NEW_DATA,24.999619,65.334953,nan
263,BASELINE,NEW_DATA,24.999619,65.334953,nan
264,BASELINE,NEW_DATA,24.999619,65.334953,nan
265,BASELINE,NEW_DATA,24.999619,65.334953,nan
266,BASELINE,NEW_DATA,24.999619,65.040955,nan
267,BASELINE,NEW_DATA,24.999619,65.040955,nan
268,BASELINE,NEW_DATA,24.999619,65.040955,nan
269,BASELINE,NEW_DATA,24.999619,65.040955,nan
270,BASELINE,NEW_DATA,24.999619,65.040955,nan
271,BASELINE,NEW_DATA,24.999619,65.040955,nan
272,BASELINE,NEW_DATA,24.999619,65.040955,nan
273,BASELINE,NEW_DATA,24.999619,65.040955,nan
274,BASELINE,NEW_DATA,24.999619,65.040955,nan
275,BASELINE,NEW_DATA,24.999619,65.037369,nan
276,BASELINE,NEW_DATA,24.999619,65.037369,nan
277,BASELINE,NEW_DATA,24.999619,65.037369,nan
278,BASELINE,NEW_DATA,24.999619,65.037369,nan
279,BASELINE,NEW_DATA,24.999619,65.037369,nan
280,BASELINE,NEW_DATA,24.999619,65.037369,nan
281,BASELINE,NEW_DATA,24.999619,65.037369,nan
282,BASELINE,NEW_DATA,24.999619,65.037369,nan
283,BASELINE,NEW_DATA,24.999619,65.037369,nan
284,BASELINE,NEW_DATA,24.999619,64.937012,nan
285,BASELINE,NEW_DATA,24.999619,64.937012,nan
286,BASELINE,NEW_DATA,24.999619,64.937012,nan
287,BASELINE,NEW_DATA,24.999619,64.937012,nan
288,BASELINE,NEW_DATA,24.999619,64.937012,nan
289,BASELINE,NEW_DATA,24.999619,64.937012,nan
290,BASELINE,NEW_DATA,24.999619,64.937012,nan
291,BASELINE,NEW_DATA,24.999619,64.937012,nan
292,BASELINE,NEW_DATA,24.999619,64.937012,nan
293,BASELINE,NEW_DATA,24.999619,65.201408,nan
294,BASELINE,NEW_DATA,24.999619,65.201408,nan
295,BASELINE,NEW_DATA,24.999619,65.201408,nan
296,BASELINE,NEW_DATA,24.999619,65.201408,nan
297,BASELINE,NEW_DATA,24.999619,65.201408,nan
298,BASELINE,NEW_DATA,24.999619,65.380432,nan
299,BASELINE,NEW_DATA,24.999619,65.380432,nan
300,BASELINE,NEW_DATA,24.999619,65.380432,nan
301,BASELINE,NEW_DATA,24.999619,65.380432,nan
302,BASELINE,NEW_DATA,24.999619,65.740662,nan
303,BASELINE,NEW_DATA,24.999619,65.740662,nan
304,BASELINE,NEW_DATA,24.999619,65.740662,nan
305,BASELINE,NEW_DATA,24.999619,65.740662,nan
306,BASELINE,NEW_DATA,24.999619,65.740662,nan
307,BASELINE,NEW_DATA,24.999619,65.970009,nan
308,BASELINE,NEW_DATA,24.999619,65.970009,nan
309,BASELINE,NEW_DATA,24.999619,65.970009,nan
310,BASELINE,NEW_DATA,24.999619,65.970009,nan
311,BASELINE,NEW_DATA,24.999619,66.772385,nan
312,BASELINE,NEW_DATA,24.999619,66.772385,nan
313,BASELINE,NEW_DATA,24.999619,66.772385,nan
314,BASELINE,NEW_DATA,24.999619,66.772385,nan
315,BASELINE,NEW_DATA,24.999619,66.772385,nan
316,BASELINE,NEW_DATA,24.999619,66.772385,nan
317,BASELINE,NEW_DATA,24.999619,66.772385,nan
318,BASELINE,NEW_DATA,24.999619,66.772385,nan
319,BASELINE,NEW_DATA,24.999619,66.772385,nan
320,BASELINE,NEW_DATA,24.999619,66.772385,nan
321,BASELINE,NEW_DATA,24.999619,67.394470,nan
322,BASELINE,NEW_DATA,24.999619,67.394470,nan
323,BASELINE,NEW_DATA,24.999619,67.394470,nan
324,BASELINE,NEW_DATA,24.999619,67.394470,nan
325,BASELINE,NEW_DATA,24.999619,67.834343,nan
326,BASELINE,NEW_DATA,24.999619,67.834343,nan
327,BASELINE,NEW_DATA,24.999619,67.834343,nan
328,BASELINE,NEW_DATA,24.999619,67.834343,nan
329,BASELINE,NEW_DATA,24.999619,67.834343,nan
330,BASELINE,NEW_DATA,24.999619,68.151779,nan
331,BASELINE,NEW_DATA,24.999619,68.151779,nan
332,BASELINE,NEW_DATA,24.999619,68.151779,nan
333,BASELINE,NEW_DATA,24.999619,68.151779,nan
334,BASELINE,NEW_DATA,24.999619,68.699829,nan
335,BASELINE,NEW_DATA,24.999619,68.699829,nan
336,BASELINE,NEW_DATA,24.999619,68.699829,nan
337,BASELINE,NEW_DATA,24.999619,68.699829,nan
338,BASELINE,NEW_DATA,24.999619,68.699829,nan
339,BASELINE,NEW_DATA,24.999619,69.582031,nan
340,BASELINE,NEW_DATA,24.999619,69.582031,nan
341,BASELINE,NEW_DATA,24.999619,69.582031,nan
342,BASELINE,NEW_DATA,24.999619,69.582031,nan
343,BASELINE,NEW_DATA,24.999619,69.582031,nan
344,BASELINE,NEW_DATA,24.999619,69.582031,nan
345,BASELINE,NEW_DATA,24.999619,69.582031,nan
346,BASELINE,NEW_DATA,24.999619,69.582031,nan
347,BASELINE,NEW_DATA,24.999619,69.582031,nan
348,BASELINE,NEW_DATA,24.999619,70.269867,nan
349,BASELINE,NEW_DATA,24.999619,70.269867,nan
350,BASELINE,NEW_DATA,24.999619,70.269867,nan
351,BASELINE,NEW_DATA,24.999619,70.269867,nan
352,BASELINE,NEW_DATA,24.999619,70.269867,nan
353,BASELINE,NEW_DATA,24.999619,70.606743,nan
354,BASELINE,NEW_DATA,24.999619,70.606743,nan
355,BASELINE,NEW_DATA,24.999619,70.606743,nan
356,BASELINE,NEW_DATA,24.999619,70.606743,nan
357,BASELINE,NEW_DATA,24.999619,70.848022,nan
358,BASELINE,NEW_DATA,24.999619,70.848022,nan
359,BASELINE,NEW_DATA,24.999619,70.848022,nan
360,BASELINE,NEW_DATA,24.999619,70.848022,nan
361,BASELINE,NEW_DATA,24.999619,70.848022,nan
362,BASELINE,NEW_DATA,24.999619,70.745827,nan
363,BASELINE,NEW_DATA,24.999619,70.745827,nan
364,BASELINE,NEW_DATA,24.999619,70.745827,nan
365,BASELINE,NEW_DATA,24.999619,70.745827,nan
366,BASELINE,NEW_DATA,24.999619,71.028564,nan
367,BASELINE,NEW_DATA,24.999619,71.028564,nan
368,BASELINE,NEW_DATA,24.999619,71.028564,nan
369,BASELINE,NEW_DATA,24.999619,71.028564,nan
370,BASELINE,NEW_DATA,24.999619,71.028564,nan
371,BASELINE,NEW_DATA,24.999619,71.028564,nan
372,BASELINE,NEW_DATA,24.999619,71.028564,nan
373,BASELINE,NEW_DATA,24.999619,71.028564,nan
374,BASELINE,NEW_DATA,24.999619,71.028564,nan
375,BASELINE,NEW_DATA,24.999619,71.203720,nan
376,BASELINE,NEW_DATA,24.999619,71.203720,nan
377,BASELINE,NEW_DATA,24.999619,71.203720,nan
378,BASELINE,NEW_DATA,24.999619,71.203720,nan
379,BASELINE,NEW_DATA,24.999619,71.203720,nan
380,BASELINE,NEW_DATA,24.999619,71.203720,nan
381,BASELINE,NEW_DATA,24.999619,71.203720,nan
382,BASELINE,NEW_DATA,24.999619,71.203720,nan
383,BASELINE,NEW_DATA,24.999619,71.203720,nan
384,BASELINE,NEW_DATA,24.999619,71.171997,nan
385,BASELINE,NEW_DATA,24.999619,71.171997,nan
386,BASELINE,NEW_DATA,24.999619,71.171997,nan
387,BASELINE,NEW_DATA,24.999619,71.171997,nan
388,BASELINE,NEW_DATA,24.999619,71.171997,nan
389,BASELINE,NEW_DATA,24.999619,71.261162,nan
390,BASELINE,NEW_DATA,24.999619,71.261162,nan
391,BASELINE,NEW_DATA,24.999619,71.261162,nan
392,BASELINE,NEW_DATA,24.999619,71.261162,nan
393,BASELINE,NEW_DATA,24.999619,71.261162,nan
394,BASELINE,NEW_DATA,24.999619,71.261162,nan
395,BASELINE,NEW_DATA,24.999619,71.261162,nan
396,BASELINE,NEW_DATA,24.999619,71.261162,nan
397,BASELINE,NEW_DATA,24.999619,71.261162,nan
398,BASELINE,NEW_DATA,24.999619,71.413971,nan
399,BASELINE,NEW_DATA,24.999619,71.413971,nan
400,BASELINE,NEW_DATA,24.999619,71.413971,nan
401,BASELINE,NEW_DATA,24.999619,71.413971,nan
402,BASELINE,NEW_DATA,24.999619,71.413971,nan
403,BASELINE,NEW_DATA,24.999619,71.413971,nan
404,BASELINE,NEW_DATA,24.999619,71.413971,nan
405,BASELINE,NEW_DATA,24.999619,71.413971,nan
406,BASELINE,NEW_DATA,24.999619,71.413971,nan
407,BASELINE,NEW_DATA,24.999619,71.695061,nan
408,BASELINE,NEW_DATA,24.999619,71.695061,nan
409,BASELINE,NEW_DATA,24.999619,71.695061,nan
410,BASELINE,NEW_DATA,24.999619,71.695061,nan
411,BASELINE,NEW_DATA,24.999619,71.695061,nan
412,BASELINE,NEW_DATA,24.999619,71.887856,nan
413,BASELINE,NEW_DATA,24.999619,71.887856,nan
414,BASELINE,NEW_DATA,24.999619,71.887856,nan
415,BASELINE,NEW_DATA,24.999619,71.887856,nan
416,BASELINE,NEW_DATA,24.999619,72.007301,nan
417,BASELINE,NEW_DATA,24.999619,72.007301,nan
418,BASELINE,NEW_DATA,24.999619,72.007301,nan
419,BASELINE,NEW_DATA,24.999619,72.007301,nan
420,BASELINE,NEW_DATA,24.999619,72.007301,nan
421,BASELINE,NEW_DATA,24.999619,72.217773,nan
422,BASELINE,NEW_DATA,24.999619,72.217773,nan
423,BASELINE,NEW_DATA,24.999619,72.217773,nan
424,BASELINE,NEW_DATA,24.999619,72.217773,nan
425,BASELINE,NEW_DATA,24.999619,72.706970,nan
426,BASELINE,NEW_DATA,24.999619,72.706970,nan
427,BASELINE,NEW_DATA,24.999619,72.706970,nan
428,BASELINE,NEW_DATA,24.999619,72.706970,nan
429,BASELINE,NEW_DATA,24.999619,72.706970,nan
430,BASELINE,NEW_DATA,24.999619,72.706970,nan
431,BASELINE,NEW_DATA,24.999619,72.706970,nan
432,BASELINE,NEW_DATA,24.999619,72.706970,nan
433,BASELINE,NEW_DATA,24.999619,72.706970,nan
434,BASELINE,NEW_DATA,24.999619,73.426491,nan
435,BASELINE,NEW_DATA,24.999619,73.426491,nan
436,BASELINE,NEW_DATA,24.999619,73.426491,nan
437,BASELINE,NEW_DATA,24.999619,73.426491,nan
438,BASELINE,NEW_DATA,24.999619,73.426491,nan
439,BASELINE,NEW_DATA,24.999619,73.688766,nan
440,BASELINE,NEW_DATA,24.999619,73.688766,nan
441,BASELINE,NEW_DATA,24.999619,73.688766,nan
442,BASELINE,NEW_DATA,24.999619,73.688766,nan
443,BASELINE,NEW_DATA,24.999619,73.688766,nan
444,BASELINE,NEW_DATA,24.999619,73.811523,nan
445,BASELINE,NEW_DATA,24.999619,73.811523,nan
446,BASELINE,NEW_DATA,24.999619,73.811523,nan
447,BASELINE,NEW_DATA,24.999619,73.811523,nan
448,BASELINE,NEW_DATA,24.999619,74.288460,nan
449,BASELINE,NEW_DATA,24.999619,74.288460,nan
450,BASELINE,NEW_DATA,24.999619,74.288460,nan
451,BASELINE,NEW_DATA,24.999619,74.288460,nan
452,BASELINE,NEW_DATA,24.999619,74.288460,nan
453,BASELINE,NEW_DATA,24.999619,74.338066,nan
454,BASELINE,NEW_DATA,24.999619,74.338066,nan
455,BASELINE,NEW_DATA,24.999619,74.338066,nan
456,BASELINE,NEW_DATA,24.999619,74.338066,nan
457,BASELINE,NEW_DATA,24.999619,74.652138,nan
458,BASELINE,NEW_DATA,24.999619,74.652138,nan
459,BASELINE,NEW_DATA,24.999619,74.652138,nan
460,BASELINE,NEW_DATA,24.999619,74.652138,nan
461,BASELINE,NEW_DATA,24.999619,74.652138,nan
462,BASELINE,NEW_DATA,24.999619,74.749245,nan
463,BASELINE,NEW_DATA,24.999619,74.749245,nan
464,BASELINE,NEW_DATA,24.999619,74.749245,nan
465,BASELINE,NEW_DATA,24.999619,74.749245,nan
466,BASELINE,NEW_DATA,24.999619,74.908226,nan
467,BASELINE,NEW_DATA,24.999619,74.908226,nan
468,BASELINE,NEW_DATA,24.999619,74.908226,nan
469,BASELINE,NEW_DATA,24.999619,74.908226,nan
470,BASELINE,NEW_DATA,24.999619,74.908226,nan
471,BASELINE,NEW_DATA,24.999619,74.908226,nan
472,BASELINE,NEW_DATA,24.999619,74.908226,nan
473,BASELINE,NEW_DATA,24.999619,74.908226,nan
474,BASELINE,NEW_DATA,24.999619,74.908226,nan
475,BASELINE,NEW_DATA,24.999619,74.908226,nan
476,BASELINE,NEW_DATA,24.999619,75.168457,nan
477,BASELINE,NEW_DATA,24.999619,75.168457,nan
478,BASELINE,NEW_DATA,24.999619,75.168457,nan
479,BASELINE,NEW_DATA,24.999619,75.168457,nan
480,BASELINE,NEW_DATA,24.999619,75.724434,nan
481,BASELINE,NEW_DATA,24.999619,75.724434,nan
482,BASELINE,NEW_DATA,24.999619,75.724434,nan
483,BASELINE,NEW_DATA,24.999619,75.724434,nan
484,BASELINE,NEW_DATA,24.999619,75.724434,nan
485,BASELINE,NEW_DATA,24.999619,75.724434,nan
486,BASELINE,NEW_DATA,24.999619,75.724434,nan
487,BASELINE,NEW_DATA,24.999619,75.724434,nan
488,BASELINE,NEW_DATA,24.999619,75.724434,nan
489,BASELINE,NEW_DATA,24.999619,75.725990,nan
490,BASELINE,NEW_DATA,24.999619,75.725990,nan
491,BASELINE,NEW_DATA,24.999619,75.725990,nan
492,BASELINE,NEW_DATA,24.999619,75.725990,nan
493,BASELINE,NEW_DATA,24.999619,75.725990,nan
494,BASELINE,NEW_DATA,24.999619,76.040543,nan
495,BASELINE,NEW_DATA,24.999619,76.040543,nan
496,BASELINE,NEW_DATA,24.999619,76.040543,nan
497,BASELINE,NEW_DATA,24.999619,76.040543,nan
498,BASELINE,NEW_DATA,24.999619,76.583000,nan
499,BASELINE,NEW_DATA,24.999619,76.583000,nan
500,BASELINE,NEW_DATA,24.999619,76.583000,nan
501,BASELINE,NEW_DATA,24.999619,76.583000,nan
502,BASELINE,NEW_DATA,24.999619,76.583000,nan
503,BASELINE,NEW_DATA,24.999619,76.713753,nan
504,BASELINE,NEW_DATA,24.999619,76.713753,nan
505,BASELINE,NEW_DATA,24.999619,76.713753,nan
506,BASELINE,NEW_DATA,24.999619,76.713753,nan
507,BASELINE,NEW_DATA,24.999619,76.811859,nan
508,BASELINE,NEW_DATA,24.999619,76.811859,nan
509,BASELINE,NEW_DATA,24.999619,76.811859,nan
510,BASELINE,NEW_DATA,24.999619,76.811859,nan
511,BASELINE,NEW_DATA,24.999619,76.811859,nan
512,BASELINE,NEW_DATA,24.999619,76.702072,nan
513,BASELINE,NEW_DATA,24.999619,76.702072,nan
514,BASELINE,NEW_DATA,24.999619,76.702072,nan
515,BASELINE,NEW_DATA,24.999619,76.702072,nan
516,BASELINE,NEW_DATA,24.999619,76.702072,nan
517,BASELINE,NEW_DATA,24.999619,76.504173,nan
518,BASELINE,NEW_DATA,24.999619,76.504173,nan
519,BASELINE,NEW_DATA,24.999619,76.504173,nan
520,BASELINE,NEW_DATA,24.999619,76.504173,nan
521,BASELINE,NEW_DATA,24.999619,76.568954,nan
522,BASELINE,NEW_DATA,24.999619,76.568954,nan
523,BASELINE,NEW_DATA,24.999619,76.568954,nan
524,BASELINE,NEW_DATA,24.999619,76.568954,nan
525,BASELINE,NEW_DATA,24.999619,76.568954,nan
526,BASELINE,NEW_DATA,24.999619,76.568954,nan
527,BASELINE,NEW_DATA,24.999619,76.568954,nan
528,BASELINE,NEW_DATA,24.999619,76.568954,nan
529,BASELINE,NEW_DATA,24.999619,76.568954,nan
530,BASELINE,NEW_DATA,24.999619,77.390060,nan
531,BASELINE,NEW_DATA,24.999619,77.390060,nan
532,BASELINE,NEW_DATA,24.999619,77.390060,nan
533,BASELINE,NEW_DATA,24.999619,77.390060,nan
534,BASELINE,NEW_DATA,24.999619,77.390060,nan
535,BASELINE,NEW_DATA,24.999619,77.621788,nan
536,BASELINE,NEW_DATA,24.999619,77.621788,nan
537,BASELINE,NEW_DATA,24.999619,77.621788,nan
538,BASELINE,NEW_DATA,24.999619,77.621788,nan
539,BASELINE,NEW_DATA,24.999619,78.172424,nan
540,BASELINE,NEW_DATA,24.999619,78.172424,nan
541,BASELINE,NEW_DATA,24.999619,78.172424,nan
542,BASELINE,NEW_DATA,24.999619,78.172424,nan
543,BASELINE,NEW_DATA,24.999619,78.172424,nan
544,BASELINE,NEW_DATA,24.999619,78.081757,68.352943
545,BASELINE,NEW_DATA,24.999619,78.081757,68.352943
546,BASELINE,NEW_DATA,24.999619,78.081757,68.352943
547,BASELINE,NEW_DATA,24.999619,78.081757,68.352943
548,BASELINE,NEW_DATA,24.999619,78.081757,68.352943
549,BASELINE,NEW_DATA,24.999619,78.474434,66.461586
550,BASELINE,NEW_DATA,24.999619,78.474434,66.461586
551,BASELINE,NEW_DATA,24.999619,78.474434,66.461586
552,BASELINE,NEW_DATA,24.999619,78.474434,66.461586
553,BASELINE,NEW_DATA,24.999619,77.920059,66.461586
554,BASELINE,NEW_DATA,24.999619,77.920059,66.461586
555,BASELINE,NEW_DATA,24.999619,77.920059,66.461586
556,BASELINE,NEW_DATA,24.999619,77.920059,66.461586
557,BASELINE,NEW_DATA,24.999619,77.920059,66.461586
558,BASELINE,NEW_DATA,24.999619,77.991035,66.993500
559,BASELINE,NEW_DATA,24.999619,77.991035,66.993500
560,BASELINE,NEW_DATA,24.999619,77.991035,66.993500
561,BASELINE,NEW_DATA,24.999619,77.991035,66.993500
562,BASELINE,NEW_DATA,24.999619,77.597145,67.441330
563,BASELINE,NEW_DATA,24.999619,77.597145,67.441330
564,BASELINE,NEW_DATA,24.999619,77.597145,67.441330
565,BASELINE,NEW_DATA,24.999619,77.597145,67.441330
566,BASELINE,NEW_DATA,24.999619,77.597145,67.441330
567,BASELINE,NEW_DATA,24.999619,77.670769,69.069031
568,BASELINE,NEW_DATA,24.999619,77.670769,69.069031
569,BASELINE,NEW_DATA,24.999619,77.670769,69.069031
570,BASELINE,NEW_DATA,24.999619,77.670769,69.069031
571,BASELINE,NEW_DATA,24.999619,77.794556,69.069031
572,BASELINE,NEW_DATA,24.999619,77.794556,69.069031
573,BASELINE,NEW_DATA,24.999619,77.794556,69.069031
574,BASELINE,NEW_DATA,24.999619,77.794556,69.069031
575,BASELINE,NEW_DATA,24.999619,77.794556,69.069031
576,BASELINE,NEW_DATA,24.999619,77.622627,69.135513
577,BASELINE,NEW_DATA,24.999619,77.622627,69.135513
578,BASELINE,NEW_DATA,24.999619,77.622627,69.135513
579,BASELINE,NEW_DATA,24.999619,77.622627,69.135513
580,BASELINE,NEW_DATA,24.999619,77.622627,69.135513
581,BASELINE,NEW_DATA,24.999619,77.540649,69.135513
582,BASELINE,NEW_DATA,24.999619,77.540649,69.135513
583,BASELINE,NEW_DATA,24.999619,77.540649,69.135513
584,BASELINE,NEW_DATA,24.999619,77.540649,69.135513
585,BASELINE,NEW_DATA,24.999619,77.181648,67.729012
586,BASELINE,NEW_DATA,24.999619,77.181648,67.729012
587,BASELINE,NEW_DATA,24.999619,77.181648,67.729012
588,BASELINE,NEW_DATA,24.999619,77.181648,67.729012
589,BASELINE,NEW_DATA,24.999619,77.181648,67.729012
590,BASELINE,NEW_DATA,24.999619,77.181648,67.729012
591,BASELINE,NEW_DATA,24.999619,77.181648,67.729012
592,BASELINE,NEW_DATA,24.999619,77.181648,67.729012
593,BASELINE,NEW_DATA,24.999619,77.181648,67.729012
594,BASELINE,NEW_DATA,24.999619,76.806534,67.240356
595,BASELINE,NEW_DATA,24.999619,76.806534,67.240356
596,BASELINE,NEW_DATA,24.999619,76.806534,67.240356
597,BASELINE,NEW_DATA,24.999619,76.806534,67.240356
598,BASELINE,NEW_DATA,24.999619,76.806534,67.240356
599,BASELINE,NEW_DATA,24.999619,76.555794,67.910011
600,BASELINE,NEW_DATA,24.999619,76.555794,67.910011
601,BASELINE,NEW_DATA,24.999619,76.555794,67.910011
602,BASELINE,NEW_DATA,24.999619,76.555794,67.910011
603,BASELINE,NEW_DATA,24.999619,76.555794,67.910011
604,BASELINE,NEW_DATA,24.999619,76.555794,68.378082
605,BASELINE,NEW_DATA,24.999619,76.555794,68.378082
606,BASELINE,NEW_DATA,24.999619,76.555794,68.378082
607,BASELINE,NEW_DATA,24.999619,76.555794,68.378082
608,BASELINE,NEW_DATA,24.999619,76.056419,69.333199
609,BASELINE,NEW_DATA,24.999619,76.056419,69.333199
610,BASELINE,NEW_DATA,24.999619,76.056419,69.333199
611,BASELINE,NEW_DATA,24.999619,76.056419,69.333199
612,BASELINE,NEW_DATA,24.999619,76.056419,69.333199
613,BASELINE,NEW_DATA,24.999619,75.740379,67.804405
614,BASELINE,NEW_DATA,24.999619,75.740379,67.804405
615,BASELINE,NEW_DATA,24.999619,75.740379,67.804405
616,BASELINE,NEW_DATA,24.999619,75.740379,67.804405
617,BASELINE,NEW_DATA,24.999619,75.286797,68.961525
618,BASELINE,NEW_DATA,24.999619,75.286797,68.961525
619,BASELINE,NEW_DATA,24.999619,75.286797,68.961525
620,BASELINE,NEW_DATA,24.999619,75.286797,68.961525
621,BASELINE,NEW_DATA,24.999619,75.286797,68.961525
622,BASELINE,NEW_DATA,24.999619,75.107422,69.396957
623,BASELINE,NEW_DATA,24.999619,75.107422,69.396957
624,BASELINE,NEW_DATA,24.999619,75.107422,69.396957
625,BASELINE,NEW_DATA,24.999619,75.107422,69.396957
626,BASELINE,NEW_DATA,24.999619,75.264992,72.944237
627,BASELINE,NEW_DATA,24.999619,75.264992,72.944237
628,BASELINE,NEW_DATA,24.999619,75.264992,72.944237
629,BASELINE,NEW_DATA,24.999619,75.264992,72.944237
630,BASELINE,NEW_DATA,24.999619,75.264992,72.944237
631,BASELINE,NEW_DATA,24.999619,75.136635,73.032761
632,BASELINE,NEW_DATA,24.999619,75.136635,73.032761
633,BASELINE,NEW_DATA,24.999619,75.136635,73.032761
634,BASELINE,NEW_DATA,24.999619,75.136635,73.032761
635,BASELINE,NEW_DATA,24.999619,75.136635,73.032761
636,BASELINE,NEW_DATA,24.999619,75.215317,73.032761
637,BASELINE,NEW_DATA,24.999619,75.215317,73.032761
638,BASELINE,NEW_DATA,24.999619,75.215317,73.032761
639,BASELINE,NEW_DATA,24.999619,75.215317,73.032761
640,BASELINE,NEW_DATA,24.999619,75.234268,72.883896
641,BASELINE,NEW_DATA,24.999619,75.234268,72.883896
642,BASELINE,NEW_DATA,24.999619,75.234268,72.883896
643,BASELINE,NEW_DATA,24.999619,75.234268,72.883896
644,BASELINE,NEW_DATA,24.999619,75.234268,72.883896
645,BASELINE,NEW_DATA,24.999619,74.670403,72.883896
646,BASELINE,NEW_DATA,24.999619,74.670403,72.883896
647,BASELINE,NEW_DATA,24.999619,74.670403,72.883896
648,BASELINE,NEW_DATA,24.999619,74.670403,72.883896
649,BASELINE,NEW_DATA,24.999619,74.558289,73.002174
650,BASELINE,NEW_DATA,24.999619,74.558289,73.002174
651,BASELINE,NEW_DATA,24.999619,74.558289,73.002174
652,BASELINE,NEW_DATA,24.999619,74.558289,73.002174
653,BASELINE,NEW_DATA,24.999619,74.558289,73.002174
654,BASELINE,NEW_DATA,24.999619,74.558289,73.002174
655,BASELINE,NEW_DATA,24.999619,74.558289,73.002174
656,BASELINE,NEW_DATA,24.999619,74.558289,73.002174
657,BASELINE,NEW_DATA,24.999619,74.558289,73.002174
658,BASELINE,NEW_DATA,24.999619,74.442017,72.242424
659,BASELINE,NEW_DATA,24.999619,74.442017,72.242424
660,BASELINE,NEW_DATA,24.999619,74.442017,72.242424
661,BASELINE,NEW_DATA,24.999619,74.442017,72.242424
662,BASELINE,NEW_DATA,24.999619,74.442017,72.242424
663,BASELINE,NEW_DATA,24.999619,74.575066,72.786804
664,BASELINE,NEW_DATA,24.999619,74.575066,72.786804
665,BASELINE,NEW_DATA,24.999619,74.575066,72.786804
666,BASELINE,NEW_DATA,24.999619,74.575066,72.786804
667,BASELINE,NEW_DATA,24.999619,73.948349,72.786804
668,BASELINE,NEW_DATA,24.999619,73.948349,72.786804
669,BASELINE,NEW_DATA,24.999619,73.948349,72.786804
670,BASELINE,NEW_DATA,24.999619,73.948349,72.786804
671,BASELINE,NEW_DATA,24.999619,73.948349,72.786804
672,BASELINE,NEW_DATA,24.999619,73.805046,72.922035
673,BASELINE,NEW_DATA,24.999619,73.805046,72.922035
674,BASELINE,NEW_DATA,24.999619,73.805046,72.922035
675,BASELINE,NEW_DATA,24.999619,73.805046,72.922035
676,BASELINE,NEW_DATA,24.999619,73.805046,72.922035
677,BASELINE,NEW_DATA,24.999619,73.805046,72.922035
678,BASELINE,NEW_DATA,24.999619,73.805046,72.922035
679,BASELINE,NEW_DATA,24.999619,73.805046,72.922035
680,BASELINE,NEW_DATA,24.999619,73.805046,72.922035
681,BASELINE,NEW_DATA,24.999619,73.137398,73.308128
682,BASELINE,NEW_DATA,24.999619,73.137398,73.308128
683,BASELINE,NEW_DATA,24.999619,73.137398,73.308128
684,BASELINE,NEW_DATA,24.999619,73.137398,73.308128
685,BASELINE,NEW_DATA,24.999619,73.137398,73.308128
686,BASELINE,NEW_DATA,24.999619,72.953804,73.308128
687,BASELINE,NEW_DATA,24.999619,72.953804,73.308128
688,BASELINE,NEW_DATA,24.999619,72.953804,73.308128
689,BASELINE,NEW_DATA,24.999619,72.953804,73.308128
690,BASELINE,NEW_DATA,24.999619,72.548904,72.903259
691,BASELINE,NEW_DATA,24.999619,72.548904,72.903259
692,BASELINE,NEW_DATA,24.999619,72.548904,72.903259
693,BASELINE,NEW_DATA,24.999619,72.548904,72.903259
694,BASELINE,NEW_DATA,24.999619,72.548904,72.903259
695,BASELINE,NEW_DATA,24.999619,72.369362,72.903259
696,BASELINE,NEW_DATA,24.999619,72.369362,72.903259
697,BASELINE,NEW_DATA,24.999619,72.369362,72.903259
698,BASELINE,NEW_DATA,24.999619,72.369362,72.903259
699,BASELINE,NEW_DATA,24.999619,71.634583,72.708717
700,BASELINE,NEW_DATA,24.999619,71.634583,72.708717
701,BASELINE,NEW_DATA,24.999619,71.634583,72.708717
702,BASELINE,NEW_DATA,24.999619,71.634583,72.708717
703,BASELINE,NEW_DATA,24.999619,71.634583,72.708717
704,BASELINE,NEW_DATA,24.999619,71.634583,72.708717
705,BASELINE,NEW_DATA,24.999619,71.634583,72.708717
706,BASELINE,NEW_DATA,24.999619,71.634583,72.708717
707,BASELINE,NEW_DATA,24.999619,71.634583,72.708717
708,BASELINE,NEW_DATA,24.999619,70.989258,70.154045
709,BASELINE,NEW_DATA,24.999619,70.989258,70.154045
710,BASELINE,NEW_DATA,24.999619,70.989258,70.154045
711,BASELINE,NEW_DATA,24.999619,70.989258,70.154045
712,BASELINE,NEW_DATA,24.999619,70.989258,70.154045
713,BASELINE,NEW_DATA,24.999619,70.719475,70.154045
714,BASELINE,NEW_DATA,24.999619,70.719475,70.154045
715,BASELINE,NEW_DATA,24.999619,70.719475,70.154045
716,BASELINE,NEW_DATA,24.999619,70.719475,70.154045
717,BASELINE,NEW_DATA,24.999619,70.719475,70.154045
718,BASELINE,NEW_DATA,24.999619,70.495682,69.461273
719,BASELINE,NEW_DATA,24.999619,70.495682,69.461273
720,BASELINE,NEW_DATA,24.999619,70.495682,69.461273
721,BASELINE,NEW_DATA,24.999619,70.495682,69.461273
722,BASELINE,NEW_DATA,24.999619,70.134567,69.472603
723,BASELINE,NEW_DATA,24.999619,70.134567,69.472603
724,BASELINE,NEW_DATA,24.999619,70.134567,69.472603
725,BASELINE,NEW_DATA,24.999619,70.134567,69.472603
726,BASELINE,NEW_DATA,24.999619,70.134567,69.472603
727,BASELINE,NEW_DATA,24.999619,69.892311,69.472603
728,BASELINE,NEW_DATA,24.999619,69.892311,69.472603
729,BASELINE,NEW_DATA,24.999619,69.892311,69.472603
730,BASELINE,NEW_DATA,24.999619,69.892311,69.472603
731,BASELINE,NEW_DATA,24.999619,69.971413,68.483932
732,BASELINE,NEW_DATA,24.999619,69.971413,68.483932
733,BASELINE,NEW_DATA,24.999619,69.971413,68.483932
734,BASELINE,NEW_DATA,24.999619,69.971413,68.483932
735,BASELINE,NEW_DATA,24.999619,69.971413,68.483932
736,BASELINE,NEW_DATA,24.999619,69.648468,68.483932
737,BASELINE,NEW_DATA,24.999619,69.648468,68.483932
738,BASELINE,NEW_DATA,24.999619,69.648468,68.483932
739,BASELINE,NEW_DATA,24.999619,69.648468,68.483932
740,BASELINE,NEW_DATA,24.999619,69.648468,68.483932
741,BASELINE,NEW_DATA,24.999619,69.399284,67.926308
742,BASELINE,NEW_DATA,24.999619,69.399284,67.926308
743,BASELINE,NEW_DATA,24.999619,69.399284,67.926308
744,BASELINE,NEW_DATA,24.999619,69.399284,67.926308
745,BASELINE,NEW_DATA,24.999619,69.399284,67.926308
746,BASELINE,NEW_DATA,24.999619,69.399284,67.926308
747,BASELINE,NEW_DATA,24.999619,69.399284,67.926308
748,BASELINE,NEW_DATA,24.999619,69.399284,67.926308
749,BASELINE,NEW_DATA,24.999619,69.399284,67.926308
750,BASELINE,NEW_DATA,24.999619,68.870987,70.559746
751,BASELINE,NEW_DATA,24.999619,68.870987,70.559746
752,BASELINE,NEW_DATA,24.999619,68.870987,70.559746
753,BASELINE,NEW_DATA,24.999619,68.870987,70.559746
754,BASELINE,NEW_DATA,24.999619,68.655479,67.429260
755,BASELINE,NEW_DATA,24.999619,68.655479,67.429260
756,BASELINE,NEW_DATA,24.999619,68.655479,67.429260
757,BASELINE,NEW_DATA,24.999619,68.655479,67.429260
758,BASELINE,NEW_DATA,24.999619,68.655479,67.429260
759,BASELINE,NEW_DATA,24.999619,68.311119,66.918098
760,BASELINE,NEW_DATA,24.999619,68.311119,66.918098
761,BASELINE,NEW_DATA,24.999619,68.311119,66.918098
762,BASELINE,NEW_DATA,24.999619,68.311119,66.918098
763,BASELINE,NEW_DATA,24.999619,67.995293,66.918098
764,BASELINE,NEW_DATA,24.999619,67.995293,66.918098
765,BASELINE,NEW_DATA,24.999619,67.995293,66.918098
766,BASELINE,NEW_DATA,24.999619,67.995293,66.918098
767,BASELINE,NEW_DATA,24.999619,67.995293,66.918098
768,BASELINE,NEW_DATA,24.999619,67.452599,65.204147
769,BASELINE,NEW_DATA,24.999619,67.452599,65.204147
770,BASELINE,NEW_DATA,24.999619,67.452599,65.204147
771,BASELINE,NEW_DATA,24.999619,67.452599,65.204147
772,BASELINE,NEW_DATA,24.999619,67.452599,65.204147
773,BASELINE,NEW_DATA,24.999619,67.452599,65.204147
774,BASELINE,NEW_DATA,24.999619,67.452599,65.204147
775,BASELINE,NEW_DATA,24.999619,67.452599,65.204147
776,BASELINE,NEW_DATA,24.999619,67.452599,65.204147
777,BASELINE,NEW_DATA,24.999619,66.906876,64.715988
778,BASELINE,NEW_DATA,24.999619,66.906876,64.715988
779,BASELINE,NEW_DATA,24.999619,66.906876,64.715988
780,BASELINE,NEW_DATA,24.999619,66.906876,64.715988
781,BASELINE,NEW_DATA,24.999619,66.906876,64.715988
782,BASELINE,NEW_DATA,24.999619,66.785904,66.517738
783,BASELINE,NEW_DATA,24.999619,66.785904,66.517738
784,BASELINE,NEW_DATA,24.999619,66.785904,66.517738
785,BASELINE,NEW_DATA,24.999619,66.785904,66.517738
786,BASELINE,NEW_DATA,24.999619,66.785904,66.898407
787,BASELINE,NEW_DATA,24.999619,66.785904,66.898407
788,BASELINE,NEW_DATA,24.999619,66.785904,66.898407
789,BASELINE,NEW_DATA,24.999619,66.785904,66.898407
790,BASELINE,NEW_DATA,24.999619,66.785904,66.898407
791,BASELINE,NEW_DATA,24.999619,66.758354,67.359970
792,BASELINE,NEW_DATA,24.999619,66.758354,67.359970
793,BASELINE,NEW_DATA,24.999619,66.758354,67.359970
794,BASELINE,NEW_DATA,24.999619,66.758354,67.359970
795,BASELINE,NEW_DATA,24.999619,66.442444,67.111732
796,BASELINE,NEW_DATA,24.999619,66.442444,67.111732
797,BASELINE,NEW_DATA,24.999619,66.442444,67.111732
798,BASELINE,NEW_DATA,24.999619,66.442444,67.111732
799,BASELINE,NEW_DATA,24.999619,66.442444,67.111732
800,BASELINE,NEW_DATA,24.999619,66.442444,67.111732
801,BASELINE,NEW_DATA,24.999619,66.442444,67.111732
802,BASELINE,NEW_DATA,24.999619,66.442444,67.111732
803,BASELINE,NEW_DATA,24.999619,66.442444,67.111732
804,BASELINE,NEW_DATA,24.999619,67.188942,67.585457
805,BASELINE,NEW_DATA,24.999619,67.188942,67.585457
806,BASELINE,NEW_DATA,24.999619,67.188942,67.585457
807,BASELINE,NEW_DATA,24.999619,67.188942,67.585457
808,BASELINE,NEW_DATA,24.999619,67.188942,67.585457
809,BASELINE,NEW_DATA,24.999619,68.284843,67.055481
810,BASELINE,NEW_DATA,24.999619,68.284843,67.055481
811,BASELINE,NEW_DATA,24.999619,68.284843,67.055481
812,BASELINE,NEW_DATA,24.999619,68.284843,67.055481
813,BASELINE,NEW_DATA,24.999619,68.284843,67.055481
814,BASELINE,NEW_DATA,24.999619,69.702179,65.906303
815,BASELINE,NEW_DATA,24.999619,69.702179,65.906303
816,BASELINE,NEW_DATA,24.999619,69.702179,65.906303
817,BASELINE,NEW_DATA,24.999619,69.702179,65.906303
818,BASELINE,NEW_DATA,24.999619,71.438042,65.397484
819,BASELINE,NEW_DATA,24.999619,71.438042,65.397484
820,BASELINE,NEW_DATA,24.999619,71.438042,65.397484
821,BASELINE,NEW_DATA,24.999619,71.438042,65.397484
822,BASELINE,NEW_DATA,24.999619,71.438042,65.397484
823,BASELINE,NEW_DATA,24.999619,71.716133,63.329250
824,BASELINE,NEW_DATA,24.999619,71.716133,63.329250
825,BASELINE,NEW_DATA,24.999619,71.716133,63.329250
826,BASELINE,NEW_DATA,24.999619,71.716133,63.329250
827,BASELINE,NEW_DATA,24.999619,72.612953,64.101120
828,BASELINE,NEW_DATA,24.999619,72.612953,64.101120
829,BASELINE,NEW_DATA,24.999619,72.612953,64.101120
830,BASELINE,NEW_DATA,24.999619,72.612953,64.101120
831,BASELINE,NEW_DATA,24.999619,72.612953,64.101120
832,BASELINE,NEW_DATA,24.999619,72.612953,64.308945
833,BASELINE,NEW_DATA,24.999619,72.612953,64.308945
834,BASELINE,NEW_DATA,24.999619,72.612953,64.308945
835,BASELINE,NEW_DATA,24.999619,72.612953,64.308945
836,BASELINE,NEW_DATA,24.999619,72.678566,64.308945
837,BASELINE,NEW_DATA,24.999619,72.678566,64.308945
838,BASELINE,NEW_DATA,24.999619,72.678566,64.308945
839,BASELINE,NEW_DATA,24.999619,72.678566,64.308945
840,BASELINE,NEW_DATA,24.999619,72.678566,64.308945
841,BASELINE,NEW_DATA,24.999619,72.718903,64.740753
842,BASELINE,NEW_DATA,24.999619,72.718903,64.740753
843,BASELINE,NEW_DATA,24.999619,72.718903,64.740753
844,BASELINE,NEW_DATA,24.999619,72.718903,64.740753
845,BASELINE,NEW_DATA,24.999619,72.718903,64.740753
846,BASELINE,NEW_DATA,24.999619,72.416481,64.523941
847,BASELINE,NEW_DATA,24.999619,72.416481,64.523941
848,BASELINE,NEW_DATA,24.999619,72.416481,64.523941
849,BASELINE,NEW_DATA,24.999619,72.416481,64.523941
850,BASELINE,NEW_DATA,24.999619,72.539734,64.523941
851,BASELINE,NEW_DATA,24.999619,72.539734,64.523941
852,BASELINE,NEW_DATA,24.999619,72.539734,64.523941
853,BASELINE,NEW_DATA,24.999619,72.539734,64.523941
854,BASELINE,NEW_DATA,24.999619,72.539734,64.523941
855,BASELINE,NEW_DATA,24.999619,72.089035,65.455231
856,BASELINE,NEW_DATA,24.999619,72.089035,65.455231
857,BASELINE,NEW_DATA,24.999619,72.089035,65.455231
858,BASELINE,NEW_DATA,24.999619,72.089035,65.455231
859,BASELINE,NEW_DATA,24.999619,72.206993,65.987579
860,BASELINE,NEW_DATA,24.999619,72.206993,65.987579
861,BASELINE,NEW_DATA,24.999619,72.206993,65.987579
862,BASELINE,NEW_DATA,24.999619,72.206993,65.987579
863,BASELINE,NEW_DATA,24.999619,72.206993,65.987579
864,BASELINE,NEW_DATA,24.999619,71.898941,66.161095
865,BASELINE,NEW_DATA,24.999619,71.898941,66.161095
866,BASELINE,NEW_DATA,24.999619,71.898941,66.161095
867,BASELINE,NEW_DATA,24.999619,71.898941,66.161095
868,BASELINE,NEW_DATA,24.999619,71.741707,66.532745
869,BASELINE,NEW_DATA,24.999619,71.741707,66.532745
870,BASELINE,NEW_DATA,24.999619,71.741707,66.532745
871,BASELINE,NEW_DATA,24.999619,71.741707,66.532745
872,BASELINE,NEW_DATA,24.999619,71.741707,66.532745
873,BASELINE,NEW_DATA,24.999619,71.714722,67.079109
874,BASELINE,NEW_DATA,24.999619,71.714722,67.079109
875,BASELINE,NEW_DATA,24.999619,71.714722,67.079109
876,BASELINE,NEW_DATA,24.999619,71.714722,67.079109
877,BASELINE,NEW_DATA,24.999619,71.714722,67.079109
878,BASELINE,NEW_DATA,24.999619,71.866989,68.403572
879,BASELINE,NEW_DATA,24.999619,71.866989,68.403572
880,BASELINE,NEW_DATA,24.999619,71.866989,68.403572
881,BASELINE,NEW_DATA,24.999619,71.866989,68.403572
882,BASELINE,NEW_DATA,24.999619,72.253860,68.935226
883,BASELINE,NEW_DATA,24.999619,72.253860,68.935226
884,BASELINE,NEW_DATA,24.999619,72.253860,68.935226
885,BASELINE,NEW_DATA,24.999619,72.253860,68.935226
886,BASELINE,NEW_DATA,24.999619,72.253860,68.935226
887,BASELINE,NEW_DATA,24.999619,72.489403,68.790604
888,BASELINE,NEW_DATA,24.999619,72.489403,68.790604
889,BASELINE,NEW_DATA,24.999619,72.489403,68.790604
890,BASELINE,NEW_DATA,24.999619,72.489403,68.790604
891,BASELINE,NEW_DATA,24.999619,72.660683,68.253563
892,BASELINE,NEW_DATA,24.999619,72.660683,68.253563
893,BASELINE,NEW_DATA,24.999619,72.660683,68.253563
894,BASELINE,NEW_DATA,24.999619,72.660683,68.253563
895,BASELINE,NEW_DATA,24.999619,72.660683,68.253563
896,BASELINE,NEW_DATA,24.999619,72.660683,68.253563
897,BASELINE,NEW_DATA,24.999619,72.660683,68.253563
898,BASELINE,NEW_DATA,24.999619,72.660683,68.253563
899,BASELINE,NEW_DATA,24.999619,72.660683,68.253563
900,BASELINE,NEW_DATA,24.999619,72.660683,68.253563
901,BASELINE,NEW_DATA,24.999619,72.453972,68.366058
902,BASELINE,NEW_DATA,24.999619,72.453972,68.366058
903,BASELINE,NEW_DATA,24.999619,72.453972,68.366058
904,BASELINE,NEW_DATA,24.999619,72.453972,68.366058
905,BASELINE,NEW_DATA,24.999619,72.980476,68.366058
906,BASELINE,NEW_DATA,24.999619,72.980476,68.366058
907,BASELINE,NEW_DATA,24.999619,72.980476,68.366058
908,BASELINE,NEW_DATA,24.999619,72.980476,68.366058
909,BASELINE,NEW_DATA,24.999619,72.980476,68.366058
910,BASELINE,NEW_DATA,24.999619,73.023186,70.539841
911,BASELINE,NEW_DATA,24.999619,73.023186,70.539841
912,BASELINE,NEW_DATA,24.999619,73.023186,70.539841
913,BASELINE,NEW_DATA,24.999619,73.023186,70.539841
914,BASELINE,NEW_DATA,24.999619,73.133781,70.584793
915,BASELINE,NEW_DATA,24.999619,73.133781,70.584793
916,BASELINE,NEW_DATA,24.999619,73.133781,70.584793
917,BASELINE,NEW_DATA,24.999619,73.133781,70.584793
918,BASELINE,NEW_DATA,24.999619,73.133781,70.584793
919,BASELINE,NEW_DATA,24.999619,73.253845,70.584793
920,BASELINE,NEW_DATA,24.999619,73.253845,70.584793
921,BASELINE,NEW_DATA,24.999619,73.253845,70.584793
922,BASELINE,NEW_DATA,24.999619,73.253845,70.584793
923,BASELINE,NEW_DATA,24.999619,73.509933,70.888878
924,BASELINE,NEW_DATA,24.999619,73.509933,70.888878
925,BASELINE,NEW_DATA,24.999619,73.509933,70.888878
926,BASELINE,NEW_DATA,24.999619,73.509933,70.888878
927,BASELINE,NEW_DATA,24.999619,73.509933,70.888878
928,BASELINE,NEW_DATA,24.999619,72.899315,70.888878
929,BASELINE,NEW_DATA,24.999619,72.899315,70.888878
930,BASELINE,NEW_DATA,24.999619,72.899315,70.888878
931,BASELINE,NEW_DATA,24.999619,72.899315,70.888878
932,BASELINE,NEW_DATA,24.999619,72.899315,70.888878
933,BASELINE,NEW_DATA,24.999619,73.528465,71.472763
934,BASELINE,NEW_DATA,24.999619,73.528465,71.472763
935,BASELINE,NEW_DATA,24.999619,73.528465,71.472763
936,BASELINE,NEW_DATA,24.999619,73.528465,71.472763
937,BASELINE,NEW_DATA,24.999619,72.952934,70.352379
938,BASELINE,NEW_DATA,24.999619,72.952934,70.352379
939,BASELINE,NEW_DATA,24.999619,72.952934,70.352379
940,BASELINE,NEW_DATA,24.999619,72.952934,70.352379
941,BASELINE,NEW_DATA,24.999619,72.952934,70.352379
942,BASELINE,NEW_DATA,24.999619,73.491631,70.352379
943,BASELINE,NEW_DATA,24.999619,73.491631,70.352379
944,BASELINE,NEW_DATA,24.999619,73.491631,70.352379
945,BASELINE,NEW_DATA,24.999619,73.491631,70.352379
946,BASELINE,NEW_DATA,24.999619,73.087212,71.690132
947,BASELINE,NEW_DATA,24.999619,73.087212,71.690132
948,BASELINE,NEW_DATA,24.999619,73.087212,71.690132
949,BASELINE,NEW_DATA,24.999619,73.087212,71.690132
950,BASELINE,NEW_DATA,24.999619,73.087212,71.690132
951,BASELINE,NEW_DATA,24.999619,73.087212,71.690132
952,BASELINE,NEW_DATA,24.999619,73.087212,71.690132
953,BASELINE,NEW_DATA,24.999619,73.087212,71.690132
954,BASELINE,NEW_DATA,24.999619,73.087212,71.690132
955,BASELINE,NEW_DATA,24.999619,72.999016,72.241241
956,BASELINE,NEW_DATA,24.999619,72.999016,72.241241
957,BASELINE,NEW_DATA,24.999619,72.999016,72.241241
958,BASELINE,NEW_DATA,24.999619,72.999016,72.241241
959,BASELINE,NEW_DATA,24.999619,72.999016,72.241241
960,BASELINE,NEW_DATA,24.999619,72.999016,72.855553
961,BASELINE,NEW_DATA,24.999619,72.999016,72.855553
962,BASELINE,NEW_DATA,24.999619,72.999016,72.855553
963,BASELINE,NEW_DATA,24.999619,72.999016,72.855553
964,BASELINE,NEW_DATA,24.999619,72.999016,72.855553
965,BASELINE,NEW_DATA,24.999619,73.063705,73.308723
966,BASELINE,NEW_DATA,24.999619,73.063705,73.308723
967,BASELINE,NEW_DATA,24.999619,73.063705,73.308723
968,BASELINE,NEW_DATA,24.999619,73.063705,73.308723
969,BASELINE,NEW_DATA,24.999619,73.063705,73.645935
970,BASELINE,NEW_DATA,24.999619,73.063705,73.645935
971,BASELINE,NEW_DATA,24.999619,73.063705,73.645935
972,BASELINE,NEW_DATA,24.999619,73.063705,73.645935
973,BASELINE,NEW_DATA,24.999619,73.063705,73.645935
974,BASELINE,NEW_DATA,24.999619,73.189034,74.011185
975,BASELINE,NEW_DATA,24.999619,73.189034,74.011185
976,BASELINE,NEW_DATA,24.999619,73.189034,74.011185
977,BASELINE,NEW_DATA,24.999619,73.189034,74.011185
978,BASELINE,NEW_DATA,24.999619,73.189034,74.011185
979,BASELINE,NEW_DATA,24.999619,73.189034,74.011185
980,BASELINE,NEW_DATA,24.999619,73.189034,74.011185
981,BASELINE,NEW_DATA,24.999619,73.189034,74.011185
982,BASELINE,NEW_DATA,24.999619,73.189034,74.011185
983,BASELINE,NEW_DATA,24.999619,73.206871,73.977631
984,BASELINE,NEW_DATA,24.999619,73.206871,73.977631
985,BASELINE,NEW_DATA,24.999619,73.206871,73.977631
986,BASELINE,NEW_DATA,24.999619,73.206871,73.977631
987,BASELINE,NEW_DATA,24.999619,73.206871,73.977631
988,BASELINE,NEW_DATA,24.999619,73.206871,74.453804
989,BASELINE,NEW_DATA,24.999619,73.206871,74.453804
990,BASELINE,NEW_DATA,24.999619,73.206871,74.453804
991,BASELINE,NEW_DATA,24.999619,73.206871,74.453804
992,BASELINE,NEW_DATA,24.999619,73.084709,74.286026
993,BASELINE,NEW_DATA,24.999619,73.084709,74.286026
994,BASELINE,NEW_DATA,24.999619,73.084709,74.286026
995,BASELINE,NEW_DATA,24.999619,73.084709,74.286026
996,BASELINE,NEW_DATA,24.999619,73.084709,74.286026
997,BASELINE,NEW_DATA,24.999619,73.098114,74.883186
998,BASELINE,NEW_DATA,24.999619,73.098114,74.883186
999,BASELINE,NEW_DATA,24.999619,73.098114,74.883186
1000,BASELINE,NEW_DATA,24.999619,73.098114,74.883186
1001,BASELINE,NEW_DATA,24.999619,72.728691,74.838654
1002,BASELINE,NEW_DATA,24.999619,72.728691,74.838654
1003,BASELINE,NEW_DATA,24.999619,72.728691,74.838654
1004,BASELINE,NEW_DATA,24.999619,72.728691,74.838654
1005,BASELINE,NEW_DATA,24.999619,72.728691,74.838654
1006,BASELINE,NEW_DATA,24.999619,72.827774,74.838654
1007,BASELINE,NEW_DATA,24.999619,72.827774,74.838654
1008,BASELINE,NEW_DATA,24.999619,72.827774,74.838654
1009,BASELINE,NEW_DATA,24.999619,72.827774,74.838654
1010,BASELINE,NEW_DATA,24.999619,72.490234,74.759850
1011,BASELINE,NEW_DATA,24.999619,72.490234,74.759850
1012,BASELINE,NEW_DATA,24.999619,72.490234,74.759850
1013,BASELINE,NEW_DATA,24.999619,72.490234,74.759850
1014,BASELINE,NEW_DATA,24.999619,72.490234,74.759850
1015,BASELINE,NEW_DATA,24.999619,72.920692,75.377029
1016,BASELINE,NEW_DATA,24.999619,72.920692,75.377029
1017,BASELINE,NEW_DATA,24.999619,72.920692,75.377029
1018,BASELINE,NEW_DATA,24.999619,72.920692,75.377029
1019,BASELINE,NEW_DATA,24.999619,72.601006,74.727104
1020,BASELINE,NEW_DATA,24.999619,72.601006,74.727104
1021,BASELINE,NEW_DATA,24.999619,72.601006,74.727104
1022,BASELINE,NEW_DATA,24.999619,72.601006,74.727104
1023,BASELINE,NEW_DATA,24.999619,72.601006,74.727104
1024,BASELINE,NEW_DATA,24.999619,72.887177,75.333061
1025,BASELINE,NEW_DATA,24.999619,72.887177,75.333061
1026,BASELINE,NEW_DATA,24.999619,72.887177,75.333061
1027,BASELINE,NEW_DATA,24.999619,72.887177,75.333061
1028,BASELINE,NEW_DATA,24.999619,72.887177,75.333061
1029,BASELINE,NEW_DATA,24.999619,72.887177,75.917015
1030,BASELINE,NEW_DATA,24.999619,72.887177,75.917015
1031,BASELINE,NEW_DATA,24.999619,72.887177,75.917015
1032,BASELINE,NEW_DATA,24.999619,72.887177,75.917015
1033,BASELINE,NEW_DATA,24.999619,73.192810,76.165909
1034,BASELINE,NEW_DATA,24.999619,73.192810,76.165909
1035,BASELINE,NEW_DATA,24.999619,73.192810,76.165909
1036,BASELINE,NEW_DATA,24.999619,73.192810,76.165909
1037,BASELINE,NEW_DATA,24.999619,73.192810,76.165909
1038,BASELINE,NEW_DATA,24.999619,73.192810,76.751801
1039,BASELINE,NEW_DATA,24.999619,73.192810,76.751801
1040,BASELINE,NEW_DATA,24.999619,73.192810,76.751801
1041,BASELINE,NEW_DATA,24.999619,73.192810,76.751801
1042,BASELINE,NEW_DATA,24.999619,73.591354,76.798668
1043,BASELINE,NEW_DATA,24.999619,73.591354,76.798668
1044,BASELINE,NEW_DATA,24.999619,73.591354,76.798668
1045,BASELINE,NEW_DATA,24.999619,73.591354,76.798668
1046,BASELINE,NEW_DATA,24.999619,73.591354,76.798668
1047,BASELINE,NEW_DATA,24.999619,73.544243,76.409561
1048,BASELINE,NEW_DATA,24.999619,73.544243,76.409561
1049,BASELINE,NEW_DATA,24.999619,73.544243,76.409561
1050,BASELINE,NEW_DATA,24.999619,73.544243,76.409561
1051,BASELINE,NEW_DATA,24.999619,73.539581,76.997910
1052,BASELINE,NEW_DATA,24.999619,73.539581,76.997910
1053,BASELINE,NEW_DATA,24.999619,73.539581,76.997910
1054,BASELINE,NEW_DATA,24.999619,73.539581,76.997910
1055,BASELINE,NEW_DATA,24.999619,73.539581,76.997910
1056,BASELINE,NEW_DATA,24.999619,73.426117,77.190628
1057,BASELINE,NEW_DATA,24.999619,73.426117,77.190628
1058,BASELINE,NEW_DATA,24.999619,73.426117,77.190628
1059,BASELINE,NEW_DATA,24.999619,73.426117,77.190628
1060,BASELINE,NEW_DATA,24.999619,73.426117,77.190628
1061,BASELINE,NEW_DATA,24.999619,73.426117,77.190628
1062,BASELINE,NEW_DATA,24.999619,73.426117,77.190628
1063,BASELINE,NEW_DATA,24.999619,73.426117,77.190628
1064,BASELINE,NEW_DATA,24.999619,73.426117,77.190628
1065,BASELINE,NEW_DATA,24.999619,73.295059,77.470619
1066,BASELINE,NEW_DATA,24.999619,73.295059,77.470619
1067,BASELINE,NEW_DATA,24.999619,73.295059,77.470619
1068,BASELINE,NEW_DATA,24.999619,73.295059,77.470619
1069,BASELINE,NEW_DATA,24.999619,73.295059,77.470619
1070,BASELINE,NEW_DATA,24.999619,71.992538,78.133011
1071,BASELINE,NEW_DATA,24.999619,71.992538,78.133011
1072,BASELINE,NEW_DATA,24.999619,71.992538,78.133011
1073,BASELINE,NEW_DATA,24.999619,71.992538,78.133011
1074,BASELINE,NEW_DATA,24.999619,71.992538,78.133011
1075,BASELINE,NEW_DATA,24.999619,71.992538,78.133011
1076,BASELINE,NEW_DATA,24.999619,71.992538,78.133011
1077,BASELINE,NEW_DATA,24.999619,71.992538,78.133011
1078,BASELINE,NEW_DATA,24.999619,71.992538,78.133011
1079,BASELINE,NEW_DATA,24.999619,70.843323,77.508713
1080,BASELINE,NEW_DATA,24.999619,70.843323,77.508713
1081,BASELINE,NEW_DATA,24.999619,70.843323,77.508713
1082,BASELINE,NEW_DATA,24.999619,70.843323,77.508713
1083,BASELINE,NEW_DATA,24.999619,69.033958,80.140388
1084,BASELINE,NEW_DATA,24.999619,69.033958,80.140388
1085,BASELINE,NEW_DATA,24.999619,69.033958,80.140388
1086,BASELINE,NEW_DATA,24.999619,69.033958,80.140388
1087,BASELINE,NEW_DATA,24.999619,69.033958,80.140388
1088,BASELINE,NEW_DATA,24.999619,67.603172,80.140388
1089,BASELINE,NEW_DATA,24.999619,67.603172,80.140388
1090,BASELINE,NEW_DATA,24.999619,67.603172,80.140388
1091,BASELINE,NEW_DATA,24.999619,67.603172,80.140388
1092,BASELINE,NEW_DATA,24.999619,67.603172,80.140388
1093,BASELINE,NEW_DATA,24.999619,66.899971,79.540421
1094,BASELINE,NEW_DATA,24.999619,66.899971,79.540421
1095,BASELINE,NEW_DATA,24.999619,66.899971,79.540421
1096,BASELINE,NEW_DATA,24.999619,66.899971,79.540421
1097,BASELINE,NEW_DATA,24.999619,66.250381,83.341400
1098,BASELINE,NEW_DATA,24.999619,66.250381,83.341400
1099,BASELINE,NEW_DATA,24.999619,66.250381,83.341400
1100,BASELINE,NEW_DATA,24.999619,66.250381,83.341400
1101,BASELINE,NEW_DATA,24.999619,66.250381,83.341400
1102,BASELINE,NEW_DATA,24.999619,65.938110,82.064980
1103,BASELINE,NEW_DATA,24.999619,65.938110,82.064980
1104,BASELINE,NEW_DATA,24.999619,65.938110,82.064980
1105,BASELINE,NEW_DATA,24.999619,65.938110,82.064980
1106,BASELINE,NEW_DATA,24.999619,66.153137,81.342033
1107,BASELINE,NEW_DATA,24.999619,66.153137,81.342033
1108,BASELINE,NEW_DATA,24.999619,66.153137,81.342033
1109,BASELINE,NEW_DATA,24.999619,66.153137,81.342033
1110,BASELINE,NEW_DATA,24.999619,66.153137,81.342033
1111,BASELINE,NEW_DATA,24.999619,66.274384,81.979744
1112,BASELINE,NEW_DATA,24.999619,66.274384,81.979744
1113,BASELINE,NEW_DATA,24.999619,66.274384,81.979744
1114,BASELINE,NEW_DATA,24.999619,66.274384,81.979744
1115,BASELINE,NEW_DATA,24.999619,66.274384,81.979744
1116,BASELINE,NEW_DATA,24.999619,66.262375,82.652237
1117,BASELINE,NEW_DATA,24.999619,66.262375,82.652237
1118,BASELINE,NEW_DATA,24.999619,66.262375,82.652237
1119,BASELINE,NEW_DATA,24.999619,66.262375,82.652237
1120,BASELINE,NEW_DATA,24.999619,66.723793,82.556412
1121,BASELINE,NEW_DATA,24.999619,66.723793,82.556412
1122,BASELINE,NEW_DATA,24.999619,66.723793,82.556412
1123,BASELINE,NEW_DATA,24.999619,66.723793,82.556412
1124,BASELINE,NEW_DATA,24.999619,66.723793,82.556412
1125,BASELINE,NEW_DATA,24.999619,66.723793,83.289833
1126,BASELINE,NEW_DATA,24.999619,66.723793,83.289833
1127,BASELINE,NEW_DATA,24.999619,66.723793,83.289833
1128,BASELINE,NEW_DATA,24.999619,66.723793,83.289833
1129,BASELINE,NEW_DATA,24.999619,67.335022,83.529488
1130,BASELINE,NEW_DATA,24.999619,67.335022,83.529488
1131,BASELINE,NEW_DATA,24.999619,67.335022,83.529488
1132,BASELINE,NEW_DATA,24.999619,67.335022,83.529488
1133,BASELINE,NEW_DATA,24.999619,67.335022,83.529488
1134,BASELINE,NEW_DATA,24.999619,67.714455,82.447647
1135,BASELINE,NEW_DATA,24.999619,67.714455,82.447647
1136,BASELINE,NEW_DATA,24.999619,67.714455,82.447647
1137,BASELINE,NEW_DATA,24.999619,67.714455,82.447647
1138,BASELINE,NEW_DATA,24.999619,67.760048,82.447647
1139,BASELINE,NEW_DATA,24.999619,67.760048,82.447647
1140,BASELINE,NEW_DATA,24.999619,67.760048,82.447647
1141,BASELINE,NEW_DATA,24.999619,67.760048,82.447647
1142,BASELINE,NEW_DATA,24.999619,67.760048,82.447647
1143,BASELINE,NEW_DATA,24.999619,67.760048,81.748634
1144,BASELINE,NEW_DATA,24.999619,67.760048,81.748634
1145,BASELINE,NEW_DATA,24.999619,67.760048,81.748634
1146,BASELINE,NEW_DATA,24.999619,67.760048,81.748634
1147,BASELINE,NEW_DATA,24.999619,67.051819,80.831474
1148,BASELINE,NEW_DATA,24.999619,67.051819,80.831474
1149,BASELINE,NEW_DATA,24.999619,67.051819,80.831474
1150,BASELINE,NEW_DATA,24.999619,67.051819,80.831474
1151,BASELINE,NEW_DATA,24.999619,67.051819,80.831474
1152,BASELINE,NEW_DATA,24.999619,66.506714,82.576263
1153,BASELINE,NEW_DATA,24.999619,66.506714,82.576263
1154,BASELINE,NEW_DATA,24.999619,66.506714,82.576263
1155,BASELINE,NEW_DATA,24.999619,66.506714,82.576263
1156,BASELINE,NEW_DATA,24.999619,66.506714,82.576263
1157,BASELINE,NEW_DATA,24.999619,66.506714,79.110855
1158,BASELINE,NEW_DATA,24.999619,66.506714,79.110855
1159,BASELINE,NEW_DATA,24.999619,66.506714,79.110855
1160,BASELINE,NEW_DATA,24.999619,66.506714,79.110855
1161,BASELINE,NEW_DATA,24.999619,66.462608,82.086952
1162,BASELINE,NEW_DATA,24.999619,66.462608,82.086952
1163,BASELINE,NEW_DATA,24.999619,66.462608,82.086952
1164,BASELINE,NEW_DATA,24.999619,66.462608,82.086952
1165,BASELINE,NEW_DATA,24.999619,66.462608,82.086952
1166,BASELINE,NEW_DATA,24.999619,67.089973,82.360924
1167,BASELINE,NEW_DATA,24.999619,67.089973,82.360924
1168,BASELINE,NEW_DATA,24.999619,67.089973,82.360924
1169,BASELINE,NEW_DATA,24.999619,67.089973,82.360924
1170,BASELINE,NEW_DATA,24.999619,67.089973,82.360924
1171,BASELINE,NEW_DATA,24.999619,67.089973,82.360924
1172,BASELINE,NEW_DATA,24.999619,67.089973,82.360924
1173,BASELINE,NEW_DATA,24.999619,67.089973,82.360924
1174,BASELINE,NEW_DATA,24.999619,67.089973,82.360924
1175,BASELINE,NEW_DATA,24.999619,67.411835,81.643967
1176,BASELINE,NEW_DATA,24.999619,67.411835,81.643967
1177,BASELINE,NEW_DATA,24.999619,67.411835,81.643967
1178,BASELINE,NEW_DATA,24.999619,67.411835,81.643967
1179,BASELINE,NEW_DATA,24.999619,67.779556,81.162140
1180,BASELINE,NEW_DATA,24.999619,67.779556,81.162140
1181,BASELINE,NEW_DATA,24.999619,67.779556,81.162140
1182,BASELINE,NEW_DATA,24.999619,67.779556,81.162140
1183,BASELINE,NEW_DATA,24.999619,67.779556,81.162140
1184,BASELINE,NEW_DATA,24.999619,67.497070,81.162140
1185,BASELINE,NEW_DATA,24.999619,67.497070,81.162140
1186,BASELINE,NEW_DATA,24.999619,67.497070,81.162140
1187,BASELINE,NEW_DATA,24.999619,67.497070,81.162140
1188,BASELINE,NEW_DATA,24.999619,67.497070,81.162140
1189,BASELINE,NEW_DATA,24.999619,67.985428,82.074684
1190,BASELINE,NEW_DATA,24.999619,67.985428,82.074684
1191,BASELINE,NEW_DATA,24.999619,67.985428,82.074684
1192,BASELINE,NEW_DATA,24.999619,67.985428,82.074684
1193,BASELINE,NEW_DATA,24.999619,67.985428,82.440155
1194,BASELINE,NEW_DATA,24.999619,67.985428,82.440155
1195,BASELINE,NEW_DATA,24.999619,67.985428,82.440155
1196,BASELINE,NEW_DATA,24.999619,67.985428,82.440155
1197,BASELINE,NEW_DATA,24.999619,67.985428,82.440155
1198,BASELINE,NEW_DATA,24.999619,68.006516,81.740181
1199,BASELINE,NEW_DATA,24.999619,68.006516,81.740181
1200,BASELINE,NEW_DATA,24.999619,68.006516,81.740181
1201,BASELINE,NEW_DATA,24.999619,68.006516,81.740181
1202,BASELINE,NEW_DATA,24.999619,68.818024,82.801674
1203,BASELINE,NEW_DATA,24.999619,68.818024,82.801674
1204,BASELINE,NEW_DATA,24.999619,68.818024,82.801674
1205,BASELINE,NEW_DATA,24.999619,68.818024,82.801674
1206,BASELINE,NEW_DATA,24.999619,68.818024,82.801674
1207,BASELINE,NEW_DATA,24.999619,68.818024,83.109383
1208,BASELINE,NEW_DATA,24.999619,68.818024,83.109383
1209,BASELINE,NEW_DATA,24.999619,68.818024,83.109383
1210,BASELINE,NEW_DATA,24.999619,68.818024,83.109383
1211,BASELINE,NEW_DATA,24.999619,68.818024,83.109383
1212,BASELINE,NEW_DATA,24.999619,69.593163,82.575523
1213,BASELINE,NEW_DATA,24.999619,69.593163,82.575523
1214,BASELINE,NEW_DATA,24.999619,69.593163,82.575523
1215,BASELINE,NEW_DATA,24.999619,69.593163,82.575523
1216,BASELINE,NEW_DATA,24.999619,70.030251,82.126221
1217,BASELINE,NEW_DATA,24.999619,70.030251,82.126221
1218,BASELINE,NEW_DATA,24.999619,70.030251,82.126221
1219,BASELINE,NEW_DATA,24.999619,70.030251,82.126221
1220,BASELINE,NEW_DATA,24.999619,70.030251,82.126221
1221,BASELINE,NEW_DATA,24.999619,70.461220,82.126221
1222,BASELINE,NEW_DATA,24.999619,70.461220,82.126221
1223,BASELINE,NEW_DATA,24.999619,70.461220,82.126221
1224,BASELINE,NEW_DATA,24.999619,70.461220,82.126221
1225,BASELINE,NEW_DATA,24.999619,70.855812,81.452789
1226,BASELINE,NEW_DATA,24.999619,70.855812,81.452789
1227,BASELINE,NEW_DATA,24.999619,70.855812,81.452789
1228,BASELINE,NEW_DATA,24.999619,70.855812,81.452789
1229,BASELINE,NEW_DATA,24.999619,70.855812,81.452789
1230,BASELINE,NEW_DATA,24.999619,71.494896,81.454102
1231,BASELINE,NEW_DATA,24.999619,71.494896,81.454102
1232,BASELINE,NEW_DATA,24.999619,71.494896,81.454102
1233,BASELINE,NEW_DATA,24.999619,71.494896,81.454102
1234,BASELINE,NEW_DATA,24.999619,71.494896,81.454102
1235,BASELINE,NEW_DATA,24.999619,71.494896,81.454102
1236,BASELINE,NEW_DATA,24.999619,71.494896,81.454102
1237,BASELINE,NEW_DATA,24.999619,71.494896,81.454102
1238,BASELINE,NEW_DATA,24.999619,71.494896,81.454102
1239,BASELINE,NEW_DATA,24.999619,72.021797,81.369431
1240,BASELINE,NEW_DATA,24.999619,72.021797,81.369431
1241,BASELINE,NEW_DATA,24.999619,72.021797,81.369431
1242,BASELINE,NEW_DATA,24.999619,72.021797,81.369431
1243,BASELINE,NEW_DATA,24.999619,72.021797,81.369431
1244,BASELINE,NEW_DATA,24.999619,72.315315,80.715446
1245,BASELINE,NEW_DATA,24.999619,72.315315,80.715446
1246,BASELINE,NEW_DATA,24.999619,72.315315,80.715446
1247,BASELINE,NEW_DATA,24.999619,72.315315,80.715446
1248,BASELINE,NEW_DATA,24.999619,72.811874,80.611977
1249,BASELINE,NEW_DATA,24.999619,72.811874,80.611977
1250,BASELINE,NEW_DATA,24.999619,72.811874,80.611977
1251,BASELINE,NEW_DATA,24.999619,72.811874,80.611977
1252,BASELINE,NEW_DATA,24.999619,72.811874,80.611977
1253,BASELINE,NEW_DATA,24.999619,72.811874,80.611977
1254,BASELINE,NEW_DATA,24.999619,72.811874,80.611977
1255,BASELINE,NEW_DATA,24.999619,72.811874,80.611977
1256,BASELINE,NEW_DATA,24.999619,72.811874,80.611977
1257,BASELINE,NEW_DATA,24.999619,73.457138,80.611977
1258,BASELINE,NEW_DATA,24.999619,73.457138,80.611977
1259,BASELINE,NEW_DATA,24.999619,73.457138,80.611977
1260,BASELINE,NEW_DATA,24.999619,73.457138,80.611977
1261,BASELINE,NEW_DATA,24.999619,73.457138,80.611977
1262,BASELINE,NEW_DATA,24.999619,73.803734,80.071198
1263,BASELINE,NEW_DATA,24.999619,73.803734,80.071198
1264,BASELINE,NEW_DATA,24.999619,73.803734,80.071198
1265,BASELINE,NEW_DATA,24.999619,73.803734,80.071198
1266,BASELINE,NEW_DATA,24.999619,73.803734,80.071198
1267,BASELINE,NEW_DATA,24.999619,74.185310,79.405251
1268,BASELINE,NEW_DATA,24.999619,74.185310,79.405251
1269,BASELINE,NEW_DATA,24.999619,74.185310,79.405251
1270,BASELINE,NEW_DATA,24.999619,74.185310,79.405251
1271,BASELINE,NEW_DATA,24.999619,74.511848,79.258461
1272,BASELINE,NEW_DATA,24.999619,74.511848,79.258461
1273,BASELINE,NEW_DATA,24.999619,74.511848,79.258461
1274,BASELINE,NEW_DATA,24.999619,74.511848,79.258461
1275,BASELINE,NEW_DATA,24.999619,74.511848,79.258461
1276,BASELINE,NEW_DATA,24.999619,75.211418,78.628525
1277,BASELINE,NEW_DATA,24.999619,75.211418,78.628525
1278,BASELINE,NEW_DATA,24.999619,75.211418,78.628525
1279,BASELINE,NEW_DATA,24.999619,75.211418,78.628525
1280,BASELINE,NEW_DATA,24.999619,75.531754,75.833359
1281,BASELINE,NEW_DATA,24.999619,75.531754,75.833359
1282,BASELINE,NEW_DATA,24.999619,75.531754,75.833359
1283,BASELINE,NEW_DATA,24.999619,75.531754,75.833359
1284,BASELINE,NEW_DATA,24.999619,75.531754,75.833359
1285,BASELINE,NEW_DATA,24.999619,75.909081,75.833359
1286,BASELINE,NEW_DATA,24.999619,75.909081,75.833359
1287,BASELINE,NEW_DATA,24.999619,75.909081,75.833359
1288,BASELINE,NEW_DATA,24.999619,75.909081,75.833359
1289,BASELINE,NEW_DATA,24.999619,76.245117,75.813576
1290,BASELINE,NEW_DATA,24.999619,76.245117,75.813576
1291,BASELINE,NEW_DATA,24.999619,76.245117,75.813576
1292,BASELINE,NEW_DATA,24.999619,76.245117,75.813576
1293,BASELINE,NEW_DATA,24.999619,76.245117,75.813576
1294,BASELINE,NEW_DATA,24.999619,76.847588,75.224037
1295,BASELINE,NEW_DATA,24.999619,76.847588,75.224037
1296,BASELINE,NEW_DATA,24.999619,76.847588,75.224037
1297,BASELINE,NEW_DATA,24.999619,76.847588,75.224037
1298,BASELINE,NEW_DATA,24.999619,76.847588,75.224037
1299,BASELINE,NEW_DATA,24.999619,76.916069,74.564659
1300,BASELINE,NEW_DATA,24.999619,76.916069,74.564659
1301,BASELINE,NEW_DATA,24.999619,76.916069,74.564659
1302,BASELINE,NEW_DATA,24.999619,76.916069,74.564659
1303,BASELINE,NEW_DATA,24.999619,77.121490,74.132164
1304,BASELINE,NEW_DATA,24.999619,77.121490,74.132164
1305,BASELINE,NEW_DATA,24.999619,77.121490,74.132164
1306,BASELINE,NEW_DATA,24.999619,77.121490,74.132164
1307,BASELINE,NEW_DATA,24.999619,77.121490,74.132164
1308,BASELINE,NEW_DATA,24.999619,77.132065,74.634735
1309,BASELINE,NEW_DATA,24.999619,77.132065,74.634735
1310,BASELINE,NEW_DATA,24.999619,77.132065,74.634735
1311,BASELINE,NEW_DATA,24.999619,77.132065,74.634735
1312,BASELINE,NEW_DATA,24.999619,77.132065,74.634735
1313,BASELINE,NEW_DATA,24.999619,77.132065,74.634735
1314,BASELINE,NEW_DATA,24.999619,77.132065,74.634735
1315,BASELINE,NEW_DATA,24.999619,77.132065,74.634735
1316,BASELINE,NEW_DATA,24.999619,77.132065,74.634735
1317,LIVE,NEW_DATA,24.999619,77.146156,72.831680
1318,LIVE,NEW_DATA,24.999619,77.146156,72.831680
1319,LIVE,NEW_DATA,24.999619,77.146156,72.831680
1320,LIVE,NEW_DATA,24.999619,77.146156,72.831680
1321,LIVE,NEW_DATA,24.999619,77.028870,72.276070
1322,LIVE,NEW_DATA,24.999619,77.028870,72.276070
1323,LIVE,NEW_DATA,24.999619,77.028870,72.276070
1324,LIVE,NEW_DATA,24.999619,77.028870,72.276070
1325,LIVE,NEW_DATA,24.999619,77.028870,72.276070
1326,LIVE,NEW_DATA,24.999619,77.028870,72.199806
1327,LIVE,NEW_DATA,24.999619,77.028870,72.199806
1328,LIVE,NEW_DATA,24.999619,77.028870,72.199806
1329,LIVE,NEW_DATA,24.999619,77.028870,72.199806
1330,LIVE,NEW_DATA,24.999619,77.028870,72.199806
1331,LIVE,NEW_DATA,24.999619,77.035881,71.955170
1332,LIVE,NEW_DATA,24.999619,77.035881,71.955170
1333,LIVE,NEW_DATA,24.999619,77.035881,71.955170
1334,LIVE,NEW_DATA,24.999619,77.035881,71.955170
1335,LIVE,NEW_DATA,24.999619,77.035881,71.955170
1336,LIVE,NEW_DATA,24.999619,77.035881,71.955170
1337,LIVE,NEW_DATA,24.999619,77.035881,71.955170
1338,LIVE,NEW_DATA,24.999619,77.035881,71.955170
1339,LIVE,NEW_DATA,24.999619,77.035881,71.955170
1340,LIVE,NEW_DATA,24.999619,77.551933,73.089935
1341,LIVE,NEW_DATA,24.999619,77.551933,73.089935
1342,LIVE,NEW_DATA,24.999619,77.551933,73.089935
1343,LIVE,NEW_DATA,24.999619,77.551933,73.089935
1344,LIVE,NEW_DATA,24.999619,78.420036,73.131912
1345,LIVE,NEW_DATA,24.999619,78.420036,73.131912
1346,LIVE,NEW_DATA,24.999619,78.420036,73.131912
1347,LIVE,NEW_DATA,24.999619,78.420036,73.131912
1348,LIVE,NEW_DATA,24.999619,78.420036,73.131912
1349,LIVE,NEW_DATA,24.999619,78.568123,72.651825
1350,LIVE,NEW_DATA,24.999619,78.568123,72.651825
1351,LIVE,NEW_DATA,24.999619,78.568123,72.651825
1352,LIVE,NEW_DATA,24.999619,78.568123,72.651825
1353,LIVE,NEW_DATA,24.999619,78.568123,72.651825
1354,LIVE,NEW_DATA,24.999619,78.568123,73.142853
1355,LIVE,NEW_DATA,24.999619,78.568123,73.142853
1356,LIVE,NEW_DATA,24.999619,78.568123,73.142853
1357,LIVE,NEW_DATA,24.999619,78.568123,73.142853
1358,LIVE,NEW_DATA,24.999619,79.107498,73.394821
1359,LIVE,NEW_DATA,24.999619,79.107498,73.394821
1360,LIVE,NEW_DATA,24.999619,79.107498,73.394821
1361,LIVE,NEW_DATA,24.999619,79.107498,73.394821
1362,LIVE,NEW_DATA,24.999619,79.107498,73.394821
1363,LIVE,NEW_DATA,24.999619,79.261528,73.185730
1364,LIVE,NEW_DATA,24.999619,79.261528,73.185730
1365,LIVE,NEW_DATA,24.999619,79.261528,73.185730
1366,LIVE,NEW_DATA,24.999619,79.261528,73.185730
1367,LIVE,NEW_DATA,24.999619,79.433205,72.653236
1368,LIVE,NEW_DATA,24.999619,79.433205,72.653236
1369,LIVE,NEW_DATA,24.999619,79.433205,72.653236
1370,LIVE,NEW_DATA,24.999619,79.433205,72.653236
1371,LIVE,NEW_DATA,24.999619,79.433205,72.653236
1372,LIVE,NEW_DATA,24.999619,79.680168,72.166367
1373,LIVE,NEW_DATA,24.999619,79.680168,72.166367
1374,LIVE,NEW_DATA,24.999619,79.680168,72.166367
1375,LIVE,NEW_DATA,24.999619,79.680168,72.166367
1376,LIVE,NEW_DATA,24.999619,79.477470,72.787056
1377,LIVE,NEW_DATA,24.999619,79.477470,72.787056
1378,LIVE,NEW_DATA,24.999619,79.477470,72.787056
1379,LIVE,NEW_DATA,24.999619,79.477470,72.787056
1380,LIVE,NEW_DATA,24.999619,79.477470,72.787056
1381,LIVE,NEW_DATA,24.999619,79.836922,72.787056
1382,LIVE,NEW_DATA,24.999619,79.836922,72.787056
1383,LIVE,NEW_DATA,24.999619,79.836922,72.787056
1384,LIVE,NEW_DATA,24.999619,79.836922,72.787056
1385,LIVE,NEW_DATA,24.999619,79.836922,72.550293
1386,LIVE,NEW_DATA,24.999619,79.836922,72.550293
1387,LIVE,NEW_DATA,24.999619,79.836922,72.550293
1388,LIVE,NEW_DATA,24.999619,79.836922,72.550293
1389,LIVE,NEW_DATA,24.999619,79.836922,72.550293
1390,LIVE,NEW_DATA,24.999619,79.371002,72.550293
1391,LIVE,NEW_DATA,24.999619,79.371002,72.550293
1392,LIVE,NEW_DATA,24.999619,79.371002,72.550293
1393,LIVE,NEW_DATA,24.999619,79.371002,72.550293
1394,LIVE,NEW_DATA,24.999619,79.371002,72.550293
1395,LIVE,NEW_DATA,24.999619,79.318161,72.495941
1396,LIVE,NEW_DATA,24.999619,79.318161,72.495941
1397,LIVE,NEW_DATA,24.999619,79.318161,72.495941
1398,LIVE,NEW_DATA,24.999619,79.318161,72.495941
1399,LIVE,NEW_DATA,24.999619,78.802116,72.948921
1400,LIVE,NEW_DATA,24.999619,78.802116,72.948921
1401,LIVE,NEW_DATA,24.999619,78.802116,72.948921
1402,LIVE,NEW_DATA,24.999619,78.802116,72.948921
1403,LIVE,NEW_DATA,24.999619,78.802116,72.948921
1404,LIVE,NEW_DATA,24.999619,78.470802,73.780693
1405,LIVE,NEW_DATA,24.999619,78.470802,73.780693
1406,LIVE,NEW_DATA,24.999619,78.470802,73.780693
1407,LIVE,NEW_DATA,24.999619,78.470802,73.780693
1408,LIVE,NEW_DATA,24.999619,79.133095,73.780693
1409,LIVE,NEW_DATA,24.999619,79.133095,73.780693
1410,LIVE,NEW_DATA,24.999619,79.133095,73.780693
1411,LIVE,NEW_DATA,24.999619,79.133095,73.780693
1412,LIVE,NEW_DATA,24.999619,79.133095,73.780693
1413,LIVE,NEW_DATA,24.999619,78.826324,72.158913
1414,LIVE,NEW_DATA,24.999619,78.826324,72.158913
1415,LIVE,NEW_DATA,24.999619,78.826324,72.158913
1416,LIVE,NEW_DATA,24.999619,78.826324,72.158913
1417,LIVE,NEW_DATA,24.999619,78.826324,72.158913
1418,LIVE,NEW_DATA,24.999619,78.826324,72.158913
1419,LIVE,NEW_DATA,24.999619,78.826324,72.158913
1420,LIVE,NEW_DATA,24.999619,78.826324,72.158913
1421,LIVE,NEW_DATA,24.999619,78.826324,72.158913
1422,LIVE,NEW_DATA,24.999619,79.245651,73.669205
1423,LIVE,NEW_DATA,24.999619,79.245651,73.669205
1424,LIVE,NEW_DATA,24.999619,79.245651,73.669205
1425,LIVE,NEW_DATA,24.999619,79.245651,73.669205
1426,LIVE,NEW_DATA,24.999619,79.245651,73.669205
1427,LIVE,NEW_DATA,24.999619,79.294357,74.216209
1428,LIVE,NEW_DATA,24.999619,79.294357,74.216209
1429,LIVE,NEW_DATA,24.999619,79.294357,74.216209
1430,LIVE,NEW_DATA,24.999619,79.294357,74.216209
1431,LIVE,NEW_DATA,24.999619,78.934219,75.930893
1432,LIVE,NEW_DATA,24.999619,78.934219,75.930893
1433,LIVE,NEW_DATA,24.999619,78.934219,75.930893
1434,LIVE,NEW_DATA,24.999619,78.934219,75.930893
1435,LIVE,NEW_DATA,24.999619,78.934219,75.930893
1436,LIVE,NEW_DATA,24.999619,78.580688,75.717758
1437,LIVE,NEW_DATA,24.999619,78.580688,75.717758
1438,LIVE,NEW_DATA,24.999619,78.580688,75.717758
1439,LIVE,NEW_DATA,24.999619,78.580688,75.717758
1440,LIVE,NEW_DATA,24.999619,78.580688,75.717758
1441,LIVE,NEW_DATA,24.999619,78.413795,74.374054
1442,LIVE,NEW_DATA,24.999619,78.413795,74.374054
1443,LIVE,NEW_DATA,24.999619,78.413795,74.374054
1444,LIVE,NEW_DATA,24.999619,78.413795,74.374054
1445,LIVE,NEW_DATA,24.999619,78.108154,74.012405
1446,LIVE,NEW_DATA,24.999619,78.108154,74.012405
1447,LIVE,NEW_DATA,24.999619,78.108154,74.012405
1448,LIVE,NEW_DATA,24.999619,78.108154,74.012405
1449,LIVE,NEW_DATA,24.999619,78.108154,74.012405
1450,LIVE,NEW_DATA,24.999619,78.067818,74.502289
1451,LIVE,NEW_DATA,24.999619,78.067818,74.502289
1452,LIVE,NEW_DATA,24.999619,78.067818,74.502289
1453,LIVE,NEW_DATA,24.999619,78.067818,74.502289
1454,LIVE,NEW_DATA,24.999619,78.251198,74.926826
1455,LIVE,NEW_DATA,24.999619,78.251198,74.926826
1456,LIVE,NEW_DATA,24.999619,78.251198,74.926826
1457,LIVE,NEW_DATA,24.999619,78.251198,74.926826
1458,LIVE,NEW_DATA,24.999619,78.251198,74.926826
1459,LIVE,NEW_DATA,24.999619,78.358345,74.856728
1460,LIVE,NEW_DATA,24.999619,78.358345,74.856728
1461,LIVE,NEW_DATA,24.999619,78.358345,74.856728
1462,LIVE,NEW_DATA,24.999619,78.358345,74.856728
1463,LIVE,NEW_DATA,24.999619,78.620834,75.351418
1464,LIVE,NEW_DATA,24.999619,78.620834,75.351418
1465,LIVE,NEW_DATA,24.999619,78.620834,75.351418
1466,LIVE,NEW_DATA,24.999619,78.620834,75.351418
1467,LIVE,NEW_DATA,24.999619,78.620834,75.351418
1468,LIVE,NEW_DATA,24.999619,78.603119,74.960381
1469,LIVE,NEW_DATA,24.999619,78.603119,74.960381
1470,LIVE,NEW_DATA,24.999619,78.603119,74.960381
1471,LIVE,NEW_DATA,24.999619,78.603119,74.960381
1472,LIVE,NEW_DATA,24.999619,78.603119,74.960381
1473,LIVE,NEW_DATA,24.999619,78.544388,74.960381
1474,LIVE,NEW_DATA,24.999619,78.544388,74.960381
1475,LIVE,NEW_DATA,24.999619,78.544388,74.960381
1476,LIVE,NEW_DATA,24.999619,78.544388,74.960381
1477,LIVE,NEW_DATA,24.999619,77.636223,74.399086
1478,LIVE,NEW_DATA,24.999619,77.636223,74.399086
1479,LIVE,NEW_DATA,24.999619,77.636223,74.399086
1480,LIVE,NEW_DATA,24.999619,77.636223,74.399086
1481,LIVE,NEW_DATA,24.999619,77.636223,74.399086
1482,LIVE,NEW_DATA,24.999619,77.636223,74.399086
1483,LIVE,NEW_DATA,24.999619,77.636223,74.399086
1484,LIVE,NEW_DATA,24.999619,77.636223,74.399086
1485,LIVE,NEW_DATA,24.999619,77.636223,74.399086
1486,LIVE,NEW_DATA,24.999619,76.943916,75.764267
1487,LIVE,NEW_DATA,24.999619,76.943916,75.764267
1488,LIVE,NEW_DATA,24.999619,76.943916,75.764267
1489,LIVE,NEW_DATA,24.999619,76.943916,75.764267
1490,LIVE,NEW_DATA,24.999619,76.943916,75.764267
1491,LIVE,NEW_DATA,24.999619,76.749840,75.764267
1492,LIVE,NEW_DATA,24.999619,76.749840,75.764267
1493,LIVE,NEW_DATA,24.999619,76.749840,75.764267
1494,LIVE,NEW_DATA,24.999619,76.749840,75.764267
1495,LIVE,NEW_DATA,24.999619,76.249031,74.865349
1496,LIVE,NEW_DATA,24.999619,76.249031,74.865349
1497,LIVE,NEW_DATA,24.999619,76.249031,74.865349
1498,LIVE,NEW_DATA,24.999619,76.249031,74.865349
1499,LIVE,NEW_DATA,24.999619,76.249031,74.865349
1500,LIVE,NEW_DATA,24.999619,76.058174,74.865349
1501,LIVE,NEW_DATA,24.999619,76.058174,74.865349
1502,LIVE,NEW_DATA,24.999619,76.058174,74.865349
1503,LIVE,NEW_DATA,24.999619,76.058174,74.865349
1504,LIVE,NEW_DATA,24.999619,76.058174,74.865349
1505,LIVE,NEW_DATA,24.999619,75.292000,74.780777
1506,LIVE,NEW_DATA,24.999619,75.292000,74.780777
1507,LIVE,NEW_DATA,24.999619,75.292000,74.780777
1508,LIVE,NEW_DATA,24.999619,75.292000,74.780777
1509,LIVE,NEW_DATA,24.999619,75.292000,74.780777
1510,LIVE,NEW_DATA,24.999619,75.292000,74.780777
1511,LIVE,NEW_DATA,24.999619,75.292000,74.780777
1512,LIVE,NEW_DATA,24.999619,75.292000,74.780777
1513,LIVE,NEW_DATA,24.999619,75.292000,74.780777
1514,LIVE,NEW_DATA,24.999619,74.919754,78.899429
1515,LIVE,NEW_DATA,24.999619,74.919754,78.899429
1516,LIVE,NEW_DATA,24.999619,74.919754,78.899429
1517,LIVE,NEW_DATA,24.999619,74.919754,78.899429
1518,LIVE,NEW_DATA,24.999619,74.821213,79.195587
1519,LIVE,NEW_DATA,24.999619,74.821213,79.195587
1520,LIVE,NEW_DATA,24.999619,74.821213,79.195587
1521,LIVE,NEW_DATA,24.999619,74.821213,79.195587
1522,LIVE,NEW_DATA,24.999619,74.821213,79.195587
1523,LIVE,NEW_DATA,24.999619,74.610138,79.400368
1524,LIVE,NEW_DATA,24.999619,74.610138,79.400368
1525,LIVE,NEW_DATA,24.999619,74.610138,79.400368
1526,LIVE,NEW_DATA,24.999619,74.610138,79.400368
1527,LIVE,NEW_DATA,24.999619,74.279198,79.400368
1528,LIVE,NEW_DATA,24.999619,74.279198,79.400368
1529,LIVE,NEW_DATA,24.999619,74.279198,79.400368
1530,LIVE,NEW_DATA,24.999619,74.279198,79.400368
1531,LIVE,NEW_DATA,24.999619,74.279198,79.400368
1532,LIVE,NEW_DATA,24.999619,73.945839,79.981056
1533,LIVE,NEW_DATA,24.999619,73.945839,79.981056
1534,LIVE,NEW_DATA,24.999619,73.945839,79.981056
1535,LIVE,NEW_DATA,24.999619,73.945839,79.981056
1536,LIVE,NEW_DATA,24.999619,73.945839,79.981056
1537,LIVE,NEW_DATA,24.999619,73.464218,80.106644
1538,LIVE,NEW_DATA,24.999619,73.464218,80.106644
1539,LIVE,NEW_DATA,24.999619,73.464218,80.106644
1540,LIVE,NEW_DATA,24.999619,73.464218,80.106644
1541,LIVE,NEW_DATA,24.999619,73.464218,80.695366
1542,LIVE,NEW_DATA,24.999619,73.464218,80.695366
1543,LIVE,NEW_DATA,24.999619,73.464218,80.695366
1544,LIVE,NEW_DATA,24.999619,73.464218,80.695366
1545,LIVE,NEW_DATA,24.999619,73.464218,80.695366
1546,LIVE,NEW_DATA,24.999619,73.115005,80.425636
1547,LIVE,NEW_DATA,24.999619,73.115005,80.425636
1548,LIVE,NEW_DATA,24.999619,73.115005,80.425636
1549,LIVE,NEW_DATA,24.999619,73.115005,80.425636
1550,LIVE,NEW_DATA,24.999619,72.771873,80.421928
1551,LIVE,NEW_DATA,24.999619,72.771873,80.421928
1552,LIVE,NEW_DATA,24.999619,72.771873,80.421928
1553,LIVE,NEW_DATA,24.999619,72.771873,80.421928
1554,LIVE,NEW_DATA,24.999619,72.771873,80.421928
1555,LIVE,NEW_DATA,24.999619,72.314865,80.421928
1556,LIVE,NEW_DATA,24.999619,72.314865,80.421928
1557,LIVE,NEW_DATA,24.999619,72.314865,80.421928
1558,LIVE,NEW_DATA,24.999619,72.314865,80.421928
1559,LIVE,NEW_DATA,24.999619,72.080757,81.647858
1560,LIVE,NEW_DATA,24.999619,72.080757,81.647858
1561,LIVE,NEW_DATA,24.999619,72.080757,81.647858
1562,LIVE,NEW_DATA,24.999619,72.080757,81.647858
1563,LIVE,NEW_DATA,24.999619,72.080757,81.647858
1564,LIVE,NEW_DATA,24.999619,71.576904,81.647858
1565,LIVE,NEW_DATA,24.999619,71.576904,81.647858
1566,LIVE,NEW_DATA,24.999619,71.576904,81.647858
1567,LIVE,NEW_DATA,24.999619,71.576904,81.647858
1568,LIVE,NEW_DATA,24.999619,71.576904,81.647858
1569,LIVE,NEW_DATA,24.999619,70.707695,83.106750
1570,LIVE,NEW_DATA,24.999619,70.707695,83.106750
1571,LIVE,NEW_DATA,24.999619,70.707695,83.106750
1572,LIVE,NEW_DATA,24.999619,70.707695,83.106750
1573,LIVE,NEW_DATA,24.999619,70.707695,83.690178
1574,LIVE,NEW_DATA,24.999619,70.707695,83.690178
1575,LIVE,NEW_DATA,24.999619,70.707695,83.690178
1576,LIVE,NEW_DATA,24.999619,70.707695,83.690178
1577,LIVE,NEW_DATA,24.999619,70.707695,83.690178
1578,LIVE,NEW_DATA,24.999619,70.521812,83.690178
1579,LIVE,NEW_DATA,24.999619,70.521812,83.690178
1580,LIVE,NEW_DATA,24.999619,70.521812,83.690178
1581,LIVE,NEW_DATA,24.999619,70.521812,83.690178
1582,LIVE,NEW_DATA,24.999619,70.041618,83.550743
1583,LIVE,NEW_DATA,24.999619,70.041618,83.550743
1584,LIVE,NEW_DATA,24.999619,70.041618,83.550743
1585,LIVE,NEW_DATA,24.999619,70.041618,83.550743
1586,LIVE,NEW_DATA,24.999619,70.041618,83.550743
1587,LIVE,NEW_DATA,24.999619,70.171852,83.550743
1588,LIVE,NEW_DATA,24.999619,70.171852,83.550743
1589,LIVE,NEW_DATA,24.999619,70.171852,83.550743
1590,LIVE,NEW_DATA,24.999619,70.171852,83.550743
1591,LIVE,NEW_DATA,24.999619,70.171852,83.550743
1592,LIVE,NEW_DATA,24.999619,70.082672,83.861427
1593,LIVE,NEW_DATA,24.999619,70.082672,83.861427
1594,LIVE,NEW_DATA,24.999619,70.082672,83.861427
1595,LIVE,NEW_DATA,24.999619,70.082672,83.861427
1596,LIVE,NEW_DATA,24.999619,70.339096,83.861427
1597,LIVE,NEW_DATA,24.999619,70.339096,83.861427
1598,LIVE,NEW_DATA,24.999619,70.339096,83.861427
1599,LIVE,NEW_DATA,24.999619,70.339096,83.861427
1600,LIVE,NEW_DATA,24.999619,70.339096,83.861427
1601,LIVE,NEW_DATA,24.999619,70.524658,83.355026
1602,LIVE,NEW_DATA,24.999619,70.524658,83.355026
1603,LIVE,NEW_DATA,24.999619,70.524658,83.355026
1604,LIVE,NEW_DATA,24.999619,70.524658,83.355026
1605,LIVE,NEW_DATA,24.999619,70.091476,83.463120
1606,LIVE,NEW_DATA,24.999619,70.091476,83.463120
1607,LIVE,NEW_DATA,24.999619,70.091476,83.463120
1608,LIVE,NEW_DATA,24.999619,70.091476,83.463120
1609,LIVE,NEW_DATA,24.999619,70.091476,83.463120
1610,LIVE,NEW_DATA,24.999619,69.754776,83.463120
1611,LIVE,NEW_DATA,24.999619,69.754776,83.463120
1612,LIVE,NEW_DATA,24.999619,69.754776,83.463120
1613,LIVE,NEW_DATA,24.999619,69.754776,83.463120
1614,LIVE,NEW_DATA,24.999619,69.224518,81.351379
1615,LIVE,NEW_DATA,24.999619,69.224518,81.351379
1616,LIVE,NEW_DATA,24.999619,69.224518,81.351379
1617,LIVE,NEW_DATA,24.999619,69.224518,81.351379
1618,LIVE,NEW_DATA,24.999619,69.224518,81.351379
1619,LIVE,NEW_DATA,24.999619,68.799896,83.653305
1620,LIVE,NEW_DATA,24.999619,68.799896,83.653305
1621,LIVE,NEW_DATA,24.999619,68.799896,83.653305
1622,LIVE,NEW_DATA,24.999619,68.799896,83.653305
1623,LIVE,NEW_DATA,24.999619,68.799896,83.653305
1624,LIVE,NEW_DATA,24.999619,68.492836,83.653305
1625,LIVE,NEW_DATA,24.999619,68.492836,83.653305
1626,LIVE,NEW_DATA,24.999619,68.492836,83.653305
1627,LIVE,NEW_DATA,24.999619,68.492836,83.653305
1628,LIVE,NEW_DATA,24.999619,68.513016,83.016586
1629,LIVE,NEW_DATA,24.999619,68.513016,83.016586
1630,LIVE,NEW_DATA,24.999619,68.513016,83.016586
1631,LIVE,NEW_DATA,24.999619,68.513016,83.016586
1632,LIVE,NEW_DATA,24.999619,68.513016,83.016586
1633,LIVE,NEW_DATA,24.999619,67.996956,79.681786
1634,LIVE,NEW_DATA,24.999619,67.996956,79.681786
1635,LIVE,NEW_DATA,24.999619,67.996956,79.681786
1636,LIVE,NEW_DATA,24.999619,67.996956,79.681786
1637,LIVE,NEW_DATA,24.999619,67.473694,79.309326
1638,LIVE,NEW_DATA,24.999619,67.473694,79.309326
1639,LIVE,NEW_DATA,24.999619,67.473694,79.309326
1640,LIVE,NEW_DATA,24.999619,67.473694,79.309326
1641,LIVE,NEW_DATA,24.999619,67.473694,79.309326
1642,LIVE,NEW_DATA,24.999619,67.473694,79.926430
1643,LIVE,NEW_DATA,24.999619,67.473694,79.926430
1644,LIVE,NEW_DATA,24.999619,67.473694,79.926430
1645,LIVE,NEW_DATA,24.999619,67.473694,79.926430
1646,LIVE,NEW_DATA,24.999619,67.473694,79.926430
1647,LIVE,NEW_DATA,24.999619,67.144142,79.561493
1648,LIVE,NEW_DATA,24.999619,67.144142,79.561493
1649,LIVE,NEW_DATA,24.999619,67.144142,79.561493
1650,LIVE,NEW_DATA,24.999619,67.144142,79.561493
1651,LIVE,NEW_DATA,24.999619,67.356422,78.947113
1652,LIVE,NEW_DATA,24.999619,67.356422,78.947113
1653,LIVE,NEW_DATA,24.999619,67.356422,78.947113
1654,LIVE,NEW_DATA,24.999619,67.356422,78.947113
1655,LIVE,NEW_DATA,24.999619,67.356422,78.947113
1656,LIVE,NEW_DATA,24.999619,67.356422,78.977150
1657,LIVE,NEW_DATA,24.999619,67.356422,78.977150
1658,LIVE,NEW_DATA,24.999619,67.356422,78.977150
1659,LIVE,NEW_DATA,24.999619,67.356422,78.977150
1660,LIVE,NEW_DATA,24.999619,67.375237,79.285461
1661,LIVE,NEW_DATA,24.999619,67.375237,79.285461
1662,LIVE,NEW_DATA,24.999619,67.375237,79.285461
1663,LIVE,NEW_DATA,24.999619,67.375237,79.285461
1664,LIVE,NEW_DATA,24.999619,67.375237,79.285461
1665,LIVE,NEW_DATA,24.999619,67.611160,78.996239
1666,LIVE,NEW_DATA,24.999619,67.611160,78.996239
1667,LIVE,NEW_DATA,24.999619,67.611160,78.996239
1668,LIVE,NEW_DATA,24.999619,67.611160,78.996239
1669,LIVE,NEW_DATA,24.999619,67.643417,78.987541
1670,LIVE,NEW_DATA,24.999619,67.643417,78.987541
1671,LIVE,NEW_DATA,24.999619,67.643417,78.987541
1672,LIVE,NEW_DATA,24.999619,67.643417,78.987541
1673,LIVE,NEW_DATA,24.999619,67.643417,78.987541
1674,LIVE,NEW_DATA,24.999619,67.652046,78.987541
1675,LIVE,NEW_DATA,24.999619,67.652046,78.987541
1676,LIVE,NEW_DATA,24.999619,67.652046,78.987541
1677,LIVE,NEW_DATA,24.999619,67.652046,78.987541
1678,LIVE,NEW_DATA,24.999619,67.652046,78.987541
1679,LIVE,NEW_DATA,24.999619,67.877144,78.870781
1680,LIVE,NEW_DATA,24.999619,67.877144,78.870781
1681,LIVE,NEW_DATA,24.999619,67.877144,78.870781
1682,LIVE,NEW_DATA,24.999619,67.877144,78.870781
1683,LIVE,NEW_DATA,24.999619,68.139175,76.681160
1684,LIVE,NEW_DATA,24.999619,68.139175,76.681160
1685,LIVE,NEW_DATA,24.999619,68.139175,76.681160
1686,LIVE,NEW_DATA,24.999619,68.139175,76.681160
1687,LIVE,NEW_DATA,24.999619,68.139175,76.681160
1688,LIVE,NEW_DATA,24.999619,67.815018,76.681160
1689,LIVE,NEW_DATA,24.999619,67.815018,76.681160
1690,LIVE,NEW_DATA,24.999619,67.815018,76.681160
1691,LIVE,NEW_DATA,24.999619,67.815018,76.681160
1692,LIVE,NEW_DATA,24.999619,68.120773,76.117531
1693,LIVE,NEW_DATA,24.999619,68.120773,76.117531
1694,LIVE,NEW_DATA,24.999619,68.120773,76.117531
1695,LIVE,NEW_DATA,24.999619,68.120773,76.117531
1696,LIVE,NEW_DATA,24.999619,68.120773,76.117531
1697,LIVE,NEW_DATA,24.999619,68.452614,72.763733
1698,LIVE,NEW_DATA,24.999619,68.452614,72.763733
1699,LIVE,NEW_DATA,24.999619,68.452614,72.763733
1700,LIVE,NEW_DATA,24.999619,68.452614,72.763733
1701,LIVE,NEW_DATA,24.999619,68.452614,72.763733
1702,LIVE,NEW_DATA,24.999619,68.452614,72.967537
1703,LIVE,NEW_DATA,24.999619,68.452614,72.967537
1704,LIVE,NEW_DATA,24.999619,68.452614,72.967537
1705,LIVE,NEW_DATA,24.999619,68.452614,72.967537
1706,LIVE,NEW_DATA,24.999619,68.849770,72.839905
1707,LIVE,NEW_DATA,24.999619,68.849770,72.839905
1708,LIVE,NEW_DATA,24.999619,68.849770,72.839905
1709,LIVE,NEW_DATA,24.999619,68.849770,72.839905
1710,LIVE,NEW_DATA,24.999619,68.849770,72.839905
1711,LIVE,NEW_DATA,24.999619,69.422905,72.873070
1712,LIVE,NEW_DATA,24.999619,69.422905,72.873070
1713,LIVE,NEW_DATA,24.999619,69.422905,72.873070
1714,LIVE,NEW_DATA,24.999619,69.422905,72.873070
1715,LIVE,NEW_DATA,24.999619,70.000168,72.723221
1716,LIVE,NEW_DATA,24.999619,70.000168,72.723221
1717,LIVE,NEW_DATA,24.999619,70.000168,72.723221
1718,LIVE,NEW_DATA,24.999619,70.000168,72.723221
1719,LIVE,NEW_DATA,24.999619,70.000168,72.723221
1720,LIVE,NEW_DATA,24.999619,69.845161,72.723221
1721,LIVE,NEW_DATA,24.999619,69.845161,72.723221
1722,LIVE,NEW_DATA,24.999619,69.845161,72.723221
1723,LIVE,NEW_DATA,24.999619,69.845161,72.723221
1724,LIVE,NEW_DATA,24.999619,69.527679,71.648285
1725,LIVE,NEW_DATA,24.999619,69.527679,71.648285
1726,LIVE,NEW_DATA,24.999619,69.527679,71.648285
1727,LIVE,NEW_DATA,24.999619,69.527679,71.648285
1728,LIVE,NEW_DATA,24.999619,69.527679,71.648285
1729,LIVE,NEW_DATA,24.999619,69.141533,72.204140
1730,LIVE,NEW_DATA,24.999619,69.141533,72.204140
1731,LIVE,NEW_DATA,24.999619,69.141533,72.204140
1732,LIVE,NEW_DATA,24.999619,69.141533,72.204140
1733,LIVE,NEW_DATA,24.999619,69.141533,72.204140
1734,LIVE,NEW_DATA,24.999619,68.867188,72.204140
1735,LIVE,NEW_DATA,24.999619,68.867188,72.204140
1736,LIVE,NEW_DATA,24.999619,68.867188,72.204140
1737,LIVE,NEW_DATA,24.999619,68.867188,72.204140
1738,LIVE,NEW_DATA,24.999619,68.543655,70.347794
1739,LIVE,NEW_DATA,24.999619,68.543655,70.347794
1740,LIVE,NEW_DATA,24.999619,68.543655,70.347794
1741,LIVE,NEW_DATA,24.999619,68.543655,70.347794
1742,LIVE,NEW_DATA,24.999619,68.543655,70.347794
1743,LIVE,NEW_DATA,24.999619,68.886467,70.541641
1744,LIVE,NEW_DATA,24.999619,68.886467,70.541641
1745,LIVE,NEW_DATA,24.999619,68.886467,70.541641
1746,LIVE,NEW_DATA,24.999619,68.886467,70.541641
1747,LIVE,NEW_DATA,24.999619,68.886467,70.914558
1748,LIVE,NEW_DATA,24.999619,68.886467,70.914558
1749,LIVE,NEW_DATA,24.999619,68.886467,70.914558
1750,LIVE,NEW_DATA,24.999619,68.886467,70.914558
1751,LIVE,NEW_DATA,24.999619,68.886467,70.914558
1752,LIVE,NEW_DATA,24.999619,69.091232,71.051811
1753,LIVE,NEW_DATA,24.999619,69.091232,71.051811
1754,LIVE,NEW_DATA,24.999619,69.091232,71.051811
1755,LIVE,NEW_DATA,24.999619,69.091232,71.051811
1756,LIVE,NEW_DATA,24.999619,69.091232,71.051811
1757,LIVE,NEW_DATA,24.999619,69.091232,71.051811
1758,LIVE,NEW_DATA,24.999619,69.091232,71.051811
1759,LIVE,NEW_DATA,24.999619,69.091232,71.051811
1760,LIVE,NEW_DATA,24.999619,69.091232,71.051811
1761,LIVE,NEW_DATA,24.999619,69.380211,71.135216
1762,LIVE,NEW_DATA,24.999619,69.380211,71.135216
1763,LIVE,NEW_DATA,24.999619,69.380211,71.135216
1764,LIVE,NEW_DATA,24.999619,69.380211,71.135216
1765,LIVE,NEW_DATA,24.999619,69.380211,71.135216
1766,LIVE,NEW_DATA,24.999619,70.373283,71.692131
1767,LIVE,NEW_DATA,24.999619,70.373283,71.692131
1768,LIVE,NEW_DATA,24.999619,70.373283,71.692131
1769,LIVE,NEW_DATA,24.999619,70.373283,71.692131
1770,LIVE,NEW_DATA,24.999619,70.820908,71.692131
1771,LIVE,NEW_DATA,24.999619,70.820908,71.692131
1772,LIVE,NEW_DATA,24.999619,70.820908,71.692131
1773,LIVE,NEW_DATA,24.999619,70.820908,71.692131
1774,LIVE,NEW_DATA,24.999619,70.820908,71.692131
1775,LIVE,NEW_DATA,24.999619,70.646568,72.267982
1776,LIVE,NEW_DATA,24.999619,70.646568,72.267982
1777,LIVE,NEW_DATA,24.999619,70.646568,72.267982
1778,LIVE,NEW_DATA,24.999619,70.646568,72.267982
1779,LIVE,NEW_DATA,24.999619,70.698761,72.852425
1780,LIVE,NEW_DATA,24.999619,70.698761,72.852425
1781,LIVE,NEW_DATA,24.999619,70.698761,72.852425
1782,LIVE,NEW_DATA,24.999619,70.698761,72.852425
1783,LIVE,NEW_DATA,24.999619,70.698761,72.852425
1784,LIVE,NEW_DATA,24.999619,70.203911,72.852425
1785,LIVE,NEW_DATA,24.999619,70.203911,72.852425
1786,LIVE,NEW_DATA,24.999619,70.203911,72.852425
1787,LIVE,NEW_DATA,24.999619,70.203911,72.852425
1788,LIVE,NEW_DATA,24.999619,70.203911,72.852425
1789,LIVE,NEW_DATA,24.999619,69.981865,73.443291
1790,LIVE,NEW_DATA,24.999619,69.981865,73.443291
1791,LIVE,NEW_DATA,24.999619,69.981865,73.443291
1792,LIVE,NEW_DATA,24.999619,69.981865,73.443291
1793,LIVE,NEW_DATA,24.999619,70.024704,76.866875
1794,LIVE,NEW_DATA,24.999619,70.024704,76.866875
1795,LIVE,NEW_DATA,24.999619,70.024704,76.866875
1796,LIVE,NEW_DATA,24.999619,70.024704,76.866875
1797,LIVE,NEW_DATA,24.999619,70.024704,76.866875
1798,LIVE,NEW_DATA,24.999619,70.024704,77.403519
1799,LIVE,NEW_DATA,24.999619,70.024704,77.403519
1800,LIVE,NEW_DATA,24.999619,70.024704,77.403519
1801,LIVE,NEW_DATA,24.999619,70.024704,77.403519
1802,LIVE,NEW_DATA,24.999619,69.966171,76.947060
1803,LIVE,NEW_DATA,24.999619,69.966171,76.947060
1804,LIVE,NEW_DATA,24.999619,69.966171,76.947060
1805,LIVE,NEW_DATA,24.999619,69.966171,76.947060
1806,LIVE,NEW_DATA,24.999619,69.966171,76.947060
1807,LIVE,NEW_DATA,24.999619,69.966171,77.596413
1808,LIVE,NEW_DATA,24.999619,69.966171,77.596413
1809,LIVE,NEW_DATA,24.999619,69.966171,77.596413
1810,LIVE,NEW_DATA,24.999619,69.966171,77.596413
1811,LIVE,NEW_DATA,24.999619,69.966171,77.596413
1812,LIVE,NEW_DATA,24.999619,69.912155,78.054741
1813,LIVE,NEW_DATA,24.999619,69.912155,78.054741
1814,LIVE,NEW_DATA,24.999619,69.912155,78.054741
1815,LIVE,NEW_DATA,24.999619,69.912155,78.054741
1816,LIVE,NEW_DATA,24.999619,70.214935,78.104736
1817,LIVE,NEW_DATA,24.999619,70.214935,78.104736
1818,LIVE,NEW_DATA,24.999619,70.214935,78.104736
1819,LIVE,NEW_DATA,24.999619,70.214935,78.104736
1820,LIVE,NEW_DATA,24.999619,70.214935,78.104736
1821,LIVE,NEW_DATA,24.999619,70.069130,78.761169
1822,LIVE,NEW_DATA,24.999619,70.069130,78.761169
1823,LIVE,NEW_DATA,24.999619,70.069130,78.761169
1824,LIVE,NEW_DATA,24.999619,70.069130,78.761169
1825,LIVE,NEW_DATA,24.999619,69.770546,79.426392
1826,LIVE,NEW_DATA,24.999619,69.770546,79.426392
1827,LIVE,NEW_DATA,24.999619,69.770546,79.426392
1828,LIVE,NEW_DATA,24.999619,69.770546,79.426392
1829,LIVE,NEW_DATA,24.999619,69.770546,79.426392
1830,LIVE,NEW_DATA,24.999619,69.770546,80.114723
1831,LIVE,NEW_DATA,24.999619,69.770546,80.114723
1832,LIVE,NEW_DATA,24.999619,69.770546,80.114723
1833,LIVE,NEW_DATA,24.999619,69.770546,80.114723
1834,LIVE,NEW_DATA,24.999619,69.770546,80.114723
1835,LIVE,NEW_DATA,24.999619,70.028549,82.086060
1836,LIVE,NEW_DATA,24.999619,70.028549,82.086060
1837,LIVE,NEW_DATA,24.999619,70.028549,82.086060
1838,LIVE,NEW_DATA,24.999619,70.028549,82.086060
1839,LIVE,NEW_DATA,24.999619,70.028549,82.649864
1840,LIVE,NEW_DATA,24.999619,70.028549,82.649864
1841,LIVE,NEW_DATA,24.999619,70.028549,82.649864
1842,LIVE,NEW_DATA,24.999619,70.028549,82.649864
1843,LIVE,NEW_DATA,24.999619,70.028549,82.649864
1844,LIVE,NEW_DATA,24.999619,70.280991,82.160202
1845,LIVE,NEW_DATA,24.999619,70.280991,82.160202
1846,LIVE,NEW_DATA,24.999619,70.280991,82.160202
1847,LIVE,NEW_DATA,24.999619,70.280991,82.160202
1848,LIVE,NEW_DATA,24.999619,70.280991,82.160202
1849,LIVE,NEW_DATA,24.999619,70.280991,82.160202
1850,LIVE,NEW_DATA,24.999619,70.280991,82.160202
1851,LIVE,NEW_DATA,24.999619,70.280991,82.160202
1852,LIVE,NEW_DATA,24.999619,70.280991,82.160202
1853,LIVE,NEW_DATA,24.999619,70.143578,81.924545
1854,LIVE,NEW_DATA,24.999619,70.143578,81.924545
1855,LIVE,NEW_DATA,24.999619,70.143578,81.924545
1856,LIVE,NEW_DATA,24.999619,70.143578,81.924545
1857,LIVE,NEW_DATA,24.999619,70.111580,82.919113
1858,LIVE,NEW_DATA,24.999619,70.111580,82.919113
1859,LIVE,NEW_DATA,24.999619,70.111580,82.919113
1860,LIVE,NEW_DATA,24.999619,70.111580,82.919113
1861,LIVE,NEW_DATA,24.999619,70.111580,82.919113
1862,LIVE,NEW_DATA,24.999619,69.796036,82.919113
1863,LIVE,NEW_DATA,24.999619,69.796036,82.919113
1864,LIVE,NEW_DATA,24.999619,69.796036,82.919113
1865,LIVE,NEW_DATA,24.999619,69.796036,82.919113
1866,LIVE,NEW_DATA,24.999619,69.796036,82.919113
1867,LIVE,NEW_DATA,24.999619,70.309700,84.700195
1868,LIVE,NEW_DATA,24.999619,70.309700,84.700195
1869,LIVE,NEW_DATA,24.999619,70.309700,84.700195
1870,LIVE,NEW_DATA,24.999619,70.309700,84.700195
1871,LIVE,NEW_DATA,24.999619,70.706062,83.090843
1872,LIVE,NEW_DATA,24.999619,70.706062,83.090843
1873,LIVE,NEW_DATA,24.999619,70.706062,83.090843
1874,LIVE,NEW_DATA,24.999619,70.706062,83.090843
1875,LIVE,NEW_DATA,24.999619,70.706062,83.090843
1876,LIVE,NEW_DATA,24.999619,72.348541,83.090843
1877,LIVE,NEW_DATA,24.999619,72.348541,83.090843
1878,LIVE,NEW_DATA,24.999619,72.348541,83.090843
1879,LIVE,NEW_DATA,24.999619,72.348541,83.090843
1880,LIVE,NEW_DATA,24.999619,72.348541,83.786827
1881,LIVE,NEW_DATA,24.999619,72.348541,83.786827
1882,LIVE,NEW_DATA,24.999619,72.348541,83.786827
1883,LIVE,NEW_DATA,24.999619,72.348541,83.786827
1884,LIVE,NEW_DATA,24.999619,72.348541,83.786827
1885,LIVE,NEW_DATA,24.999619,72.438545,83.786827
1886,LIVE,NEW_DATA,24.999619,72.438545,83.786827
1887,LIVE,NEW_DATA,24.999619,72.438545,83.786827
1888,LIVE,NEW_DATA,24.999619,72.438545,83.786827
1889,LIVE,NEW_DATA,24.999619,72.438545,84.466667
1890,LIVE,NEW_DATA,24.999619,72.438545,84.466667
1891,LIVE,NEW_DATA,24.999619,72.438545,84.466667
1892,LIVE,NEW_DATA,24.999619,72.438545,84.466667
1893,LIVE,NEW_DATA,24.999619,72.438545,84.466667
1894,LIVE,NEW_DATA,24.999619,72.552277,84.207863
1895,LIVE,NEW_DATA,24.999619,72.552277,84.207863
1896,LIVE,NEW_DATA,24.999619,72.552277,84.207863
1897,LIVE,NEW_DATA,24.999619,72.552277,84.207863
1898,LIVE,NEW_DATA,24.999619,72.552277,84.207863
1899,LIVE,NEW_DATA,24.999619,72.467346,84.025970
1900,LIVE,NEW_DATA,24.999619,72.467346,84.025970
1901,LIVE,NEW_DATA,24.999619,72.467346,84.025970
1902,LIVE,NEW_DATA,24.999619,72.467346,84.025970
1903,LIVE,NEW_DATA,24.999619,72.675125,84.025970
1904,LIVE,NEW_DATA,24.999619,72.675125,84.025970
1905,LIVE,NEW_DATA,24.999619,72.675125,84.025970
1906,LIVE,NEW_DATA,24.999619,72.675125,84.025970
1907,LIVE,NEW_DATA,24.999619,72.675125,84.025970
1908,LIVE,NEW_DATA,24.999619,72.335892,85.607033
1909,LIVE,NEW_DATA,24.999619,72.335892,85.607033
1910,LIVE,NEW_DATA,24.999619,72.335892,85.607033
1911,LIVE,NEW_DATA,24.999619,72.335892,85.607033
1912,LIVE,NEW_DATA,24.999619,74.407745,85.183357
1913,LIVE,NEW_DATA,24.999619,74.407745,85.183357
1914,LIVE,NEW_DATA,24.999619,74.407745,85.183357
1915,LIVE,NEW_DATA,24.999619,74.407745,85.183357
1916,LIVE,NEW_DATA,24.999619,74.407745,85.183357
1917,LIVE,NEW_DATA,24.999619,75.648834,84.742500
1918,LIVE,NEW_DATA,24.999619,75.648834,84.742500
1919,LIVE,NEW_DATA,24.999619,75.648834,84.742500
1920,LIVE,NEW_DATA,24.999619,75.648834,84.742500
1921,LIVE,NEW_DATA,24.999619,78.290504,84.742500
1922,LIVE,NEW_DATA,24.999619,78.290504,84.742500
1923,LIVE,NEW_DATA,24.999619,78.290504,84.742500
1924,LIVE,NEW_DATA,24.999619,78.290504,84.742500
1925,LIVE,NEW_DATA,24.999619,78.290504,84.742500
1926,LIVE,NEW_DATA,24.999619,79.860344,84.477371
1927,LIVE,NEW_DATA,24.999619,79.860344,84.477371
1928,LIVE,NEW_DATA,24.999619,79.860344,84.477371
1929,LIVE,NEW_DATA,24.999619,79.860344,84.477371
1930,LIVE,NEW_DATA,24.999619,79.690254,84.477371
1931,LIVE,NEW_DATA,24.999619,79.690254,84.477371
1932,LIVE,NEW_DATA,24.999619,79.690254,84.477371
1933,LIVE,NEW_DATA,24.999619,79.690254,84.477371
1934,LIVE,NEW_DATA,24.999619,79.690254,84.477371
1935,LIVE,NEW_DATA,24.999619,79.993813,84.477371
1936,LIVE,NEW_DATA,24.999619,79.993813,84.477371
1937,LIVE,NEW_DATA,24.999619,79.993813,84.477371
1938,LIVE,NEW_DATA,24.999619,79.993813,84.477371
1939,LIVE,NEW_DATA,24.999619,79.803215,83.096550
1940,LIVE,NEW_DATA,24.999619,79.803215,83.096550
1941,LIVE,NEW_DATA,24.999619,79.803215,83.096550
1942,LIVE,NEW_DATA,24.999619,79.803215,83.096550
1943,LIVE,NEW_DATA,24.999619,79.803215,83.096550
1944,LIVE,NEW_DATA,24.999619,79.940865,83.096550
1945,LIVE,NEW_DATA,24.999619,79.940865,83.096550
1946,LIVE,NEW_DATA,24.999619,79.940865,83.096550
1947,LIVE,NEW_DATA,24.999619,79.940865,83.096550
1948,LIVE,NEW_DATA,24.999619,79.940865,83.096550
1949,LIVE,NEW_DATA,24.999619,79.917343,83.551270
1950,LIVE,NEW_DATA,24.999619,79.917343,83.551270
1951,LIVE,NEW_DATA,24.999619,79.917343,83.551270
1952,LIVE,NEW_DATA,24.999619,79.917343,83.551270
1953,LIVE,NEW_DATA,24.999619,79.965874,81.805435
1954,LIVE,NEW_DATA,24.999619,79.965874,81.805435
1955,LIVE,NEW_DATA,24.999619,79.965874,81.805435
1956,LIVE,NEW_DATA,24.999619,79.965874,81.805435
1957,LIVE,NEW_DATA,24.999619,79.965874,81.805435
1958,LIVE,NEW_DATA,24.999619,80.019157,81.805435
1959,LIVE,NEW_DATA,24.999619,80.019157,81.805435
1960,LIVE,NEW_DATA,24.999619,80.019157,81.805435
1961,LIVE,NEW_DATA,24.999619,80.019157,81.805435
1962,LIVE,NEW_DATA,24.999619,80.215790,79.925774
1963,LIVE,NEW_DATA,24.999619,80.215790,79.925774
1964,LIVE,NEW_DATA,24.999619,80.215790,79.925774
1965,LIVE,NEW_DATA,24.999619,80.215790,79.925774
1966,LIVE,NEW_DATA,24.999619,80.215790,79.925774
1967,LIVE,NEW_DATA,24.999619,80.444168,79.229012
1968,LIVE,NEW_DATA,24.999619,80.444168,79.229012
1969,LIVE,NEW_DATA,24.999619,80.444168,79.229012
1970,LIVE,NEW_DATA,24.999619,80.444168,79.229012
1971,LIVE,NEW_DATA,24.999619,80.357643,79.541275
1972,LIVE,NEW_DATA,24.999619,80.357643,79.541275
1973,LIVE,NEW_DATA,24.999619,80.357643,79.541275
1974,LIVE,NEW_DATA,24.999619,80.357643,79.541275
1975,LIVE,NEW_DATA,24.999619,80.357643,79.541275
1976,LIVE,NEW_DATA,24.999619,80.162041,80.378311
1977,LIVE,NEW_DATA,24.999619,80.162041,80.378311
1978,LIVE,NEW_DATA,24.999619,80.162041,80.378311
1979,LIVE,NEW_DATA,24.999619,80.162041,80.378311
1980,LIVE,NEW_DATA,24.999619,80.386078,80.897858
1981,LIVE,NEW_DATA,24.999619,80.386078,80.897858
1982,LIVE,NEW_DATA,24.999619,80.386078,80.897858
1983,LIVE,NEW_DATA,24.999619,80.386078,80.897858
1984,LIVE,NEW_DATA,24.999619,80.386078,80.897858
1985,LIVE,NEW_DATA,24.999619,81.274742,80.517197
1986,LIVE,NEW_DATA,24.999619,81.274742,80.517197
1987,LIVE,NEW_DATA,24.999619,81.274742,80.517197
1988,LIVE,NEW_DATA,24.999619,81.274742,80.517197
1989,LIVE,NEW_DATA,24.999619,81.274742,80.517197
1990,LIVE,NEW_DATA,24.999619,81.838562,80.517197
1991,LIVE,NEW_DATA,24.999619,81.838562,80.517197
1992,LIVE,NEW_DATA,24.999619,81.838562,80.517197
1993,LIVE,NEW_DATA,24.999619,81.838562,80.517197
1994,LIVE,NEW_DATA,24.999619,81.838562,80.706017
1995,LIVE,NEW_DATA,24.999619,81.838562,80.706017
1996,LIVE,NEW_DATA,24.999619,81.838562,80.706017
1997,LIVE,NEW_DATA,24.999619,81.838562,80.706017
1998,LIVE,NEW_DATA,24.999619,81.838562,80.706017
1999,LIVE,NEW_DATA,24.999619,82.141922,81.460258
2000,LIVE,NEW_DATA,24.999619,82.141922,81.460258
2001,LIVE,NEW_DATA,24.999619,82.141922,81.460258
2002,LIVE,NEW_DATA,24.999619,82.141922,81.460258
2003,LIVE,NEW_DATA,24.999619,82.141922,82.043022
2004,LIVE,NEW_DATA,24.999619,82.141922,82.043022
2005,LIVE,NEW_DATA,24.999619,82.141922,82.043022
2006,LIVE,NEW_DATA,24.999619,82.141922,82.043022
2007,LIVE,NEW_DATA,24.999619,82.141922,82.043022
2008,LIVE,NEW_DATA,24.999619,82.134659,83.263504
2009,LIVE,NEW_DATA,24.999619,82.134659,83.263504
2010,LIVE,NEW_DATA,24.999619,82.134659,83.263504
2011,LIVE,NEW_DATA,24.999619,82.134659,83.263504
2012,LIVE,NEW_DATA,24.999619,82.621132,82.489059
2013,LIVE,NEW_DATA,24.999619,82.621132,82.489059
2014,LIVE,NEW_DATA,24.999619,82.621132,82.489059
2015,LIVE,NEW_DATA,24.999619,82.621132,82.489059
2016,LIVE,NEW_DATA,24.999619,82.621132,82.489059
2017,LIVE,NEW_DATA,24.999619,83.076195,81.140923
2018,LIVE,NEW_DATA,24.999619,83.076195,81.140923
2019,LIVE,NEW_DATA,24.999619,83.076195,81.140923
2020,LIVE,NEW_DATA,24.999619,83.076195,81.140923
2021,LIVE,NEW_DATA,24.999619,83.076195,81.140923
2022,LIVE,NEW_DATA,24.999619,82.674316,81.140923
2023,LIVE,NEW_DATA,24.999619,82.674316,81.140923
2024,LIVE,NEW_DATA,24.999619,82.674316,81.140923
2025,LIVE,NEW_DATA,24.999619,82.674316,81.140923
2026,LIVE,NEW_DATA,24.999619,83.074112,81.900505
2027,LIVE,NEW_DATA,24.999619,83.074112,81.900505
2028,LIVE,NEW_DATA,24.999619,83.074112,81.900505
2029,LIVE,NEW_DATA,24.999619,83.074112,81.900505
2030,LIVE,NEW_DATA,24.999619,83.074112,81.900505
2031,LIVE,NEW_DATA,24.999619,82.531670,81.775696
2032,LIVE,NEW_DATA,24.999619,82.531670,81.775696
2033,LIVE,NEW_DATA,24.999619,82.531670,81.775696
2034,LIVE,NEW_DATA,24.999619,82.531670,81.775696
2035,LIVE,NEW_DATA,24.999619,81.967560,82.278137
2036,LIVE,NEW_DATA,24.999619,81.967560,82.278137
2037,LIVE,NEW_DATA,24.999619,81.967560,82.278137
2038,LIVE,NEW_DATA,24.999619,81.967560,82.278137
2039,LIVE,NEW_DATA,24.999619,81.967560,82.278137
2040,LIVE,NEW_DATA,24.999619,81.977196,81.692589
2041,LIVE,NEW_DATA,24.999619,81.977196,81.692589
2042,LIVE,NEW_DATA,24.999619,81.977196,81.692589
2043,LIVE,NEW_DATA,24.999619,81.977196,81.692589
2044,LIVE,NEW_DATA,24.999619,81.977196,81.692589
2045,LIVE,NEW_DATA,24.999619,81.774788,78.087639
2046,LIVE,NEW_DATA,24.999619,81.774788,78.087639
2047,LIVE,NEW_DATA,24.999619,81.774788,78.087639
2048,LIVE,NEW_DATA,24.999619,81.774788,78.087639
2049,LIVE,NEW_DATA,24.999619,82.530624,78.087639
2050,LIVE,NEW_DATA,24.999619,82.530624,78.087639
2051,LIVE,NEW_DATA,24.999619,82.530624,78.087639
2052,LIVE,NEW_DATA,24.999619,82.530624,78.087639
2053,LIVE,NEW_DATA,24.999619,82.530624,78.087639
2054,LIVE,NEW_DATA,24.999619,82.342873,76.960175
2055,LIVE,NEW_DATA,24.999619,82.342873,76.960175
2056,LIVE,NEW_DATA,24.999619,82.342873,76.960175
2057,LIVE,NEW_DATA,24.999619,82.342873,76.960175
2058,LIVE,NEW_DATA,24.999619,82.878502,77.137207
2059,LIVE,NEW_DATA,24.999619,82.878502,77.137207
2060,LIVE,NEW_DATA,24.999619,82.878502,77.137207
2061,LIVE,NEW_DATA,24.999619,82.878502,77.137207
2062,LIVE,NEW_DATA,24.999619,82.878502,77.137207
2063,LIVE,NEW_DATA,24.999619,83.542999,77.137207
2064,LIVE,NEW_DATA,24.999619,83.542999,77.137207
2065,LIVE,NEW_DATA,24.999619,83.542999,77.137207
2066,LIVE,NEW_DATA,24.999619,83.542999,77.137207
2067,LIVE,NEW_DATA,24.999619,84.605659,76.202095
2068,LIVE,NEW_DATA,24.999619,84.605659,76.202095
2069,LIVE,NEW_DATA,24.999619,84.605659,76.202095
2070,LIVE,NEW_DATA,24.999619,84.605659,76.202095
2071,LIVE,NEW_DATA,24.999619,84.605659,76.202095
2072,LIVE,NEW_DATA,24.999619,85.558098,75.997726
2073,LIVE,NEW_DATA,24.999619,85.558098,75.997726
2074,LIVE,NEW_DATA,24.999619,85.558098,75.997726
2075,LIVE,NEW_DATA,24.999619,85.558098,75.997726
2076,LIVE,NEW_DATA,24.999619,85.558098,75.997726
2077,LIVE,NEW_DATA,24.999619,86.808258,75.565987
2078,LIVE,NEW_DATA,24.999619,86.808258,75.565987
2079,LIVE,NEW_DATA,24.999619,86.808258,75.565987
2080,LIVE,NEW_DATA,24.999619,86.808258,75.565987
2081,LIVE,NEW_DATA,24.999619,87.831161,74.956894
2082,LIVE,NEW_DATA,24.999619,87.831161,74.956894
2083,LIVE,NEW_DATA,24.999619,87.831161,74.956894
2084,LIVE,NEW_DATA,24.999619,87.831161,74.956894
2085,LIVE,NEW_DATA,24.999619,87.831161,74.956894
2086,LIVE,NEW_DATA,24.999619,89.005615,74.947365
2087,LIVE,NEW_DATA,24.999619,89.005615,74.947365
2088,LIVE,NEW_DATA,24.999619,89.005615,74.947365
2089,LIVE,NEW_DATA,24.999619,89.005615,74.947365
2090,LIVE,NEW_DATA,24.999619,89.878189,74.947365
2091,LIVE,NEW_DATA,24.999619,89.878189,74.947365
2092,LIVE,NEW_DATA,24.999619,89.878189,74.947365
2093,LIVE,NEW_DATA,24.999619,89.878189,74.947365
2094,LIVE,NEW_DATA,24.999619,89.878189,74.947365
2095,LIVE,NEW_DATA,24.999619,89.283867,73.368561
2096,LIVE,NEW_DATA,24.999619,89.283867,73.368561
2097,LIVE,NEW_DATA,24.999619,89.283867,73.368561
2098,LIVE,NEW_DATA,24.999619,89.283867,73.368561
2099,LIVE,NEW_DATA,24.999619,89.283867,73.368561
2100,LIVE,NEW_DATA,24.999619,89.931023,70.976913
2101,LIVE,NEW_DATA,24.999619,89.931023,70.976913
2102,LIVE,NEW_DATA,24.999619,89.931023,70.976913
2103,LIVE,NEW_DATA,24.999619,89.931023,70.976913
2104,LIVE,NEW_DATA,24.999619,89.324806,70.333359
2105,LIVE,NEW_DATA,24.999619,89.324806,70.333359
2106,LIVE,NEW_DATA,24.999619,89.324806,70.333359
2107,LIVE,NEW_DATA,24.999619,89.324806,70.333359
2108,LIVE,NEW_DATA,24.999619,89.324806,70.333359
2109,LIVE,NEW_DATA,24.999619,89.936386,70.856140
2110,LIVE,NEW_DATA,24.999619,89.936386,70.856140
2111,LIVE,NEW_DATA,24.999619,89.936386,70.856140
2112,LIVE,NEW_DATA,24.999619,89.936386,70.856140
2113,LIVE,NEW_DATA,24.999619,89.344139,70.217323
2114,LIVE,NEW_DATA,24.999619,89.344139,70.217323
2115,LIVE,NEW_DATA,24.999619,89.344139,70.217323
2116,LIVE,NEW_DATA,24.999619,89.344139,70.217323
2117,LIVE,NEW_DATA,24.999619,89.344139,70.217323
2118,LIVE,NEW_DATA,24.999619,89.427956,69.835518
2119,LIVE,NEW_DATA,24.999619,89.427956,69.835518
2120,LIVE,NEW_DATA,24.999619,89.427956,69.835518
2121,LIVE,NEW_DATA,24.999619,89.427956,69.835518
2122,LIVE,NEW_DATA,24.999619,89.427956,69.835518
2123,LIVE,NEW_DATA,24.999619,89.427956,69.835518
2124,LIVE,NEW_DATA,24.999619,89.427956,69.835518
2125,LIVE,NEW_DATA,24.999619,89.427956,69.835518
2126,LIVE,NEW_DATA,24.999619,89.427956,69.835518
2127,LIVE,NEW_DATA,24.999619,89.575417,70.848000
2128,LIVE,NEW_DATA,24.999619,89.575417,70.848000
2129,LIVE,NEW_DATA,24.999619,89.575417,70.848000
2130,LIVE,NEW_DATA,24.999619,89.575417,70.848000
2131,LIVE,NEW_DATA,24.999619,89.575417,70.848000
2132,LIVE,NEW_DATA,24.999619,89.569244,70.943024
2133,LIVE,NEW_DATA,24.999619,89.569244,70.943024
2134,LIVE,NEW_DATA,24.999619,89.569244,70.943024
2135,LIVE,NEW_DATA,24.999619,89.569244,70.943024
2136,LIVE,NEW_DATA,24.999619,89.569244,71.393280
2137,LIVE,NEW_DATA,24.999619,89.569244,71.393280
2138,LIVE,NEW_DATA,24.999619,89.569244,71.393280
2139,LIVE,NEW_DATA,24.999619,89.569244,71.393280
2140,LIVE,NEW_DATA,24.999619,89.569244,71.393280
2141,LIVE,NEW_DATA,24.999619,89.549767,71.393280
2142,LIVE,NEW_DATA,24.999619,89.549767,71.393280
2143,LIVE,NEW_DATA,24.999619,89.549767,71.393280
2144,LIVE,NEW_DATA,24.999619,89.549767,71.393280
2145,LIVE,NEW_DATA,24.999619,87.984261,71.393280
2146,LIVE,NEW_DATA,24.999619,87.984261,71.393280
2147,LIVE,NEW_DATA,24.999619,87.984261,71.393280
2148,LIVE,NEW_DATA,24.999619,87.984261,71.393280
2149,LIVE,NEW_DATA,24.999619,87.984261,71.393280
2150,LIVE,NEW_DATA,24.999619,88.365700,68.517685
2151,LIVE,NEW_DATA,24.999619,88.365700,68.517685
2152,LIVE,NEW_DATA,24.999619,88.365700,68.517685
2153,LIVE,NEW_DATA,24.999619,88.365700,68.517685
2154,LIVE,NEW_DATA,24.999619,87.666008,70.762177
2155,LIVE,NEW_DATA,24.999619,87.666008,70.762177
2156,LIVE,NEW_DATA,24.999619,87.666008,70.762177
2157,LIVE,NEW_DATA,24.999619,87.666008,70.762177
2158,LIVE,NEW_DATA,24.999619,87.666008,70.762177
2159,LIVE,NEW_DATA,24.999619,87.512077,71.903206
2160,LIVE,NEW_DATA,24.999619,87.512077,71.903206
2161,LIVE,NEW_DATA,24.999619,87.512077,71.903206
2162,LIVE,NEW_DATA,24.999619,87.512077,71.903206
2163,LIVE,NEW_DATA,24.999619,87.512077,71.903206
2164,LIVE,NEW_DATA,24.999619,87.512077,71.903206
2165,LIVE,NEW_DATA,24.999619,87.512077,71.903206
2166,LIVE,NEW_DATA,24.999619,87.512077,71.903206
2167,LIVE,NEW_DATA,24.999619,87.512077,71.903206
2168,LIVE,NEW_DATA,24.999619,87.476219,71.624016
2169,LIVE,NEW_DATA,24.999619,87.476219,71.624016
2170,LIVE,NEW_DATA,24.999619,87.476219,71.624016
2171,LIVE,NEW_DATA,24.999619,87.476219,71.624016
2172,LIVE,NEW_DATA,24.999619,87.476219,71.624016
2173,LIVE,NEW_DATA,24.999619,88.161263,71.624016
2174,LIVE,NEW_DATA,24.999619,88.161263,71.624016
2175,LIVE,NEW_DATA,24.999619,88.161263,71.624016
2176,LIVE,NEW_DATA,24.999619,88.161263,71.624016
2177,LIVE,NEW_DATA,24.999619,87.414330,73.805367
2178,LIVE,NEW_DATA,24.999619,87.414330,73.805367
2179,LIVE,NEW_DATA,24.999619,87.414330,73.805367
2180,LIVE,NEW_DATA,24.999619,87.414330,73.805367
2181,LIVE,NEW_DATA,24.999619,87.414330,73.805367
2182,LIVE,NEW_DATA,24.999619,86.216049,73.805367
2183,LIVE,NEW_DATA,24.999619,86.216049,73.805367
2184,LIVE,NEW_DATA,24.999619,86.216049,73.805367
2185,LIVE,NEW_DATA,24.999619,86.216049,73.805367
2186,LIVE,NEW_DATA,24.999619,86.216049,73.805367
2187,LIVE,NEW_DATA,24.999619,84.776390,74.537743
2188,LIVE,NEW_DATA,24.999619,84.776390,74.537743
2189,LIVE,NEW_DATA,24.999619,84.776390,74.537743
2190,LIVE,NEW_DATA,24.999619,84.776390,74.537743
2191,LIVE,NEW_DATA,24.999619,82.885963,74.537743
2192,LIVE,NEW_DATA,24.999619,82.885963,74.537743
2193,LIVE,NEW_DATA,24.999619,82.885963,74.537743
2194,LIVE,NEW_DATA,24.999619,82.885963,74.537743
2195,LIVE,NEW_DATA,24.999619,82.885963,74.537743
2196,LIVE,NEW_DATA,24.999619,81.289917,73.419540
2197,LIVE,NEW_DATA,24.999619,81.289917,73.419540
2198,LIVE,NEW_DATA,24.999619,81.289917,73.419540
2199,LIVE,NEW_DATA,24.999619,81.289917,73.419540
2200,LIVE,NEW_DATA,24.999619,81.499214,74.074043
2201,LIVE,NEW_DATA,24.999619,81.499214,74.074043
2202,LIVE,NEW_DATA,24.999619,81.499214,74.074043
2203,LIVE,NEW_DATA,24.999619,81.499214,74.074043
2204,LIVE,NEW_DATA,24.999619,81.499214,74.074043
2205,LIVE,NEW_DATA,24.999619,81.280968,73.427200
2206,LIVE,NEW_DATA,24.999619,81.280968,73.427200
2207,LIVE,NEW_DATA,24.999619,81.280968,73.427200
2208,LIVE,NEW_DATA,24.999619,81.280968,73.427200
2209,LIVE,NEW_DATA,24.999619,81.280968,73.470589
2210,LIVE,NEW_DATA,24.999619,81.280968,73.470589
2211,LIVE,NEW_DATA,24.999619,81.280968,73.470589
2212,LIVE,NEW_DATA,24.999619,81.280968,73.470589
2213,LIVE,NEW_DATA,24.999619,81.280968,73.470589
2214,LIVE,NEW_DATA,24.999619,80.914330,72.821579
2215,LIVE,NEW_DATA,24.999619,80.914330,72.821579
2216,LIVE,NEW_DATA,24.999619,80.914330,72.821579
2217,LIVE,NEW_DATA,24.999619,80.914330,72.821579
2218,LIVE,NEW_DATA,24.999619,80.720528,73.993965
2219,LIVE,NEW_DATA,24.999619,80.720528,73.993965
2220,LIVE,NEW_DATA,24.999619,80.720528,73.993965
2221,LIVE,NEW_DATA,24.999619,80.720528,73.993965
2222,LIVE,NEW_DATA,24.999619,80.720528,73.993965
2223,LIVE,NEW_DATA,24.999619,80.782127,73.993965
2224,LIVE,NEW_DATA,24.999619,80.782127,73.993965
2225,LIVE,NEW_DATA,24.999619,80.782127,73.993965
2226,LIVE,NEW_DATA,24.999619,80.782127,73.993965
2227,LIVE,NEW_DATA,24.999619,80.782127,73.993965
2228,LIVE,NEW_DATA,24.999619,80.656319,74.941643
2229,LIVE,NEW_DATA,24.999619,80.656319,74.941643
2230,LIVE,NEW_DATA,24.999619,80.656319,74.941643
2231,LIVE,NEW_DATA,24.999619,80.656319,74.941643
2232,LIVE,NEW_DATA,24.999619,80.735435,74.931160
2233,LIVE,NEW_DATA,24.999619,80.735435,74.931160
2234,LIVE,NEW_DATA,24.999619,80.735435,74.931160
2235,LIVE,NEW_DATA,24.999619,80.735435,74.931160
2236,LIVE,NEW_DATA,24.999619,80.735435,74.931160
2237,LIVE,NEW_DATA,24.999619,81.190979,76.331573
2238,LIVE,NEW_DATA,24.999619,81.190979,76.331573
2239,LIVE,NEW_DATA,24.999619,81.190979,76.331573
2240,LIVE,NEW_DATA,24.999619,81.190979,76.331573
2241,LIVE,NEW_DATA,24.999619,81.409515,76.533722
2242,LIVE,NEW_DATA,24.999619,81.409515,76.533722
2243,LIVE,NEW_DATA,24.999619,81.409515,76.533722
2244,LIVE,NEW_DATA,24.999619,81.409515,76.533722
2245,LIVE,NEW_DATA,24.999619,81.409515,76.533722
2246,LIVE,NEW_DATA,24.999619,81.965034,76.487045
2247,LIVE,NEW_DATA,24.999619,81.965034,76.487045
2248,LIVE,NEW_DATA,24.999619,81.965034,76.487045
2249,LIVE,NEW_DATA,24.999619,81.965034,76.487045
2250,LIVE,NEW_DATA,24.999619,82.454315,76.149780
2251,LIVE,NEW_DATA,24.999619,82.454315,76.149780
2252,LIVE,NEW_DATA,24.999619,82.454315,76.149780
2253,LIVE,NEW_DATA,24.999619,82.454315,76.149780
2254,LIVE,NEW_DATA,24.999619,82.454315,76.149780
2255,LIVE,NEW_DATA,24.999619,82.209114,76.071877
2256,LIVE,NEW_DATA,24.999619,82.209114,76.071877
2257,LIVE,NEW_DATA,24.999619,82.209114,76.071877
2258,LIVE,NEW_DATA,24.999619,82.209114,76.071877
2259,LIVE,NEW_DATA,24.999619,82.209114,76.071877
2260,LIVE,NEW_DATA,24.999619,83.131920,75.424660
2261,LIVE,NEW_DATA,24.999619,83.131920,75.424660
2262,LIVE,NEW_DATA,24.999619,83.131920,75.424660
2263,LIVE,NEW_DATA,24.999619,83.131920,75.424660
2264,LIVE,NEW_DATA,24.999619,86.551323,75.440201
2265,LIVE,NEW_DATA,24.999619,86.551323,75.440201
2266,LIVE,NEW_DATA,24.999619,86.551323,75.440201
2267,LIVE,NEW_DATA,24.999619,86.551323,75.440201
2268,LIVE,NEW_DATA,24.999619,86.551323,75.440201
2269,LIVE,NEW_DATA,24.999619,86.551323,75.440201
2270,LIVE,NEW_DATA,24.999619,86.551323,75.440201
2271,LIVE,NEW_DATA,24.999619,86.551323,75.440201
2272,LIVE,NEW_DATA,24.999619,86.551323,75.440201
2273,LIVE,NEW_DATA,24.999619,87.073242,75.320023
2274,LIVE,NEW_DATA,24.999619,87.073242,75.320023
2275,LIVE,NEW_DATA,24.999619,87.073242,75.320023
2276,LIVE,NEW_DATA,24.999619,87.073242,75.320023
2277,LIVE,NEW_DATA,24.999619,87.073242,75.320023
2278,LIVE,NEW_DATA,24.999619,86.555992,75.320023
2279,LIVE,NEW_DATA,24.999619,86.555992,75.320023
2280,LIVE,NEW_DATA,24.999619,86.555992,75.320023
2281,LIVE,NEW_DATA,24.999619,86.555992,75.320023
2282,LIVE,NEW_DATA,24.999619,86.678154,75.320023
2283,LIVE,NEW_DATA,24.999619,86.678154,75.320023
2284,LIVE,NEW_DATA,24.999619,86.678154,75.320023
2285,LIVE,NEW_DATA,24.999619,86.678154,75.320023
2286,LIVE,NEW_DATA,24.999619,86.678154,75.320023
2287,LIVE,NEW_DATA,24.999619,87.030708,78.393410
2288,LIVE,NEW_DATA,24.999619,87.030708,78.393410
2289,LIVE,NEW_DATA,24.999619,87.030708,78.393410
2290,LIVE,NEW_DATA,24.999619,87.030708,78.393410
2291,LIVE,NEW_DATA,24.999619,87.030708,78.393410
2292,LIVE,NEW_DATA,24.999619,87.041985,78.585190
2293,LIVE,NEW_DATA,24.999619,87.041985,78.585190
2294,LIVE,NEW_DATA,24.999619,87.041985,78.585190
2295,LIVE,NEW_DATA,24.999619,87.041985,78.585190
2296,LIVE,NEW_DATA,24.999619,87.672409,78.585190
2297,LIVE,NEW_DATA,24.999619,87.672409,78.585190
2298,LIVE,NEW_DATA,24.999619,87.672409,78.585190
2299,LIVE,NEW_DATA,24.999619,87.672409,78.585190
2300,LIVE,NEW_DATA,24.999619,87.672409,78.585190
2301,LIVE,NEW_DATA,24.999619,87.508766,78.226791
2302,LIVE,NEW_DATA,24.999619,87.508766,78.226791
2303,LIVE,NEW_DATA,24.999619,87.508766,78.226791
2304,LIVE,NEW_DATA,24.999619,87.508766,78.226791
2305,LIVE,NEW_DATA,24.999619,88.078987,78.226791
2306,LIVE,NEW_DATA,24.999619,88.078987,78.226791
2307,LIVE,NEW_DATA,24.999619,88.078987,78.226791
2308,LIVE,NEW_DATA,24.999619,88.078987,78.226791
2309,LIVE,NEW_DATA,24.999619,88.078987,78.226791
2310,LIVE,NEW_DATA,24.999619,87.508766,78.226791
2311,LIVE,NEW_DATA,24.999619,87.508766,78.226791
2312,LIVE,NEW_DATA,24.999619,87.508766,78.226791
2313,LIVE,NEW_DATA,24.999619,87.508766,78.226791
2314,LIVE,NEW_DATA,24.999619,87.251366,77.596413
2315,LIVE,NEW_DATA,24.999619,87.251366,77.596413
2316,LIVE,NEW_DATA,24.999619,87.251366,77.596413
2317,LIVE,NEW_DATA,24.999619,87.251366,77.596413
2318,LIVE,NEW_DATA,24.999619,87.251366,77.596413
2319,LIVE,NEW_DATA,24.999619,87.554504,77.596413
2320,LIVE,NEW_DATA,24.999619,87.554504,77.596413
2321,LIVE,NEW_DATA,24.999619,87.554504,77.596413
2322,LIVE,NEW_DATA,24.999619,87.554504,77.596413
2323,LIVE,NEW_DATA,24.999619,87.554504,77.596413
2324,LIVE,NEW_DATA,24.999619,87.096458,74.694290
2325,LIVE,NEW_DATA,24.999619,87.096458,74.694290
2326,LIVE,NEW_DATA,24.999619,87.096458,74.694290
2327,LIVE,NEW_DATA,24.999619,87.096458,74.694290
2328,LIVE,NEW_DATA,24.999619,87.161942,74.694290
2329,LIVE,NEW_DATA,24.999619,87.161942,74.694290
2330,LIVE,NEW_DATA,24.999619,87.161942,74.694290
2331,LIVE,NEW_DATA,24.999619,87.161942,74.694290
2332,LIVE,NEW_DATA,24.999619,87.161942,74.694290
2333,LIVE,NEW_DATA,24.999619,86.192360,74.548927
2334,LIVE,NEW_DATA,24.999619,86.192360,74.548927
2335,LIVE,NEW_DATA,24.999619,86.192360,74.548927
2336,LIVE,NEW_DATA,24.999619,86.192360,74.548927
2337,LIVE,NEW_DATA,24.999619,85.543968,75.665932
2338,LIVE,NEW_DATA,24.999619,85.543968,75.665932
2339,LIVE,NEW_DATA,24.999619,85.543968,75.665932
2340,LIVE,NEW_DATA,24.999619,85.543968,75.665932
2341,LIVE,NEW_DATA,24.999619,85.543968,75.665932
2342,LIVE,NEW_DATA,24.999619,84.566017,75.833786
2343,LIVE,NEW_DATA,24.999619,84.566017,75.833786
2344,LIVE,NEW_DATA,24.999619,84.566017,75.833786
2345,LIVE,NEW_DATA,24.999619,84.566017,75.833786
2346,LIVE,NEW_DATA,24.999619,84.566017,75.833786
2347,LIVE,NEW_DATA,24.999619,83.679344,75.413414
2348,LIVE,NEW_DATA,24.999619,83.679344,75.413414
2349,LIVE,NEW_DATA,24.999619,83.679344,75.413414
2350,LIVE,NEW_DATA,24.999619,83.679344,75.413414
2351,LIVE,NEW_DATA,24.999619,82.622009,74.685341
2352,LIVE,NEW_DATA,24.999619,82.622009,74.685341
2353,LIVE,NEW_DATA,24.999619,82.622009,74.685341
2354,LIVE,NEW_DATA,24.999619,82.622009,74.685341
2355,LIVE,NEW_DATA,24.999619,82.622009,74.685341
2356,LIVE,NEW_DATA,24.999619,81.386276,74.685341
2357,LIVE,NEW_DATA,24.999619,81.386276,74.685341
2358,LIVE,NEW_DATA,24.999619,81.386276,74.685341
2359,LIVE,NEW_DATA,24.999619,81.386276,74.685341
2360,LIVE,NEW_DATA,24.999619,81.010529,74.685341
2361,LIVE,NEW_DATA,24.999619,81.010529,74.685341
2362,LIVE,NEW_DATA,24.999619,81.010529,74.685341
2363,LIVE,NEW_DATA,24.999619,81.010529,74.685341
2364,LIVE,NEW_DATA,24.999619,81.010529,74.685341
2365,LIVE,NEW_DATA,24.999619,81.010529,72.452202
2366,LIVE,NEW_DATA,24.999619,81.010529,72.452202
2367,LIVE,NEW_DATA,24.999619,81.010529,72.452202
2368,LIVE,NEW_DATA,24.999619,81.010529,72.452202
2369,LIVE,NEW_DATA,24.999619,80.797523,73.235924
2370,LIVE,NEW_DATA,24.999619,80.797523,73.235924
2371,LIVE,NEW_DATA,24.999619,80.797523,73.235924
2372,LIVE,NEW_DATA,24.999619,80.797523,73.235924
2373,LIVE,NEW_DATA,24.999619,80.797523,73.235924
2374,LIVE,NEW_DATA,24.999619,80.797523,73.803337
2375,LIVE,NEW_DATA,24.999619,80.797523,73.803337
2376,LIVE,NEW_DATA,24.999619,80.797523,73.803337
2377,LIVE,NEW_DATA,24.999619,80.797523,73.803337
2378,LIVE,NEW_DATA,24.999619,80.649727,73.481293
2379,LIVE,NEW_DATA,24.999619,80.649727,73.481293
2380,LIVE,NEW_DATA,24.999619,80.649727,73.481293
2381,LIVE,NEW_DATA,24.999619,80.649727,73.481293
2382,LIVE,NEW_DATA,24.999619,80.649727,73.481293
2383,LIVE,NEW_DATA,24.999619,80.649727,74.089958
2384,LIVE,NEW_DATA,24.999619,80.649727,74.089958
2385,LIVE,NEW_DATA,24.999619,80.649727,74.089958
2386,LIVE,NEW_DATA,24.999619,80.649727,74.089958
2387,LIVE,NEW_DATA,24.999619,80.649727,74.089958
2388,LIVE,NEW_DATA,24.999619,80.528587,73.962379
2389,LIVE,NEW_DATA,24.999619,80.528587,73.962379
2390,LIVE,NEW_DATA,24.999619,80.528587,73.962379
2391,LIVE,NEW_DATA,24.999619,80.528587,73.962379
2392,LIVE,NEW_DATA,24.999619,80.557228,73.509712
2393,LIVE,NEW_DATA,24.999619,80.557228,73.509712
2394,LIVE,NEW_DATA,24.999619,80.557228,73.509712
2395,LIVE,NEW_DATA,24.999619,80.557228,73.509712
2396,LIVE,NEW_DATA,24.999619,80.557228,73.509712
2397,LIVE,NEW_DATA,24.999619,80.251564,73.332687
2398,LIVE,NEW_DATA,24.999619,80.251564,73.332687
2399,LIVE,NEW_DATA,24.999619,80.251564,73.332687
2400,LIVE,NEW_DATA,24.999619,80.251564,73.332687
2401,LIVE,NEW_DATA,24.999619,80.059242,71.958084
2402,LIVE,NEW_DATA,24.999619,80.059242,71.958084
2403,LIVE,NEW_DATA,24.999619,80.059242,71.958084
2404,LIVE,NEW_DATA,24.999619,80.059242,71.958084
2405,LIVE,NEW_DATA,24.999619,80.059242,71.958084
2406,LIVE,NEW_DATA,24.999619,80.439690,72.098923
2407,LIVE,NEW_DATA,24.999619,80.439690,72.098923
2408,LIVE,NEW_DATA,24.999619,80.439690,72.098923
2409,LIVE,NEW_DATA,24.999619,80.439690,72.098923
2410,LIVE,NEW_DATA,24.999619,80.439690,72.098923
2411,LIVE,NEW_DATA,24.999619,80.439690,72.098923
2412,LIVE,NEW_DATA,24.999619,80.439690,72.098923
2413,LIVE,NEW_DATA,24.999619,80.439690,72.098923
2414,LIVE,NEW_DATA,24.999619,80.439690,72.098923
2415,LIVE,NEW_DATA,24.999619,79.985458,71.638214
2416,LIVE,NEW_DATA,24.999619,79.985458,71.638214
2417,LIVE,NEW_DATA,24.999619,79.985458,71.638214
2418,LIVE,NEW_DATA,24.999619,79.985458,71.638214
2419,LIVE,NEW_DATA,24.999619,79.985458,71.638214
2420,LIVE,NEW_DATA,24.999619,80.527954,71.638214
2421,LIVE,NEW_DATA,24.999619,80.527954,71.638214
2422,LIVE,NEW_DATA,24.999619,80.527954,71.638214
2423,LIVE,NEW_DATA,24.999619,80.527954,71.638214
2424,LIVE,NEW_DATA,24.999619,80.084236,71.643913
2425,LIVE,NEW_DATA,24.999619,80.084236,71.643913
2426,LIVE,NEW_DATA,24.999619,80.084236,71.643913
2427,LIVE,NEW_DATA,24.999619,80.084236,71.643913
2428,LIVE,NEW_DATA,24.999619,80.084236,71.643913
2429,LIVE,NEW_DATA,24.999619,80.447922,71.643913
2430,LIVE,NEW_DATA,24.999619,80.447922,71.643913
2431,LIVE,NEW_DATA,24.999619,80.447922,71.643913
2432,LIVE,NEW_DATA,24.999619,80.447922,71.643913
2433,LIVE,NEW_DATA,24.999619,80.309326,71.467827
2434,LIVE,NEW_DATA,24.999619,80.309326,71.467827
2435,LIVE,NEW_DATA,24.999619,80.309326,71.467827
2436,LIVE,NEW_DATA,24.999619,80.309326,71.467827
2437,LIVE,NEW_DATA,24.999619,80.309326,71.467827
2438,LIVE,NEW_DATA,24.999619,79.894295,70.951843
2439,LIVE,NEW_DATA,24.999619,79.894295,70.951843
2440,LIVE,NEW_DATA,24.999619,79.894295,70.951843
2441,LIVE,NEW_DATA,24.999619,79.894295,70.951843
2442,LIVE,NEW_DATA,24.999619,79.894295,70.951843
2443,LIVE,NEW_DATA,24.999619,80.492317,69.726608
2444,LIVE,NEW_DATA,24.999619,80.492317,69.726608
2445,LIVE,NEW_DATA,24.999619,80.492317,69.726608
2446,LIVE,NEW_DATA,24.999619,80.492317,69.726608
2447,LIVE,NEW_DATA,24.999619,80.068398,69.153191
2448,LIVE,NEW_DATA,24.999619,80.068398,69.153191
2449,LIVE,NEW_DATA,24.999619,80.068398,69.153191
2450,LIVE,NEW_DATA,24.999619,80.068398,69.153191
2451,LIVE,NEW_DATA,24.999619,80.068398,69.153191
2452,LIVE,NEW_DATA,24.999619,80.536316,69.153191
2453,LIVE,NEW_DATA,24.999619,80.536316,69.153191
2454,LIVE,NEW_DATA,24.999619,80.536316,69.153191
2455,LIVE,NEW_DATA,24.999619,80.536316,69.153191
2456,LIVE,NEW_DATA,24.999619,80.323883,69.962051
2457,LIVE,NEW_DATA,24.999619,80.323883,69.962051
2458,LIVE,NEW_DATA,24.999619,80.323883,69.962051
2459,LIVE,NEW_DATA,24.999619,80.323883,69.962051
2460,LIVE,NEW_DATA,24.999619,80.323883,69.962051
2461,LIVE,NEW_DATA,24.999619,80.969765,71.764847
2462,LIVE,NEW_DATA,24.999619,80.969765,71.764847
2463,LIVE,NEW_DATA,24.999619,80.969765,71.764847
2464,LIVE,NEW_DATA,24.999619,80.969765,71.764847
2465,LIVE,NEW_DATA,24.999619,80.969765,71.764847
2466,LIVE,NEW_DATA,24.999619,80.969765,71.764847
2467,LIVE,NEW_DATA,24.999619,80.969765,71.764847
2468,LIVE,NEW_DATA,24.999619,80.969765,71.764847
2469,LIVE,NEW_DATA,24.999619,80.969765,71.764847
2470,LIVE,NEW_DATA,24.999619,82.983887,71.274231
2471,LIVE,NEW_DATA,24.999619,82.983887,71.274231
2472,LIVE,NEW_DATA,24.999619,82.983887,71.274231
2473,LIVE,NEW_DATA,24.999619,82.983887,71.274231
2474,LIVE,NEW_DATA,24.999619,82.983887,71.274231
2475,LIVE,NEW_DATA,24.999619,82.983887,71.841225
2476,LIVE,NEW_DATA,24.999619,82.983887,71.841225
2477,LIVE,NEW_DATA,24.999619,82.983887,71.841225
2478,LIVE,NEW_DATA,24.999619,82.983887,71.841225
2479,LIVE,NEW_DATA,24.999619,83.371689,71.962646
2480,LIVE,NEW_DATA,24.999619,83.371689,71.962646
2481,LIVE,NEW_DATA,24.999619,83.371689,71.962646
2482,LIVE,NEW_DATA,24.999619,83.371689,71.962646
2483,LIVE,NEW_DATA,24.999619,83.371689,71.962646
2484,LIVE,NEW_DATA,24.999619,83.288506,71.380058
2485,LIVE,NEW_DATA,24.999619,83.288506,71.380058
2486,LIVE,NEW_DATA,24.999619,83.288506,71.380058
2487,LIVE,NEW_DATA,24.999619,83.288506,71.380058
2488,LIVE,NEW_DATA,24.999619,83.544533,71.958664
2489,LIVE,NEW_DATA,24.999619,83.544533,71.958664
2490,LIVE,NEW_DATA,24.999619,83.544533,71.958664
2491,LIVE,NEW_DATA,24.999619,83.544533,71.958664
2492,LIVE,NEW_DATA,24.999619,83.544533,71.958664
2493,LIVE,NEW_DATA,24.999619,82.941711,71.958664
2494,LIVE,NEW_DATA,24.999619,82.941711,71.958664
2495,LIVE,NEW_DATA,24.999619,82.941711,71.958664
2496,LIVE,NEW_DATA,24.999619,82.941711,71.958664
2497,LIVE,NEW_DATA,24.999619,82.941711,71.853668
2498,LIVE,NEW_DATA,24.999619,82.941711,71.853668
2499,LIVE,NEW_DATA,24.999619,82.941711,71.853668
2500,LIVE,NEW_DATA,24.999619,82.941711,71.853668
2501,LIVE,NEW_DATA,24.999619,82.941711,71.853668
2502,LIVE,NEW_DATA,24.999619,82.921410,72.426231
2503,LIVE,NEW_DATA,24.999619,82.921410,72.426231
2504,LIVE,NEW_DATA,24.999619,82.921410,72.426231
2505,LIVE,NEW_DATA,24.999619,82.921410,72.426231
2506,LIVE,NEW_DATA,24.999619,82.921410,72.426231
2507,LIVE,NEW_DATA,24.999619,81.593384,73.391304
2508,LIVE,NEW_DATA,24.999619,81.593384,73.391304
2509,LIVE,NEW_DATA,24.999619,81.593384,73.391304
2510,LIVE,NEW_DATA,24.999619,81.593384,73.391304
2511,LIVE,NEW_DATA,24.999619,81.011978,72.426231
2512,LIVE,NEW_DATA,24.999619,81.011978,72.426231
2513,LIVE,NEW_DATA,24.999619,81.011978,72.426231
2514,LIVE,NEW_DATA,24.999619,81.011978,72.426231
2515,LIVE,NEW_DATA,24.999619,81.011978,72.426231
2516,LIVE,NEW_DATA,24.999619,80.286812,71.846245
2517,LIVE,NEW_DATA,24.999619,80.286812,71.846245
2518,LIVE,NEW_DATA,24.999619,80.286812,71.846245
2519,LIVE,NEW_DATA,24.999619,80.286812,71.846245
2520,LIVE,NEW_DATA,24.999619,79.384010,71.846245
2521,LIVE,NEW_DATA,24.999619,79.384010,71.846245
2522,LIVE,NEW_DATA,24.999619,79.384010,71.846245
2523,LIVE,NEW_DATA,24.999619,79.384010,71.846245
2524,LIVE,NEW_DATA,24.999619,79.384010,71.846245
2525,LIVE,NEW_DATA,24.999619,77.793159,71.326767
2526,LIVE,NEW_DATA,24.999619,77.793159,71.326767
2527,LIVE,NEW_DATA,24.999619,77.793159,71.326767
2528,LIVE,NEW_DATA,24.999619,77.793159,71.326767
2529,LIVE,NEW_DATA,24.999619,76.734055,71.326767
2530,LIVE,NEW_DATA,24.999619,76.734055,71.326767
2531,LIVE,NEW_DATA,24.999619,76.734055,71.326767
2532,LIVE,NEW_DATA,24.999619,76.734055,71.326767
2533,LIVE,NEW_DATA,24.999619,76.734055,71.326767
2534,LIVE,NEW_DATA,24.999619,75.389931,70.396736
2535,LIVE,NEW_DATA,24.999619,75.389931,70.396736
2536,LIVE,NEW_DATA,24.999619,75.389931,70.396736
2537,LIVE,NEW_DATA,24.999619,75.389931,70.396736
2538,LIVE,NEW_DATA,24.999619,75.389931,70.396736
2539,LIVE,NEW_DATA,24.999619,71.932281,68.452293
2540,LIVE,NEW_DATA,24.999619,71.932281,68.452293
2541,LIVE,NEW_DATA,24.999619,71.932281,68.452293
2542,LIVE,NEW_DATA,24.999619,71.932281,68.452293
2543,LIVE,NEW_DATA,24.999619,71.932281,68.452293
2544,LIVE,NEW_DATA,24.999619,71.932281,68.452293
2545,LIVE,NEW_DATA,24.999619,71.932281,68.452293
2546,LIVE,NEW_DATA,24.999619,71.932281,68.452293
2547,LIVE,NEW_DATA,24.999619,71.932281,68.452293
2548,LIVE,NEW_DATA,24.999619,71.943146,69.682976
2549,LIVE,NEW_DATA,24.999619,71.943146,69.682976
2550,LIVE,NEW_DATA,24.999619,71.943146,69.682976
2551,LIVE,NEW_DATA,24.999619,71.943146,69.682976
2552,LIVE,NEW_DATA,24.999619,71.655624,69.682976
2553,LIVE,NEW_DATA,24.999619,71.655624,69.682976
2554,LIVE,NEW_DATA,24.999619,71.655624,69.682976
2555,LIVE,NEW_DATA,24.999619,71.655624,69.682976
2556,LIVE,NEW_DATA,24.999619,71.655624,69.682976
2557,LIVE,NEW_DATA,24.999619,71.333580,70.042610
2558,LIVE,NEW_DATA,24.999619,71.333580,70.042610
2559,LIVE,NEW_DATA,24.999619,71.333580,70.042610
2560,LIVE,NEW_DATA,24.999619,71.333580,70.042610
2561,LIVE,NEW_DATA,24.999619,71.333580,70.042610
2562,LIVE,NEW_DATA,24.999619,70.850021,69.957008
2563,LIVE,NEW_DATA,24.999619,70.850021,69.957008
2564,LIVE,NEW_DATA,24.999619,70.850021,69.957008
2565,LIVE,NEW_DATA,24.999619,70.850021,69.957008
2566,LIVE,NEW_DATA,24.999619,70.445610,70.576080
2567,LIVE,NEW_DATA,24.999619,70.445610,70.576080
2568,LIVE,NEW_DATA,24.999619,70.445610,70.576080
2569,STOPPED,NEW_DATA,24.999619,70.578674,70.459267
2570,STOPPED,NEW_DATA,24.999619,70.316811,69.583763
2571,STOPPED,NEW_DATA,24.999619,70.316811,69.583763
2572,STOPPED,NEW_DATA,24.999619,70.316811,69.583763
2573,STOPPED,NEW_DATA,24.999619,70.316811,69.583763
2574,STOPPED,NEW_DATA,24.999619,70.351784,70.153587
2575,STOPPED,NEW_DATA,24.999619,70.351784,70.153587
2576,STOPPED,NEW_DATA,24.999619,70.351784,70.153587
2577,STOPPED,NEW_DATA,24.999619,70.351784,70.153587
2578,STOPPED,NEW_DATA,24.999619,70.351784,70.153587
2579,STOPPED,NEW_DATA,24.999619,69.963783,69.449898
2580,STOPPED,NEW_DATA,24.999619,69.963783,69.449898
2581,STOPPED,NEW_DATA,24.999619,69.963783,69.449898
2582,STOPPED,NEW_DATA,24.999619,69.963783,69.449898
2583,STOPPED,NEW_DATA,24.999619,69.931648,69.449898
2584,STOPPED,NEW_DATA,24.999619,69.931648,69.449898
2585,STOPPED,NEW_DATA,24.999619,69.931648,69.449898
2586,STOPPED,NEW_DATA,24.999619,69.931648,69.449898
2587,STOPPED,NEW_DATA,24.999619,69.931648,69.449898
2588,STOPPED,NEW_DATA,24.999619,69.630363,69.081833
2589,STOPPED,NEW_DATA,24.999619,69.630363,69.081833
2590,STOPPED,NEW_DATA,24.999619,69.630363,69.081833
2591,STOPPED,NEW_DATA,24.999619,69.630363,69.081833
2592,STOPPED,NEW_DATA,24.999619,69.630363,69.081833
2593,STOPPED,NEW_DATA,24.999619,69.206398,69.664696
2594,STOPPED,NEW_DATA,24.999619,69.206398,69.664696
2595,STOPPED,NEW_DATA,24.999619,69.206398,69.664696
2596,STOPPED,NEW_DATA,24.999619,69.206398,69.664696
2597,STOPPED,NEW_DATA,24.999619,68.413551,69.470268
2598,STOPPED,NEW_DATA,24.999619,68.413551,69.470268
2599,STOPPED,NEW_DATA,24.999619,68.413551,69.470268
2600,STOPPED,NEW_DATA,24.999619,68.413551,69.470268
2601,STOPPED,NEW_DATA,24.999619,68.413551,69.470268
2602,STOPPED,NEW_DATA,24.999619,68.413551,70.066467
2603,STOPPED,NEW_DATA,24.999619,68.413551,70.066467
2604,STOPPED,NEW_DATA,24.999619,68.413551,70.066467
2605,STOPPED,NEW_DATA,24.999619,68.413551,70.066467
2606,STOPPED,NEW_DATA,24.999619,67.678047,70.060684
2607,STOPPED,NEW_DATA,24.999619,67.678047,70.060684
2608,STOPPED,NEW_DATA,24.999619,67.678047,70.060684
2609,STOPPED,NEW_DATA,24.999619,67.678047,70.060684
2610,STOPPED,NEW_DATA,24.999619,67.678047,70.060684
2611,STOPPED,NEW_DATA,24.999619,68.372215,71.725166
2612,STOPPED,NEW_DATA,24.999619,68.372215,71.725166
2613,STOPPED,NEW_DATA,24.999619,68.372215,71.725166
2614,STOPPED,NEW_DATA,24.999619,68.372215,71.725166
2615,STOPPED,NEW_DATA,24.999619,68.372215,71.725166
2616,STOPPED,NEW_DATA,24.999619,68.372215,71.725166
2617,STOPPED,NEW_DATA,24.999619,68.372215,71.725166
2618,STOPPED,NEW_DATA,24.999619,68.372215,71.725166
2619,STOPPED,NEW_DATA,24.999619,68.372215,71.725166
2620,STOPPED,NEW_DATA,24.999619,68.372215,71.725166
2621,STOPPED,NEW_DATA,24.999619,68.940308,71.751610
2622,STOPPED,NEW_DATA,24.999619,68.940308,71.751610
2623,STOPPED,NEW_DATA,24.999619,68.940308,71.751610
2624,STOPPED,NEW_DATA,24.999619,68.940308,71.751610
2625,STOPPED,NEW_DATA,24.999619,68.940308,71.751610
2626,STOPPED,NEW_DATA,24.999619,68.940308,71.751610
2627,STOPPED,NEW_DATA,24.999619,68.940308,71.751610
2628,STOPPED,NEW_DATA,24.999619,68.940308,71.751610
2629,STOPPED,NEW_DATA,24.999619,68.940308,71.751610
2630,STOPPED,NEW_DATA,24.999619,68.940308,71.751610
2631,STOPPED,NEW_DATA,24.999619,68.771477,72.370514
2632,STOPPED,NEW_DATA,24.999619,68.771477,72.370514
2633,STOPPED,NEW_DATA,24.999619,68.771477,72.370514
2634,STOPPED,NEW_DATA,24.999619,68.771477,72.370514
2635,STOPPED,NEW_DATA,24.999619,68.771477,72.370514
2636,STOPPED,NEW_DATA,24.999619,68.771477,72.370514
2637,STOPPED,NEW_DATA,24.999619,68.771477,72.370514
2638,STOPPED,NEW_DATA,24.999619,68.771477,72.370514
2639,STOPPED,NEW_DATA,24.999619,68.771477,72.370514
2640,STOPPED,NEW_DATA,24.999619,68.771477,72.370514
2641,STOPPED,NEW_DATA,24.999619,68.551773,72.438843
2642,STOPPED,NEW_DATA,24.999619,68.551773,72.438843
2643,STOPPED,NEW_DATA,24.999619,68.551773,72.438843
2644,STOPPED,NEW_DATA,24.999619,68.551773,72.438843
2645,STOPPED,NEW_DATA,24.999619,68.551773,72.438843
2646,STOPPED,NEW_DATA,24.999619,71.515167,72.438843
2647,STOPPED,NEW_DATA,24.999619,71.515167,72.438843
2648,STOPPED,NEW_DATA,24.999619,71.515167,72.438843
2649,STOPPED,NEW_DATA,24.999619,71.515167,72.438843
2650,STOPPED,NEW_DATA,24.999619,71.515167,72.438843
2651,STOPPED,NEW_DATA,24.999619,72.368881,71.477394
2652,STOPPED,NEW_DATA,24.999619,72.368881,71.477394
